"candidate","k_min","k_m2","A","B","Phi050","nearest_pair_multiplicity","pair_indices","design_sha256"
1,1,13.2727272727273,0,0.625,0.3125,12,"1;2;3;4;5;6","7325808b0a2a1fbd340492a2a57cabe93b33dfca5c34968357a087c05fef842d"
2,1,13.030303030303,0,0.708333333333333,0.354166666666667,10,"1;2;3;4;5;7","7c9cd43684f7b444ba4e3f599190f772d992cbf6bcb9590260de907e721643a4"
3,1,13.0909090909091,0,0.6875,0.34375,10,"1;2;3;4;5;8","ac78bd1f51646ca536129fbe232aa027557bdd1558cabb79f8b377c89c1e1cc5"
4,1,12.8484848484848,0,0.770833333333334,0.385416666666667,8,"1;2;3;4;5;9","3624d554b15dbc408ad2fde93971c7c65ee77c46f5c0aaccacae8ed2a1901010"
5,1,13.030303030303,0,0.708333333333333,0.354166666666667,10,"1;2;3;4;5;10","d1b70e5dc710910aad90ea6c1a63aec93e55a918c098a5eeb0448864a3ff70ab"
6,1,13.0909090909091,0,0.6875,0.34375,10,"1;2;3;4;5;11","13a7138ca253a0adcc63b8f17275af18c9d1355170c0bebd6ea19971d2fbbcfd"
7,1,13.030303030303,0,0.708333333333333,0.354166666666667,10,"1;2;3;4;5;12","8c23c68e9a6d9bacf9c733ad3e28116115e2143fb6418f67b4652d703e954c65"
8,1,13.0909090909091,0,0.6875,0.34375,10,"1;2;3;4;6;7","aeaeb55973d4ae551edac180eeb0ae0e43b78c8ba97f28dd5a8c10765831ecb0"
9,1,13.030303030303,0,0.708333333333333,0.354166666666667,10,"1;2;3;4;6;8","f2b42f427916df4bb52fa220596951a5d1f5d2b420304e379ca57c66e106b1ba"
10,1,13.030303030303,0,0.708333333333333,0.354166666666667,10,"1;2;3;4;6;9","7a94ef5239922235d2accf454729d4b94d5201971cb7880ffcbe60a4f7e37f41"
11,1,13.0909090909091,0,0.6875,0.34375,10,"1;2;3;4;6;10","1b9b5c9d088df5a35cec24a2ffac09b92fdaf9021175b5c5dc34c4cd23f58871"
12,1,13.030303030303,0,0.708333333333333,0.354166666666667,10,"1;2;3;4;6;11","9270d76a585d8906444ac0b462c6fdfa4198526ae9d8d8ec3aa1c77398d30412"
13,1,12.8484848484848,0,0.770833333333334,0.385416666666667,8,"1;2;3;4;6;12","e4c2e314e88236a60b6368dddf517fea2f413d1fd414b8b725999279d86085e5"
14,1,13.2727272727273,0,0.625,0.3125,12,"1;2;3;4;7;8","5710f984362933c3b3b7005df1d040cb2b4380426fdcbdde8243d44977c0f69a"
15,1,13.030303030303,0,0.708333333333333,0.354166666666667,10,"1;2;3;4;7;9","18dba21f21d30a8f56f1010f5e9918232ed1632e781444dcd38976cb33cb31ed"
16,1,13.0909090909091,0,0.6875,0.34375,10,"1;2;3;4;7;10","0e8afe93f3e86d6f9fde987eb61733bb306c0775b91810164c10db4947a4291f"
17,1,13.030303030303,0,0.708333333333333,0.354166666666667,10,"1;2;3;4;7;11","6589c231d762968095100b7cee1deae0473659929316687ae66b83d8e5a5271e"
18,1,12.8484848484848,0,0.770833333333334,0.385416666666667,8,"1;2;3;4;7;12","b30296b121332bf4ed223aeaea8bed6431a852f525c79e03e94d2dcf4f6cb2aa"
19,1,12.8484848484848,0,0.770833333333334,0.385416666666667,8,"1;2;3;4;8;9","2d58d051e16f07ce6d4546fd57a69128eaa8862b3f4b2665e0017633b34b16ad"
20,1,13.2727272727273,0,0.625,0.3125,12,"1;2;3;4;8;10","a554ef99bd737ecbf61816386a392e23dd221318d2a0dd2838f0cadd90d8b824"
21,1,13.0909090909091,0,0.6875,0.34375,10,"1;2;3;4;8;11","67eb6e0af3a03501933489d91895c726060274d69fb268e65825b6cad954eedd"
22,1,12.7878787878788,0,0.791666666666667,0.395833333333333,8,"1;2;3;4;8;12","47e219c733392866214fa21df4a0c664b75aa9aed33a00c2d80f516a7934d0b3"
23,1,12.7878787878788,0,0.791666666666667,0.395833333333333,8,"1;2;3;4;9;10","5af2d56ea37a2e5971a9b4a303c2b6504391b5254f54570cafcd24ccb115dc57"
24,1,12.8484848484848,0,0.770833333333334,0.385416666666667,8,"1;2;3;4;9;11","0b8c6bc93aeee8b8a23e006667ec46997fedaacb47101f69cd2e172c5e892630"
25,1,12.7878787878788,0,0.791666666666667,0.395833333333333,8,"1;2;3;4;9;12","2d55b519fc704a04b341f5c557729609a2d85ff17be4ddc695421c954b5a327f"
26,1,13.2727272727273,0,0.625,0.3125,12,"1;2;3;4;10;11","cf9e23333540c3646dfcfaf330ce7e6be383a4f4d5513fc58ee2b5346db1089a"
27,1,12.8484848484848,0,0.770833333333334,0.385416666666667,8,"1;2;3;4;10;12","c78febe6eb8c1baeb036add6d1c4e74a4b6c129e1837d57bff8bb331010dea14"
28,1,13.030303030303,0,0.708333333333333,0.354166666666667,10,"1;2;3;4;11;12","95ab1de81fcad5b04a4206ed9281eecc2e6cdf907a9b7dd5bf7f16860c6eecee"
29,1,13.0909090909091,0,0.6875,0.34375,10,"1;2;3;5;6;7","7abefe01ff1673f55a038d2ffc60cfc2e9ad2ebf894191ad3b0aacb8b71f81a8"
30,1,13.030303030303,0,0.708333333333333,0.354166666666667,10,"1;2;3;5;6;8","df0400c56008b4830dad21bc14e18a558b8cf28fbcbdb287771b6c88e8832a02"
31,1,13.030303030303,0,0.708333333333333,0.354166666666667,10,"1;2;3;5;6;9","4a8ccb773a512997153ca40cb8da3da4530b3e002bacc69f0b61ec7078ad9f3d"
32,1,12.8484848484848,0,0.770833333333334,0.385416666666667,8,"1;2;3;5;6;10","a01926e22fd82894a4c1f9a1bee5b616d4db424f7764cb79de9aa5332d763213"
33,1,13.030303030303,0,0.708333333333333,0.354166666666667,10,"1;2;3;5;6;11","32e3647e0904f0549da108003b9c276dbac36992a02a42a3e1a3692c85803634"
34,1,13.0909090909091,0,0.6875,0.34375,10,"1;2;3;5;6;12","57f789567d1172f1b177cb0735913c36d392e1354c519b2dc37f68bc789fa060"
35,1,13.2727272727273,0,0.625,0.3125,12,"1;2;3;5;7;8","eff763ea8e1691dee0c7e0c5cc6006b68a99bc44076219a73db55a560b659132"
36,1,13.030303030303,0,0.708333333333333,0.354166666666667,10,"1;2;3;5;7;9","cfe82211b36078658659c56f3ffc0f549faec9f94767ecdc1b1e8462bbc4ae11"
37,1,12.8484848484848,0,0.770833333333334,0.385416666666667,8,"1;2;3;5;7;10","b47a7833693b9eca2e5cb42a391d2a192e0fb23a39c99415873172dfaecebccf"
38,1,13.030303030303,0,0.708333333333333,0.354166666666667,10,"1;2;3;5;7;11","89c67be846193c0f9ff291a916b208880da546da4bdbda4b7a11299db336144a"
39,1,13.0909090909091,0,0.6875,0.34375,10,"1;2;3;5;7;12","4278c1ef750125e2a238646bc2e82dc70515480a0e2942722858d3310eb03a56"
40,1,12.8484848484848,0,0.770833333333334,0.385416666666667,8,"1;2;3;5;8;9","d22613b511702019a63de28033f61a95716ead2e1d93c377370cad6f87397391"
41,1,13.030303030303,0,0.708333333333333,0.354166666666667,10,"1;2;3;5;8;10","cdda2c76119cef0e5966ec3dd45e055e46fa0d65a6bab5f0abf59abcf5325496"
42,1,13.0909090909091,0,0.6875,0.34375,10,"1;2;3;5;8;11","184a4d35ce69808e82d5bb4b03cbc4e4a903af2aa2fdc49349bb3b0328423913"
43,1,13.030303030303,0,0.708333333333333,0.354166666666667,10,"1;2;3;5;8;12","a58bb5a4d0ff47f5fcb045065d093dd09ad37cc53d0e5ab686749bc15d1b9c5b"
44,1,12.5454545454545,0,0.875,0.4375,6,"1;2;3;5;9;10","c3ce48e9eb4b73e2c4cc47a327ac0cbbd04e7880047662eba6cc9c1afd63d000"
45,1,12.8484848484848,0,0.770833333333334,0.385416666666667,8,"1;2;3;5;9;11","230870322ec3b20ebd367b21bd69e3624028e9496d8cd47e527d83e542f44296"
46,1,13.030303030303,0,0.708333333333333,0.354166666666667,10,"1;2;3;5;9;12","52f65ce8ffd739e94f4d1f2aa9a90065753a9e97658cd690835763a8c2bdbd9d"
47,1,13.030303030303,0,0.708333333333333,0.354166666666667,10,"1;2;3;5;10;11","26e1015e9261105c55e5c4df10ca1c5374eb94051e4c053eaac39cf24ec5fc53"
48,1,12.8484848484848,0,0.770833333333334,0.385416666666667,8,"1;2;3;5;10;12","76d69d9a268af255eef50a6a18b81ac8a21a6f405f61dfba5e4c37473713ab29"
49,1,13.2727272727273,0,0.625,0.3125,12,"1;2;3;5;11;12","f6ad13c6d54ae876c0bfa6ba7c3254f7cf7e3a7bbde0d903a5320af8a8a6f155"
50,1,13.0909090909091,0,0.6875,0.34375,10,"1;2;3;6;7;8","22ab107d461b7c65348523d2ccc254478b02671d5fe7c95ebc9d297aab65a98d"
51,1,13.0909090909091,0,0.6875,0.34375,10,"1;2;3;6;7;9","2c9beeab81145986d4cf7f5d5a87ab6e404b130c7f8a6396258610de3066a065"
52,1,12.7878787878788,0,0.791666666666667,0.395833333333333,6,"1;2;3;6;7;10","ef00ab7b1ff99f4b7769058355206e42f45be21fef3dff6fab2431c5ddd0034c"
53,1,12.8484848484848,0,0.770833333333334,0.385416666666667,8,"1;2;3;6;7;11","d0b073f91ef51bab4913acb9ac712cf66df8ecccd9eefbee464ddc874295b1ea"
54,1,12.7878787878788,0,0.791666666666667,0.395833333333333,6,"1;2;3;6;7;12","795f924e1d47eb77b5b963cb3b4ece8f9e430ebf846d487cb4c3f2da52bc3402"
55,1,12.7878787878788,0,0.791666666666667,0.395833333333333,8,"1;2;3;6;8;9","2dd2e3f0cedbf90a8ba234d02b1d5001224361a3812ffb016d8e940c18dfe625"
56,1,12.8484848484848,0,0.770833333333334,0.385416666666667,8,"1;2;3;6;8;10","c9705b2cb67ffef5c5ff7ce3bca6ed234eaaf9a97c42f992245da0443b6efdf1"
57,1,12.7878787878788,0,0.791666666666667,0.395833333333333,8,"1;2;3;6;8;11","2e7f5c065121231f0cf180569e61de06faa9148808612a0efbf8ec1caf935091"
58,1,12.6060606060606,0,0.854166666666667,0.427083333333333,6,"1;2;3;6;8;12","462f69e04ff97eb5adfefe4dd03bdc06eeb2754a24e6905a49ee5f8a5d8821fc"
59,1,12.6060606060606,0,0.854166666666667,0.427083333333333,6,"1;2;3;6;9;10","96af0ce191a98a98a6d10f29228009cdf7108f2facb810bd93688be944ed7e99"
60,1,12.7878787878788,0,0.791666666666667,0.395833333333333,8,"1;2;3;6;9;11","578a5ccc934e463609a694fe9b319a954848a4dd4a5c226c8091018ba202a438"
61,1,12.8484848484848,0,0.770833333333334,0.385416666666667,8,"1;2;3;6;9;12","f67efbb9aa238abcd4cd69f2ccc9169a8c31d0854810198635c39160ebdc5ce3"
62,1,12.8484848484848,0,0.770833333333334,0.385416666666667,8,"1;2;3;6;10;11","98e783c96b1acd28db86f1fff8438a0ca9310dc6d883f0352c3f72efd3e3a755"
63,1,12.5454545454545,0,0.875,0.4375,4,"1;2;3;6;10;12","f8ee1c7095cf7515e429cf1650f7bf3d923f379cf72e5685d7704049cc9f42b6"
64,1,12.8484848484848,0,0.770833333333334,0.385416666666667,8,"1;2;3;6;11;12","75e2acf17dd07698d2a3b968003a182c9fb7d35cddc86edde51029d9cad81c5d"
65,1,13.2727272727273,0,0.625,0.3125,12,"1;2;3;7;8;9","861e0de9dfdee61e58a6f26d1e321d69f1ccd736b0e142cdb795678b1febf681"
66,1,13.3333333333333,0,0.604166666666667,0.302083333333333,12,"1;2;3;7;8;10","59cdfbd0b39edecd148093e614255a454cda2d83a60b0b0d3eece6fef9914f9f"
67,1,13.2727272727273,0,0.625,0.3125,12,"1;2;3;7;8;11","4b1daba71891f0c88b7d07efd8a53fee1236f8710649684bddb9048319cbdba8"
68,1,13.0909090909091,0,0.6875,0.34375,10,"1;2;3;7;8;12","58ff4f7522a953be1647136bade25911b7eb80a956c551757f6d97e6dc84bdc7"
69,1,12.8484848484848,0,0.770833333333334,0.385416666666667,8,"1;2;3;7;9;10","926ebef367ff3beb7718e335be881362698d67aadba05bfd469e6264c48eaab4"
70,1,13.030303030303,0,0.708333333333333,0.354166666666667,10,"1;2;3;7;9;11","e946ace33449df952cf40fb1d64d63704054f6c1208fa8721cbf822ec982882a"
71,1,13.0909090909091,0,0.6875,0.34375,10,"1;2;3;7;9;12","7f0aaf7d34bcd8334da0de2c84cdbdea5a83265fce62bcf2c8202b84887d5a7a"
72,1,13.0909090909091,0,0.6875,0.34375,10,"1;2;3;7;10;11","17259c9cb543449fe663d75833265a598c133e473844c8a4fda1e7d7114e5a83"
73,1,12.7878787878788,0,0.791666666666667,0.395833333333333,6,"1;2;3;7;10;12","bd90db83f1d47f6540cf64ced8f7beeee85d7944623668dca7c315b42998effe"
74,1,13.0909090909091,0,0.6875,0.34375,10,"1;2;3;7;11;12","effdd552ef8def5daa800b2565dc75db615eb4fa7dbfcdeddf321466deef9a60"
75,1,12.7878787878788,0,0.791666666666667,0.395833333333333,8,"1;2;3;8;9;10","b5352ebe201e6e46a1433e8be8026c930042855a3c6036847a52dec6cff4e63c"
76,1,12.8484848484848,0,0.770833333333334,0.385416666666667,8,"1;2;3;8;9;11","7e6b87eaa38b99b7a1c699225673292ecf35cc9415d5aa7e7f7c7bd6fff850a1"
77,1,12.7878787878788,0,0.791666666666667,0.395833333333333,8,"1;2;3;8;9;12","e0e8f0ec6b3e358b735acbb55e3cb59e4d8e25d2bd997f4fc7731c6aac4622ab"
78,1,13.2727272727273,0,0.625,0.3125,12,"1;2;3;8;10;11","d679da802c5eaa47dbed5b95e4f9f7ec597cf24aea81f7502efc4a67b391455a"
79,1,12.8484848484848,0,0.770833333333334,0.385416666666667,8,"1;2;3;8;10;12","bf9a8754dab66fc0992e2e0793547f612e1af6775645157ee1e2d1bddd750e05"
80,1,13.030303030303,0,0.708333333333333,0.354166666666667,10,"1;2;3;8;11;12","846fdf55f607b8d6a64d112ab8ba568c238014663810865753e0d15c68a2888b"
81,1,12.7878787878788,0,0.791666666666667,0.395833333333333,8,"1;2;3;9;10;11","75bb6a502945c90a104eadc54c028f747ff6f154627a3ac02bcc2bfda31822da"
82,1,12.6060606060606,0,0.854166666666667,0.427083333333333,6,"1;2;3;9;10;12","553c2f216ac2a18f25906bc46d112256109c7387dda4026ac824c7e50bbd4f6e"
83,1,13.030303030303,0,0.708333333333333,0.354166666666667,10,"1;2;3;9;11;12","065e9e9e59341d939592ad9f87471602a00276c0c8d8a5942bf288b44c08b859"
84,1,13.0909090909091,0,0.6875,0.34375,10,"1;2;3;10;11;12","bc78119c2f2bf9513c6529de6224fabadeebafba415a50b22ef33e5e48b1c2f0"
85,1,13.030303030303,0,0.708333333333333,0.354166666666667,10,"1;2;4;5;6;7","1effb99f1b537b31ece3a9469531534600e61d5b5a20afeb7de8412114154e6e"
86,1,13.0909090909091,0,0.6875,0.34375,10,"1;2;4;5;6;8","bf9463d66dc595ceff014add849b2881d89b0c7f5de2a92c8e7b1ae69d597cc9"
87,1,13.0909090909091,0,0.6875,0.34375,10,"1;2;4;5;6;9","5ec7cfd446e8a2b484de025f45efb853320a68eddb9e2990b81589bfb9b96818"
88,1,13.030303030303,0,0.708333333333333,0.354166666666667,10,"1;2;4;5;6;10","a6f69fb02a6b69264e790b0277c406a9f9e22b7ffcfd1d4f5b528237b179d10b"
89,1,12.8484848484848,0,0.770833333333334,0.385416666666667,8,"1;2;4;5;6;11","553c6d0a72260e3736445ae72b9cd6fa076c56bfe9526298129eeaf8f4ede8d6"
90,1,13.030303030303,0,0.708333333333333,0.354166666666667,10,"1;2;4;5;6;12","a3ccf922d149c76973024d7a73ffcea2d8e297ab4812554ce4eba1abfadb9e9e"
91,1,13.0909090909091,0,0.6875,0.34375,10,"1;2;4;5;7;8","073bf2fd311e59c3aa44801ea75eaef947a3002dafe67549ecac1de98fb0ab3b"
92,1,12.8484848484848,0,0.770833333333334,0.385416666666667,8,"1;2;4;5;7;9","26d75ad088320b1f0ab2aa12c9f41dc968664e02183b613cdee78ad20ea6daa8"
93,1,12.7878787878788,0,0.791666666666667,0.395833333333333,8,"1;2;4;5;7;10","500a1423bc5fbbbb7b652b48349309105716694357fffd7dcca9fb58805011b4"
94,1,12.6060606060606,0,0.854166666666667,0.427083333333333,6,"1;2;4;5;7;11","26b30598fd11b0922a4a32964c04e72a848d49030dd31cdafb0eea757030723d"
95,1,12.7878787878788,0,0.791666666666667,0.395833333333333,8,"1;2;4;5;7;12","467519075159dbf18414b9ef56696760c9cdd1b2b4df49f2e69b0aca7b92d45c"
96,1,12.7878787878788,0,0.791666666666667,0.395833333333333,6,"1;2;4;5;8;9","d841f8ad7dafaeda9d9045c259c0f811611c66122dc1ee483e4d47b3a960f36c"
97,1,13.0909090909091,0,0.6875,0.34375,10,"1;2;4;5;8;10","f66189a5a5a9b0b6cbc259633df73ccb2c2eea078ce77db62b0281fe915dd942"
98,1,12.7878787878788,0,0.791666666666667,0.395833333333333,6,"1;2;4;5;8;11","866032169e2867d07475c2f241c1a9f479026bb5e6eaf67bbc030273fdea5240"
99,1,12.8484848484848,0,0.770833333333334,0.385416666666667,8,"1;2;4;5;8;12","596ccd680754bd20103dc86d02da9c14d2aaf86012ea73d95969d1e337e9ca32"
100,1,12.6060606060606,0,0.854166666666667,0.427083333333333,6,"1;2;4;5;9;10","df165cadc63a43bd739067fd4dbda46fe0d8afa315d41acae6332fe74b992f98"
101,1,12.5454545454545,0,0.875,0.4375,4,"1;2;4;5;9;11","9ac116c5a116616b5245a314c1427f92e78fefcb06ab57aa531a859805ecf82b"
102,1,12.8484848484848,0,0.770833333333334,0.385416666666667,8,"1;2;4;5;9;12","1e9fa9413e380a134701da8f481da84d9933cd8a5397e71cf2a5169d5cd5959a"
103,1,12.8484848484848,0,0.770833333333334,0.385416666666667,8,"1;2;4;5;10;11","70ebdfeca5afeb5cfdbcf9567e87a1c6f8713613a1afe3eddfd1c9ee4c8e972b"
104,1,12.7878787878788,0,0.791666666666667,0.395833333333333,8,"1;2;4;5;10;12","070d63510d97d8f9ca1312674bda6bd816762b2e547cb17f0b6207809bef2dd1"
105,1,12.8484848484848,0,0.770833333333334,0.385416666666667,8,"1;2;4;5;11;12","9415abdff6b454a424da15f341a265f0ad5a84ebac0f5a3e45d06ba2551a2b32"
106,1,13.030303030303,0,0.708333333333333,0.354166666666667,10,"1;2;4;6;7;8","b9b479de32d4c47ebcf895f57e6e99f9e8fc7489380d141584a3564f15f0ab1c"
107,1,13.030303030303,0,0.708333333333333,0.354166666666667,10,"1;2;4;6;7;9","e38ce7767cb4fe122d6ba63383398630c9e68d4f7e8f85b88543e77c6851533b"
108,1,12.8484848484848,0,0.770833333333334,0.385416666666667,8,"1;2;4;6;7;10","b3ff42d305268a1857ae328a69b3c23b74cda73520123baf7cd8b3055c14cb18"
109,1,12.5454545454545,0,0.875,0.4375,6,"1;2;4;6;7;11","776586bc81eaf647de7c8f600b9a32920fcf1d9ecf7a5da87e42b7ec39047115"
110,1,12.6060606060606,0,0.854166666666667,0.427083333333333,6,"1;2;4;6;7;12","47276d350515e84e95bb81065ef572003f0b3756a031aed500e89e34cbb244b5"
111,1,12.8484848484848,0,0.770833333333334,0.385416666666667,8,"1;2;4;6;8;9","7bd1c05eb644810fa4cd4644b7a9c98ab5f3d61fa1daafcc3a1490648b7391ae"
112,1,13.030303030303,0,0.708333333333333,0.354166666666667,10,"1;2;4;6;8;10","240e1cd52ae82cc26e0177923f757a8791c144566358c4ea637b55b351384d1b"
113,1,12.6060606060606,0,0.854166666666667,0.427083333333333,6,"1;2;4;6;8;11","66dc07c2dc3a3132030f4034467406c41005e2110a5be3dc70c3451416c5d717"
114,1,12.5454545454545,0,0.875,0.4375,6,"1;2;4;6;8;12","794553490cc49d1664c615151c5fd5f6b35d2eabf71f23e8fbd6b167b0a35d83"
115,1,12.7878787878788,0,0.791666666666667,0.395833333333333,8,"1;2;4;6;9;10","76a205208099de5fb335a14529db5edced3cead4a09881f7d7f6648255cf4fc6"
116,1,12.6060606060606,0,0.854166666666667,0.427083333333333,6,"1;2;4;6;9;11","b5962769325990f26ff319348f5751976627e3f8b108252d42a0cee0fb6ace3f"
117,1,12.7878787878788,0,0.791666666666667,0.395833333333333,8,"1;2;4;6;9;12","aa7f8b278cb09fea8328987f30b4e9fa6d8a61c7c08f7e2b4145dd23f09cd051"
118,1,12.7878787878788,0,0.791666666666667,0.395833333333333,8,"1;2;4;6;10;11","f4670e9aa4b8d5d324e14b95656eacc05d1f9ab1800103b3398b14807acc7c56"
119,1,12.6060606060606,0,0.854166666666667,0.427083333333333,6,"1;2;4;6;10;12","682b461ce5c8c96241f063e38e0f6117ae5ee908184e0616b279a8873f478fc2"
120,1,12.5454545454545,0,0.875,0.4375,6,"1;2;4;6;11;12","1dcec83b44712586fb1176e4f96af88b074cdf8007894f5d7c13dbb73521e4b9"
121,1,13.0909090909091,0,0.6875,0.34375,10,"1;2;4;7;8;9","4a9252401ef8e0f099320c1898aa5a81968b6b5529686c072f9fbb29c1a4530b"
122,1,13.2727272727273,0,0.625,0.3125,12,"1;2;4;7;8;10","85c469c81e0a8c91113374e7775c1561c434702233ed3565cb7b4bb49fa4c064"
123,1,12.8484848484848,0,0.770833333333334,0.385416666666667,8,"1;2;4;7;8;11","870d39b1fbc13f142b6a7451f68089f61e9680cff5b3a498c1e5b7bb8acae741"
124,1,12.7878787878788,0,0.791666666666667,0.395833333333333,8,"1;2;4;7;8;12","9177b92a6c93fa53cc7bf66be1f23c961622f7dcd39243483e07d51ffa441450"
125,1,12.7878787878788,0,0.791666666666667,0.395833333333333,8,"1;2;4;7;9;10","d714c9bdaee51e6e37bcc77f920d894bcabd981aef5a173dc5dee1d799d25fc5"
126,1,12.6060606060606,0,0.854166666666667,0.427083333333333,6,"1;2;4;7;9;11","49d4d8ddae8c03dd17bfeb1a3b85b36a548e9503d324e5bdb5f96c691148f25d"
127,1,12.7878787878788,0,0.791666666666667,0.395833333333333,8,"1;2;4;7;9;12","c3bf440f3fdac3fd9f91c26a5b83dd71a5d31d5f2adbf3266b306acd777ed8fa"
128,1,12.7878787878788,0,0.791666666666667,0.395833333333333,8,"1;2;4;7;10;11","cb1e97aae2de6b5331f165e1c7bd9776f97052ed0ebe8be8e1f5b64fdf580d73"
129,1,12.6060606060606,0,0.854166666666667,0.427083333333333,6,"1;2;4;7;10;12","ce3beaf1abec18737658be37a9899afdbae13593d8597b21fc3a7c1b659fb777"
130,1,12.5454545454545,0,0.875,0.4375,6,"1;2;4;7;11;12","494a5cc8d9504c32a866e825c820cef65de9be4a0e4890b808ff2434b87988ba"
131,1,12.8484848484848,0,0.770833333333334,0.385416666666667,8,"1;2;4;8;9;10","6c8aa5acf98cb5eacfbf61b4d745404172ea8e3d5f346f5a7fd2282b6e5a5778"
132,1,12.5454545454545,0,0.875,0.4375,4,"1;2;4;8;9;11","d80ee63c8d24fbc7f9b6fa8c4492f855c0b425c7474706d6b79a262b4ad5f4e8"
133,1,12.6060606060606,0,0.854166666666667,0.427083333333333,6,"1;2;4;8;9;12","e9e2755deed1c8c936148bb9b87f2fc390f72378939dbb30c48c85e011668545"
134,1,13.0909090909091,0,0.6875,0.34375,10,"1;2;4;8;10;11","5c2b23af1b4b7654a7cedabd09b63be9067340a28f089d95bc0341327cccb5a2"
135,1,12.7878787878788,0,0.791666666666667,0.395833333333333,8,"1;2;4;8;10;12","365a41a93dde80bfe9e232bf39c9f13bdd46ff6bfb1c93cac3b6acd892da0a35"
136,1,12.6060606060606,0,0.854166666666667,0.427083333333333,6,"1;2;4;8;11;12","57af95aa1f5e2fb9c10b22da61b9c00d0f64d29308e327ffa970fa00c8bebcb6"
137,1,12.6060606060606,0,0.854166666666667,0.427083333333333,6,"1;2;4;9;10;11","65678df8f09c67a6697abdedba4d0976c60beaa4c5c5248da7eb1aa3253654b2"
138,1,12.5454545454545,0,0.875,0.4375,6,"1;2;4;9;10;12","19ff53f020d6a9f97c83b45e0bdce1e764fd600d44b124adbe25a030f7d755a5"
139,1,12.6060606060606,0,0.854166666666667,0.427083333333333,6,"1;2;4;9;11;12","74d940b114c22e859dac9280118ddf06f1d44d35a8cf6231a411894706f0744e"
140,1,12.7878787878788,0,0.791666666666667,0.395833333333333,8,"1;2;4;10;11;12","db3ec0f6a1baecb6f58c2d64873b5deecb653c4131c58f224fb1ef2f02ebd8ca"
141,1,13.2727272727273,0,0.625,0.3125,12,"1;2;5;6;7;8","7e364a97d02fe0901fe73b30d74cde4ec998acf2b68e868ed1d4fedb14616313"
142,1,13.2727272727273,0,0.625,0.3125,12,"1;2;5;6;7;9","883fbaf22beb06dc7de7cdf845f277b94805f9ee726daf7a71b4a66d89f0625b"
143,1,12.8484848484848,0,0.770833333333334,0.385416666666667,8,"1;2;5;6;7;10","4a1ae226165c5c16a80c596e579788a9798e39e11cb3de99d630f26f46bbad7d"
144,1,12.7878787878788,0,0.791666666666667,0.395833333333333,8,"1;2;5;6;7;11","5b132df0833b123eeef567f56b2947035b56ffc9c7232a7be1a3d28248fb46e6"
145,1,13.0909090909091,0,0.6875,0.34375,10,"1;2;5;6;7;12","b53e74083aacd96c084386ed9580974ad6b449e1181e8b73f2d928d5777fe308"
146,1,13.0909090909091,0,0.6875,0.34375,10,"1;2;5;6;8;9","d080930559e98140c8288dee46f963bdc2588a217592aece2b73ae8b0f520658"
147,1,13.030303030303,0,0.708333333333333,0.354166666666667,10,"1;2;5;6;8;10","266026549bcd858a23d9714989ca86eea8911571baebe1432685ac12cd1b77ce"
148,1,12.8484848484848,0,0.770833333333334,0.385416666666667,8,"1;2;5;6;8;11","0d692a3cc1ad21b6e26a98785824a046a8f161b94c64a823626e820ad243a75b"
149,1,13.030303030303,0,0.708333333333333,0.354166666666667,10,"1;2;5;6;8;12","e651f71eeb116bfa907c4dc7893e8770b5ac33b212100bfaa646e41a4925e170"
150,1,12.7878787878788,0,0.791666666666667,0.395833333333333,8,"1;2;5;6;9;10","071c1754c52d3cd2801d9f3c4db3303a97e0629c23e488a9aed87a76c9dea66e"
151,1,12.8484848484848,0,0.770833333333334,0.385416666666667,8,"1;2;5;6;9;11","f466d59d2d02661ba56387495732ace325c7a79b48708e88a249111fd2914ce1"
152,1,13.2727272727273,0,0.625,0.3125,12,"1;2;5;6;9;12","917ef9099d530415c244f00bdb009ccf57801ce557e9cf92a4fb39bca57d2d6d"
153,1,12.7878787878788,0,0.791666666666667,0.395833333333333,8,"1;2;5;6;10;11","4b78da47bfeeb225d31cdc2056d1fb5e30182c0601512642b1125fd631a02004"
154,1,12.8484848484848,0,0.770833333333334,0.385416666666667,8,"1;2;5;6;10;12","8c98b503ff3210d65bff7636c3d4ae2eb947196b014ff525cadbfb063c82f0e2"
155,1,13.030303030303,0,0.708333333333333,0.354166666666667,10,"1;2;5;6;11;12","8df0317c4ebba860f51d88cc37147b7ed9deb751c9ca8dedc68befc20f9d7a9f"
156,1,13.3333333333333,0,0.604166666666667,0.302083333333333,12,"1;2;5;7;8;9","277b8e04bd9a48affa04eb1dbf8357800be292265ca8977b088d719a5d5ad411"
157,1,13.2727272727273,0,0.625,0.3125,12,"1;2;5;7;8;10","9f608ff93970fd55a282de6e14cf4812717506e54f0d74c5a32cf55a12ada8bb"
158,1,13.0909090909091,0,0.6875,0.34375,10,"1;2;5;7;8;11","ce247c5fa8cc322d9e237e9962444c36772687b8465abc58d9c02d969dc2b1e8"
159,1,13.2727272727273,0,0.625,0.3125,12,"1;2;5;7;8;12","c7006fe483a5e9b68fbee6410e254cf8212ca6d682fe31891b0b48204c5bac0f"
160,1,12.7878787878788,0,0.791666666666667,0.395833333333333,8,"1;2;5;7;9;10","c30cd8819f1d2529eefaed15b2438859eca8989efeb16cddc64e7c30990f95e5"
161,1,12.8484848484848,0,0.770833333333334,0.385416666666667,8,"1;2;5;7;9;11","e969a6e35674309988501ac861996892b408a93369f84d6c155ce771ba4e91bc"
162,1,13.2727272727273,0,0.625,0.3125,12,"1;2;5;7;9;12","4ceccf1173cf0b6eed3db87d61893546bd7b87550027b05fc1f15bdbecb3ab7e"
163,1,12.7878787878788,0,0.791666666666667,0.395833333333333,8,"1;2;5;7;10;11","eb7e2be3cbd30e269c934c5ffaf28fc68ba9ea90ff9cbcdf84993ca409c14f87"
164,1,12.8484848484848,0,0.770833333333334,0.385416666666667,8,"1;2;5;7;10;12","12eab120313f046cc2279806db8de94c4ac1a01728022072bebbffebbbb7b764"
165,1,13.030303030303,0,0.708333333333333,0.354166666666667,10,"1;2;5;7;11;12","e4e51a8e1381ffad519913fc8d93e039871a447a120f24ba0a3738a44b7b5375"
166,1,12.8484848484848,0,0.770833333333334,0.385416666666667,8,"1;2;5;8;9;10","c2f64290ad3d928acefb6dcdb659d7c9078a07cf8ce5045001d2fb8bcb3a1e06"
167,1,12.7878787878788,0,0.791666666666667,0.395833333333333,6,"1;2;5;8;9;11","69ce5fb17c1296dd7cfb0ba42c68457cd4ebbc152fbca44a4b01a9ac489a510f"
168,1,13.0909090909091,0,0.6875,0.34375,10,"1;2;5;8;9;12","6d85d843a4315eb1b4478203e96ec9c5a5eaac8d2b63958faddf74795b652a63"
169,1,13.0909090909091,0,0.6875,0.34375,10,"1;2;5;8;10;11","f8e71a9c289a6c4d0e2e254c85b19b10a644aaf4d27f9a3cb2bf3951dfcc7da3"
170,1,13.030303030303,0,0.708333333333333,0.354166666666667,10,"1;2;5;8;10;12","bb75009b699cca44ab4990860c22daaf7aa9f412c4337cc4c63ce079e04dc17c"
171,1,13.0909090909091,0,0.6875,0.34375,10,"1;2;5;8;11;12","e62985cd363733de4683b5e209abfa172635cba19d249cd0929cbe3387cbfd32"
172,1,12.6060606060606,0,0.854166666666667,0.427083333333333,6,"1;2;5;9;10;11","334a455838839245d64a6b15aa858a5ff40f34c9ceb29ec05cb266f6dfc3d762"
173,1,12.7878787878788,0,0.791666666666667,0.395833333333333,8,"1;2;5;9;10;12","e681ff8faac74ed14bba72fab43415ef7c18061bd388581ea707ed3d7594cc2e"
174,1,13.0909090909091,0,0.6875,0.34375,10,"1;2;5;9;11;12","2bbb356926292681b19a9a610ad6dab7f7a7f1eda6700c9743cba157e6c9edc9"
175,1,13.030303030303,0,0.708333333333333,0.354166666666667,10,"1;2;5;10;11;12","fa6e9b2e02598b9d3ad293b88eec9aa3c79190d3c7c25837d41dd42582c4382e"
176,1,13.2727272727273,0,0.625,0.3125,12,"1;2;6;7;8;9","b07c2c7514395cbc45fe9742bf594423abfd6ed7850d324daf32695eb2a97ecf"
177,1,13.0909090909091,0,0.6875,0.34375,10,"1;2;6;7;8;10","6bd014a0cf673e4e5f3341bee66209457be153193d1239bc82057917eeed11e6"
178,1,12.7878787878788,0,0.791666666666667,0.395833333333333,8,"1;2;6;7;8;11","a91dc37e82da94eb58fb938250a451cd63a5829509474a86589129d1eb46bf44"
179,1,12.8484848484848,0,0.770833333333334,0.385416666666667,8,"1;2;6;7;8;12","a57f55c7d896a4ecdc285e80f6e85da299450d53529878c9e5a9c104b09e40ec"
180,1,12.8484848484848,0,0.770833333333334,0.385416666666667,8,"1;2;6;7;9;10","055ab21a1008f6db64069f77fa7f0d1c0d89fde11349d9b21d8e202e6ba00729"
181,1,12.7878787878788,0,0.791666666666667,0.395833333333333,8,"1;2;6;7;9;11","08f6bb234e55f98c039b82e771dff0a90b99373d6570055912c5ec4836bd44f6"
182,1,13.0909090909091,0,0.6875,0.34375,10,"1;2;6;7;9;12","7b1d4abe02a5b9174e3b7b2b18222f2cb2015eeff3ac5d8a0bf7be491595f785"
183,1,12.6060606060606,0,0.854166666666667,0.427083333333333,6,"1;2;6;7;10;11","f531a035ffdd39277f19f998730e40ed856945146dfebc8f44fc5c618b4dcf30"
184,1,12.5454545454545,0,0.875,0.4375,4,"1;2;6;7;10;12","fa14d6b0d870603ae5e384d9f55bcdfca3683685edc9441813c29b8d47d613aa"
185,1,12.6060606060606,0,0.854166666666667,0.427083333333333,6,"1;2;6;7;11;12","03721caee7d0092bf46204baf6480a4192f72139066bf0b86015a1eafe6fe284"
186,1,12.7878787878788,0,0.791666666666667,0.395833333333333,8,"1;2;6;8;9;10","0c3adc6a105eae5d9a4e0aedddbf26bced15950e3d214b39e0ce95bd9c33c206"
187,1,12.6060606060606,0,0.854166666666667,0.427083333333333,6,"1;2;6;8;9;11","a75e673d21478f2f31bd4b907d26fa276ee849d867203d5e4e87a54e513f213f"
188,1,12.7878787878788,0,0.791666666666667,0.395833333333333,8,"1;2;6;8;9;12","e089af277cf41b8e79cac7ffeb313647842f4fce7db869d1d622236281602ed5"
189,1,12.7878787878788,0,0.791666666666667,0.395833333333333,8,"1;2;6;8;10;11","d663a793e113a73cb84a671636bed773674b859628b0d5bf8043ac862a0ea436"
190,1,12.6060606060606,0,0.854166666666667,0.427083333333333,6,"1;2;6;8;10;12","7a4f6dd735e127a6e49dde9d6ab1261cda5d233db089205bf1586f5abf46d1fe"
191,1,12.5454545454545,0,0.875,0.4375,6,"1;2;6;8;11;12","2185965e60b6508ad678c7f95cf0f04ab6ee5af4ca3f7c27a76261d123bf2d04"
192,1,12.5454545454545,0,0.875,0.4375,6,"1;2;6;9;10;11","9e086229bad684a36bc0fe6dd0f34b41a6f550e9c11cb1f3ba7df1c4c74489b4"
193,1,12.6060606060606,0,0.854166666666667,0.427083333333333,6,"1;2;6;9;10;12","3c4548d1b54443d2b2f82c13215d841ca0cf800da263d0e558c82407d9ae3a08"
194,1,12.7878787878788,0,0.791666666666667,0.395833333333333,8,"1;2;6;9;11;12","c43170dfa84009a1a7c7204c258aad33f395adf247979f03dc96f5c5bf3d14ec"
195,1,12.6060606060606,0,0.854166666666667,0.427083333333333,6,"1;2;6;10;11;12","605bb5881ace287406974c1fcc858908f8bbb775e6f0d05fa8c84f39b990723f"
196,1,13.2727272727273,0,0.625,0.3125,12,"1;2;7;8;9;10","e15a92a06583587ac3eadb0a606d983b33d49839a99699c0a3073bfac8b81057"
197,1,13.0909090909091,0,0.6875,0.34375,10,"1;2;7;8;9;11","a2ce1069bd4f91539cfedbb8b5609a86c017602d6c4fc45817abfb3ea6018821"
198,1,13.2727272727273,0,0.625,0.3125,12,"1;2;7;8;9;12","6409de1ff528e50f81e1825ea32463d4dd05b70295edb4b9703d865c45ca78a2"
199,1,13.2727272727273,0,0.625,0.3125,12,"1;2;7;8;10;11","0c0fd52743d1fce7b0f7a98913ac64651d442d8f9a854850e5a95071a9f5fa1d"
200,1,13.0909090909091,0,0.6875,0.34375,10,"1;2;7;8;10;12","037bb76d03a2f80c7337d492fb10b877cc067632c9f69281e12199d42e226fac"
201,1,13.030303030303,0,0.708333333333333,0.354166666666667,10,"1;2;7;8;11;12","2ee61ce4608255a3aa5464888b03ddb285985e168dfc6d5ba78408e45bc444a0"
202,1,12.7878787878788,0,0.791666666666667,0.395833333333333,8,"1;2;7;9;10;11","357df85aea9bdd835658d407deb3af1fe6c276059f43c5e08dcd750ff34e4294"
203,1,12.8484848484848,0,0.770833333333334,0.385416666666667,8,"1;2;7;9;10;12","9fd57140864ed107b41363dc80de1c0761f60b8dc0a072ba404b14425a2983d2"
204,1,13.030303030303,0,0.708333333333333,0.354166666666667,10,"1;2;7;9;11;12","2752a4c58d78256d728b42b53276e5475cea76af192d8a745d88d62ee5bf0a33"
205,1,12.8484848484848,0,0.770833333333334,0.385416666666667,8,"1;2;7;10;11;12","b900ab254f964bce8ec74c8ab2714f8f0a744c9a55ad42eb567fe534aabd58ad"
206,1,12.8484848484848,0,0.770833333333334,0.385416666666667,8,"1;2;8;9;10;11","1efe0262fb896e590f6c7baab240f3ca6fa5b63faa0d91e4090836f1f0f17a6e"
207,1,12.7878787878788,0,0.791666666666667,0.395833333333333,8,"1;2;8;9;10;12","e0eaca9ddb1d2c4ed3cbcac7a4a881b7183acd6aadd2ac9118ac70899d69ac3c"
208,1,12.8484848484848,0,0.770833333333334,0.385416666666667,8,"1;2;8;9;11;12","7b23087e2f851426347eb3a7dcb8388b5b43827e9b7cc5b9326888faf682f4dd"
209,1,13.030303030303,0,0.708333333333333,0.354166666666667,10,"1;2;8;10;11;12","a5acc9dd34381395ce216d66188da2602a6354b326d223e326782037da3c0d6f"
210,1,12.7878787878788,0,0.791666666666667,0.395833333333333,8,"1;2;9;10;11;12","cd84680b5da796b2cbaef8e7fdfe2a839d363a9c32258da9ea08209946762d1e"
211,1,13.030303030303,0,0.708333333333333,0.354166666666667,10,"1;3;4;5;6;7","1a1f2ea8e12ac86b7eb0d7dd437c4063beef9bd666cbde1681e02b372d592845"
212,1,12.8484848484848,0,0.770833333333334,0.385416666666667,8,"1;3;4;5;6;8","255680c9b1b5f9d9ddd9db11c432e75a282615d23a3d241445b4ed71593d255c"
213,1,13.0909090909091,0,0.6875,0.34375,10,"1;3;4;5;6;9","aba2a00a0565b275307ad706baf6c07ee9c854baa77fc356013fe6be2aede723"
214,1,13.030303030303,0,0.708333333333333,0.354166666666667,10,"1;3;4;5;6;10","0ee466d8fe0bb2492405e676f14273748befdac0cd248ebea3595730063a5b14"
215,1,13.0909090909091,0,0.6875,0.34375,10,"1;3;4;5;6;11","086d75f2a1308ce2e4511458bcf93c2cf1b714556a8a2a36446924a7c9b85849"
216,1,13.030303030303,0,0.708333333333333,0.354166666666667,10,"1;3;4;5;6;12","4b41c44df18b19a9e0b1c7f9f553abc81b0a9f218254695e99716fad61c8cccf"
217,1,12.8484848484848,0,0.770833333333334,0.385416666666667,8,"1;3;4;5;7;8","28845fab981f4d80360cfd580b2806abdbaf8b1ac235a95832c35a6b6f57b2cd"
218,1,12.8484848484848,0,0.770833333333334,0.385416666666667,8,"1;3;4;5;7;9","170b8a06ad3b54a65c249c6a666e7fd3f086891cad3fbba88e1c904871213aa5"
219,1,12.7878787878788,0,0.791666666666667,0.395833333333333,8,"1;3;4;5;7;10","1b52dc54126ecc5b8a4af860c59a32b1b945d0c8891a65aeaf557f383d5a8b7a"
220,1,12.8484848484848,0,0.770833333333334,0.385416666666667,8,"1;3;4;5;7;11","56cbbad84a8652f33388a7a251965e176de47eea32a692eb83ea8189a596ec48"
221,1,12.7878787878788,0,0.791666666666667,0.395833333333333,8,"1;3;4;5;7;12","f69742b215f8af549393688e08b59912242dc7711c2228b066d6a2d17c180530"
222,1,12.5454545454545,0,0.875,0.4375,4,"1;3;4;5;8;9","c5f7327c2928ce6218435a17314582bb91cde2d84a1b6a8f39f319c7e2a8d39c"
223,1,12.8484848484848,0,0.770833333333334,0.385416666666667,8,"1;3;4;5;8;10","b1d448d66bcf0ddcb81b647c2e7ec463a637ecb5a5dce6b9cf31d0fc09482e64"
224,1,12.7878787878788,0,0.791666666666667,0.395833333333333,6,"1;3;4;5;8;11","0acbb81cb058b8b83fe34e83fe242918cde69882ec7ebbcf5072e808128af07e"
225,1,12.6060606060606,0,0.854166666666667,0.427083333333333,6,"1;3;4;5;8;12","4ede0e4fc1e24ddc80ae7ad592f8c570c9f77f124b3c07452150c4b189675afa"
226,1,12.6060606060606,0,0.854166666666667,0.427083333333333,6,"1;3;4;5;9;10","8c7a9118454b5422f166f445c37585257725769603fd9605d2bd0cc971c75d71"
227,1,12.7878787878788,0,0.791666666666667,0.395833333333333,6,"1;3;4;5;9;11","8fcd9200574d174b0ef9e6d5809e7a81bb51868f954474bdc4b926aa48f1ce43"
228,1,12.8484848484848,0,0.770833333333334,0.385416666666667,8,"1;3;4;5;9;12","ff5d8eddb427b736688345ac17183a771a02da1298dec7c3bc0fe8e2a4b5ddd6"
229,1,13.0909090909091,0,0.6875,0.34375,10,"1;3;4;5;10;11","bf511754ea6dd311677edd48a5ad802046ca078843cc719b1d30323bf3a471f5"
230,1,12.7878787878788,0,0.791666666666667,0.395833333333333,8,"1;3;4;5;10;12","f96ec446f1caea2efcaa0ed564f51763ed0b1637aec7386fda8a977441d0f5f8"
231,1,13.0909090909091,0,0.6875,0.34375,10,"1;3;4;5;11;12","548289d5d71f469a3fe9515a18e33a7534ea2e22310ffd3d8a1802f1734f9370"
232,1,13.030303030303,0,0.708333333333333,0.354166666666667,10,"1;3;4;6;7;8","8e827e3387a0940531b55138635e7ac82da2e8083983cf0553bb33015bb963b6"
233,1,13.2727272727273,0,0.625,0.3125,12,"1;3;4;6;7;9","7e136b8a6e6f6444d4f61b2f7cf839786fc43672d51565aa25017b28b759a662"
234,1,13.0909090909091,0,0.6875,0.34375,10,"1;3;4;6;7;10","98482d0d797c2f46b5c286641e85ce4cc4788bd5da5d79d4130fa539bbed3b03"
235,1,13.030303030303,0,0.708333333333333,0.354166666666667,10,"1;3;4;6;7;11","38d44ee6bf7cd0eeac5c8687f4a4b718a8d55d0895732ace2b23ea65b0a6afa2"
236,1,12.8484848484848,0,0.770833333333334,0.385416666666667,8,"1;3;4;6;7;12","c6d5b538ea1940fa3cea5e2bbcf417bee8574aa7948f9c63e65b2045c1a7fdce"
237,1,12.8484848484848,0,0.770833333333334,0.385416666666667,8,"1;3;4;6;8;9","75684d847666cfeb82c754ba3c89b606034968171a78298b520c7abfe5b6953e"
238,1,13.030303030303,0,0.708333333333333,0.354166666666667,10,"1;3;4;6;8;10","b3003554b504ee6e26a6b08c56be79280a2309eece41e92428fc0821b8351c98"
239,1,12.8484848484848,0,0.770833333333334,0.385416666666667,8,"1;3;4;6;8;11","0800ffb9d999ce9235294d7f794aae60cb4ea64d980b2d07c93a65356cdd2ae1"
240,1,12.5454545454545,0,0.875,0.4375,6,"1;3;4;6;8;12","757271b5edcc92b27169a5a2f71dd0c8333d6dc106a49d6d3f36c0cd6f98ed80"
241,1,13.030303030303,0,0.708333333333333,0.354166666666667,10,"1;3;4;6;9;10","6912e1056eafbee7c4ed876ac89c8c06a914057b269b0b75db09d5a2cc07cd08"
242,1,13.0909090909091,0,0.6875,0.34375,10,"1;3;4;6;9;11","3d0f665f35956bf1b62a3d28ea42fcb1f892ea37ff7aff35aa1f58c601dbc5bb"
243,1,13.030303030303,0,0.708333333333333,0.354166666666667,10,"1;3;4;6;9;12","59f231647cfdec264c393e2515fb0544316bc8a9236b92498e463ac380694d31"
244,1,13.2727272727273,0,0.625,0.3125,12,"1;3;4;6;10;11","bcf1d38d0ccc4027f0fdc61c7ea5a5b19ad12a2005a96c1d17588d5152434de5"
245,1,12.8484848484848,0,0.770833333333334,0.385416666666667,8,"1;3;4;6;10;12","2c61f4ef90bab8706d28e65fc34c414772bc9edd83caf42a830feb10b2f25f53"
246,1,13.030303030303,0,0.708333333333333,0.354166666666667,10,"1;3;4;6;11;12","8da9fa53bf45b127cba0d110ecbc10ec0fc74df1b738a19fbc53caad1d861f64"
247,1,13.0909090909091,0,0.6875,0.34375,10,"1;3;4;7;8;9","14b13b0c4af76e83b5c586e3db6cb62a91bf9a88adc9b11a6cf75a2c6c4659e2"
248,1,13.2727272727273,0,0.625,0.3125,12,"1;3;4;7;8;10","fbc6c187686a6e7a806a1c9362ec9b615d27840aa065ea6463c193bbc585d746"
249,1,13.0909090909091,0,0.6875,0.34375,10,"1;3;4;7;8;11","b146b185bb13d951f662c97b927243306ff0afa3c174e8898e299007baf33c79"
250,1,12.7878787878788,0,0.791666666666667,0.395833333333333,8,"1;3;4;7;8;12","08a25c141e0a43736887fa255f14bde8ffedee824dbabc8e9dd6a90677e6a770"
251,1,13.030303030303,0,0.708333333333333,0.354166666666667,10,"1;3;4;7;9;10","5cfefa8e0942d49907aac229d812f3c576453d8c4b28ca343e07aabd3d5f82a7"
252,1,13.0909090909091,0,0.6875,0.34375,10,"1;3;4;7;9;11","ab9513bded7e2b6f05b78ef5cda156b6f1ced6320dae571c2fad2b2bb1a1af6e"
253,1,13.030303030303,0,0.708333333333333,0.354166666666667,10,"1;3;4;7;9;12","52a3ba419981cdf00ad1b47af0811999ad8e637c4869d5ab18efd0177d7bb6d5"
254,1,13.2727272727273,0,0.625,0.3125,12,"1;3;4;7;10;11","d470303f844fc1cc7e7f2953820071db59d8f5fb56c31c280896613fda59cef1"
255,1,12.8484848484848,0,0.770833333333334,0.385416666666667,8,"1;3;4;7;10;12","2e2ec1fabf0da7c131593dee014709f7074d299dfb11c328fac0d517edb692cb"
256,1,13.030303030303,0,0.708333333333333,0.354166666666667,10,"1;3;4;7;11;12","9c81ae922d69a17a3337ba8aa12b926b0e7ca25f49b2fa05dbb49c3a0c547226"
257,1,12.8484848484848,0,0.770833333333334,0.385416666666667,8,"1;3;4;8;9;10","09f52053ec59465b0a151c9b16978fddd58200faec80a986b7160af305c7bb10"
258,1,12.7878787878788,0,0.791666666666667,0.395833333333333,6,"1;3;4;8;9;11","296f0ed1f258b52f3e996e0519c0b46ce714815b79cc06ee55cea9eedabd9304"
259,1,12.6060606060606,0,0.854166666666667,0.427083333333333,6,"1;3;4;8;9;12","171018da3ab6530bdfcf5c8ad67fa5a2b83efc528de6dd3b15c0a9899bf9a8f1"
260,1,13.3333333333333,0,0.604166666666667,0.302083333333333,12,"1;3;4;8;10;11","e794a806a6ea736ffe4572259019079f5054cb32055bf3bc5745b5ef35906a72"
261,1,12.7878787878788,0,0.791666666666667,0.395833333333333,8,"1;3;4;8;10;12","232691e5675235569e94043ff1a7112af657dd72542f3810d2e91bcb1dffee6b"
262,1,12.8484848484848,0,0.770833333333334,0.385416666666667,8,"1;3;4;8;11;12","dce45b7cf70390842bb56cfb14e87acead32a5188a63d10ee923d8cb17cfa994"
263,1,13.0909090909091,0,0.6875,0.34375,10,"1;3;4;9;10;11","d1ec7b56f89fab4a850cc33cc21561954f2cc424652c4fe4c975390488c42ec6"
264,1,12.7878787878788,0,0.791666666666667,0.395833333333333,8,"1;3;4;9;10;12","e102801aa22062b0fb2c7143390d3c5ac548bd890a4f70a31d87c272a12dbc5f"
265,1,13.0909090909091,0,0.6875,0.34375,10,"1;3;4;9;11;12","c193db44753db3cde20379058cf26babf2cf1580e9665ac78e5ddbd6e3bab4cb"
266,1,13.2727272727273,0,0.625,0.3125,12,"1;3;4;10;11;12","f605dc30387742c5f2938d8cea41475201f3b90c6b77d189711a8d6a5ffdebf3"
267,1,12.7878787878788,0,0.791666666666667,0.395833333333333,8,"1;3;5;6;7;8","e76e95cbdc9065b1bf7507d76712d21cf246c8b0dc174f603a1167f2bcc3a32c"
268,1,13.030303030303,0,0.708333333333333,0.354166666666667,10,"1;3;5;6;7;9","45e7d671280b7793133082aabe3ecbb38505f42c8271fd0b0417d855213bd43b"
269,1,12.6060606060606,0,0.854166666666667,0.427083333333333,6,"1;3;5;6;7;10","26b772fc8f4c2304dcc4176daf18f521a0b14a2821a68caca2b1750e3a1b3e4e"
270,1,12.7878787878788,0,0.791666666666667,0.395833333333333,8,"1;3;5;6;7;11","bb6c013af543775958c973334dc4447fa1b3d9ed8d649538cf83632163607ac2"
271,1,12.8484848484848,0,0.770833333333334,0.385416666666667,8,"1;3;5;6;7;12","c375c3d4b2b837e838b9ce45e480ed169f303ada5e6df6a71747d0b9e795a677"
272,1,12.6060606060606,0,0.854166666666667,0.427083333333333,6,"1;3;5;6;8;9","535739f150713ad078c72457fb390ec3c094ccbbfa15ce8fc8179a0d41254e20"
273,1,12.5454545454545,0,0.875,0.4375,6,"1;3;5;6;8;10","8b9585596b810f5943148af79167f7fa725f31e887195254af614855f263c4c8"
274,1,12.6060606060606,0,0.854166666666667,0.427083333333333,6,"1;3;5;6;8;11","7019ec99524731a0bb8816424ddfd95483fade8b836d9fd77d2610dfbfbc0481"
275,1,12.5454545454545,0,0.875,0.4375,6,"1;3;5;6;8;12","e1c27f70ba7d885ced8b2de23674529ed844922c239154d67856f738e416191c"
276,1,12.5454545454545,0,0.875,0.4375,6,"1;3;5;6;9;10","058d1718d40f9f36a8fb42e1a2e85e93d8d91cf36041c7f413452c017b4a828c"
277,1,12.8484848484848,0,0.770833333333334,0.385416666666667,8,"1;3;5;6;9;11","1049d8e473b10990b824a2c8bc57533e5e91f0d005f51d5e1013aafb9ed60e16"
278,1,13.030303030303,0,0.708333333333333,0.354166666666667,10,"1;3;5;6;9;12","8d88b526858ec1c93a690f086f00ccfb7a8b6ffed1ef4acaf6ab6e955667394e"
279,1,12.7878787878788,0,0.791666666666667,0.395833333333333,8,"1;3;5;6;10;11","14f46c5090d2050fd1e4df6211c743e4ec14587608177b5800cc724b0775c459"
280,1,12.6060606060606,0,0.854166666666667,0.427083333333333,6,"1;3;5;6;10;12","e8ce8620c191c01f65c5ecb7a820662302ef19f86335d3ebd1b5775981086170"
281,1,13.030303030303,0,0.708333333333333,0.354166666666667,10,"1;3;5;6;11;12","1d6adb565616589d46da7b2ea44e201d2d1dd0673b9f4c50d490103f88622509"
282,1,12.8484848484848,0,0.770833333333334,0.385416666666667,8,"1;3;5;7;8;9","9e7f489c849394fc72069b4e109be128ad8293326dbf4a2afd1130d1c2235795"
283,1,12.7878787878788,0,0.791666666666667,0.395833333333333,8,"1;3;5;7;8;10","da794da6e63900a32cfcd76e4a0673766c5a9ba752bec8003f9a7b76d0be6d19"
284,1,12.8484848484848,0,0.770833333333334,0.385416666666667,8,"1;3;5;7;8;11","2af05c73a80f3c52b760c286d2102eda7bdf91838435821ae2de1f3974b9745e"
285,1,12.7878787878788,0,0.791666666666667,0.395833333333333,8,"1;3;5;7;8;12","4347f8f5e60f6a51e5aa0d99707062b5714e6e5dcf598b2cead3a3b4d50123aa"
286,1,12.5454545454545,0,0.875,0.4375,6,"1;3;5;7;9;10","1b33b12af394c5bdcc77534e6c81a78873fc78032c7e182bc2520cba47c14cc5"
287,1,12.8484848484848,0,0.770833333333334,0.385416666666667,8,"1;3;5;7;9;11","0e2b2d53a63656679535fc5b5629f1c53551b7b7549cfdb881e1494cba0379ad"
288,1,13.030303030303,0,0.708333333333333,0.354166666666667,10,"1;3;5;7;9;12","6a30fcd632e5bdc734784b5a7e94c63e7302490df8f4275ab66cc04c7ca60afa"
289,1,12.7878787878788,0,0.791666666666667,0.395833333333333,8,"1;3;5;7;10;11","c7db5c56402cae693b4a765a2225f189aca3230568381f87fadf52b0abb050e6"
290,1,12.6060606060606,0,0.854166666666667,0.427083333333333,6,"1;3;5;7;10;12","48515b5f2a9ceafedecb50343c874d6377a913aaae535d0a8f225be1ceea018a"
291,1,13.030303030303,0,0.708333333333333,0.354166666666667,10,"1;3;5;7;11;12","fcffb6417db9615194ebfd75bbf8f2478c31c686aaa3ab869c62340092bce613"
292,1,12.3636363636364,0,0.9375,0.46875,4,"1;3;5;8;9;10","d06d2d0ed4078be96db8b5fffb1ebd43aaa246869796f03a0276001d4d236101"
293,1,12.5454545454545,0,0.875,0.4375,4,"1;3;5;8;9;11","1f957d0b847cd3d437d144621c161316900b752f7bb7c2b2464ff13c3aad5466"
294,1,12.6060606060606,0,0.854166666666667,0.427083333333333,6,"1;3;5;8;9;12","5e5921f88899bc88517dba437ae56787da94fabd0f141fb1b943fe04ac6f796f"
295,1,12.8484848484848,0,0.770833333333334,0.385416666666667,8,"1;3;5;8;10;11","2d1f3aefe79dedeb1e64408e1889fba9f1162c8c81ed35899b6c2edea7b8a896"
296,1,12.5454545454545,0,0.875,0.4375,6,"1;3;5;8;10;12","5808b87ae7352b6530e3023d05555bc41abdda85c29b2fd9517ae25d9f835849"
297,1,12.8484848484848,0,0.770833333333334,0.385416666666667,8,"1;3;5;8;11;12","24533b71fa4c2681b865c83099a92e75d6e5a70d8bef54e61391ce00474fd927"
298,1,12.6060606060606,0,0.854166666666667,0.427083333333333,6,"1;3;5;9;10;11","a8073610b139b313cfa0f9213e30868df4cb736f9ed200fd8cd039135fd71d5e"
299,1,12.5454545454545,0,0.875,0.4375,6,"1;3;5;9;10;12","e407870dc6cae4c91832033ea85ddac4aac86225f0c7fa78d5eb012646d72403"
300,1,13.0909090909091,0,0.6875,0.34375,10,"1;3;5;9;11;12","4fc056bf85868009fad0417c42c6c82fc844888d0e5b195679742e1b10c42a46"
301,1,13.030303030303,0,0.708333333333333,0.354166666666667,10,"1;3;5;10;11;12","602b3c34e9d802299ca9068cf759af08109822931fb180c0ed5d2225e0997924"
302,1,13.030303030303,0,0.708333333333333,0.354166666666667,10,"1;3;6;7;8;9","42365bfe5469539bd65023d199209787b9ab3fc4fc317960fad8925bb2653b24"
303,1,12.8484848484848,0,0.770833333333334,0.385416666666667,8,"1;3;6;7;8;10","5a49a1fd667bcce35072d8a15d02e537a639a05be9413b8654bda24ca239545f"
304,1,12.7878787878788,0,0.791666666666667,0.395833333333333,8,"1;3;6;7;8;11","8bf29ed2bc15c151efaebc75d024d8ef067c0f066528e1afa1f009de1a739a4b"
305,1,12.6060606060606,0,0.854166666666667,0.427083333333333,6,"1;3;6;7;8;12","61bd1b694a79526d8b22af657be4499aeafb5dacb7f961d67745d82794a215c8"
306,1,12.8484848484848,0,0.770833333333334,0.385416666666667,8,"1;3;6;7;9;10","3bc9fc194ddb059d3469f2c5f3ff3b9615c693d7508e366bbb2ced82743dc16b"
307,1,13.030303030303,0,0.708333333333333,0.354166666666667,10,"1;3;6;7;9;11","675eae84435cf53a64d977a98cd651c0891dd93a736427daca2aa26d9e36c624"
308,1,13.0909090909091,0,0.6875,0.34375,10,"1;3;6;7;9;12","94641dcd7fe978384ead5cd71c6a911232bc82ead71c5d24f6ce3911aa027594"
309,1,12.8484848484848,0,0.770833333333334,0.385416666666667,8,"1;3;6;7;10;11","169943359d524a4f983e354c8512b2bb3952d95064756c7cf4d5470725f909b3"
310,1,12.5454545454545,0,0.875,0.4375,4,"1;3;6;7;10;12","188c719af932af7f52827557a2c1a3979781c67b975f35c9c292f12f8ef09f23"
311,1,12.8484848484848,0,0.770833333333334,0.385416666666667,8,"1;3;6;7;11;12","355d806b59a32f17176c741f0377d0137e278279db3b27140402465728c3ebdb"
312,1,12.5454545454545,0,0.875,0.4375,6,"1;3;6;8;9;10","52a0c47b7cc1bcd9fd95c08845fb9912628d57f4512d5ca49c6a89a6835889f2"
313,1,12.6060606060606,0,0.854166666666667,0.427083333333333,6,"1;3;6;8;9;11","d84cc126af0ae65693083ec1befb3c0c1fdc0937a01183821f8f03f98d5775d8"
314,1,12.5454545454545,0,0.875,0.4375,6,"1;3;6;8;9;12","1b06cb1dd70d4dcb7588b1f9a879031aa5f970552299692f29ef6b9b67c03452"
315,1,12.7878787878788,0,0.791666666666667,0.395833333333333,8,"1;3;6;8;10;11","d07871c18b0f134463fd4a181d713cb9bf20a752186c6591bcf78884f6fd0c68"
316,1,12.3636363636364,0,0.9375,0.46875,4,"1;3;6;8;10;12","6f8532cb8efe4cca9bc62c06bd96a0d20bf850a1c53ae7ddec61474627227eb4"
317,1,12.5454545454545,0,0.875,0.4375,6,"1;3;6;8;11;12","1200a08661e195c4c608f6c422a38ca265a05a6b6c073552675ea0ba1b86ca81"
318,1,12.7878787878788,0,0.791666666666667,0.395833333333333,8,"1;3;6;9;10;11","41fc1ddea15ced549f9324b73d6dbe971d70158842b8918289a82a944dabc60d"
319,1,12.6060606060606,0,0.854166666666667,0.427083333333333,6,"1;3;6;9;10;12","d73d73201be74de0e3eba58618eb5f1ca2e9694c8ee603192fa72b3be1f7cca2"
320,1,13.030303030303,0,0.708333333333333,0.354166666666667,10,"1;3;6;9;11;12","a67ea641098cb9fca1b7eef68748a06472af38ff5abf9015cac9945dfdcea1a0"
321,1,12.8484848484848,0,0.770833333333334,0.385416666666667,8,"1;3;6;10;11;12","58c2067fa3e01196c50f8a16c89db144a7ab9df47bcf0713b6d16a32992ff898"
322,1,13.030303030303,0,0.708333333333333,0.354166666666667,10,"1;3;7;8;9;10","01fe5b4cb88008cdcc5e15095556cb66eb07fa00d9a0d9fadbaf05ed43910d77"
323,1,13.0909090909091,0,0.6875,0.34375,10,"1;3;7;8;9;11","b84b3b141699c507dce71028c686199b993963b9850d818b0549ef566c31ced0"
324,1,13.030303030303,0,0.708333333333333,0.354166666666667,10,"1;3;7;8;9;12","203c1f1a5ce3434e76ca1c670d2837ff950f2dd4d097c44aa6b5aaaa493a840c"
325,1,13.2727272727273,0,0.625,0.3125,12,"1;3;7;8;10;11","c49e583afeb9903c8029b184b2b58446bd53f34fcc3ef28173bc2f21f7a753f6"
326,1,12.8484848484848,0,0.770833333333334,0.385416666666667,8,"1;3;7;8;10;12","77e9be5157be49c64e8dc730c4d6575e733751a86ef10766a5e2ffe400da542a"
327,1,13.030303030303,0,0.708333333333333,0.354166666666667,10,"1;3;7;8;11;12","db6065f7f20d851725a3f14e72def4f62a76a0f8720c6385945dbb7e910cb5d7"
328,1,13.030303030303,0,0.708333333333333,0.354166666666667,10,"1;3;7;9;10;11","7268e24322f257b7c5651a1211b27fc2549378f1b89d4e6e308bfc1bf285a79e"
329,1,12.8484848484848,0,0.770833333333334,0.385416666666667,8,"1;3;7;9;10;12","1173f3521b68a59e765a29d418d5b42418ba101d471814603ce747689c71f9e0"
330,1,13.2727272727273,0,0.625,0.3125,12,"1;3;7;9;11;12","fdb0897ba3404e71c3d8bc4e97e1d21e8fe3cd6c386eb04d82ce880beee16d5d"
331,1,13.0909090909091,0,0.6875,0.34375,10,"1;3;7;10;11;12","1d91a3396d686a9a2e8ae0f3345befb4bfeebc15369cad66d4db65022208fa7a"
332,1,12.8484848484848,0,0.770833333333334,0.385416666666667,8,"1;3;8;9;10;11","a3fa62c18983d470b47402ccdffd06a9c297e3980d92bf30a0f8e15fc4ee397b"
333,1,12.5454545454545,0,0.875,0.4375,6,"1;3;8;9;10;12","ca8363e151a3e64a7e4947dcf133235d30fe5737c11f2ef023ae5054e9033a12"
334,1,12.8484848484848,0,0.770833333333334,0.385416666666667,8,"1;3;8;9;11;12","55dea6849fb3787979f8910cfdcfe2825b9149b8e86578eaee2860beb26147ec"
335,1,13.030303030303,0,0.708333333333333,0.354166666666667,10,"1;3;8;10;11;12","689a080cc8d701fdf32062d0ecc234cc032a113c21f17eed37b160e2f9952c4e"
336,1,13.030303030303,0,0.708333333333333,0.354166666666667,10,"1;3;9;10;11;12","db6c70bf12bd5532903585159b37a450451a8511d25ad64700c0512bc1f48269"
337,1,12.8484848484848,0,0.770833333333334,0.385416666666667,8,"1;4;5;6;7;8","f4832af063582ae2e2a41142a1bf5b3a2445298902103faa45d49632a01d7364"
338,1,13.0909090909091,0,0.6875,0.34375,10,"1;4;5;6;7;9","14ffa3f52901a1b9ce98b45d17e4f608a4ca4994b6d02520ab84612c99f3382e"
339,1,12.7878787878788,0,0.791666666666667,0.395833333333333,8,"1;4;5;6;7;10","9b0199fdf0105019744d56235f872729fd2bb7b496e5c0e3fecbd1e66dfea8e0"
340,1,12.6060606060606,0,0.854166666666667,0.427083333333333,6,"1;4;5;6;7;11","f3b7ee1b1d6b8d221cb31e8d4893ae963e2156f6861578478e90042409561c4a"
341,1,12.7878787878788,0,0.791666666666667,0.395833333333333,8,"1;4;5;6;7;12","a7149375963f79b6fbfa3fc19863fb1fafff024971ecee9c181a00db47c19e3f"
342,1,12.7878787878788,0,0.791666666666667,0.395833333333333,6,"1;4;5;6;8;9","8d0700661e1067804d1158ad2576de344199620166d2a2a51d432c4647f19c17"
343,1,12.8484848484848,0,0.770833333333334,0.385416666666667,8,"1;4;5;6;8;10","09e73884a719399b858ece417ddd7ada430db40edb0b6b8a5922dcf57311b889"
344,1,12.5454545454545,0,0.875,0.4375,4,"1;4;5;6;8;11","fefc73bd85e950aea5cd8bc125b609ad408e3b8b4b83045d74e5b66128b4254d"
345,1,12.6060606060606,0,0.854166666666667,0.427083333333333,6,"1;4;5;6;8;12","31e095d30d4ae409d786790c9d2474bf028ef119f8bcb7567d55aa08c08a072a"
346,1,12.8484848484848,0,0.770833333333334,0.385416666666667,8,"1;4;5;6;9;10","b26c0d20e774b3c7af412ebf45a55a2b5a4cc841e894c8269a3299172a58489e"
347,1,12.7878787878788,0,0.791666666666667,0.395833333333333,6,"1;4;5;6;9;11","129099abd876d603d8198703174a1d40f7b8b966b03bc80e55af51015f17d9be"
348,1,13.0909090909091,0,0.6875,0.34375,10,"1;4;5;6;9;12","089f961fb7def2d04265b6e6abe5560f0de50dc5fdbcc807c2ef8e5240e8fe4c"
349,1,12.8484848484848,0,0.770833333333334,0.385416666666667,8,"1;4;5;6;10;11","dfa7f67b5d6cdfd7152fa5bffd465f2e1b70d551986c0bf829555d94bab7f3fe"
350,1,12.7878787878788,0,0.791666666666667,0.395833333333333,8,"1;4;5;6;10;12","309a1cffbc1d3b02d0673f4c23bd6b10043a44d38a8a4d70dea10b47b7b593bd"
351,1,12.8484848484848,0,0.770833333333334,0.385416666666667,8,"1;4;5;6;11;12","5db06c434145da533798c4c6acce018499b91126a1c244462915fa845ecf0518"
352,1,12.7878787878788,0,0.791666666666667,0.395833333333333,6,"1;4;5;7;8;9","5ce81d6c55c0f9661c0b227d7d58a8ec4015129fed368f704d43b57bf457def3"
353,1,12.8484848484848,0,0.770833333333334,0.385416666666667,8,"1;4;5;7;8;10","f726b39d9e52d24c9aae87afa402388db1eb58921f04054f3069a781ef00d2d2"
354,1,12.5454545454545,0,0.875,0.4375,4,"1;4;5;7;8;11","3060d0fc0b4a6d11f434344b0abb2779b05ab3fa8e463791db81dfa4cd72cf34"
355,1,12.6060606060606,0,0.854166666666667,0.427083333333333,6,"1;4;5;7;8;12","5954fe6c4d1ec477fd67ace81af8af90fde5e9cf71f65a5d549360d71237573c"
356,1,12.6060606060606,0,0.854166666666667,0.427083333333333,6,"1;4;5;7;9;10","9a2bd9d611b34fb387e1b70e24eae3e42d3753d7f37808600978d9a54197a684"
357,1,12.5454545454545,0,0.875,0.4375,4,"1;4;5;7;9;11","73c8d5465aede7b0b0e5adfc8551c1033edd13a7286a921179e70f1e4469adff"
358,1,12.8484848484848,0,0.770833333333334,0.385416666666667,8,"1;4;5;7;9;12","bd21112a7650672b0ec56ba864a848daca62e9aab3831fb03fc8ed0f9cd00f6f"
359,1,12.6060606060606,0,0.854166666666667,0.427083333333333,6,"1;4;5;7;10;11","0c9e1f5b61c6c83852dcc1ce15a6a6e854929ef4cc7a764798258bb74312d1d5"
360,1,12.5454545454545,0,0.875,0.4375,6,"1;4;5;7;10;12","c5b6a584ecf0153083f95e0330c20e3c7c9a2e350e0e3bd84481ce79a89970d2"
361,1,12.6060606060606,0,0.854166666666667,0.427083333333333,6,"1;4;5;7;11;12","6ecd48bbdb616e80face87355b36cd0f237fe80a6bd1e872d383485d149ec6f5"
362,1,12.5454545454545,0,0.875,0.4375,4,"1;4;5;8;9;10","7735324c17a6cbe1cf694c5b9f249d29a75142dd63fdcb64d6387a25fc5b6b29"
363,2,12.3636363636364,0.5,0.9375,0.71875,30,"1;4;5;8;9;11","12c49faf00495200afbe9c71b65dd8609d4952a9e722cbac49a856dd75d16fc8"
364,1,12.5454545454545,0,0.875,0.4375,4,"1;4;5;8;9;12","ce616c31a5f0b53d85891fa6aeec913fd69f55295006325f686bf016788e0fd6"
365,1,12.7878787878788,0,0.791666666666667,0.395833333333333,6,"1;4;5;8;10;11","1d5330111b16b0fe143ca7d82c38bdb6388cd81e526c3ba71f39a5688e9d5dd1"
366,1,12.6060606060606,0,0.854166666666667,0.427083333333333,6,"1;4;5;8;10;12","faff871c8ecb5f7a72ce2db576b0fe9766dfeed31d0892a43e77b1c912eacc48"
367,1,12.5454545454545,0,0.875,0.4375,4,"1;4;5;8;11;12","793e0688fab0bc8573fc6f28a46bd91114d529c9ba7627caa9a36d1fbacda56e"
368,1,12.5454545454545,0,0.875,0.4375,4,"1;4;5;9;10;11","7d948d0927a6bad4f19cac03d8b8430e54730b8c03f02cac080013f63ede4067"
369,1,12.6060606060606,0,0.854166666666667,0.427083333333333,6,"1;4;5;9;10;12","38a80460ec5f2d02ebcf6945f32b3707d3f93860410276b1bfa187580dc38e5a"
370,1,12.7878787878788,0,0.791666666666667,0.395833333333333,6,"1;4;5;9;11;12","8dfcc2aeb60593a64d6ce3d9d72d02b627c81c58c4842751c3789d0c3fe30157"
371,1,12.8484848484848,0,0.770833333333334,0.385416666666667,8,"1;4;5;10;11;12","580c62e1056616540553ef3b2f9a160e15e220c7dd959bc295c2ac3bcdae900e"
372,1,13.0909090909091,0,0.6875,0.34375,10,"1;4;6;7;8;9","51963bf7a1466c845e7d12532262b8f3abbc54c15870c5cf68e27cd40b3de5ef"
373,1,13.030303030303,0,0.708333333333333,0.354166666666667,10,"1;4;6;7;8;10","f187010fc85d1f68b2fd09ca5edf11864dc8b8664ec33f8907949206cbd33a1e"
374,1,12.6060606060606,0,0.854166666666667,0.427083333333333,6,"1;4;6;7;8;11","3fd1c4188d7fc0f000a99473e583611d8910b47e8b01eef8a97fcad504ddff7d"
375,1,12.5454545454545,0,0.875,0.4375,6,"1;4;6;7;8;12","40b8e40592af55b288170420708413b64c16774522fc6b6537437bceb4920a3e"
376,1,13.030303030303,0,0.708333333333333,0.354166666666667,10,"1;4;6;7;9;10","56cfbe17c3410d1debe4f3d11c4f6f27d5ac9d2d6920381e9cc97a7581c97452"
377,1,12.8484848484848,0,0.770833333333334,0.385416666666667,8,"1;4;6;7;9;11","2acee373a5232b762cc12e65d87d0de3d2516308a90fbebb6c08724972be87c2"
378,1,13.030303030303,0,0.708333333333333,0.354166666666667,10,"1;4;6;7;9;12","ce9fcc458080060d0918c8fee0bf6d1cab55dcc64c5a6746aede5fe75a0c183d"
379,1,12.7878787878788,0,0.791666666666667,0.395833333333333,8,"1;4;6;7;10;11","a56ae5235b72a6787d99461b0f68c869699fd7e1319aedba84a74709b9155fb7"
380,1,12.6060606060606,0,0.854166666666667,0.427083333333333,6,"1;4;6;7;10;12","06f9aa39f97f524d783d13742c1e9f5561fa16ce936e238bfa4c590f60499004"
381,1,12.5454545454545,0,0.875,0.4375,6,"1;4;6;7;11;12","fcc71b28e0d58be7f0043e9a690e9b3cb44dcfe182b34e8844780a7f1f7621e0"
382,1,12.8484848484848,0,0.770833333333334,0.385416666666667,8,"1;4;6;8;9;10","7678422f9d0c5ea06fd9f28ad211d1f9f073402e2d13dd762564095e6ba7ebcc"
383,1,12.5454545454545,0,0.875,0.4375,4,"1;4;6;8;9;11","75b25a91ed340c9020a2f2534f592c06f310835a2eaaab5d7b54975ed98023eb"
384,1,12.6060606060606,0,0.854166666666667,0.427083333333333,6,"1;4;6;8;9;12","cc77557f8ac7fc4b700ea66e2cbc2695acc050fbd0df922e7cbb4c27bb6b2d73"
385,1,12.8484848484848,0,0.770833333333334,0.385416666666667,8,"1;4;6;8;10;11","b310043b7bf6471d180b990141dea3c291dc6a3c278f2312dbb473d0afa0a542"
386,1,12.5454545454545,0,0.875,0.4375,6,"1;4;6;8;10;12","b93878ece1fc2729e3cff29b20f0e3eecee8e2c7f63f711659b7d84e58b2d203"
387,1,12.3636363636364,0,0.9375,0.46875,4,"1;4;6;8;11;12","039c96af4760963b76ef88ae1316846139642cfdbf87860a93263e4140ee7bcf"
388,1,12.8484848484848,0,0.770833333333334,0.385416666666667,8,"1;4;6;9;10;11","ce9ace5d23b7e4002224555397f4da375f43184d61007693ed26c7b499546f19"
389,1,12.7878787878788,0,0.791666666666667,0.395833333333333,8,"1;4;6;9;10;12","e21743bcb66025bb5053c815a810280e15427df6465d3f11ef220cf1b5bb9d7b"
390,1,12.8484848484848,0,0.770833333333334,0.385416666666667,8,"1;4;6;9;11;12","45a0a0593aa70d2bc8c5bc5cf3850e56ddab5e14d3610010e87f9c5790a5beb7"
391,1,12.7878787878788,0,0.791666666666667,0.395833333333333,8,"1;4;6;10;11;12","eacdf59efa797ab247b86a35020e98affd44f12fe31c8ef516d3ad2b3ec43fca"
392,1,13.0909090909091,0,0.6875,0.34375,10,"1;4;7;8;9;10","a8caaedd3784307b4aa94b5b94281818baa39c3f73df6ca3c73ec831fa35e578"
393,1,12.7878787878788,0,0.791666666666667,0.395833333333333,6,"1;4;7;8;9;11","cf0211ec6dfc3bd84902983a2c9d24623f6bdb48e18adb55233b7e933e66ee50"
394,1,12.8484848484848,0,0.770833333333334,0.385416666666667,8,"1;4;7;8;9;12","d3b2b5bd5282a8d79bb5680cd4ca1aa0b857f019a3c321ed1bf575309fae89c0"
395,1,13.0909090909091,0,0.6875,0.34375,10,"1;4;7;8;10;11","61dd8854fdb6ce827d5984d4285824516da2e87092f5addd9c356ca002978c25"
396,1,12.7878787878788,0,0.791666666666667,0.395833333333333,8,"1;4;7;8;10;12","6da09487554d9078b6f4ac1e707279282613c2e3caf2b5656dee92eba1e2652a"
397,1,12.6060606060606,0,0.854166666666667,0.427083333333333,6,"1;4;7;8;11;12","81f9c48cdc5df420bae163435d40ebf5215a31d2c247658eeaad8dd0cd3127d9"
398,1,12.8484848484848,0,0.770833333333334,0.385416666666667,8,"1;4;7;9;10;11","b749301d4a6b120ef734aa8e0982d5ed545657c7149c1ef7a051f60d692167c8"
399,1,12.7878787878788,0,0.791666666666667,0.395833333333333,8,"1;4;7;9;10;12","f97ac53e6153d9aa8537e6479abdbec862e9f61920bd7a8ffd061c256728e2be"
400,1,12.8484848484848,0,0.770833333333334,0.385416666666667,8,"1;4;7;9;11;12","909e57f18f0dd8ba1fa756bfad3a53d8dc4744e6f3af1abc87da8a48ed4192c3"
401,1,12.7878787878788,0,0.791666666666667,0.395833333333333,8,"1;4;7;10;11;12","299d037baa88567ab42cf57359ab69e9b763fd19a2c09c57f5ae3fb04ab9800d"
402,1,12.7878787878788,0,0.791666666666667,0.395833333333333,6,"1;4;8;9;10;11","2cf494f65601f79bc108d0b122ab9b4e3bef04e68a728edd5389925c64d8eec0"
403,1,12.6060606060606,0,0.854166666666667,0.427083333333333,6,"1;4;8;9;10;12","c82cd6d09877e4b62d25a19ddf74d38aed3b1d001ca42d2206cd0960018e2c44"
404,1,12.5454545454545,0,0.875,0.4375,4,"1;4;8;9;11;12","63e541c3020e4682d5d5308752f50239336c0750d445723489c49cadd44b094e"
405,1,12.8484848484848,0,0.770833333333334,0.385416666666667,8,"1;4;8;10;11;12","536d16aaa36be9a0f1154b6f3fb69ad54837421fea6982d993eeb8731b00bdaf"
406,1,12.8484848484848,0,0.770833333333334,0.385416666666667,8,"1;4;9;10;11;12","8f5b5ffb2a53e384cb741fd55c61b9bfd83c2644ebcb7c2429373b5d9c64ad74"
407,1,13.0909090909091,0,0.6875,0.34375,10,"1;5;6;7;8;9","4f90e3d395375db280a308db9588ecd8bb8f8f5fb105a1b0477cbb611baa455c"
408,1,12.7878787878788,0,0.791666666666667,0.395833333333333,8,"1;5;6;7;8;10","ca0a2fbb891e39b153e4e2c3661dc1026e740133ad29b8078a7a5535931b08eb"
409,1,12.6060606060606,0,0.854166666666667,0.427083333333333,6,"1;5;6;7;8;11","125ea73a6f2146c67fe7f33f79d3d48f4dbbd9beddd8d5cc4bb1bac3323c0479"
410,1,12.7878787878788,0,0.791666666666667,0.395833333333333,8,"1;5;6;7;8;12","d9bb52c238517b51435718d9340db7c90381a40e76a0a2751ff2938529f38d39"
411,1,12.7878787878788,0,0.791666666666667,0.395833333333333,8,"1;5;6;7;9;10","5923cef95b1fbe3858613ee409e3b70895b0d147232601b09a0216ff6d8ef0e3"
412,1,12.8484848484848,0,0.770833333333334,0.385416666666667,8,"1;5;6;7;9;11","2f21216f718e5f9c6452bebf00d49a900bb4af0ec84da6ed9ef5af8df79200e3"
413,1,13.2727272727273,0,0.625,0.3125,12,"1;5;6;7;9;12","b13d14afc5d7ac3a30228ec57161f0f4c640574d3a6b4df39b805c8dcb619a49"
414,1,12.5454545454545,0,0.875,0.4375,6,"1;5;6;7;10;11","cc7ec2019c920ed585c97d1f14e0c2e1e6811ac2e80a0fced041a0e267aa910a"
415,1,12.6060606060606,0,0.854166666666667,0.427083333333333,6,"1;5;6;7;10;12","f3bc05c3f81fa1dccd4ff988cbc3d44f76b72bc806e28afe491c03ff64aa65c4"
416,1,12.7878787878788,0,0.791666666666667,0.395833333333333,8,"1;5;6;7;11;12","93625aae94953dee323e9a5607f79b20406811001ae11c7b5caba4aac7841f4f"
417,1,12.6060606060606,0,0.854166666666667,0.427083333333333,6,"1;5;6;8;9;10","ae7902b6fb52bc7392004bea2e6e361c474ce7f77b2b9d70802c9f44bcaa81fb"
418,1,12.5454545454545,0,0.875,0.4375,4,"1;5;6;8;9;11","a837a7f2c2efea88db8d06fa2153917e845079531df46e6aeaa1442c37fac4de"
419,1,12.8484848484848,0,0.770833333333334,0.385416666666667,8,"1;5;6;8;9;12","f175bbbb62339d1d407411f71f60126ca521c198562cf501c7a1164fc9589dea"
420,1,12.6060606060606,0,0.854166666666667,0.427083333333333,6,"1;5;6;8;10;11","8c5810b981cd15b01dea5a08e122ff09dbce0671b70a34c14801666ce1220f9a"
421,1,12.5454545454545,0,0.875,0.4375,6,"1;5;6;8;10;12","c724c2f720f48d70ce4ea0e1afd72d765b94b1c437b2924ffe832ed252568242"
422,1,12.6060606060606,0,0.854166666666667,0.427083333333333,6,"1;5;6;8;11;12","77f1e9b33501460972676fade799d1eac29182dc8c59e3de45e0290ffbaac126"
423,1,12.6060606060606,0,0.854166666666667,0.427083333333333,6,"1;5;6;9;10;11","c98c0ab712b8fb4a3c8f4cd9c458604a7ee7b531bc0a3d929eaa273e32e54ffe"
424,1,12.7878787878788,0,0.791666666666667,0.395833333333333,8,"1;5;6;9;10;12","b6b4029d45ba6cce955565caabf8bae27894db502d2fd0a9c7758798ff589195"
425,1,13.0909090909091,0,0.6875,0.34375,10,"1;5;6;9;11;12","a634413231826393a7d12000d9a7efce13703402fab02d09e40ab04a8490a74a"
426,1,12.7878787878788,0,0.791666666666667,0.395833333333333,8,"1;5;6;10;11;12","86b33b326f2c2843c22d0034e0d85b53eabf868cb5fa331531bf6b3971d30eae"
427,1,12.8484848484848,0,0.770833333333334,0.385416666666667,8,"1;5;7;8;9;10","96f7e6a5ac9ee4f39e934cdd9bf2ff87d790b48e287b38432d6b270ea9a15890"
428,1,12.7878787878788,0,0.791666666666667,0.395833333333333,6,"1;5;7;8;9;11","c137747b7ba112d499bb2be2370202930a7a9ed8f64c4d27071de37a7dba5357"
429,1,13.0909090909091,0,0.6875,0.34375,10,"1;5;7;8;9;12","b53d472c9ea29e11b0ebfddf2f4d8e98e857e9a43d1f4f0364fb2613512df3da"
430,1,12.8484848484848,0,0.770833333333334,0.385416666666667,8,"1;5;7;8;10;11","b4c4dcde79576a89fe6927105159d3fbc7e9498c4ad4e97d5bbb549d205a6ee0"
431,1,12.7878787878788,0,0.791666666666667,0.395833333333333,8,"1;5;7;8;10;12","8569be82391c47dbeb81af91b5ccbfebc0343971508fbe332b812e5981b1496e"
432,1,12.8484848484848,0,0.770833333333334,0.385416666666667,8,"1;5;7;8;11;12","4b248d6799efdd829ecc385d755e2ac53c8459005ed62d0b585c23e2984df0a6"
433,1,12.6060606060606,0,0.854166666666667,0.427083333333333,6,"1;5;7;9;10;11","787b453fc3688bd617cc0ba46359929672fe8105e70e5ed66a6a533dbe6d804f"
434,1,12.7878787878788,0,0.791666666666667,0.395833333333333,8,"1;5;7;9;10;12","55f00967f7e1938876778248624354a78b368871bef8ef3156324210c496da29"
435,1,13.0909090909091,0,0.6875,0.34375,10,"1;5;7;9;11;12","d430faab03eb12fc19b542adaf2e4dfeb51206dabf83422be710b0edb543bc91"
436,1,12.7878787878788,0,0.791666666666667,0.395833333333333,8,"1;5;7;10;11;12","ccef797f3e4e68bd833936a527116bb5821e0b96738afa51539be3df77f336cb"
437,1,12.5454545454545,0,0.875,0.4375,4,"1;5;8;9;10;11","448323f5b73c232d3bdc1f9e543680d81a191d172146189dc4bfdbcec8fe2258"
438,1,12.6060606060606,0,0.854166666666667,0.427083333333333,6,"1;5;8;9;10;12","738729615d79c8c6058d462d028f134f2afcadf31eddc64759c8772e3d6915f0"
439,1,12.7878787878788,0,0.791666666666667,0.395833333333333,6,"1;5;8;9;11;12","fef29f4b6ad961c32167cce3d8760a5ff1c3c53b56e39aa5f619dbaaa3adfd44"
440,1,12.8484848484848,0,0.770833333333334,0.385416666666667,8,"1;5;8;10;11;12","77d6754d9ac812985024b05eacec3edfb0c87df32eb56dd859eacb1f42c3a000"
441,1,12.8484848484848,0,0.770833333333334,0.385416666666667,8,"1;5;9;10;11;12","28ad0159fba9a70d9c8b74ca5fd1fc89e227feb140cec13cdfb003d8454d475b"
442,1,13.030303030303,0,0.708333333333333,0.354166666666667,10,"1;6;7;8;9;10","f311e362f75588e7349923c89f357cefb82cbbc8d970e490657bc5fb36a9bf2d"
443,1,12.8484848484848,0,0.770833333333334,0.385416666666667,8,"1;6;7;8;9;11","a18a9d2ff60a77797866a41744991becad3f7ec91138d0f0d14e14409111bdd3"
444,1,13.030303030303,0,0.708333333333333,0.354166666666667,10,"1;6;7;8;9;12","96aa3ac45f5bd585b8afb8051cae7f8030a9d19261065e30ca827d137b3f7dd3"
445,1,12.7878787878788,0,0.791666666666667,0.395833333333333,8,"1;6;7;8;10;11","78e5e17917e1e68d982e8054a28a8417ebe0763a7f06f41dc712cfca3b1e4fef"
446,1,12.6060606060606,0,0.854166666666667,0.427083333333333,6,"1;6;7;8;10;12","389e93e7b50962982313ac70f2314fb1fdefa97ad7655b4c3fcc84926c18243c"
447,1,12.5454545454545,0,0.875,0.4375,6,"1;6;7;8;11;12","f63cc72a9c632d4aa8cf548fe899ffbc37bee5c6efe0eef635fcd9e14f526fa8"
448,1,12.7878787878788,0,0.791666666666667,0.395833333333333,8,"1;6;7;9;10;11","af2399be7c4d605a8b8b2f48e0e8008d2b7d107d891c0df5204e5aede65f7e00"
449,1,12.8484848484848,0,0.770833333333334,0.385416666666667,8,"1;6;7;9;10;12","a8350876b0b508205d58fdf3248c1dc1e770a3b2fcc9672afad7214a05600cfa"
450,1,13.030303030303,0,0.708333333333333,0.354166666666667,10,"1;6;7;9;11;12","f58591b956d8cf3132332461846d1994c014f11391e8ef94981c84d1f42ff754"
451,1,12.6060606060606,0,0.854166666666667,0.427083333333333,6,"1;6;7;10;11;12","26093f4ff86320f94bf150adee2aca660bd2b3a6825089f26a153f0d65902f0c"
452,1,12.6060606060606,0,0.854166666666667,0.427083333333333,6,"1;6;8;9;10;11","da0262d2fff13f063e458827a66b9230679d67466ae4d01dec4128aaa412ba67"
453,1,12.5454545454545,0,0.875,0.4375,6,"1;6;8;9;10;12","757d6ad880fccb559aac938d2e26d9c5dc22f39d6253f46a854a0c6d0c9b5004"
454,1,12.6060606060606,0,0.854166666666667,0.427083333333333,6,"1;6;8;9;11;12","144543b8c16d6cd7c99c3f4900e79c886e93580895e30f5a640efbae9bd96d63"
455,1,12.5454545454545,0,0.875,0.4375,6,"1;6;8;10;11;12","c3bcb1b65280770e02733d665fd673886ad9af939e0b4a996d674bec205631a9"
456,1,12.7878787878788,0,0.791666666666667,0.395833333333333,8,"1;6;9;10;11;12","8ff87815684170145facae96571e171cd2c2881034ceb8cea7f68ea0a95489a8"
457,1,13.0909090909091,0,0.6875,0.34375,10,"1;7;8;9;10;11","8045917bfb392fbe46520c16e856bf879d7609f326e61654dc9f4a34a91ff07c"
458,1,13.030303030303,0,0.708333333333333,0.354166666666667,10,"1;7;8;9;10;12","eee13838272d3654afbe05d932505128ec572d35b8a9566ee1e0aef82c0e9a7a"
459,1,13.0909090909091,0,0.6875,0.34375,10,"1;7;8;9;11;12","5f97ec050b40fe1b896fc2492b4c9358281d0848eb36dcec139224ae141df0f7"
460,1,13.030303030303,0,0.708333333333333,0.354166666666667,10,"1;7;8;10;11;12","0c1a762069ba49fef427886684567f30d9121e1cf778a4bef117598cf6dbfc3f"
461,1,13.030303030303,0,0.708333333333333,0.354166666666667,10,"1;7;9;10;11;12","3902406ac284d194d83aae80c35ebd5208b95de30c8c45669025328fee8aceb7"
462,1,12.8484848484848,0,0.770833333333334,0.385416666666667,8,"1;8;9;10;11;12","d13fcce667321b64876ff3a99a0ecdb48610293b9df090c5ba297dc78d193430"
463,1,12.8484848484848,0,0.770833333333334,0.385416666666667,8,"2;3;4;5;6;7","196e24bfb4b104e7be8583da4cd227677e2bfbdd9882367e21dd3a7f5f2243ea"
464,1,13.030303030303,0,0.708333333333333,0.354166666666667,10,"2;3;4;5;6;8","bf9393027eb39a7e73d84a2424cf0e4fce1a74e22d77768af0562372f3b287c3"
465,1,13.030303030303,0,0.708333333333333,0.354166666666667,10,"2;3;4;5;6;9","36fa6c7b146906303365fb8fdbc8ae5682b72397aee3df95807a2e774dc3406d"
466,1,13.0909090909091,0,0.6875,0.34375,10,"2;3;4;5;6;10","758a650de8b89a24abfe5045ce40bb980c004651e9960179a233fe44d9177605"
467,1,13.030303030303,0,0.708333333333333,0.354166666666667,10,"2;3;4;5;6;11","c739c48c869070b4e70230928a7814f3ee036bc8c04a24b275bd5069aba85538"
468,1,13.0909090909091,0,0.6875,0.34375,10,"2;3;4;5;6;12","1f4db384cb8055212e3135a311830499e7842143c0a3c92094434456da4bb2b2"
469,1,12.7878787878788,0,0.791666666666667,0.395833333333333,8,"2;3;4;5;7;8","54f32191593f06b75153263534a93ce088e53d90ebfc8e99c70e705d8c94d8ea"
470,1,12.5454545454545,0,0.875,0.4375,6,"2;3;4;5;7;9","6b0f66c31603dc00bc540627e1e8fdcc21341aaca2a32faddc82cddb07a0c48c"
471,1,12.6060606060606,0,0.854166666666667,0.427083333333333,6,"2;3;4;5;7;10","4cc13c70786596cfd11c0b4f2b7b49a3926b600457971410198576c8e5844000"
472,1,12.5454545454545,0,0.875,0.4375,6,"2;3;4;5;7;11","8005c4eff3024ab3ca1931915a3ff049251181a713d799c45fe8d195a6f77f23"
473,1,12.6060606060606,0,0.854166666666667,0.427083333333333,6,"2;3;4;5;7;12","cec661a79f1583d695796919e8db696e9b422aa1076505db826696b90ae70e9b"
474,1,12.6060606060606,0,0.854166666666667,0.427083333333333,6,"2;3;4;5;8;9","c0d611d74dbdfc198780d06292955959a9a9301185f276454dbec5de8875a578"
475,1,13.030303030303,0,0.708333333333333,0.354166666666667,10,"2;3;4;5;8;10","368de1affa630fa5afdedb8b7e0b15041b2066f37d739b326436b91def066be5"
476,1,12.8484848484848,0,0.770833333333334,0.385416666666667,8,"2;3;4;5;8;11","4d726f9e6600311809070a65bbbfac30f3997a46a9d54740e1feb09dc75f14c6"
477,1,12.7878787878788,0,0.791666666666667,0.395833333333333,8,"2;3;4;5;8;12","eaf5b5bb90211aca05d673c73dc9f95dc868d524f0b66a5a3de2bf9291020563"
478,1,12.5454545454545,0,0.875,0.4375,6,"2;3;4;5;9;10","fff6478b4292cbbfe8a2377269063bd5a6b91f568c81513093f3fcfb8bb71942"
479,1,12.6060606060606,0,0.854166666666667,0.427083333333333,6,"2;3;4;5;9;11","83bd64537286b07d35b7b8af7ffb9804aa8108b6bb7e7d16f209cb2a8bed6dc9"
480,1,12.7878787878788,0,0.791666666666667,0.395833333333333,8,"2;3;4;5;9;12","45c6ae9fa408c8888229a5dca4bae3b67ce8d1bb2a2d1de54f34edd0d3590388"
481,1,13.030303030303,0,0.708333333333333,0.354166666666667,10,"2;3;4;5;10;11","16fb3443915ef75d31c8ff236d95d8535c6dcd32ea8bf089b5ecdab4866c2fce"
482,1,12.8484848484848,0,0.770833333333334,0.385416666666667,8,"2;3;4;5;10;12","db95b2b7912fdcbf28e8e1077556a4287476e10f8f6f5d0c86a689e5319578be"
483,1,13.030303030303,0,0.708333333333333,0.354166666666667,10,"2;3;4;5;11;12","2c26100f48f75ce10a5b46598346c6abc292a988aea432da3213027068b397f8"
484,1,12.8484848484848,0,0.770833333333334,0.385416666666667,8,"2;3;4;6;7;8","d7360dca52eeb114f1f2504c64cab49de0e03a2b4c0566e60a5a2f580873e154"
485,1,12.8484848484848,0,0.770833333333334,0.385416666666667,8,"2;3;4;6;7;9","48432a6b74f6c73af1bb2a08c89af65c1b752be53c06b8ea12bbb5047a51db95"
486,1,12.7878787878788,0,0.791666666666667,0.395833333333333,6,"2;3;4;6;7;10","022ee9640c1e6be19bbf38b86041a6438d4989350c7170afc4b6e9002f06dd61"
487,1,12.6060606060606,0,0.854166666666667,0.427083333333333,6,"2;3;4;6;7;11","69cfe1f9222be39874db23713e3d974d8bc143cc2b43fd63e07435749dd1593b"
488,1,12.5454545454545,0,0.875,0.4375,4,"2;3;4;6;7;12","a4aaa17af3f3589863ced1e777a48ed581ba1de408125058977d460f87847426"
489,1,12.7878787878788,0,0.791666666666667,0.395833333333333,8,"2;3;4;6;8;9","61f175fec19da42dacacba449a13d1ac6f1d53c49c02f4f560c1ab550fccc79e"
490,1,13.0909090909091,0,0.6875,0.34375,10,"2;3;4;6;8;10","da73ec112fb459817fc4a41b150580576286af6ad62f7b5a144d728d5c66b836"
491,1,12.7878787878788,0,0.791666666666667,0.395833333333333,8,"2;3;4;6;8;11","c6b17603f9bbdd88c51c7e13d714e5c2b7d1fed6f797122747588f42b9dc1eeb"
492,1,12.6060606060606,0,0.854166666666667,0.427083333333333,6,"2;3;4;6;8;12","0560d5876d0cea70bf2bc394a57cc786791b442cf0d343e7245cf3a475b88fee"
493,1,12.8484848484848,0,0.770833333333334,0.385416666666667,8,"2;3;4;6;9;10","f30b03037955f7ee6a44499953517f445ddfc9db1968c1252c0945306e873f71"
494,1,12.7878787878788,0,0.791666666666667,0.395833333333333,8,"2;3;4;6;9;11","61c161a7e01afc1066f7ed5662c768f730d0d8525855587b2df444878f65a1e2"
495,1,12.8484848484848,0,0.770833333333334,0.385416666666667,8,"2;3;4;6;9;12","13092b17fdd8a30a0c4d876660a733e9cfcdeda6adf5b6249bbcbaf4ab60de37"
496,1,13.0909090909091,0,0.6875,0.34375,10,"2;3;4;6;10;11","4c94ee674dc70f13e512f1d72e74460851effc3c24a90331a34a35ec1bead8d7"
497,1,12.7878787878788,0,0.791666666666667,0.395833333333333,6,"2;3;4;6;10;12","e052b8c01a32a8ca9d5a2c36e38a0d9bbccfda57f855f918daf5e4e5e01ab358"
498,1,12.8484848484848,0,0.770833333333334,0.385416666666667,8,"2;3;4;6;11;12","c27102a051212db1fc9ddbc47a021e7d36bdb5e32411d29e477a02eed5c77b90"
499,1,12.7878787878788,0,0.791666666666667,0.395833333333333,8,"2;3;4;7;8;9","765db76de7cb5f2a09c35db6a194b904d0bebbad3f898f6b5f26f11f53235794"
500,1,13.0909090909091,0,0.6875,0.34375,10,"2;3;4;7;8;10","7c117601f47bbe6e972ebb9b3078bccce8de54b725d4806c6ce810ee42e411a8"
501,1,12.7878787878788,0,0.791666666666667,0.395833333333333,8,"2;3;4;7;8;11","826c42e2709a88872c22cc15d323ad570f70aff764935bd8809447d4dda2f0b1"
502,1,12.6060606060606,0,0.854166666666667,0.427083333333333,6,"2;3;4;7;8;12","1f28dba4a165f2bbff279db326c4421a7690ae66364efd6f011ccf6cce2f8637"
503,1,12.6060606060606,0,0.854166666666667,0.427083333333333,6,"2;3;4;7;9;10","d090b68f39b70f089d4146664211f342ed7bad714361798cb2365873ac8f758e"
504,1,12.5454545454545,0,0.875,0.4375,6,"2;3;4;7;9;11","a8f92030b0c3a49f317db23b9eb5638d69503275ed10d9d19913e6c55f6ac6e8"
505,1,12.6060606060606,0,0.854166666666667,0.427083333333333,6,"2;3;4;7;9;12","d923dcd496fb27f73ae12584c396133cee9e9edd7892cc72060a554d201e4357"
506,1,12.8484848484848,0,0.770833333333334,0.385416666666667,8,"2;3;4;7;10;11","a425756716e843795e8600f8e6ff9fa0e830f06ad13e4a161481f7f60d6d9e09"
507,1,12.5454545454545,0,0.875,0.4375,4,"2;3;4;7;10;12","693bd450ca2938ea713e02d73049d05f4ce37f8ec17296b70d632cfb587117e0"
508,1,12.6060606060606,0,0.854166666666667,0.427083333333333,6,"2;3;4;7;11;12","de562eefa22ac3e99830960fbb6c373365d6b022e28ea4eaa493d46a4ba77cd7"
509,1,12.7878787878788,0,0.791666666666667,0.395833333333333,8,"2;3;4;8;9;10","d6810b96f6d885e9f0dbaea5a0e4157fd68058b6282a0b612538fe1a3085601a"
510,1,12.6060606060606,0,0.854166666666667,0.427083333333333,6,"2;3;4;8;9;11","bcf5f7f7c46f51670dcb8dd00d0f5ec09e46e0afc878dd5713336c3cef75f8d4"
511,1,12.5454545454545,0,0.875,0.4375,6,"2;3;4;8;9;12","6cfe730b5352d825ee25050d65127d247fa39c8d4c4276110aa9310d4e8a7c37"
512,1,13.2727272727273,0,0.625,0.3125,12,"2;3;4;8;10;11","4cc29afbd3e85e3cebfa264992544c530c85786910a78053a5303fd875f9faa6"
513,1,12.8484848484848,0,0.770833333333334,0.385416666666667,8,"2;3;4;8;10;12","be13d047aa0ddb0e68df290ee7fbac6a25be9601c7a6780dd70546f611d4416b"
514,1,12.7878787878788,0,0.791666666666667,0.395833333333333,8,"2;3;4;8;11;12","c8b88601b83dfbf45121f8759376a2460a727895f2636f2bf3b0843d612db153"
515,1,12.7878787878788,0,0.791666666666667,0.395833333333333,8,"2;3;4;9;10;11","78f0427bf0cd447c247c9a875b39f88bdd23b5572c7070757ea1560686b639a4"
516,1,12.6060606060606,0,0.854166666666667,0.427083333333333,6,"2;3;4;9;10;12","7519fee90901e0c0adbdac3246f1cb034748ec3026f11d10072bb0b216674878"
517,1,12.7878787878788,0,0.791666666666667,0.395833333333333,8,"2;3;4;9;11;12","ca26c999c15621c1ababde3faf2064a088cfe38998c6b15ba307eac5b572890c"
518,1,13.0909090909091,0,0.6875,0.34375,10,"2;3;4;10;11;12","95c1aa0d0c31c5773591213c3be2935239ceb7d8ee8a6202f8c281cad4ef5f80"
519,1,12.8484848484848,0,0.770833333333334,0.385416666666667,8,"2;3;5;6;7;8","d762134003150d8b755b9f862a1c0a38969ed4079795ca40ef9c982a460d34b1"
520,1,12.8484848484848,0,0.770833333333334,0.385416666666667,8,"2;3;5;6;7;9","2d70b1c5eb139b83d623434b530c4afe1b5fb31b762caaf538fbc3f2a8ca91ce"
521,1,12.5454545454545,0,0.875,0.4375,4,"2;3;5;6;7;10","1833ed94c759a459f43155cb4fbbf2b6a39e23e56f408260306a055eee6c2434"
522,1,12.6060606060606,0,0.854166666666667,0.427083333333333,6,"2;3;5;6;7;11","9ad6a6865a7b6aa60a9b9b322dfa79b0ce82728c0a907200692061c47d1e2442"
523,1,12.7878787878788,0,0.791666666666667,0.395833333333333,6,"2;3;5;6;7;12","0060fea9e749aaf23eda40e32a602908af57d6cb1f427d3275b7576713a11555"
524,1,12.7878787878788,0,0.791666666666667,0.395833333333333,8,"2;3;5;6;8;9","13b7f31d4d53a35e44718504f5de8f14b4f5125435bffa08f3fcf09875380a7a"
525,1,12.8484848484848,0,0.770833333333334,0.385416666666667,8,"2;3;5;6;8;10","4fdb2d1a6886bee8a4b9abf6e8eecb976525d1c200353bedc47b97a03b81e2ba"
526,1,12.7878787878788,0,0.791666666666667,0.395833333333333,8,"2;3;5;6;8;11","57fc3c48e2d724597b2bd28128c387009cd9846834836376ab0c876d23572052"
527,1,12.8484848484848,0,0.770833333333334,0.385416666666667,8,"2;3;5;6;8;12","b25b48aa9ea04066f4b07decd99ddc122fa0aa544943ee37b4c19806c407faa9"
528,1,12.6060606060606,0,0.854166666666667,0.427083333333333,6,"2;3;5;6;9;10","1d84c7c641f55bef7f4aebed51947df6cccf5f5fe9d249539cad9bb783e0ff8c"
529,1,12.7878787878788,0,0.791666666666667,0.395833333333333,8,"2;3;5;6;9;11","4586cd592c66d8aad15b3e904f0aa443bf9ea082b4b4f7e18940575aa78ed714"
530,1,13.0909090909091,0,0.6875,0.34375,10,"2;3;5;6;9;12","a665e011bbac01f966148594317e0b4634cb59095b49623f55abbaf707ca02c3"
531,1,12.8484848484848,0,0.770833333333334,0.385416666666667,8,"2;3;5;6;10;11","9c6149d53f11a960c86635189cf6935393aaae98f2bb19b665da5df599f4e125"
532,1,12.7878787878788,0,0.791666666666667,0.395833333333333,6,"2;3;5;6;10;12","b501def102c9ee7371e36fc4406a30bac480b341ffee2cbe3f98956250fb84c0"
533,1,13.0909090909091,0,0.6875,0.34375,10,"2;3;5;6;11;12","c31b7a2504be88ee1894660142237a3ec516433189e6c236f5ebc0fa2ca13704"
534,1,12.7878787878788,0,0.791666666666667,0.395833333333333,8,"2;3;5;7;8;9","c40cbece757629d3ae8fa2e526299a6ff9251c47934ab38367a61a22e2fbc074"
535,1,12.8484848484848,0,0.770833333333334,0.385416666666667,8,"2;3;5;7;8;10","3b93468cd797d72f62e4552720feb3e837acfed0cab20c2406f6b5595bcc691f"
536,1,12.7878787878788,0,0.791666666666667,0.395833333333333,8,"2;3;5;7;8;11","b4e3b9934d1033d49f75d53f0280b4200f655676250f7c2f7cb9e8ebcfba83d5"
537,1,12.8484848484848,0,0.770833333333334,0.385416666666667,8,"2;3;5;7;8;12","4832f7febcd97e78f6c5790d77696306f6a5012406ec6b87d0ca2e0eb04ccd66"
538,1,12.3636363636364,0,0.9375,0.46875,4,"2;3;5;7;9;10","624b2b504a1a536d9da06e0b2c4de607fdd6b58dd50bc7d9763eb6b465d22dc4"
539,1,12.5454545454545,0,0.875,0.4375,6,"2;3;5;7;9;11","350768ec331374b2cc63917ba29ee3a5539f0c44ffdefd9c2b000cc905171c84"
540,1,12.8484848484848,0,0.770833333333334,0.385416666666667,8,"2;3;5;7;9;12","433e96c33fe69b04163cd1857d25d0a27d7842444936c1e9926923ee2cd9c7f4"
541,1,12.6060606060606,0,0.854166666666667,0.427083333333333,6,"2;3;5;7;10;11","d68638016717d772a14cbd82c646ae42ca5a5284ed621b8544fa6726b88a899e"
542,1,12.5454545454545,0,0.875,0.4375,4,"2;3;5;7;10;12","6ea3c077224b1b076af41c376edf6cb98ec2ee7119fdc15699f90719de6b2299"
543,1,12.8484848484848,0,0.770833333333334,0.385416666666667,8,"2;3;5;7;11;12","cae016f9c125fc8cabdee0eecb4ce08165ea3b8f8efa9f1a9d3b8de46394ca88"
544,1,12.5454545454545,0,0.875,0.4375,6,"2;3;5;8;9;10","295e7b0fe9418ddaf4f2b5394bf46f57da9bc04353a488f248b94992f2ccca50"
545,1,12.6060606060606,0,0.854166666666667,0.427083333333333,6,"2;3;5;8;9;11","e9564d797d47d20561b08a980f2fbd4f91b93c8101e39fc4e7099d58a9df951b"
546,1,12.7878787878788,0,0.791666666666667,0.395833333333333,8,"2;3;5;8;9;12","abcacfcaee67bb4da54d49795f3bafeb01a6e32251c6d20e7d663ec14deaf753"
547,1,13.030303030303,0,0.708333333333333,0.354166666666667,10,"2;3;5;8;10;11","e5954dc8cd77bc114348b455d1f929340ea9012b8f9a1a9c9190d67fe9dea445"
548,1,12.8484848484848,0,0.770833333333334,0.385416666666667,8,"2;3;5;8;10;12","5fe2e161b935f7da0d8c7476ad4c03483cbb0b30b17dafa05d4038ed2d9c3786"
549,1,13.030303030303,0,0.708333333333333,0.354166666666667,10,"2;3;5;8;11;12","db66c53043a2eda34f8f3d4d7d6fdea43006e374d664a0939845c770030e7d58"
550,1,12.5454545454545,0,0.875,0.4375,6,"2;3;5;9;10;11","da05852642ce3360569206513159b0a04e50af575845ad1aed494cc575dfa2b2"
551,1,12.6060606060606,0,0.854166666666667,0.427083333333333,6,"2;3;5;9;10;12","7d65ffaadd4f323596e2a032794fa660754cf0948ad624c406e83cd3f554662d"
552,1,13.030303030303,0,0.708333333333333,0.354166666666667,10,"2;3;5;9;11;12","9a2cfb6a4f0a2c71e8cfcb60b2bd1be77805b99e06377b1f288fc7338a92786e"
553,1,13.0909090909091,0,0.6875,0.34375,10,"2;3;5;10;11;12","1ea4128a09d0803dfaf7a57c919545987ea16c5693aee39a0fc36e9a5a8cf239"
554,1,12.8484848484848,0,0.770833333333334,0.385416666666667,8,"2;3;6;7;8;9","5b24cf0b59022c76fb73b04470189b19e094a90d2e86311b136eae572998467b"
555,1,12.7878787878788,0,0.791666666666667,0.395833333333333,6,"2;3;6;7;8;10","8e71a2b9cd4117cee44594374443d42f731e900eef2af63a79837b81d1385b06"
556,1,12.6060606060606,0,0.854166666666667,0.427083333333333,6,"2;3;6;7;8;11","a05275c7faad7074a998ecee7549afd2a5850500e087afa6e5ab4c6eff85a946"
557,1,12.5454545454545,0,0.875,0.4375,4,"2;3;6;7;8;12","e58e47f78ad8843ee585aaf249e531bdee8d62b7a5b79928190ed3b72fcd905b"
558,1,12.5454545454545,0,0.875,0.4375,4,"2;3;6;7;9;10","d1f2bc46837baa7c8ba931f0f90bb4bf29bedd15d7947e4c3812215fa3c9f0e5"
559,1,12.6060606060606,0,0.854166666666667,0.427083333333333,6,"2;3;6;7;9;11","d8892bfa9ea10f64d3247680caf9c8431e662bbea6a0396f383314595439ba11"
560,1,12.7878787878788,0,0.791666666666667,0.395833333333333,6,"2;3;6;7;9;12","0d4bdacf45d17aa6d306654169ce70f287a6729417285f3ab8801b79fc34a4c6"
561,1,12.5454545454545,0,0.875,0.4375,4,"2;3;6;7;10;11","d56f0d80523545104b0aa059f5fedc50673596ca7f25b93a5cd41856bd64ca63"
562,2,12.3636363636364,0.5,0.9375,0.71875,30,"2;3;6;7;10;12","81f6ba563febadb9500cf60abfb546c53969b0eba49d9eb787618ba85cbd5216"
563,1,12.5454545454545,0,0.875,0.4375,4,"2;3;6;7;11;12","43f05153727bc20c40ba8b6e9598c52a63357c1086d9bc064c6ab28a293bccb7"
564,1,12.6060606060606,0,0.854166666666667,0.427083333333333,6,"2;3;6;8;9;10","f94f731ee4b69daa1fc1e0cb59bc2b563f9f6402fa4b882948d14f037c2c82bd"
565,1,12.5454545454545,0,0.875,0.4375,6,"2;3;6;8;9;11","bf58ce6b5fd5e550bb1ff34fd11c91a0d29d52e3eb74cf4e7b7e79182f6adc37"
566,1,12.6060606060606,0,0.854166666666667,0.427083333333333,6,"2;3;6;8;9;12","6e62c799b909d5094558e125866431f9f340b9dca1feb56d9a8d58d5a835f822"
567,1,12.8484848484848,0,0.770833333333334,0.385416666666667,8,"2;3;6;8;10;11","5b8e230f50efdad3397bf5f498a8a9356cc3c66b64321e2108ca9a05dc95cd48"
568,1,12.5454545454545,0,0.875,0.4375,4,"2;3;6;8;10;12","4428352da4f842df21bfe0768ae6111511f76c3bbc75267e47f0083af5261224"
569,1,12.6060606060606,0,0.854166666666667,0.427083333333333,6,"2;3;6;8;11;12","329b5751b251b59aa3eb66eeee386a18aae260f74e1838647b8b74d4ff39b231"
570,1,12.6060606060606,0,0.854166666666667,0.427083333333333,6,"2;3;6;9;10;11","da16552f428d1dd1744902a998ff696c946c114dafa7ffef8d4f457a686304d1"
571,1,12.5454545454545,0,0.875,0.4375,4,"2;3;6;9;10;12","d25e585009965435498c868a53e8de6d75a8818ec805a0ae7f77b3a718cb008a"
572,1,12.8484848484848,0,0.770833333333334,0.385416666666667,8,"2;3;6;9;11;12","5b15c3d97721d23deb28182128d76c107c1b58f61a31d7da7ecac76ba8272a2e"
573,1,12.7878787878788,0,0.791666666666667,0.395833333333333,6,"2;3;6;10;11;12","3b4520b917bb2991431c9bceeeb70b4dff457ed4617ae4ae55e7852454768f03"
574,1,12.8484848484848,0,0.770833333333334,0.385416666666667,8,"2;3;7;8;9;10","a6a2b42e63ff8888a23c071b36722c27711fe1dad5894705f540b32161110bf0"
575,1,12.7878787878788,0,0.791666666666667,0.395833333333333,8,"2;3;7;8;9;11","23fe73a2e7d3160f704e87439a4924512249827f2920226efc9869371849ec6e"
576,1,12.8484848484848,0,0.770833333333334,0.385416666666667,8,"2;3;7;8;9;12","9b017ee8231ac576e03a139848031ead6707821a74d030516c9a80722666f99e"
577,1,13.0909090909091,0,0.6875,0.34375,10,"2;3;7;8;10;11","020b2ba2baa153fa4098477611cde0144f69ea76ccb12112f186a3c7a9b99377"
578,1,12.7878787878788,0,0.791666666666667,0.395833333333333,6,"2;3;7;8;10;12","8651f02f683f8e19c862f0c8c8df44a3d14a11be8091b14128d29777a1698072"
579,1,12.8484848484848,0,0.770833333333334,0.385416666666667,8,"2;3;7;8;11;12","691c9f74e8b474a7927e0b47642066fe73255c77da48a778dd732d6a7566ed3f"
580,1,12.6060606060606,0,0.854166666666667,0.427083333333333,6,"2;3;7;9;10;11","3e09dbf3d2290a497f5b36b11f7685053b36aeb860ea14e78cd45fc3750acb5f"
581,1,12.5454545454545,0,0.875,0.4375,4,"2;3;7;9;10;12","711aeae577a2a59ccd63ed9895ce67639bb8a36d7616b7865106caa1d878f302"
582,1,12.8484848484848,0,0.770833333333334,0.385416666666667,8,"2;3;7;9;11;12","8bc75e3125531b8fdb547e3580854fb863378c8aa114072891a92a136bb89ef6"
583,1,12.7878787878788,0,0.791666666666667,0.395833333333333,6,"2;3;7;10;11;12","c629a38679e2fda88d1b12a3edfc67387ee0c80627e2c751341620d177a8cb39"
584,1,12.7878787878788,0,0.791666666666667,0.395833333333333,8,"2;3;8;9;10;11","355f6f8c8f4d6d95b14923bc4bc7aacef537dcf34299529f137b1c23dde8ff83"
585,1,12.6060606060606,0,0.854166666666667,0.427083333333333,6,"2;3;8;9;10;12","d30ca701aa2910301300faa624dfb718753b1a740d8ebd5e03c38154a284b35c"
586,1,12.7878787878788,0,0.791666666666667,0.395833333333333,8,"2;3;8;9;11;12","afea1af1e21e1e21e759a12f90fa56a52835530e1fd7887e171da83e87fd0821"
587,1,13.0909090909091,0,0.6875,0.34375,10,"2;3;8;10;11;12","5da070e5e92f7ba70f398872f006186d6271f67369b5d34cded997445720ff73"
588,1,12.8484848484848,0,0.770833333333334,0.385416666666667,8,"2;3;9;10;11;12","1bf5693113ff60ef7899cb96a2326b688ce348d092321c12bce8874c49979219"
589,1,13.030303030303,0,0.708333333333333,0.354166666666667,10,"2;4;5;6;7;8","f0d3b2882bee08d7e98cf0ed3179403495e69bc4cb2b877c09af670437e6f1c6"
590,1,13.030303030303,0,0.708333333333333,0.354166666666667,10,"2;4;5;6;7;9","b46c4eaa7e792a1a8c6580189004297d47afcf2fce5aa9b692650e0cca179b16"
591,1,12.8484848484848,0,0.770833333333334,0.385416666666667,8,"2;4;5;6;7;10","fa230fcdbab2c435dbb54a8fefc095dc4dca06219095e23c449d5f06f45f125c"
592,1,12.5454545454545,0,0.875,0.4375,6,"2;4;5;6;7;11","8598fca9c8e611cc821d92403c392e03075c34abc4edd1f612a009fe9d26e6f1"
593,1,12.8484848484848,0,0.770833333333334,0.385416666666667,8,"2;4;5;6;7;12","fb7bfd5f3c15cbd8504c0142ed8ef21195c8d094c842b4bcbfc981878ec89507"
594,1,13.0909090909091,0,0.6875,0.34375,10,"2;4;5;6;8;9","5d97f4af3c7b3f86584d0806961b1c6f641af4b0267fcf0cfddd88a1dd7565a5"
595,1,13.2727272727273,0,0.625,0.3125,12,"2;4;5;6;8;10","7a204da60241a34eb77bfaed84f0f66346d47201bb2db4f6137d5bc7500a772c"
596,1,12.8484848484848,0,0.770833333333334,0.385416666666667,8,"2;4;5;6;8;11","0f12d3f58df2058349a8ad4f6fe65aa16b8dc3cca835d0d38d147efad236e638"
597,1,13.030303030303,0,0.708333333333333,0.354166666666667,10,"2;4;5;6;8;12","a260ae170346b05362c0a3d6ea0bceaf2bba802fbf0c357a00acecbf893ed7d8"
598,1,13.030303030303,0,0.708333333333333,0.354166666666667,10,"2;4;5;6;9;10","22f587c87ec035d46edbffa6139d484e76c490fefb7bab45a438c0a72065c7df"
599,1,12.8484848484848,0,0.770833333333334,0.385416666666667,8,"2;4;5;6;9;11","0735609e32cc24446525ca9d01d3545def48e820eb931443abed3d73a19524f1"
600,1,13.2727272727273,0,0.625,0.3125,12,"2;4;5;6;9;12","612373a639c69ca61a41d4588ec0ba8f631bfa42ebc44c76132d47547e0d8961"
601,1,13.030303030303,0,0.708333333333333,0.354166666666667,10,"2;4;5;6;10;11","0ee37451fef28616b0ce2f512e98b3e155af9d821819ff2352371045438cafb6"
602,1,13.0909090909091,0,0.6875,0.34375,10,"2;4;5;6;10;12","e25217d3f9d2861bf956e00b94ee0ba3665cb4a9761e2b1a3835dbcf90b5a58e"
603,1,13.030303030303,0,0.708333333333333,0.354166666666667,10,"2;4;5;6;11;12","da86f3301a6b8e0cdfb569a1e7015c9b5637330c966963fd2331bca74b19bb1d"
604,1,12.8484848484848,0,0.770833333333334,0.385416666666667,8,"2;4;5;7;8;9","93a07ad56195de9d650ef242f7e1ee9c53a08b2878cfd7594b104d7fd16bceb4"
605,1,13.030303030303,0,0.708333333333333,0.354166666666667,10,"2;4;5;7;8;10","c0fb0bc5e8235d71ca55219c461029958056fbf9a7facc272d4edb6e2fc5c628"
606,1,12.6060606060606,0,0.854166666666667,0.427083333333333,6,"2;4;5;7;8;11","8ae5981aaa1f466a4f01bf5083a9ddc96f5efe10b66c99e556e081c1c9db4e01"
607,1,12.7878787878788,0,0.791666666666667,0.395833333333333,8,"2;4;5;7;8;12","f25954687b0284088233a36cdecd8fcaca0def371ab9251c473d39a443badef8"
608,1,12.5454545454545,0,0.875,0.4375,6,"2;4;5;7;9;10","f535c61fbaed9b10e2bc66a1c3de2dca8dfc760d44733263da3f633e10ce6e2a"
609,1,12.3636363636364,0,0.9375,0.46875,4,"2;4;5;7;9;11","64cef669fcc9bcfe891ac2b7d9073024c4f99a1f16c63c5028338c0f5fdf66e0"
610,1,12.7878787878788,0,0.791666666666667,0.395833333333333,8,"2;4;5;7;9;12","51d07f7f8f4e85dce70b51f064dee464d56545651a710578c9cd62459664146c"
611,1,12.5454545454545,0,0.875,0.4375,6,"2;4;5;7;10;11","b4009caec6dd23d23a6ca832b9d51df3bf3fc8293ac6e67547e1e50f720d8d27"
612,1,12.6060606060606,0,0.854166666666667,0.427083333333333,6,"2;4;5;7;10;12","7ee73e8e1face3b1199d79ce48d0acec15bae69829091b08ce34010e30f51705"
613,1,12.5454545454545,0,0.875,0.4375,6,"2;4;5;7;11;12","309e2fd2e7c9f24843650e3e9006c9e680ae943a16f01fe385a7f2e056c8f65d"
614,1,12.8484848484848,0,0.770833333333334,0.385416666666667,8,"2;4;5;8;9;10","c6f8550ea06f95bbcb5d2c6cdb1bb0de14001eb99b37da37d6866cd41d32a052"
615,1,12.5454545454545,0,0.875,0.4375,4,"2;4;5;8;9;11","421c86f606a4e28fafc84ff471c70bbd3c074c4047ca2655b46ef0ccd42e275e"
616,1,12.8484848484848,0,0.770833333333334,0.385416666666667,8,"2;4;5;8;9;12","af4ef139860001c2326c700edf5d180dbaa2f450ddd8ba98047ed2efe14f5b6c"
617,1,13.0909090909091,0,0.6875,0.34375,10,"2;4;5;8;10;11","d993eeca6d60307822065cbb889bd275c710621f5234f81d6b8d98da188e10c4"
618,1,13.030303030303,0,0.708333333333333,0.354166666666667,10,"2;4;5;8;10;12","3362cf49560bb795425f051f970cbb80bd7d0040af5e5e5c62a4d73b3b8ed6c3"
619,1,12.8484848484848,0,0.770833333333334,0.385416666666667,8,"2;4;5;8;11;12","fd18b409bc04d87d97ec486ca6ea20fb6e8fd9b60760ec3e69adcfcef37d6228"
620,1,12.6060606060606,0,0.854166666666667,0.427083333333333,6,"2;4;5;9;10;11","a193fd9b5eae4cd616737582739da1fda71a8e05748df0c5910fdce27c10f931"
621,1,12.7878787878788,0,0.791666666666667,0.395833333333333,8,"2;4;5;9;10;12","67b7f455fcf02a5643eef47e55c3478450a7a50986b68521de2bfd7b2187e95b"
622,1,12.8484848484848,0,0.770833333333334,0.385416666666667,8,"2;4;5;9;11;12","82dbebae0861ecacac88bb3141316a600835be3133368ff226c6e0ff4f9f6b0b"
623,1,13.030303030303,0,0.708333333333333,0.354166666666667,10,"2;4;5;10;11;12","90a5151a7821506259d5f6661bfd398d77bd889168bf77a0fe74da969a22cc49"
624,1,13.030303030303,0,0.708333333333333,0.354166666666667,10,"2;4;6;7;8;9","505b0828b108360f033607ee844ec336ff2640ac11ac69148b311b3b1708c207"
625,1,13.0909090909091,0,0.6875,0.34375,10,"2;4;6;7;8;10","dadd2bde3cb8aeb1974c8dc4c2a3dd14d3f5e9268f775116dcc7baafd40cbad6"
626,1,12.5454545454545,0,0.875,0.4375,6,"2;4;6;7;8;11","be5dfc22ff3d12f2a536a02bed6fdd6f5aa52d6ef62723fc14e8e7d70af15be9"
627,1,12.6060606060606,0,0.854166666666667,0.427083333333333,6,"2;4;6;7;8;12","921fff2672af36ed770bd1c5882e7021ecc456ae6b128091d8eb229d4b715a6a"
628,1,12.8484848484848,0,0.770833333333334,0.385416666666667,8,"2;4;6;7;9;10","c1ebc350ec73c57ae1ab5f1ab0c6b6ca1e591b14deeb62e15617792b14a3593b"
629,1,12.5454545454545,0,0.875,0.4375,6,"2;4;6;7;9;11","5ef4e47a09cb595b35c895bb7f882bccb6a8e81257c4ccbf6f894cf43c962e03"
630,1,12.8484848484848,0,0.770833333333334,0.385416666666667,8,"2;4;6;7;9;12","a65a828ad773435fdc5e9b0e1565a3aa1e2ef174dc5bfd5c7038801389efa958"
631,1,12.6060606060606,0,0.854166666666667,0.427083333333333,6,"2;4;6;7;10;11","753729da4eed9af2e7c7b7faa9e059ca7f8f7515a480bf922835d56c6f30f266"
632,1,12.5454545454545,0,0.875,0.4375,4,"2;4;6;7;10;12","b4525a5e40e7350131088f81bf4ab28a0d8db6ed85fa6ad3daaad25d8f9eb91c"
633,1,12.3636363636364,0,0.9375,0.46875,4,"2;4;6;7;11;12","74d6c81369ea3f697311d24203e9742c49afc81598b0a826f6a732cd39cba1f6"
634,1,13.030303030303,0,0.708333333333333,0.354166666666667,10,"2;4;6;8;9;10","fcb9e47c31cce2a0ed8b20e5f03af117397726b29fb211b65f2a8c312eb3463b"
635,1,12.6060606060606,0,0.854166666666667,0.427083333333333,6,"2;4;6;8;9;11","98559bfa5ef972482e3c81ee5027c379834e76af5f7c37c9168cb9f1f740fbc6"
636,1,12.7878787878788,0,0.791666666666667,0.395833333333333,8,"2;4;6;8;9;12","3d88a0aaba4ad38e2649e558352686d0985c6e254c1a366780028a22eae7a7be"
637,1,13.030303030303,0,0.708333333333333,0.354166666666667,10,"2;4;6;8;10;11","8b13947a9215b7ff946e7bad9e17f6cef8bff2fd667bb30fc684f418e01e2809"
638,1,12.8484848484848,0,0.770833333333334,0.385416666666667,8,"2;4;6;8;10;12","2c11d328096d897e2330914a650e7eab7c4483dfeec5e570af43ff786574b5df"
639,1,12.5454545454545,0,0.875,0.4375,6,"2;4;6;8;11;12","ff24cadf2cdb57ec808d09262ff59c333be6395f1e250fe8e2295cc50068fe26"
640,1,12.7878787878788,0,0.791666666666667,0.395833333333333,8,"2;4;6;9;10;11","57d9e3f69f8a1bc7aca51e76dfe83ebd2009ae7ae342ea2efd9f31577f4dca11"
641,1,12.8484848484848,0,0.770833333333334,0.385416666666667,8,"2;4;6;9;10;12","0ef3381c59092b4d0da707ea37bfc200bc526e01e6e486521474a579d2d485a1"
642,1,12.7878787878788,0,0.791666666666667,0.395833333333333,8,"2;4;6;9;11;12","5f9ed3e6c762d9b6a4e9f37daf074825897bafb86c3df8e6b44c47d612edc12e"
643,1,12.8484848484848,0,0.770833333333334,0.385416666666667,8,"2;4;6;10;11;12","95d64c189d0d86fa4ff7201b48e4f7681da528fc250729afd311d3d3badafffc"
644,1,13.030303030303,0,0.708333333333333,0.354166666666667,10,"2;4;7;8;9;10","c96f4bf7e1d5927744028dc45d65692090e299a6c8a3b66959f5cef38d79dced"
645,1,12.6060606060606,0,0.854166666666667,0.427083333333333,6,"2;4;7;8;9;11","592f41a62cdffe9c61e08c63080d9ab72c95c5caae9d49fdc6ac1a0edfda3873"
646,1,12.7878787878788,0,0.791666666666667,0.395833333333333,8,"2;4;7;8;9;12","84b30499dc80ed96a0fd0014d64df4716a2e960667f083c84a9f13e6288cafb9"
647,1,13.030303030303,0,0.708333333333333,0.354166666666667,10,"2;4;7;8;10;11","667d0dba1ee2de7cd21072dc7777afb1a55da90ed7b78087fec6c14025b451fb"
648,1,12.8484848484848,0,0.770833333333334,0.385416666666667,8,"2;4;7;8;10;12","2283a16df3e580472afe60e59dd95f144d42ea71e32cbf5dec4b3ff3be2eb72f"
649,1,12.5454545454545,0,0.875,0.4375,6,"2;4;7;8;11;12","3aa08f25bc588976a010801fef5f68fa7a7350c6f5e6fc1e15c46eaf0c430b8a"
650,1,12.5454545454545,0,0.875,0.4375,6,"2;4;7;9;10;11","e7363db043fdd0bddf14d6b6cd9aebe85f3b4fdc17e788d27112fcd84ab87a8e"
651,1,12.6060606060606,0,0.854166666666667,0.427083333333333,6,"2;4;7;9;10;12","7945fe20c42772bf2a204c7fdb0c924c346583fff6f2ad827324b95295ee0aef"
652,1,12.5454545454545,0,0.875,0.4375,6,"2;4;7;9;11;12","673b5647f400c1b81f74362cc7921e6d03459ec97d0441811dc52bd30247a1be"
653,1,12.6060606060606,0,0.854166666666667,0.427083333333333,6,"2;4;7;10;11;12","1dbb946a29bc437c431f4fce34c24d14ecda6cc4552cfafee60740ea6563ecf0"
654,1,12.8484848484848,0,0.770833333333334,0.385416666666667,8,"2;4;8;9;10;11","6bdca59fcbac9942f8dd69b0e2933acbcc3c7fda4b6bf80277bef870f0b98cbf"
655,1,12.7878787878788,0,0.791666666666667,0.395833333333333,8,"2;4;8;9;10;12","255658199ee973ecb9f3b118023ed5794eb5dfd4968523daf5db7c8496d101ee"
656,1,12.6060606060606,0,0.854166666666667,0.427083333333333,6,"2;4;8;9;11;12","ceaae225eb52b952b2d40661972293b9d0b1bd4213f46e767dc644ca3eaa8ed0"
657,1,13.030303030303,0,0.708333333333333,0.354166666666667,10,"2;4;8;10;11;12","1ec6de4faf16c08e515631550cb017d3ef31e65ec0f30188bb54c46ea1d68178"
658,1,12.7878787878788,0,0.791666666666667,0.395833333333333,8,"2;4;9;10;11;12","70f87c88d860ff907bec77375bf12b29bac1cc17e9dfaa65694280877ef93a5a"
659,1,13.2727272727273,0,0.625,0.3125,12,"2;5;6;7;8;9","a3f1c76803cce6158fa84e35edb989511839ba41c1b8fb48bcb880583bb7af93"
660,1,13.0909090909091,0,0.6875,0.34375,10,"2;5;6;7;8;10","ad5f7c49e8a621b19179c3ad7d4bb1ad0d7f6d958358612ffd6cd71013ded5f6"
661,1,12.7878787878788,0,0.791666666666667,0.395833333333333,8,"2;5;6;7;8;11","1c812177794d36b59531fa655c3a4abee5eb4880c40ce634170fa45508def3e9"
662,1,13.0909090909091,0,0.6875,0.34375,10,"2;5;6;7;8;12","ffb69f46f718d6057c6526e283aae67bb44b2252be4dfccc29072830fa44f690"
663,1,12.8484848484848,0,0.770833333333334,0.385416666666667,8,"2;5;6;7;9;10","43938b48cfd1e10a7f8c093c47835c579e30a141b0e256f40704943032861339"
664,1,12.7878787878788,0,0.791666666666667,0.395833333333333,8,"2;5;6;7;9;11","ed002ac9f6170e61787ab5cfe8535b396c7c983ec22ec4dcd2abb7110dba7301"
665,1,13.3333333333333,0,0.604166666666667,0.302083333333333,12,"2;5;6;7;9;12","79e12e1d720f0aede2879cdd0deec5b06eb14d0b8aff5e2210b8dcacf71231d0"
666,1,12.6060606060606,0,0.854166666666667,0.427083333333333,6,"2;5;6;7;10;11","886d1b240e8bba7b6246fdc6bcd22aa5ab802e848f844680d6ebb61cae085d9c"
667,1,12.7878787878788,0,0.791666666666667,0.395833333333333,6,"2;5;6;7;10;12","c756eaf29d86d486b14cab49461daa4b7d10f229873f8ea39efbf832dba39661"
668,1,12.8484848484848,0,0.770833333333334,0.385416666666667,8,"2;5;6;7;11;12","af4c516b0f81cd413fddd498f39a84768d11ea22e24d0298fcd29df3de4c11fb"
669,1,13.030303030303,0,0.708333333333333,0.354166666666667,10,"2;5;6;8;9;10","0297659406170dcd4d3540b47f6e76d8afb5124ed8082a6eb5e11cbfc5f4170f"
670,1,12.8484848484848,0,0.770833333333334,0.385416666666667,8,"2;5;6;8;9;11","026fd48fc083ecb9f1b9b81e094483443fe1adec591659cc079d2cae9aa32a19"
671,1,13.2727272727273,0,0.625,0.3125,12,"2;5;6;8;9;12","f0fed2bf52203db2b82fce10a6a372ecc3a06a505ac864f8cd8f4a46af742e41"
672,1,13.030303030303,0,0.708333333333333,0.354166666666667,10,"2;5;6;8;10;11","cd5ddc77217cb5c662a7e412d4811c2db7e7c6457a50cbc482492823d9f9577c"
673,1,13.0909090909091,0,0.6875,0.34375,10,"2;5;6;8;10;12","ea59fa9d7d0c1143313cc93f91a50ae9e4449361a707bfeeb51e626b43f232d5"
674,1,13.030303030303,0,0.708333333333333,0.354166666666667,10,"2;5;6;8;11;12","2ddbd4801672814bf0b847da62ad1b15633888423bd6011066056f3c0c3b24de"
675,1,12.7878787878788,0,0.791666666666667,0.395833333333333,8,"2;5;6;9;10;11","bc9e9ec33b57d62cdc85fcda0f80598c6e14c85d386744854815a739084c4d9f"
676,1,13.0909090909091,0,0.6875,0.34375,10,"2;5;6;9;10;12","59105b71ce1a36c124aef8d02e8f6ec035f56554b404829387445638020ffd82"
677,1,13.2727272727273,0,0.625,0.3125,12,"2;5;6;9;11;12","3dab2a67db20858183f358b02e0d437103c0bbe3d1d98de168fe1402ba766b90"
678,1,13.0909090909091,0,0.6875,0.34375,10,"2;5;6;10;11;12","0e0f6930e41f5880a5a961a48fbd4fb881d10ed850774307f8637a7aa3e21cab"
679,1,13.030303030303,0,0.708333333333333,0.354166666666667,10,"2;5;7;8;9;10","c62cdb002ad5ed70b8398bb02b66404d95c008a2169bbbc436596f6988a01b70"
680,1,12.8484848484848,0,0.770833333333334,0.385416666666667,8,"2;5;7;8;9;11","732ba4d326ad2733a7a44be1c0a762f9c73a8d9a9ebb43f1cadf7bcd7711903c"
681,1,13.2727272727273,0,0.625,0.3125,12,"2;5;7;8;9;12","d2af82d975acfc79d8c85b360753168b8b2b72e6f1c6595ac823357b6970ecfc"
682,1,13.030303030303,0,0.708333333333333,0.354166666666667,10,"2;5;7;8;10;11","72830ce03f6dab988bd3b6bd6e3f5016a7db9befd3b492e1e3ffece903553b0e"
683,1,13.0909090909091,0,0.6875,0.34375,10,"2;5;7;8;10;12","2fd1336f9d751da66bcc631843b7a821fb8409c99da763f362a4d2d2c764e790"
684,1,13.030303030303,0,0.708333333333333,0.354166666666667,10,"2;5;7;8;11;12","eb931b39734688535f629a8735fd173beb83458db377acee81172afe69c0f45f"
685,1,12.5454545454545,0,0.875,0.4375,6,"2;5;7;9;10;11","c8d3c209c846576f84958c4fba5ceefb7e2627a0af7bbbb671103947cd1df977"
686,1,12.8484848484848,0,0.770833333333334,0.385416666666667,8,"2;5;7;9;10;12","f735123958174856c3203605f70a4db1d226b44b1c6b8a539d8b73846e709512"
687,1,13.030303030303,0,0.708333333333333,0.354166666666667,10,"2;5;7;9;11;12","3146111d6de344dc2d4918b3ac69f9cb1570052925eab6b42789e9e995e498e1"
688,1,12.8484848484848,0,0.770833333333334,0.385416666666667,8,"2;5;7;10;11;12","b2731f1ec35108b866395ca3d65e15fdec9631f6ea568003b9742b721c54a98b"
689,1,12.8484848484848,0,0.770833333333334,0.385416666666667,8,"2;5;8;9;10;11","03e21069c13b23eaad3eb34ff1ba11cc1f1fb20594c17e8530c4d1cef307f793"
690,1,13.030303030303,0,0.708333333333333,0.354166666666667,10,"2;5;8;9;10;12","d1db7eac130b5baeccbbef20604c5c1fcb60fbb2fb3e1b013606f3e9126bb5bd"
691,1,13.0909090909091,0,0.6875,0.34375,10,"2;5;8;9;11;12","d4ab9a80253fbdf788940cb32771c0cad170f90d154d755ca7e5f4a54e131ac3"
692,1,13.2727272727273,0,0.625,0.3125,12,"2;5;8;10;11;12","2b7395bc28674777ecb992071bd2ec58ec0b07c9e8bd84487fc2614386937834"
693,1,13.030303030303,0,0.708333333333333,0.354166666666667,10,"2;5;9;10;11;12","736550d0757351a283607a071a316be02d78449e05ff60472bf7fc6dd1d9cb48"
694,1,13.0909090909091,0,0.6875,0.34375,10,"2;6;7;8;9;10","dd2c95d9ec982f90fa7f3c7d25025e6b9b69a9d59ee51103af18c580f195c89e"
695,1,12.7878787878788,0,0.791666666666667,0.395833333333333,8,"2;6;7;8;9;11","102c480f4892e68381c220e44f93c9f307aad5a5b172d360c67b3b2e91e402f1"
696,1,13.0909090909091,0,0.6875,0.34375,10,"2;6;7;8;9;12","e3b4f99734575e42480ab8a181927a6ed24a78f10f6bfc4ebf141cf0b88fc9b0"
697,1,12.8484848484848,0,0.770833333333334,0.385416666666667,8,"2;6;7;8;10;11","69875807583038a148a9dee07abb760d64d12de02c533c73399de24d2c13bd5b"
698,1,12.7878787878788,0,0.791666666666667,0.395833333333333,6,"2;6;7;8;10;12","ccd2bbcd665f34365a181b77170a390edab6430cba83b133f472ce3b3fcf12fb"
699,1,12.6060606060606,0,0.854166666666667,0.427083333333333,6,"2;6;7;8;11;12","4e4b6838cc0b931b1f788ae4eb03aef73f34853ea69cd818de456ac3cdfe31c1"
700,1,12.6060606060606,0,0.854166666666667,0.427083333333333,6,"2;6;7;9;10;11","4fa0a632b639289d3c54a21b133ee5833b345b495b5355c6a33a9958ecb10aa5"
701,1,12.7878787878788,0,0.791666666666667,0.395833333333333,6,"2;6;7;9;10;12","681ac752df31e4ac4dcd95189bdd1963acd6655c50783540300af15c790c8e36"
702,1,12.8484848484848,0,0.770833333333334,0.385416666666667,8,"2;6;7;9;11;12","7fcd5a43b1dc7066a00cddf464d4822570e725bc8f08b5b32ce088cd17a0408b"
703,1,12.5454545454545,0,0.875,0.4375,4,"2;6;7;10;11;12","479f9e46b0f5024ed3b3e6d19439f4868651937f94924095fdb90f29021c0082"
704,1,12.7878787878788,0,0.791666666666667,0.395833333333333,8,"2;6;8;9;10;11","62678cede968a68adac1b5153bfdceab67bcac91bc4cb464b6b7b42a97a3c624"
705,1,12.8484848484848,0,0.770833333333334,0.385416666666667,8,"2;6;8;9;10;12","62592e6372dd64ec601e24d47b50fc016965804c668817b317e5a64d50563752"
706,1,12.7878787878788,0,0.791666666666667,0.395833333333333,8,"2;6;8;9;11;12","332c679bcf39598c013af5992088834f8df3309fbfc509925fbd949d8f7e8d04"
707,1,12.8484848484848,0,0.770833333333334,0.385416666666667,8,"2;6;8;10;11;12","253f8c7a0c975d908385a898d6a7b0839021e0b29f9e9859fe79609c1961c709"
708,1,12.8484848484848,0,0.770833333333334,0.385416666666667,8,"2;6;9;10;11;12","ab9ccce2c46e80274dda814ab610cdc54c6b057ed762050a11a8587769fa34f2"
709,1,13.030303030303,0,0.708333333333333,0.354166666666667,10,"2;7;8;9;10;11","a7ed63b6607a53fccde899b330c739fb8100777725a7f1333c801abcb4726eec"
710,1,13.0909090909091,0,0.6875,0.34375,10,"2;7;8;9;10;12","000a0f9f22214b1c86f7ac62b935ba44da91aeea020e74799f358ab432d9a77e"
711,1,13.030303030303,0,0.708333333333333,0.354166666666667,10,"2;7;8;9;11;12","8e633fbd42fa10765a590250cf9e597387b321a6deec7c45ca912cd612a2b4ba"
712,1,13.0909090909091,0,0.6875,0.34375,10,"2;7;8;10;11;12","8153a2d922114228dcdf5e83fadadf2f8b818369f4fda57277fc716476b127f2"
713,1,12.8484848484848,0,0.770833333333334,0.385416666666667,8,"2;7;9;10;11;12","490a1b14aa916cb3e85edd0fbf1df38392801ffe2e432f8772d1b8b294f04f96"
714,1,13.030303030303,0,0.708333333333333,0.354166666666667,10,"2;8;9;10;11;12","3a2cf59dedeb9b45b24651dbd3c238532a117d5a177956b2eae0e31ad3d867be"
715,1,12.7878787878788,0,0.791666666666667,0.395833333333333,8,"3;4;5;6;7;8","d0dfaa340efa21b406d6015f86207841746067417c7169522031c6f3fb6709d4"
716,1,13.030303030303,0,0.708333333333333,0.354166666666667,10,"3;4;5;6;7;9","5d3522f327e6fcf0b6373c006931fd7fd05a34b1d713de9d70525f76ddb4a1d6"
717,1,12.8484848484848,0,0.770833333333334,0.385416666666667,8,"3;4;5;6;7;10","3d041a4b1d09d35b0518af38abc856a53b7c90f6054caa7e4e63cb08f93c6b32"
718,1,12.7878787878788,0,0.791666666666667,0.395833333333333,8,"3;4;5;6;7;11","9ce9160c42b14414a9dc5d47665678d23a987aeffcf33f856ef9abaec437c26d"
719,1,12.8484848484848,0,0.770833333333334,0.385416666666667,8,"3;4;5;6;7;12","fbed638f7c6c629f3c959ca33e19a5dd9cae97b7b6f7bffd11e031de3436f638"
720,1,12.8484848484848,0,0.770833333333334,0.385416666666667,8,"3;4;5;6;8;9","69432b14edf232e1e89a617a3dbcc8e60e5d1af587d189f1f89e1d5c1b92b99d"
721,1,13.030303030303,0,0.708333333333333,0.354166666666667,10,"3;4;5;6;8;10","ee2cf9babee6a7312c1c722653ab81af00607b2c2b151e4e694b7c0b1834d917"
722,1,12.8484848484848,0,0.770833333333334,0.385416666666667,8,"3;4;5;6;8;11","99dc36a1c1f53d816d31ddb02dd212bce68b7f15bcba88a6bb23ff417b911d01"
723,1,12.7878787878788,0,0.791666666666667,0.395833333333333,8,"3;4;5;6;8;12","1665281a2cf75de7eb8dbbd4c5948d8c08bfcf6294ad97ce4f5a8e1cd4172a27"
724,1,13.030303030303,0,0.708333333333333,0.354166666666667,10,"3;4;5;6;9;10","c9a4f4d82ee6f2ed8aa5bae8ed341c17cbf310b64952120fd03d4609c0f76700"
725,1,13.0909090909091,0,0.6875,0.34375,10,"3;4;5;6;9;11","ec03dfaea5c43e03ae4eda52828b2c5bd7cd1ce61344849320265e9b8841113d"
726,1,13.2727272727273,0,0.625,0.3125,12,"3;4;5;6;9;12","7c44a677454817bc7afafa8aa641badf49cea1bc7d4a60a38d65cc874ddf726a"
727,1,13.2727272727273,0,0.625,0.3125,12,"3;4;5;6;10;11","af72ee596a177d3eb31e3758d4429b3a89cdb1c3f1c7a80e7d236688c3edeaba"
728,1,13.0909090909091,0,0.6875,0.34375,10,"3;4;5;6;10;12","def5a39f2fe8c8a24d3cb9fcae8d3579b1925cdfd38adcff4efe6bcd76834ee1"
729,1,13.2727272727273,0,0.625,0.3125,12,"3;4;5;6;11;12","9288d3c1060bf4303e58e46d8892528ee693de06d1630e4cd77ed2525f964854"
730,1,12.6060606060606,0,0.854166666666667,0.427083333333333,6,"3;4;5;7;8;9","3e39c9798ab2566fcf4d09c2eba6f594e0e3f5b7664d77f5af03fb4bfce674ab"
731,1,12.7878787878788,0,0.791666666666667,0.395833333333333,8,"3;4;5;7;8;10","dec476f58d8f47aa177367e750fa313da99e8b1ad6be5ca29567cd544a4f52d9"
732,1,12.6060606060606,0,0.854166666666667,0.427083333333333,6,"3;4;5;7;8;11","b41d364cde02288606022a27a1fec624542e1232ba8688b969d2869661da14a7"
733,1,12.5454545454545,0,0.875,0.4375,6,"3;4;5;7;8;12","f4c9810433fc211827bd35c23e563d102d771e4b841bf34ed94c68aa5e5dd36f"
734,1,12.5454545454545,0,0.875,0.4375,6,"3;4;5;7;9;10","b14c4096a1d774031448f8d36a46cafc1154a33107791b4fef4091223f32e7e0"
735,1,12.6060606060606,0,0.854166666666667,0.427083333333333,6,"3;4;5;7;9;11","d093866e1642c76275fd94fc0b8703b546e0196d285c11ad5e9ef3e39720ef5d"
736,1,12.7878787878788,0,0.791666666666667,0.395833333333333,8,"3;4;5;7;9;12","3890518401d2e65b0698f126745bb2bc64435aace5787e1899fbf49b75bcb094"
737,1,12.7878787878788,0,0.791666666666667,0.395833333333333,8,"3;4;5;7;10;11","9cf833d560d91d61071d8bd83a7e83231953c39ceebda00aefb5f5d36d2c5105"
738,1,12.6060606060606,0,0.854166666666667,0.427083333333333,6,"3;4;5;7;10;12","c3b71ec8dd4c426d55239d57e458c76ff4e23ee859da711d4c19fe05a1350bf2"
739,1,12.7878787878788,0,0.791666666666667,0.395833333333333,8,"3;4;5;7;11;12","e504d1b52a18b96e0ec571d5e26fcd9cbd316fe887a9868c504f3bfca6f0d396"
740,1,12.6060606060606,0,0.854166666666667,0.427083333333333,6,"3;4;5;8;9;10","79989b95554c928fd7d4ef8eb55f2c6d55a181d4dfad9a8faab9596d8f53030f"
741,1,12.5454545454545,0,0.875,0.4375,4,"3;4;5;8;9;11","8206606f6bddc5622c78af3ef6dc80a91d6d9f8981b68ff0441d5f1105eb557f"
742,1,12.6060606060606,0,0.854166666666667,0.427083333333333,6,"3;4;5;8;9;12","2cd8e1b3f5d09b3b1b24ebe945765c6c231462868ac55a6aad00298d04b070a9"
743,1,13.0909090909091,0,0.6875,0.34375,10,"3;4;5;8;10;11","940478aec756ffed3d21d8d9dfe425a987abf42a9f0b8cc4f337e3f9b9e00400"
744,1,12.7878787878788,0,0.791666666666667,0.395833333333333,8,"3;4;5;8;10;12","174508ad503299dc9c024fa4770a3d03814bb177152f78fa3cf3fe6df242b163"
745,1,12.8484848484848,0,0.770833333333334,0.385416666666667,8,"3;4;5;8;11;12","a3fd0890c9e34561fa15e52ff0b6bc4889eb46dcb4fc84b4574a1166bc75fa87"
746,1,12.8484848484848,0,0.770833333333334,0.385416666666667,8,"3;4;5;9;10;11","b6fb51a8e68b7599e3b2b0e87e0af9e9a45ec8b23d19b9fac69815fd7621cef0"
747,1,12.7878787878788,0,0.791666666666667,0.395833333333333,8,"3;4;5;9;10;12","9ef3992dcf1d08045b85e858dd86728b8d54e93d8d5cd35740e627a31197c10b"
748,1,13.0909090909091,0,0.6875,0.34375,10,"3;4;5;9;11;12","146e5a84f72c5d4da9b33fc9f1eb5ecd0093bd246eb61a532495c5a05e398f48"
749,1,13.2727272727273,0,0.625,0.3125,12,"3;4;5;10;11;12","72682b582c7654f2489b7fac2752e7c01d572c06ae567e8f73270529c5803d95"
750,1,13.030303030303,0,0.708333333333333,0.354166666666667,10,"3;4;6;7;8;9","7d306446a8dadd37effaf8b32d73e9066eac7a734a06659768ef3f1fd4b103bc"
751,1,13.0909090909091,0,0.6875,0.34375,10,"3;4;6;7;8;10","78ac7051cbcd5bb9560ff4f9d511805652bebe83ced75374cb1aa1b2f2f3272d"
752,1,12.7878787878788,0,0.791666666666667,0.395833333333333,8,"3;4;6;7;8;11","6f5a03731db139cd2d93df7c3de30e15566a930ecf49a71f1bd60ee2abf4a755"
753,1,12.6060606060606,0,0.854166666666667,0.427083333333333,6,"3;4;6;7;8;12","0732798ac6952f5c6106551d7d34fa42c88f81c43f7d0a7d25d619e41e4f61b7"
754,1,13.0909090909091,0,0.6875,0.34375,10,"3;4;6;7;9;10","9cda98edac82b2b17f19e983bb04cdb8172d9b872ece11d93d0cd8e09156cfa3"
755,1,13.030303030303,0,0.708333333333333,0.354166666666667,10,"3;4;6;7;9;11","9f441832aa469d57060ca5f7bb97add48212969771a84da8076c91972be54023"
756,1,13.0909090909091,0,0.6875,0.34375,10,"3;4;6;7;9;12","181ecb1ac02d3dae873ebc88454fc5dc2b59c7a9eb5ac9cb8f62f145393bbfdd"
757,1,13.0909090909091,0,0.6875,0.34375,10,"3;4;6;7;10;11","41009486307054ad92c7babca5a4d490e88f9c400e2a0edec2c47259e252b1f0"
758,1,12.7878787878788,0,0.791666666666667,0.395833333333333,6,"3;4;6;7;10;12","fa70aead55d1a3a2b78966277b0e5c4f67abca4e7b7ee13b306d810ae740d357"
759,1,12.8484848484848,0,0.770833333333334,0.385416666666667,8,"3;4;6;7;11;12","fbb5efae3b265b0a73746353b4b46c359262d328de1f9c34dbf459182c47215b"
760,1,13.030303030303,0,0.708333333333333,0.354166666666667,10,"3;4;6;8;9;10","28a3d6ca33f6aba6b7ec3a1ec30c8987e3d06ad006f647047650dd8261005116"
761,1,12.8484848484848,0,0.770833333333334,0.385416666666667,8,"3;4;6;8;9;11","28595b8903150e178312cb2265d30c97e0def45c5a2cb3d7eba51dfe6503e0dd"
762,1,12.7878787878788,0,0.791666666666667,0.395833333333333,8,"3;4;6;8;9;12","e04022e106ff5ed8327233dc6e2ecbfd08aeb7006b5bae0d98d8de7af2ed03d9"
763,1,13.2727272727273,0,0.625,0.3125,12,"3;4;6;8;10;11","ed0390bc00fb45dc30bc95c32bbc1d33e432d4f3bd4f8cc3f07a3615a8ba5f3a"
764,1,12.8484848484848,0,0.770833333333334,0.385416666666667,8,"3;4;6;8;10;12","9217a1149adcc1377f6f549364300594477b228f8205de7951c44d2a80872d26"
765,1,12.7878787878788,0,0.791666666666667,0.395833333333333,8,"3;4;6;8;11;12","e4727873a47772fbe130ad9a5146aac4688a86a93f7aa18dfa95719ef57f46fa"
766,1,13.2727272727273,0,0.625,0.3125,12,"3;4;6;9;10;11","626135531345ba41b68f57071401e44c73cb2301d741e60347650cc267b5ba88"
767,1,13.0909090909091,0,0.6875,0.34375,10,"3;4;6;9;10;12","a0c49b4647f14f0cf3ad0d125e11811cc968f5ed4907c7c139ec81dc5a923a27"
768,1,13.2727272727273,0,0.625,0.3125,12,"3;4;6;9;11;12","1b9620f93178b7650e59715b16a1c796af706cf4f82caba525ab2a2c59f6a45b"
769,1,13.3333333333333,0,0.604166666666667,0.302083333333333,12,"3;4;6;10;11;12","affa13f21490d7fd4392324188076df02dfc11e8523e451bd721b8035bd57d7e"
770,1,13.030303030303,0,0.708333333333333,0.354166666666667,10,"3;4;7;8;9;10","2f005db536fded3f6d4bdc4866d73d6d5280a4b8ac00899080ec2b28cccd5bbf"
771,1,12.8484848484848,0,0.770833333333334,0.385416666666667,8,"3;4;7;8;9;11","4dbea0cb6f6adcad11a3a52d974d057c35ea5c021915fab0b21d2ea226367b51"
772,1,12.7878787878788,0,0.791666666666667,0.395833333333333,8,"3;4;7;8;9;12","c401d99564b61dfabcdcb82ec2aff6705fec79f75a0a014324ed1c72f079d8e6"
773,1,13.2727272727273,0,0.625,0.3125,12,"3;4;7;8;10;11","806aa29e78f594d0e9b195c032186316e43256bbecaba97cf15f77087f172746"
774,1,12.8484848484848,0,0.770833333333334,0.385416666666667,8,"3;4;7;8;10;12","c044b56b96b2a5281145169bc8b68de075e96ddf8eb62909ce0b7b686ee5ccbf"
775,1,12.7878787878788,0,0.791666666666667,0.395833333333333,8,"3;4;7;8;11;12","5ba7ad994cae52575f03752069c0221b562de35c440d1b138416930b50db12b2"
776,1,13.030303030303,0,0.708333333333333,0.354166666666667,10,"3;4;7;9;10;11","5f9636d33481debefc24629f65c82dff2cb738dc84b1563bd987cbba22931162"
777,1,12.8484848484848,0,0.770833333333334,0.385416666666667,8,"3;4;7;9;10;12","25dea9146bf58f609d354a1645fa4859c9449a79de1646ebd142ea5f7d9da10c"
778,1,13.030303030303,0,0.708333333333333,0.354166666666667,10,"3;4;7;9;11;12","70f9b6846b88706353a7b0627bc8351f61a5d6515965b7d954ff644496130ae5"
779,1,13.0909090909091,0,0.6875,0.34375,10,"3;4;7;10;11;12","52c41fc9cb01a6f3a45e6f542b5acb0ba3ba6175ed1d8235708918dd16880425"
780,1,13.0909090909091,0,0.6875,0.34375,10,"3;4;8;9;10;11","95c6f5603d635354a9ba37dcb155038aa739f495086b168c6fd1fbd30c527cb4"
781,1,12.7878787878788,0,0.791666666666667,0.395833333333333,8,"3;4;8;9;10;12","52656661d94ee84d152600e26e4c9924381ac45c0eec573e669318d8eb40f6ed"
782,1,12.8484848484848,0,0.770833333333334,0.385416666666667,8,"3;4;8;9;11;12","20887a3f08c8cd19467761a5f1f063a3f89bd0a210541213bead8a8abb9feed1"
783,1,13.2727272727273,0,0.625,0.3125,12,"3;4;8;10;11;12","76b56eed798f5d8dfd03a3718c543a949adb2105843c23eaa43fa467b1b66f4f"
784,1,13.2727272727273,0,0.625,0.3125,12,"3;4;9;10;11;12","564b651fcbdb0a57f9bcccc1e271368737b569a18077a9d0b4e206d49d391204"
785,1,12.7878787878788,0,0.791666666666667,0.395833333333333,8,"3;5;6;7;8;9","d453163c63e2db690bc5b997fff635238f5cc39918192c6c5b34504523245e46"
786,1,12.6060606060606,0,0.854166666666667,0.427083333333333,6,"3;5;6;7;8;10","f40383c4c754ec31463c049600a27cb58f270251f2e256d7dc224821ad58c6b8"
787,1,12.5454545454545,0,0.875,0.4375,6,"3;5;6;7;8;11","272605be12674f335134a6ed9e42edd423aab0fed0c33e5e1a1ecad63c3ac45b"
788,1,12.6060606060606,0,0.854166666666667,0.427083333333333,6,"3;5;6;7;8;12","5b5217c963fa280e3d4f1e6b79547d6b52e725b73ba26214c65dac7378ba0fbf"
789,1,12.6060606060606,0,0.854166666666667,0.427083333333333,6,"3;5;6;7;9;10","6edbda5023f4e52ce44b1d5818e983b2b795bd1876b022a9d72cd12f811f8ebc"
790,1,12.7878787878788,0,0.791666666666667,0.395833333333333,8,"3;5;6;7;9;11","7fb3861a4f5d367f0411b232f5584b4374073f52569fc1e85a1a9c860e584dac"
791,1,13.0909090909091,0,0.6875,0.34375,10,"3;5;6;7;9;12","87c877ea72068476be1db63d19d77825e0e3caf9f8d661537b7293e28e44f212"
792,1,12.6060606060606,0,0.854166666666667,0.427083333333333,6,"3;5;6;7;10;11","6a59d2df38bcd9b4e0887b301d08c4473d9d88edade464f166b3f96aac6b6241"
793,1,12.5454545454545,0,0.875,0.4375,4,"3;5;6;7;10;12","76d7b8c168da90d15c497727b24bb5d2416fd8e5cef7c12d2f3e88cc4262abd4"
794,1,12.8484848484848,0,0.770833333333334,0.385416666666667,8,"3;5;6;7;11;12","54ec121fd75ac04223be99925940c942638b1f125efde3b054fdb1dc9ae0fae0"
795,1,12.5454545454545,0,0.875,0.4375,6,"3;5;6;8;9;10","6b1997809b4af582f2c35ed4a42550355f65d79f2835bf22226c2afe81ca2564"
796,1,12.6060606060606,0,0.854166666666667,0.427083333333333,6,"3;5;6;8;9;11","4a2842404695da67538b0838115a644b7dfa372f5f3863b05cf825a078a44ec7"
797,1,12.7878787878788,0,0.791666666666667,0.395833333333333,8,"3;5;6;8;9;12","88e7be9432227a49d3ad43efa2ebb6a4352f281c12f82a70fa32d091613206db"
798,1,12.7878787878788,0,0.791666666666667,0.395833333333333,8,"3;5;6;8;10;11","9696f622e983287b22eb8b9d219728fd0e7deb83356e725212541aa999c67daf"
799,1,12.6060606060606,0,0.854166666666667,0.427083333333333,6,"3;5;6;8;10;12","673833ec18c5c93bd8006f3207865d1524814aef769a2a231e644304e91b222b"
800,1,12.7878787878788,0,0.791666666666667,0.395833333333333,8,"3;5;6;8;11;12","1b71b1282329ca9b9f55bfc8333f89d89ba4a18e69abe72573fb665243e4a0c3"
801,1,12.7878787878788,0,0.791666666666667,0.395833333333333,8,"3;5;6;9;10;11","5c39f2a58138ebed5cf19087761e1ccaec6864b0338a65925712dbd6ef628543"
802,1,12.8484848484848,0,0.770833333333334,0.385416666666667,8,"3;5;6;9;10;12","2594d64b52af070bb96cbf269635ecb0725d681342fd761651eb1e490ad11a66"
803,1,13.2727272727273,0,0.625,0.3125,12,"3;5;6;9;11;12","79f67eec1bc9f54acb2f49330aa0ad86d066e3467e9aedf026a26636b53a5322"
804,1,13.0909090909091,0,0.6875,0.34375,10,"3;5;6;10;11;12","ec0e92de0938d33cd4b3c687cf5763db385c60fe21e849218f753b84fd2e6195"
805,1,12.5454545454545,0,0.875,0.4375,6,"3;5;7;8;9;10","5110d9b2c6bb865b269780f7021c37fba3948cb2d113d53101cc8ab562a0ebdb"
806,1,12.6060606060606,0,0.854166666666667,0.427083333333333,6,"3;5;7;8;9;11","30131f98493be8642e817b9726e2f6f20918f395b9dec5360bd14ee9a07eebd4"
807,1,12.7878787878788,0,0.791666666666667,0.395833333333333,8,"3;5;7;8;9;12","560ec85a2b8d463215931cd582aa3cfa9b77f47081f819064f8ee60017ccf69d"
808,1,12.7878787878788,0,0.791666666666667,0.395833333333333,8,"3;5;7;8;10;11","59c5eea18e34c7ecd4f0c801886a8fc397de9c1f951bfc9797ee402a34f6430b"
809,1,12.6060606060606,0,0.854166666666667,0.427083333333333,6,"3;5;7;8;10;12","5d730183e8d8072e6e8eebbb223ea6ad6b801eabb7fb1466abe792104afdc344"
810,1,12.7878787878788,0,0.791666666666667,0.395833333333333,8,"3;5;7;8;11;12","af36fc238f2b5cba96e768ab111c465c50bec1041a2923c289ea0a73e701dc47"
811,1,12.5454545454545,0,0.875,0.4375,6,"3;5;7;9;10;11","4013fc0d680093b21e8bc57354539592ccb245edab1897ed927b10d7d4a04371"
812,1,12.6060606060606,0,0.854166666666667,0.427083333333333,6,"3;5;7;9;10;12","3cc3222c3b16e28c1003efeae565a6d3838822ee821ba7d43cd054c284f6e81d"
813,1,13.030303030303,0,0.708333333333333,0.354166666666667,10,"3;5;7;9;11;12","0976fb296d689973db66a33404dd58683f494aea50ede576023cb3058029a31c"
814,1,12.8484848484848,0,0.770833333333334,0.385416666666667,8,"3;5;7;10;11;12","97c69aee415c2c2ef0982e94ecaca3ec95e0cb0baa70cb12867c876a91509576"
815,1,12.6060606060606,0,0.854166666666667,0.427083333333333,6,"3;5;8;9;10;11","8fe639f85d8635faa4fc3e54245e16a59a8b67bfbd06c178636170b4c515f201"
816,1,12.5454545454545,0,0.875,0.4375,6,"3;5;8;9;10;12","d29b74477347e33c5d72d0e142188f5abeaa8cbd4f251cc6375045630b76ca74"
817,1,12.8484848484848,0,0.770833333333334,0.385416666666667,8,"3;5;8;9;11;12","7b6e9e7b74ae231c07b060ec8db7e1db63362457b88a6357ff738cda44a5e069"
818,1,13.030303030303,0,0.708333333333333,0.354166666666667,10,"3;5;8;10;11;12","9e64e8c8deb929dd59c7f0764b3882ff977aed60e829b856c7831203d188983b"
819,1,13.030303030303,0,0.708333333333333,0.354166666666667,10,"3;5;9;10;11;12","125f77eca6f96256577aaea1e4ab6ac8ec93f3e261bfc0f4e2a23387ff895a69"
820,1,12.8484848484848,0,0.770833333333334,0.385416666666667,8,"3;6;7;8;9;10","0294d231f0479b6c3b47bf31c9d17c6cbc625824f45662e0d51bba5d94d70e3e"
821,1,12.7878787878788,0,0.791666666666667,0.395833333333333,8,"3;6;7;8;9;11","ede802e9494fff4473b3daec9b76bbdc9d5a0bbb7623caacd5edcb3f6e87e041"
822,1,12.8484848484848,0,0.770833333333334,0.385416666666667,8,"3;6;7;8;9;12","60e643e64442e666c9962016599e2678f998210d462343775f8582834c229c91"
823,1,12.8484848484848,0,0.770833333333334,0.385416666666667,8,"3;6;7;8;10;11","3295ea497f3907f30bf30c5833774663004940a5eb083d12266fd4e2632f4751"
824,1,12.5454545454545,0,0.875,0.4375,4,"3;6;7;8;10;12","9375cff1052289c344a9ce70e3a29fbdbee75aa9c013aaa6f1f5680546d1bb73"
825,1,12.6060606060606,0,0.854166666666667,0.427083333333333,6,"3;6;7;8;11;12","526126c83aea7ed1ef677e38633ecd0e8563bc4f5ffccd2cb92ecc09a0fb959a"
826,1,12.8484848484848,0,0.770833333333334,0.385416666666667,8,"3;6;7;9;10;11","fbc281edcfe9eb721db639a4f07da59a4e0fd53c8693c7dacf03de6ae5420e41"
827,1,12.7878787878788,0,0.791666666666667,0.395833333333333,6,"3;6;7;9;10;12","409edacb949c1561c9e8d5dd0acd3f980c9fc36f8b26fdc3936cc5982d36eaf9"
828,1,13.0909090909091,0,0.6875,0.34375,10,"3;6;7;9;11;12","e3d96bbb8d262c42460ea830b0c2c144fc67f42914c8661343bf7386373b2008"
829,1,12.7878787878788,0,0.791666666666667,0.395833333333333,6,"3;6;7;10;11;12","eb8c863612d5052fdc990b7ddd861d69dd1cc6ad684c991ec1b41d43c153ece7"
830,1,12.7878787878788,0,0.791666666666667,0.395833333333333,8,"3;6;8;9;10;11","99b9ce9b4eca35358fd72a249f4e1996215b7fe949652fd99f05ca084f92d59e"
831,1,12.6060606060606,0,0.854166666666667,0.427083333333333,6,"3;6;8;9;10;12","30d75cbf1c20e4dc88415e64a313655ec10c0cd83e24c889af1599d8404f1648"
832,1,12.7878787878788,0,0.791666666666667,0.395833333333333,8,"3;6;8;9;11;12","f8bd446f508a6a90702bf4265adf2dd7f21988022e8da6c087a3f7ddcb0dff98"
833,1,12.8484848484848,0,0.770833333333334,0.385416666666667,8,"3;6;8;10;11;12","cdb25eb97aad721d7a7ac8bc99d6724f5d2775b3a27ff3e206c66994f3a5d14e"
834,1,13.0909090909091,0,0.6875,0.34375,10,"3;6;9;10;11;12","3a2bcfa756551fdce02866bb13f601492bd12fc7f824973ad9fbd92155dbe79c"
835,1,13.030303030303,0,0.708333333333333,0.354166666666667,10,"3;7;8;9;10;11","9d459e96dea1b4fc095077684b3ac499e0212545a9ef471e2b7f21ec5de5417c"
836,1,12.8484848484848,0,0.770833333333334,0.385416666666667,8,"3;7;8;9;10;12","7de68009812c05ad29bdfbdd4a0c3a7acf23d61df39d413bf1696f9b0dcfa9fd"
837,1,13.030303030303,0,0.708333333333333,0.354166666666667,10,"3;7;8;9;11;12","8d5155ee865b23095c560b5662b9f5d6a525ff6c49cd16d909d4999b0e3491ed"
838,1,13.0909090909091,0,0.6875,0.34375,10,"3;7;8;10;11;12","70f5b45d2e080426adecd4be432ccbeca464f1053f940fc7d8160faa47a3abbc"
839,1,13.0909090909091,0,0.6875,0.34375,10,"3;7;9;10;11;12","b667421b6d1a098d29378422148290e52446b82f01db031f94f9da4b103c9141"
840,1,13.030303030303,0,0.708333333333333,0.354166666666667,10,"3;8;9;10;11;12","6cf99b678bea063b5d45483815bff988fb9d28403482f44af746f94b5b8a0afd"
841,1,13.0909090909091,0,0.6875,0.34375,10,"4;5;6;7;8;9","483f2900dcef0840399ffb16b97afffe272841228e3b6db2f70befd5524640cc"
842,1,13.030303030303,0,0.708333333333333,0.354166666666667,10,"4;5;6;7;8;10","409c97936ec707352be75f927844afa4ab7261ad7fc0260c2c069d60a7bc506a"
843,1,12.6060606060606,0,0.854166666666667,0.427083333333333,6,"4;5;6;7;8;11","5827c533bff9c784242b7bcc4c1782dd98e6cc2ff9191968de1259963cd868ce"
844,1,12.7878787878788,0,0.791666666666667,0.395833333333333,8,"4;5;6;7;8;12","372a953dcd1e5bfa04a8a2077a796afdf1d2ffa2dce59810c0de03b8a6a479e4"
845,1,13.030303030303,0,0.708333333333333,0.354166666666667,10,"4;5;6;7;9;10","229239555068b218eb0f028b6f867a890f3db4326d175063aa43697ab3baf5f4"
846,1,12.8484848484848,0,0.770833333333334,0.385416666666667,8,"4;5;6;7;9;11","9c57fa0c6c5a792fe57669577e31350074457bb18aa2d82355cda78977ed79ca"
847,1,13.2727272727273,0,0.625,0.3125,12,"4;5;6;7;9;12","7b7d1d270d67ec4cdb769b47cf6fdee12bc1b4b6605cc878424ca339bc602992"
848,1,12.7878787878788,0,0.791666666666667,0.395833333333333,8,"4;5;6;7;10;11","3cdb14d4a528f6eef8523b5a0bc20906d9b3550e5726b20124458f932f65980a"
849,1,12.8484848484848,0,0.770833333333334,0.385416666666667,8,"4;5;6;7;10;12","06f377aa12daea19d4a657ce755065843105423a86f0313012a190e32a984ba2"
850,1,12.7878787878788,0,0.791666666666667,0.395833333333333,8,"4;5;6;7;11;12","fbc08769d0a310addd769e718300cb4b8b3bedb0c6d8b2696f643dff99a5d6db"
851,1,13.0909090909091,0,0.6875,0.34375,10,"4;5;6;8;9;10","2fcd5896dc2c8e0d38c7c95b95fc28fb86259f1ef896208314721da9da5b076a"
852,1,12.7878787878788,0,0.791666666666667,0.395833333333333,6,"4;5;6;8;9;11","f2033e8690a44f2bf97f41ded99b013874fb0da3a9c5c05188c1e82fe39f178e"
853,1,13.0909090909091,0,0.6875,0.34375,10,"4;5;6;8;9;12","c94838f8d343b4fbe6175cb344a6541bfca4718b5d865bd143d8e7ada8e9ff68"
854,1,13.0909090909091,0,0.6875,0.34375,10,"4;5;6;8;10;11","e0dde607b504a1f2d99235a0def3b005bd550229720fbe6dae7b896b67bd209d"
855,1,13.030303030303,0,0.708333333333333,0.354166666666667,10,"4;5;6;8;10;12","98a4ce5ebb48ac1f5976d616581714502232dc8d21e59a8fcd9b2d6740d5378e"
856,1,12.8484848484848,0,0.770833333333334,0.385416666666667,8,"4;5;6;8;11;12","35add5ab64fd72169b2b13d10248bd9fc23b4a33608b502a9877cba90bd5ba80"
857,1,13.0909090909091,0,0.6875,0.34375,10,"4;5;6;9;10;11","1d2d396ed1ea14dcdf17aae31dc02b0029cb55802f3b7a6334c224b6e05db4fb"
858,1,13.2727272727273,0,0.625,0.3125,12,"4;5;6;9;10;12","d8fb3c03df91a48d4ec6131af8604bd4a4ad2b972cca056b9d308de6dd9c62d7"
859,1,13.3333333333333,0,0.604166666666667,0.302083333333333,12,"4;5;6;9;11;12","808089cac2fa469eafc663f4f29557303cca2e69ad8e29d8df7bd818116dfe49"
860,1,13.2727272727273,0,0.625,0.3125,12,"4;5;6;10;11;12","3a61341e4145d9040c8c2b2add95d3cd46458827de67e9e5132f98bb3540e467"
861,1,12.8484848484848,0,0.770833333333334,0.385416666666667,8,"4;5;7;8;9;10","1ccfa23ecf0dd246ff4d9bf0c8b5634f9058fa218554426a4761034038a807a5"
862,1,12.5454545454545,0,0.875,0.4375,4,"4;5;7;8;9;11","bd8d785575fb37c62bbf170e140fe9118fdd11b6d09ca32f379d99347e682199"
863,1,12.8484848484848,0,0.770833333333334,0.385416666666667,8,"4;5;7;8;9;12","486ddd23e9117e33c5fba9a8398e16cd8ff43b3d0cb5a578ba4dd7f730ed0812"
864,1,12.8484848484848,0,0.770833333333334,0.385416666666667,8,"4;5;7;8;10;11","3cfdd74a29efb8f5e19d94f64bf24e23d344c44dd171d688d973df5c68a8aebf"
865,1,12.7878787878788,0,0.791666666666667,0.395833333333333,8,"4;5;7;8;10;12","9a91f29c35fb7c954a7556c50a2f4f3f92e4cdb35c5e40c75d115fd97c9737f7"
866,1,12.6060606060606,0,0.854166666666667,0.427083333333333,6,"4;5;7;8;11;12","0ccaaf30bfbbe817b44f7d4d63951205fd91b7085db4eb3b6113b968a4d95e70"
867,1,12.6060606060606,0,0.854166666666667,0.427083333333333,6,"4;5;7;9;10;11","d660c172addaac705ef2ae61105fa43c3d51e13225ddbe3f81ec4d893c64356d"
868,1,12.7878787878788,0,0.791666666666667,0.395833333333333,8,"4;5;7;9;10;12","a735ba6df2103f820a2c16b23171b50c3a8becb9acbd7113f915633236e3b6d1"
869,1,12.8484848484848,0,0.770833333333334,0.385416666666667,8,"4;5;7;9;11;12","434220d6ab6a4806131714797b56bccadb56bdee9db64de2d85806866d32e9ac"
870,1,12.7878787878788,0,0.791666666666667,0.395833333333333,8,"4;5;7;10;11;12","ce13ffed0ada6e0da7aeb104339f9a55b334df25b6b5764e4560dd81e6318426"
871,1,12.7878787878788,0,0.791666666666667,0.395833333333333,6,"4;5;8;9;10;11","9c5da776055bd858c4d1917ab12a92c857a61fd68f7022ff4ddab622f6a84070"
872,1,12.8484848484848,0,0.770833333333334,0.385416666666667,8,"4;5;8;9;10;12","e19ddbb20f9daf6a32a9394c7360967549c0ca2fde4df15ed81a5d2b71fd04c8"
873,1,12.7878787878788,0,0.791666666666667,0.395833333333333,6,"4;5;8;9;11;12","dc64a8d346bf34746ff2b96f96d2d591c9aab9ecc1ee77f464c6f70d6bf6c367"
874,1,13.0909090909091,0,0.6875,0.34375,10,"4;5;8;10;11;12","ffad64d7c99368cf7efe00f4f5fdd1a250e4a7de355d8b88c4f7ce65a56eec5e"
875,1,13.0909090909091,0,0.6875,0.34375,10,"4;5;9;10;11;12","888cf1bda7cc1d3011f707ef8d57b6a8459af00cfd732113ccf4237985053475"
876,1,13.2727272727273,0,0.625,0.3125,12,"4;6;7;8;9;10","abac53ff46b9c194e63ad6c5c4e1a76c70cb8f3fa9a7ad3c88c688c340f17db7"
877,1,12.8484848484848,0,0.770833333333334,0.385416666666667,8,"4;6;7;8;9;11","a6197d534f81d05795dbcb9b01f1d3f6ca2b1ec9711acf9152b657368fa10624"
878,1,13.030303030303,0,0.708333333333333,0.354166666666667,10,"4;6;7;8;9;12","c082061000aba5afcfc1595552b08aedaf57fce087ce28d468d94e65001017b1"
879,1,13.030303030303,0,0.708333333333333,0.354166666666667,10,"4;6;7;8;10;11","fffffa74d40ba41f8ab2a3d7bb80e408c21e6c734227d53ffc0e287b12d5490e"
880,1,12.8484848484848,0,0.770833333333334,0.385416666666667,8,"4;6;7;8;10;12","448f1eb8b6b03bb89e1dbc65cb8c3fc52bda17b4975233f9dcbbd1b31c9d98b8"
881,1,12.5454545454545,0,0.875,0.4375,6,"4;6;7;8;11;12","ba16541b185445a33fd97e906774efd74cdfcc8fbe863c06e6f24b9941b0969e"
882,1,13.030303030303,0,0.708333333333333,0.354166666666667,10,"4;6;7;9;10;11","9c907a1791967e626d7b4017018f12ef353444f1b632a037c84c2a8afc2639a4"
883,1,13.0909090909091,0,0.6875,0.34375,10,"4;6;7;9;10;12","e6d06d7dda9e92fcb6d62b5511c59c4dbb8ab3799011fbb9bea82ebae75b7a43"
884,1,13.030303030303,0,0.708333333333333,0.354166666666667,10,"4;6;7;9;11;12","96e6560308650d2ea62be45c65ba1aca3ab332055e0847bd0b47cc7353d8e8bf"
885,1,12.8484848484848,0,0.770833333333334,0.385416666666667,8,"4;6;7;10;11;12","421a14e8aad5c9a897a8c95c932193c6c8efddf7b18d0874eda59b95629f8da2"
886,1,13.0909090909091,0,0.6875,0.34375,10,"4;6;8;9;10;11","e715ae2d9c4a30966e326fbc32c6fbc257fbebe75e600ba1804a4bc6fe212c8e"
887,1,13.030303030303,0,0.708333333333333,0.354166666666667,10,"4;6;8;9;10;12","416a48f458e92aedbc4de17f20ada727b259e71c097ccb2293669b038e09a040"
888,1,12.8484848484848,0,0.770833333333334,0.385416666666667,8,"4;6;8;9;11;12","f2e256407606cb90f4c100380d45f47e6a206036c18e6190eaef4a674300e2cb"
889,1,13.030303030303,0,0.708333333333333,0.354166666666667,10,"4;6;8;10;11;12","a530c1b468e3acc1d32be182d2e3499c18b294c5f92fe49cbc171e4ded795fb7"
890,1,13.2727272727273,0,0.625,0.3125,12,"4;6;9;10;11;12","45d8dfd4467f7399505fa7c5584c8f95311d5b44c726d37ffd2af066f16d7ca6"
891,1,13.0909090909091,0,0.6875,0.34375,10,"4;7;8;9;10;11","b6199b79c27fc1d1651facaead135e6529f5045c014ad25251395a055c66f3a0"
892,1,13.030303030303,0,0.708333333333333,0.354166666666667,10,"4;7;8;9;10;12","9e350b45e4a14016ae553384028cf9339eac5e72bd37b395a20f94ee5b0594e0"
893,1,12.8484848484848,0,0.770833333333334,0.385416666666667,8,"4;7;8;9;11;12","d0c875e2b054795efba41e19d27aaa4277fe50dc6d13240b553d114b79bce870"
894,1,13.030303030303,0,0.708333333333333,0.354166666666667,10,"4;7;8;10;11;12","8b24a4a0a3458a311d9904d162cba42073c35e9e2435ffa20b2493182d356b3c"
895,1,13.030303030303,0,0.708333333333333,0.354166666666667,10,"4;7;9;10;11;12","19c4d76b05685a761584dc1e945a8495a2b7ee9a72591c61aa7268457d578505"
896,1,13.0909090909091,0,0.6875,0.34375,10,"4;8;9;10;11;12","d0dafc77043f6261bdaaf5b95e264ca230f327122570e16f0027958bdd62ebe9"
897,1,13.030303030303,0,0.708333333333333,0.354166666666667,10,"5;6;7;8;9;10","551409af12da1cd0de4d9e8e24cc5119062ab6118e0b6d2ca6f73589f09bce0d"
898,1,12.8484848484848,0,0.770833333333334,0.385416666666667,8,"5;6;7;8;9;11","ca70cbb5d36bcf4de3457ca51383b8f07597192a106b9c6a18c9a59fef249998"
899,1,13.2727272727273,0,0.625,0.3125,12,"5;6;7;8;9;12","c5987cc0179b6e2fbe5a4b33adf49853387f35cb3149d9c7d6b9c9f1c9ba7ad8"
900,1,12.7878787878788,0,0.791666666666667,0.395833333333333,8,"5;6;7;8;10;11","8c0093e65c4678d43cfa3b0f3abf7913e0db6d468f5535b4dc17b27db20c4660"
901,1,12.8484848484848,0,0.770833333333334,0.385416666666667,8,"5;6;7;8;10;12","b8f1164b4788e87bacbf9ede724018bd82cc7ec1f30d51330c188bb2e1b2dd4b"
902,1,12.7878787878788,0,0.791666666666667,0.395833333333333,8,"5;6;7;8;11;12","fecc6fc951d7aa22ed0af1addd86f8db0d897a6d317da0219a711a8d305374aa"
903,1,12.7878787878788,0,0.791666666666667,0.395833333333333,8,"5;6;7;9;10;11","beb8b2bd2adc0b857f652f4ae0b523af83c9f643ecd8383698e67bdb4153fe01"
904,1,13.0909090909091,0,0.6875,0.34375,10,"5;6;7;9;10;12","e21e578d97ffd0e055b0f6b30f1bd9a1922db03597925e96478877553a20964b"
905,1,13.2727272727273,0,0.625,0.3125,12,"5;6;7;9;11;12","1b33bd5a60d3a9a16d37287dcd026ca57080ec47910a5481682ffbb209c02000"
906,1,12.8484848484848,0,0.770833333333334,0.385416666666667,8,"5;6;7;10;11;12","23902463305c6ffa4ea402109a35e6beb4c927522ef8b210e830dd50d5fdd549"
907,1,12.8484848484848,0,0.770833333333334,0.385416666666667,8,"5;6;8;9;10;11","fbc9ee2e2e8422d3741ca6203fbd7c465e23f6c79f03682f322bf79ed0091804"
908,1,13.030303030303,0,0.708333333333333,0.354166666666667,10,"5;6;8;9;10;12","8f97d031b33276eda8fa52e194fa60dd1804b0f70f04b5cd045f14a86312a293"
909,1,13.0909090909091,0,0.6875,0.34375,10,"5;6;8;9;11;12","5176ad406375b9ec0146f4ae5f8bee7328a4f2c76f97e0d3a71a44207310c945"
910,1,13.030303030303,0,0.708333333333333,0.354166666666667,10,"5;6;8;10;11;12","62294904c98335421d5dea2fe1b4d1d8d90ed736912dc60e669385abeddbb480"
911,1,13.2727272727273,0,0.625,0.3125,12,"5;6;9;10;11;12","eb8d86759f754bff21b2f152d91da5db0c6aebe8c03eede71746437cff554a6d"
912,1,12.8484848484848,0,0.770833333333334,0.385416666666667,8,"5;7;8;9;10;11","0029767de5e86e94e1a4ceb46e82a0b59ed26596b0a6ba17ce069c13375afc94"
913,1,13.030303030303,0,0.708333333333333,0.354166666666667,10,"5;7;8;9;10;12","6acbc6e9070988dbaab3f4fed66d72d87d7a378e4615156f04ed779436b97fc4"
914,1,13.0909090909091,0,0.6875,0.34375,10,"5;7;8;9;11;12","3b8da1a3a4ce8e373c1f2ace85df683dfca887f45980132bc249d238bb8f66e9"
915,1,13.030303030303,0,0.708333333333333,0.354166666666667,10,"5;7;8;10;11;12","37d652321ba5ec5d03c87c0aea90ce97d2c4af9f3912eb57e130726a948dc018"
916,1,13.030303030303,0,0.708333333333333,0.354166666666667,10,"5;7;9;10;11;12","a6db646933b8b7433d978ea46a2487011026a96d1a8f095187a2723e521b95ff"
917,1,13.0909090909091,0,0.6875,0.34375,10,"5;8;9;10;11;12","8c63926f721931460aecccb24f9620929218fb6fdc8cf841d20a9cdf9e1cb24a"
918,1,13.030303030303,0,0.708333333333333,0.354166666666667,10,"6;7;8;9;10;11","0e571fcb42f6562fd8597b6276846962a7c2b8ea5dcaa035219a405b190d87c8"
919,1,13.0909090909091,0,0.6875,0.34375,10,"6;7;8;9;10;12","3f230dcfef33b8b41dd79964abc7df5cc9a48b5efc55cea2e29cac408bbe72b5"
920,1,13.030303030303,0,0.708333333333333,0.354166666666667,10,"6;7;8;9;11;12","57985482fdb497464b4366a78ebd522742d173df4e6f5dfedddaf7ff5d0a353d"
921,1,12.8484848484848,0,0.770833333333334,0.385416666666667,8,"6;7;8;10;11;12","bc8637b44e3a76a9895cb2ea55e1b38ffb8acc31e2b87df1f5de049d2f2a5df9"
922,1,13.0909090909091,0,0.6875,0.34375,10,"6;7;9;10;11;12","79789445321799b9e8649bb02cdb3aaddf4ba4570a2d9226fd12f2ada7faf54d"
923,1,13.030303030303,0,0.708333333333333,0.354166666666667,10,"6;8;9;10;11;12","436b938b031030706d07678eda5927a0965e6d52337c066c24e00c953bb18763"
924,1,13.2727272727273,0,0.625,0.3125,12,"7;8;9;10;11;12","f7063c48eae4b31a40d6a6b3baff34ba8f5903d56105a3de19bc5c299ad30da6"
