"case","design_seed_id","stage","retry_id","seed","sharing"
"four_drug",1,"initial_design_shared",0,427678194,"shared by rank-conditioned SRS and the two unrestricted geometry searches in the paper subset; first full-rank draw is used"
"four_drug",1,"initial_design_shared",1,427678195,"shared by rank-conditioned SRS and the two unrestricted geometry searches in the paper subset; first full-rank draw is used"
"four_drug",1,"initial_design_shared",2,427678196,"shared by rank-conditioned SRS and the two unrestricted geometry searches in the paper subset; first full-rank draw is used"
"four_drug",1,"initial_design_shared",3,427678197,"shared by rank-conditioned SRS and the two unrestricted geometry searches in the paper subset; first full-rank draw is used"
"four_drug",1,"initial_design_shared",4,427678198,"shared by rank-conditioned SRS and the two unrestricted geometry searches in the paper subset; first full-rank draw is used"
"four_drug",1,"initial_design_shared",5,427678199,"shared by rank-conditioned SRS and the two unrestricted geometry searches in the paper subset; first full-rank draw is used"
"four_drug",1,"initial_design_shared",6,427678200,"shared by rank-conditioned SRS and the two unrestricted geometry searches in the paper subset; first full-rank draw is used"
"four_drug",1,"initial_design_shared",7,427678201,"shared by rank-conditioned SRS and the two unrestricted geometry searches in the paper subset; first full-rank draw is used"
"four_drug",1,"initial_design_shared",8,427678202,"shared by rank-conditioned SRS and the two unrestricted geometry searches in the paper subset; first full-rank draw is used"
"four_drug",1,"initial_design_shared",9,427678203,"shared by rank-conditioned SRS and the two unrestricted geometry searches in the paper subset; first full-rank draw is used"
"four_drug",1,"initial_design_shared",10,191269109,"shared by rank-conditioned SRS and the two unrestricted geometry searches in the paper subset; first full-rank draw is used"
"four_drug",1,"initial_design_shared",11,191269110,"shared by rank-conditioned SRS and the two unrestricted geometry searches in the paper subset; first full-rank draw is used"
"four_drug",1,"initial_design_shared",12,191269111,"shared by rank-conditioned SRS and the two unrestricted geometry searches in the paper subset; first full-rank draw is used"
"four_drug",1,"initial_design_shared",13,191269112,"shared by rank-conditioned SRS and the two unrestricted geometry searches in the paper subset; first full-rank draw is used"
"four_drug",1,"initial_design_shared",14,191269113,"shared by rank-conditioned SRS and the two unrestricted geometry searches in the paper subset; first full-rank draw is used"
"four_drug",1,"initial_design_shared",15,191269114,"shared by rank-conditioned SRS and the two unrestricted geometry searches in the paper subset; first full-rank draw is used"
"four_drug",1,"initial_design_shared",16,191269115,"shared by rank-conditioned SRS and the two unrestricted geometry searches in the paper subset; first full-rank draw is used"
"four_drug",1,"initial_design_shared",17,191269116,"shared by rank-conditioned SRS and the two unrestricted geometry searches in the paper subset; first full-rank draw is used"
"four_drug",1,"initial_design_shared",18,191269117,"shared by rank-conditioned SRS and the two unrestricted geometry searches in the paper subset; first full-rank draw is used"
"four_drug",1,"initial_design_shared",19,191269118,"shared by rank-conditioned SRS and the two unrestricted geometry searches in the paper subset; first full-rank draw is used"
"four_drug",1,"initial_design_shared",20,191269240,"shared by rank-conditioned SRS and the two unrestricted geometry searches in the paper subset; first full-rank draw is used"
"four_drug",1,"initial_design_shared",21,191269241,"shared by rank-conditioned SRS and the two unrestricted geometry searches in the paper subset; first full-rank draw is used"
"four_drug",1,"initial_design_shared",22,191269242,"shared by rank-conditioned SRS and the two unrestricted geometry searches in the paper subset; first full-rank draw is used"
"four_drug",1,"initial_design_shared",23,191269243,"shared by rank-conditioned SRS and the two unrestricted geometry searches in the paper subset; first full-rank draw is used"
"four_drug",1,"initial_design_shared",24,191269244,"shared by rank-conditioned SRS and the two unrestricted geometry searches in the paper subset; first full-rank draw is used"
"four_drug",1,"initial_design_shared",25,191269245,"shared by rank-conditioned SRS and the two unrestricted geometry searches in the paper subset; first full-rank draw is used"
"four_drug",1,"initial_design_shared",26,191269246,"shared by rank-conditioned SRS and the two unrestricted geometry searches in the paper subset; first full-rank draw is used"
"four_drug",1,"initial_design_shared",27,191269247,"shared by rank-conditioned SRS and the two unrestricted geometry searches in the paper subset; first full-rank draw is used"
"four_drug",1,"initial_design_shared",28,191269248,"shared by rank-conditioned SRS and the two unrestricted geometry searches in the paper subset; first full-rank draw is used"
"four_drug",1,"initial_design_shared",29,191269249,"shared by rank-conditioned SRS and the two unrestricted geometry searches in the paper subset; first full-rank draw is used"
"four_drug",1,"initial_design_shared",30,191269371,"shared by rank-conditioned SRS and the two unrestricted geometry searches in the paper subset; first full-rank draw is used"
"four_drug",1,"initial_design_shared",31,191269372,"shared by rank-conditioned SRS and the two unrestricted geometry searches in the paper subset; first full-rank draw is used"
"four_drug",1,"initial_design_shared",32,191269373,"shared by rank-conditioned SRS and the two unrestricted geometry searches in the paper subset; first full-rank draw is used"
"four_drug",1,"initial_design_shared",33,191269374,"shared by rank-conditioned SRS and the two unrestricted geometry searches in the paper subset; first full-rank draw is used"
"four_drug",1,"initial_design_shared",34,191269375,"shared by rank-conditioned SRS and the two unrestricted geometry searches in the paper subset; first full-rank draw is used"
"four_drug",1,"initial_design_shared",35,191269376,"shared by rank-conditioned SRS and the two unrestricted geometry searches in the paper subset; first full-rank draw is used"
"four_drug",1,"initial_design_shared",36,191269377,"shared by rank-conditioned SRS and the two unrestricted geometry searches in the paper subset; first full-rank draw is used"
"four_drug",1,"initial_design_shared",37,191269378,"shared by rank-conditioned SRS and the two unrestricted geometry searches in the paper subset; first full-rank draw is used"
"four_drug",1,"initial_design_shared",38,191269379,"shared by rank-conditioned SRS and the two unrestricted geometry searches in the paper subset; first full-rank draw is used"
"four_drug",1,"initial_design_shared",39,191269380,"shared by rank-conditioned SRS and the two unrestricted geometry searches in the paper subset; first full-rank draw is used"
"four_drug",1,"initial_design_shared",40,191269502,"shared by rank-conditioned SRS and the two unrestricted geometry searches in the paper subset; first full-rank draw is used"
"four_drug",1,"initial_design_shared",41,191269503,"shared by rank-conditioned SRS and the two unrestricted geometry searches in the paper subset; first full-rank draw is used"
"four_drug",1,"initial_design_shared",42,191269504,"shared by rank-conditioned SRS and the two unrestricted geometry searches in the paper subset; first full-rank draw is used"
"four_drug",1,"initial_design_shared",43,191269505,"shared by rank-conditioned SRS and the two unrestricted geometry searches in the paper subset; first full-rank draw is used"
"four_drug",1,"initial_design_shared",44,191269506,"shared by rank-conditioned SRS and the two unrestricted geometry searches in the paper subset; first full-rank draw is used"
"four_drug",1,"initial_design_shared",45,191269507,"shared by rank-conditioned SRS and the two unrestricted geometry searches in the paper subset; first full-rank draw is used"
"four_drug",1,"initial_design_shared",46,191269508,"shared by rank-conditioned SRS and the two unrestricted geometry searches in the paper subset; first full-rank draw is used"
"four_drug",1,"initial_design_shared",47,191269509,"shared by rank-conditioned SRS and the two unrestricted geometry searches in the paper subset; first full-rank draw is used"
"four_drug",1,"initial_design_shared",48,191269510,"shared by rank-conditioned SRS and the two unrestricted geometry searches in the paper subset; first full-rank draw is used"
"four_drug",1,"initial_design_shared",49,191269511,"shared by rank-conditioned SRS and the two unrestricted geometry searches in the paper subset; first full-rank draw is used"
"four_drug",1,"initial_design_shared",50,191269633,"shared by rank-conditioned SRS and the two unrestricted geometry searches in the paper subset; first full-rank draw is used"
"four_drug",1,"sa_move_shared",0,623928609,"retry 0 is paired across unrestricted Hamming and position-L2; later deterministic retries are used only after a rank failure"
"four_drug",1,"sa_move_shared",1,623928610,"retry 0 is paired across unrestricted Hamming and position-L2; later deterministic retries are used only after a rank failure"
"four_drug",1,"sa_move_shared",2,623928611,"retry 0 is paired across unrestricted Hamming and position-L2; later deterministic retries are used only after a rank failure"
"four_drug",1,"sa_move_shared",3,623928612,"retry 0 is paired across unrestricted Hamming and position-L2; later deterministic retries are used only after a rank failure"
"four_drug",1,"sa_move_shared",4,623928613,"retry 0 is paired across unrestricted Hamming and position-L2; later deterministic retries are used only after a rank failure"
"four_drug",1,"sa_move_shared",5,623928614,"retry 0 is paired across unrestricted Hamming and position-L2; later deterministic retries are used only after a rank failure"
"four_drug",1,"sa_move_shared",6,623928615,"retry 0 is paired across unrestricted Hamming and position-L2; later deterministic retries are used only after a rank failure"
"four_drug",1,"sa_move_shared",7,623928616,"retry 0 is paired across unrestricted Hamming and position-L2; later deterministic retries are used only after a rank failure"
"four_drug",1,"sa_move_shared",8,623928617,"retry 0 is paired across unrestricted Hamming and position-L2; later deterministic retries are used only after a rank failure"
"four_drug",1,"sa_move_shared",9,623928618,"retry 0 is paired across unrestricted Hamming and position-L2; later deterministic retries are used only after a rank failure"
"four_drug",1,"sa_move_shared",10,130269926,"retry 0 is paired across unrestricted Hamming and position-L2; later deterministic retries are used only after a rank failure"
"four_drug",1,"sa_move_shared",11,130269927,"retry 0 is paired across unrestricted Hamming and position-L2; later deterministic retries are used only after a rank failure"
"four_drug",1,"sa_move_shared",12,130269928,"retry 0 is paired across unrestricted Hamming and position-L2; later deterministic retries are used only after a rank failure"
"four_drug",1,"sa_move_shared",13,130269929,"retry 0 is paired across unrestricted Hamming and position-L2; later deterministic retries are used only after a rank failure"
"four_drug",1,"sa_move_shared",14,130269930,"retry 0 is paired across unrestricted Hamming and position-L2; later deterministic retries are used only after a rank failure"
"four_drug",1,"sa_move_shared",15,130269931,"retry 0 is paired across unrestricted Hamming and position-L2; later deterministic retries are used only after a rank failure"
"four_drug",1,"sa_move_shared",16,130269932,"retry 0 is paired across unrestricted Hamming and position-L2; later deterministic retries are used only after a rank failure"
"four_drug",1,"sa_move_shared",17,130269933,"retry 0 is paired across unrestricted Hamming and position-L2; later deterministic retries are used only after a rank failure"
"four_drug",1,"sa_move_shared",18,130269934,"retry 0 is paired across unrestricted Hamming and position-L2; later deterministic retries are used only after a rank failure"
"four_drug",1,"sa_move_shared",19,130269935,"retry 0 is paired across unrestricted Hamming and position-L2; later deterministic retries are used only after a rank failure"
"four_drug",1,"sa_move_shared",20,130270057,"retry 0 is paired across unrestricted Hamming and position-L2; later deterministic retries are used only after a rank failure"
"four_drug",1,"sa_move_shared",21,130270058,"retry 0 is paired across unrestricted Hamming and position-L2; later deterministic retries are used only after a rank failure"
"four_drug",1,"sa_move_shared",22,130270059,"retry 0 is paired across unrestricted Hamming and position-L2; later deterministic retries are used only after a rank failure"
"four_drug",1,"sa_move_shared",23,130270060,"retry 0 is paired across unrestricted Hamming and position-L2; later deterministic retries are used only after a rank failure"
"four_drug",1,"sa_move_shared",24,130270061,"retry 0 is paired across unrestricted Hamming and position-L2; later deterministic retries are used only after a rank failure"
"four_drug",1,"sa_move_shared",25,130270062,"retry 0 is paired across unrestricted Hamming and position-L2; later deterministic retries are used only after a rank failure"
"four_drug",1,"sa_move_shared",26,130270063,"retry 0 is paired across unrestricted Hamming and position-L2; later deterministic retries are used only after a rank failure"
"four_drug",1,"sa_move_shared",27,130270064,"retry 0 is paired across unrestricted Hamming and position-L2; later deterministic retries are used only after a rank failure"
"four_drug",1,"sa_move_shared",28,130270065,"retry 0 is paired across unrestricted Hamming and position-L2; later deterministic retries are used only after a rank failure"
"four_drug",1,"sa_move_shared",29,130270066,"retry 0 is paired across unrestricted Hamming and position-L2; later deterministic retries are used only after a rank failure"
"four_drug",1,"sa_move_shared",30,130270188,"retry 0 is paired across unrestricted Hamming and position-L2; later deterministic retries are used only after a rank failure"
"four_drug",1,"sa_move_shared",31,130270189,"retry 0 is paired across unrestricted Hamming and position-L2; later deterministic retries are used only after a rank failure"
"four_drug",1,"sa_move_shared",32,130270190,"retry 0 is paired across unrestricted Hamming and position-L2; later deterministic retries are used only after a rank failure"
"four_drug",1,"sa_move_shared",33,130270191,"retry 0 is paired across unrestricted Hamming and position-L2; later deterministic retries are used only after a rank failure"
"four_drug",1,"sa_move_shared",34,130270192,"retry 0 is paired across unrestricted Hamming and position-L2; later deterministic retries are used only after a rank failure"
"four_drug",1,"sa_move_shared",35,130270193,"retry 0 is paired across unrestricted Hamming and position-L2; later deterministic retries are used only after a rank failure"
"four_drug",1,"sa_move_shared",36,130270194,"retry 0 is paired across unrestricted Hamming and position-L2; later deterministic retries are used only after a rank failure"
"four_drug",1,"sa_move_shared",37,130270195,"retry 0 is paired across unrestricted Hamming and position-L2; later deterministic retries are used only after a rank failure"
"four_drug",1,"sa_move_shared",38,130270196,"retry 0 is paired across unrestricted Hamming and position-L2; later deterministic retries are used only after a rank failure"
"four_drug",1,"sa_move_shared",39,130270197,"retry 0 is paired across unrestricted Hamming and position-L2; later deterministic retries are used only after a rank failure"
"four_drug",1,"sa_move_shared",40,130270319,"retry 0 is paired across unrestricted Hamming and position-L2; later deterministic retries are used only after a rank failure"
"four_drug",1,"sa_move_shared",41,130270320,"retry 0 is paired across unrestricted Hamming and position-L2; later deterministic retries are used only after a rank failure"
"four_drug",1,"sa_move_shared",42,130270321,"retry 0 is paired across unrestricted Hamming and position-L2; later deterministic retries are used only after a rank failure"
"four_drug",1,"sa_move_shared",43,130270322,"retry 0 is paired across unrestricted Hamming and position-L2; later deterministic retries are used only after a rank failure"
"four_drug",1,"sa_move_shared",44,130270323,"retry 0 is paired across unrestricted Hamming and position-L2; later deterministic retries are used only after a rank failure"
"four_drug",1,"sa_move_shared",45,130270324,"retry 0 is paired across unrestricted Hamming and position-L2; later deterministic retries are used only after a rank failure"
"four_drug",1,"sa_move_shared",46,130270325,"retry 0 is paired across unrestricted Hamming and position-L2; later deterministic retries are used only after a rank failure"
"four_drug",1,"sa_move_shared",47,130270326,"retry 0 is paired across unrestricted Hamming and position-L2; later deterministic retries are used only after a rank failure"
"four_drug",1,"sa_move_shared",48,130270327,"retry 0 is paired across unrestricted Hamming and position-L2; later deterministic retries are used only after a rank failure"
"four_drug",1,"sa_move_shared",49,130270328,"retry 0 is paired across unrestricted Hamming and position-L2; later deterministic retries are used only after a rank failure"
"four_drug",1,"sa_move_shared",50,130270450,"retry 0 is paired across unrestricted Hamming and position-L2; later deterministic retries are used only after a rank failure"
"four_drug",2,"initial_design_shared",0,1800458376,"shared by rank-conditioned SRS and the two unrestricted geometry searches in the paper subset; first full-rank draw is used"
"four_drug",2,"initial_design_shared",1,1800458377,"shared by rank-conditioned SRS and the two unrestricted geometry searches in the paper subset; first full-rank draw is used"
"four_drug",2,"initial_design_shared",2,1800458378,"shared by rank-conditioned SRS and the two unrestricted geometry searches in the paper subset; first full-rank draw is used"
"four_drug",2,"initial_design_shared",3,1800458379,"shared by rank-conditioned SRS and the two unrestricted geometry searches in the paper subset; first full-rank draw is used"
"four_drug",2,"initial_design_shared",4,1800458380,"shared by rank-conditioned SRS and the two unrestricted geometry searches in the paper subset; first full-rank draw is used"
"four_drug",2,"initial_design_shared",5,1800458381,"shared by rank-conditioned SRS and the two unrestricted geometry searches in the paper subset; first full-rank draw is used"
"four_drug",2,"initial_design_shared",6,1800458382,"shared by rank-conditioned SRS and the two unrestricted geometry searches in the paper subset; first full-rank draw is used"
"four_drug",2,"initial_design_shared",7,1800458383,"shared by rank-conditioned SRS and the two unrestricted geometry searches in the paper subset; first full-rank draw is used"
"four_drug",2,"initial_design_shared",8,1800458384,"shared by rank-conditioned SRS and the two unrestricted geometry searches in the paper subset; first full-rank draw is used"
"four_drug",2,"initial_design_shared",9,1800458385,"shared by rank-conditioned SRS and the two unrestricted geometry searches in the paper subset; first full-rank draw is used"
"four_drug",2,"initial_design_shared",10,1784331744,"shared by rank-conditioned SRS and the two unrestricted geometry searches in the paper subset; first full-rank draw is used"
"four_drug",2,"initial_design_shared",11,1784331745,"shared by rank-conditioned SRS and the two unrestricted geometry searches in the paper subset; first full-rank draw is used"
"four_drug",2,"initial_design_shared",12,1784331746,"shared by rank-conditioned SRS and the two unrestricted geometry searches in the paper subset; first full-rank draw is used"
"four_drug",2,"initial_design_shared",13,1784331747,"shared by rank-conditioned SRS and the two unrestricted geometry searches in the paper subset; first full-rank draw is used"
"four_drug",2,"initial_design_shared",14,1784331748,"shared by rank-conditioned SRS and the two unrestricted geometry searches in the paper subset; first full-rank draw is used"
"four_drug",2,"initial_design_shared",15,1784331749,"shared by rank-conditioned SRS and the two unrestricted geometry searches in the paper subset; first full-rank draw is used"
"four_drug",2,"initial_design_shared",16,1784331750,"shared by rank-conditioned SRS and the two unrestricted geometry searches in the paper subset; first full-rank draw is used"
"four_drug",2,"initial_design_shared",17,1784331751,"shared by rank-conditioned SRS and the two unrestricted geometry searches in the paper subset; first full-rank draw is used"
"four_drug",2,"initial_design_shared",18,1784331752,"shared by rank-conditioned SRS and the two unrestricted geometry searches in the paper subset; first full-rank draw is used"
"four_drug",2,"initial_design_shared",19,1784331753,"shared by rank-conditioned SRS and the two unrestricted geometry searches in the paper subset; first full-rank draw is used"
"four_drug",2,"initial_design_shared",20,1784331875,"shared by rank-conditioned SRS and the two unrestricted geometry searches in the paper subset; first full-rank draw is used"
"four_drug",2,"initial_design_shared",21,1784331876,"shared by rank-conditioned SRS and the two unrestricted geometry searches in the paper subset; first full-rank draw is used"
"four_drug",2,"initial_design_shared",22,1784331877,"shared by rank-conditioned SRS and the two unrestricted geometry searches in the paper subset; first full-rank draw is used"
"four_drug",2,"initial_design_shared",23,1784331878,"shared by rank-conditioned SRS and the two unrestricted geometry searches in the paper subset; first full-rank draw is used"
"four_drug",2,"initial_design_shared",24,1784331879,"shared by rank-conditioned SRS and the two unrestricted geometry searches in the paper subset; first full-rank draw is used"
"four_drug",2,"initial_design_shared",25,1784331880,"shared by rank-conditioned SRS and the two unrestricted geometry searches in the paper subset; first full-rank draw is used"
"four_drug",2,"initial_design_shared",26,1784331881,"shared by rank-conditioned SRS and the two unrestricted geometry searches in the paper subset; first full-rank draw is used"
"four_drug",2,"initial_design_shared",27,1784331882,"shared by rank-conditioned SRS and the two unrestricted geometry searches in the paper subset; first full-rank draw is used"
"four_drug",2,"initial_design_shared",28,1784331883,"shared by rank-conditioned SRS and the two unrestricted geometry searches in the paper subset; first full-rank draw is used"
"four_drug",2,"initial_design_shared",29,1784331884,"shared by rank-conditioned SRS and the two unrestricted geometry searches in the paper subset; first full-rank draw is used"
"four_drug",2,"initial_design_shared",30,1784332006,"shared by rank-conditioned SRS and the two unrestricted geometry searches in the paper subset; first full-rank draw is used"
"four_drug",2,"initial_design_shared",31,1784332007,"shared by rank-conditioned SRS and the two unrestricted geometry searches in the paper subset; first full-rank draw is used"
"four_drug",2,"initial_design_shared",32,1784332008,"shared by rank-conditioned SRS and the two unrestricted geometry searches in the paper subset; first full-rank draw is used"
"four_drug",2,"initial_design_shared",33,1784332009,"shared by rank-conditioned SRS and the two unrestricted geometry searches in the paper subset; first full-rank draw is used"
"four_drug",2,"initial_design_shared",34,1784332010,"shared by rank-conditioned SRS and the two unrestricted geometry searches in the paper subset; first full-rank draw is used"
"four_drug",2,"initial_design_shared",35,1784332011,"shared by rank-conditioned SRS and the two unrestricted geometry searches in the paper subset; first full-rank draw is used"
"four_drug",2,"initial_design_shared",36,1784332012,"shared by rank-conditioned SRS and the two unrestricted geometry searches in the paper subset; first full-rank draw is used"
"four_drug",2,"initial_design_shared",37,1784332013,"shared by rank-conditioned SRS and the two unrestricted geometry searches in the paper subset; first full-rank draw is used"
"four_drug",2,"initial_design_shared",38,1784332014,"shared by rank-conditioned SRS and the two unrestricted geometry searches in the paper subset; first full-rank draw is used"
"four_drug",2,"initial_design_shared",39,1784332015,"shared by rank-conditioned SRS and the two unrestricted geometry searches in the paper subset; first full-rank draw is used"
"four_drug",2,"initial_design_shared",40,1784332137,"shared by rank-conditioned SRS and the two unrestricted geometry searches in the paper subset; first full-rank draw is used"
"four_drug",2,"initial_design_shared",41,1784332138,"shared by rank-conditioned SRS and the two unrestricted geometry searches in the paper subset; first full-rank draw is used"
"four_drug",2,"initial_design_shared",42,1784332139,"shared by rank-conditioned SRS and the two unrestricted geometry searches in the paper subset; first full-rank draw is used"
"four_drug",2,"initial_design_shared",43,1784332140,"shared by rank-conditioned SRS and the two unrestricted geometry searches in the paper subset; first full-rank draw is used"
"four_drug",2,"initial_design_shared",44,1784332141,"shared by rank-conditioned SRS and the two unrestricted geometry searches in the paper subset; first full-rank draw is used"
"four_drug",2,"initial_design_shared",45,1784332142,"shared by rank-conditioned SRS and the two unrestricted geometry searches in the paper subset; first full-rank draw is used"
"four_drug",2,"initial_design_shared",46,1784332143,"shared by rank-conditioned SRS and the two unrestricted geometry searches in the paper subset; first full-rank draw is used"
"four_drug",2,"initial_design_shared",47,1784332144,"shared by rank-conditioned SRS and the two unrestricted geometry searches in the paper subset; first full-rank draw is used"
"four_drug",2,"initial_design_shared",48,1784332145,"shared by rank-conditioned SRS and the two unrestricted geometry searches in the paper subset; first full-rank draw is used"
"four_drug",2,"initial_design_shared",49,1784332146,"shared by rank-conditioned SRS and the two unrestricted geometry searches in the paper subset; first full-rank draw is used"
"four_drug",2,"initial_design_shared",50,1784332268,"shared by rank-conditioned SRS and the two unrestricted geometry searches in the paper subset; first full-rank draw is used"
"four_drug",2,"sa_move_shared",0,537577919,"retry 0 is paired across unrestricted Hamming and position-L2; later deterministic retries are used only after a rank failure"
"four_drug",2,"sa_move_shared",1,537577920,"retry 0 is paired across unrestricted Hamming and position-L2; later deterministic retries are used only after a rank failure"
"four_drug",2,"sa_move_shared",2,537577921,"retry 0 is paired across unrestricted Hamming and position-L2; later deterministic retries are used only after a rank failure"
"four_drug",2,"sa_move_shared",3,537577922,"retry 0 is paired across unrestricted Hamming and position-L2; later deterministic retries are used only after a rank failure"
"four_drug",2,"sa_move_shared",4,537577923,"retry 0 is paired across unrestricted Hamming and position-L2; later deterministic retries are used only after a rank failure"
"four_drug",2,"sa_move_shared",5,537577924,"retry 0 is paired across unrestricted Hamming and position-L2; later deterministic retries are used only after a rank failure"
"four_drug",2,"sa_move_shared",6,537577925,"retry 0 is paired across unrestricted Hamming and position-L2; later deterministic retries are used only after a rank failure"
"four_drug",2,"sa_move_shared",7,537577926,"retry 0 is paired across unrestricted Hamming and position-L2; later deterministic retries are used only after a rank failure"
"four_drug",2,"sa_move_shared",8,537577927,"retry 0 is paired across unrestricted Hamming and position-L2; later deterministic retries are used only after a rank failure"
"four_drug",2,"sa_move_shared",9,537577928,"retry 0 is paired across unrestricted Hamming and position-L2; later deterministic retries are used only after a rank failure"
"four_drug",2,"sa_move_shared",10,1703231310,"retry 0 is paired across unrestricted Hamming and position-L2; later deterministic retries are used only after a rank failure"
"four_drug",2,"sa_move_shared",11,1703231311,"retry 0 is paired across unrestricted Hamming and position-L2; later deterministic retries are used only after a rank failure"
"four_drug",2,"sa_move_shared",12,1703231312,"retry 0 is paired across unrestricted Hamming and position-L2; later deterministic retries are used only after a rank failure"
"four_drug",2,"sa_move_shared",13,1703231313,"retry 0 is paired across unrestricted Hamming and position-L2; later deterministic retries are used only after a rank failure"
"four_drug",2,"sa_move_shared",14,1703231314,"retry 0 is paired across unrestricted Hamming and position-L2; later deterministic retries are used only after a rank failure"
"four_drug",2,"sa_move_shared",15,1703231315,"retry 0 is paired across unrestricted Hamming and position-L2; later deterministic retries are used only after a rank failure"
"four_drug",2,"sa_move_shared",16,1703231316,"retry 0 is paired across unrestricted Hamming and position-L2; later deterministic retries are used only after a rank failure"
"four_drug",2,"sa_move_shared",17,1703231317,"retry 0 is paired across unrestricted Hamming and position-L2; later deterministic retries are used only after a rank failure"
"four_drug",2,"sa_move_shared",18,1703231318,"retry 0 is paired across unrestricted Hamming and position-L2; later deterministic retries are used only after a rank failure"
"four_drug",2,"sa_move_shared",19,1703231319,"retry 0 is paired across unrestricted Hamming and position-L2; later deterministic retries are used only after a rank failure"
"four_drug",2,"sa_move_shared",20,1703231441,"retry 0 is paired across unrestricted Hamming and position-L2; later deterministic retries are used only after a rank failure"
"four_drug",2,"sa_move_shared",21,1703231442,"retry 0 is paired across unrestricted Hamming and position-L2; later deterministic retries are used only after a rank failure"
"four_drug",2,"sa_move_shared",22,1703231443,"retry 0 is paired across unrestricted Hamming and position-L2; later deterministic retries are used only after a rank failure"
"four_drug",2,"sa_move_shared",23,1703231444,"retry 0 is paired across unrestricted Hamming and position-L2; later deterministic retries are used only after a rank failure"
"four_drug",2,"sa_move_shared",24,1703231445,"retry 0 is paired across unrestricted Hamming and position-L2; later deterministic retries are used only after a rank failure"
"four_drug",2,"sa_move_shared",25,1703231446,"retry 0 is paired across unrestricted Hamming and position-L2; later deterministic retries are used only after a rank failure"
"four_drug",2,"sa_move_shared",26,1703231447,"retry 0 is paired across unrestricted Hamming and position-L2; later deterministic retries are used only after a rank failure"
"four_drug",2,"sa_move_shared",27,1703231448,"retry 0 is paired across unrestricted Hamming and position-L2; later deterministic retries are used only after a rank failure"
"four_drug",2,"sa_move_shared",28,1703231449,"retry 0 is paired across unrestricted Hamming and position-L2; later deterministic retries are used only after a rank failure"
"four_drug",2,"sa_move_shared",29,1703231450,"retry 0 is paired across unrestricted Hamming and position-L2; later deterministic retries are used only after a rank failure"
"four_drug",2,"sa_move_shared",30,1703231572,"retry 0 is paired across unrestricted Hamming and position-L2; later deterministic retries are used only after a rank failure"
"four_drug",2,"sa_move_shared",31,1703231573,"retry 0 is paired across unrestricted Hamming and position-L2; later deterministic retries are used only after a rank failure"
"four_drug",2,"sa_move_shared",32,1703231574,"retry 0 is paired across unrestricted Hamming and position-L2; later deterministic retries are used only after a rank failure"
"four_drug",2,"sa_move_shared",33,1703231575,"retry 0 is paired across unrestricted Hamming and position-L2; later deterministic retries are used only after a rank failure"
"four_drug",2,"sa_move_shared",34,1703231576,"retry 0 is paired across unrestricted Hamming and position-L2; later deterministic retries are used only after a rank failure"
"four_drug",2,"sa_move_shared",35,1703231577,"retry 0 is paired across unrestricted Hamming and position-L2; later deterministic retries are used only after a rank failure"
"four_drug",2,"sa_move_shared",36,1703231578,"retry 0 is paired across unrestricted Hamming and position-L2; later deterministic retries are used only after a rank failure"
"four_drug",2,"sa_move_shared",37,1703231579,"retry 0 is paired across unrestricted Hamming and position-L2; later deterministic retries are used only after a rank failure"
"four_drug",2,"sa_move_shared",38,1703231580,"retry 0 is paired across unrestricted Hamming and position-L2; later deterministic retries are used only after a rank failure"
"four_drug",2,"sa_move_shared",39,1703231581,"retry 0 is paired across unrestricted Hamming and position-L2; later deterministic retries are used only after a rank failure"
"four_drug",2,"sa_move_shared",40,1703231703,"retry 0 is paired across unrestricted Hamming and position-L2; later deterministic retries are used only after a rank failure"
"four_drug",2,"sa_move_shared",41,1703231704,"retry 0 is paired across unrestricted Hamming and position-L2; later deterministic retries are used only after a rank failure"
"four_drug",2,"sa_move_shared",42,1703231705,"retry 0 is paired across unrestricted Hamming and position-L2; later deterministic retries are used only after a rank failure"
"four_drug",2,"sa_move_shared",43,1703231706,"retry 0 is paired across unrestricted Hamming and position-L2; later deterministic retries are used only after a rank failure"
"four_drug",2,"sa_move_shared",44,1703231707,"retry 0 is paired across unrestricted Hamming and position-L2; later deterministic retries are used only after a rank failure"
"four_drug",2,"sa_move_shared",45,1703231708,"retry 0 is paired across unrestricted Hamming and position-L2; later deterministic retries are used only after a rank failure"
"four_drug",2,"sa_move_shared",46,1703231709,"retry 0 is paired across unrestricted Hamming and position-L2; later deterministic retries are used only after a rank failure"
"four_drug",2,"sa_move_shared",47,1703231710,"retry 0 is paired across unrestricted Hamming and position-L2; later deterministic retries are used only after a rank failure"
"four_drug",2,"sa_move_shared",48,1703231711,"retry 0 is paired across unrestricted Hamming and position-L2; later deterministic retries are used only after a rank failure"
"four_drug",2,"sa_move_shared",49,1703231712,"retry 0 is paired across unrestricted Hamming and position-L2; later deterministic retries are used only after a rank failure"
"four_drug",2,"sa_move_shared",50,1703231834,"retry 0 is paired across unrestricted Hamming and position-L2; later deterministic retries are used only after a rank failure"
"four_drug",3,"initial_design_shared",0,1025754929,"shared by rank-conditioned SRS and the two unrestricted geometry searches in the paper subset; first full-rank draw is used"
"four_drug",3,"initial_design_shared",1,1025754930,"shared by rank-conditioned SRS and the two unrestricted geometry searches in the paper subset; first full-rank draw is used"
"four_drug",3,"initial_design_shared",2,1025754931,"shared by rank-conditioned SRS and the two unrestricted geometry searches in the paper subset; first full-rank draw is used"
"four_drug",3,"initial_design_shared",3,1025754932,"shared by rank-conditioned SRS and the two unrestricted geometry searches in the paper subset; first full-rank draw is used"
"four_drug",3,"initial_design_shared",4,1025754933,"shared by rank-conditioned SRS and the two unrestricted geometry searches in the paper subset; first full-rank draw is used"
"four_drug",3,"initial_design_shared",5,1025754934,"shared by rank-conditioned SRS and the two unrestricted geometry searches in the paper subset; first full-rank draw is used"
"four_drug",3,"initial_design_shared",6,1025754935,"shared by rank-conditioned SRS and the two unrestricted geometry searches in the paper subset; first full-rank draw is used"
"four_drug",3,"initial_design_shared",7,1025754936,"shared by rank-conditioned SRS and the two unrestricted geometry searches in the paper subset; first full-rank draw is used"
"four_drug",3,"initial_design_shared",8,1025754937,"shared by rank-conditioned SRS and the two unrestricted geometry searches in the paper subset; first full-rank draw is used"
"four_drug",3,"initial_design_shared",9,1025754938,"shared by rank-conditioned SRS and the two unrestricted geometry searches in the paper subset; first full-rank draw is used"
"four_drug",3,"initial_design_shared",10,1229910750,"shared by rank-conditioned SRS and the two unrestricted geometry searches in the paper subset; first full-rank draw is used"
"four_drug",3,"initial_design_shared",11,1229910751,"shared by rank-conditioned SRS and the two unrestricted geometry searches in the paper subset; first full-rank draw is used"
"four_drug",3,"initial_design_shared",12,1229910752,"shared by rank-conditioned SRS and the two unrestricted geometry searches in the paper subset; first full-rank draw is used"
"four_drug",3,"initial_design_shared",13,1229910753,"shared by rank-conditioned SRS and the two unrestricted geometry searches in the paper subset; first full-rank draw is used"
"four_drug",3,"initial_design_shared",14,1229910754,"shared by rank-conditioned SRS and the two unrestricted geometry searches in the paper subset; first full-rank draw is used"
"four_drug",3,"initial_design_shared",15,1229910755,"shared by rank-conditioned SRS and the two unrestricted geometry searches in the paper subset; first full-rank draw is used"
"four_drug",3,"initial_design_shared",16,1229910756,"shared by rank-conditioned SRS and the two unrestricted geometry searches in the paper subset; first full-rank draw is used"
"four_drug",3,"initial_design_shared",17,1229910757,"shared by rank-conditioned SRS and the two unrestricted geometry searches in the paper subset; first full-rank draw is used"
"four_drug",3,"initial_design_shared",18,1229910758,"shared by rank-conditioned SRS and the two unrestricted geometry searches in the paper subset; first full-rank draw is used"
"four_drug",3,"initial_design_shared",19,1229910759,"shared by rank-conditioned SRS and the two unrestricted geometry searches in the paper subset; first full-rank draw is used"
"four_drug",3,"initial_design_shared",20,1229910881,"shared by rank-conditioned SRS and the two unrestricted geometry searches in the paper subset; first full-rank draw is used"
"four_drug",3,"initial_design_shared",21,1229910882,"shared by rank-conditioned SRS and the two unrestricted geometry searches in the paper subset; first full-rank draw is used"
"four_drug",3,"initial_design_shared",22,1229910883,"shared by rank-conditioned SRS and the two unrestricted geometry searches in the paper subset; first full-rank draw is used"
"four_drug",3,"initial_design_shared",23,1229910884,"shared by rank-conditioned SRS and the two unrestricted geometry searches in the paper subset; first full-rank draw is used"
"four_drug",3,"initial_design_shared",24,1229910885,"shared by rank-conditioned SRS and the two unrestricted geometry searches in the paper subset; first full-rank draw is used"
"four_drug",3,"initial_design_shared",25,1229910886,"shared by rank-conditioned SRS and the two unrestricted geometry searches in the paper subset; first full-rank draw is used"
"four_drug",3,"initial_design_shared",26,1229910887,"shared by rank-conditioned SRS and the two unrestricted geometry searches in the paper subset; first full-rank draw is used"
"four_drug",3,"initial_design_shared",27,1229910888,"shared by rank-conditioned SRS and the two unrestricted geometry searches in the paper subset; first full-rank draw is used"
"four_drug",3,"initial_design_shared",28,1229910889,"shared by rank-conditioned SRS and the two unrestricted geometry searches in the paper subset; first full-rank draw is used"
"four_drug",3,"initial_design_shared",29,1229910890,"shared by rank-conditioned SRS and the two unrestricted geometry searches in the paper subset; first full-rank draw is used"
"four_drug",3,"initial_design_shared",30,1229911012,"shared by rank-conditioned SRS and the two unrestricted geometry searches in the paper subset; first full-rank draw is used"
"four_drug",3,"initial_design_shared",31,1229911013,"shared by rank-conditioned SRS and the two unrestricted geometry searches in the paper subset; first full-rank draw is used"
"four_drug",3,"initial_design_shared",32,1229911014,"shared by rank-conditioned SRS and the two unrestricted geometry searches in the paper subset; first full-rank draw is used"
"four_drug",3,"initial_design_shared",33,1229911015,"shared by rank-conditioned SRS and the two unrestricted geometry searches in the paper subset; first full-rank draw is used"
"four_drug",3,"initial_design_shared",34,1229911016,"shared by rank-conditioned SRS and the two unrestricted geometry searches in the paper subset; first full-rank draw is used"
"four_drug",3,"initial_design_shared",35,1229911017,"shared by rank-conditioned SRS and the two unrestricted geometry searches in the paper subset; first full-rank draw is used"
"four_drug",3,"initial_design_shared",36,1229911018,"shared by rank-conditioned SRS and the two unrestricted geometry searches in the paper subset; first full-rank draw is used"
"four_drug",3,"initial_design_shared",37,1229911019,"shared by rank-conditioned SRS and the two unrestricted geometry searches in the paper subset; first full-rank draw is used"
"four_drug",3,"initial_design_shared",38,1229911020,"shared by rank-conditioned SRS and the two unrestricted geometry searches in the paper subset; first full-rank draw is used"
"four_drug",3,"initial_design_shared",39,1229911021,"shared by rank-conditioned SRS and the two unrestricted geometry searches in the paper subset; first full-rank draw is used"
"four_drug",3,"initial_design_shared",40,1229911143,"shared by rank-conditioned SRS and the two unrestricted geometry searches in the paper subset; first full-rank draw is used"
"four_drug",3,"initial_design_shared",41,1229911144,"shared by rank-conditioned SRS and the two unrestricted geometry searches in the paper subset; first full-rank draw is used"
"four_drug",3,"initial_design_shared",42,1229911145,"shared by rank-conditioned SRS and the two unrestricted geometry searches in the paper subset; first full-rank draw is used"
"four_drug",3,"initial_design_shared",43,1229911146,"shared by rank-conditioned SRS and the two unrestricted geometry searches in the paper subset; first full-rank draw is used"
"four_drug",3,"initial_design_shared",44,1229911147,"shared by rank-conditioned SRS and the two unrestricted geometry searches in the paper subset; first full-rank draw is used"
"four_drug",3,"initial_design_shared",45,1229911148,"shared by rank-conditioned SRS and the two unrestricted geometry searches in the paper subset; first full-rank draw is used"
"four_drug",3,"initial_design_shared",46,1229911149,"shared by rank-conditioned SRS and the two unrestricted geometry searches in the paper subset; first full-rank draw is used"
"four_drug",3,"initial_design_shared",47,1229911150,"shared by rank-conditioned SRS and the two unrestricted geometry searches in the paper subset; first full-rank draw is used"
"four_drug",3,"initial_design_shared",48,1229911151,"shared by rank-conditioned SRS and the two unrestricted geometry searches in the paper subset; first full-rank draw is used"
"four_drug",3,"initial_design_shared",49,1229911152,"shared by rank-conditioned SRS and the two unrestricted geometry searches in the paper subset; first full-rank draw is used"
"four_drug",3,"initial_design_shared",50,1229911274,"shared by rank-conditioned SRS and the two unrestricted geometry searches in the paper subset; first full-rank draw is used"
"four_drug",3,"sa_move_shared",0,451227229,"retry 0 is paired across unrestricted Hamming and position-L2; later deterministic retries are used only after a rank failure"
"four_drug",3,"sa_move_shared",1,451227230,"retry 0 is paired across unrestricted Hamming and position-L2; later deterministic retries are used only after a rank failure"
"four_drug",3,"sa_move_shared",2,451227231,"retry 0 is paired across unrestricted Hamming and position-L2; later deterministic retries are used only after a rank failure"
"four_drug",3,"sa_move_shared",3,451227232,"retry 0 is paired across unrestricted Hamming and position-L2; later deterministic retries are used only after a rank failure"
"four_drug",3,"sa_move_shared",4,451227233,"retry 0 is paired across unrestricted Hamming and position-L2; later deterministic retries are used only after a rank failure"
"four_drug",3,"sa_move_shared",5,451227234,"retry 0 is paired across unrestricted Hamming and position-L2; later deterministic retries are used only after a rank failure"
"four_drug",3,"sa_move_shared",6,451227235,"retry 0 is paired across unrestricted Hamming and position-L2; later deterministic retries are used only after a rank failure"
"four_drug",3,"sa_move_shared",7,451227236,"retry 0 is paired across unrestricted Hamming and position-L2; later deterministic retries are used only after a rank failure"
"four_drug",3,"sa_move_shared",8,451227237,"retry 0 is paired across unrestricted Hamming and position-L2; later deterministic retries are used only after a rank failure"
"four_drug",3,"sa_move_shared",9,451227238,"retry 0 is paired across unrestricted Hamming and position-L2; later deterministic retries are used only after a rank failure"
"four_drug",3,"sa_move_shared",10,1128709065,"retry 0 is paired across unrestricted Hamming and position-L2; later deterministic retries are used only after a rank failure"
"four_drug",3,"sa_move_shared",11,1128709066,"retry 0 is paired across unrestricted Hamming and position-L2; later deterministic retries are used only after a rank failure"
"four_drug",3,"sa_move_shared",12,1128709067,"retry 0 is paired across unrestricted Hamming and position-L2; later deterministic retries are used only after a rank failure"
"four_drug",3,"sa_move_shared",13,1128709068,"retry 0 is paired across unrestricted Hamming and position-L2; later deterministic retries are used only after a rank failure"
"four_drug",3,"sa_move_shared",14,1128709069,"retry 0 is paired across unrestricted Hamming and position-L2; later deterministic retries are used only after a rank failure"
"four_drug",3,"sa_move_shared",15,1128709070,"retry 0 is paired across unrestricted Hamming and position-L2; later deterministic retries are used only after a rank failure"
"four_drug",3,"sa_move_shared",16,1128709071,"retry 0 is paired across unrestricted Hamming and position-L2; later deterministic retries are used only after a rank failure"
"four_drug",3,"sa_move_shared",17,1128709072,"retry 0 is paired across unrestricted Hamming and position-L2; later deterministic retries are used only after a rank failure"
"four_drug",3,"sa_move_shared",18,1128709073,"retry 0 is paired across unrestricted Hamming and position-L2; later deterministic retries are used only after a rank failure"
"four_drug",3,"sa_move_shared",19,1128709074,"retry 0 is paired across unrestricted Hamming and position-L2; later deterministic retries are used only after a rank failure"
"four_drug",3,"sa_move_shared",20,1128709196,"retry 0 is paired across unrestricted Hamming and position-L2; later deterministic retries are used only after a rank failure"
"four_drug",3,"sa_move_shared",21,1128709197,"retry 0 is paired across unrestricted Hamming and position-L2; later deterministic retries are used only after a rank failure"
"four_drug",3,"sa_move_shared",22,1128709198,"retry 0 is paired across unrestricted Hamming and position-L2; later deterministic retries are used only after a rank failure"
"four_drug",3,"sa_move_shared",23,1128709199,"retry 0 is paired across unrestricted Hamming and position-L2; later deterministic retries are used only after a rank failure"
"four_drug",3,"sa_move_shared",24,1128709200,"retry 0 is paired across unrestricted Hamming and position-L2; later deterministic retries are used only after a rank failure"
"four_drug",3,"sa_move_shared",25,1128709201,"retry 0 is paired across unrestricted Hamming and position-L2; later deterministic retries are used only after a rank failure"
"four_drug",3,"sa_move_shared",26,1128709202,"retry 0 is paired across unrestricted Hamming and position-L2; later deterministic retries are used only after a rank failure"
"four_drug",3,"sa_move_shared",27,1128709203,"retry 0 is paired across unrestricted Hamming and position-L2; later deterministic retries are used only after a rank failure"
"four_drug",3,"sa_move_shared",28,1128709204,"retry 0 is paired across unrestricted Hamming and position-L2; later deterministic retries are used only after a rank failure"
"four_drug",3,"sa_move_shared",29,1128709205,"retry 0 is paired across unrestricted Hamming and position-L2; later deterministic retries are used only after a rank failure"
"four_drug",3,"sa_move_shared",30,1128709327,"retry 0 is paired across unrestricted Hamming and position-L2; later deterministic retries are used only after a rank failure"
"four_drug",3,"sa_move_shared",31,1128709328,"retry 0 is paired across unrestricted Hamming and position-L2; later deterministic retries are used only after a rank failure"
"four_drug",3,"sa_move_shared",32,1128709329,"retry 0 is paired across unrestricted Hamming and position-L2; later deterministic retries are used only after a rank failure"
"four_drug",3,"sa_move_shared",33,1128709330,"retry 0 is paired across unrestricted Hamming and position-L2; later deterministic retries are used only after a rank failure"
"four_drug",3,"sa_move_shared",34,1128709331,"retry 0 is paired across unrestricted Hamming and position-L2; later deterministic retries are used only after a rank failure"
"four_drug",3,"sa_move_shared",35,1128709332,"retry 0 is paired across unrestricted Hamming and position-L2; later deterministic retries are used only after a rank failure"
"four_drug",3,"sa_move_shared",36,1128709333,"retry 0 is paired across unrestricted Hamming and position-L2; later deterministic retries are used only after a rank failure"
"four_drug",3,"sa_move_shared",37,1128709334,"retry 0 is paired across unrestricted Hamming and position-L2; later deterministic retries are used only after a rank failure"
"four_drug",3,"sa_move_shared",38,1128709335,"retry 0 is paired across unrestricted Hamming and position-L2; later deterministic retries are used only after a rank failure"
"four_drug",3,"sa_move_shared",39,1128709336,"retry 0 is paired across unrestricted Hamming and position-L2; later deterministic retries are used only after a rank failure"
"four_drug",3,"sa_move_shared",40,1128709458,"retry 0 is paired across unrestricted Hamming and position-L2; later deterministic retries are used only after a rank failure"
"four_drug",3,"sa_move_shared",41,1128709459,"retry 0 is paired across unrestricted Hamming and position-L2; later deterministic retries are used only after a rank failure"
"four_drug",3,"sa_move_shared",42,1128709460,"retry 0 is paired across unrestricted Hamming and position-L2; later deterministic retries are used only after a rank failure"
"four_drug",3,"sa_move_shared",43,1128709461,"retry 0 is paired across unrestricted Hamming and position-L2; later deterministic retries are used only after a rank failure"
"four_drug",3,"sa_move_shared",44,1128709462,"retry 0 is paired across unrestricted Hamming and position-L2; later deterministic retries are used only after a rank failure"
"four_drug",3,"sa_move_shared",45,1128709463,"retry 0 is paired across unrestricted Hamming and position-L2; later deterministic retries are used only after a rank failure"
"four_drug",3,"sa_move_shared",46,1128709464,"retry 0 is paired across unrestricted Hamming and position-L2; later deterministic retries are used only after a rank failure"
"four_drug",3,"sa_move_shared",47,1128709465,"retry 0 is paired across unrestricted Hamming and position-L2; later deterministic retries are used only after a rank failure"
"four_drug",3,"sa_move_shared",48,1128709466,"retry 0 is paired across unrestricted Hamming and position-L2; later deterministic retries are used only after a rank failure"
"four_drug",3,"sa_move_shared",49,1128709467,"retry 0 is paired across unrestricted Hamming and position-L2; later deterministic retries are used only after a rank failure"
"four_drug",3,"sa_move_shared",50,1128709589,"retry 0 is paired across unrestricted Hamming and position-L2; later deterministic retries are used only after a rank failure"
"four_drug",4,"initial_design_shared",0,251051482,"shared by rank-conditioned SRS and the two unrestricted geometry searches in the paper subset; first full-rank draw is used"
"four_drug",4,"initial_design_shared",1,251051483,"shared by rank-conditioned SRS and the two unrestricted geometry searches in the paper subset; first full-rank draw is used"
"four_drug",4,"initial_design_shared",2,251051484,"shared by rank-conditioned SRS and the two unrestricted geometry searches in the paper subset; first full-rank draw is used"
"four_drug",4,"initial_design_shared",3,251051485,"shared by rank-conditioned SRS and the two unrestricted geometry searches in the paper subset; first full-rank draw is used"
"four_drug",4,"initial_design_shared",4,251051486,"shared by rank-conditioned SRS and the two unrestricted geometry searches in the paper subset; first full-rank draw is used"
"four_drug",4,"initial_design_shared",5,251051487,"shared by rank-conditioned SRS and the two unrestricted geometry searches in the paper subset; first full-rank draw is used"
"four_drug",4,"initial_design_shared",6,251051488,"shared by rank-conditioned SRS and the two unrestricted geometry searches in the paper subset; first full-rank draw is used"
"four_drug",4,"initial_design_shared",7,251051489,"shared by rank-conditioned SRS and the two unrestricted geometry searches in the paper subset; first full-rank draw is used"
"four_drug",4,"initial_design_shared",8,251051490,"shared by rank-conditioned SRS and the two unrestricted geometry searches in the paper subset; first full-rank draw is used"
"four_drug",4,"initial_design_shared",9,251051491,"shared by rank-conditioned SRS and the two unrestricted geometry searches in the paper subset; first full-rank draw is used"
"four_drug",4,"initial_design_shared",10,675489756,"shared by rank-conditioned SRS and the two unrestricted geometry searches in the paper subset; first full-rank draw is used"
"four_drug",4,"initial_design_shared",11,675489757,"shared by rank-conditioned SRS and the two unrestricted geometry searches in the paper subset; first full-rank draw is used"
"four_drug",4,"initial_design_shared",12,675489758,"shared by rank-conditioned SRS and the two unrestricted geometry searches in the paper subset; first full-rank draw is used"
"four_drug",4,"initial_design_shared",13,675489759,"shared by rank-conditioned SRS and the two unrestricted geometry searches in the paper subset; first full-rank draw is used"
"four_drug",4,"initial_design_shared",14,675489760,"shared by rank-conditioned SRS and the two unrestricted geometry searches in the paper subset; first full-rank draw is used"
"four_drug",4,"initial_design_shared",15,675489761,"shared by rank-conditioned SRS and the two unrestricted geometry searches in the paper subset; first full-rank draw is used"
"four_drug",4,"initial_design_shared",16,675489762,"shared by rank-conditioned SRS and the two unrestricted geometry searches in the paper subset; first full-rank draw is used"
"four_drug",4,"initial_design_shared",17,675489763,"shared by rank-conditioned SRS and the two unrestricted geometry searches in the paper subset; first full-rank draw is used"
"four_drug",4,"initial_design_shared",18,675489764,"shared by rank-conditioned SRS and the two unrestricted geometry searches in the paper subset; first full-rank draw is used"
"four_drug",4,"initial_design_shared",19,675489765,"shared by rank-conditioned SRS and the two unrestricted geometry searches in the paper subset; first full-rank draw is used"
"four_drug",4,"initial_design_shared",20,675489887,"shared by rank-conditioned SRS and the two unrestricted geometry searches in the paper subset; first full-rank draw is used"
"four_drug",4,"initial_design_shared",21,675489888,"shared by rank-conditioned SRS and the two unrestricted geometry searches in the paper subset; first full-rank draw is used"
"four_drug",4,"initial_design_shared",22,675489889,"shared by rank-conditioned SRS and the two unrestricted geometry searches in the paper subset; first full-rank draw is used"
"four_drug",4,"initial_design_shared",23,675489890,"shared by rank-conditioned SRS and the two unrestricted geometry searches in the paper subset; first full-rank draw is used"
"four_drug",4,"initial_design_shared",24,675489891,"shared by rank-conditioned SRS and the two unrestricted geometry searches in the paper subset; first full-rank draw is used"
"four_drug",4,"initial_design_shared",25,675489892,"shared by rank-conditioned SRS and the two unrestricted geometry searches in the paper subset; first full-rank draw is used"
"four_drug",4,"initial_design_shared",26,675489893,"shared by rank-conditioned SRS and the two unrestricted geometry searches in the paper subset; first full-rank draw is used"
"four_drug",4,"initial_design_shared",27,675489894,"shared by rank-conditioned SRS and the two unrestricted geometry searches in the paper subset; first full-rank draw is used"
"four_drug",4,"initial_design_shared",28,675489895,"shared by rank-conditioned SRS and the two unrestricted geometry searches in the paper subset; first full-rank draw is used"
"four_drug",4,"initial_design_shared",29,675489896,"shared by rank-conditioned SRS and the two unrestricted geometry searches in the paper subset; first full-rank draw is used"
"four_drug",4,"initial_design_shared",30,675490018,"shared by rank-conditioned SRS and the two unrestricted geometry searches in the paper subset; first full-rank draw is used"
"four_drug",4,"initial_design_shared",31,675490019,"shared by rank-conditioned SRS and the two unrestricted geometry searches in the paper subset; first full-rank draw is used"
"four_drug",4,"initial_design_shared",32,675490020,"shared by rank-conditioned SRS and the two unrestricted geometry searches in the paper subset; first full-rank draw is used"
"four_drug",4,"initial_design_shared",33,675490021,"shared by rank-conditioned SRS and the two unrestricted geometry searches in the paper subset; first full-rank draw is used"
"four_drug",4,"initial_design_shared",34,675490022,"shared by rank-conditioned SRS and the two unrestricted geometry searches in the paper subset; first full-rank draw is used"
"four_drug",4,"initial_design_shared",35,675490023,"shared by rank-conditioned SRS and the two unrestricted geometry searches in the paper subset; first full-rank draw is used"
"four_drug",4,"initial_design_shared",36,675490024,"shared by rank-conditioned SRS and the two unrestricted geometry searches in the paper subset; first full-rank draw is used"
"four_drug",4,"initial_design_shared",37,675490025,"shared by rank-conditioned SRS and the two unrestricted geometry searches in the paper subset; first full-rank draw is used"
"four_drug",4,"initial_design_shared",38,675490026,"shared by rank-conditioned SRS and the two unrestricted geometry searches in the paper subset; first full-rank draw is used"
"four_drug",4,"initial_design_shared",39,675490027,"shared by rank-conditioned SRS and the two unrestricted geometry searches in the paper subset; first full-rank draw is used"
"four_drug",4,"initial_design_shared",40,675490149,"shared by rank-conditioned SRS and the two unrestricted geometry searches in the paper subset; first full-rank draw is used"
"four_drug",4,"initial_design_shared",41,675490150,"shared by rank-conditioned SRS and the two unrestricted geometry searches in the paper subset; first full-rank draw is used"
"four_drug",4,"initial_design_shared",42,675490151,"shared by rank-conditioned SRS and the two unrestricted geometry searches in the paper subset; first full-rank draw is used"
"four_drug",4,"initial_design_shared",43,675490152,"shared by rank-conditioned SRS and the two unrestricted geometry searches in the paper subset; first full-rank draw is used"
"four_drug",4,"initial_design_shared",44,675490153,"shared by rank-conditioned SRS and the two unrestricted geometry searches in the paper subset; first full-rank draw is used"
"four_drug",4,"initial_design_shared",45,675490154,"shared by rank-conditioned SRS and the two unrestricted geometry searches in the paper subset; first full-rank draw is used"
"four_drug",4,"initial_design_shared",46,675490155,"shared by rank-conditioned SRS and the two unrestricted geometry searches in the paper subset; first full-rank draw is used"
"four_drug",4,"initial_design_shared",47,675490156,"shared by rank-conditioned SRS and the two unrestricted geometry searches in the paper subset; first full-rank draw is used"
"four_drug",4,"initial_design_shared",48,675490157,"shared by rank-conditioned SRS and the two unrestricted geometry searches in the paper subset; first full-rank draw is used"
"four_drug",4,"initial_design_shared",49,675490158,"shared by rank-conditioned SRS and the two unrestricted geometry searches in the paper subset; first full-rank draw is used"
"four_drug",4,"initial_design_shared",50,675490280,"shared by rank-conditioned SRS and the two unrestricted geometry searches in the paper subset; first full-rank draw is used"
"four_drug",4,"sa_move_shared",0,364876539,"retry 0 is paired across unrestricted Hamming and position-L2; later deterministic retries are used only after a rank failure"
"four_drug",4,"sa_move_shared",1,364876540,"retry 0 is paired across unrestricted Hamming and position-L2; later deterministic retries are used only after a rank failure"
"four_drug",4,"sa_move_shared",2,364876541,"retry 0 is paired across unrestricted Hamming and position-L2; later deterministic retries are used only after a rank failure"
"four_drug",4,"sa_move_shared",3,364876542,"retry 0 is paired across unrestricted Hamming and position-L2; later deterministic retries are used only after a rank failure"
"four_drug",4,"sa_move_shared",4,364876543,"retry 0 is paired across unrestricted Hamming and position-L2; later deterministic retries are used only after a rank failure"
"four_drug",4,"sa_move_shared",5,364876544,"retry 0 is paired across unrestricted Hamming and position-L2; later deterministic retries are used only after a rank failure"
"four_drug",4,"sa_move_shared",6,364876545,"retry 0 is paired across unrestricted Hamming and position-L2; later deterministic retries are used only after a rank failure"
"four_drug",4,"sa_move_shared",7,364876546,"retry 0 is paired across unrestricted Hamming and position-L2; later deterministic retries are used only after a rank failure"
"four_drug",4,"sa_move_shared",8,364876547,"retry 0 is paired across unrestricted Hamming and position-L2; later deterministic retries are used only after a rank failure"
"four_drug",4,"sa_move_shared",9,364876548,"retry 0 is paired across unrestricted Hamming and position-L2; later deterministic retries are used only after a rank failure"
"four_drug",4,"sa_move_shared",10,554186820,"retry 0 is paired across unrestricted Hamming and position-L2; later deterministic retries are used only after a rank failure"
"four_drug",4,"sa_move_shared",11,554186821,"retry 0 is paired across unrestricted Hamming and position-L2; later deterministic retries are used only after a rank failure"
"four_drug",4,"sa_move_shared",12,554186822,"retry 0 is paired across unrestricted Hamming and position-L2; later deterministic retries are used only after a rank failure"
"four_drug",4,"sa_move_shared",13,554186823,"retry 0 is paired across unrestricted Hamming and position-L2; later deterministic retries are used only after a rank failure"
"four_drug",4,"sa_move_shared",14,554186824,"retry 0 is paired across unrestricted Hamming and position-L2; later deterministic retries are used only after a rank failure"
"four_drug",4,"sa_move_shared",15,554186825,"retry 0 is paired across unrestricted Hamming and position-L2; later deterministic retries are used only after a rank failure"
"four_drug",4,"sa_move_shared",16,554186826,"retry 0 is paired across unrestricted Hamming and position-L2; later deterministic retries are used only after a rank failure"
"four_drug",4,"sa_move_shared",17,554186827,"retry 0 is paired across unrestricted Hamming and position-L2; later deterministic retries are used only after a rank failure"
"four_drug",4,"sa_move_shared",18,554186828,"retry 0 is paired across unrestricted Hamming and position-L2; later deterministic retries are used only after a rank failure"
"four_drug",4,"sa_move_shared",19,554186829,"retry 0 is paired across unrestricted Hamming and position-L2; later deterministic retries are used only after a rank failure"
"four_drug",4,"sa_move_shared",20,554186951,"retry 0 is paired across unrestricted Hamming and position-L2; later deterministic retries are used only after a rank failure"
"four_drug",4,"sa_move_shared",21,554186952,"retry 0 is paired across unrestricted Hamming and position-L2; later deterministic retries are used only after a rank failure"
"four_drug",4,"sa_move_shared",22,554186953,"retry 0 is paired across unrestricted Hamming and position-L2; later deterministic retries are used only after a rank failure"
"four_drug",4,"sa_move_shared",23,554186954,"retry 0 is paired across unrestricted Hamming and position-L2; later deterministic retries are used only after a rank failure"
"four_drug",4,"sa_move_shared",24,554186955,"retry 0 is paired across unrestricted Hamming and position-L2; later deterministic retries are used only after a rank failure"
"four_drug",4,"sa_move_shared",25,554186956,"retry 0 is paired across unrestricted Hamming and position-L2; later deterministic retries are used only after a rank failure"
"four_drug",4,"sa_move_shared",26,554186957,"retry 0 is paired across unrestricted Hamming and position-L2; later deterministic retries are used only after a rank failure"
"four_drug",4,"sa_move_shared",27,554186958,"retry 0 is paired across unrestricted Hamming and position-L2; later deterministic retries are used only after a rank failure"
"four_drug",4,"sa_move_shared",28,554186959,"retry 0 is paired across unrestricted Hamming and position-L2; later deterministic retries are used only after a rank failure"
"four_drug",4,"sa_move_shared",29,554186960,"retry 0 is paired across unrestricted Hamming and position-L2; later deterministic retries are used only after a rank failure"
"four_drug",4,"sa_move_shared",30,554187082,"retry 0 is paired across unrestricted Hamming and position-L2; later deterministic retries are used only after a rank failure"
"four_drug",4,"sa_move_shared",31,554187083,"retry 0 is paired across unrestricted Hamming and position-L2; later deterministic retries are used only after a rank failure"
"four_drug",4,"sa_move_shared",32,554187084,"retry 0 is paired across unrestricted Hamming and position-L2; later deterministic retries are used only after a rank failure"
"four_drug",4,"sa_move_shared",33,554187085,"retry 0 is paired across unrestricted Hamming and position-L2; later deterministic retries are used only after a rank failure"
"four_drug",4,"sa_move_shared",34,554187086,"retry 0 is paired across unrestricted Hamming and position-L2; later deterministic retries are used only after a rank failure"
"four_drug",4,"sa_move_shared",35,554187087,"retry 0 is paired across unrestricted Hamming and position-L2; later deterministic retries are used only after a rank failure"
"four_drug",4,"sa_move_shared",36,554187088,"retry 0 is paired across unrestricted Hamming and position-L2; later deterministic retries are used only after a rank failure"
"four_drug",4,"sa_move_shared",37,554187089,"retry 0 is paired across unrestricted Hamming and position-L2; later deterministic retries are used only after a rank failure"
"four_drug",4,"sa_move_shared",38,554187090,"retry 0 is paired across unrestricted Hamming and position-L2; later deterministic retries are used only after a rank failure"
"four_drug",4,"sa_move_shared",39,554187091,"retry 0 is paired across unrestricted Hamming and position-L2; later deterministic retries are used only after a rank failure"
"four_drug",4,"sa_move_shared",40,554187213,"retry 0 is paired across unrestricted Hamming and position-L2; later deterministic retries are used only after a rank failure"
"four_drug",4,"sa_move_shared",41,554187214,"retry 0 is paired across unrestricted Hamming and position-L2; later deterministic retries are used only after a rank failure"
"four_drug",4,"sa_move_shared",42,554187215,"retry 0 is paired across unrestricted Hamming and position-L2; later deterministic retries are used only after a rank failure"
"four_drug",4,"sa_move_shared",43,554187216,"retry 0 is paired across unrestricted Hamming and position-L2; later deterministic retries are used only after a rank failure"
"four_drug",4,"sa_move_shared",44,554187217,"retry 0 is paired across unrestricted Hamming and position-L2; later deterministic retries are used only after a rank failure"
"four_drug",4,"sa_move_shared",45,554187218,"retry 0 is paired across unrestricted Hamming and position-L2; later deterministic retries are used only after a rank failure"
"four_drug",4,"sa_move_shared",46,554187219,"retry 0 is paired across unrestricted Hamming and position-L2; later deterministic retries are used only after a rank failure"
"four_drug",4,"sa_move_shared",47,554187220,"retry 0 is paired across unrestricted Hamming and position-L2; later deterministic retries are used only after a rank failure"
"four_drug",4,"sa_move_shared",48,554187221,"retry 0 is paired across unrestricted Hamming and position-L2; later deterministic retries are used only after a rank failure"
"four_drug",4,"sa_move_shared",49,554187222,"retry 0 is paired across unrestricted Hamming and position-L2; later deterministic retries are used only after a rank failure"
"four_drug",4,"sa_move_shared",50,554187344,"retry 0 is paired across unrestricted Hamming and position-L2; later deterministic retries are used only after a rank failure"
"four_drug",5,"initial_design_shared",0,1623831664,"shared by rank-conditioned SRS and the two unrestricted geometry searches in the paper subset; first full-rank draw is used"
"four_drug",5,"initial_design_shared",1,1623831665,"shared by rank-conditioned SRS and the two unrestricted geometry searches in the paper subset; first full-rank draw is used"
"four_drug",5,"initial_design_shared",2,1623831666,"shared by rank-conditioned SRS and the two unrestricted geometry searches in the paper subset; first full-rank draw is used"
"four_drug",5,"initial_design_shared",3,1623831667,"shared by rank-conditioned SRS and the two unrestricted geometry searches in the paper subset; first full-rank draw is used"
"four_drug",5,"initial_design_shared",4,1623831668,"shared by rank-conditioned SRS and the two unrestricted geometry searches in the paper subset; first full-rank draw is used"
"four_drug",5,"initial_design_shared",5,1623831669,"shared by rank-conditioned SRS and the two unrestricted geometry searches in the paper subset; first full-rank draw is used"
"four_drug",5,"initial_design_shared",6,1623831670,"shared by rank-conditioned SRS and the two unrestricted geometry searches in the paper subset; first full-rank draw is used"
"four_drug",5,"initial_design_shared",7,1623831671,"shared by rank-conditioned SRS and the two unrestricted geometry searches in the paper subset; first full-rank draw is used"
"four_drug",5,"initial_design_shared",8,1623831672,"shared by rank-conditioned SRS and the two unrestricted geometry searches in the paper subset; first full-rank draw is used"
"four_drug",5,"initial_design_shared",9,1623831673,"shared by rank-conditioned SRS and the two unrestricted geometry searches in the paper subset; first full-rank draw is used"
"four_drug",5,"initial_design_shared",10,121068762,"shared by rank-conditioned SRS and the two unrestricted geometry searches in the paper subset; first full-rank draw is used"
"four_drug",5,"initial_design_shared",11,121068763,"shared by rank-conditioned SRS and the two unrestricted geometry searches in the paper subset; first full-rank draw is used"
"four_drug",5,"initial_design_shared",12,121068764,"shared by rank-conditioned SRS and the two unrestricted geometry searches in the paper subset; first full-rank draw is used"
"four_drug",5,"initial_design_shared",13,121068765,"shared by rank-conditioned SRS and the two unrestricted geometry searches in the paper subset; first full-rank draw is used"
"four_drug",5,"initial_design_shared",14,121068766,"shared by rank-conditioned SRS and the two unrestricted geometry searches in the paper subset; first full-rank draw is used"
"four_drug",5,"initial_design_shared",15,121068767,"shared by rank-conditioned SRS and the two unrestricted geometry searches in the paper subset; first full-rank draw is used"
"four_drug",5,"initial_design_shared",16,121068768,"shared by rank-conditioned SRS and the two unrestricted geometry searches in the paper subset; first full-rank draw is used"
"four_drug",5,"initial_design_shared",17,121068769,"shared by rank-conditioned SRS and the two unrestricted geometry searches in the paper subset; first full-rank draw is used"
"four_drug",5,"initial_design_shared",18,121068770,"shared by rank-conditioned SRS and the two unrestricted geometry searches in the paper subset; first full-rank draw is used"
"four_drug",5,"initial_design_shared",19,121068771,"shared by rank-conditioned SRS and the two unrestricted geometry searches in the paper subset; first full-rank draw is used"
"four_drug",5,"initial_design_shared",20,121068893,"shared by rank-conditioned SRS and the two unrestricted geometry searches in the paper subset; first full-rank draw is used"
"four_drug",5,"initial_design_shared",21,121068894,"shared by rank-conditioned SRS and the two unrestricted geometry searches in the paper subset; first full-rank draw is used"
"four_drug",5,"initial_design_shared",22,121068895,"shared by rank-conditioned SRS and the two unrestricted geometry searches in the paper subset; first full-rank draw is used"
"four_drug",5,"initial_design_shared",23,121068896,"shared by rank-conditioned SRS and the two unrestricted geometry searches in the paper subset; first full-rank draw is used"
"four_drug",5,"initial_design_shared",24,121068897,"shared by rank-conditioned SRS and the two unrestricted geometry searches in the paper subset; first full-rank draw is used"
"four_drug",5,"initial_design_shared",25,121068898,"shared by rank-conditioned SRS and the two unrestricted geometry searches in the paper subset; first full-rank draw is used"
"four_drug",5,"initial_design_shared",26,121068899,"shared by rank-conditioned SRS and the two unrestricted geometry searches in the paper subset; first full-rank draw is used"
"four_drug",5,"initial_design_shared",27,121068900,"shared by rank-conditioned SRS and the two unrestricted geometry searches in the paper subset; first full-rank draw is used"
"four_drug",5,"initial_design_shared",28,121068901,"shared by rank-conditioned SRS and the two unrestricted geometry searches in the paper subset; first full-rank draw is used"
"four_drug",5,"initial_design_shared",29,121068902,"shared by rank-conditioned SRS and the two unrestricted geometry searches in the paper subset; first full-rank draw is used"
"four_drug",5,"initial_design_shared",30,121069024,"shared by rank-conditioned SRS and the two unrestricted geometry searches in the paper subset; first full-rank draw is used"
"four_drug",5,"initial_design_shared",31,121069025,"shared by rank-conditioned SRS and the two unrestricted geometry searches in the paper subset; first full-rank draw is used"
"four_drug",5,"initial_design_shared",32,121069026,"shared by rank-conditioned SRS and the two unrestricted geometry searches in the paper subset; first full-rank draw is used"
"four_drug",5,"initial_design_shared",33,121069027,"shared by rank-conditioned SRS and the two unrestricted geometry searches in the paper subset; first full-rank draw is used"
"four_drug",5,"initial_design_shared",34,121069028,"shared by rank-conditioned SRS and the two unrestricted geometry searches in the paper subset; first full-rank draw is used"
"four_drug",5,"initial_design_shared",35,121069029,"shared by rank-conditioned SRS and the two unrestricted geometry searches in the paper subset; first full-rank draw is used"
"four_drug",5,"initial_design_shared",36,121069030,"shared by rank-conditioned SRS and the two unrestricted geometry searches in the paper subset; first full-rank draw is used"
"four_drug",5,"initial_design_shared",37,121069031,"shared by rank-conditioned SRS and the two unrestricted geometry searches in the paper subset; first full-rank draw is used"
"four_drug",5,"initial_design_shared",38,121069032,"shared by rank-conditioned SRS and the two unrestricted geometry searches in the paper subset; first full-rank draw is used"
"four_drug",5,"initial_design_shared",39,121069033,"shared by rank-conditioned SRS and the two unrestricted geometry searches in the paper subset; first full-rank draw is used"
"four_drug",5,"initial_design_shared",40,121069155,"shared by rank-conditioned SRS and the two unrestricted geometry searches in the paper subset; first full-rank draw is used"
"four_drug",5,"initial_design_shared",41,121069156,"shared by rank-conditioned SRS and the two unrestricted geometry searches in the paper subset; first full-rank draw is used"
"four_drug",5,"initial_design_shared",42,121069157,"shared by rank-conditioned SRS and the two unrestricted geometry searches in the paper subset; first full-rank draw is used"
"four_drug",5,"initial_design_shared",43,121069158,"shared by rank-conditioned SRS and the two unrestricted geometry searches in the paper subset; first full-rank draw is used"
"four_drug",5,"initial_design_shared",44,121069159,"shared by rank-conditioned SRS and the two unrestricted geometry searches in the paper subset; first full-rank draw is used"
"four_drug",5,"initial_design_shared",45,121069160,"shared by rank-conditioned SRS and the two unrestricted geometry searches in the paper subset; first full-rank draw is used"
"four_drug",5,"initial_design_shared",46,121069161,"shared by rank-conditioned SRS and the two unrestricted geometry searches in the paper subset; first full-rank draw is used"
"four_drug",5,"initial_design_shared",47,121069162,"shared by rank-conditioned SRS and the two unrestricted geometry searches in the paper subset; first full-rank draw is used"
"four_drug",5,"initial_design_shared",48,121069163,"shared by rank-conditioned SRS and the two unrestricted geometry searches in the paper subset; first full-rank draw is used"
"four_drug",5,"initial_design_shared",49,121069164,"shared by rank-conditioned SRS and the two unrestricted geometry searches in the paper subset; first full-rank draw is used"
"four_drug",5,"initial_design_shared",50,121069286,"shared by rank-conditioned SRS and the two unrestricted geometry searches in the paper subset; first full-rank draw is used"
"four_drug",5,"sa_move_shared",0,278525849,"retry 0 is paired across unrestricted Hamming and position-L2; later deterministic retries are used only after a rank failure"
"four_drug",5,"sa_move_shared",1,278525850,"retry 0 is paired across unrestricted Hamming and position-L2; later deterministic retries are used only after a rank failure"
"four_drug",5,"sa_move_shared",2,278525851,"retry 0 is paired across unrestricted Hamming and position-L2; later deterministic retries are used only after a rank failure"
"four_drug",5,"sa_move_shared",3,278525852,"retry 0 is paired across unrestricted Hamming and position-L2; later deterministic retries are used only after a rank failure"
"four_drug",5,"sa_move_shared",4,278525853,"retry 0 is paired across unrestricted Hamming and position-L2; later deterministic retries are used only after a rank failure"
"four_drug",5,"sa_move_shared",5,278525854,"retry 0 is paired across unrestricted Hamming and position-L2; later deterministic retries are used only after a rank failure"
"four_drug",5,"sa_move_shared",6,278525855,"retry 0 is paired across unrestricted Hamming and position-L2; later deterministic retries are used only after a rank failure"
"four_drug",5,"sa_move_shared",7,278525856,"retry 0 is paired across unrestricted Hamming and position-L2; later deterministic retries are used only after a rank failure"
"four_drug",5,"sa_move_shared",8,278525857,"retry 0 is paired across unrestricted Hamming and position-L2; later deterministic retries are used only after a rank failure"
"four_drug",5,"sa_move_shared",9,278525858,"retry 0 is paired across unrestricted Hamming and position-L2; later deterministic retries are used only after a rank failure"
"four_drug",5,"sa_move_shared",10,2127148204,"retry 0 is paired across unrestricted Hamming and position-L2; later deterministic retries are used only after a rank failure"
"four_drug",5,"sa_move_shared",11,2127148205,"retry 0 is paired across unrestricted Hamming and position-L2; later deterministic retries are used only after a rank failure"
"four_drug",5,"sa_move_shared",12,2127148206,"retry 0 is paired across unrestricted Hamming and position-L2; later deterministic retries are used only after a rank failure"
"four_drug",5,"sa_move_shared",13,2127148207,"retry 0 is paired across unrestricted Hamming and position-L2; later deterministic retries are used only after a rank failure"
"four_drug",5,"sa_move_shared",14,2127148208,"retry 0 is paired across unrestricted Hamming and position-L2; later deterministic retries are used only after a rank failure"
"four_drug",5,"sa_move_shared",15,2127148209,"retry 0 is paired across unrestricted Hamming and position-L2; later deterministic retries are used only after a rank failure"
"four_drug",5,"sa_move_shared",16,2127148210,"retry 0 is paired across unrestricted Hamming and position-L2; later deterministic retries are used only after a rank failure"
"four_drug",5,"sa_move_shared",17,2127148211,"retry 0 is paired across unrestricted Hamming and position-L2; later deterministic retries are used only after a rank failure"
"four_drug",5,"sa_move_shared",18,2127148212,"retry 0 is paired across unrestricted Hamming and position-L2; later deterministic retries are used only after a rank failure"
"four_drug",5,"sa_move_shared",19,2127148213,"retry 0 is paired across unrestricted Hamming and position-L2; later deterministic retries are used only after a rank failure"
"four_drug",5,"sa_move_shared",20,2127148335,"retry 0 is paired across unrestricted Hamming and position-L2; later deterministic retries are used only after a rank failure"
"four_drug",5,"sa_move_shared",21,2127148336,"retry 0 is paired across unrestricted Hamming and position-L2; later deterministic retries are used only after a rank failure"
"four_drug",5,"sa_move_shared",22,2127148337,"retry 0 is paired across unrestricted Hamming and position-L2; later deterministic retries are used only after a rank failure"
"four_drug",5,"sa_move_shared",23,2127148338,"retry 0 is paired across unrestricted Hamming and position-L2; later deterministic retries are used only after a rank failure"
"four_drug",5,"sa_move_shared",24,2127148339,"retry 0 is paired across unrestricted Hamming and position-L2; later deterministic retries are used only after a rank failure"
"four_drug",5,"sa_move_shared",25,2127148340,"retry 0 is paired across unrestricted Hamming and position-L2; later deterministic retries are used only after a rank failure"
"four_drug",5,"sa_move_shared",26,2127148341,"retry 0 is paired across unrestricted Hamming and position-L2; later deterministic retries are used only after a rank failure"
"four_drug",5,"sa_move_shared",27,2127148342,"retry 0 is paired across unrestricted Hamming and position-L2; later deterministic retries are used only after a rank failure"
"four_drug",5,"sa_move_shared",28,2127148343,"retry 0 is paired across unrestricted Hamming and position-L2; later deterministic retries are used only after a rank failure"
"four_drug",5,"sa_move_shared",29,2127148344,"retry 0 is paired across unrestricted Hamming and position-L2; later deterministic retries are used only after a rank failure"
"four_drug",5,"sa_move_shared",30,2127148466,"retry 0 is paired across unrestricted Hamming and position-L2; later deterministic retries are used only after a rank failure"
"four_drug",5,"sa_move_shared",31,2127148467,"retry 0 is paired across unrestricted Hamming and position-L2; later deterministic retries are used only after a rank failure"
"four_drug",5,"sa_move_shared",32,2127148468,"retry 0 is paired across unrestricted Hamming and position-L2; later deterministic retries are used only after a rank failure"
"four_drug",5,"sa_move_shared",33,2127148469,"retry 0 is paired across unrestricted Hamming and position-L2; later deterministic retries are used only after a rank failure"
"four_drug",5,"sa_move_shared",34,2127148470,"retry 0 is paired across unrestricted Hamming and position-L2; later deterministic retries are used only after a rank failure"
"four_drug",5,"sa_move_shared",35,2127148471,"retry 0 is paired across unrestricted Hamming and position-L2; later deterministic retries are used only after a rank failure"
"four_drug",5,"sa_move_shared",36,2127148472,"retry 0 is paired across unrestricted Hamming and position-L2; later deterministic retries are used only after a rank failure"
"four_drug",5,"sa_move_shared",37,2127148473,"retry 0 is paired across unrestricted Hamming and position-L2; later deterministic retries are used only after a rank failure"
"four_drug",5,"sa_move_shared",38,2127148474,"retry 0 is paired across unrestricted Hamming and position-L2; later deterministic retries are used only after a rank failure"
"four_drug",5,"sa_move_shared",39,2127148475,"retry 0 is paired across unrestricted Hamming and position-L2; later deterministic retries are used only after a rank failure"
"four_drug",5,"sa_move_shared",40,2127148597,"retry 0 is paired across unrestricted Hamming and position-L2; later deterministic retries are used only after a rank failure"
"four_drug",5,"sa_move_shared",41,2127148598,"retry 0 is paired across unrestricted Hamming and position-L2; later deterministic retries are used only after a rank failure"
"four_drug",5,"sa_move_shared",42,2127148599,"retry 0 is paired across unrestricted Hamming and position-L2; later deterministic retries are used only after a rank failure"
"four_drug",5,"sa_move_shared",43,2127148600,"retry 0 is paired across unrestricted Hamming and position-L2; later deterministic retries are used only after a rank failure"
"four_drug",5,"sa_move_shared",44,2127148601,"retry 0 is paired across unrestricted Hamming and position-L2; later deterministic retries are used only after a rank failure"
"four_drug",5,"sa_move_shared",45,2127148602,"retry 0 is paired across unrestricted Hamming and position-L2; later deterministic retries are used only after a rank failure"
"four_drug",5,"sa_move_shared",46,2127148603,"retry 0 is paired across unrestricted Hamming and position-L2; later deterministic retries are used only after a rank failure"
"four_drug",5,"sa_move_shared",47,2127148604,"retry 0 is paired across unrestricted Hamming and position-L2; later deterministic retries are used only after a rank failure"
"four_drug",5,"sa_move_shared",48,2127148605,"retry 0 is paired across unrestricted Hamming and position-L2; later deterministic retries are used only after a rank failure"
"four_drug",5,"sa_move_shared",49,2127148606,"retry 0 is paired across unrestricted Hamming and position-L2; later deterministic retries are used only after a rank failure"
"four_drug",5,"sa_move_shared",50,2127148728,"retry 0 is paired across unrestricted Hamming and position-L2; later deterministic retries are used only after a rank failure"
"four_drug",6,"initial_design_shared",0,849128217,"shared by rank-conditioned SRS and the two unrestricted geometry searches in the paper subset; first full-rank draw is used"
"four_drug",6,"initial_design_shared",1,849128218,"shared by rank-conditioned SRS and the two unrestricted geometry searches in the paper subset; first full-rank draw is used"
"four_drug",6,"initial_design_shared",2,849128219,"shared by rank-conditioned SRS and the two unrestricted geometry searches in the paper subset; first full-rank draw is used"
"four_drug",6,"initial_design_shared",3,849128220,"shared by rank-conditioned SRS and the two unrestricted geometry searches in the paper subset; first full-rank draw is used"
"four_drug",6,"initial_design_shared",4,849128221,"shared by rank-conditioned SRS and the two unrestricted geometry searches in the paper subset; first full-rank draw is used"
"four_drug",6,"initial_design_shared",5,849128222,"shared by rank-conditioned SRS and the two unrestricted geometry searches in the paper subset; first full-rank draw is used"
"four_drug",6,"initial_design_shared",6,849128223,"shared by rank-conditioned SRS and the two unrestricted geometry searches in the paper subset; first full-rank draw is used"
"four_drug",6,"initial_design_shared",7,849128224,"shared by rank-conditioned SRS and the two unrestricted geometry searches in the paper subset; first full-rank draw is used"
"four_drug",6,"initial_design_shared",8,849128225,"shared by rank-conditioned SRS and the two unrestricted geometry searches in the paper subset; first full-rank draw is used"
"four_drug",6,"initial_design_shared",9,849128226,"shared by rank-conditioned SRS and the two unrestricted geometry searches in the paper subset; first full-rank draw is used"
"four_drug",6,"initial_design_shared",10,1714131397,"shared by rank-conditioned SRS and the two unrestricted geometry searches in the paper subset; first full-rank draw is used"
"four_drug",6,"initial_design_shared",11,1714131398,"shared by rank-conditioned SRS and the two unrestricted geometry searches in the paper subset; first full-rank draw is used"
"four_drug",6,"initial_design_shared",12,1714131399,"shared by rank-conditioned SRS and the two unrestricted geometry searches in the paper subset; first full-rank draw is used"
"four_drug",6,"initial_design_shared",13,1714131400,"shared by rank-conditioned SRS and the two unrestricted geometry searches in the paper subset; first full-rank draw is used"
"four_drug",6,"initial_design_shared",14,1714131401,"shared by rank-conditioned SRS and the two unrestricted geometry searches in the paper subset; first full-rank draw is used"
"four_drug",6,"initial_design_shared",15,1714131402,"shared by rank-conditioned SRS and the two unrestricted geometry searches in the paper subset; first full-rank draw is used"
"four_drug",6,"initial_design_shared",16,1714131403,"shared by rank-conditioned SRS and the two unrestricted geometry searches in the paper subset; first full-rank draw is used"
"four_drug",6,"initial_design_shared",17,1714131404,"shared by rank-conditioned SRS and the two unrestricted geometry searches in the paper subset; first full-rank draw is used"
"four_drug",6,"initial_design_shared",18,1714131405,"shared by rank-conditioned SRS and the two unrestricted geometry searches in the paper subset; first full-rank draw is used"
"four_drug",6,"initial_design_shared",19,1714131406,"shared by rank-conditioned SRS and the two unrestricted geometry searches in the paper subset; first full-rank draw is used"
"four_drug",6,"initial_design_shared",20,1714131528,"shared by rank-conditioned SRS and the two unrestricted geometry searches in the paper subset; first full-rank draw is used"
"four_drug",6,"initial_design_shared",21,1714131529,"shared by rank-conditioned SRS and the two unrestricted geometry searches in the paper subset; first full-rank draw is used"
"four_drug",6,"initial_design_shared",22,1714131530,"shared by rank-conditioned SRS and the two unrestricted geometry searches in the paper subset; first full-rank draw is used"
"four_drug",6,"initial_design_shared",23,1714131531,"shared by rank-conditioned SRS and the two unrestricted geometry searches in the paper subset; first full-rank draw is used"
"four_drug",6,"initial_design_shared",24,1714131532,"shared by rank-conditioned SRS and the two unrestricted geometry searches in the paper subset; first full-rank draw is used"
"four_drug",6,"initial_design_shared",25,1714131533,"shared by rank-conditioned SRS and the two unrestricted geometry searches in the paper subset; first full-rank draw is used"
"four_drug",6,"initial_design_shared",26,1714131534,"shared by rank-conditioned SRS and the two unrestricted geometry searches in the paper subset; first full-rank draw is used"
"four_drug",6,"initial_design_shared",27,1714131535,"shared by rank-conditioned SRS and the two unrestricted geometry searches in the paper subset; first full-rank draw is used"
"four_drug",6,"initial_design_shared",28,1714131536,"shared by rank-conditioned SRS and the two unrestricted geometry searches in the paper subset; first full-rank draw is used"
"four_drug",6,"initial_design_shared",29,1714131537,"shared by rank-conditioned SRS and the two unrestricted geometry searches in the paper subset; first full-rank draw is used"
"four_drug",6,"initial_design_shared",30,1714131659,"shared by rank-conditioned SRS and the two unrestricted geometry searches in the paper subset; first full-rank draw is used"
"four_drug",6,"initial_design_shared",31,1714131660,"shared by rank-conditioned SRS and the two unrestricted geometry searches in the paper subset; first full-rank draw is used"
"four_drug",6,"initial_design_shared",32,1714131661,"shared by rank-conditioned SRS and the two unrestricted geometry searches in the paper subset; first full-rank draw is used"
"four_drug",6,"initial_design_shared",33,1714131662,"shared by rank-conditioned SRS and the two unrestricted geometry searches in the paper subset; first full-rank draw is used"
"four_drug",6,"initial_design_shared",34,1714131663,"shared by rank-conditioned SRS and the two unrestricted geometry searches in the paper subset; first full-rank draw is used"
"four_drug",6,"initial_design_shared",35,1714131664,"shared by rank-conditioned SRS and the two unrestricted geometry searches in the paper subset; first full-rank draw is used"
"four_drug",6,"initial_design_shared",36,1714131665,"shared by rank-conditioned SRS and the two unrestricted geometry searches in the paper subset; first full-rank draw is used"
"four_drug",6,"initial_design_shared",37,1714131666,"shared by rank-conditioned SRS and the two unrestricted geometry searches in the paper subset; first full-rank draw is used"
"four_drug",6,"initial_design_shared",38,1714131667,"shared by rank-conditioned SRS and the two unrestricted geometry searches in the paper subset; first full-rank draw is used"
"four_drug",6,"initial_design_shared",39,1714131668,"shared by rank-conditioned SRS and the two unrestricted geometry searches in the paper subset; first full-rank draw is used"
"four_drug",6,"initial_design_shared",40,1714131790,"shared by rank-conditioned SRS and the two unrestricted geometry searches in the paper subset; first full-rank draw is used"
"four_drug",6,"initial_design_shared",41,1714131791,"shared by rank-conditioned SRS and the two unrestricted geometry searches in the paper subset; first full-rank draw is used"
"four_drug",6,"initial_design_shared",42,1714131792,"shared by rank-conditioned SRS and the two unrestricted geometry searches in the paper subset; first full-rank draw is used"
"four_drug",6,"initial_design_shared",43,1714131793,"shared by rank-conditioned SRS and the two unrestricted geometry searches in the paper subset; first full-rank draw is used"
"four_drug",6,"initial_design_shared",44,1714131794,"shared by rank-conditioned SRS and the two unrestricted geometry searches in the paper subset; first full-rank draw is used"
"four_drug",6,"initial_design_shared",45,1714131795,"shared by rank-conditioned SRS and the two unrestricted geometry searches in the paper subset; first full-rank draw is used"
"four_drug",6,"initial_design_shared",46,1714131796,"shared by rank-conditioned SRS and the two unrestricted geometry searches in the paper subset; first full-rank draw is used"
"four_drug",6,"initial_design_shared",47,1714131797,"shared by rank-conditioned SRS and the two unrestricted geometry searches in the paper subset; first full-rank draw is used"
"four_drug",6,"initial_design_shared",48,1714131798,"shared by rank-conditioned SRS and the two unrestricted geometry searches in the paper subset; first full-rank draw is used"
"four_drug",6,"initial_design_shared",49,1714131799,"shared by rank-conditioned SRS and the two unrestricted geometry searches in the paper subset; first full-rank draw is used"
"four_drug",6,"initial_design_shared",50,1714131921,"shared by rank-conditioned SRS and the two unrestricted geometry searches in the paper subset; first full-rank draw is used"
"four_drug",6,"sa_move_shared",0,192175159,"retry 0 is paired across unrestricted Hamming and position-L2; later deterministic retries are used only after a rank failure"
"four_drug",6,"sa_move_shared",1,192175160,"retry 0 is paired across unrestricted Hamming and position-L2; later deterministic retries are used only after a rank failure"
"four_drug",6,"sa_move_shared",2,192175161,"retry 0 is paired across unrestricted Hamming and position-L2; later deterministic retries are used only after a rank failure"
"four_drug",6,"sa_move_shared",3,192175162,"retry 0 is paired across unrestricted Hamming and position-L2; later deterministic retries are used only after a rank failure"
"four_drug",6,"sa_move_shared",4,192175163,"retry 0 is paired across unrestricted Hamming and position-L2; later deterministic retries are used only after a rank failure"
"four_drug",6,"sa_move_shared",5,192175164,"retry 0 is paired across unrestricted Hamming and position-L2; later deterministic retries are used only after a rank failure"
"four_drug",6,"sa_move_shared",6,192175165,"retry 0 is paired across unrestricted Hamming and position-L2; later deterministic retries are used only after a rank failure"
"four_drug",6,"sa_move_shared",7,192175166,"retry 0 is paired across unrestricted Hamming and position-L2; later deterministic retries are used only after a rank failure"
"four_drug",6,"sa_move_shared",8,192175167,"retry 0 is paired across unrestricted Hamming and position-L2; later deterministic retries are used only after a rank failure"
"four_drug",6,"sa_move_shared",9,192175168,"retry 0 is paired across unrestricted Hamming and position-L2; later deterministic retries are used only after a rank failure"
"four_drug",6,"sa_move_shared",10,1552625959,"retry 0 is paired across unrestricted Hamming and position-L2; later deterministic retries are used only after a rank failure"
"four_drug",6,"sa_move_shared",11,1552625960,"retry 0 is paired across unrestricted Hamming and position-L2; later deterministic retries are used only after a rank failure"
"four_drug",6,"sa_move_shared",12,1552625961,"retry 0 is paired across unrestricted Hamming and position-L2; later deterministic retries are used only after a rank failure"
"four_drug",6,"sa_move_shared",13,1552625962,"retry 0 is paired across unrestricted Hamming and position-L2; later deterministic retries are used only after a rank failure"
"four_drug",6,"sa_move_shared",14,1552625963,"retry 0 is paired across unrestricted Hamming and position-L2; later deterministic retries are used only after a rank failure"
"four_drug",6,"sa_move_shared",15,1552625964,"retry 0 is paired across unrestricted Hamming and position-L2; later deterministic retries are used only after a rank failure"
"four_drug",6,"sa_move_shared",16,1552625965,"retry 0 is paired across unrestricted Hamming and position-L2; later deterministic retries are used only after a rank failure"
"four_drug",6,"sa_move_shared",17,1552625966,"retry 0 is paired across unrestricted Hamming and position-L2; later deterministic retries are used only after a rank failure"
"four_drug",6,"sa_move_shared",18,1552625967,"retry 0 is paired across unrestricted Hamming and position-L2; later deterministic retries are used only after a rank failure"
"four_drug",6,"sa_move_shared",19,1552625968,"retry 0 is paired across unrestricted Hamming and position-L2; later deterministic retries are used only after a rank failure"
"four_drug",6,"sa_move_shared",20,1552626090,"retry 0 is paired across unrestricted Hamming and position-L2; later deterministic retries are used only after a rank failure"
"four_drug",6,"sa_move_shared",21,1552626091,"retry 0 is paired across unrestricted Hamming and position-L2; later deterministic retries are used only after a rank failure"
"four_drug",6,"sa_move_shared",22,1552626092,"retry 0 is paired across unrestricted Hamming and position-L2; later deterministic retries are used only after a rank failure"
"four_drug",6,"sa_move_shared",23,1552626093,"retry 0 is paired across unrestricted Hamming and position-L2; later deterministic retries are used only after a rank failure"
"four_drug",6,"sa_move_shared",24,1552626094,"retry 0 is paired across unrestricted Hamming and position-L2; later deterministic retries are used only after a rank failure"
"four_drug",6,"sa_move_shared",25,1552626095,"retry 0 is paired across unrestricted Hamming and position-L2; later deterministic retries are used only after a rank failure"
"four_drug",6,"sa_move_shared",26,1552626096,"retry 0 is paired across unrestricted Hamming and position-L2; later deterministic retries are used only after a rank failure"
"four_drug",6,"sa_move_shared",27,1552626097,"retry 0 is paired across unrestricted Hamming and position-L2; later deterministic retries are used only after a rank failure"
"four_drug",6,"sa_move_shared",28,1552626098,"retry 0 is paired across unrestricted Hamming and position-L2; later deterministic retries are used only after a rank failure"
"four_drug",6,"sa_move_shared",29,1552626099,"retry 0 is paired across unrestricted Hamming and position-L2; later deterministic retries are used only after a rank failure"
"four_drug",6,"sa_move_shared",30,1552626221,"retry 0 is paired across unrestricted Hamming and position-L2; later deterministic retries are used only after a rank failure"
"four_drug",6,"sa_move_shared",31,1552626222,"retry 0 is paired across unrestricted Hamming and position-L2; later deterministic retries are used only after a rank failure"
"four_drug",6,"sa_move_shared",32,1552626223,"retry 0 is paired across unrestricted Hamming and position-L2; later deterministic retries are used only after a rank failure"
"four_drug",6,"sa_move_shared",33,1552626224,"retry 0 is paired across unrestricted Hamming and position-L2; later deterministic retries are used only after a rank failure"
"four_drug",6,"sa_move_shared",34,1552626225,"retry 0 is paired across unrestricted Hamming and position-L2; later deterministic retries are used only after a rank failure"
"four_drug",6,"sa_move_shared",35,1552626226,"retry 0 is paired across unrestricted Hamming and position-L2; later deterministic retries are used only after a rank failure"
"four_drug",6,"sa_move_shared",36,1552626227,"retry 0 is paired across unrestricted Hamming and position-L2; later deterministic retries are used only after a rank failure"
"four_drug",6,"sa_move_shared",37,1552626228,"retry 0 is paired across unrestricted Hamming and position-L2; later deterministic retries are used only after a rank failure"
"four_drug",6,"sa_move_shared",38,1552626229,"retry 0 is paired across unrestricted Hamming and position-L2; later deterministic retries are used only after a rank failure"
"four_drug",6,"sa_move_shared",39,1552626230,"retry 0 is paired across unrestricted Hamming and position-L2; later deterministic retries are used only after a rank failure"
"four_drug",6,"sa_move_shared",40,1552626352,"retry 0 is paired across unrestricted Hamming and position-L2; later deterministic retries are used only after a rank failure"
"four_drug",6,"sa_move_shared",41,1552626353,"retry 0 is paired across unrestricted Hamming and position-L2; later deterministic retries are used only after a rank failure"
"four_drug",6,"sa_move_shared",42,1552626354,"retry 0 is paired across unrestricted Hamming and position-L2; later deterministic retries are used only after a rank failure"
"four_drug",6,"sa_move_shared",43,1552626355,"retry 0 is paired across unrestricted Hamming and position-L2; later deterministic retries are used only after a rank failure"
"four_drug",6,"sa_move_shared",44,1552626356,"retry 0 is paired across unrestricted Hamming and position-L2; later deterministic retries are used only after a rank failure"
"four_drug",6,"sa_move_shared",45,1552626357,"retry 0 is paired across unrestricted Hamming and position-L2; later deterministic retries are used only after a rank failure"
"four_drug",6,"sa_move_shared",46,1552626358,"retry 0 is paired across unrestricted Hamming and position-L2; later deterministic retries are used only after a rank failure"
"four_drug",6,"sa_move_shared",47,1552626359,"retry 0 is paired across unrestricted Hamming and position-L2; later deterministic retries are used only after a rank failure"
"four_drug",6,"sa_move_shared",48,1552626360,"retry 0 is paired across unrestricted Hamming and position-L2; later deterministic retries are used only after a rank failure"
"four_drug",6,"sa_move_shared",49,1552626361,"retry 0 is paired across unrestricted Hamming and position-L2; later deterministic retries are used only after a rank failure"
"four_drug",6,"sa_move_shared",50,1552626483,"retry 0 is paired across unrestricted Hamming and position-L2; later deterministic retries are used only after a rank failure"
"four_drug",7,"initial_design_shared",0,74424770,"shared by rank-conditioned SRS and the two unrestricted geometry searches in the paper subset; first full-rank draw is used"
"four_drug",7,"initial_design_shared",1,74424771,"shared by rank-conditioned SRS and the two unrestricted geometry searches in the paper subset; first full-rank draw is used"
"four_drug",7,"initial_design_shared",2,74424772,"shared by rank-conditioned SRS and the two unrestricted geometry searches in the paper subset; first full-rank draw is used"
"four_drug",7,"initial_design_shared",3,74424773,"shared by rank-conditioned SRS and the two unrestricted geometry searches in the paper subset; first full-rank draw is used"
"four_drug",7,"initial_design_shared",4,74424774,"shared by rank-conditioned SRS and the two unrestricted geometry searches in the paper subset; first full-rank draw is used"
"four_drug",7,"initial_design_shared",5,74424775,"shared by rank-conditioned SRS and the two unrestricted geometry searches in the paper subset; first full-rank draw is used"
"four_drug",7,"initial_design_shared",6,74424776,"shared by rank-conditioned SRS and the two unrestricted geometry searches in the paper subset; first full-rank draw is used"
"four_drug",7,"initial_design_shared",7,74424777,"shared by rank-conditioned SRS and the two unrestricted geometry searches in the paper subset; first full-rank draw is used"
"four_drug",7,"initial_design_shared",8,74424778,"shared by rank-conditioned SRS and the two unrestricted geometry searches in the paper subset; first full-rank draw is used"
"four_drug",7,"initial_design_shared",9,74424779,"shared by rank-conditioned SRS and the two unrestricted geometry searches in the paper subset; first full-rank draw is used"
"four_drug",7,"initial_design_shared",10,1159710403,"shared by rank-conditioned SRS and the two unrestricted geometry searches in the paper subset; first full-rank draw is used"
"four_drug",7,"initial_design_shared",11,1159710404,"shared by rank-conditioned SRS and the two unrestricted geometry searches in the paper subset; first full-rank draw is used"
"four_drug",7,"initial_design_shared",12,1159710405,"shared by rank-conditioned SRS and the two unrestricted geometry searches in the paper subset; first full-rank draw is used"
"four_drug",7,"initial_design_shared",13,1159710406,"shared by rank-conditioned SRS and the two unrestricted geometry searches in the paper subset; first full-rank draw is used"
"four_drug",7,"initial_design_shared",14,1159710407,"shared by rank-conditioned SRS and the two unrestricted geometry searches in the paper subset; first full-rank draw is used"
"four_drug",7,"initial_design_shared",15,1159710408,"shared by rank-conditioned SRS and the two unrestricted geometry searches in the paper subset; first full-rank draw is used"
"four_drug",7,"initial_design_shared",16,1159710409,"shared by rank-conditioned SRS and the two unrestricted geometry searches in the paper subset; first full-rank draw is used"
"four_drug",7,"initial_design_shared",17,1159710410,"shared by rank-conditioned SRS and the two unrestricted geometry searches in the paper subset; first full-rank draw is used"
"four_drug",7,"initial_design_shared",18,1159710411,"shared by rank-conditioned SRS and the two unrestricted geometry searches in the paper subset; first full-rank draw is used"
"four_drug",7,"initial_design_shared",19,1159710412,"shared by rank-conditioned SRS and the two unrestricted geometry searches in the paper subset; first full-rank draw is used"
"four_drug",7,"initial_design_shared",20,1159710534,"shared by rank-conditioned SRS and the two unrestricted geometry searches in the paper subset; first full-rank draw is used"
"four_drug",7,"initial_design_shared",21,1159710535,"shared by rank-conditioned SRS and the two unrestricted geometry searches in the paper subset; first full-rank draw is used"
"four_drug",7,"initial_design_shared",22,1159710536,"shared by rank-conditioned SRS and the two unrestricted geometry searches in the paper subset; first full-rank draw is used"
"four_drug",7,"initial_design_shared",23,1159710537,"shared by rank-conditioned SRS and the two unrestricted geometry searches in the paper subset; first full-rank draw is used"
"four_drug",7,"initial_design_shared",24,1159710538,"shared by rank-conditioned SRS and the two unrestricted geometry searches in the paper subset; first full-rank draw is used"
"four_drug",7,"initial_design_shared",25,1159710539,"shared by rank-conditioned SRS and the two unrestricted geometry searches in the paper subset; first full-rank draw is used"
"four_drug",7,"initial_design_shared",26,1159710540,"shared by rank-conditioned SRS and the two unrestricted geometry searches in the paper subset; first full-rank draw is used"
"four_drug",7,"initial_design_shared",27,1159710541,"shared by rank-conditioned SRS and the two unrestricted geometry searches in the paper subset; first full-rank draw is used"
"four_drug",7,"initial_design_shared",28,1159710542,"shared by rank-conditioned SRS and the two unrestricted geometry searches in the paper subset; first full-rank draw is used"
"four_drug",7,"initial_design_shared",29,1159710543,"shared by rank-conditioned SRS and the two unrestricted geometry searches in the paper subset; first full-rank draw is used"
"four_drug",7,"initial_design_shared",30,1159710665,"shared by rank-conditioned SRS and the two unrestricted geometry searches in the paper subset; first full-rank draw is used"
"four_drug",7,"initial_design_shared",31,1159710666,"shared by rank-conditioned SRS and the two unrestricted geometry searches in the paper subset; first full-rank draw is used"
"four_drug",7,"initial_design_shared",32,1159710667,"shared by rank-conditioned SRS and the two unrestricted geometry searches in the paper subset; first full-rank draw is used"
"four_drug",7,"initial_design_shared",33,1159710668,"shared by rank-conditioned SRS and the two unrestricted geometry searches in the paper subset; first full-rank draw is used"
"four_drug",7,"initial_design_shared",34,1159710669,"shared by rank-conditioned SRS and the two unrestricted geometry searches in the paper subset; first full-rank draw is used"
"four_drug",7,"initial_design_shared",35,1159710670,"shared by rank-conditioned SRS and the two unrestricted geometry searches in the paper subset; first full-rank draw is used"
"four_drug",7,"initial_design_shared",36,1159710671,"shared by rank-conditioned SRS and the two unrestricted geometry searches in the paper subset; first full-rank draw is used"
"four_drug",7,"initial_design_shared",37,1159710672,"shared by rank-conditioned SRS and the two unrestricted geometry searches in the paper subset; first full-rank draw is used"
"four_drug",7,"initial_design_shared",38,1159710673,"shared by rank-conditioned SRS and the two unrestricted geometry searches in the paper subset; first full-rank draw is used"
"four_drug",7,"initial_design_shared",39,1159710674,"shared by rank-conditioned SRS and the two unrestricted geometry searches in the paper subset; first full-rank draw is used"
"four_drug",7,"initial_design_shared",40,1159710796,"shared by rank-conditioned SRS and the two unrestricted geometry searches in the paper subset; first full-rank draw is used"
"four_drug",7,"initial_design_shared",41,1159710797,"shared by rank-conditioned SRS and the two unrestricted geometry searches in the paper subset; first full-rank draw is used"
"four_drug",7,"initial_design_shared",42,1159710798,"shared by rank-conditioned SRS and the two unrestricted geometry searches in the paper subset; first full-rank draw is used"
"four_drug",7,"initial_design_shared",43,1159710799,"shared by rank-conditioned SRS and the two unrestricted geometry searches in the paper subset; first full-rank draw is used"
"four_drug",7,"initial_design_shared",44,1159710800,"shared by rank-conditioned SRS and the two unrestricted geometry searches in the paper subset; first full-rank draw is used"
"four_drug",7,"initial_design_shared",45,1159710801,"shared by rank-conditioned SRS and the two unrestricted geometry searches in the paper subset; first full-rank draw is used"
"four_drug",7,"initial_design_shared",46,1159710802,"shared by rank-conditioned SRS and the two unrestricted geometry searches in the paper subset; first full-rank draw is used"
"four_drug",7,"initial_design_shared",47,1159710803,"shared by rank-conditioned SRS and the two unrestricted geometry searches in the paper subset; first full-rank draw is used"
"four_drug",7,"initial_design_shared",48,1159710804,"shared by rank-conditioned SRS and the two unrestricted geometry searches in the paper subset; first full-rank draw is used"
"four_drug",7,"initial_design_shared",49,1159710805,"shared by rank-conditioned SRS and the two unrestricted geometry searches in the paper subset; first full-rank draw is used"
"four_drug",7,"initial_design_shared",50,1159710927,"shared by rank-conditioned SRS and the two unrestricted geometry searches in the paper subset; first full-rank draw is used"
"four_drug",7,"sa_move_shared",0,105824469,"retry 0 is paired across unrestricted Hamming and position-L2; later deterministic retries are used only after a rank failure"
"four_drug",7,"sa_move_shared",1,105824470,"retry 0 is paired across unrestricted Hamming and position-L2; later deterministic retries are used only after a rank failure"
"four_drug",7,"sa_move_shared",2,105824471,"retry 0 is paired across unrestricted Hamming and position-L2; later deterministic retries are used only after a rank failure"
"four_drug",7,"sa_move_shared",3,105824472,"retry 0 is paired across unrestricted Hamming and position-L2; later deterministic retries are used only after a rank failure"
"four_drug",7,"sa_move_shared",4,105824473,"retry 0 is paired across unrestricted Hamming and position-L2; later deterministic retries are used only after a rank failure"
"four_drug",7,"sa_move_shared",5,105824474,"retry 0 is paired across unrestricted Hamming and position-L2; later deterministic retries are used only after a rank failure"
"four_drug",7,"sa_move_shared",6,105824475,"retry 0 is paired across unrestricted Hamming and position-L2; later deterministic retries are used only after a rank failure"
"four_drug",7,"sa_move_shared",7,105824476,"retry 0 is paired across unrestricted Hamming and position-L2; later deterministic retries are used only after a rank failure"
"four_drug",7,"sa_move_shared",8,105824477,"retry 0 is paired across unrestricted Hamming and position-L2; later deterministic retries are used only after a rank failure"
"four_drug",7,"sa_move_shared",9,105824478,"retry 0 is paired across unrestricted Hamming and position-L2; later deterministic retries are used only after a rank failure"
"four_drug",7,"sa_move_shared",10,978103714,"retry 0 is paired across unrestricted Hamming and position-L2; later deterministic retries are used only after a rank failure"
"four_drug",7,"sa_move_shared",11,978103715,"retry 0 is paired across unrestricted Hamming and position-L2; later deterministic retries are used only after a rank failure"
"four_drug",7,"sa_move_shared",12,978103716,"retry 0 is paired across unrestricted Hamming and position-L2; later deterministic retries are used only after a rank failure"
"four_drug",7,"sa_move_shared",13,978103717,"retry 0 is paired across unrestricted Hamming and position-L2; later deterministic retries are used only after a rank failure"
"four_drug",7,"sa_move_shared",14,978103718,"retry 0 is paired across unrestricted Hamming and position-L2; later deterministic retries are used only after a rank failure"
"four_drug",7,"sa_move_shared",15,978103719,"retry 0 is paired across unrestricted Hamming and position-L2; later deterministic retries are used only after a rank failure"
"four_drug",7,"sa_move_shared",16,978103720,"retry 0 is paired across unrestricted Hamming and position-L2; later deterministic retries are used only after a rank failure"
"four_drug",7,"sa_move_shared",17,978103721,"retry 0 is paired across unrestricted Hamming and position-L2; later deterministic retries are used only after a rank failure"
"four_drug",7,"sa_move_shared",18,978103722,"retry 0 is paired across unrestricted Hamming and position-L2; later deterministic retries are used only after a rank failure"
"four_drug",7,"sa_move_shared",19,978103723,"retry 0 is paired across unrestricted Hamming and position-L2; later deterministic retries are used only after a rank failure"
"four_drug",7,"sa_move_shared",20,978103845,"retry 0 is paired across unrestricted Hamming and position-L2; later deterministic retries are used only after a rank failure"
"four_drug",7,"sa_move_shared",21,978103846,"retry 0 is paired across unrestricted Hamming and position-L2; later deterministic retries are used only after a rank failure"
"four_drug",7,"sa_move_shared",22,978103847,"retry 0 is paired across unrestricted Hamming and position-L2; later deterministic retries are used only after a rank failure"
"four_drug",7,"sa_move_shared",23,978103848,"retry 0 is paired across unrestricted Hamming and position-L2; later deterministic retries are used only after a rank failure"
"four_drug",7,"sa_move_shared",24,978103849,"retry 0 is paired across unrestricted Hamming and position-L2; later deterministic retries are used only after a rank failure"
"four_drug",7,"sa_move_shared",25,978103850,"retry 0 is paired across unrestricted Hamming and position-L2; later deterministic retries are used only after a rank failure"
"four_drug",7,"sa_move_shared",26,978103851,"retry 0 is paired across unrestricted Hamming and position-L2; later deterministic retries are used only after a rank failure"
"four_drug",7,"sa_move_shared",27,978103852,"retry 0 is paired across unrestricted Hamming and position-L2; later deterministic retries are used only after a rank failure"
"four_drug",7,"sa_move_shared",28,978103853,"retry 0 is paired across unrestricted Hamming and position-L2; later deterministic retries are used only after a rank failure"
"four_drug",7,"sa_move_shared",29,978103854,"retry 0 is paired across unrestricted Hamming and position-L2; later deterministic retries are used only after a rank failure"
"four_drug",7,"sa_move_shared",30,978103976,"retry 0 is paired across unrestricted Hamming and position-L2; later deterministic retries are used only after a rank failure"
"four_drug",7,"sa_move_shared",31,978103977,"retry 0 is paired across unrestricted Hamming and position-L2; later deterministic retries are used only after a rank failure"
"four_drug",7,"sa_move_shared",32,978103978,"retry 0 is paired across unrestricted Hamming and position-L2; later deterministic retries are used only after a rank failure"
"four_drug",7,"sa_move_shared",33,978103979,"retry 0 is paired across unrestricted Hamming and position-L2; later deterministic retries are used only after a rank failure"
"four_drug",7,"sa_move_shared",34,978103980,"retry 0 is paired across unrestricted Hamming and position-L2; later deterministic retries are used only after a rank failure"
"four_drug",7,"sa_move_shared",35,978103981,"retry 0 is paired across unrestricted Hamming and position-L2; later deterministic retries are used only after a rank failure"
"four_drug",7,"sa_move_shared",36,978103982,"retry 0 is paired across unrestricted Hamming and position-L2; later deterministic retries are used only after a rank failure"
"four_drug",7,"sa_move_shared",37,978103983,"retry 0 is paired across unrestricted Hamming and position-L2; later deterministic retries are used only after a rank failure"
"four_drug",7,"sa_move_shared",38,978103984,"retry 0 is paired across unrestricted Hamming and position-L2; later deterministic retries are used only after a rank failure"
"four_drug",7,"sa_move_shared",39,978103985,"retry 0 is paired across unrestricted Hamming and position-L2; later deterministic retries are used only after a rank failure"
"four_drug",7,"sa_move_shared",40,978104107,"retry 0 is paired across unrestricted Hamming and position-L2; later deterministic retries are used only after a rank failure"
"four_drug",7,"sa_move_shared",41,978104108,"retry 0 is paired across unrestricted Hamming and position-L2; later deterministic retries are used only after a rank failure"
"four_drug",7,"sa_move_shared",42,978104109,"retry 0 is paired across unrestricted Hamming and position-L2; later deterministic retries are used only after a rank failure"
"four_drug",7,"sa_move_shared",43,978104110,"retry 0 is paired across unrestricted Hamming and position-L2; later deterministic retries are used only after a rank failure"
"four_drug",7,"sa_move_shared",44,978104111,"retry 0 is paired across unrestricted Hamming and position-L2; later deterministic retries are used only after a rank failure"
"four_drug",7,"sa_move_shared",45,978104112,"retry 0 is paired across unrestricted Hamming and position-L2; later deterministic retries are used only after a rank failure"
"four_drug",7,"sa_move_shared",46,978104113,"retry 0 is paired across unrestricted Hamming and position-L2; later deterministic retries are used only after a rank failure"
"four_drug",7,"sa_move_shared",47,978104114,"retry 0 is paired across unrestricted Hamming and position-L2; later deterministic retries are used only after a rank failure"
"four_drug",7,"sa_move_shared",48,978104115,"retry 0 is paired across unrestricted Hamming and position-L2; later deterministic retries are used only after a rank failure"
"four_drug",7,"sa_move_shared",49,978104116,"retry 0 is paired across unrestricted Hamming and position-L2; later deterministic retries are used only after a rank failure"
"four_drug",7,"sa_move_shared",50,978104238,"retry 0 is paired across unrestricted Hamming and position-L2; later deterministic retries are used only after a rank failure"
"four_drug",8,"initial_design_shared",0,1447204952,"shared by rank-conditioned SRS and the two unrestricted geometry searches in the paper subset; first full-rank draw is used"
"four_drug",8,"initial_design_shared",1,1447204953,"shared by rank-conditioned SRS and the two unrestricted geometry searches in the paper subset; first full-rank draw is used"
"four_drug",8,"initial_design_shared",2,1447204954,"shared by rank-conditioned SRS and the two unrestricted geometry searches in the paper subset; first full-rank draw is used"
"four_drug",8,"initial_design_shared",3,1447204955,"shared by rank-conditioned SRS and the two unrestricted geometry searches in the paper subset; first full-rank draw is used"
"four_drug",8,"initial_design_shared",4,1447204956,"shared by rank-conditioned SRS and the two unrestricted geometry searches in the paper subset; first full-rank draw is used"
"four_drug",8,"initial_design_shared",5,1447204957,"shared by rank-conditioned SRS and the two unrestricted geometry searches in the paper subset; first full-rank draw is used"
"four_drug",8,"initial_design_shared",6,1447204958,"shared by rank-conditioned SRS and the two unrestricted geometry searches in the paper subset; first full-rank draw is used"
"four_drug",8,"initial_design_shared",7,1447204959,"shared by rank-conditioned SRS and the two unrestricted geometry searches in the paper subset; first full-rank draw is used"
"four_drug",8,"initial_design_shared",8,1447204960,"shared by rank-conditioned SRS and the two unrestricted geometry searches in the paper subset; first full-rank draw is used"
"four_drug",8,"initial_design_shared",9,1447204961,"shared by rank-conditioned SRS and the two unrestricted geometry searches in the paper subset; first full-rank draw is used"
"four_drug",8,"initial_design_shared",10,605289409,"shared by rank-conditioned SRS and the two unrestricted geometry searches in the paper subset; first full-rank draw is used"
"four_drug",8,"initial_design_shared",11,605289410,"shared by rank-conditioned SRS and the two unrestricted geometry searches in the paper subset; first full-rank draw is used"
"four_drug",8,"initial_design_shared",12,605289411,"shared by rank-conditioned SRS and the two unrestricted geometry searches in the paper subset; first full-rank draw is used"
"four_drug",8,"initial_design_shared",13,605289412,"shared by rank-conditioned SRS and the two unrestricted geometry searches in the paper subset; first full-rank draw is used"
"four_drug",8,"initial_design_shared",14,605289413,"shared by rank-conditioned SRS and the two unrestricted geometry searches in the paper subset; first full-rank draw is used"
"four_drug",8,"initial_design_shared",15,605289414,"shared by rank-conditioned SRS and the two unrestricted geometry searches in the paper subset; first full-rank draw is used"
"four_drug",8,"initial_design_shared",16,605289415,"shared by rank-conditioned SRS and the two unrestricted geometry searches in the paper subset; first full-rank draw is used"
"four_drug",8,"initial_design_shared",17,605289416,"shared by rank-conditioned SRS and the two unrestricted geometry searches in the paper subset; first full-rank draw is used"
"four_drug",8,"initial_design_shared",18,605289417,"shared by rank-conditioned SRS and the two unrestricted geometry searches in the paper subset; first full-rank draw is used"
"four_drug",8,"initial_design_shared",19,605289418,"shared by rank-conditioned SRS and the two unrestricted geometry searches in the paper subset; first full-rank draw is used"
"four_drug",8,"initial_design_shared",20,605289540,"shared by rank-conditioned SRS and the two unrestricted geometry searches in the paper subset; first full-rank draw is used"
"four_drug",8,"initial_design_shared",21,605289541,"shared by rank-conditioned SRS and the two unrestricted geometry searches in the paper subset; first full-rank draw is used"
"four_drug",8,"initial_design_shared",22,605289542,"shared by rank-conditioned SRS and the two unrestricted geometry searches in the paper subset; first full-rank draw is used"
"four_drug",8,"initial_design_shared",23,605289543,"shared by rank-conditioned SRS and the two unrestricted geometry searches in the paper subset; first full-rank draw is used"
"four_drug",8,"initial_design_shared",24,605289544,"shared by rank-conditioned SRS and the two unrestricted geometry searches in the paper subset; first full-rank draw is used"
"four_drug",8,"initial_design_shared",25,605289545,"shared by rank-conditioned SRS and the two unrestricted geometry searches in the paper subset; first full-rank draw is used"
"four_drug",8,"initial_design_shared",26,605289546,"shared by rank-conditioned SRS and the two unrestricted geometry searches in the paper subset; first full-rank draw is used"
"four_drug",8,"initial_design_shared",27,605289547,"shared by rank-conditioned SRS and the two unrestricted geometry searches in the paper subset; first full-rank draw is used"
"four_drug",8,"initial_design_shared",28,605289548,"shared by rank-conditioned SRS and the two unrestricted geometry searches in the paper subset; first full-rank draw is used"
"four_drug",8,"initial_design_shared",29,605289549,"shared by rank-conditioned SRS and the two unrestricted geometry searches in the paper subset; first full-rank draw is used"
"four_drug",8,"initial_design_shared",30,605289671,"shared by rank-conditioned SRS and the two unrestricted geometry searches in the paper subset; first full-rank draw is used"
"four_drug",8,"initial_design_shared",31,605289672,"shared by rank-conditioned SRS and the two unrestricted geometry searches in the paper subset; first full-rank draw is used"
"four_drug",8,"initial_design_shared",32,605289673,"shared by rank-conditioned SRS and the two unrestricted geometry searches in the paper subset; first full-rank draw is used"
"four_drug",8,"initial_design_shared",33,605289674,"shared by rank-conditioned SRS and the two unrestricted geometry searches in the paper subset; first full-rank draw is used"
"four_drug",8,"initial_design_shared",34,605289675,"shared by rank-conditioned SRS and the two unrestricted geometry searches in the paper subset; first full-rank draw is used"
"four_drug",8,"initial_design_shared",35,605289676,"shared by rank-conditioned SRS and the two unrestricted geometry searches in the paper subset; first full-rank draw is used"
"four_drug",8,"initial_design_shared",36,605289677,"shared by rank-conditioned SRS and the two unrestricted geometry searches in the paper subset; first full-rank draw is used"
"four_drug",8,"initial_design_shared",37,605289678,"shared by rank-conditioned SRS and the two unrestricted geometry searches in the paper subset; first full-rank draw is used"
"four_drug",8,"initial_design_shared",38,605289679,"shared by rank-conditioned SRS and the two unrestricted geometry searches in the paper subset; first full-rank draw is used"
"four_drug",8,"initial_design_shared",39,605289680,"shared by rank-conditioned SRS and the two unrestricted geometry searches in the paper subset; first full-rank draw is used"
"four_drug",8,"initial_design_shared",40,605289802,"shared by rank-conditioned SRS and the two unrestricted geometry searches in the paper subset; first full-rank draw is used"
"four_drug",8,"initial_design_shared",41,605289803,"shared by rank-conditioned SRS and the two unrestricted geometry searches in the paper subset; first full-rank draw is used"
"four_drug",8,"initial_design_shared",42,605289804,"shared by rank-conditioned SRS and the two unrestricted geometry searches in the paper subset; first full-rank draw is used"
"four_drug",8,"initial_design_shared",43,605289805,"shared by rank-conditioned SRS and the two unrestricted geometry searches in the paper subset; first full-rank draw is used"
"four_drug",8,"initial_design_shared",44,605289806,"shared by rank-conditioned SRS and the two unrestricted geometry searches in the paper subset; first full-rank draw is used"
"four_drug",8,"initial_design_shared",45,605289807,"shared by rank-conditioned SRS and the two unrestricted geometry searches in the paper subset; first full-rank draw is used"
"four_drug",8,"initial_design_shared",46,605289808,"shared by rank-conditioned SRS and the two unrestricted geometry searches in the paper subset; first full-rank draw is used"
"four_drug",8,"initial_design_shared",47,605289809,"shared by rank-conditioned SRS and the two unrestricted geometry searches in the paper subset; first full-rank draw is used"
"four_drug",8,"initial_design_shared",48,605289810,"shared by rank-conditioned SRS and the two unrestricted geometry searches in the paper subset; first full-rank draw is used"
"four_drug",8,"initial_design_shared",49,605289811,"shared by rank-conditioned SRS and the two unrestricted geometry searches in the paper subset; first full-rank draw is used"
"four_drug",8,"initial_design_shared",50,605289933,"shared by rank-conditioned SRS and the two unrestricted geometry searches in the paper subset; first full-rank draw is used"
"four_drug",8,"sa_move_shared",0,19473779,"retry 0 is paired across unrestricted Hamming and position-L2; later deterministic retries are used only after a rank failure"
"four_drug",8,"sa_move_shared",1,19473780,"retry 0 is paired across unrestricted Hamming and position-L2; later deterministic retries are used only after a rank failure"
"four_drug",8,"sa_move_shared",2,19473781,"retry 0 is paired across unrestricted Hamming and position-L2; later deterministic retries are used only after a rank failure"
"four_drug",8,"sa_move_shared",3,19473782,"retry 0 is paired across unrestricted Hamming and position-L2; later deterministic retries are used only after a rank failure"
"four_drug",8,"sa_move_shared",4,19473783,"retry 0 is paired across unrestricted Hamming and position-L2; later deterministic retries are used only after a rank failure"
"four_drug",8,"sa_move_shared",5,19473784,"retry 0 is paired across unrestricted Hamming and position-L2; later deterministic retries are used only after a rank failure"
"four_drug",8,"sa_move_shared",6,19473785,"retry 0 is paired across unrestricted Hamming and position-L2; later deterministic retries are used only after a rank failure"
"four_drug",8,"sa_move_shared",7,19473786,"retry 0 is paired across unrestricted Hamming and position-L2; later deterministic retries are used only after a rank failure"
"four_drug",8,"sa_move_shared",8,19473787,"retry 0 is paired across unrestricted Hamming and position-L2; later deterministic retries are used only after a rank failure"
"four_drug",8,"sa_move_shared",9,19473788,"retry 0 is paired across unrestricted Hamming and position-L2; later deterministic retries are used only after a rank failure"
"four_drug",8,"sa_move_shared",10,403581469,"retry 0 is paired across unrestricted Hamming and position-L2; later deterministic retries are used only after a rank failure"
"four_drug",8,"sa_move_shared",11,403581470,"retry 0 is paired across unrestricted Hamming and position-L2; later deterministic retries are used only after a rank failure"
"four_drug",8,"sa_move_shared",12,403581471,"retry 0 is paired across unrestricted Hamming and position-L2; later deterministic retries are used only after a rank failure"
"four_drug",8,"sa_move_shared",13,403581472,"retry 0 is paired across unrestricted Hamming and position-L2; later deterministic retries are used only after a rank failure"
"four_drug",8,"sa_move_shared",14,403581473,"retry 0 is paired across unrestricted Hamming and position-L2; later deterministic retries are used only after a rank failure"
"four_drug",8,"sa_move_shared",15,403581474,"retry 0 is paired across unrestricted Hamming and position-L2; later deterministic retries are used only after a rank failure"
"four_drug",8,"sa_move_shared",16,403581475,"retry 0 is paired across unrestricted Hamming and position-L2; later deterministic retries are used only after a rank failure"
"four_drug",8,"sa_move_shared",17,403581476,"retry 0 is paired across unrestricted Hamming and position-L2; later deterministic retries are used only after a rank failure"
"four_drug",8,"sa_move_shared",18,403581477,"retry 0 is paired across unrestricted Hamming and position-L2; later deterministic retries are used only after a rank failure"
"four_drug",8,"sa_move_shared",19,403581478,"retry 0 is paired across unrestricted Hamming and position-L2; later deterministic retries are used only after a rank failure"
"four_drug",8,"sa_move_shared",20,403581600,"retry 0 is paired across unrestricted Hamming and position-L2; later deterministic retries are used only after a rank failure"
"four_drug",8,"sa_move_shared",21,403581601,"retry 0 is paired across unrestricted Hamming and position-L2; later deterministic retries are used only after a rank failure"
"four_drug",8,"sa_move_shared",22,403581602,"retry 0 is paired across unrestricted Hamming and position-L2; later deterministic retries are used only after a rank failure"
"four_drug",8,"sa_move_shared",23,403581603,"retry 0 is paired across unrestricted Hamming and position-L2; later deterministic retries are used only after a rank failure"
"four_drug",8,"sa_move_shared",24,403581604,"retry 0 is paired across unrestricted Hamming and position-L2; later deterministic retries are used only after a rank failure"
"four_drug",8,"sa_move_shared",25,403581605,"retry 0 is paired across unrestricted Hamming and position-L2; later deterministic retries are used only after a rank failure"
"four_drug",8,"sa_move_shared",26,403581606,"retry 0 is paired across unrestricted Hamming and position-L2; later deterministic retries are used only after a rank failure"
"four_drug",8,"sa_move_shared",27,403581607,"retry 0 is paired across unrestricted Hamming and position-L2; later deterministic retries are used only after a rank failure"
"four_drug",8,"sa_move_shared",28,403581608,"retry 0 is paired across unrestricted Hamming and position-L2; later deterministic retries are used only after a rank failure"
"four_drug",8,"sa_move_shared",29,403581609,"retry 0 is paired across unrestricted Hamming and position-L2; later deterministic retries are used only after a rank failure"
"four_drug",8,"sa_move_shared",30,403581731,"retry 0 is paired across unrestricted Hamming and position-L2; later deterministic retries are used only after a rank failure"
"four_drug",8,"sa_move_shared",31,403581732,"retry 0 is paired across unrestricted Hamming and position-L2; later deterministic retries are used only after a rank failure"
"four_drug",8,"sa_move_shared",32,403581733,"retry 0 is paired across unrestricted Hamming and position-L2; later deterministic retries are used only after a rank failure"
"four_drug",8,"sa_move_shared",33,403581734,"retry 0 is paired across unrestricted Hamming and position-L2; later deterministic retries are used only after a rank failure"
"four_drug",8,"sa_move_shared",34,403581735,"retry 0 is paired across unrestricted Hamming and position-L2; later deterministic retries are used only after a rank failure"
"four_drug",8,"sa_move_shared",35,403581736,"retry 0 is paired across unrestricted Hamming and position-L2; later deterministic retries are used only after a rank failure"
"four_drug",8,"sa_move_shared",36,403581737,"retry 0 is paired across unrestricted Hamming and position-L2; later deterministic retries are used only after a rank failure"
"four_drug",8,"sa_move_shared",37,403581738,"retry 0 is paired across unrestricted Hamming and position-L2; later deterministic retries are used only after a rank failure"
"four_drug",8,"sa_move_shared",38,403581739,"retry 0 is paired across unrestricted Hamming and position-L2; later deterministic retries are used only after a rank failure"
"four_drug",8,"sa_move_shared",39,403581740,"retry 0 is paired across unrestricted Hamming and position-L2; later deterministic retries are used only after a rank failure"
"four_drug",8,"sa_move_shared",40,403581862,"retry 0 is paired across unrestricted Hamming and position-L2; later deterministic retries are used only after a rank failure"
"four_drug",8,"sa_move_shared",41,403581863,"retry 0 is paired across unrestricted Hamming and position-L2; later deterministic retries are used only after a rank failure"
"four_drug",8,"sa_move_shared",42,403581864,"retry 0 is paired across unrestricted Hamming and position-L2; later deterministic retries are used only after a rank failure"
"four_drug",8,"sa_move_shared",43,403581865,"retry 0 is paired across unrestricted Hamming and position-L2; later deterministic retries are used only after a rank failure"
"four_drug",8,"sa_move_shared",44,403581866,"retry 0 is paired across unrestricted Hamming and position-L2; later deterministic retries are used only after a rank failure"
"four_drug",8,"sa_move_shared",45,403581867,"retry 0 is paired across unrestricted Hamming and position-L2; later deterministic retries are used only after a rank failure"
"four_drug",8,"sa_move_shared",46,403581868,"retry 0 is paired across unrestricted Hamming and position-L2; later deterministic retries are used only after a rank failure"
"four_drug",8,"sa_move_shared",47,403581869,"retry 0 is paired across unrestricted Hamming and position-L2; later deterministic retries are used only after a rank failure"
"four_drug",8,"sa_move_shared",48,403581870,"retry 0 is paired across unrestricted Hamming and position-L2; later deterministic retries are used only after a rank failure"
"four_drug",8,"sa_move_shared",49,403581871,"retry 0 is paired across unrestricted Hamming and position-L2; later deterministic retries are used only after a rank failure"
"four_drug",8,"sa_move_shared",50,403581993,"retry 0 is paired across unrestricted Hamming and position-L2; later deterministic retries are used only after a rank failure"
"four_drug",9,"initial_design_shared",0,672501505,"shared by rank-conditioned SRS and the two unrestricted geometry searches in the paper subset; first full-rank draw is used"
"four_drug",9,"initial_design_shared",1,672501506,"shared by rank-conditioned SRS and the two unrestricted geometry searches in the paper subset; first full-rank draw is used"
"four_drug",9,"initial_design_shared",2,672501507,"shared by rank-conditioned SRS and the two unrestricted geometry searches in the paper subset; first full-rank draw is used"
"four_drug",9,"initial_design_shared",3,672501508,"shared by rank-conditioned SRS and the two unrestricted geometry searches in the paper subset; first full-rank draw is used"
"four_drug",9,"initial_design_shared",4,672501509,"shared by rank-conditioned SRS and the two unrestricted geometry searches in the paper subset; first full-rank draw is used"
"four_drug",9,"initial_design_shared",5,672501510,"shared by rank-conditioned SRS and the two unrestricted geometry searches in the paper subset; first full-rank draw is used"
"four_drug",9,"initial_design_shared",6,672501511,"shared by rank-conditioned SRS and the two unrestricted geometry searches in the paper subset; first full-rank draw is used"
"four_drug",9,"initial_design_shared",7,672501512,"shared by rank-conditioned SRS and the two unrestricted geometry searches in the paper subset; first full-rank draw is used"
"four_drug",9,"initial_design_shared",8,672501513,"shared by rank-conditioned SRS and the two unrestricted geometry searches in the paper subset; first full-rank draw is used"
"four_drug",9,"initial_design_shared",9,672501514,"shared by rank-conditioned SRS and the two unrestricted geometry searches in the paper subset; first full-rank draw is used"
"four_drug",9,"initial_design_shared",10,50868415,"shared by rank-conditioned SRS and the two unrestricted geometry searches in the paper subset; first full-rank draw is used"
"four_drug",9,"initial_design_shared",11,50868416,"shared by rank-conditioned SRS and the two unrestricted geometry searches in the paper subset; first full-rank draw is used"
"four_drug",9,"initial_design_shared",12,50868417,"shared by rank-conditioned SRS and the two unrestricted geometry searches in the paper subset; first full-rank draw is used"
"four_drug",9,"initial_design_shared",13,50868418,"shared by rank-conditioned SRS and the two unrestricted geometry searches in the paper subset; first full-rank draw is used"
"four_drug",9,"initial_design_shared",14,50868419,"shared by rank-conditioned SRS and the two unrestricted geometry searches in the paper subset; first full-rank draw is used"
"four_drug",9,"initial_design_shared",15,50868420,"shared by rank-conditioned SRS and the two unrestricted geometry searches in the paper subset; first full-rank draw is used"
"four_drug",9,"initial_design_shared",16,50868421,"shared by rank-conditioned SRS and the two unrestricted geometry searches in the paper subset; first full-rank draw is used"
"four_drug",9,"initial_design_shared",17,50868422,"shared by rank-conditioned SRS and the two unrestricted geometry searches in the paper subset; first full-rank draw is used"
"four_drug",9,"initial_design_shared",18,50868423,"shared by rank-conditioned SRS and the two unrestricted geometry searches in the paper subset; first full-rank draw is used"
"four_drug",9,"initial_design_shared",19,50868424,"shared by rank-conditioned SRS and the two unrestricted geometry searches in the paper subset; first full-rank draw is used"
"four_drug",9,"initial_design_shared",20,50868546,"shared by rank-conditioned SRS and the two unrestricted geometry searches in the paper subset; first full-rank draw is used"
"four_drug",9,"initial_design_shared",21,50868547,"shared by rank-conditioned SRS and the two unrestricted geometry searches in the paper subset; first full-rank draw is used"
"four_drug",9,"initial_design_shared",22,50868548,"shared by rank-conditioned SRS and the two unrestricted geometry searches in the paper subset; first full-rank draw is used"
"four_drug",9,"initial_design_shared",23,50868549,"shared by rank-conditioned SRS and the two unrestricted geometry searches in the paper subset; first full-rank draw is used"
"four_drug",9,"initial_design_shared",24,50868550,"shared by rank-conditioned SRS and the two unrestricted geometry searches in the paper subset; first full-rank draw is used"
"four_drug",9,"initial_design_shared",25,50868551,"shared by rank-conditioned SRS and the two unrestricted geometry searches in the paper subset; first full-rank draw is used"
"four_drug",9,"initial_design_shared",26,50868552,"shared by rank-conditioned SRS and the two unrestricted geometry searches in the paper subset; first full-rank draw is used"
"four_drug",9,"initial_design_shared",27,50868553,"shared by rank-conditioned SRS and the two unrestricted geometry searches in the paper subset; first full-rank draw is used"
"four_drug",9,"initial_design_shared",28,50868554,"shared by rank-conditioned SRS and the two unrestricted geometry searches in the paper subset; first full-rank draw is used"
"four_drug",9,"initial_design_shared",29,50868555,"shared by rank-conditioned SRS and the two unrestricted geometry searches in the paper subset; first full-rank draw is used"
"four_drug",9,"initial_design_shared",30,50868677,"shared by rank-conditioned SRS and the two unrestricted geometry searches in the paper subset; first full-rank draw is used"
"four_drug",9,"initial_design_shared",31,50868678,"shared by rank-conditioned SRS and the two unrestricted geometry searches in the paper subset; first full-rank draw is used"
"four_drug",9,"initial_design_shared",32,50868679,"shared by rank-conditioned SRS and the two unrestricted geometry searches in the paper subset; first full-rank draw is used"
"four_drug",9,"initial_design_shared",33,50868680,"shared by rank-conditioned SRS and the two unrestricted geometry searches in the paper subset; first full-rank draw is used"
"four_drug",9,"initial_design_shared",34,50868681,"shared by rank-conditioned SRS and the two unrestricted geometry searches in the paper subset; first full-rank draw is used"
"four_drug",9,"initial_design_shared",35,50868682,"shared by rank-conditioned SRS and the two unrestricted geometry searches in the paper subset; first full-rank draw is used"
"four_drug",9,"initial_design_shared",36,50868683,"shared by rank-conditioned SRS and the two unrestricted geometry searches in the paper subset; first full-rank draw is used"
"four_drug",9,"initial_design_shared",37,50868684,"shared by rank-conditioned SRS and the two unrestricted geometry searches in the paper subset; first full-rank draw is used"
"four_drug",9,"initial_design_shared",38,50868685,"shared by rank-conditioned SRS and the two unrestricted geometry searches in the paper subset; first full-rank draw is used"
"four_drug",9,"initial_design_shared",39,50868686,"shared by rank-conditioned SRS and the two unrestricted geometry searches in the paper subset; first full-rank draw is used"
"four_drug",9,"initial_design_shared",40,50868808,"shared by rank-conditioned SRS and the two unrestricted geometry searches in the paper subset; first full-rank draw is used"
"four_drug",9,"initial_design_shared",41,50868809,"shared by rank-conditioned SRS and the two unrestricted geometry searches in the paper subset; first full-rank draw is used"
"four_drug",9,"initial_design_shared",42,50868810,"shared by rank-conditioned SRS and the two unrestricted geometry searches in the paper subset; first full-rank draw is used"
"four_drug",9,"initial_design_shared",43,50868811,"shared by rank-conditioned SRS and the two unrestricted geometry searches in the paper subset; first full-rank draw is used"
"four_drug",9,"initial_design_shared",44,50868812,"shared by rank-conditioned SRS and the two unrestricted geometry searches in the paper subset; first full-rank draw is used"
"four_drug",9,"initial_design_shared",45,50868813,"shared by rank-conditioned SRS and the two unrestricted geometry searches in the paper subset; first full-rank draw is used"
"four_drug",9,"initial_design_shared",46,50868814,"shared by rank-conditioned SRS and the two unrestricted geometry searches in the paper subset; first full-rank draw is used"
"four_drug",9,"initial_design_shared",47,50868815,"shared by rank-conditioned SRS and the two unrestricted geometry searches in the paper subset; first full-rank draw is used"
"four_drug",9,"initial_design_shared",48,50868816,"shared by rank-conditioned SRS and the two unrestricted geometry searches in the paper subset; first full-rank draw is used"
"four_drug",9,"initial_design_shared",49,50868817,"shared by rank-conditioned SRS and the two unrestricted geometry searches in the paper subset; first full-rank draw is used"
"four_drug",9,"initial_design_shared",50,50868939,"shared by rank-conditioned SRS and the two unrestricted geometry searches in the paper subset; first full-rank draw is used"
"four_drug",9,"sa_move_shared",0,2080606718,"retry 0 is paired across unrestricted Hamming and position-L2; later deterministic retries are used only after a rank failure"
"four_drug",9,"sa_move_shared",1,2080606719,"retry 0 is paired across unrestricted Hamming and position-L2; later deterministic retries are used only after a rank failure"
"four_drug",9,"sa_move_shared",2,2080606720,"retry 0 is paired across unrestricted Hamming and position-L2; later deterministic retries are used only after a rank failure"
"four_drug",9,"sa_move_shared",3,2080606721,"retry 0 is paired across unrestricted Hamming and position-L2; later deterministic retries are used only after a rank failure"
"four_drug",9,"sa_move_shared",4,2080606722,"retry 0 is paired across unrestricted Hamming and position-L2; later deterministic retries are used only after a rank failure"
"four_drug",9,"sa_move_shared",5,2080606723,"retry 0 is paired across unrestricted Hamming and position-L2; later deterministic retries are used only after a rank failure"
"four_drug",9,"sa_move_shared",6,2080606724,"retry 0 is paired across unrestricted Hamming and position-L2; later deterministic retries are used only after a rank failure"
"four_drug",9,"sa_move_shared",7,2080606725,"retry 0 is paired across unrestricted Hamming and position-L2; later deterministic retries are used only after a rank failure"
"four_drug",9,"sa_move_shared",8,2080606726,"retry 0 is paired across unrestricted Hamming and position-L2; later deterministic retries are used only after a rank failure"
"four_drug",9,"sa_move_shared",9,2080606727,"retry 0 is paired across unrestricted Hamming and position-L2; later deterministic retries are used only after a rank failure"
"four_drug",9,"sa_move_shared",10,1976542853,"retry 0 is paired across unrestricted Hamming and position-L2; later deterministic retries are used only after a rank failure"
"four_drug",9,"sa_move_shared",11,1976542854,"retry 0 is paired across unrestricted Hamming and position-L2; later deterministic retries are used only after a rank failure"
"four_drug",9,"sa_move_shared",12,1976542855,"retry 0 is paired across unrestricted Hamming and position-L2; later deterministic retries are used only after a rank failure"
"four_drug",9,"sa_move_shared",13,1976542856,"retry 0 is paired across unrestricted Hamming and position-L2; later deterministic retries are used only after a rank failure"
"four_drug",9,"sa_move_shared",14,1976542857,"retry 0 is paired across unrestricted Hamming and position-L2; later deterministic retries are used only after a rank failure"
"four_drug",9,"sa_move_shared",15,1976542858,"retry 0 is paired across unrestricted Hamming and position-L2; later deterministic retries are used only after a rank failure"
"four_drug",9,"sa_move_shared",16,1976542859,"retry 0 is paired across unrestricted Hamming and position-L2; later deterministic retries are used only after a rank failure"
"four_drug",9,"sa_move_shared",17,1976542860,"retry 0 is paired across unrestricted Hamming and position-L2; later deterministic retries are used only after a rank failure"
"four_drug",9,"sa_move_shared",18,1976542861,"retry 0 is paired across unrestricted Hamming and position-L2; later deterministic retries are used only after a rank failure"
"four_drug",9,"sa_move_shared",19,1976542862,"retry 0 is paired across unrestricted Hamming and position-L2; later deterministic retries are used only after a rank failure"
"four_drug",9,"sa_move_shared",20,1976542984,"retry 0 is paired across unrestricted Hamming and position-L2; later deterministic retries are used only after a rank failure"
"four_drug",9,"sa_move_shared",21,1976542985,"retry 0 is paired across unrestricted Hamming and position-L2; later deterministic retries are used only after a rank failure"
"four_drug",9,"sa_move_shared",22,1976542986,"retry 0 is paired across unrestricted Hamming and position-L2; later deterministic retries are used only after a rank failure"
"four_drug",9,"sa_move_shared",23,1976542987,"retry 0 is paired across unrestricted Hamming and position-L2; later deterministic retries are used only after a rank failure"
"four_drug",9,"sa_move_shared",24,1976542988,"retry 0 is paired across unrestricted Hamming and position-L2; later deterministic retries are used only after a rank failure"
"four_drug",9,"sa_move_shared",25,1976542989,"retry 0 is paired across unrestricted Hamming and position-L2; later deterministic retries are used only after a rank failure"
"four_drug",9,"sa_move_shared",26,1976542990,"retry 0 is paired across unrestricted Hamming and position-L2; later deterministic retries are used only after a rank failure"
"four_drug",9,"sa_move_shared",27,1976542991,"retry 0 is paired across unrestricted Hamming and position-L2; later deterministic retries are used only after a rank failure"
"four_drug",9,"sa_move_shared",28,1976542992,"retry 0 is paired across unrestricted Hamming and position-L2; later deterministic retries are used only after a rank failure"
"four_drug",9,"sa_move_shared",29,1976542993,"retry 0 is paired across unrestricted Hamming and position-L2; later deterministic retries are used only after a rank failure"
"four_drug",9,"sa_move_shared",30,1976543115,"retry 0 is paired across unrestricted Hamming and position-L2; later deterministic retries are used only after a rank failure"
"four_drug",9,"sa_move_shared",31,1976543116,"retry 0 is paired across unrestricted Hamming and position-L2; later deterministic retries are used only after a rank failure"
"four_drug",9,"sa_move_shared",32,1976543117,"retry 0 is paired across unrestricted Hamming and position-L2; later deterministic retries are used only after a rank failure"
"four_drug",9,"sa_move_shared",33,1976543118,"retry 0 is paired across unrestricted Hamming and position-L2; later deterministic retries are used only after a rank failure"
"four_drug",9,"sa_move_shared",34,1976543119,"retry 0 is paired across unrestricted Hamming and position-L2; later deterministic retries are used only after a rank failure"
"four_drug",9,"sa_move_shared",35,1976543120,"retry 0 is paired across unrestricted Hamming and position-L2; later deterministic retries are used only after a rank failure"
"four_drug",9,"sa_move_shared",36,1976543121,"retry 0 is paired across unrestricted Hamming and position-L2; later deterministic retries are used only after a rank failure"
"four_drug",9,"sa_move_shared",37,1976543122,"retry 0 is paired across unrestricted Hamming and position-L2; later deterministic retries are used only after a rank failure"
"four_drug",9,"sa_move_shared",38,1976543123,"retry 0 is paired across unrestricted Hamming and position-L2; later deterministic retries are used only after a rank failure"
"four_drug",9,"sa_move_shared",39,1976543124,"retry 0 is paired across unrestricted Hamming and position-L2; later deterministic retries are used only after a rank failure"
"four_drug",9,"sa_move_shared",40,1976543246,"retry 0 is paired across unrestricted Hamming and position-L2; later deterministic retries are used only after a rank failure"
"four_drug",9,"sa_move_shared",41,1976543247,"retry 0 is paired across unrestricted Hamming and position-L2; later deterministic retries are used only after a rank failure"
"four_drug",9,"sa_move_shared",42,1976543248,"retry 0 is paired across unrestricted Hamming and position-L2; later deterministic retries are used only after a rank failure"
"four_drug",9,"sa_move_shared",43,1976543249,"retry 0 is paired across unrestricted Hamming and position-L2; later deterministic retries are used only after a rank failure"
"four_drug",9,"sa_move_shared",44,1976543250,"retry 0 is paired across unrestricted Hamming and position-L2; later deterministic retries are used only after a rank failure"
"four_drug",9,"sa_move_shared",45,1976543251,"retry 0 is paired across unrestricted Hamming and position-L2; later deterministic retries are used only after a rank failure"
"four_drug",9,"sa_move_shared",46,1976543252,"retry 0 is paired across unrestricted Hamming and position-L2; later deterministic retries are used only after a rank failure"
"four_drug",9,"sa_move_shared",47,1976543253,"retry 0 is paired across unrestricted Hamming and position-L2; later deterministic retries are used only after a rank failure"
"four_drug",9,"sa_move_shared",48,1976543254,"retry 0 is paired across unrestricted Hamming and position-L2; later deterministic retries are used only after a rank failure"
"four_drug",9,"sa_move_shared",49,1976543255,"retry 0 is paired across unrestricted Hamming and position-L2; later deterministic retries are used only after a rank failure"
"four_drug",9,"sa_move_shared",50,1976543377,"retry 0 is paired across unrestricted Hamming and position-L2; later deterministic retries are used only after a rank failure"
"four_drug",10,"initial_design_shared",0,1648494785,"shared by rank-conditioned SRS and the two unrestricted geometry searches in the paper subset; first full-rank draw is used"
"four_drug",10,"initial_design_shared",1,1648494786,"shared by rank-conditioned SRS and the two unrestricted geometry searches in the paper subset; first full-rank draw is used"
"four_drug",10,"initial_design_shared",2,1648494787,"shared by rank-conditioned SRS and the two unrestricted geometry searches in the paper subset; first full-rank draw is used"
"four_drug",10,"initial_design_shared",3,1648494788,"shared by rank-conditioned SRS and the two unrestricted geometry searches in the paper subset; first full-rank draw is used"
"four_drug",10,"initial_design_shared",4,1648494789,"shared by rank-conditioned SRS and the two unrestricted geometry searches in the paper subset; first full-rank draw is used"
"four_drug",10,"initial_design_shared",5,1648494790,"shared by rank-conditioned SRS and the two unrestricted geometry searches in the paper subset; first full-rank draw is used"
"four_drug",10,"initial_design_shared",6,1648494791,"shared by rank-conditioned SRS and the two unrestricted geometry searches in the paper subset; first full-rank draw is used"
"four_drug",10,"initial_design_shared",7,1648494792,"shared by rank-conditioned SRS and the two unrestricted geometry searches in the paper subset; first full-rank draw is used"
"four_drug",10,"initial_design_shared",8,1648494793,"shared by rank-conditioned SRS and the two unrestricted geometry searches in the paper subset; first full-rank draw is used"
"four_drug",10,"initial_design_shared",9,1648494794,"shared by rank-conditioned SRS and the two unrestricted geometry searches in the paper subset; first full-rank draw is used"
"four_drug",10,"initial_design_shared",10,1204453984,"shared by rank-conditioned SRS and the two unrestricted geometry searches in the paper subset; first full-rank draw is used"
"four_drug",10,"initial_design_shared",11,1204453985,"shared by rank-conditioned SRS and the two unrestricted geometry searches in the paper subset; first full-rank draw is used"
"four_drug",10,"initial_design_shared",12,1204453986,"shared by rank-conditioned SRS and the two unrestricted geometry searches in the paper subset; first full-rank draw is used"
"four_drug",10,"initial_design_shared",13,1204453987,"shared by rank-conditioned SRS and the two unrestricted geometry searches in the paper subset; first full-rank draw is used"
"four_drug",10,"initial_design_shared",14,1204453988,"shared by rank-conditioned SRS and the two unrestricted geometry searches in the paper subset; first full-rank draw is used"
"four_drug",10,"initial_design_shared",15,1204453989,"shared by rank-conditioned SRS and the two unrestricted geometry searches in the paper subset; first full-rank draw is used"
"four_drug",10,"initial_design_shared",16,1204453990,"shared by rank-conditioned SRS and the two unrestricted geometry searches in the paper subset; first full-rank draw is used"
"four_drug",10,"initial_design_shared",17,1204453991,"shared by rank-conditioned SRS and the two unrestricted geometry searches in the paper subset; first full-rank draw is used"
"four_drug",10,"initial_design_shared",18,1204453992,"shared by rank-conditioned SRS and the two unrestricted geometry searches in the paper subset; first full-rank draw is used"
"four_drug",10,"initial_design_shared",19,1204453993,"shared by rank-conditioned SRS and the two unrestricted geometry searches in the paper subset; first full-rank draw is used"
"four_drug",10,"initial_design_shared",20,1204454115,"shared by rank-conditioned SRS and the two unrestricted geometry searches in the paper subset; first full-rank draw is used"
"four_drug",10,"initial_design_shared",21,1204454116,"shared by rank-conditioned SRS and the two unrestricted geometry searches in the paper subset; first full-rank draw is used"
"four_drug",10,"initial_design_shared",22,1204454117,"shared by rank-conditioned SRS and the two unrestricted geometry searches in the paper subset; first full-rank draw is used"
"four_drug",10,"initial_design_shared",23,1204454118,"shared by rank-conditioned SRS and the two unrestricted geometry searches in the paper subset; first full-rank draw is used"
"four_drug",10,"initial_design_shared",24,1204454119,"shared by rank-conditioned SRS and the two unrestricted geometry searches in the paper subset; first full-rank draw is used"
"four_drug",10,"initial_design_shared",25,1204454120,"shared by rank-conditioned SRS and the two unrestricted geometry searches in the paper subset; first full-rank draw is used"
"four_drug",10,"initial_design_shared",26,1204454121,"shared by rank-conditioned SRS and the two unrestricted geometry searches in the paper subset; first full-rank draw is used"
"four_drug",10,"initial_design_shared",27,1204454122,"shared by rank-conditioned SRS and the two unrestricted geometry searches in the paper subset; first full-rank draw is used"
"four_drug",10,"initial_design_shared",28,1204454123,"shared by rank-conditioned SRS and the two unrestricted geometry searches in the paper subset; first full-rank draw is used"
"four_drug",10,"initial_design_shared",29,1204454124,"shared by rank-conditioned SRS and the two unrestricted geometry searches in the paper subset; first full-rank draw is used"
"four_drug",10,"initial_design_shared",30,1204454246,"shared by rank-conditioned SRS and the two unrestricted geometry searches in the paper subset; first full-rank draw is used"
"four_drug",10,"initial_design_shared",31,1204454247,"shared by rank-conditioned SRS and the two unrestricted geometry searches in the paper subset; first full-rank draw is used"
"four_drug",10,"initial_design_shared",32,1204454248,"shared by rank-conditioned SRS and the two unrestricted geometry searches in the paper subset; first full-rank draw is used"
"four_drug",10,"initial_design_shared",33,1204454249,"shared by rank-conditioned SRS and the two unrestricted geometry searches in the paper subset; first full-rank draw is used"
"four_drug",10,"initial_design_shared",34,1204454250,"shared by rank-conditioned SRS and the two unrestricted geometry searches in the paper subset; first full-rank draw is used"
"four_drug",10,"initial_design_shared",35,1204454251,"shared by rank-conditioned SRS and the two unrestricted geometry searches in the paper subset; first full-rank draw is used"
"four_drug",10,"initial_design_shared",36,1204454252,"shared by rank-conditioned SRS and the two unrestricted geometry searches in the paper subset; first full-rank draw is used"
"four_drug",10,"initial_design_shared",37,1204454253,"shared by rank-conditioned SRS and the two unrestricted geometry searches in the paper subset; first full-rank draw is used"
"four_drug",10,"initial_design_shared",38,1204454254,"shared by rank-conditioned SRS and the two unrestricted geometry searches in the paper subset; first full-rank draw is used"
"four_drug",10,"initial_design_shared",39,1204454255,"shared by rank-conditioned SRS and the two unrestricted geometry searches in the paper subset; first full-rank draw is used"
"four_drug",10,"initial_design_shared",40,1204454377,"shared by rank-conditioned SRS and the two unrestricted geometry searches in the paper subset; first full-rank draw is used"
"four_drug",10,"initial_design_shared",41,1204454378,"shared by rank-conditioned SRS and the two unrestricted geometry searches in the paper subset; first full-rank draw is used"
"four_drug",10,"initial_design_shared",42,1204454379,"shared by rank-conditioned SRS and the two unrestricted geometry searches in the paper subset; first full-rank draw is used"
"four_drug",10,"initial_design_shared",43,1204454380,"shared by rank-conditioned SRS and the two unrestricted geometry searches in the paper subset; first full-rank draw is used"
"four_drug",10,"initial_design_shared",44,1204454381,"shared by rank-conditioned SRS and the two unrestricted geometry searches in the paper subset; first full-rank draw is used"
"four_drug",10,"initial_design_shared",45,1204454382,"shared by rank-conditioned SRS and the two unrestricted geometry searches in the paper subset; first full-rank draw is used"
"four_drug",10,"initial_design_shared",46,1204454383,"shared by rank-conditioned SRS and the two unrestricted geometry searches in the paper subset; first full-rank draw is used"
"four_drug",10,"initial_design_shared",47,1204454384,"shared by rank-conditioned SRS and the two unrestricted geometry searches in the paper subset; first full-rank draw is used"
"four_drug",10,"initial_design_shared",48,1204454385,"shared by rank-conditioned SRS and the two unrestricted geometry searches in the paper subset; first full-rank draw is used"
"four_drug",10,"initial_design_shared",49,1204454386,"shared by rank-conditioned SRS and the two unrestricted geometry searches in the paper subset; first full-rank draw is used"
"four_drug",10,"initial_design_shared",50,1204454508,"shared by rank-conditioned SRS and the two unrestricted geometry searches in the paper subset; first full-rank draw is used"
"four_drug",10,"sa_move_shared",0,1859241039,"retry 0 is paired across unrestricted Hamming and position-L2; later deterministic retries are used only after a rank failure"
"four_drug",10,"sa_move_shared",1,1859241040,"retry 0 is paired across unrestricted Hamming and position-L2; later deterministic retries are used only after a rank failure"
"four_drug",10,"sa_move_shared",2,1859241041,"retry 0 is paired across unrestricted Hamming and position-L2; later deterministic retries are used only after a rank failure"
"four_drug",10,"sa_move_shared",3,1859241042,"retry 0 is paired across unrestricted Hamming and position-L2; later deterministic retries are used only after a rank failure"
"four_drug",10,"sa_move_shared",4,1859241043,"retry 0 is paired across unrestricted Hamming and position-L2; later deterministic retries are used only after a rank failure"
"four_drug",10,"sa_move_shared",5,1859241044,"retry 0 is paired across unrestricted Hamming and position-L2; later deterministic retries are used only after a rank failure"
"four_drug",10,"sa_move_shared",6,1859241045,"retry 0 is paired across unrestricted Hamming and position-L2; later deterministic retries are used only after a rank failure"
"four_drug",10,"sa_move_shared",7,1859241046,"retry 0 is paired across unrestricted Hamming and position-L2; later deterministic retries are used only after a rank failure"
"four_drug",10,"sa_move_shared",8,1859241047,"retry 0 is paired across unrestricted Hamming and position-L2; later deterministic retries are used only after a rank failure"
"four_drug",10,"sa_move_shared",9,1859241048,"retry 0 is paired across unrestricted Hamming and position-L2; later deterministic retries are used only after a rank failure"
"four_drug",10,"sa_move_shared",10,894926081,"retry 0 is paired across unrestricted Hamming and position-L2; later deterministic retries are used only after a rank failure"
"four_drug",10,"sa_move_shared",11,894926082,"retry 0 is paired across unrestricted Hamming and position-L2; later deterministic retries are used only after a rank failure"
"four_drug",10,"sa_move_shared",12,894926083,"retry 0 is paired across unrestricted Hamming and position-L2; later deterministic retries are used only after a rank failure"
"four_drug",10,"sa_move_shared",13,894926084,"retry 0 is paired across unrestricted Hamming and position-L2; later deterministic retries are used only after a rank failure"
"four_drug",10,"sa_move_shared",14,894926085,"retry 0 is paired across unrestricted Hamming and position-L2; later deterministic retries are used only after a rank failure"
"four_drug",10,"sa_move_shared",15,894926086,"retry 0 is paired across unrestricted Hamming and position-L2; later deterministic retries are used only after a rank failure"
"four_drug",10,"sa_move_shared",16,894926087,"retry 0 is paired across unrestricted Hamming and position-L2; later deterministic retries are used only after a rank failure"
"four_drug",10,"sa_move_shared",17,894926088,"retry 0 is paired across unrestricted Hamming and position-L2; later deterministic retries are used only after a rank failure"
"four_drug",10,"sa_move_shared",18,894926089,"retry 0 is paired across unrestricted Hamming and position-L2; later deterministic retries are used only after a rank failure"
"four_drug",10,"sa_move_shared",19,894926090,"retry 0 is paired across unrestricted Hamming and position-L2; later deterministic retries are used only after a rank failure"
"four_drug",10,"sa_move_shared",20,894926212,"retry 0 is paired across unrestricted Hamming and position-L2; later deterministic retries are used only after a rank failure"
"four_drug",10,"sa_move_shared",21,894926213,"retry 0 is paired across unrestricted Hamming and position-L2; later deterministic retries are used only after a rank failure"
"four_drug",10,"sa_move_shared",22,894926214,"retry 0 is paired across unrestricted Hamming and position-L2; later deterministic retries are used only after a rank failure"
"four_drug",10,"sa_move_shared",23,894926215,"retry 0 is paired across unrestricted Hamming and position-L2; later deterministic retries are used only after a rank failure"
"four_drug",10,"sa_move_shared",24,894926216,"retry 0 is paired across unrestricted Hamming and position-L2; later deterministic retries are used only after a rank failure"
"four_drug",10,"sa_move_shared",25,894926217,"retry 0 is paired across unrestricted Hamming and position-L2; later deterministic retries are used only after a rank failure"
"four_drug",10,"sa_move_shared",26,894926218,"retry 0 is paired across unrestricted Hamming and position-L2; later deterministic retries are used only after a rank failure"
"four_drug",10,"sa_move_shared",27,894926219,"retry 0 is paired across unrestricted Hamming and position-L2; later deterministic retries are used only after a rank failure"
"four_drug",10,"sa_move_shared",28,894926220,"retry 0 is paired across unrestricted Hamming and position-L2; later deterministic retries are used only after a rank failure"
"four_drug",10,"sa_move_shared",29,894926221,"retry 0 is paired across unrestricted Hamming and position-L2; later deterministic retries are used only after a rank failure"
"four_drug",10,"sa_move_shared",30,894926343,"retry 0 is paired across unrestricted Hamming and position-L2; later deterministic retries are used only after a rank failure"
"four_drug",10,"sa_move_shared",31,894926344,"retry 0 is paired across unrestricted Hamming and position-L2; later deterministic retries are used only after a rank failure"
"four_drug",10,"sa_move_shared",32,894926345,"retry 0 is paired across unrestricted Hamming and position-L2; later deterministic retries are used only after a rank failure"
"four_drug",10,"sa_move_shared",33,894926346,"retry 0 is paired across unrestricted Hamming and position-L2; later deterministic retries are used only after a rank failure"
"four_drug",10,"sa_move_shared",34,894926347,"retry 0 is paired across unrestricted Hamming and position-L2; later deterministic retries are used only after a rank failure"
"four_drug",10,"sa_move_shared",35,894926348,"retry 0 is paired across unrestricted Hamming and position-L2; later deterministic retries are used only after a rank failure"
"four_drug",10,"sa_move_shared",36,894926349,"retry 0 is paired across unrestricted Hamming and position-L2; later deterministic retries are used only after a rank failure"
"four_drug",10,"sa_move_shared",37,894926350,"retry 0 is paired across unrestricted Hamming and position-L2; later deterministic retries are used only after a rank failure"
"four_drug",10,"sa_move_shared",38,894926351,"retry 0 is paired across unrestricted Hamming and position-L2; later deterministic retries are used only after a rank failure"
"four_drug",10,"sa_move_shared",39,894926352,"retry 0 is paired across unrestricted Hamming and position-L2; later deterministic retries are used only after a rank failure"
"four_drug",10,"sa_move_shared",40,894926474,"retry 0 is paired across unrestricted Hamming and position-L2; later deterministic retries are used only after a rank failure"
"four_drug",10,"sa_move_shared",41,894926475,"retry 0 is paired across unrestricted Hamming and position-L2; later deterministic retries are used only after a rank failure"
"four_drug",10,"sa_move_shared",42,894926476,"retry 0 is paired across unrestricted Hamming and position-L2; later deterministic retries are used only after a rank failure"
"four_drug",10,"sa_move_shared",43,894926477,"retry 0 is paired across unrestricted Hamming and position-L2; later deterministic retries are used only after a rank failure"
"four_drug",10,"sa_move_shared",44,894926478,"retry 0 is paired across unrestricted Hamming and position-L2; later deterministic retries are used only after a rank failure"
"four_drug",10,"sa_move_shared",45,894926479,"retry 0 is paired across unrestricted Hamming and position-L2; later deterministic retries are used only after a rank failure"
"four_drug",10,"sa_move_shared",46,894926480,"retry 0 is paired across unrestricted Hamming and position-L2; later deterministic retries are used only after a rank failure"
"four_drug",10,"sa_move_shared",47,894926481,"retry 0 is paired across unrestricted Hamming and position-L2; later deterministic retries are used only after a rank failure"
"four_drug",10,"sa_move_shared",48,894926482,"retry 0 is paired across unrestricted Hamming and position-L2; later deterministic retries are used only after a rank failure"
"four_drug",10,"sa_move_shared",49,894926483,"retry 0 is paired across unrestricted Hamming and position-L2; later deterministic retries are used only after a rank failure"
"four_drug",10,"sa_move_shared",50,894926605,"retry 0 is paired across unrestricted Hamming and position-L2; later deterministic retries are used only after a rank failure"
"four_drug",11,"initial_design_shared",0,873791338,"shared by rank-conditioned SRS and the two unrestricted geometry searches in the paper subset; first full-rank draw is used"
"four_drug",11,"initial_design_shared",1,873791339,"shared by rank-conditioned SRS and the two unrestricted geometry searches in the paper subset; first full-rank draw is used"
"four_drug",11,"initial_design_shared",2,873791340,"shared by rank-conditioned SRS and the two unrestricted geometry searches in the paper subset; first full-rank draw is used"
"four_drug",11,"initial_design_shared",3,873791341,"shared by rank-conditioned SRS and the two unrestricted geometry searches in the paper subset; first full-rank draw is used"
"four_drug",11,"initial_design_shared",4,873791342,"shared by rank-conditioned SRS and the two unrestricted geometry searches in the paper subset; first full-rank draw is used"
"four_drug",11,"initial_design_shared",5,873791343,"shared by rank-conditioned SRS and the two unrestricted geometry searches in the paper subset; first full-rank draw is used"
"four_drug",11,"initial_design_shared",6,873791344,"shared by rank-conditioned SRS and the two unrestricted geometry searches in the paper subset; first full-rank draw is used"
"four_drug",11,"initial_design_shared",7,873791345,"shared by rank-conditioned SRS and the two unrestricted geometry searches in the paper subset; first full-rank draw is used"
"four_drug",11,"initial_design_shared",8,873791346,"shared by rank-conditioned SRS and the two unrestricted geometry searches in the paper subset; first full-rank draw is used"
"four_drug",11,"initial_design_shared",9,873791347,"shared by rank-conditioned SRS and the two unrestricted geometry searches in the paper subset; first full-rank draw is used"
"four_drug",11,"initial_design_shared",10,650032990,"shared by rank-conditioned SRS and the two unrestricted geometry searches in the paper subset; first full-rank draw is used"
"four_drug",11,"initial_design_shared",11,650032991,"shared by rank-conditioned SRS and the two unrestricted geometry searches in the paper subset; first full-rank draw is used"
"four_drug",11,"initial_design_shared",12,650032992,"shared by rank-conditioned SRS and the two unrestricted geometry searches in the paper subset; first full-rank draw is used"
"four_drug",11,"initial_design_shared",13,650032993,"shared by rank-conditioned SRS and the two unrestricted geometry searches in the paper subset; first full-rank draw is used"
"four_drug",11,"initial_design_shared",14,650032994,"shared by rank-conditioned SRS and the two unrestricted geometry searches in the paper subset; first full-rank draw is used"
"four_drug",11,"initial_design_shared",15,650032995,"shared by rank-conditioned SRS and the two unrestricted geometry searches in the paper subset; first full-rank draw is used"
"four_drug",11,"initial_design_shared",16,650032996,"shared by rank-conditioned SRS and the two unrestricted geometry searches in the paper subset; first full-rank draw is used"
"four_drug",11,"initial_design_shared",17,650032997,"shared by rank-conditioned SRS and the two unrestricted geometry searches in the paper subset; first full-rank draw is used"
"four_drug",11,"initial_design_shared",18,650032998,"shared by rank-conditioned SRS and the two unrestricted geometry searches in the paper subset; first full-rank draw is used"
"four_drug",11,"initial_design_shared",19,650032999,"shared by rank-conditioned SRS and the two unrestricted geometry searches in the paper subset; first full-rank draw is used"
"four_drug",11,"initial_design_shared",20,650033121,"shared by rank-conditioned SRS and the two unrestricted geometry searches in the paper subset; first full-rank draw is used"
"four_drug",11,"initial_design_shared",21,650033122,"shared by rank-conditioned SRS and the two unrestricted geometry searches in the paper subset; first full-rank draw is used"
"four_drug",11,"initial_design_shared",22,650033123,"shared by rank-conditioned SRS and the two unrestricted geometry searches in the paper subset; first full-rank draw is used"
"four_drug",11,"initial_design_shared",23,650033124,"shared by rank-conditioned SRS and the two unrestricted geometry searches in the paper subset; first full-rank draw is used"
"four_drug",11,"initial_design_shared",24,650033125,"shared by rank-conditioned SRS and the two unrestricted geometry searches in the paper subset; first full-rank draw is used"
"four_drug",11,"initial_design_shared",25,650033126,"shared by rank-conditioned SRS and the two unrestricted geometry searches in the paper subset; first full-rank draw is used"
"four_drug",11,"initial_design_shared",26,650033127,"shared by rank-conditioned SRS and the two unrestricted geometry searches in the paper subset; first full-rank draw is used"
"four_drug",11,"initial_design_shared",27,650033128,"shared by rank-conditioned SRS and the two unrestricted geometry searches in the paper subset; first full-rank draw is used"
"four_drug",11,"initial_design_shared",28,650033129,"shared by rank-conditioned SRS and the two unrestricted geometry searches in the paper subset; first full-rank draw is used"
"four_drug",11,"initial_design_shared",29,650033130,"shared by rank-conditioned SRS and the two unrestricted geometry searches in the paper subset; first full-rank draw is used"
"four_drug",11,"initial_design_shared",30,650033252,"shared by rank-conditioned SRS and the two unrestricted geometry searches in the paper subset; first full-rank draw is used"
"four_drug",11,"initial_design_shared",31,650033253,"shared by rank-conditioned SRS and the two unrestricted geometry searches in the paper subset; first full-rank draw is used"
"four_drug",11,"initial_design_shared",32,650033254,"shared by rank-conditioned SRS and the two unrestricted geometry searches in the paper subset; first full-rank draw is used"
"four_drug",11,"initial_design_shared",33,650033255,"shared by rank-conditioned SRS and the two unrestricted geometry searches in the paper subset; first full-rank draw is used"
"four_drug",11,"initial_design_shared",34,650033256,"shared by rank-conditioned SRS and the two unrestricted geometry searches in the paper subset; first full-rank draw is used"
"four_drug",11,"initial_design_shared",35,650033257,"shared by rank-conditioned SRS and the two unrestricted geometry searches in the paper subset; first full-rank draw is used"
"four_drug",11,"initial_design_shared",36,650033258,"shared by rank-conditioned SRS and the two unrestricted geometry searches in the paper subset; first full-rank draw is used"
"four_drug",11,"initial_design_shared",37,650033259,"shared by rank-conditioned SRS and the two unrestricted geometry searches in the paper subset; first full-rank draw is used"
"four_drug",11,"initial_design_shared",38,650033260,"shared by rank-conditioned SRS and the two unrestricted geometry searches in the paper subset; first full-rank draw is used"
"four_drug",11,"initial_design_shared",39,650033261,"shared by rank-conditioned SRS and the two unrestricted geometry searches in the paper subset; first full-rank draw is used"
"four_drug",11,"initial_design_shared",40,650033383,"shared by rank-conditioned SRS and the two unrestricted geometry searches in the paper subset; first full-rank draw is used"
"four_drug",11,"initial_design_shared",41,650033384,"shared by rank-conditioned SRS and the two unrestricted geometry searches in the paper subset; first full-rank draw is used"
"four_drug",11,"initial_design_shared",42,650033385,"shared by rank-conditioned SRS and the two unrestricted geometry searches in the paper subset; first full-rank draw is used"
"four_drug",11,"initial_design_shared",43,650033386,"shared by rank-conditioned SRS and the two unrestricted geometry searches in the paper subset; first full-rank draw is used"
"four_drug",11,"initial_design_shared",44,650033387,"shared by rank-conditioned SRS and the two unrestricted geometry searches in the paper subset; first full-rank draw is used"
"four_drug",11,"initial_design_shared",45,650033388,"shared by rank-conditioned SRS and the two unrestricted geometry searches in the paper subset; first full-rank draw is used"
"four_drug",11,"initial_design_shared",46,650033389,"shared by rank-conditioned SRS and the two unrestricted geometry searches in the paper subset; first full-rank draw is used"
"four_drug",11,"initial_design_shared",47,650033390,"shared by rank-conditioned SRS and the two unrestricted geometry searches in the paper subset; first full-rank draw is used"
"four_drug",11,"initial_design_shared",48,650033391,"shared by rank-conditioned SRS and the two unrestricted geometry searches in the paper subset; first full-rank draw is used"
"four_drug",11,"initial_design_shared",49,650033392,"shared by rank-conditioned SRS and the two unrestricted geometry searches in the paper subset; first full-rank draw is used"
"four_drug",11,"initial_design_shared",50,650033514,"shared by rank-conditioned SRS and the two unrestricted geometry searches in the paper subset; first full-rank draw is used"
"four_drug",11,"sa_move_shared",0,1772890349,"retry 0 is paired across unrestricted Hamming and position-L2; later deterministic retries are used only after a rank failure"
"four_drug",11,"sa_move_shared",1,1772890350,"retry 0 is paired across unrestricted Hamming and position-L2; later deterministic retries are used only after a rank failure"
"four_drug",11,"sa_move_shared",2,1772890351,"retry 0 is paired across unrestricted Hamming and position-L2; later deterministic retries are used only after a rank failure"
"four_drug",11,"sa_move_shared",3,1772890352,"retry 0 is paired across unrestricted Hamming and position-L2; later deterministic retries are used only after a rank failure"
"four_drug",11,"sa_move_shared",4,1772890353,"retry 0 is paired across unrestricted Hamming and position-L2; later deterministic retries are used only after a rank failure"
"four_drug",11,"sa_move_shared",5,1772890354,"retry 0 is paired across unrestricted Hamming and position-L2; later deterministic retries are used only after a rank failure"
"four_drug",11,"sa_move_shared",6,1772890355,"retry 0 is paired across unrestricted Hamming and position-L2; later deterministic retries are used only after a rank failure"
"four_drug",11,"sa_move_shared",7,1772890356,"retry 0 is paired across unrestricted Hamming and position-L2; later deterministic retries are used only after a rank failure"
"four_drug",11,"sa_move_shared",8,1772890357,"retry 0 is paired across unrestricted Hamming and position-L2; later deterministic retries are used only after a rank failure"
"four_drug",11,"sa_move_shared",9,1772890358,"retry 0 is paired across unrestricted Hamming and position-L2; later deterministic retries are used only after a rank failure"
"four_drug",11,"sa_move_shared",10,320403836,"retry 0 is paired across unrestricted Hamming and position-L2; later deterministic retries are used only after a rank failure"
"four_drug",11,"sa_move_shared",11,320403837,"retry 0 is paired across unrestricted Hamming and position-L2; later deterministic retries are used only after a rank failure"
"four_drug",11,"sa_move_shared",12,320403838,"retry 0 is paired across unrestricted Hamming and position-L2; later deterministic retries are used only after a rank failure"
"four_drug",11,"sa_move_shared",13,320403839,"retry 0 is paired across unrestricted Hamming and position-L2; later deterministic retries are used only after a rank failure"
"four_drug",11,"sa_move_shared",14,320403840,"retry 0 is paired across unrestricted Hamming and position-L2; later deterministic retries are used only after a rank failure"
"four_drug",11,"sa_move_shared",15,320403841,"retry 0 is paired across unrestricted Hamming and position-L2; later deterministic retries are used only after a rank failure"
"four_drug",11,"sa_move_shared",16,320403842,"retry 0 is paired across unrestricted Hamming and position-L2; later deterministic retries are used only after a rank failure"
"four_drug",11,"sa_move_shared",17,320403843,"retry 0 is paired across unrestricted Hamming and position-L2; later deterministic retries are used only after a rank failure"
"four_drug",11,"sa_move_shared",18,320403844,"retry 0 is paired across unrestricted Hamming and position-L2; later deterministic retries are used only after a rank failure"
"four_drug",11,"sa_move_shared",19,320403845,"retry 0 is paired across unrestricted Hamming and position-L2; later deterministic retries are used only after a rank failure"
"four_drug",11,"sa_move_shared",20,320403967,"retry 0 is paired across unrestricted Hamming and position-L2; later deterministic retries are used only after a rank failure"
"four_drug",11,"sa_move_shared",21,320403968,"retry 0 is paired across unrestricted Hamming and position-L2; later deterministic retries are used only after a rank failure"
"four_drug",11,"sa_move_shared",22,320403969,"retry 0 is paired across unrestricted Hamming and position-L2; later deterministic retries are used only after a rank failure"
"four_drug",11,"sa_move_shared",23,320403970,"retry 0 is paired across unrestricted Hamming and position-L2; later deterministic retries are used only after a rank failure"
"four_drug",11,"sa_move_shared",24,320403971,"retry 0 is paired across unrestricted Hamming and position-L2; later deterministic retries are used only after a rank failure"
"four_drug",11,"sa_move_shared",25,320403972,"retry 0 is paired across unrestricted Hamming and position-L2; later deterministic retries are used only after a rank failure"
"four_drug",11,"sa_move_shared",26,320403973,"retry 0 is paired across unrestricted Hamming and position-L2; later deterministic retries are used only after a rank failure"
"four_drug",11,"sa_move_shared",27,320403974,"retry 0 is paired across unrestricted Hamming and position-L2; later deterministic retries are used only after a rank failure"
"four_drug",11,"sa_move_shared",28,320403975,"retry 0 is paired across unrestricted Hamming and position-L2; later deterministic retries are used only after a rank failure"
"four_drug",11,"sa_move_shared",29,320403976,"retry 0 is paired across unrestricted Hamming and position-L2; later deterministic retries are used only after a rank failure"
"four_drug",11,"sa_move_shared",30,320404098,"retry 0 is paired across unrestricted Hamming and position-L2; later deterministic retries are used only after a rank failure"
"four_drug",11,"sa_move_shared",31,320404099,"retry 0 is paired across unrestricted Hamming and position-L2; later deterministic retries are used only after a rank failure"
"four_drug",11,"sa_move_shared",32,320404100,"retry 0 is paired across unrestricted Hamming and position-L2; later deterministic retries are used only after a rank failure"
"four_drug",11,"sa_move_shared",33,320404101,"retry 0 is paired across unrestricted Hamming and position-L2; later deterministic retries are used only after a rank failure"
"four_drug",11,"sa_move_shared",34,320404102,"retry 0 is paired across unrestricted Hamming and position-L2; later deterministic retries are used only after a rank failure"
"four_drug",11,"sa_move_shared",35,320404103,"retry 0 is paired across unrestricted Hamming and position-L2; later deterministic retries are used only after a rank failure"
"four_drug",11,"sa_move_shared",36,320404104,"retry 0 is paired across unrestricted Hamming and position-L2; later deterministic retries are used only after a rank failure"
"four_drug",11,"sa_move_shared",37,320404105,"retry 0 is paired across unrestricted Hamming and position-L2; later deterministic retries are used only after a rank failure"
"four_drug",11,"sa_move_shared",38,320404106,"retry 0 is paired across unrestricted Hamming and position-L2; later deterministic retries are used only after a rank failure"
"four_drug",11,"sa_move_shared",39,320404107,"retry 0 is paired across unrestricted Hamming and position-L2; later deterministic retries are used only after a rank failure"
"four_drug",11,"sa_move_shared",40,320404229,"retry 0 is paired across unrestricted Hamming and position-L2; later deterministic retries are used only after a rank failure"
"four_drug",11,"sa_move_shared",41,320404230,"retry 0 is paired across unrestricted Hamming and position-L2; later deterministic retries are used only after a rank failure"
"four_drug",11,"sa_move_shared",42,320404231,"retry 0 is paired across unrestricted Hamming and position-L2; later deterministic retries are used only after a rank failure"
"four_drug",11,"sa_move_shared",43,320404232,"retry 0 is paired across unrestricted Hamming and position-L2; later deterministic retries are used only after a rank failure"
"four_drug",11,"sa_move_shared",44,320404233,"retry 0 is paired across unrestricted Hamming and position-L2; later deterministic retries are used only after a rank failure"
"four_drug",11,"sa_move_shared",45,320404234,"retry 0 is paired across unrestricted Hamming and position-L2; later deterministic retries are used only after a rank failure"
"four_drug",11,"sa_move_shared",46,320404235,"retry 0 is paired across unrestricted Hamming and position-L2; later deterministic retries are used only after a rank failure"
"four_drug",11,"sa_move_shared",47,320404236,"retry 0 is paired across unrestricted Hamming and position-L2; later deterministic retries are used only after a rank failure"
"four_drug",11,"sa_move_shared",48,320404237,"retry 0 is paired across unrestricted Hamming and position-L2; later deterministic retries are used only after a rank failure"
"four_drug",11,"sa_move_shared",49,320404238,"retry 0 is paired across unrestricted Hamming and position-L2; later deterministic retries are used only after a rank failure"
"four_drug",11,"sa_move_shared",50,320404360,"retry 0 is paired across unrestricted Hamming and position-L2; later deterministic retries are used only after a rank failure"
"four_drug",12,"initial_design_shared",0,99087891,"shared by rank-conditioned SRS and the two unrestricted geometry searches in the paper subset; first full-rank draw is used"
"four_drug",12,"initial_design_shared",1,99087892,"shared by rank-conditioned SRS and the two unrestricted geometry searches in the paper subset; first full-rank draw is used"
"four_drug",12,"initial_design_shared",2,99087893,"shared by rank-conditioned SRS and the two unrestricted geometry searches in the paper subset; first full-rank draw is used"
"four_drug",12,"initial_design_shared",3,99087894,"shared by rank-conditioned SRS and the two unrestricted geometry searches in the paper subset; first full-rank draw is used"
"four_drug",12,"initial_design_shared",4,99087895,"shared by rank-conditioned SRS and the two unrestricted geometry searches in the paper subset; first full-rank draw is used"
"four_drug",12,"initial_design_shared",5,99087896,"shared by rank-conditioned SRS and the two unrestricted geometry searches in the paper subset; first full-rank draw is used"
"four_drug",12,"initial_design_shared",6,99087897,"shared by rank-conditioned SRS and the two unrestricted geometry searches in the paper subset; first full-rank draw is used"
"four_drug",12,"initial_design_shared",7,99087898,"shared by rank-conditioned SRS and the two unrestricted geometry searches in the paper subset; first full-rank draw is used"
"four_drug",12,"initial_design_shared",8,99087899,"shared by rank-conditioned SRS and the two unrestricted geometry searches in the paper subset; first full-rank draw is used"
"four_drug",12,"initial_design_shared",9,99087900,"shared by rank-conditioned SRS and the two unrestricted geometry searches in the paper subset; first full-rank draw is used"
"four_drug",12,"initial_design_shared",10,95611996,"shared by rank-conditioned SRS and the two unrestricted geometry searches in the paper subset; first full-rank draw is used"
"four_drug",12,"initial_design_shared",11,95611997,"shared by rank-conditioned SRS and the two unrestricted geometry searches in the paper subset; first full-rank draw is used"
"four_drug",12,"initial_design_shared",12,95611998,"shared by rank-conditioned SRS and the two unrestricted geometry searches in the paper subset; first full-rank draw is used"
"four_drug",12,"initial_design_shared",13,95611999,"shared by rank-conditioned SRS and the two unrestricted geometry searches in the paper subset; first full-rank draw is used"
"four_drug",12,"initial_design_shared",14,95612000,"shared by rank-conditioned SRS and the two unrestricted geometry searches in the paper subset; first full-rank draw is used"
"four_drug",12,"initial_design_shared",15,95612001,"shared by rank-conditioned SRS and the two unrestricted geometry searches in the paper subset; first full-rank draw is used"
"four_drug",12,"initial_design_shared",16,95612002,"shared by rank-conditioned SRS and the two unrestricted geometry searches in the paper subset; first full-rank draw is used"
"four_drug",12,"initial_design_shared",17,95612003,"shared by rank-conditioned SRS and the two unrestricted geometry searches in the paper subset; first full-rank draw is used"
"four_drug",12,"initial_design_shared",18,95612004,"shared by rank-conditioned SRS and the two unrestricted geometry searches in the paper subset; first full-rank draw is used"
"four_drug",12,"initial_design_shared",19,95612005,"shared by rank-conditioned SRS and the two unrestricted geometry searches in the paper subset; first full-rank draw is used"
"four_drug",12,"initial_design_shared",20,95612127,"shared by rank-conditioned SRS and the two unrestricted geometry searches in the paper subset; first full-rank draw is used"
"four_drug",12,"initial_design_shared",21,95612128,"shared by rank-conditioned SRS and the two unrestricted geometry searches in the paper subset; first full-rank draw is used"
"four_drug",12,"initial_design_shared",22,95612129,"shared by rank-conditioned SRS and the two unrestricted geometry searches in the paper subset; first full-rank draw is used"
"four_drug",12,"initial_design_shared",23,95612130,"shared by rank-conditioned SRS and the two unrestricted geometry searches in the paper subset; first full-rank draw is used"
"four_drug",12,"initial_design_shared",24,95612131,"shared by rank-conditioned SRS and the two unrestricted geometry searches in the paper subset; first full-rank draw is used"
"four_drug",12,"initial_design_shared",25,95612132,"shared by rank-conditioned SRS and the two unrestricted geometry searches in the paper subset; first full-rank draw is used"
"four_drug",12,"initial_design_shared",26,95612133,"shared by rank-conditioned SRS and the two unrestricted geometry searches in the paper subset; first full-rank draw is used"
"four_drug",12,"initial_design_shared",27,95612134,"shared by rank-conditioned SRS and the two unrestricted geometry searches in the paper subset; first full-rank draw is used"
"four_drug",12,"initial_design_shared",28,95612135,"shared by rank-conditioned SRS and the two unrestricted geometry searches in the paper subset; first full-rank draw is used"
"four_drug",12,"initial_design_shared",29,95612136,"shared by rank-conditioned SRS and the two unrestricted geometry searches in the paper subset; first full-rank draw is used"
"four_drug",12,"initial_design_shared",30,95612258,"shared by rank-conditioned SRS and the two unrestricted geometry searches in the paper subset; first full-rank draw is used"
"four_drug",12,"initial_design_shared",31,95612259,"shared by rank-conditioned SRS and the two unrestricted geometry searches in the paper subset; first full-rank draw is used"
"four_drug",12,"initial_design_shared",32,95612260,"shared by rank-conditioned SRS and the two unrestricted geometry searches in the paper subset; first full-rank draw is used"
"four_drug",12,"initial_design_shared",33,95612261,"shared by rank-conditioned SRS and the two unrestricted geometry searches in the paper subset; first full-rank draw is used"
"four_drug",12,"initial_design_shared",34,95612262,"shared by rank-conditioned SRS and the two unrestricted geometry searches in the paper subset; first full-rank draw is used"
"four_drug",12,"initial_design_shared",35,95612263,"shared by rank-conditioned SRS and the two unrestricted geometry searches in the paper subset; first full-rank draw is used"
"four_drug",12,"initial_design_shared",36,95612264,"shared by rank-conditioned SRS and the two unrestricted geometry searches in the paper subset; first full-rank draw is used"
"four_drug",12,"initial_design_shared",37,95612265,"shared by rank-conditioned SRS and the two unrestricted geometry searches in the paper subset; first full-rank draw is used"
"four_drug",12,"initial_design_shared",38,95612266,"shared by rank-conditioned SRS and the two unrestricted geometry searches in the paper subset; first full-rank draw is used"
"four_drug",12,"initial_design_shared",39,95612267,"shared by rank-conditioned SRS and the two unrestricted geometry searches in the paper subset; first full-rank draw is used"
"four_drug",12,"initial_design_shared",40,95612389,"shared by rank-conditioned SRS and the two unrestricted geometry searches in the paper subset; first full-rank draw is used"
"four_drug",12,"initial_design_shared",41,95612390,"shared by rank-conditioned SRS and the two unrestricted geometry searches in the paper subset; first full-rank draw is used"
"four_drug",12,"initial_design_shared",42,95612391,"shared by rank-conditioned SRS and the two unrestricted geometry searches in the paper subset; first full-rank draw is used"
"four_drug",12,"initial_design_shared",43,95612392,"shared by rank-conditioned SRS and the two unrestricted geometry searches in the paper subset; first full-rank draw is used"
"four_drug",12,"initial_design_shared",44,95612393,"shared by rank-conditioned SRS and the two unrestricted geometry searches in the paper subset; first full-rank draw is used"
"four_drug",12,"initial_design_shared",45,95612394,"shared by rank-conditioned SRS and the two unrestricted geometry searches in the paper subset; first full-rank draw is used"
"four_drug",12,"initial_design_shared",46,95612395,"shared by rank-conditioned SRS and the two unrestricted geometry searches in the paper subset; first full-rank draw is used"
"four_drug",12,"initial_design_shared",47,95612396,"shared by rank-conditioned SRS and the two unrestricted geometry searches in the paper subset; first full-rank draw is used"
"four_drug",12,"initial_design_shared",48,95612397,"shared by rank-conditioned SRS and the two unrestricted geometry searches in the paper subset; first full-rank draw is used"
"four_drug",12,"initial_design_shared",49,95612398,"shared by rank-conditioned SRS and the two unrestricted geometry searches in the paper subset; first full-rank draw is used"
"four_drug",12,"initial_design_shared",50,95612520,"shared by rank-conditioned SRS and the two unrestricted geometry searches in the paper subset; first full-rank draw is used"
"four_drug",12,"sa_move_shared",0,1686539659,"retry 0 is paired across unrestricted Hamming and position-L2; later deterministic retries are used only after a rank failure"
"four_drug",12,"sa_move_shared",1,1686539660,"retry 0 is paired across unrestricted Hamming and position-L2; later deterministic retries are used only after a rank failure"
"four_drug",12,"sa_move_shared",2,1686539661,"retry 0 is paired across unrestricted Hamming and position-L2; later deterministic retries are used only after a rank failure"
"four_drug",12,"sa_move_shared",3,1686539662,"retry 0 is paired across unrestricted Hamming and position-L2; later deterministic retries are used only after a rank failure"
"four_drug",12,"sa_move_shared",4,1686539663,"retry 0 is paired across unrestricted Hamming and position-L2; later deterministic retries are used only after a rank failure"
"four_drug",12,"sa_move_shared",5,1686539664,"retry 0 is paired across unrestricted Hamming and position-L2; later deterministic retries are used only after a rank failure"
"four_drug",12,"sa_move_shared",6,1686539665,"retry 0 is paired across unrestricted Hamming and position-L2; later deterministic retries are used only after a rank failure"
"four_drug",12,"sa_move_shared",7,1686539666,"retry 0 is paired across unrestricted Hamming and position-L2; later deterministic retries are used only after a rank failure"
"four_drug",12,"sa_move_shared",8,1686539667,"retry 0 is paired across unrestricted Hamming and position-L2; later deterministic retries are used only after a rank failure"
"four_drug",12,"sa_move_shared",9,1686539668,"retry 0 is paired across unrestricted Hamming and position-L2; later deterministic retries are used only after a rank failure"
"four_drug",12,"sa_move_shared",10,1893365220,"retry 0 is paired across unrestricted Hamming and position-L2; later deterministic retries are used only after a rank failure"
"four_drug",12,"sa_move_shared",11,1893365221,"retry 0 is paired across unrestricted Hamming and position-L2; later deterministic retries are used only after a rank failure"
"four_drug",12,"sa_move_shared",12,1893365222,"retry 0 is paired across unrestricted Hamming and position-L2; later deterministic retries are used only after a rank failure"
"four_drug",12,"sa_move_shared",13,1893365223,"retry 0 is paired across unrestricted Hamming and position-L2; later deterministic retries are used only after a rank failure"
"four_drug",12,"sa_move_shared",14,1893365224,"retry 0 is paired across unrestricted Hamming and position-L2; later deterministic retries are used only after a rank failure"
"four_drug",12,"sa_move_shared",15,1893365225,"retry 0 is paired across unrestricted Hamming and position-L2; later deterministic retries are used only after a rank failure"
"four_drug",12,"sa_move_shared",16,1893365226,"retry 0 is paired across unrestricted Hamming and position-L2; later deterministic retries are used only after a rank failure"
"four_drug",12,"sa_move_shared",17,1893365227,"retry 0 is paired across unrestricted Hamming and position-L2; later deterministic retries are used only after a rank failure"
"four_drug",12,"sa_move_shared",18,1893365228,"retry 0 is paired across unrestricted Hamming and position-L2; later deterministic retries are used only after a rank failure"
"four_drug",12,"sa_move_shared",19,1893365229,"retry 0 is paired across unrestricted Hamming and position-L2; later deterministic retries are used only after a rank failure"
"four_drug",12,"sa_move_shared",20,1893365351,"retry 0 is paired across unrestricted Hamming and position-L2; later deterministic retries are used only after a rank failure"
"four_drug",12,"sa_move_shared",21,1893365352,"retry 0 is paired across unrestricted Hamming and position-L2; later deterministic retries are used only after a rank failure"
"four_drug",12,"sa_move_shared",22,1893365353,"retry 0 is paired across unrestricted Hamming and position-L2; later deterministic retries are used only after a rank failure"
"four_drug",12,"sa_move_shared",23,1893365354,"retry 0 is paired across unrestricted Hamming and position-L2; later deterministic retries are used only after a rank failure"
"four_drug",12,"sa_move_shared",24,1893365355,"retry 0 is paired across unrestricted Hamming and position-L2; later deterministic retries are used only after a rank failure"
"four_drug",12,"sa_move_shared",25,1893365356,"retry 0 is paired across unrestricted Hamming and position-L2; later deterministic retries are used only after a rank failure"
"four_drug",12,"sa_move_shared",26,1893365357,"retry 0 is paired across unrestricted Hamming and position-L2; later deterministic retries are used only after a rank failure"
"four_drug",12,"sa_move_shared",27,1893365358,"retry 0 is paired across unrestricted Hamming and position-L2; later deterministic retries are used only after a rank failure"
"four_drug",12,"sa_move_shared",28,1893365359,"retry 0 is paired across unrestricted Hamming and position-L2; later deterministic retries are used only after a rank failure"
"four_drug",12,"sa_move_shared",29,1893365360,"retry 0 is paired across unrestricted Hamming and position-L2; later deterministic retries are used only after a rank failure"
"four_drug",12,"sa_move_shared",30,1893365482,"retry 0 is paired across unrestricted Hamming and position-L2; later deterministic retries are used only after a rank failure"
"four_drug",12,"sa_move_shared",31,1893365483,"retry 0 is paired across unrestricted Hamming and position-L2; later deterministic retries are used only after a rank failure"
"four_drug",12,"sa_move_shared",32,1893365484,"retry 0 is paired across unrestricted Hamming and position-L2; later deterministic retries are used only after a rank failure"
"four_drug",12,"sa_move_shared",33,1893365485,"retry 0 is paired across unrestricted Hamming and position-L2; later deterministic retries are used only after a rank failure"
"four_drug",12,"sa_move_shared",34,1893365486,"retry 0 is paired across unrestricted Hamming and position-L2; later deterministic retries are used only after a rank failure"
"four_drug",12,"sa_move_shared",35,1893365487,"retry 0 is paired across unrestricted Hamming and position-L2; later deterministic retries are used only after a rank failure"
"four_drug",12,"sa_move_shared",36,1893365488,"retry 0 is paired across unrestricted Hamming and position-L2; later deterministic retries are used only after a rank failure"
"four_drug",12,"sa_move_shared",37,1893365489,"retry 0 is paired across unrestricted Hamming and position-L2; later deterministic retries are used only after a rank failure"
"four_drug",12,"sa_move_shared",38,1893365490,"retry 0 is paired across unrestricted Hamming and position-L2; later deterministic retries are used only after a rank failure"
"four_drug",12,"sa_move_shared",39,1893365491,"retry 0 is paired across unrestricted Hamming and position-L2; later deterministic retries are used only after a rank failure"
"four_drug",12,"sa_move_shared",40,1893365613,"retry 0 is paired across unrestricted Hamming and position-L2; later deterministic retries are used only after a rank failure"
"four_drug",12,"sa_move_shared",41,1893365614,"retry 0 is paired across unrestricted Hamming and position-L2; later deterministic retries are used only after a rank failure"
"four_drug",12,"sa_move_shared",42,1893365615,"retry 0 is paired across unrestricted Hamming and position-L2; later deterministic retries are used only after a rank failure"
"four_drug",12,"sa_move_shared",43,1893365616,"retry 0 is paired across unrestricted Hamming and position-L2; later deterministic retries are used only after a rank failure"
"four_drug",12,"sa_move_shared",44,1893365617,"retry 0 is paired across unrestricted Hamming and position-L2; later deterministic retries are used only after a rank failure"
"four_drug",12,"sa_move_shared",45,1893365618,"retry 0 is paired across unrestricted Hamming and position-L2; later deterministic retries are used only after a rank failure"
"four_drug",12,"sa_move_shared",46,1893365619,"retry 0 is paired across unrestricted Hamming and position-L2; later deterministic retries are used only after a rank failure"
"four_drug",12,"sa_move_shared",47,1893365620,"retry 0 is paired across unrestricted Hamming and position-L2; later deterministic retries are used only after a rank failure"
"four_drug",12,"sa_move_shared",48,1893365621,"retry 0 is paired across unrestricted Hamming and position-L2; later deterministic retries are used only after a rank failure"
"four_drug",12,"sa_move_shared",49,1893365622,"retry 0 is paired across unrestricted Hamming and position-L2; later deterministic retries are used only after a rank failure"
"four_drug",12,"sa_move_shared",50,1893365744,"retry 0 is paired across unrestricted Hamming and position-L2; later deterministic retries are used only after a rank failure"
"four_drug",13,"initial_design_shared",0,1471868073,"shared by rank-conditioned SRS and the two unrestricted geometry searches in the paper subset; first full-rank draw is used"
"four_drug",13,"initial_design_shared",1,1471868074,"shared by rank-conditioned SRS and the two unrestricted geometry searches in the paper subset; first full-rank draw is used"
"four_drug",13,"initial_design_shared",2,1471868075,"shared by rank-conditioned SRS and the two unrestricted geometry searches in the paper subset; first full-rank draw is used"
"four_drug",13,"initial_design_shared",3,1471868076,"shared by rank-conditioned SRS and the two unrestricted geometry searches in the paper subset; first full-rank draw is used"
"four_drug",13,"initial_design_shared",4,1471868077,"shared by rank-conditioned SRS and the two unrestricted geometry searches in the paper subset; first full-rank draw is used"
"four_drug",13,"initial_design_shared",5,1471868078,"shared by rank-conditioned SRS and the two unrestricted geometry searches in the paper subset; first full-rank draw is used"
"four_drug",13,"initial_design_shared",6,1471868079,"shared by rank-conditioned SRS and the two unrestricted geometry searches in the paper subset; first full-rank draw is used"
"four_drug",13,"initial_design_shared",7,1471868080,"shared by rank-conditioned SRS and the two unrestricted geometry searches in the paper subset; first full-rank draw is used"
"four_drug",13,"initial_design_shared",8,1471868081,"shared by rank-conditioned SRS and the two unrestricted geometry searches in the paper subset; first full-rank draw is used"
"four_drug",13,"initial_design_shared",9,1471868082,"shared by rank-conditioned SRS and the two unrestricted geometry searches in the paper subset; first full-rank draw is used"
"four_drug",13,"initial_design_shared",10,1688674631,"shared by rank-conditioned SRS and the two unrestricted geometry searches in the paper subset; first full-rank draw is used"
"four_drug",13,"initial_design_shared",11,1688674632,"shared by rank-conditioned SRS and the two unrestricted geometry searches in the paper subset; first full-rank draw is used"
"four_drug",13,"initial_design_shared",12,1688674633,"shared by rank-conditioned SRS and the two unrestricted geometry searches in the paper subset; first full-rank draw is used"
"four_drug",13,"initial_design_shared",13,1688674634,"shared by rank-conditioned SRS and the two unrestricted geometry searches in the paper subset; first full-rank draw is used"
"four_drug",13,"initial_design_shared",14,1688674635,"shared by rank-conditioned SRS and the two unrestricted geometry searches in the paper subset; first full-rank draw is used"
"four_drug",13,"initial_design_shared",15,1688674636,"shared by rank-conditioned SRS and the two unrestricted geometry searches in the paper subset; first full-rank draw is used"
"four_drug",13,"initial_design_shared",16,1688674637,"shared by rank-conditioned SRS and the two unrestricted geometry searches in the paper subset; first full-rank draw is used"
"four_drug",13,"initial_design_shared",17,1688674638,"shared by rank-conditioned SRS and the two unrestricted geometry searches in the paper subset; first full-rank draw is used"
"four_drug",13,"initial_design_shared",18,1688674639,"shared by rank-conditioned SRS and the two unrestricted geometry searches in the paper subset; first full-rank draw is used"
"four_drug",13,"initial_design_shared",19,1688674640,"shared by rank-conditioned SRS and the two unrestricted geometry searches in the paper subset; first full-rank draw is used"
"four_drug",13,"initial_design_shared",20,1688674762,"shared by rank-conditioned SRS and the two unrestricted geometry searches in the paper subset; first full-rank draw is used"
"four_drug",13,"initial_design_shared",21,1688674763,"shared by rank-conditioned SRS and the two unrestricted geometry searches in the paper subset; first full-rank draw is used"
"four_drug",13,"initial_design_shared",22,1688674764,"shared by rank-conditioned SRS and the two unrestricted geometry searches in the paper subset; first full-rank draw is used"
"four_drug",13,"initial_design_shared",23,1688674765,"shared by rank-conditioned SRS and the two unrestricted geometry searches in the paper subset; first full-rank draw is used"
"four_drug",13,"initial_design_shared",24,1688674766,"shared by rank-conditioned SRS and the two unrestricted geometry searches in the paper subset; first full-rank draw is used"
"four_drug",13,"initial_design_shared",25,1688674767,"shared by rank-conditioned SRS and the two unrestricted geometry searches in the paper subset; first full-rank draw is used"
"four_drug",13,"initial_design_shared",26,1688674768,"shared by rank-conditioned SRS and the two unrestricted geometry searches in the paper subset; first full-rank draw is used"
"four_drug",13,"initial_design_shared",27,1688674769,"shared by rank-conditioned SRS and the two unrestricted geometry searches in the paper subset; first full-rank draw is used"
"four_drug",13,"initial_design_shared",28,1688674770,"shared by rank-conditioned SRS and the two unrestricted geometry searches in the paper subset; first full-rank draw is used"
"four_drug",13,"initial_design_shared",29,1688674771,"shared by rank-conditioned SRS and the two unrestricted geometry searches in the paper subset; first full-rank draw is used"
"four_drug",13,"initial_design_shared",30,1688674893,"shared by rank-conditioned SRS and the two unrestricted geometry searches in the paper subset; first full-rank draw is used"
"four_drug",13,"initial_design_shared",31,1688674894,"shared by rank-conditioned SRS and the two unrestricted geometry searches in the paper subset; first full-rank draw is used"
"four_drug",13,"initial_design_shared",32,1688674895,"shared by rank-conditioned SRS and the two unrestricted geometry searches in the paper subset; first full-rank draw is used"
"four_drug",13,"initial_design_shared",33,1688674896,"shared by rank-conditioned SRS and the two unrestricted geometry searches in the paper subset; first full-rank draw is used"
"four_drug",13,"initial_design_shared",34,1688674897,"shared by rank-conditioned SRS and the two unrestricted geometry searches in the paper subset; first full-rank draw is used"
"four_drug",13,"initial_design_shared",35,1688674898,"shared by rank-conditioned SRS and the two unrestricted geometry searches in the paper subset; first full-rank draw is used"
"four_drug",13,"initial_design_shared",36,1688674899,"shared by rank-conditioned SRS and the two unrestricted geometry searches in the paper subset; first full-rank draw is used"
"four_drug",13,"initial_design_shared",37,1688674900,"shared by rank-conditioned SRS and the two unrestricted geometry searches in the paper subset; first full-rank draw is used"
"four_drug",13,"initial_design_shared",38,1688674901,"shared by rank-conditioned SRS and the two unrestricted geometry searches in the paper subset; first full-rank draw is used"
"four_drug",13,"initial_design_shared",39,1688674902,"shared by rank-conditioned SRS and the two unrestricted geometry searches in the paper subset; first full-rank draw is used"
"four_drug",13,"initial_design_shared",40,1688675024,"shared by rank-conditioned SRS and the two unrestricted geometry searches in the paper subset; first full-rank draw is used"
"four_drug",13,"initial_design_shared",41,1688675025,"shared by rank-conditioned SRS and the two unrestricted geometry searches in the paper subset; first full-rank draw is used"
"four_drug",13,"initial_design_shared",42,1688675026,"shared by rank-conditioned SRS and the two unrestricted geometry searches in the paper subset; first full-rank draw is used"
"four_drug",13,"initial_design_shared",43,1688675027,"shared by rank-conditioned SRS and the two unrestricted geometry searches in the paper subset; first full-rank draw is used"
"four_drug",13,"initial_design_shared",44,1688675028,"shared by rank-conditioned SRS and the two unrestricted geometry searches in the paper subset; first full-rank draw is used"
"four_drug",13,"initial_design_shared",45,1688675029,"shared by rank-conditioned SRS and the two unrestricted geometry searches in the paper subset; first full-rank draw is used"
"four_drug",13,"initial_design_shared",46,1688675030,"shared by rank-conditioned SRS and the two unrestricted geometry searches in the paper subset; first full-rank draw is used"
"four_drug",13,"initial_design_shared",47,1688675031,"shared by rank-conditioned SRS and the two unrestricted geometry searches in the paper subset; first full-rank draw is used"
"four_drug",13,"initial_design_shared",48,1688675032,"shared by rank-conditioned SRS and the two unrestricted geometry searches in the paper subset; first full-rank draw is used"
"four_drug",13,"initial_design_shared",49,1688675033,"shared by rank-conditioned SRS and the two unrestricted geometry searches in the paper subset; first full-rank draw is used"
"four_drug",13,"initial_design_shared",50,1688675155,"shared by rank-conditioned SRS and the two unrestricted geometry searches in the paper subset; first full-rank draw is used"
"four_drug",13,"sa_move_shared",0,1600188969,"retry 0 is paired across unrestricted Hamming and position-L2; later deterministic retries are used only after a rank failure"
"four_drug",13,"sa_move_shared",1,1600188970,"retry 0 is paired across unrestricted Hamming and position-L2; later deterministic retries are used only after a rank failure"
"four_drug",13,"sa_move_shared",2,1600188971,"retry 0 is paired across unrestricted Hamming and position-L2; later deterministic retries are used only after a rank failure"
"four_drug",13,"sa_move_shared",3,1600188972,"retry 0 is paired across unrestricted Hamming and position-L2; later deterministic retries are used only after a rank failure"
"four_drug",13,"sa_move_shared",4,1600188973,"retry 0 is paired across unrestricted Hamming and position-L2; later deterministic retries are used only after a rank failure"
"four_drug",13,"sa_move_shared",5,1600188974,"retry 0 is paired across unrestricted Hamming and position-L2; later deterministic retries are used only after a rank failure"
"four_drug",13,"sa_move_shared",6,1600188975,"retry 0 is paired across unrestricted Hamming and position-L2; later deterministic retries are used only after a rank failure"
"four_drug",13,"sa_move_shared",7,1600188976,"retry 0 is paired across unrestricted Hamming and position-L2; later deterministic retries are used only after a rank failure"
"four_drug",13,"sa_move_shared",8,1600188977,"retry 0 is paired across unrestricted Hamming and position-L2; later deterministic retries are used only after a rank failure"
"four_drug",13,"sa_move_shared",9,1600188978,"retry 0 is paired across unrestricted Hamming and position-L2; later deterministic retries are used only after a rank failure"
"four_drug",13,"sa_move_shared",10,1318842975,"retry 0 is paired across unrestricted Hamming and position-L2; later deterministic retries are used only after a rank failure"
"four_drug",13,"sa_move_shared",11,1318842976,"retry 0 is paired across unrestricted Hamming and position-L2; later deterministic retries are used only after a rank failure"
"four_drug",13,"sa_move_shared",12,1318842977,"retry 0 is paired across unrestricted Hamming and position-L2; later deterministic retries are used only after a rank failure"
"four_drug",13,"sa_move_shared",13,1318842978,"retry 0 is paired across unrestricted Hamming and position-L2; later deterministic retries are used only after a rank failure"
"four_drug",13,"sa_move_shared",14,1318842979,"retry 0 is paired across unrestricted Hamming and position-L2; later deterministic retries are used only after a rank failure"
"four_drug",13,"sa_move_shared",15,1318842980,"retry 0 is paired across unrestricted Hamming and position-L2; later deterministic retries are used only after a rank failure"
"four_drug",13,"sa_move_shared",16,1318842981,"retry 0 is paired across unrestricted Hamming and position-L2; later deterministic retries are used only after a rank failure"
"four_drug",13,"sa_move_shared",17,1318842982,"retry 0 is paired across unrestricted Hamming and position-L2; later deterministic retries are used only after a rank failure"
"four_drug",13,"sa_move_shared",18,1318842983,"retry 0 is paired across unrestricted Hamming and position-L2; later deterministic retries are used only after a rank failure"
"four_drug",13,"sa_move_shared",19,1318842984,"retry 0 is paired across unrestricted Hamming and position-L2; later deterministic retries are used only after a rank failure"
"four_drug",13,"sa_move_shared",20,1318843106,"retry 0 is paired across unrestricted Hamming and position-L2; later deterministic retries are used only after a rank failure"
"four_drug",13,"sa_move_shared",21,1318843107,"retry 0 is paired across unrestricted Hamming and position-L2; later deterministic retries are used only after a rank failure"
"four_drug",13,"sa_move_shared",22,1318843108,"retry 0 is paired across unrestricted Hamming and position-L2; later deterministic retries are used only after a rank failure"
"four_drug",13,"sa_move_shared",23,1318843109,"retry 0 is paired across unrestricted Hamming and position-L2; later deterministic retries are used only after a rank failure"
"four_drug",13,"sa_move_shared",24,1318843110,"retry 0 is paired across unrestricted Hamming and position-L2; later deterministic retries are used only after a rank failure"
"four_drug",13,"sa_move_shared",25,1318843111,"retry 0 is paired across unrestricted Hamming and position-L2; later deterministic retries are used only after a rank failure"
"four_drug",13,"sa_move_shared",26,1318843112,"retry 0 is paired across unrestricted Hamming and position-L2; later deterministic retries are used only after a rank failure"
"four_drug",13,"sa_move_shared",27,1318843113,"retry 0 is paired across unrestricted Hamming and position-L2; later deterministic retries are used only after a rank failure"
"four_drug",13,"sa_move_shared",28,1318843114,"retry 0 is paired across unrestricted Hamming and position-L2; later deterministic retries are used only after a rank failure"
"four_drug",13,"sa_move_shared",29,1318843115,"retry 0 is paired across unrestricted Hamming and position-L2; later deterministic retries are used only after a rank failure"
"four_drug",13,"sa_move_shared",30,1318843237,"retry 0 is paired across unrestricted Hamming and position-L2; later deterministic retries are used only after a rank failure"
"four_drug",13,"sa_move_shared",31,1318843238,"retry 0 is paired across unrestricted Hamming and position-L2; later deterministic retries are used only after a rank failure"
"four_drug",13,"sa_move_shared",32,1318843239,"retry 0 is paired across unrestricted Hamming and position-L2; later deterministic retries are used only after a rank failure"
"four_drug",13,"sa_move_shared",33,1318843240,"retry 0 is paired across unrestricted Hamming and position-L2; later deterministic retries are used only after a rank failure"
"four_drug",13,"sa_move_shared",34,1318843241,"retry 0 is paired across unrestricted Hamming and position-L2; later deterministic retries are used only after a rank failure"
"four_drug",13,"sa_move_shared",35,1318843242,"retry 0 is paired across unrestricted Hamming and position-L2; later deterministic retries are used only after a rank failure"
"four_drug",13,"sa_move_shared",36,1318843243,"retry 0 is paired across unrestricted Hamming and position-L2; later deterministic retries are used only after a rank failure"
"four_drug",13,"sa_move_shared",37,1318843244,"retry 0 is paired across unrestricted Hamming and position-L2; later deterministic retries are used only after a rank failure"
"four_drug",13,"sa_move_shared",38,1318843245,"retry 0 is paired across unrestricted Hamming and position-L2; later deterministic retries are used only after a rank failure"
"four_drug",13,"sa_move_shared",39,1318843246,"retry 0 is paired across unrestricted Hamming and position-L2; later deterministic retries are used only after a rank failure"
"four_drug",13,"sa_move_shared",40,1318843368,"retry 0 is paired across unrestricted Hamming and position-L2; later deterministic retries are used only after a rank failure"
"four_drug",13,"sa_move_shared",41,1318843369,"retry 0 is paired across unrestricted Hamming and position-L2; later deterministic retries are used only after a rank failure"
"four_drug",13,"sa_move_shared",42,1318843370,"retry 0 is paired across unrestricted Hamming and position-L2; later deterministic retries are used only after a rank failure"
"four_drug",13,"sa_move_shared",43,1318843371,"retry 0 is paired across unrestricted Hamming and position-L2; later deterministic retries are used only after a rank failure"
"four_drug",13,"sa_move_shared",44,1318843372,"retry 0 is paired across unrestricted Hamming and position-L2; later deterministic retries are used only after a rank failure"
"four_drug",13,"sa_move_shared",45,1318843373,"retry 0 is paired across unrestricted Hamming and position-L2; later deterministic retries are used only after a rank failure"
"four_drug",13,"sa_move_shared",46,1318843374,"retry 0 is paired across unrestricted Hamming and position-L2; later deterministic retries are used only after a rank failure"
"four_drug",13,"sa_move_shared",47,1318843375,"retry 0 is paired across unrestricted Hamming and position-L2; later deterministic retries are used only after a rank failure"
"four_drug",13,"sa_move_shared",48,1318843376,"retry 0 is paired across unrestricted Hamming and position-L2; later deterministic retries are used only after a rank failure"
"four_drug",13,"sa_move_shared",49,1318843377,"retry 0 is paired across unrestricted Hamming and position-L2; later deterministic retries are used only after a rank failure"
"four_drug",13,"sa_move_shared",50,1318843499,"retry 0 is paired across unrestricted Hamming and position-L2; later deterministic retries are used only after a rank failure"
"four_drug",14,"initial_design_shared",0,697164626,"shared by rank-conditioned SRS and the two unrestricted geometry searches in the paper subset; first full-rank draw is used"
"four_drug",14,"initial_design_shared",1,697164627,"shared by rank-conditioned SRS and the two unrestricted geometry searches in the paper subset; first full-rank draw is used"
"four_drug",14,"initial_design_shared",2,697164628,"shared by rank-conditioned SRS and the two unrestricted geometry searches in the paper subset; first full-rank draw is used"
"four_drug",14,"initial_design_shared",3,697164629,"shared by rank-conditioned SRS and the two unrestricted geometry searches in the paper subset; first full-rank draw is used"
"four_drug",14,"initial_design_shared",4,697164630,"shared by rank-conditioned SRS and the two unrestricted geometry searches in the paper subset; first full-rank draw is used"
"four_drug",14,"initial_design_shared",5,697164631,"shared by rank-conditioned SRS and the two unrestricted geometry searches in the paper subset; first full-rank draw is used"
"four_drug",14,"initial_design_shared",6,697164632,"shared by rank-conditioned SRS and the two unrestricted geometry searches in the paper subset; first full-rank draw is used"
"four_drug",14,"initial_design_shared",7,697164633,"shared by rank-conditioned SRS and the two unrestricted geometry searches in the paper subset; first full-rank draw is used"
"four_drug",14,"initial_design_shared",8,697164634,"shared by rank-conditioned SRS and the two unrestricted geometry searches in the paper subset; first full-rank draw is used"
"four_drug",14,"initial_design_shared",9,697164635,"shared by rank-conditioned SRS and the two unrestricted geometry searches in the paper subset; first full-rank draw is used"
"four_drug",14,"initial_design_shared",10,1134253637,"shared by rank-conditioned SRS and the two unrestricted geometry searches in the paper subset; first full-rank draw is used"
"four_drug",14,"initial_design_shared",11,1134253638,"shared by rank-conditioned SRS and the two unrestricted geometry searches in the paper subset; first full-rank draw is used"
"four_drug",14,"initial_design_shared",12,1134253639,"shared by rank-conditioned SRS and the two unrestricted geometry searches in the paper subset; first full-rank draw is used"
"four_drug",14,"initial_design_shared",13,1134253640,"shared by rank-conditioned SRS and the two unrestricted geometry searches in the paper subset; first full-rank draw is used"
"four_drug",14,"initial_design_shared",14,1134253641,"shared by rank-conditioned SRS and the two unrestricted geometry searches in the paper subset; first full-rank draw is used"
"four_drug",14,"initial_design_shared",15,1134253642,"shared by rank-conditioned SRS and the two unrestricted geometry searches in the paper subset; first full-rank draw is used"
"four_drug",14,"initial_design_shared",16,1134253643,"shared by rank-conditioned SRS and the two unrestricted geometry searches in the paper subset; first full-rank draw is used"
"four_drug",14,"initial_design_shared",17,1134253644,"shared by rank-conditioned SRS and the two unrestricted geometry searches in the paper subset; first full-rank draw is used"
"four_drug",14,"initial_design_shared",18,1134253645,"shared by rank-conditioned SRS and the two unrestricted geometry searches in the paper subset; first full-rank draw is used"
"four_drug",14,"initial_design_shared",19,1134253646,"shared by rank-conditioned SRS and the two unrestricted geometry searches in the paper subset; first full-rank draw is used"
"four_drug",14,"initial_design_shared",20,1134253768,"shared by rank-conditioned SRS and the two unrestricted geometry searches in the paper subset; first full-rank draw is used"
"four_drug",14,"initial_design_shared",21,1134253769,"shared by rank-conditioned SRS and the two unrestricted geometry searches in the paper subset; first full-rank draw is used"
"four_drug",14,"initial_design_shared",22,1134253770,"shared by rank-conditioned SRS and the two unrestricted geometry searches in the paper subset; first full-rank draw is used"
"four_drug",14,"initial_design_shared",23,1134253771,"shared by rank-conditioned SRS and the two unrestricted geometry searches in the paper subset; first full-rank draw is used"
"four_drug",14,"initial_design_shared",24,1134253772,"shared by rank-conditioned SRS and the two unrestricted geometry searches in the paper subset; first full-rank draw is used"
"four_drug",14,"initial_design_shared",25,1134253773,"shared by rank-conditioned SRS and the two unrestricted geometry searches in the paper subset; first full-rank draw is used"
"four_drug",14,"initial_design_shared",26,1134253774,"shared by rank-conditioned SRS and the two unrestricted geometry searches in the paper subset; first full-rank draw is used"
"four_drug",14,"initial_design_shared",27,1134253775,"shared by rank-conditioned SRS and the two unrestricted geometry searches in the paper subset; first full-rank draw is used"
"four_drug",14,"initial_design_shared",28,1134253776,"shared by rank-conditioned SRS and the two unrestricted geometry searches in the paper subset; first full-rank draw is used"
"four_drug",14,"initial_design_shared",29,1134253777,"shared by rank-conditioned SRS and the two unrestricted geometry searches in the paper subset; first full-rank draw is used"
"four_drug",14,"initial_design_shared",30,1134253899,"shared by rank-conditioned SRS and the two unrestricted geometry searches in the paper subset; first full-rank draw is used"
"four_drug",14,"initial_design_shared",31,1134253900,"shared by rank-conditioned SRS and the two unrestricted geometry searches in the paper subset; first full-rank draw is used"
"four_drug",14,"initial_design_shared",32,1134253901,"shared by rank-conditioned SRS and the two unrestricted geometry searches in the paper subset; first full-rank draw is used"
"four_drug",14,"initial_design_shared",33,1134253902,"shared by rank-conditioned SRS and the two unrestricted geometry searches in the paper subset; first full-rank draw is used"
"four_drug",14,"initial_design_shared",34,1134253903,"shared by rank-conditioned SRS and the two unrestricted geometry searches in the paper subset; first full-rank draw is used"
"four_drug",14,"initial_design_shared",35,1134253904,"shared by rank-conditioned SRS and the two unrestricted geometry searches in the paper subset; first full-rank draw is used"
"four_drug",14,"initial_design_shared",36,1134253905,"shared by rank-conditioned SRS and the two unrestricted geometry searches in the paper subset; first full-rank draw is used"
"four_drug",14,"initial_design_shared",37,1134253906,"shared by rank-conditioned SRS and the two unrestricted geometry searches in the paper subset; first full-rank draw is used"
"four_drug",14,"initial_design_shared",38,1134253907,"shared by rank-conditioned SRS and the two unrestricted geometry searches in the paper subset; first full-rank draw is used"
"four_drug",14,"initial_design_shared",39,1134253908,"shared by rank-conditioned SRS and the two unrestricted geometry searches in the paper subset; first full-rank draw is used"
"four_drug",14,"initial_design_shared",40,1134254030,"shared by rank-conditioned SRS and the two unrestricted geometry searches in the paper subset; first full-rank draw is used"
"four_drug",14,"initial_design_shared",41,1134254031,"shared by rank-conditioned SRS and the two unrestricted geometry searches in the paper subset; first full-rank draw is used"
"four_drug",14,"initial_design_shared",42,1134254032,"shared by rank-conditioned SRS and the two unrestricted geometry searches in the paper subset; first full-rank draw is used"
"four_drug",14,"initial_design_shared",43,1134254033,"shared by rank-conditioned SRS and the two unrestricted geometry searches in the paper subset; first full-rank draw is used"
"four_drug",14,"initial_design_shared",44,1134254034,"shared by rank-conditioned SRS and the two unrestricted geometry searches in the paper subset; first full-rank draw is used"
"four_drug",14,"initial_design_shared",45,1134254035,"shared by rank-conditioned SRS and the two unrestricted geometry searches in the paper subset; first full-rank draw is used"
"four_drug",14,"initial_design_shared",46,1134254036,"shared by rank-conditioned SRS and the two unrestricted geometry searches in the paper subset; first full-rank draw is used"
"four_drug",14,"initial_design_shared",47,1134254037,"shared by rank-conditioned SRS and the two unrestricted geometry searches in the paper subset; first full-rank draw is used"
"four_drug",14,"initial_design_shared",48,1134254038,"shared by rank-conditioned SRS and the two unrestricted geometry searches in the paper subset; first full-rank draw is used"
"four_drug",14,"initial_design_shared",49,1134254039,"shared by rank-conditioned SRS and the two unrestricted geometry searches in the paper subset; first full-rank draw is used"
"four_drug",14,"initial_design_shared",50,1134254161,"shared by rank-conditioned SRS and the two unrestricted geometry searches in the paper subset; first full-rank draw is used"
"four_drug",14,"sa_move_shared",0,1513838279,"retry 0 is paired across unrestricted Hamming and position-L2; later deterministic retries are used only after a rank failure"
"four_drug",14,"sa_move_shared",1,1513838280,"retry 0 is paired across unrestricted Hamming and position-L2; later deterministic retries are used only after a rank failure"
"four_drug",14,"sa_move_shared",2,1513838281,"retry 0 is paired across unrestricted Hamming and position-L2; later deterministic retries are used only after a rank failure"
"four_drug",14,"sa_move_shared",3,1513838282,"retry 0 is paired across unrestricted Hamming and position-L2; later deterministic retries are used only after a rank failure"
"four_drug",14,"sa_move_shared",4,1513838283,"retry 0 is paired across unrestricted Hamming and position-L2; later deterministic retries are used only after a rank failure"
"four_drug",14,"sa_move_shared",5,1513838284,"retry 0 is paired across unrestricted Hamming and position-L2; later deterministic retries are used only after a rank failure"
"four_drug",14,"sa_move_shared",6,1513838285,"retry 0 is paired across unrestricted Hamming and position-L2; later deterministic retries are used only after a rank failure"
"four_drug",14,"sa_move_shared",7,1513838286,"retry 0 is paired across unrestricted Hamming and position-L2; later deterministic retries are used only after a rank failure"
"four_drug",14,"sa_move_shared",8,1513838287,"retry 0 is paired across unrestricted Hamming and position-L2; later deterministic retries are used only after a rank failure"
"four_drug",14,"sa_move_shared",9,1513838288,"retry 0 is paired across unrestricted Hamming and position-L2; later deterministic retries are used only after a rank failure"
"four_drug",14,"sa_move_shared",10,744320730,"retry 0 is paired across unrestricted Hamming and position-L2; later deterministic retries are used only after a rank failure"
"four_drug",14,"sa_move_shared",11,744320731,"retry 0 is paired across unrestricted Hamming and position-L2; later deterministic retries are used only after a rank failure"
"four_drug",14,"sa_move_shared",12,744320732,"retry 0 is paired across unrestricted Hamming and position-L2; later deterministic retries are used only after a rank failure"
"four_drug",14,"sa_move_shared",13,744320733,"retry 0 is paired across unrestricted Hamming and position-L2; later deterministic retries are used only after a rank failure"
"four_drug",14,"sa_move_shared",14,744320734,"retry 0 is paired across unrestricted Hamming and position-L2; later deterministic retries are used only after a rank failure"
"four_drug",14,"sa_move_shared",15,744320735,"retry 0 is paired across unrestricted Hamming and position-L2; later deterministic retries are used only after a rank failure"
"four_drug",14,"sa_move_shared",16,744320736,"retry 0 is paired across unrestricted Hamming and position-L2; later deterministic retries are used only after a rank failure"
"four_drug",14,"sa_move_shared",17,744320737,"retry 0 is paired across unrestricted Hamming and position-L2; later deterministic retries are used only after a rank failure"
"four_drug",14,"sa_move_shared",18,744320738,"retry 0 is paired across unrestricted Hamming and position-L2; later deterministic retries are used only after a rank failure"
"four_drug",14,"sa_move_shared",19,744320739,"retry 0 is paired across unrestricted Hamming and position-L2; later deterministic retries are used only after a rank failure"
"four_drug",14,"sa_move_shared",20,744320861,"retry 0 is paired across unrestricted Hamming and position-L2; later deterministic retries are used only after a rank failure"
"four_drug",14,"sa_move_shared",21,744320862,"retry 0 is paired across unrestricted Hamming and position-L2; later deterministic retries are used only after a rank failure"
"four_drug",14,"sa_move_shared",22,744320863,"retry 0 is paired across unrestricted Hamming and position-L2; later deterministic retries are used only after a rank failure"
"four_drug",14,"sa_move_shared",23,744320864,"retry 0 is paired across unrestricted Hamming and position-L2; later deterministic retries are used only after a rank failure"
"four_drug",14,"sa_move_shared",24,744320865,"retry 0 is paired across unrestricted Hamming and position-L2; later deterministic retries are used only after a rank failure"
"four_drug",14,"sa_move_shared",25,744320866,"retry 0 is paired across unrestricted Hamming and position-L2; later deterministic retries are used only after a rank failure"
"four_drug",14,"sa_move_shared",26,744320867,"retry 0 is paired across unrestricted Hamming and position-L2; later deterministic retries are used only after a rank failure"
"four_drug",14,"sa_move_shared",27,744320868,"retry 0 is paired across unrestricted Hamming and position-L2; later deterministic retries are used only after a rank failure"
"four_drug",14,"sa_move_shared",28,744320869,"retry 0 is paired across unrestricted Hamming and position-L2; later deterministic retries are used only after a rank failure"
"four_drug",14,"sa_move_shared",29,744320870,"retry 0 is paired across unrestricted Hamming and position-L2; later deterministic retries are used only after a rank failure"
"four_drug",14,"sa_move_shared",30,744320992,"retry 0 is paired across unrestricted Hamming and position-L2; later deterministic retries are used only after a rank failure"
"four_drug",14,"sa_move_shared",31,744320993,"retry 0 is paired across unrestricted Hamming and position-L2; later deterministic retries are used only after a rank failure"
"four_drug",14,"sa_move_shared",32,744320994,"retry 0 is paired across unrestricted Hamming and position-L2; later deterministic retries are used only after a rank failure"
"four_drug",14,"sa_move_shared",33,744320995,"retry 0 is paired across unrestricted Hamming and position-L2; later deterministic retries are used only after a rank failure"
"four_drug",14,"sa_move_shared",34,744320996,"retry 0 is paired across unrestricted Hamming and position-L2; later deterministic retries are used only after a rank failure"
"four_drug",14,"sa_move_shared",35,744320997,"retry 0 is paired across unrestricted Hamming and position-L2; later deterministic retries are used only after a rank failure"
"four_drug",14,"sa_move_shared",36,744320998,"retry 0 is paired across unrestricted Hamming and position-L2; later deterministic retries are used only after a rank failure"
"four_drug",14,"sa_move_shared",37,744320999,"retry 0 is paired across unrestricted Hamming and position-L2; later deterministic retries are used only after a rank failure"
"four_drug",14,"sa_move_shared",38,744321000,"retry 0 is paired across unrestricted Hamming and position-L2; later deterministic retries are used only after a rank failure"
"four_drug",14,"sa_move_shared",39,744321001,"retry 0 is paired across unrestricted Hamming and position-L2; later deterministic retries are used only after a rank failure"
"four_drug",14,"sa_move_shared",40,744321123,"retry 0 is paired across unrestricted Hamming and position-L2; later deterministic retries are used only after a rank failure"
"four_drug",14,"sa_move_shared",41,744321124,"retry 0 is paired across unrestricted Hamming and position-L2; later deterministic retries are used only after a rank failure"
"four_drug",14,"sa_move_shared",42,744321125,"retry 0 is paired across unrestricted Hamming and position-L2; later deterministic retries are used only after a rank failure"
"four_drug",14,"sa_move_shared",43,744321126,"retry 0 is paired across unrestricted Hamming and position-L2; later deterministic retries are used only after a rank failure"
"four_drug",14,"sa_move_shared",44,744321127,"retry 0 is paired across unrestricted Hamming and position-L2; later deterministic retries are used only after a rank failure"
"four_drug",14,"sa_move_shared",45,744321128,"retry 0 is paired across unrestricted Hamming and position-L2; later deterministic retries are used only after a rank failure"
"four_drug",14,"sa_move_shared",46,744321129,"retry 0 is paired across unrestricted Hamming and position-L2; later deterministic retries are used only after a rank failure"
"four_drug",14,"sa_move_shared",47,744321130,"retry 0 is paired across unrestricted Hamming and position-L2; later deterministic retries are used only after a rank failure"
"four_drug",14,"sa_move_shared",48,744321131,"retry 0 is paired across unrestricted Hamming and position-L2; later deterministic retries are used only after a rank failure"
"four_drug",14,"sa_move_shared",49,744321132,"retry 0 is paired across unrestricted Hamming and position-L2; later deterministic retries are used only after a rank failure"
"four_drug",14,"sa_move_shared",50,744321254,"retry 0 is paired across unrestricted Hamming and position-L2; later deterministic retries are used only after a rank failure"
"four_drug",15,"initial_design_shared",0,2069944808,"shared by rank-conditioned SRS and the two unrestricted geometry searches in the paper subset; first full-rank draw is used"
"four_drug",15,"initial_design_shared",1,2069944809,"shared by rank-conditioned SRS and the two unrestricted geometry searches in the paper subset; first full-rank draw is used"
"four_drug",15,"initial_design_shared",2,2069944810,"shared by rank-conditioned SRS and the two unrestricted geometry searches in the paper subset; first full-rank draw is used"
"four_drug",15,"initial_design_shared",3,2069944811,"shared by rank-conditioned SRS and the two unrestricted geometry searches in the paper subset; first full-rank draw is used"
"four_drug",15,"initial_design_shared",4,2069944812,"shared by rank-conditioned SRS and the two unrestricted geometry searches in the paper subset; first full-rank draw is used"
"four_drug",15,"initial_design_shared",5,2069944813,"shared by rank-conditioned SRS and the two unrestricted geometry searches in the paper subset; first full-rank draw is used"
"four_drug",15,"initial_design_shared",6,2069944814,"shared by rank-conditioned SRS and the two unrestricted geometry searches in the paper subset; first full-rank draw is used"
"four_drug",15,"initial_design_shared",7,2069944815,"shared by rank-conditioned SRS and the two unrestricted geometry searches in the paper subset; first full-rank draw is used"
"four_drug",15,"initial_design_shared",8,2069944816,"shared by rank-conditioned SRS and the two unrestricted geometry searches in the paper subset; first full-rank draw is used"
"four_drug",15,"initial_design_shared",9,2069944817,"shared by rank-conditioned SRS and the two unrestricted geometry searches in the paper subset; first full-rank draw is used"
"four_drug",15,"initial_design_shared",10,579832643,"shared by rank-conditioned SRS and the two unrestricted geometry searches in the paper subset; first full-rank draw is used"
"four_drug",15,"initial_design_shared",11,579832644,"shared by rank-conditioned SRS and the two unrestricted geometry searches in the paper subset; first full-rank draw is used"
"four_drug",15,"initial_design_shared",12,579832645,"shared by rank-conditioned SRS and the two unrestricted geometry searches in the paper subset; first full-rank draw is used"
"four_drug",15,"initial_design_shared",13,579832646,"shared by rank-conditioned SRS and the two unrestricted geometry searches in the paper subset; first full-rank draw is used"
"four_drug",15,"initial_design_shared",14,579832647,"shared by rank-conditioned SRS and the two unrestricted geometry searches in the paper subset; first full-rank draw is used"
"four_drug",15,"initial_design_shared",15,579832648,"shared by rank-conditioned SRS and the two unrestricted geometry searches in the paper subset; first full-rank draw is used"
"four_drug",15,"initial_design_shared",16,579832649,"shared by rank-conditioned SRS and the two unrestricted geometry searches in the paper subset; first full-rank draw is used"
"four_drug",15,"initial_design_shared",17,579832650,"shared by rank-conditioned SRS and the two unrestricted geometry searches in the paper subset; first full-rank draw is used"
"four_drug",15,"initial_design_shared",18,579832651,"shared by rank-conditioned SRS and the two unrestricted geometry searches in the paper subset; first full-rank draw is used"
"four_drug",15,"initial_design_shared",19,579832652,"shared by rank-conditioned SRS and the two unrestricted geometry searches in the paper subset; first full-rank draw is used"
"four_drug",15,"initial_design_shared",20,579832774,"shared by rank-conditioned SRS and the two unrestricted geometry searches in the paper subset; first full-rank draw is used"
"four_drug",15,"initial_design_shared",21,579832775,"shared by rank-conditioned SRS and the two unrestricted geometry searches in the paper subset; first full-rank draw is used"
"four_drug",15,"initial_design_shared",22,579832776,"shared by rank-conditioned SRS and the two unrestricted geometry searches in the paper subset; first full-rank draw is used"
"four_drug",15,"initial_design_shared",23,579832777,"shared by rank-conditioned SRS and the two unrestricted geometry searches in the paper subset; first full-rank draw is used"
"four_drug",15,"initial_design_shared",24,579832778,"shared by rank-conditioned SRS and the two unrestricted geometry searches in the paper subset; first full-rank draw is used"
"four_drug",15,"initial_design_shared",25,579832779,"shared by rank-conditioned SRS and the two unrestricted geometry searches in the paper subset; first full-rank draw is used"
"four_drug",15,"initial_design_shared",26,579832780,"shared by rank-conditioned SRS and the two unrestricted geometry searches in the paper subset; first full-rank draw is used"
"four_drug",15,"initial_design_shared",27,579832781,"shared by rank-conditioned SRS and the two unrestricted geometry searches in the paper subset; first full-rank draw is used"
"four_drug",15,"initial_design_shared",28,579832782,"shared by rank-conditioned SRS and the two unrestricted geometry searches in the paper subset; first full-rank draw is used"
"four_drug",15,"initial_design_shared",29,579832783,"shared by rank-conditioned SRS and the two unrestricted geometry searches in the paper subset; first full-rank draw is used"
"four_drug",15,"initial_design_shared",30,579832905,"shared by rank-conditioned SRS and the two unrestricted geometry searches in the paper subset; first full-rank draw is used"
"four_drug",15,"initial_design_shared",31,579832906,"shared by rank-conditioned SRS and the two unrestricted geometry searches in the paper subset; first full-rank draw is used"
"four_drug",15,"initial_design_shared",32,579832907,"shared by rank-conditioned SRS and the two unrestricted geometry searches in the paper subset; first full-rank draw is used"
"four_drug",15,"initial_design_shared",33,579832908,"shared by rank-conditioned SRS and the two unrestricted geometry searches in the paper subset; first full-rank draw is used"
"four_drug",15,"initial_design_shared",34,579832909,"shared by rank-conditioned SRS and the two unrestricted geometry searches in the paper subset; first full-rank draw is used"
"four_drug",15,"initial_design_shared",35,579832910,"shared by rank-conditioned SRS and the two unrestricted geometry searches in the paper subset; first full-rank draw is used"
"four_drug",15,"initial_design_shared",36,579832911,"shared by rank-conditioned SRS and the two unrestricted geometry searches in the paper subset; first full-rank draw is used"
"four_drug",15,"initial_design_shared",37,579832912,"shared by rank-conditioned SRS and the two unrestricted geometry searches in the paper subset; first full-rank draw is used"
"four_drug",15,"initial_design_shared",38,579832913,"shared by rank-conditioned SRS and the two unrestricted geometry searches in the paper subset; first full-rank draw is used"
"four_drug",15,"initial_design_shared",39,579832914,"shared by rank-conditioned SRS and the two unrestricted geometry searches in the paper subset; first full-rank draw is used"
"four_drug",15,"initial_design_shared",40,579833036,"shared by rank-conditioned SRS and the two unrestricted geometry searches in the paper subset; first full-rank draw is used"
"four_drug",15,"initial_design_shared",41,579833037,"shared by rank-conditioned SRS and the two unrestricted geometry searches in the paper subset; first full-rank draw is used"
"four_drug",15,"initial_design_shared",42,579833038,"shared by rank-conditioned SRS and the two unrestricted geometry searches in the paper subset; first full-rank draw is used"
"four_drug",15,"initial_design_shared",43,579833039,"shared by rank-conditioned SRS and the two unrestricted geometry searches in the paper subset; first full-rank draw is used"
"four_drug",15,"initial_design_shared",44,579833040,"shared by rank-conditioned SRS and the two unrestricted geometry searches in the paper subset; first full-rank draw is used"
"four_drug",15,"initial_design_shared",45,579833041,"shared by rank-conditioned SRS and the two unrestricted geometry searches in the paper subset; first full-rank draw is used"
"four_drug",15,"initial_design_shared",46,579833042,"shared by rank-conditioned SRS and the two unrestricted geometry searches in the paper subset; first full-rank draw is used"
"four_drug",15,"initial_design_shared",47,579833043,"shared by rank-conditioned SRS and the two unrestricted geometry searches in the paper subset; first full-rank draw is used"
"four_drug",15,"initial_design_shared",48,579833044,"shared by rank-conditioned SRS and the two unrestricted geometry searches in the paper subset; first full-rank draw is used"
"four_drug",15,"initial_design_shared",49,579833045,"shared by rank-conditioned SRS and the two unrestricted geometry searches in the paper subset; first full-rank draw is used"
"four_drug",15,"initial_design_shared",50,579833167,"shared by rank-conditioned SRS and the two unrestricted geometry searches in the paper subset; first full-rank draw is used"
"four_drug",15,"sa_move_shared",0,1427487589,"retry 0 is paired across unrestricted Hamming and position-L2; later deterministic retries are used only after a rank failure"
"four_drug",15,"sa_move_shared",1,1427487590,"retry 0 is paired across unrestricted Hamming and position-L2; later deterministic retries are used only after a rank failure"
"four_drug",15,"sa_move_shared",2,1427487591,"retry 0 is paired across unrestricted Hamming and position-L2; later deterministic retries are used only after a rank failure"
"four_drug",15,"sa_move_shared",3,1427487592,"retry 0 is paired across unrestricted Hamming and position-L2; later deterministic retries are used only after a rank failure"
"four_drug",15,"sa_move_shared",4,1427487593,"retry 0 is paired across unrestricted Hamming and position-L2; later deterministic retries are used only after a rank failure"
"four_drug",15,"sa_move_shared",5,1427487594,"retry 0 is paired across unrestricted Hamming and position-L2; later deterministic retries are used only after a rank failure"
"four_drug",15,"sa_move_shared",6,1427487595,"retry 0 is paired across unrestricted Hamming and position-L2; later deterministic retries are used only after a rank failure"
"four_drug",15,"sa_move_shared",7,1427487596,"retry 0 is paired across unrestricted Hamming and position-L2; later deterministic retries are used only after a rank failure"
"four_drug",15,"sa_move_shared",8,1427487597,"retry 0 is paired across unrestricted Hamming and position-L2; later deterministic retries are used only after a rank failure"
"four_drug",15,"sa_move_shared",9,1427487598,"retry 0 is paired across unrestricted Hamming and position-L2; later deterministic retries are used only after a rank failure"
"four_drug",15,"sa_move_shared",10,169798485,"retry 0 is paired across unrestricted Hamming and position-L2; later deterministic retries are used only after a rank failure"
"four_drug",15,"sa_move_shared",11,169798486,"retry 0 is paired across unrestricted Hamming and position-L2; later deterministic retries are used only after a rank failure"
"four_drug",15,"sa_move_shared",12,169798487,"retry 0 is paired across unrestricted Hamming and position-L2; later deterministic retries are used only after a rank failure"
"four_drug",15,"sa_move_shared",13,169798488,"retry 0 is paired across unrestricted Hamming and position-L2; later deterministic retries are used only after a rank failure"
"four_drug",15,"sa_move_shared",14,169798489,"retry 0 is paired across unrestricted Hamming and position-L2; later deterministic retries are used only after a rank failure"
"four_drug",15,"sa_move_shared",15,169798490,"retry 0 is paired across unrestricted Hamming and position-L2; later deterministic retries are used only after a rank failure"
"four_drug",15,"sa_move_shared",16,169798491,"retry 0 is paired across unrestricted Hamming and position-L2; later deterministic retries are used only after a rank failure"
"four_drug",15,"sa_move_shared",17,169798492,"retry 0 is paired across unrestricted Hamming and position-L2; later deterministic retries are used only after a rank failure"
"four_drug",15,"sa_move_shared",18,169798493,"retry 0 is paired across unrestricted Hamming and position-L2; later deterministic retries are used only after a rank failure"
"four_drug",15,"sa_move_shared",19,169798494,"retry 0 is paired across unrestricted Hamming and position-L2; later deterministic retries are used only after a rank failure"
"four_drug",15,"sa_move_shared",20,169798616,"retry 0 is paired across unrestricted Hamming and position-L2; later deterministic retries are used only after a rank failure"
"four_drug",15,"sa_move_shared",21,169798617,"retry 0 is paired across unrestricted Hamming and position-L2; later deterministic retries are used only after a rank failure"
"four_drug",15,"sa_move_shared",22,169798618,"retry 0 is paired across unrestricted Hamming and position-L2; later deterministic retries are used only after a rank failure"
"four_drug",15,"sa_move_shared",23,169798619,"retry 0 is paired across unrestricted Hamming and position-L2; later deterministic retries are used only after a rank failure"
"four_drug",15,"sa_move_shared",24,169798620,"retry 0 is paired across unrestricted Hamming and position-L2; later deterministic retries are used only after a rank failure"
"four_drug",15,"sa_move_shared",25,169798621,"retry 0 is paired across unrestricted Hamming and position-L2; later deterministic retries are used only after a rank failure"
"four_drug",15,"sa_move_shared",26,169798622,"retry 0 is paired across unrestricted Hamming and position-L2; later deterministic retries are used only after a rank failure"
"four_drug",15,"sa_move_shared",27,169798623,"retry 0 is paired across unrestricted Hamming and position-L2; later deterministic retries are used only after a rank failure"
"four_drug",15,"sa_move_shared",28,169798624,"retry 0 is paired across unrestricted Hamming and position-L2; later deterministic retries are used only after a rank failure"
"four_drug",15,"sa_move_shared",29,169798625,"retry 0 is paired across unrestricted Hamming and position-L2; later deterministic retries are used only after a rank failure"
"four_drug",15,"sa_move_shared",30,169798747,"retry 0 is paired across unrestricted Hamming and position-L2; later deterministic retries are used only after a rank failure"
"four_drug",15,"sa_move_shared",31,169798748,"retry 0 is paired across unrestricted Hamming and position-L2; later deterministic retries are used only after a rank failure"
"four_drug",15,"sa_move_shared",32,169798749,"retry 0 is paired across unrestricted Hamming and position-L2; later deterministic retries are used only after a rank failure"
"four_drug",15,"sa_move_shared",33,169798750,"retry 0 is paired across unrestricted Hamming and position-L2; later deterministic retries are used only after a rank failure"
"four_drug",15,"sa_move_shared",34,169798751,"retry 0 is paired across unrestricted Hamming and position-L2; later deterministic retries are used only after a rank failure"
"four_drug",15,"sa_move_shared",35,169798752,"retry 0 is paired across unrestricted Hamming and position-L2; later deterministic retries are used only after a rank failure"
"four_drug",15,"sa_move_shared",36,169798753,"retry 0 is paired across unrestricted Hamming and position-L2; later deterministic retries are used only after a rank failure"
"four_drug",15,"sa_move_shared",37,169798754,"retry 0 is paired across unrestricted Hamming and position-L2; later deterministic retries are used only after a rank failure"
"four_drug",15,"sa_move_shared",38,169798755,"retry 0 is paired across unrestricted Hamming and position-L2; later deterministic retries are used only after a rank failure"
"four_drug",15,"sa_move_shared",39,169798756,"retry 0 is paired across unrestricted Hamming and position-L2; later deterministic retries are used only after a rank failure"
"four_drug",15,"sa_move_shared",40,169798878,"retry 0 is paired across unrestricted Hamming and position-L2; later deterministic retries are used only after a rank failure"
"four_drug",15,"sa_move_shared",41,169798879,"retry 0 is paired across unrestricted Hamming and position-L2; later deterministic retries are used only after a rank failure"
"four_drug",15,"sa_move_shared",42,169798880,"retry 0 is paired across unrestricted Hamming and position-L2; later deterministic retries are used only after a rank failure"
"four_drug",15,"sa_move_shared",43,169798881,"retry 0 is paired across unrestricted Hamming and position-L2; later deterministic retries are used only after a rank failure"
"four_drug",15,"sa_move_shared",44,169798882,"retry 0 is paired across unrestricted Hamming and position-L2; later deterministic retries are used only after a rank failure"
"four_drug",15,"sa_move_shared",45,169798883,"retry 0 is paired across unrestricted Hamming and position-L2; later deterministic retries are used only after a rank failure"
"four_drug",15,"sa_move_shared",46,169798884,"retry 0 is paired across unrestricted Hamming and position-L2; later deterministic retries are used only after a rank failure"
"four_drug",15,"sa_move_shared",47,169798885,"retry 0 is paired across unrestricted Hamming and position-L2; later deterministic retries are used only after a rank failure"
"four_drug",15,"sa_move_shared",48,169798886,"retry 0 is paired across unrestricted Hamming and position-L2; later deterministic retries are used only after a rank failure"
"four_drug",15,"sa_move_shared",49,169798887,"retry 0 is paired across unrestricted Hamming and position-L2; later deterministic retries are used only after a rank failure"
"four_drug",15,"sa_move_shared",50,169799009,"retry 0 is paired across unrestricted Hamming and position-L2; later deterministic retries are used only after a rank failure"
"four_drug",16,"initial_design_shared",0,1295241361,"shared by rank-conditioned SRS and the two unrestricted geometry searches in the paper subset; first full-rank draw is used"
"four_drug",16,"initial_design_shared",1,1295241362,"shared by rank-conditioned SRS and the two unrestricted geometry searches in the paper subset; first full-rank draw is used"
"four_drug",16,"initial_design_shared",2,1295241363,"shared by rank-conditioned SRS and the two unrestricted geometry searches in the paper subset; first full-rank draw is used"
"four_drug",16,"initial_design_shared",3,1295241364,"shared by rank-conditioned SRS and the two unrestricted geometry searches in the paper subset; first full-rank draw is used"
"four_drug",16,"initial_design_shared",4,1295241365,"shared by rank-conditioned SRS and the two unrestricted geometry searches in the paper subset; first full-rank draw is used"
"four_drug",16,"initial_design_shared",5,1295241366,"shared by rank-conditioned SRS and the two unrestricted geometry searches in the paper subset; first full-rank draw is used"
"four_drug",16,"initial_design_shared",6,1295241367,"shared by rank-conditioned SRS and the two unrestricted geometry searches in the paper subset; first full-rank draw is used"
"four_drug",16,"initial_design_shared",7,1295241368,"shared by rank-conditioned SRS and the two unrestricted geometry searches in the paper subset; first full-rank draw is used"
"four_drug",16,"initial_design_shared",8,1295241369,"shared by rank-conditioned SRS and the two unrestricted geometry searches in the paper subset; first full-rank draw is used"
"four_drug",16,"initial_design_shared",9,1295241370,"shared by rank-conditioned SRS and the two unrestricted geometry searches in the paper subset; first full-rank draw is used"
"four_drug",16,"initial_design_shared",10,25411649,"shared by rank-conditioned SRS and the two unrestricted geometry searches in the paper subset; first full-rank draw is used"
"four_drug",16,"initial_design_shared",11,25411650,"shared by rank-conditioned SRS and the two unrestricted geometry searches in the paper subset; first full-rank draw is used"
"four_drug",16,"initial_design_shared",12,25411651,"shared by rank-conditioned SRS and the two unrestricted geometry searches in the paper subset; first full-rank draw is used"
"four_drug",16,"initial_design_shared",13,25411652,"shared by rank-conditioned SRS and the two unrestricted geometry searches in the paper subset; first full-rank draw is used"
"four_drug",16,"initial_design_shared",14,25411653,"shared by rank-conditioned SRS and the two unrestricted geometry searches in the paper subset; first full-rank draw is used"
"four_drug",16,"initial_design_shared",15,25411654,"shared by rank-conditioned SRS and the two unrestricted geometry searches in the paper subset; first full-rank draw is used"
"four_drug",16,"initial_design_shared",16,25411655,"shared by rank-conditioned SRS and the two unrestricted geometry searches in the paper subset; first full-rank draw is used"
"four_drug",16,"initial_design_shared",17,25411656,"shared by rank-conditioned SRS and the two unrestricted geometry searches in the paper subset; first full-rank draw is used"
"four_drug",16,"initial_design_shared",18,25411657,"shared by rank-conditioned SRS and the two unrestricted geometry searches in the paper subset; first full-rank draw is used"
"four_drug",16,"initial_design_shared",19,25411658,"shared by rank-conditioned SRS and the two unrestricted geometry searches in the paper subset; first full-rank draw is used"
"four_drug",16,"initial_design_shared",20,25411780,"shared by rank-conditioned SRS and the two unrestricted geometry searches in the paper subset; first full-rank draw is used"
"four_drug",16,"initial_design_shared",21,25411781,"shared by rank-conditioned SRS and the two unrestricted geometry searches in the paper subset; first full-rank draw is used"
"four_drug",16,"initial_design_shared",22,25411782,"shared by rank-conditioned SRS and the two unrestricted geometry searches in the paper subset; first full-rank draw is used"
"four_drug",16,"initial_design_shared",23,25411783,"shared by rank-conditioned SRS and the two unrestricted geometry searches in the paper subset; first full-rank draw is used"
"four_drug",16,"initial_design_shared",24,25411784,"shared by rank-conditioned SRS and the two unrestricted geometry searches in the paper subset; first full-rank draw is used"
"four_drug",16,"initial_design_shared",25,25411785,"shared by rank-conditioned SRS and the two unrestricted geometry searches in the paper subset; first full-rank draw is used"
"four_drug",16,"initial_design_shared",26,25411786,"shared by rank-conditioned SRS and the two unrestricted geometry searches in the paper subset; first full-rank draw is used"
"four_drug",16,"initial_design_shared",27,25411787,"shared by rank-conditioned SRS and the two unrestricted geometry searches in the paper subset; first full-rank draw is used"
"four_drug",16,"initial_design_shared",28,25411788,"shared by rank-conditioned SRS and the two unrestricted geometry searches in the paper subset; first full-rank draw is used"
"four_drug",16,"initial_design_shared",29,25411789,"shared by rank-conditioned SRS and the two unrestricted geometry searches in the paper subset; first full-rank draw is used"
"four_drug",16,"initial_design_shared",30,25411911,"shared by rank-conditioned SRS and the two unrestricted geometry searches in the paper subset; first full-rank draw is used"
"four_drug",16,"initial_design_shared",31,25411912,"shared by rank-conditioned SRS and the two unrestricted geometry searches in the paper subset; first full-rank draw is used"
"four_drug",16,"initial_design_shared",32,25411913,"shared by rank-conditioned SRS and the two unrestricted geometry searches in the paper subset; first full-rank draw is used"
"four_drug",16,"initial_design_shared",33,25411914,"shared by rank-conditioned SRS and the two unrestricted geometry searches in the paper subset; first full-rank draw is used"
"four_drug",16,"initial_design_shared",34,25411915,"shared by rank-conditioned SRS and the two unrestricted geometry searches in the paper subset; first full-rank draw is used"
"four_drug",16,"initial_design_shared",35,25411916,"shared by rank-conditioned SRS and the two unrestricted geometry searches in the paper subset; first full-rank draw is used"
"four_drug",16,"initial_design_shared",36,25411917,"shared by rank-conditioned SRS and the two unrestricted geometry searches in the paper subset; first full-rank draw is used"
"four_drug",16,"initial_design_shared",37,25411918,"shared by rank-conditioned SRS and the two unrestricted geometry searches in the paper subset; first full-rank draw is used"
"four_drug",16,"initial_design_shared",38,25411919,"shared by rank-conditioned SRS and the two unrestricted geometry searches in the paper subset; first full-rank draw is used"
"four_drug",16,"initial_design_shared",39,25411920,"shared by rank-conditioned SRS and the two unrestricted geometry searches in the paper subset; first full-rank draw is used"
"four_drug",16,"initial_design_shared",40,25412042,"shared by rank-conditioned SRS and the two unrestricted geometry searches in the paper subset; first full-rank draw is used"
"four_drug",16,"initial_design_shared",41,25412043,"shared by rank-conditioned SRS and the two unrestricted geometry searches in the paper subset; first full-rank draw is used"
"four_drug",16,"initial_design_shared",42,25412044,"shared by rank-conditioned SRS and the two unrestricted geometry searches in the paper subset; first full-rank draw is used"
"four_drug",16,"initial_design_shared",43,25412045,"shared by rank-conditioned SRS and the two unrestricted geometry searches in the paper subset; first full-rank draw is used"
"four_drug",16,"initial_design_shared",44,25412046,"shared by rank-conditioned SRS and the two unrestricted geometry searches in the paper subset; first full-rank draw is used"
"four_drug",16,"initial_design_shared",45,25412047,"shared by rank-conditioned SRS and the two unrestricted geometry searches in the paper subset; first full-rank draw is used"
"four_drug",16,"initial_design_shared",46,25412048,"shared by rank-conditioned SRS and the two unrestricted geometry searches in the paper subset; first full-rank draw is used"
"four_drug",16,"initial_design_shared",47,25412049,"shared by rank-conditioned SRS and the two unrestricted geometry searches in the paper subset; first full-rank draw is used"
"four_drug",16,"initial_design_shared",48,25412050,"shared by rank-conditioned SRS and the two unrestricted geometry searches in the paper subset; first full-rank draw is used"
"four_drug",16,"initial_design_shared",49,25412051,"shared by rank-conditioned SRS and the two unrestricted geometry searches in the paper subset; first full-rank draw is used"
"four_drug",16,"initial_design_shared",50,25412173,"shared by rank-conditioned SRS and the two unrestricted geometry searches in the paper subset; first full-rank draw is used"
"four_drug",16,"sa_move_shared",0,1341136899,"retry 0 is paired across unrestricted Hamming and position-L2; later deterministic retries are used only after a rank failure"
"four_drug",16,"sa_move_shared",1,1341136900,"retry 0 is paired across unrestricted Hamming and position-L2; later deterministic retries are used only after a rank failure"
"four_drug",16,"sa_move_shared",2,1341136901,"retry 0 is paired across unrestricted Hamming and position-L2; later deterministic retries are used only after a rank failure"
"four_drug",16,"sa_move_shared",3,1341136902,"retry 0 is paired across unrestricted Hamming and position-L2; later deterministic retries are used only after a rank failure"
"four_drug",16,"sa_move_shared",4,1341136903,"retry 0 is paired across unrestricted Hamming and position-L2; later deterministic retries are used only after a rank failure"
"four_drug",16,"sa_move_shared",5,1341136904,"retry 0 is paired across unrestricted Hamming and position-L2; later deterministic retries are used only after a rank failure"
"four_drug",16,"sa_move_shared",6,1341136905,"retry 0 is paired across unrestricted Hamming and position-L2; later deterministic retries are used only after a rank failure"
"four_drug",16,"sa_move_shared",7,1341136906,"retry 0 is paired across unrestricted Hamming and position-L2; later deterministic retries are used only after a rank failure"
"four_drug",16,"sa_move_shared",8,1341136907,"retry 0 is paired across unrestricted Hamming and position-L2; later deterministic retries are used only after a rank failure"
"four_drug",16,"sa_move_shared",9,1341136908,"retry 0 is paired across unrestricted Hamming and position-L2; later deterministic retries are used only after a rank failure"
"four_drug",16,"sa_move_shared",10,1742759869,"retry 0 is paired across unrestricted Hamming and position-L2; later deterministic retries are used only after a rank failure"
"four_drug",16,"sa_move_shared",11,1742759870,"retry 0 is paired across unrestricted Hamming and position-L2; later deterministic retries are used only after a rank failure"
"four_drug",16,"sa_move_shared",12,1742759871,"retry 0 is paired across unrestricted Hamming and position-L2; later deterministic retries are used only after a rank failure"
"four_drug",16,"sa_move_shared",13,1742759872,"retry 0 is paired across unrestricted Hamming and position-L2; later deterministic retries are used only after a rank failure"
"four_drug",16,"sa_move_shared",14,1742759873,"retry 0 is paired across unrestricted Hamming and position-L2; later deterministic retries are used only after a rank failure"
"four_drug",16,"sa_move_shared",15,1742759874,"retry 0 is paired across unrestricted Hamming and position-L2; later deterministic retries are used only after a rank failure"
"four_drug",16,"sa_move_shared",16,1742759875,"retry 0 is paired across unrestricted Hamming and position-L2; later deterministic retries are used only after a rank failure"
"four_drug",16,"sa_move_shared",17,1742759876,"retry 0 is paired across unrestricted Hamming and position-L2; later deterministic retries are used only after a rank failure"
"four_drug",16,"sa_move_shared",18,1742759877,"retry 0 is paired across unrestricted Hamming and position-L2; later deterministic retries are used only after a rank failure"
"four_drug",16,"sa_move_shared",19,1742759878,"retry 0 is paired across unrestricted Hamming and position-L2; later deterministic retries are used only after a rank failure"
"four_drug",16,"sa_move_shared",20,1742760000,"retry 0 is paired across unrestricted Hamming and position-L2; later deterministic retries are used only after a rank failure"
"four_drug",16,"sa_move_shared",21,1742760001,"retry 0 is paired across unrestricted Hamming and position-L2; later deterministic retries are used only after a rank failure"
"four_drug",16,"sa_move_shared",22,1742760002,"retry 0 is paired across unrestricted Hamming and position-L2; later deterministic retries are used only after a rank failure"
"four_drug",16,"sa_move_shared",23,1742760003,"retry 0 is paired across unrestricted Hamming and position-L2; later deterministic retries are used only after a rank failure"
"four_drug",16,"sa_move_shared",24,1742760004,"retry 0 is paired across unrestricted Hamming and position-L2; later deterministic retries are used only after a rank failure"
"four_drug",16,"sa_move_shared",25,1742760005,"retry 0 is paired across unrestricted Hamming and position-L2; later deterministic retries are used only after a rank failure"
"four_drug",16,"sa_move_shared",26,1742760006,"retry 0 is paired across unrestricted Hamming and position-L2; later deterministic retries are used only after a rank failure"
"four_drug",16,"sa_move_shared",27,1742760007,"retry 0 is paired across unrestricted Hamming and position-L2; later deterministic retries are used only after a rank failure"
"four_drug",16,"sa_move_shared",28,1742760008,"retry 0 is paired across unrestricted Hamming and position-L2; later deterministic retries are used only after a rank failure"
"four_drug",16,"sa_move_shared",29,1742760009,"retry 0 is paired across unrestricted Hamming and position-L2; later deterministic retries are used only after a rank failure"
"four_drug",16,"sa_move_shared",30,1742760131,"retry 0 is paired across unrestricted Hamming and position-L2; later deterministic retries are used only after a rank failure"
"four_drug",16,"sa_move_shared",31,1742760132,"retry 0 is paired across unrestricted Hamming and position-L2; later deterministic retries are used only after a rank failure"
"four_drug",16,"sa_move_shared",32,1742760133,"retry 0 is paired across unrestricted Hamming and position-L2; later deterministic retries are used only after a rank failure"
"four_drug",16,"sa_move_shared",33,1742760134,"retry 0 is paired across unrestricted Hamming and position-L2; later deterministic retries are used only after a rank failure"
"four_drug",16,"sa_move_shared",34,1742760135,"retry 0 is paired across unrestricted Hamming and position-L2; later deterministic retries are used only after a rank failure"
"four_drug",16,"sa_move_shared",35,1742760136,"retry 0 is paired across unrestricted Hamming and position-L2; later deterministic retries are used only after a rank failure"
"four_drug",16,"sa_move_shared",36,1742760137,"retry 0 is paired across unrestricted Hamming and position-L2; later deterministic retries are used only after a rank failure"
"four_drug",16,"sa_move_shared",37,1742760138,"retry 0 is paired across unrestricted Hamming and position-L2; later deterministic retries are used only after a rank failure"
"four_drug",16,"sa_move_shared",38,1742760139,"retry 0 is paired across unrestricted Hamming and position-L2; later deterministic retries are used only after a rank failure"
"four_drug",16,"sa_move_shared",39,1742760140,"retry 0 is paired across unrestricted Hamming and position-L2; later deterministic retries are used only after a rank failure"
"four_drug",16,"sa_move_shared",40,1742760262,"retry 0 is paired across unrestricted Hamming and position-L2; later deterministic retries are used only after a rank failure"
"four_drug",16,"sa_move_shared",41,1742760263,"retry 0 is paired across unrestricted Hamming and position-L2; later deterministic retries are used only after a rank failure"
"four_drug",16,"sa_move_shared",42,1742760264,"retry 0 is paired across unrestricted Hamming and position-L2; later deterministic retries are used only after a rank failure"
"four_drug",16,"sa_move_shared",43,1742760265,"retry 0 is paired across unrestricted Hamming and position-L2; later deterministic retries are used only after a rank failure"
"four_drug",16,"sa_move_shared",44,1742760266,"retry 0 is paired across unrestricted Hamming and position-L2; later deterministic retries are used only after a rank failure"
"four_drug",16,"sa_move_shared",45,1742760267,"retry 0 is paired across unrestricted Hamming and position-L2; later deterministic retries are used only after a rank failure"
"four_drug",16,"sa_move_shared",46,1742760268,"retry 0 is paired across unrestricted Hamming and position-L2; later deterministic retries are used only after a rank failure"
"four_drug",16,"sa_move_shared",47,1742760269,"retry 0 is paired across unrestricted Hamming and position-L2; later deterministic retries are used only after a rank failure"
"four_drug",16,"sa_move_shared",48,1742760270,"retry 0 is paired across unrestricted Hamming and position-L2; later deterministic retries are used only after a rank failure"
"four_drug",16,"sa_move_shared",49,1742760271,"retry 0 is paired across unrestricted Hamming and position-L2; later deterministic retries are used only after a rank failure"
"four_drug",16,"sa_move_shared",50,1742760393,"retry 0 is paired across unrestricted Hamming and position-L2; later deterministic retries are used only after a rank failure"
"four_drug",17,"initial_design_shared",0,520537914,"shared by rank-conditioned SRS and the two unrestricted geometry searches in the paper subset; first full-rank draw is used"
"four_drug",17,"initial_design_shared",1,520537915,"shared by rank-conditioned SRS and the two unrestricted geometry searches in the paper subset; first full-rank draw is used"
"four_drug",17,"initial_design_shared",2,520537916,"shared by rank-conditioned SRS and the two unrestricted geometry searches in the paper subset; first full-rank draw is used"
"four_drug",17,"initial_design_shared",3,520537917,"shared by rank-conditioned SRS and the two unrestricted geometry searches in the paper subset; first full-rank draw is used"
"four_drug",17,"initial_design_shared",4,520537918,"shared by rank-conditioned SRS and the two unrestricted geometry searches in the paper subset; first full-rank draw is used"
"four_drug",17,"initial_design_shared",5,520537919,"shared by rank-conditioned SRS and the two unrestricted geometry searches in the paper subset; first full-rank draw is used"
"four_drug",17,"initial_design_shared",6,520537920,"shared by rank-conditioned SRS and the two unrestricted geometry searches in the paper subset; first full-rank draw is used"
"four_drug",17,"initial_design_shared",7,520537921,"shared by rank-conditioned SRS and the two unrestricted geometry searches in the paper subset; first full-rank draw is used"
"four_drug",17,"initial_design_shared",8,520537922,"shared by rank-conditioned SRS and the two unrestricted geometry searches in the paper subset; first full-rank draw is used"
"four_drug",17,"initial_design_shared",9,520537923,"shared by rank-conditioned SRS and the two unrestricted geometry searches in the paper subset; first full-rank draw is used"
"four_drug",17,"initial_design_shared",10,1618474284,"shared by rank-conditioned SRS and the two unrestricted geometry searches in the paper subset; first full-rank draw is used"
"four_drug",17,"initial_design_shared",11,1618474285,"shared by rank-conditioned SRS and the two unrestricted geometry searches in the paper subset; first full-rank draw is used"
"four_drug",17,"initial_design_shared",12,1618474286,"shared by rank-conditioned SRS and the two unrestricted geometry searches in the paper subset; first full-rank draw is used"
"four_drug",17,"initial_design_shared",13,1618474287,"shared by rank-conditioned SRS and the two unrestricted geometry searches in the paper subset; first full-rank draw is used"
"four_drug",17,"initial_design_shared",14,1618474288,"shared by rank-conditioned SRS and the two unrestricted geometry searches in the paper subset; first full-rank draw is used"
"four_drug",17,"initial_design_shared",15,1618474289,"shared by rank-conditioned SRS and the two unrestricted geometry searches in the paper subset; first full-rank draw is used"
"four_drug",17,"initial_design_shared",16,1618474290,"shared by rank-conditioned SRS and the two unrestricted geometry searches in the paper subset; first full-rank draw is used"
"four_drug",17,"initial_design_shared",17,1618474291,"shared by rank-conditioned SRS and the two unrestricted geometry searches in the paper subset; first full-rank draw is used"
"four_drug",17,"initial_design_shared",18,1618474292,"shared by rank-conditioned SRS and the two unrestricted geometry searches in the paper subset; first full-rank draw is used"
"four_drug",17,"initial_design_shared",19,1618474293,"shared by rank-conditioned SRS and the two unrestricted geometry searches in the paper subset; first full-rank draw is used"
"four_drug",17,"initial_design_shared",20,1618474415,"shared by rank-conditioned SRS and the two unrestricted geometry searches in the paper subset; first full-rank draw is used"
"four_drug",17,"initial_design_shared",21,1618474416,"shared by rank-conditioned SRS and the two unrestricted geometry searches in the paper subset; first full-rank draw is used"
"four_drug",17,"initial_design_shared",22,1618474417,"shared by rank-conditioned SRS and the two unrestricted geometry searches in the paper subset; first full-rank draw is used"
"four_drug",17,"initial_design_shared",23,1618474418,"shared by rank-conditioned SRS and the two unrestricted geometry searches in the paper subset; first full-rank draw is used"
"four_drug",17,"initial_design_shared",24,1618474419,"shared by rank-conditioned SRS and the two unrestricted geometry searches in the paper subset; first full-rank draw is used"
"four_drug",17,"initial_design_shared",25,1618474420,"shared by rank-conditioned SRS and the two unrestricted geometry searches in the paper subset; first full-rank draw is used"
"four_drug",17,"initial_design_shared",26,1618474421,"shared by rank-conditioned SRS and the two unrestricted geometry searches in the paper subset; first full-rank draw is used"
"four_drug",17,"initial_design_shared",27,1618474422,"shared by rank-conditioned SRS and the two unrestricted geometry searches in the paper subset; first full-rank draw is used"
"four_drug",17,"initial_design_shared",28,1618474423,"shared by rank-conditioned SRS and the two unrestricted geometry searches in the paper subset; first full-rank draw is used"
"four_drug",17,"initial_design_shared",29,1618474424,"shared by rank-conditioned SRS and the two unrestricted geometry searches in the paper subset; first full-rank draw is used"
"four_drug",17,"initial_design_shared",30,1618474546,"shared by rank-conditioned SRS and the two unrestricted geometry searches in the paper subset; first full-rank draw is used"
"four_drug",17,"initial_design_shared",31,1618474547,"shared by rank-conditioned SRS and the two unrestricted geometry searches in the paper subset; first full-rank draw is used"
"four_drug",17,"initial_design_shared",32,1618474548,"shared by rank-conditioned SRS and the two unrestricted geometry searches in the paper subset; first full-rank draw is used"
"four_drug",17,"initial_design_shared",33,1618474549,"shared by rank-conditioned SRS and the two unrestricted geometry searches in the paper subset; first full-rank draw is used"
"four_drug",17,"initial_design_shared",34,1618474550,"shared by rank-conditioned SRS and the two unrestricted geometry searches in the paper subset; first full-rank draw is used"
"four_drug",17,"initial_design_shared",35,1618474551,"shared by rank-conditioned SRS and the two unrestricted geometry searches in the paper subset; first full-rank draw is used"
"four_drug",17,"initial_design_shared",36,1618474552,"shared by rank-conditioned SRS and the two unrestricted geometry searches in the paper subset; first full-rank draw is used"
"four_drug",17,"initial_design_shared",37,1618474553,"shared by rank-conditioned SRS and the two unrestricted geometry searches in the paper subset; first full-rank draw is used"
"four_drug",17,"initial_design_shared",38,1618474554,"shared by rank-conditioned SRS and the two unrestricted geometry searches in the paper subset; first full-rank draw is used"
"four_drug",17,"initial_design_shared",39,1618474555,"shared by rank-conditioned SRS and the two unrestricted geometry searches in the paper subset; first full-rank draw is used"
"four_drug",17,"initial_design_shared",40,1618474677,"shared by rank-conditioned SRS and the two unrestricted geometry searches in the paper subset; first full-rank draw is used"
"four_drug",17,"initial_design_shared",41,1618474678,"shared by rank-conditioned SRS and the two unrestricted geometry searches in the paper subset; first full-rank draw is used"
"four_drug",17,"initial_design_shared",42,1618474679,"shared by rank-conditioned SRS and the two unrestricted geometry searches in the paper subset; first full-rank draw is used"
"four_drug",17,"initial_design_shared",43,1618474680,"shared by rank-conditioned SRS and the two unrestricted geometry searches in the paper subset; first full-rank draw is used"
"four_drug",17,"initial_design_shared",44,1618474681,"shared by rank-conditioned SRS and the two unrestricted geometry searches in the paper subset; first full-rank draw is used"
"four_drug",17,"initial_design_shared",45,1618474682,"shared by rank-conditioned SRS and the two unrestricted geometry searches in the paper subset; first full-rank draw is used"
"four_drug",17,"initial_design_shared",46,1618474683,"shared by rank-conditioned SRS and the two unrestricted geometry searches in the paper subset; first full-rank draw is used"
"four_drug",17,"initial_design_shared",47,1618474684,"shared by rank-conditioned SRS and the two unrestricted geometry searches in the paper subset; first full-rank draw is used"
"four_drug",17,"initial_design_shared",48,1618474685,"shared by rank-conditioned SRS and the two unrestricted geometry searches in the paper subset; first full-rank draw is used"
"four_drug",17,"initial_design_shared",49,1618474686,"shared by rank-conditioned SRS and the two unrestricted geometry searches in the paper subset; first full-rank draw is used"
"four_drug",17,"initial_design_shared",50,1618474808,"shared by rank-conditioned SRS and the two unrestricted geometry searches in the paper subset; first full-rank draw is used"
"four_drug",17,"sa_move_shared",0,1254786209,"retry 0 is paired across unrestricted Hamming and position-L2; later deterministic retries are used only after a rank failure"
"four_drug",17,"sa_move_shared",1,1254786210,"retry 0 is paired across unrestricted Hamming and position-L2; later deterministic retries are used only after a rank failure"
"four_drug",17,"sa_move_shared",2,1254786211,"retry 0 is paired across unrestricted Hamming and position-L2; later deterministic retries are used only after a rank failure"
"four_drug",17,"sa_move_shared",3,1254786212,"retry 0 is paired across unrestricted Hamming and position-L2; later deterministic retries are used only after a rank failure"
"four_drug",17,"sa_move_shared",4,1254786213,"retry 0 is paired across unrestricted Hamming and position-L2; later deterministic retries are used only after a rank failure"
"four_drug",17,"sa_move_shared",5,1254786214,"retry 0 is paired across unrestricted Hamming and position-L2; later deterministic retries are used only after a rank failure"
"four_drug",17,"sa_move_shared",6,1254786215,"retry 0 is paired across unrestricted Hamming and position-L2; later deterministic retries are used only after a rank failure"
"four_drug",17,"sa_move_shared",7,1254786216,"retry 0 is paired across unrestricted Hamming and position-L2; later deterministic retries are used only after a rank failure"
"four_drug",17,"sa_move_shared",8,1254786217,"retry 0 is paired across unrestricted Hamming and position-L2; later deterministic retries are used only after a rank failure"
"four_drug",17,"sa_move_shared",9,1254786218,"retry 0 is paired across unrestricted Hamming and position-L2; later deterministic retries are used only after a rank failure"
"four_drug",17,"sa_move_shared",10,1168237624,"retry 0 is paired across unrestricted Hamming and position-L2; later deterministic retries are used only after a rank failure"
"four_drug",17,"sa_move_shared",11,1168237625,"retry 0 is paired across unrestricted Hamming and position-L2; later deterministic retries are used only after a rank failure"
"four_drug",17,"sa_move_shared",12,1168237626,"retry 0 is paired across unrestricted Hamming and position-L2; later deterministic retries are used only after a rank failure"
"four_drug",17,"sa_move_shared",13,1168237627,"retry 0 is paired across unrestricted Hamming and position-L2; later deterministic retries are used only after a rank failure"
"four_drug",17,"sa_move_shared",14,1168237628,"retry 0 is paired across unrestricted Hamming and position-L2; later deterministic retries are used only after a rank failure"
"four_drug",17,"sa_move_shared",15,1168237629,"retry 0 is paired across unrestricted Hamming and position-L2; later deterministic retries are used only after a rank failure"
"four_drug",17,"sa_move_shared",16,1168237630,"retry 0 is paired across unrestricted Hamming and position-L2; later deterministic retries are used only after a rank failure"
"four_drug",17,"sa_move_shared",17,1168237631,"retry 0 is paired across unrestricted Hamming and position-L2; later deterministic retries are used only after a rank failure"
"four_drug",17,"sa_move_shared",18,1168237632,"retry 0 is paired across unrestricted Hamming and position-L2; later deterministic retries are used only after a rank failure"
"four_drug",17,"sa_move_shared",19,1168237633,"retry 0 is paired across unrestricted Hamming and position-L2; later deterministic retries are used only after a rank failure"
"four_drug",17,"sa_move_shared",20,1168237755,"retry 0 is paired across unrestricted Hamming and position-L2; later deterministic retries are used only after a rank failure"
"four_drug",17,"sa_move_shared",21,1168237756,"retry 0 is paired across unrestricted Hamming and position-L2; later deterministic retries are used only after a rank failure"
"four_drug",17,"sa_move_shared",22,1168237757,"retry 0 is paired across unrestricted Hamming and position-L2; later deterministic retries are used only after a rank failure"
"four_drug",17,"sa_move_shared",23,1168237758,"retry 0 is paired across unrestricted Hamming and position-L2; later deterministic retries are used only after a rank failure"
"four_drug",17,"sa_move_shared",24,1168237759,"retry 0 is paired across unrestricted Hamming and position-L2; later deterministic retries are used only after a rank failure"
"four_drug",17,"sa_move_shared",25,1168237760,"retry 0 is paired across unrestricted Hamming and position-L2; later deterministic retries are used only after a rank failure"
"four_drug",17,"sa_move_shared",26,1168237761,"retry 0 is paired across unrestricted Hamming and position-L2; later deterministic retries are used only after a rank failure"
"four_drug",17,"sa_move_shared",27,1168237762,"retry 0 is paired across unrestricted Hamming and position-L2; later deterministic retries are used only after a rank failure"
"four_drug",17,"sa_move_shared",28,1168237763,"retry 0 is paired across unrestricted Hamming and position-L2; later deterministic retries are used only after a rank failure"
"four_drug",17,"sa_move_shared",29,1168237764,"retry 0 is paired across unrestricted Hamming and position-L2; later deterministic retries are used only after a rank failure"
"four_drug",17,"sa_move_shared",30,1168237886,"retry 0 is paired across unrestricted Hamming and position-L2; later deterministic retries are used only after a rank failure"
"four_drug",17,"sa_move_shared",31,1168237887,"retry 0 is paired across unrestricted Hamming and position-L2; later deterministic retries are used only after a rank failure"
"four_drug",17,"sa_move_shared",32,1168237888,"retry 0 is paired across unrestricted Hamming and position-L2; later deterministic retries are used only after a rank failure"
"four_drug",17,"sa_move_shared",33,1168237889,"retry 0 is paired across unrestricted Hamming and position-L2; later deterministic retries are used only after a rank failure"
"four_drug",17,"sa_move_shared",34,1168237890,"retry 0 is paired across unrestricted Hamming and position-L2; later deterministic retries are used only after a rank failure"
"four_drug",17,"sa_move_shared",35,1168237891,"retry 0 is paired across unrestricted Hamming and position-L2; later deterministic retries are used only after a rank failure"
"four_drug",17,"sa_move_shared",36,1168237892,"retry 0 is paired across unrestricted Hamming and position-L2; later deterministic retries are used only after a rank failure"
"four_drug",17,"sa_move_shared",37,1168237893,"retry 0 is paired across unrestricted Hamming and position-L2; later deterministic retries are used only after a rank failure"
"four_drug",17,"sa_move_shared",38,1168237894,"retry 0 is paired across unrestricted Hamming and position-L2; later deterministic retries are used only after a rank failure"
"four_drug",17,"sa_move_shared",39,1168237895,"retry 0 is paired across unrestricted Hamming and position-L2; later deterministic retries are used only after a rank failure"
"four_drug",17,"sa_move_shared",40,1168238017,"retry 0 is paired across unrestricted Hamming and position-L2; later deterministic retries are used only after a rank failure"
"four_drug",17,"sa_move_shared",41,1168238018,"retry 0 is paired across unrestricted Hamming and position-L2; later deterministic retries are used only after a rank failure"
"four_drug",17,"sa_move_shared",42,1168238019,"retry 0 is paired across unrestricted Hamming and position-L2; later deterministic retries are used only after a rank failure"
"four_drug",17,"sa_move_shared",43,1168238020,"retry 0 is paired across unrestricted Hamming and position-L2; later deterministic retries are used only after a rank failure"
"four_drug",17,"sa_move_shared",44,1168238021,"retry 0 is paired across unrestricted Hamming and position-L2; later deterministic retries are used only after a rank failure"
"four_drug",17,"sa_move_shared",45,1168238022,"retry 0 is paired across unrestricted Hamming and position-L2; later deterministic retries are used only after a rank failure"
"four_drug",17,"sa_move_shared",46,1168238023,"retry 0 is paired across unrestricted Hamming and position-L2; later deterministic retries are used only after a rank failure"
"four_drug",17,"sa_move_shared",47,1168238024,"retry 0 is paired across unrestricted Hamming and position-L2; later deterministic retries are used only after a rank failure"
"four_drug",17,"sa_move_shared",48,1168238025,"retry 0 is paired across unrestricted Hamming and position-L2; later deterministic retries are used only after a rank failure"
"four_drug",17,"sa_move_shared",49,1168238026,"retry 0 is paired across unrestricted Hamming and position-L2; later deterministic retries are used only after a rank failure"
"four_drug",17,"sa_move_shared",50,1168238148,"retry 0 is paired across unrestricted Hamming and position-L2; later deterministic retries are used only after a rank failure"
"four_drug",18,"initial_design_shared",0,1893318096,"shared by rank-conditioned SRS and the two unrestricted geometry searches in the paper subset; first full-rank draw is used"
"four_drug",18,"initial_design_shared",1,1893318097,"shared by rank-conditioned SRS and the two unrestricted geometry searches in the paper subset; first full-rank draw is used"
"four_drug",18,"initial_design_shared",2,1893318098,"shared by rank-conditioned SRS and the two unrestricted geometry searches in the paper subset; first full-rank draw is used"
"four_drug",18,"initial_design_shared",3,1893318099,"shared by rank-conditioned SRS and the two unrestricted geometry searches in the paper subset; first full-rank draw is used"
"four_drug",18,"initial_design_shared",4,1893318100,"shared by rank-conditioned SRS and the two unrestricted geometry searches in the paper subset; first full-rank draw is used"
"four_drug",18,"initial_design_shared",5,1893318101,"shared by rank-conditioned SRS and the two unrestricted geometry searches in the paper subset; first full-rank draw is used"
"four_drug",18,"initial_design_shared",6,1893318102,"shared by rank-conditioned SRS and the two unrestricted geometry searches in the paper subset; first full-rank draw is used"
"four_drug",18,"initial_design_shared",7,1893318103,"shared by rank-conditioned SRS and the two unrestricted geometry searches in the paper subset; first full-rank draw is used"
"four_drug",18,"initial_design_shared",8,1893318104,"shared by rank-conditioned SRS and the two unrestricted geometry searches in the paper subset; first full-rank draw is used"
"four_drug",18,"initial_design_shared",9,1893318105,"shared by rank-conditioned SRS and the two unrestricted geometry searches in the paper subset; first full-rank draw is used"
"four_drug",18,"initial_design_shared",10,1064053290,"shared by rank-conditioned SRS and the two unrestricted geometry searches in the paper subset; first full-rank draw is used"
"four_drug",18,"initial_design_shared",11,1064053291,"shared by rank-conditioned SRS and the two unrestricted geometry searches in the paper subset; first full-rank draw is used"
"four_drug",18,"initial_design_shared",12,1064053292,"shared by rank-conditioned SRS and the two unrestricted geometry searches in the paper subset; first full-rank draw is used"
"four_drug",18,"initial_design_shared",13,1064053293,"shared by rank-conditioned SRS and the two unrestricted geometry searches in the paper subset; first full-rank draw is used"
"four_drug",18,"initial_design_shared",14,1064053294,"shared by rank-conditioned SRS and the two unrestricted geometry searches in the paper subset; first full-rank draw is used"
"four_drug",18,"initial_design_shared",15,1064053295,"shared by rank-conditioned SRS and the two unrestricted geometry searches in the paper subset; first full-rank draw is used"
"four_drug",18,"initial_design_shared",16,1064053296,"shared by rank-conditioned SRS and the two unrestricted geometry searches in the paper subset; first full-rank draw is used"
"four_drug",18,"initial_design_shared",17,1064053297,"shared by rank-conditioned SRS and the two unrestricted geometry searches in the paper subset; first full-rank draw is used"
"four_drug",18,"initial_design_shared",18,1064053298,"shared by rank-conditioned SRS and the two unrestricted geometry searches in the paper subset; first full-rank draw is used"
"four_drug",18,"initial_design_shared",19,1064053299,"shared by rank-conditioned SRS and the two unrestricted geometry searches in the paper subset; first full-rank draw is used"
"four_drug",18,"initial_design_shared",20,1064053421,"shared by rank-conditioned SRS and the two unrestricted geometry searches in the paper subset; first full-rank draw is used"
"four_drug",18,"initial_design_shared",21,1064053422,"shared by rank-conditioned SRS and the two unrestricted geometry searches in the paper subset; first full-rank draw is used"
"four_drug",18,"initial_design_shared",22,1064053423,"shared by rank-conditioned SRS and the two unrestricted geometry searches in the paper subset; first full-rank draw is used"
"four_drug",18,"initial_design_shared",23,1064053424,"shared by rank-conditioned SRS and the two unrestricted geometry searches in the paper subset; first full-rank draw is used"
"four_drug",18,"initial_design_shared",24,1064053425,"shared by rank-conditioned SRS and the two unrestricted geometry searches in the paper subset; first full-rank draw is used"
"four_drug",18,"initial_design_shared",25,1064053426,"shared by rank-conditioned SRS and the two unrestricted geometry searches in the paper subset; first full-rank draw is used"
"four_drug",18,"initial_design_shared",26,1064053427,"shared by rank-conditioned SRS and the two unrestricted geometry searches in the paper subset; first full-rank draw is used"
"four_drug",18,"initial_design_shared",27,1064053428,"shared by rank-conditioned SRS and the two unrestricted geometry searches in the paper subset; first full-rank draw is used"
"four_drug",18,"initial_design_shared",28,1064053429,"shared by rank-conditioned SRS and the two unrestricted geometry searches in the paper subset; first full-rank draw is used"
"four_drug",18,"initial_design_shared",29,1064053430,"shared by rank-conditioned SRS and the two unrestricted geometry searches in the paper subset; first full-rank draw is used"
"four_drug",18,"initial_design_shared",30,1064053552,"shared by rank-conditioned SRS and the two unrestricted geometry searches in the paper subset; first full-rank draw is used"
"four_drug",18,"initial_design_shared",31,1064053553,"shared by rank-conditioned SRS and the two unrestricted geometry searches in the paper subset; first full-rank draw is used"
"four_drug",18,"initial_design_shared",32,1064053554,"shared by rank-conditioned SRS and the two unrestricted geometry searches in the paper subset; first full-rank draw is used"
"four_drug",18,"initial_design_shared",33,1064053555,"shared by rank-conditioned SRS and the two unrestricted geometry searches in the paper subset; first full-rank draw is used"
"four_drug",18,"initial_design_shared",34,1064053556,"shared by rank-conditioned SRS and the two unrestricted geometry searches in the paper subset; first full-rank draw is used"
"four_drug",18,"initial_design_shared",35,1064053557,"shared by rank-conditioned SRS and the two unrestricted geometry searches in the paper subset; first full-rank draw is used"
"four_drug",18,"initial_design_shared",36,1064053558,"shared by rank-conditioned SRS and the two unrestricted geometry searches in the paper subset; first full-rank draw is used"
"four_drug",18,"initial_design_shared",37,1064053559,"shared by rank-conditioned SRS and the two unrestricted geometry searches in the paper subset; first full-rank draw is used"
"four_drug",18,"initial_design_shared",38,1064053560,"shared by rank-conditioned SRS and the two unrestricted geometry searches in the paper subset; first full-rank draw is used"
"four_drug",18,"initial_design_shared",39,1064053561,"shared by rank-conditioned SRS and the two unrestricted geometry searches in the paper subset; first full-rank draw is used"
"four_drug",18,"initial_design_shared",40,1064053683,"shared by rank-conditioned SRS and the two unrestricted geometry searches in the paper subset; first full-rank draw is used"
"four_drug",18,"initial_design_shared",41,1064053684,"shared by rank-conditioned SRS and the two unrestricted geometry searches in the paper subset; first full-rank draw is used"
"four_drug",18,"initial_design_shared",42,1064053685,"shared by rank-conditioned SRS and the two unrestricted geometry searches in the paper subset; first full-rank draw is used"
"four_drug",18,"initial_design_shared",43,1064053686,"shared by rank-conditioned SRS and the two unrestricted geometry searches in the paper subset; first full-rank draw is used"
"four_drug",18,"initial_design_shared",44,1064053687,"shared by rank-conditioned SRS and the two unrestricted geometry searches in the paper subset; first full-rank draw is used"
"four_drug",18,"initial_design_shared",45,1064053688,"shared by rank-conditioned SRS and the two unrestricted geometry searches in the paper subset; first full-rank draw is used"
"four_drug",18,"initial_design_shared",46,1064053689,"shared by rank-conditioned SRS and the two unrestricted geometry searches in the paper subset; first full-rank draw is used"
"four_drug",18,"initial_design_shared",47,1064053690,"shared by rank-conditioned SRS and the two unrestricted geometry searches in the paper subset; first full-rank draw is used"
"four_drug",18,"initial_design_shared",48,1064053691,"shared by rank-conditioned SRS and the two unrestricted geometry searches in the paper subset; first full-rank draw is used"
"four_drug",18,"initial_design_shared",49,1064053692,"shared by rank-conditioned SRS and the two unrestricted geometry searches in the paper subset; first full-rank draw is used"
"four_drug",18,"initial_design_shared",50,1064053814,"shared by rank-conditioned SRS and the two unrestricted geometry searches in the paper subset; first full-rank draw is used"
"four_drug",18,"sa_move_shared",0,1168435519,"retry 0 is paired across unrestricted Hamming and position-L2; later deterministic retries are used only after a rank failure"
"four_drug",18,"sa_move_shared",1,1168435520,"retry 0 is paired across unrestricted Hamming and position-L2; later deterministic retries are used only after a rank failure"
"four_drug",18,"sa_move_shared",2,1168435521,"retry 0 is paired across unrestricted Hamming and position-L2; later deterministic retries are used only after a rank failure"
"four_drug",18,"sa_move_shared",3,1168435522,"retry 0 is paired across unrestricted Hamming and position-L2; later deterministic retries are used only after a rank failure"
"four_drug",18,"sa_move_shared",4,1168435523,"retry 0 is paired across unrestricted Hamming and position-L2; later deterministic retries are used only after a rank failure"
"four_drug",18,"sa_move_shared",5,1168435524,"retry 0 is paired across unrestricted Hamming and position-L2; later deterministic retries are used only after a rank failure"
"four_drug",18,"sa_move_shared",6,1168435525,"retry 0 is paired across unrestricted Hamming and position-L2; later deterministic retries are used only after a rank failure"
"four_drug",18,"sa_move_shared",7,1168435526,"retry 0 is paired across unrestricted Hamming and position-L2; later deterministic retries are used only after a rank failure"
"four_drug",18,"sa_move_shared",8,1168435527,"retry 0 is paired across unrestricted Hamming and position-L2; later deterministic retries are used only after a rank failure"
"four_drug",18,"sa_move_shared",9,1168435528,"retry 0 is paired across unrestricted Hamming and position-L2; later deterministic retries are used only after a rank failure"
"four_drug",18,"sa_move_shared",10,593715379,"retry 0 is paired across unrestricted Hamming and position-L2; later deterministic retries are used only after a rank failure"
"four_drug",18,"sa_move_shared",11,593715380,"retry 0 is paired across unrestricted Hamming and position-L2; later deterministic retries are used only after a rank failure"
"four_drug",18,"sa_move_shared",12,593715381,"retry 0 is paired across unrestricted Hamming and position-L2; later deterministic retries are used only after a rank failure"
"four_drug",18,"sa_move_shared",13,593715382,"retry 0 is paired across unrestricted Hamming and position-L2; later deterministic retries are used only after a rank failure"
"four_drug",18,"sa_move_shared",14,593715383,"retry 0 is paired across unrestricted Hamming and position-L2; later deterministic retries are used only after a rank failure"
"four_drug",18,"sa_move_shared",15,593715384,"retry 0 is paired across unrestricted Hamming and position-L2; later deterministic retries are used only after a rank failure"
"four_drug",18,"sa_move_shared",16,593715385,"retry 0 is paired across unrestricted Hamming and position-L2; later deterministic retries are used only after a rank failure"
"four_drug",18,"sa_move_shared",17,593715386,"retry 0 is paired across unrestricted Hamming and position-L2; later deterministic retries are used only after a rank failure"
"four_drug",18,"sa_move_shared",18,593715387,"retry 0 is paired across unrestricted Hamming and position-L2; later deterministic retries are used only after a rank failure"
"four_drug",18,"sa_move_shared",19,593715388,"retry 0 is paired across unrestricted Hamming and position-L2; later deterministic retries are used only after a rank failure"
"four_drug",18,"sa_move_shared",20,593715510,"retry 0 is paired across unrestricted Hamming and position-L2; later deterministic retries are used only after a rank failure"
"four_drug",18,"sa_move_shared",21,593715511,"retry 0 is paired across unrestricted Hamming and position-L2; later deterministic retries are used only after a rank failure"
"four_drug",18,"sa_move_shared",22,593715512,"retry 0 is paired across unrestricted Hamming and position-L2; later deterministic retries are used only after a rank failure"
"four_drug",18,"sa_move_shared",23,593715513,"retry 0 is paired across unrestricted Hamming and position-L2; later deterministic retries are used only after a rank failure"
"four_drug",18,"sa_move_shared",24,593715514,"retry 0 is paired across unrestricted Hamming and position-L2; later deterministic retries are used only after a rank failure"
"four_drug",18,"sa_move_shared",25,593715515,"retry 0 is paired across unrestricted Hamming and position-L2; later deterministic retries are used only after a rank failure"
"four_drug",18,"sa_move_shared",26,593715516,"retry 0 is paired across unrestricted Hamming and position-L2; later deterministic retries are used only after a rank failure"
"four_drug",18,"sa_move_shared",27,593715517,"retry 0 is paired across unrestricted Hamming and position-L2; later deterministic retries are used only after a rank failure"
"four_drug",18,"sa_move_shared",28,593715518,"retry 0 is paired across unrestricted Hamming and position-L2; later deterministic retries are used only after a rank failure"
"four_drug",18,"sa_move_shared",29,593715519,"retry 0 is paired across unrestricted Hamming and position-L2; later deterministic retries are used only after a rank failure"
"four_drug",18,"sa_move_shared",30,593715641,"retry 0 is paired across unrestricted Hamming and position-L2; later deterministic retries are used only after a rank failure"
"four_drug",18,"sa_move_shared",31,593715642,"retry 0 is paired across unrestricted Hamming and position-L2; later deterministic retries are used only after a rank failure"
"four_drug",18,"sa_move_shared",32,593715643,"retry 0 is paired across unrestricted Hamming and position-L2; later deterministic retries are used only after a rank failure"
"four_drug",18,"sa_move_shared",33,593715644,"retry 0 is paired across unrestricted Hamming and position-L2; later deterministic retries are used only after a rank failure"
"four_drug",18,"sa_move_shared",34,593715645,"retry 0 is paired across unrestricted Hamming and position-L2; later deterministic retries are used only after a rank failure"
"four_drug",18,"sa_move_shared",35,593715646,"retry 0 is paired across unrestricted Hamming and position-L2; later deterministic retries are used only after a rank failure"
"four_drug",18,"sa_move_shared",36,593715647,"retry 0 is paired across unrestricted Hamming and position-L2; later deterministic retries are used only after a rank failure"
"four_drug",18,"sa_move_shared",37,593715648,"retry 0 is paired across unrestricted Hamming and position-L2; later deterministic retries are used only after a rank failure"
"four_drug",18,"sa_move_shared",38,593715649,"retry 0 is paired across unrestricted Hamming and position-L2; later deterministic retries are used only after a rank failure"
"four_drug",18,"sa_move_shared",39,593715650,"retry 0 is paired across unrestricted Hamming and position-L2; later deterministic retries are used only after a rank failure"
"four_drug",18,"sa_move_shared",40,593715772,"retry 0 is paired across unrestricted Hamming and position-L2; later deterministic retries are used only after a rank failure"
"four_drug",18,"sa_move_shared",41,593715773,"retry 0 is paired across unrestricted Hamming and position-L2; later deterministic retries are used only after a rank failure"
"four_drug",18,"sa_move_shared",42,593715774,"retry 0 is paired across unrestricted Hamming and position-L2; later deterministic retries are used only after a rank failure"
"four_drug",18,"sa_move_shared",43,593715775,"retry 0 is paired across unrestricted Hamming and position-L2; later deterministic retries are used only after a rank failure"
"four_drug",18,"sa_move_shared",44,593715776,"retry 0 is paired across unrestricted Hamming and position-L2; later deterministic retries are used only after a rank failure"
"four_drug",18,"sa_move_shared",45,593715777,"retry 0 is paired across unrestricted Hamming and position-L2; later deterministic retries are used only after a rank failure"
"four_drug",18,"sa_move_shared",46,593715778,"retry 0 is paired across unrestricted Hamming and position-L2; later deterministic retries are used only after a rank failure"
"four_drug",18,"sa_move_shared",47,593715779,"retry 0 is paired across unrestricted Hamming and position-L2; later deterministic retries are used only after a rank failure"
"four_drug",18,"sa_move_shared",48,593715780,"retry 0 is paired across unrestricted Hamming and position-L2; later deterministic retries are used only after a rank failure"
"four_drug",18,"sa_move_shared",49,593715781,"retry 0 is paired across unrestricted Hamming and position-L2; later deterministic retries are used only after a rank failure"
"four_drug",18,"sa_move_shared",50,593715903,"retry 0 is paired across unrestricted Hamming and position-L2; later deterministic retries are used only after a rank failure"
"four_drug",19,"initial_design_shared",0,1118614649,"shared by rank-conditioned SRS and the two unrestricted geometry searches in the paper subset; first full-rank draw is used"
"four_drug",19,"initial_design_shared",1,1118614650,"shared by rank-conditioned SRS and the two unrestricted geometry searches in the paper subset; first full-rank draw is used"
"four_drug",19,"initial_design_shared",2,1118614651,"shared by rank-conditioned SRS and the two unrestricted geometry searches in the paper subset; first full-rank draw is used"
"four_drug",19,"initial_design_shared",3,1118614652,"shared by rank-conditioned SRS and the two unrestricted geometry searches in the paper subset; first full-rank draw is used"
"four_drug",19,"initial_design_shared",4,1118614653,"shared by rank-conditioned SRS and the two unrestricted geometry searches in the paper subset; first full-rank draw is used"
"four_drug",19,"initial_design_shared",5,1118614654,"shared by rank-conditioned SRS and the two unrestricted geometry searches in the paper subset; first full-rank draw is used"
"four_drug",19,"initial_design_shared",6,1118614655,"shared by rank-conditioned SRS and the two unrestricted geometry searches in the paper subset; first full-rank draw is used"
"four_drug",19,"initial_design_shared",7,1118614656,"shared by rank-conditioned SRS and the two unrestricted geometry searches in the paper subset; first full-rank draw is used"
"four_drug",19,"initial_design_shared",8,1118614657,"shared by rank-conditioned SRS and the two unrestricted geometry searches in the paper subset; first full-rank draw is used"
"four_drug",19,"initial_design_shared",9,1118614658,"shared by rank-conditioned SRS and the two unrestricted geometry searches in the paper subset; first full-rank draw is used"
"four_drug",19,"initial_design_shared",10,509632296,"shared by rank-conditioned SRS and the two unrestricted geometry searches in the paper subset; first full-rank draw is used"
"four_drug",19,"initial_design_shared",11,509632297,"shared by rank-conditioned SRS and the two unrestricted geometry searches in the paper subset; first full-rank draw is used"
"four_drug",19,"initial_design_shared",12,509632298,"shared by rank-conditioned SRS and the two unrestricted geometry searches in the paper subset; first full-rank draw is used"
"four_drug",19,"initial_design_shared",13,509632299,"shared by rank-conditioned SRS and the two unrestricted geometry searches in the paper subset; first full-rank draw is used"
"four_drug",19,"initial_design_shared",14,509632300,"shared by rank-conditioned SRS and the two unrestricted geometry searches in the paper subset; first full-rank draw is used"
"four_drug",19,"initial_design_shared",15,509632301,"shared by rank-conditioned SRS and the two unrestricted geometry searches in the paper subset; first full-rank draw is used"
"four_drug",19,"initial_design_shared",16,509632302,"shared by rank-conditioned SRS and the two unrestricted geometry searches in the paper subset; first full-rank draw is used"
"four_drug",19,"initial_design_shared",17,509632303,"shared by rank-conditioned SRS and the two unrestricted geometry searches in the paper subset; first full-rank draw is used"
"four_drug",19,"initial_design_shared",18,509632304,"shared by rank-conditioned SRS and the two unrestricted geometry searches in the paper subset; first full-rank draw is used"
"four_drug",19,"initial_design_shared",19,509632305,"shared by rank-conditioned SRS and the two unrestricted geometry searches in the paper subset; first full-rank draw is used"
"four_drug",19,"initial_design_shared",20,509632427,"shared by rank-conditioned SRS and the two unrestricted geometry searches in the paper subset; first full-rank draw is used"
"four_drug",19,"initial_design_shared",21,509632428,"shared by rank-conditioned SRS and the two unrestricted geometry searches in the paper subset; first full-rank draw is used"
"four_drug",19,"initial_design_shared",22,509632429,"shared by rank-conditioned SRS and the two unrestricted geometry searches in the paper subset; first full-rank draw is used"
"four_drug",19,"initial_design_shared",23,509632430,"shared by rank-conditioned SRS and the two unrestricted geometry searches in the paper subset; first full-rank draw is used"
"four_drug",19,"initial_design_shared",24,509632431,"shared by rank-conditioned SRS and the two unrestricted geometry searches in the paper subset; first full-rank draw is used"
"four_drug",19,"initial_design_shared",25,509632432,"shared by rank-conditioned SRS and the two unrestricted geometry searches in the paper subset; first full-rank draw is used"
"four_drug",19,"initial_design_shared",26,509632433,"shared by rank-conditioned SRS and the two unrestricted geometry searches in the paper subset; first full-rank draw is used"
"four_drug",19,"initial_design_shared",27,509632434,"shared by rank-conditioned SRS and the two unrestricted geometry searches in the paper subset; first full-rank draw is used"
"four_drug",19,"initial_design_shared",28,509632435,"shared by rank-conditioned SRS and the two unrestricted geometry searches in the paper subset; first full-rank draw is used"
"four_drug",19,"initial_design_shared",29,509632436,"shared by rank-conditioned SRS and the two unrestricted geometry searches in the paper subset; first full-rank draw is used"
"four_drug",19,"initial_design_shared",30,509632558,"shared by rank-conditioned SRS and the two unrestricted geometry searches in the paper subset; first full-rank draw is used"
"four_drug",19,"initial_design_shared",31,509632559,"shared by rank-conditioned SRS and the two unrestricted geometry searches in the paper subset; first full-rank draw is used"
"four_drug",19,"initial_design_shared",32,509632560,"shared by rank-conditioned SRS and the two unrestricted geometry searches in the paper subset; first full-rank draw is used"
"four_drug",19,"initial_design_shared",33,509632561,"shared by rank-conditioned SRS and the two unrestricted geometry searches in the paper subset; first full-rank draw is used"
"four_drug",19,"initial_design_shared",34,509632562,"shared by rank-conditioned SRS and the two unrestricted geometry searches in the paper subset; first full-rank draw is used"
"four_drug",19,"initial_design_shared",35,509632563,"shared by rank-conditioned SRS and the two unrestricted geometry searches in the paper subset; first full-rank draw is used"
"four_drug",19,"initial_design_shared",36,509632564,"shared by rank-conditioned SRS and the two unrestricted geometry searches in the paper subset; first full-rank draw is used"
"four_drug",19,"initial_design_shared",37,509632565,"shared by rank-conditioned SRS and the two unrestricted geometry searches in the paper subset; first full-rank draw is used"
"four_drug",19,"initial_design_shared",38,509632566,"shared by rank-conditioned SRS and the two unrestricted geometry searches in the paper subset; first full-rank draw is used"
"four_drug",19,"initial_design_shared",39,509632567,"shared by rank-conditioned SRS and the two unrestricted geometry searches in the paper subset; first full-rank draw is used"
"four_drug",19,"initial_design_shared",40,509632689,"shared by rank-conditioned SRS and the two unrestricted geometry searches in the paper subset; first full-rank draw is used"
"four_drug",19,"initial_design_shared",41,509632690,"shared by rank-conditioned SRS and the two unrestricted geometry searches in the paper subset; first full-rank draw is used"
"four_drug",19,"initial_design_shared",42,509632691,"shared by rank-conditioned SRS and the two unrestricted geometry searches in the paper subset; first full-rank draw is used"
"four_drug",19,"initial_design_shared",43,509632692,"shared by rank-conditioned SRS and the two unrestricted geometry searches in the paper subset; first full-rank draw is used"
"four_drug",19,"initial_design_shared",44,509632693,"shared by rank-conditioned SRS and the two unrestricted geometry searches in the paper subset; first full-rank draw is used"
"four_drug",19,"initial_design_shared",45,509632694,"shared by rank-conditioned SRS and the two unrestricted geometry searches in the paper subset; first full-rank draw is used"
"four_drug",19,"initial_design_shared",46,509632695,"shared by rank-conditioned SRS and the two unrestricted geometry searches in the paper subset; first full-rank draw is used"
"four_drug",19,"initial_design_shared",47,509632696,"shared by rank-conditioned SRS and the two unrestricted geometry searches in the paper subset; first full-rank draw is used"
"four_drug",19,"initial_design_shared",48,509632697,"shared by rank-conditioned SRS and the two unrestricted geometry searches in the paper subset; first full-rank draw is used"
"four_drug",19,"initial_design_shared",49,509632698,"shared by rank-conditioned SRS and the two unrestricted geometry searches in the paper subset; first full-rank draw is used"
"four_drug",19,"initial_design_shared",50,509632820,"shared by rank-conditioned SRS and the two unrestricted geometry searches in the paper subset; first full-rank draw is used"
"four_drug",19,"sa_move_shared",0,1082084829,"retry 0 is paired across unrestricted Hamming and position-L2; later deterministic retries are used only after a rank failure"
"four_drug",19,"sa_move_shared",1,1082084830,"retry 0 is paired across unrestricted Hamming and position-L2; later deterministic retries are used only after a rank failure"
"four_drug",19,"sa_move_shared",2,1082084831,"retry 0 is paired across unrestricted Hamming and position-L2; later deterministic retries are used only after a rank failure"
"four_drug",19,"sa_move_shared",3,1082084832,"retry 0 is paired across unrestricted Hamming and position-L2; later deterministic retries are used only after a rank failure"
"four_drug",19,"sa_move_shared",4,1082084833,"retry 0 is paired across unrestricted Hamming and position-L2; later deterministic retries are used only after a rank failure"
"four_drug",19,"sa_move_shared",5,1082084834,"retry 0 is paired across unrestricted Hamming and position-L2; later deterministic retries are used only after a rank failure"
"four_drug",19,"sa_move_shared",6,1082084835,"retry 0 is paired across unrestricted Hamming and position-L2; later deterministic retries are used only after a rank failure"
"four_drug",19,"sa_move_shared",7,1082084836,"retry 0 is paired across unrestricted Hamming and position-L2; later deterministic retries are used only after a rank failure"
"four_drug",19,"sa_move_shared",8,1082084837,"retry 0 is paired across unrestricted Hamming and position-L2; later deterministic retries are used only after a rank failure"
"four_drug",19,"sa_move_shared",9,1082084838,"retry 0 is paired across unrestricted Hamming and position-L2; later deterministic retries are used only after a rank failure"
"four_drug",19,"sa_move_shared",10,19193134,"retry 0 is paired across unrestricted Hamming and position-L2; later deterministic retries are used only after a rank failure"
"four_drug",19,"sa_move_shared",11,19193135,"retry 0 is paired across unrestricted Hamming and position-L2; later deterministic retries are used only after a rank failure"
"four_drug",19,"sa_move_shared",12,19193136,"retry 0 is paired across unrestricted Hamming and position-L2; later deterministic retries are used only after a rank failure"
"four_drug",19,"sa_move_shared",13,19193137,"retry 0 is paired across unrestricted Hamming and position-L2; later deterministic retries are used only after a rank failure"
"four_drug",19,"sa_move_shared",14,19193138,"retry 0 is paired across unrestricted Hamming and position-L2; later deterministic retries are used only after a rank failure"
"four_drug",19,"sa_move_shared",15,19193139,"retry 0 is paired across unrestricted Hamming and position-L2; later deterministic retries are used only after a rank failure"
"four_drug",19,"sa_move_shared",16,19193140,"retry 0 is paired across unrestricted Hamming and position-L2; later deterministic retries are used only after a rank failure"
"four_drug",19,"sa_move_shared",17,19193141,"retry 0 is paired across unrestricted Hamming and position-L2; later deterministic retries are used only after a rank failure"
"four_drug",19,"sa_move_shared",18,19193142,"retry 0 is paired across unrestricted Hamming and position-L2; later deterministic retries are used only after a rank failure"
"four_drug",19,"sa_move_shared",19,19193143,"retry 0 is paired across unrestricted Hamming and position-L2; later deterministic retries are used only after a rank failure"
"four_drug",19,"sa_move_shared",20,19193265,"retry 0 is paired across unrestricted Hamming and position-L2; later deterministic retries are used only after a rank failure"
"four_drug",19,"sa_move_shared",21,19193266,"retry 0 is paired across unrestricted Hamming and position-L2; later deterministic retries are used only after a rank failure"
"four_drug",19,"sa_move_shared",22,19193267,"retry 0 is paired across unrestricted Hamming and position-L2; later deterministic retries are used only after a rank failure"
"four_drug",19,"sa_move_shared",23,19193268,"retry 0 is paired across unrestricted Hamming and position-L2; later deterministic retries are used only after a rank failure"
"four_drug",19,"sa_move_shared",24,19193269,"retry 0 is paired across unrestricted Hamming and position-L2; later deterministic retries are used only after a rank failure"
"four_drug",19,"sa_move_shared",25,19193270,"retry 0 is paired across unrestricted Hamming and position-L2; later deterministic retries are used only after a rank failure"
"four_drug",19,"sa_move_shared",26,19193271,"retry 0 is paired across unrestricted Hamming and position-L2; later deterministic retries are used only after a rank failure"
"four_drug",19,"sa_move_shared",27,19193272,"retry 0 is paired across unrestricted Hamming and position-L2; later deterministic retries are used only after a rank failure"
"four_drug",19,"sa_move_shared",28,19193273,"retry 0 is paired across unrestricted Hamming and position-L2; later deterministic retries are used only after a rank failure"
"four_drug",19,"sa_move_shared",29,19193274,"retry 0 is paired across unrestricted Hamming and position-L2; later deterministic retries are used only after a rank failure"
"four_drug",19,"sa_move_shared",30,19193396,"retry 0 is paired across unrestricted Hamming and position-L2; later deterministic retries are used only after a rank failure"
"four_drug",19,"sa_move_shared",31,19193397,"retry 0 is paired across unrestricted Hamming and position-L2; later deterministic retries are used only after a rank failure"
"four_drug",19,"sa_move_shared",32,19193398,"retry 0 is paired across unrestricted Hamming and position-L2; later deterministic retries are used only after a rank failure"
"four_drug",19,"sa_move_shared",33,19193399,"retry 0 is paired across unrestricted Hamming and position-L2; later deterministic retries are used only after a rank failure"
"four_drug",19,"sa_move_shared",34,19193400,"retry 0 is paired across unrestricted Hamming and position-L2; later deterministic retries are used only after a rank failure"
"four_drug",19,"sa_move_shared",35,19193401,"retry 0 is paired across unrestricted Hamming and position-L2; later deterministic retries are used only after a rank failure"
"four_drug",19,"sa_move_shared",36,19193402,"retry 0 is paired across unrestricted Hamming and position-L2; later deterministic retries are used only after a rank failure"
"four_drug",19,"sa_move_shared",37,19193403,"retry 0 is paired across unrestricted Hamming and position-L2; later deterministic retries are used only after a rank failure"
"four_drug",19,"sa_move_shared",38,19193404,"retry 0 is paired across unrestricted Hamming and position-L2; later deterministic retries are used only after a rank failure"
"four_drug",19,"sa_move_shared",39,19193405,"retry 0 is paired across unrestricted Hamming and position-L2; later deterministic retries are used only after a rank failure"
"four_drug",19,"sa_move_shared",40,19193527,"retry 0 is paired across unrestricted Hamming and position-L2; later deterministic retries are used only after a rank failure"
"four_drug",19,"sa_move_shared",41,19193528,"retry 0 is paired across unrestricted Hamming and position-L2; later deterministic retries are used only after a rank failure"
"four_drug",19,"sa_move_shared",42,19193529,"retry 0 is paired across unrestricted Hamming and position-L2; later deterministic retries are used only after a rank failure"
"four_drug",19,"sa_move_shared",43,19193530,"retry 0 is paired across unrestricted Hamming and position-L2; later deterministic retries are used only after a rank failure"
"four_drug",19,"sa_move_shared",44,19193531,"retry 0 is paired across unrestricted Hamming and position-L2; later deterministic retries are used only after a rank failure"
"four_drug",19,"sa_move_shared",45,19193532,"retry 0 is paired across unrestricted Hamming and position-L2; later deterministic retries are used only after a rank failure"
"four_drug",19,"sa_move_shared",46,19193533,"retry 0 is paired across unrestricted Hamming and position-L2; later deterministic retries are used only after a rank failure"
"four_drug",19,"sa_move_shared",47,19193534,"retry 0 is paired across unrestricted Hamming and position-L2; later deterministic retries are used only after a rank failure"
"four_drug",19,"sa_move_shared",48,19193535,"retry 0 is paired across unrestricted Hamming and position-L2; later deterministic retries are used only after a rank failure"
"four_drug",19,"sa_move_shared",49,19193536,"retry 0 is paired across unrestricted Hamming and position-L2; later deterministic retries are used only after a rank failure"
"four_drug",19,"sa_move_shared",50,19193658,"retry 0 is paired across unrestricted Hamming and position-L2; later deterministic retries are used only after a rank failure"
"four_drug",20,"initial_design_shared",0,1094073791,"shared by rank-conditioned SRS and the two unrestricted geometry searches in the paper subset; first full-rank draw is used"
"four_drug",20,"initial_design_shared",1,1094073792,"shared by rank-conditioned SRS and the two unrestricted geometry searches in the paper subset; first full-rank draw is used"
"four_drug",20,"initial_design_shared",2,1094073793,"shared by rank-conditioned SRS and the two unrestricted geometry searches in the paper subset; first full-rank draw is used"
"four_drug",20,"initial_design_shared",3,1094073794,"shared by rank-conditioned SRS and the two unrestricted geometry searches in the paper subset; first full-rank draw is used"
"four_drug",20,"initial_design_shared",4,1094073795,"shared by rank-conditioned SRS and the two unrestricted geometry searches in the paper subset; first full-rank draw is used"
"four_drug",20,"initial_design_shared",5,1094073796,"shared by rank-conditioned SRS and the two unrestricted geometry searches in the paper subset; first full-rank draw is used"
"four_drug",20,"initial_design_shared",6,1094073797,"shared by rank-conditioned SRS and the two unrestricted geometry searches in the paper subset; first full-rank draw is used"
"four_drug",20,"initial_design_shared",7,1094073798,"shared by rank-conditioned SRS and the two unrestricted geometry searches in the paper subset; first full-rank draw is used"
"four_drug",20,"initial_design_shared",8,1094073799,"shared by rank-conditioned SRS and the two unrestricted geometry searches in the paper subset; first full-rank draw is used"
"four_drug",20,"initial_design_shared",9,1094073800,"shared by rank-conditioned SRS and the two unrestricted geometry searches in the paper subset; first full-rank draw is used"
"four_drug",20,"initial_design_shared",10,1589747156,"shared by rank-conditioned SRS and the two unrestricted geometry searches in the paper subset; first full-rank draw is used"
"four_drug",20,"initial_design_shared",11,1589747157,"shared by rank-conditioned SRS and the two unrestricted geometry searches in the paper subset; first full-rank draw is used"
"four_drug",20,"initial_design_shared",12,1589747158,"shared by rank-conditioned SRS and the two unrestricted geometry searches in the paper subset; first full-rank draw is used"
"four_drug",20,"initial_design_shared",13,1589747159,"shared by rank-conditioned SRS and the two unrestricted geometry searches in the paper subset; first full-rank draw is used"
"four_drug",20,"initial_design_shared",14,1589747160,"shared by rank-conditioned SRS and the two unrestricted geometry searches in the paper subset; first full-rank draw is used"
"four_drug",20,"initial_design_shared",15,1589747161,"shared by rank-conditioned SRS and the two unrestricted geometry searches in the paper subset; first full-rank draw is used"
"four_drug",20,"initial_design_shared",16,1589747162,"shared by rank-conditioned SRS and the two unrestricted geometry searches in the paper subset; first full-rank draw is used"
"four_drug",20,"initial_design_shared",17,1589747163,"shared by rank-conditioned SRS and the two unrestricted geometry searches in the paper subset; first full-rank draw is used"
"four_drug",20,"initial_design_shared",18,1589747164,"shared by rank-conditioned SRS and the two unrestricted geometry searches in the paper subset; first full-rank draw is used"
"four_drug",20,"initial_design_shared",19,1589747165,"shared by rank-conditioned SRS and the two unrestricted geometry searches in the paper subset; first full-rank draw is used"
"four_drug",20,"initial_design_shared",20,1589747287,"shared by rank-conditioned SRS and the two unrestricted geometry searches in the paper subset; first full-rank draw is used"
"four_drug",20,"initial_design_shared",21,1589747288,"shared by rank-conditioned SRS and the two unrestricted geometry searches in the paper subset; first full-rank draw is used"
"four_drug",20,"initial_design_shared",22,1589747289,"shared by rank-conditioned SRS and the two unrestricted geometry searches in the paper subset; first full-rank draw is used"
"four_drug",20,"initial_design_shared",23,1589747290,"shared by rank-conditioned SRS and the two unrestricted geometry searches in the paper subset; first full-rank draw is used"
"four_drug",20,"initial_design_shared",24,1589747291,"shared by rank-conditioned SRS and the two unrestricted geometry searches in the paper subset; first full-rank draw is used"
"four_drug",20,"initial_design_shared",25,1589747292,"shared by rank-conditioned SRS and the two unrestricted geometry searches in the paper subset; first full-rank draw is used"
"four_drug",20,"initial_design_shared",26,1589747293,"shared by rank-conditioned SRS and the two unrestricted geometry searches in the paper subset; first full-rank draw is used"
"four_drug",20,"initial_design_shared",27,1589747294,"shared by rank-conditioned SRS and the two unrestricted geometry searches in the paper subset; first full-rank draw is used"
"four_drug",20,"initial_design_shared",28,1589747295,"shared by rank-conditioned SRS and the two unrestricted geometry searches in the paper subset; first full-rank draw is used"
"four_drug",20,"initial_design_shared",29,1589747296,"shared by rank-conditioned SRS and the two unrestricted geometry searches in the paper subset; first full-rank draw is used"
"four_drug",20,"initial_design_shared",30,1589747418,"shared by rank-conditioned SRS and the two unrestricted geometry searches in the paper subset; first full-rank draw is used"
"four_drug",20,"initial_design_shared",31,1589747419,"shared by rank-conditioned SRS and the two unrestricted geometry searches in the paper subset; first full-rank draw is used"
"four_drug",20,"initial_design_shared",32,1589747420,"shared by rank-conditioned SRS and the two unrestricted geometry searches in the paper subset; first full-rank draw is used"
"four_drug",20,"initial_design_shared",33,1589747421,"shared by rank-conditioned SRS and the two unrestricted geometry searches in the paper subset; first full-rank draw is used"
"four_drug",20,"initial_design_shared",34,1589747422,"shared by rank-conditioned SRS and the two unrestricted geometry searches in the paper subset; first full-rank draw is used"
"four_drug",20,"initial_design_shared",35,1589747423,"shared by rank-conditioned SRS and the two unrestricted geometry searches in the paper subset; first full-rank draw is used"
"four_drug",20,"initial_design_shared",36,1589747424,"shared by rank-conditioned SRS and the two unrestricted geometry searches in the paper subset; first full-rank draw is used"
"four_drug",20,"initial_design_shared",37,1589747425,"shared by rank-conditioned SRS and the two unrestricted geometry searches in the paper subset; first full-rank draw is used"
"four_drug",20,"initial_design_shared",38,1589747426,"shared by rank-conditioned SRS and the two unrestricted geometry searches in the paper subset; first full-rank draw is used"
"four_drug",20,"initial_design_shared",39,1589747427,"shared by rank-conditioned SRS and the two unrestricted geometry searches in the paper subset; first full-rank draw is used"
"four_drug",20,"initial_design_shared",40,1589747549,"shared by rank-conditioned SRS and the two unrestricted geometry searches in the paper subset; first full-rank draw is used"
"four_drug",20,"initial_design_shared",41,1589747550,"shared by rank-conditioned SRS and the two unrestricted geometry searches in the paper subset; first full-rank draw is used"
"four_drug",20,"initial_design_shared",42,1589747551,"shared by rank-conditioned SRS and the two unrestricted geometry searches in the paper subset; first full-rank draw is used"
"four_drug",20,"initial_design_shared",43,1589747552,"shared by rank-conditioned SRS and the two unrestricted geometry searches in the paper subset; first full-rank draw is used"
"four_drug",20,"initial_design_shared",44,1589747553,"shared by rank-conditioned SRS and the two unrestricted geometry searches in the paper subset; first full-rank draw is used"
"four_drug",20,"initial_design_shared",45,1589747554,"shared by rank-conditioned SRS and the two unrestricted geometry searches in the paper subset; first full-rank draw is used"
"four_drug",20,"initial_design_shared",46,1589747555,"shared by rank-conditioned SRS and the two unrestricted geometry searches in the paper subset; first full-rank draw is used"
"four_drug",20,"initial_design_shared",47,1589747556,"shared by rank-conditioned SRS and the two unrestricted geometry searches in the paper subset; first full-rank draw is used"
"four_drug",20,"initial_design_shared",48,1589747557,"shared by rank-conditioned SRS and the two unrestricted geometry searches in the paper subset; first full-rank draw is used"
"four_drug",20,"initial_design_shared",49,1589747558,"shared by rank-conditioned SRS and the two unrestricted geometry searches in the paper subset; first full-rank draw is used"
"four_drug",20,"initial_design_shared",50,1589747680,"shared by rank-conditioned SRS and the two unrestricted geometry searches in the paper subset; first full-rank draw is used"
"four_drug",20,"sa_move_shared",0,1284718794,"retry 0 is paired across unrestricted Hamming and position-L2; later deterministic retries are used only after a rank failure"
"four_drug",20,"sa_move_shared",1,1284718795,"retry 0 is paired across unrestricted Hamming and position-L2; later deterministic retries are used only after a rank failure"
"four_drug",20,"sa_move_shared",2,1284718796,"retry 0 is paired across unrestricted Hamming and position-L2; later deterministic retries are used only after a rank failure"
"four_drug",20,"sa_move_shared",3,1284718797,"retry 0 is paired across unrestricted Hamming and position-L2; later deterministic retries are used only after a rank failure"
"four_drug",20,"sa_move_shared",4,1284718798,"retry 0 is paired across unrestricted Hamming and position-L2; later deterministic retries are used only after a rank failure"
"four_drug",20,"sa_move_shared",5,1284718799,"retry 0 is paired across unrestricted Hamming and position-L2; later deterministic retries are used only after a rank failure"
"four_drug",20,"sa_move_shared",6,1284718800,"retry 0 is paired across unrestricted Hamming and position-L2; later deterministic retries are used only after a rank failure"
"four_drug",20,"sa_move_shared",7,1284718801,"retry 0 is paired across unrestricted Hamming and position-L2; later deterministic retries are used only after a rank failure"
"four_drug",20,"sa_move_shared",8,1284718802,"retry 0 is paired across unrestricted Hamming and position-L2; later deterministic retries are used only after a rank failure"
"four_drug",20,"sa_move_shared",9,1284718803,"retry 0 is paired across unrestricted Hamming and position-L2; later deterministic retries are used only after a rank failure"
"four_drug",20,"sa_move_shared",10,794439001,"retry 0 is paired across unrestricted Hamming and position-L2; later deterministic retries are used only after a rank failure"
"four_drug",20,"sa_move_shared",11,794439002,"retry 0 is paired across unrestricted Hamming and position-L2; later deterministic retries are used only after a rank failure"
"four_drug",20,"sa_move_shared",12,794439003,"retry 0 is paired across unrestricted Hamming and position-L2; later deterministic retries are used only after a rank failure"
"four_drug",20,"sa_move_shared",13,794439004,"retry 0 is paired across unrestricted Hamming and position-L2; later deterministic retries are used only after a rank failure"
"four_drug",20,"sa_move_shared",14,794439005,"retry 0 is paired across unrestricted Hamming and position-L2; later deterministic retries are used only after a rank failure"
"four_drug",20,"sa_move_shared",15,794439006,"retry 0 is paired across unrestricted Hamming and position-L2; later deterministic retries are used only after a rank failure"
"four_drug",20,"sa_move_shared",16,794439007,"retry 0 is paired across unrestricted Hamming and position-L2; later deterministic retries are used only after a rank failure"
"four_drug",20,"sa_move_shared",17,794439008,"retry 0 is paired across unrestricted Hamming and position-L2; later deterministic retries are used only after a rank failure"
"four_drug",20,"sa_move_shared",18,794439009,"retry 0 is paired across unrestricted Hamming and position-L2; later deterministic retries are used only after a rank failure"
"four_drug",20,"sa_move_shared",19,794439010,"retry 0 is paired across unrestricted Hamming and position-L2; later deterministic retries are used only after a rank failure"
"four_drug",20,"sa_move_shared",20,794439132,"retry 0 is paired across unrestricted Hamming and position-L2; later deterministic retries are used only after a rank failure"
"four_drug",20,"sa_move_shared",21,794439133,"retry 0 is paired across unrestricted Hamming and position-L2; later deterministic retries are used only after a rank failure"
"four_drug",20,"sa_move_shared",22,794439134,"retry 0 is paired across unrestricted Hamming and position-L2; later deterministic retries are used only after a rank failure"
"four_drug",20,"sa_move_shared",23,794439135,"retry 0 is paired across unrestricted Hamming and position-L2; later deterministic retries are used only after a rank failure"
"four_drug",20,"sa_move_shared",24,794439136,"retry 0 is paired across unrestricted Hamming and position-L2; later deterministic retries are used only after a rank failure"
"four_drug",20,"sa_move_shared",25,794439137,"retry 0 is paired across unrestricted Hamming and position-L2; later deterministic retries are used only after a rank failure"
"four_drug",20,"sa_move_shared",26,794439138,"retry 0 is paired across unrestricted Hamming and position-L2; later deterministic retries are used only after a rank failure"
"four_drug",20,"sa_move_shared",27,794439139,"retry 0 is paired across unrestricted Hamming and position-L2; later deterministic retries are used only after a rank failure"
"four_drug",20,"sa_move_shared",28,794439140,"retry 0 is paired across unrestricted Hamming and position-L2; later deterministic retries are used only after a rank failure"
"four_drug",20,"sa_move_shared",29,794439141,"retry 0 is paired across unrestricted Hamming and position-L2; later deterministic retries are used only after a rank failure"
"four_drug",20,"sa_move_shared",30,794439263,"retry 0 is paired across unrestricted Hamming and position-L2; later deterministic retries are used only after a rank failure"
"four_drug",20,"sa_move_shared",31,794439264,"retry 0 is paired across unrestricted Hamming and position-L2; later deterministic retries are used only after a rank failure"
"four_drug",20,"sa_move_shared",32,794439265,"retry 0 is paired across unrestricted Hamming and position-L2; later deterministic retries are used only after a rank failure"
"four_drug",20,"sa_move_shared",33,794439266,"retry 0 is paired across unrestricted Hamming and position-L2; later deterministic retries are used only after a rank failure"
"four_drug",20,"sa_move_shared",34,794439267,"retry 0 is paired across unrestricted Hamming and position-L2; later deterministic retries are used only after a rank failure"
"four_drug",20,"sa_move_shared",35,794439268,"retry 0 is paired across unrestricted Hamming and position-L2; later deterministic retries are used only after a rank failure"
"four_drug",20,"sa_move_shared",36,794439269,"retry 0 is paired across unrestricted Hamming and position-L2; later deterministic retries are used only after a rank failure"
"four_drug",20,"sa_move_shared",37,794439270,"retry 0 is paired across unrestricted Hamming and position-L2; later deterministic retries are used only after a rank failure"
"four_drug",20,"sa_move_shared",38,794439271,"retry 0 is paired across unrestricted Hamming and position-L2; later deterministic retries are used only after a rank failure"
"four_drug",20,"sa_move_shared",39,794439272,"retry 0 is paired across unrestricted Hamming and position-L2; later deterministic retries are used only after a rank failure"
"four_drug",20,"sa_move_shared",40,794439394,"retry 0 is paired across unrestricted Hamming and position-L2; later deterministic retries are used only after a rank failure"
"four_drug",20,"sa_move_shared",41,794439395,"retry 0 is paired across unrestricted Hamming and position-L2; later deterministic retries are used only after a rank failure"
"four_drug",20,"sa_move_shared",42,794439396,"retry 0 is paired across unrestricted Hamming and position-L2; later deterministic retries are used only after a rank failure"
"four_drug",20,"sa_move_shared",43,794439397,"retry 0 is paired across unrestricted Hamming and position-L2; later deterministic retries are used only after a rank failure"
"four_drug",20,"sa_move_shared",44,794439398,"retry 0 is paired across unrestricted Hamming and position-L2; later deterministic retries are used only after a rank failure"
"four_drug",20,"sa_move_shared",45,794439399,"retry 0 is paired across unrestricted Hamming and position-L2; later deterministic retries are used only after a rank failure"
"four_drug",20,"sa_move_shared",46,794439400,"retry 0 is paired across unrestricted Hamming and position-L2; later deterministic retries are used only after a rank failure"
"four_drug",20,"sa_move_shared",47,794439401,"retry 0 is paired across unrestricted Hamming and position-L2; later deterministic retries are used only after a rank failure"
"four_drug",20,"sa_move_shared",48,794439402,"retry 0 is paired across unrestricted Hamming and position-L2; later deterministic retries are used only after a rank failure"
"four_drug",20,"sa_move_shared",49,794439403,"retry 0 is paired across unrestricted Hamming and position-L2; later deterministic retries are used only after a rank failure"
"four_drug",20,"sa_move_shared",50,794439525,"retry 0 is paired across unrestricted Hamming and position-L2; later deterministic retries are used only after a rank failure"
