"experiment","m","n","lambda","rep","seed","design_path","objective","n_iter","elapsed_sec","k_min","k_ave","k_m2","A","B","phi_lambda","C1","C2","U2"
"distance",5,5,0,1,751130400,"outputs/wcrit/01_distance_sensitivity/designs/distance_m05_n005_lambda000_rep01.rds",0.806047516198704,6000,0.0179999999999998,4,6,40.2,0.75,0.806047516198704,0.806047516198704,5,36.4583333333333,55.75
"distance",10,10,0,1,2126489933,"outputs/wcrit/01_distance_sensitivity/designs/distance_m10_n010_lambda000_rep01.rds",0.836380172805821,6000,0.0369999999999999,19,25,677.177777777778,0.857142857142857,0.836380172805821,0.836380172805821,22,597.222222222222,1085.88888888889
"distance",20,20,0,1,1091704032,"outputs/wcrit/01_distance_sensitivity/designs/distance_m20_n020_lambda000_rep01.rds",0.910000696265695,6000,0.186,61,100,10566.3789473684,0.638297872340426,0.910000696265695,0.910000696265695,95,9750,18820.9473684211
"distance",5,10,0,1,1324584497,NA,NA,NA,NA,NA,NA,NA,NA,NA,NA,NA,NA,NA
"distance",10,20,0,1,2051274262,"outputs/wcrit/01_distance_sensitivity/designs/distance_m10_n020_lambda000_rep01.rds",0.922829581993569,6000,0.115,14,23.6842105263158,601.157894736842,0.619047619047619,0.922829581993569,0.922829581993569,22,565.789473684211,1024.10526315789
"distance",20,40,0,1,941272690,"outputs/wcrit/01_distance_sensitivity/designs/distance_m20_n040_lambda000_rep01.rds",0.956548887946608,6000,0.376,57,97.4358974358974,9883.61538461538,0.595744680851064,0.956548887946608,0.956548887946608,95,9500,18328.6666666667
"distance",5,15,0,1,649600473,"outputs/wcrit/01_distance_sensitivity/designs/distance_m05_n015_lambda000_rep01.rds",0.949019607843137,6000,0.0360000000000005,1,5.33333333333333,31.9619047619048,0,0.949019607843137,0.949019607843137,5,31.25,45.2142857142857
"distance",10,30,0,1,1976058591,"outputs/wcrit/01_distance_sensitivity/designs/distance_m10_n030_lambda000_rep01.rds",0.950806575510831,6000,0.16,13,23.2758620689655,578.11724137931,0.571428571428571,0.950806575510831,0.950806575510831,22,556.034482758621,1004.93103448276
"distance",20,60,0,1,790841348,"outputs/wcrit/01_distance_sensitivity/designs/distance_m20_n060_lambda000_rep01.rds",0.970548221147887,6000,0.6,53,96.6101694915254,9677.21355932203,0.553191489361702,0.970548221147887,0.970548221147887,95,9419.49152542373,18170.1355932203
"distance",5,20,0,1,1249368826,"outputs/wcrit/01_distance_sensitivity/designs/distance_m05_n020_lambda000_rep01.rds",0.953403141361256,6000,0.0739999999999998,1,5.26315789473684,31.3263157894737,0,0.953403141361256,0.953403141361256,5,30.7017543859649,44.1052631578947
"distance",10,40,0,1,1900842920,"outputs/wcrit/01_distance_sensitivity/designs/distance_m10_n040_lambda000_rep01.rds",0.963504155124654,6000,0.170999999999999,8,23.0769230769231,567.497435897436,0.333333333333333,0.963504155124654,0.963504155124654,22,551.282051282051,995.589743589744
"distance",20,80,0,1,640410006,"outputs/wcrit/01_distance_sensitivity/designs/distance_m20_n080_lambda000_rep01.rds",0.97817606188377,6000,0.877,47,96.2025316455696,9569.87974683544,0.48936170212766,0.97817606188377,0.97817606188377,95,9379.74683544304,18091.8734177215
"distance",5,25,0,1,574384802,"outputs/wcrit/01_distance_sensitivity/designs/distance_m05_n025_lambda000_rep01.rds",0.977206585236325,6000,0.056,1,5.2,30.68,0,0.977206585236325,0.977206585236325,5,30.3819444444444,43.4583333333333
"distance",10,50,0,1,1825627249,"outputs/wcrit/01_distance_sensitivity/designs/distance_m10_n050_lambda000_rep01.rds",0.970130326277845,6000,0.23,7,22.9591836734694,561.659591836735,0.285714285714286,0.970130326277845,0.970130326277845,22,548.469387755102,990.061224489796
"distance",20,100,0,1,1805029781,"outputs/wcrit/01_distance_sensitivity/designs/distance_m20_n100_lambda000_rep01.rds",0.982535327843316,6000,1.173,35,95.959595959596,9507.81414141414,0.361702127659574,0.982535327843316,0.982535327843316,95,9356.06060606061,18045.2323232323
"distance",5,5,0.1,1,776701177,"outputs/wcrit/01_distance_sensitivity/designs/distance_m05_n005_lambda010_rep01.rds",0.800442764578834,6000,0.016,4,6,40.2,0.75,0.806047516198704,0.800442764578834,5,36.4583333333333,55.75
"distance",10,10,0.1,1,329080651,"outputs/wcrit/01_distance_sensitivity/designs/distance_m10_n010_lambda010_rep01.rds",0.843218346001429,6000,0.0339999999999998,20,25,677.177777777778,0.904761904761905,0.836380172805821,0.843218346001429,22,597.222222222222,1085.88888888889
"distance",20,20,0.1,1,2057845420,"outputs/wcrit/01_distance_sensitivity/designs/distance_m20_n020_lambda010_rep01.rds",0.893775764916999,6000,0.143999999999999,71,100,10563.2842105263,0.74468085106383,0.91034186645624,0.893775764916999,95,9750,18820.9473684211
"distance",5,10,0.1,1,2052471716,"outputs/wcrit/01_distance_sensitivity/designs/distance_m05_n010_lambda010_rep01.rds",0.867176039119804,6000,0.0209999999999999,4,5.55555555555556,34.2222222222222,0.75,0.880195599022005,0.867176039119804,5,32.4074074074074,47.5555555555556
"distance",10,20,0.1,1,190611649,"outputs/wcrit/01_distance_sensitivity/designs/distance_m10_n020_lambda010_rep01.rds",0.888151890981473,6000,0.0809999999999995,14,23.6842105263158,603.347368421053,0.619047619047619,0.91805236564079,0.888151890981473,22,565.789473684211,1024.10526315789
"distance",20,40,0.1,1,1780907416,"outputs/wcrit/01_distance_sensitivity/designs/distance_m20_n040_lambda010_rep01.rds",0.924991433574579,6000,0.346,62,97.4358974358974,9891.42564102564,0.648936170212766,0.955664240614781,0.924991433574579,95,9500,18328.6666666667
"distance",5,15,0.1,1,30847049,"outputs/wcrit/01_distance_sensitivity/designs/distance_m05_n015_lambda010_rep01.rds",0.900434782608696,6000,0.0359999999999996,3,5.33333333333333,32.0190476190476,0.5,0.944927536231884,0.900434782608696,5,31.25,45.2142857142857
"distance",10,30,0.1,1,52142647,"outputs/wcrit/01_distance_sensitivity/designs/distance_m10_n030_lambda010_rep01.rds",0.910171703648428,6000,0.207,12,23.2758620689655,577.087356321839,0.523809523809524,0.95310083474164,0.910171703648428,22,556.034482758621,1004.93103448276
"distance",20,60,0.1,1,1503969412,"outputs/wcrit/01_distance_sensitivity/designs/distance_m20_n060_lambda010_rep01.rds",0.935004005681144,6000,0.584000000000001,59,96.6101694915254,9679.07570621469,0.617021276595745,0.970335420023966,0.935004005681144,95,9419.49152542373,18170.1355932203
"distance",5,20,0.1,1,1914002714,"outputs/wcrit/01_distance_sensitivity/designs/distance_m05_n020_lambda010_rep01.rds",0.888717277486911,6000,0.0390000000000006,2,5.26315789473684,31.2421052631579,0.25,0.959685863874345,0.888717277486911,5,30.7017543859649,44.1052631578947
"distance",10,40,0.1,1,2061157274,"outputs/wcrit/01_distance_sensitivity/designs/distance_m10_n040_lambda010_rep01.rds",0.911053950666139,6000,0.169,11,23.0769230769231,569.333333333333,0.476190476190476,0.959372114496768,0.911053950666139,22,551.282051282051,995.589743589744
"distance",20,80,0.1,1,1227031408,"outputs/wcrit/01_distance_sensitivity/designs/distance_m20_n080_lambda010_rep01.rds",0.936935415980512,6000,0.846,55,96.2025316455696,9578.3,0.574468085106383,0.977209563855415,0.936935415980512,95,9379.74683544304,18091.8734177215
"distance",5,25,0.1,1,2039861676,"outputs/wcrit/01_distance_sensitivity/designs/distance_m05_n025_lambda010_rep01.rds",0.892556027615507,6000,0.0570000000000004,2,5.2,30.8533333333333,0.25,0.963951141795008,0.892556027615507,5,30.3819444444444,43.4583333333333
"distance",10,50,0.1,1,1922688272,"outputs/wcrit/01_distance_sensitivity/designs/distance_m10_n050_lambda010_rep01.rds",0.914257457119089,6000,0.228,10,22.9591836734694,562.502040816326,0.428571428571429,0.968222571402163,0.914257457119089,22,548.469387755102,990.061224489796
"distance",20,100,0.1,1,636855080,"outputs/wcrit/01_distance_sensitivity/designs/distance_m20_n100_lambda010_rep01.rds",0.938260424969966,6000,1.165,53,95.959595959596,9520.75636363636,0.553191489361702,0.981045862259773,0.938260424969966,95,9356.06060606061,18045.2323232323
"distance",5,5,0.2,1,776718338,"outputs/wcrit/01_distance_sensitivity/designs/distance_m05_n005_lambda020_rep01.rds",0.794838012958963,6000,0.0150000000000006,4,6,40.2,0.75,0.806047516198704,0.794838012958963,5,36.4583333333333,55.75
"distance",10,10,0.2,1,329097812,"outputs/wcrit/01_distance_sensitivity/designs/distance_m10_n010_lambda020_rep01.rds",0.83616708893653,6000,0.0369999999999999,19,25,679.844444444444,0.857142857142857,0.830923146884948,0.83616708893653,22,597.222222222222,1085.88888888889
"distance",20,20,0.2,1,2057862581,"outputs/wcrit/01_distance_sensitivity/designs/distance_m20_n020_lambda020_rep01.rds",0.878852850417932,6000,0.148000000000001,71,100,10544.6526315789,0.74468085106383,0.912395850256458,0.878852850417932,95,9750,18820.9473684211
"distance",5,10,0.2,1,2052488877,"outputs/wcrit/01_distance_sensitivity/designs/distance_m05_n010_lambda020_rep01.rds",0.813545232273839,6000,0.0200000000000005,3,5.55555555555556,34.0444444444444,0.5,0.891931540342298,0.813545232273839,5,32.4074074074074,47.5555555555556
"distance",10,20,0.2,1,190628810,"outputs/wcrit/01_distance_sensitivity/designs/distance_m10_n020_lambda020_rep01.rds",0.871743990200582,6000,0.0830000000000002,15,23.6842105263158,601.073684210526,0.666666666666667,0.923013321084061,0.871743990200582,22,565.789473684211,1024.10526315789
"distance",20,40,0.2,1,1780924577,"outputs/wcrit/01_distance_sensitivity/designs/distance_m20_n040_lambda020_rep01.rds",0.894613561708727,6000,0.425,63,97.4358974358974,9911.65128205128,0.659574468085106,0.953373335114632,0.894613561708727,95,9500,18328.6666666667
"distance",5,15,0.2,1,30864210,"outputs/wcrit/01_distance_sensitivity/designs/distance_m05_n015_lambda020_rep01.rds",0.807033248081842,6000,0.0329999999999995,2,5.33333333333333,32,0.25,0.946291560102302,0.807033248081842,5,31.25,45.2142857142857
"distance",10,30,0.2,1,52159808,"outputs/wcrit/01_distance_sensitivity/designs/distance_m10_n030_lambda020_rep01.rds",0.868244847793166,6000,0.109,13,23.2758620689655,581.868965517241,0.571428571428571,0.942448916884314,0.868244847793166,22,556.034482758621,1004.93103448276
"distance",20,60,0.2,1,1503986573,"outputs/wcrit/01_distance_sensitivity/designs/distance_m20_n060_lambda020_rep01.rds",0.897924048329285,6000,0.479000000000001,58,96.6101694915254,9674.92881355932,0.606382978723404,0.970809315730755,0.897924048329285,95,9419.49152542373,18170.1355932203
"distance",5,20,0.2,1,1914019875,"outputs/wcrit/01_distance_sensitivity/designs/distance_m05_n020_lambda020_rep01.rds",0.813979057591623,6000,0.0390000000000006,2,5.26315789473684,31.3052631578947,0.25,0.954973821989529,0.813979057591623,5,30.7017543859649,44.1052631578947
"distance",10,40,0.2,1,2061174435,"outputs/wcrit/01_distance_sensitivity/designs/distance_m10_n040_lambda020_rep01.rds",0.861738556918612,6000,0.174,11,23.0769230769231,569.88717948718,0.476190476190476,0.958125577100646,0.861738556918612,22,551.282051282051,995.589743589744
"distance",20,80,0.2,1,1227048569,"outputs/wcrit/01_distance_sensitivity/designs/distance_m20_n080_lambda020_rep01.rds",0.899479831381886,6000,0.863,56,96.2025316455696,9570.77594936709,0.585106382978723,0.978073193482677,0.899479831381886,95,9379.74683544304,18091.8734177215
"distance",5,25,0.2,1,2039878837,"outputs/wcrit/01_distance_sensitivity/designs/distance_m05_n025_lambda020_rep01.rds",0.817082315454063,6000,0.132,2,5.2,30.92,0.25,0.958852894317578,0.817082315454063,5,30.3819444444444,43.4583333333333
"distance",10,50,0.2,1,1922705433,"outputs/wcrit/01_distance_sensitivity/designs/distance_m10_n050_lambda020_rep01.rds",0.85561908283047,6000,0.19,10,22.9591836734694,565.081632653061,0.428571428571429,0.962380996395231,0.85561908283047,22,548.469387755102,990.061224489796
"distance",20,100,0.2,1,636872241,"outputs/wcrit/01_distance_sensitivity/designs/distance_m20_n100_lambda020_rep01.rds",0.900061009852015,6000,1.183,55,95.959595959596,9517.16444444444,0.574468085106383,0.981459241038422,0.900061009852015,95,9356.06060606061,18045.2323232323
"distance",5,5,0.3,1,776735499,"outputs/wcrit/01_distance_sensitivity/designs/distance_m05_n005_lambda030_rep01.rds",0.789233261339093,6000,0.0129999999999999,4,6,40.2,0.75,0.806047516198704,0.789233261339093,5,36.4583333333333,55.75
"distance",10,10,0.3,1,329114973,"outputs/wcrit/01_distance_sensitivity/designs/distance_m10_n010_lambda030_rep01.rds",0.842608978106932,6000,0.032,19,25,677.177777777778,0.857142857142857,0.836380172805821,0.842608978106932,22,597.222222222222,1085.88888888889
"distance",20,20,0.3,1,2057879742,"outputs/wcrit/01_distance_sensitivity/designs/distance_m20_n020_lambda030_rep01.rds",0.868521190920498,6000,0.144,73,100,10543.9157894737,0.765957446808511,0.912477081254207,0.868521190920498,95,9750,18820.9473684211
"distance",5,10,0.3,1,2052506038,"outputs/wcrit/01_distance_sensitivity/designs/distance_m05_n010_lambda030_rep01.rds",0.841136919315403,6000,0.0229999999999997,4,5.55555555555556,34.2222222222222,0.75,0.880195599022005,0.841136919315403,5,32.4074074074074,47.5555555555556
"distance",10,20,0.3,1,190645971,"outputs/wcrit/01_distance_sensitivity/designs/distance_m10_n020_lambda030_rep01.rds",0.831823610473128,6000,0.165999999999999,14,23.6842105263158,601.073684210526,0.619047619047619,0.923013321084061,0.831823610473128,22,565.789473684211,1024.10526315789
"distance",20,40,0.3,1,1780941738,"outputs/wcrit/01_distance_sensitivity/designs/distance_m20_n040_lambda030_rep01.rds",0.869399380063432,6000,0.279,64,97.4358974358974,9899.3641025641,0.670212765957447,0.95476507182314,0.869399380063432,95,9500,18328.6666666667
"distance",5,15,0.3,1,30881371,"outputs/wcrit/01_distance_sensitivity/designs/distance_m05_n015_lambda030_rep01.rds",0.737404092071611,6000,0.0310000000000006,2,5.33333333333333,32,0.25,0.946291560102302,0.737404092071611,5,31.25,45.2142857142857
"distance",10,30,0.3,1,52176969,"outputs/wcrit/01_distance_sensitivity/designs/distance_m10_n030_lambda030_rep01.rds",0.820613948452326,6000,0.108000000000001,12,23.2758620689655,579.459770114943,0.523809523809524,0.947815844727813,0.820613948452326,22,556.034482758621,1004.93103448276
"distance",20,60,0.3,1,1504003734,"outputs/wcrit/01_distance_sensitivity/designs/distance_m20_n060_lambda030_rep01.rds",0.860450439668837,6000,0.498000000000001,58,96.6101694915254,9687.81694915254,0.606382978723404,0.969336494359737,0.860450439668837,95,9419.49152542373,18170.1355932203
"distance",5,20,0.3,1,1914037036,"outputs/wcrit/01_distance_sensitivity/designs/distance_m05_n020_lambda030_rep01.rds",0.742382198952879,6000,0.0370000000000008,2,5.26315789473684,31.3263157894737,0.25,0.953403141361256,0.742382198952879,5,30.7017543859649,44.1052631578947
"distance",10,40,0.3,1,2061191596,"outputs/wcrit/01_distance_sensitivity/designs/distance_m10_n040_lambda030_rep01.rds",0.828945719562063,6000,0.178999999999999,12,23.0769230769231,569.179487179487,0.523809523809524,0.95971837488458,0.828945719562063,22,551.282051282051,995.589743589744
"distance",20,80,0.3,1,1227065730,"outputs/wcrit/01_distance_sensitivity/designs/distance_m20_n080_lambda030_rep01.rds",0.865587716889689,6000,0.867,58,96.2025316455696,9582.95316455696,0.606382978723404,0.976675461818097,0.865587716889689,95,9379.74683544304,18091.8734177215
"distance",5,25,0.3,1,2039895998,"outputs/wcrit/01_distance_sensitivity/designs/distance_m05_n025_lambda030_rep01.rds",0.746553903345725,6000,0.0460000000000003,2,5.2,30.9133333333333,0.25,0.959362719065321,0.746553903345725,5,30.3819444444444,43.4583333333333
"distance",10,50,0.3,1,1922722594,"outputs/wcrit/01_distance_sensitivity/designs/distance_m10_n050_lambda030_rep01.rds",0.806751667040788,6000,0.198000000000001,10,22.9591836734694,562.234285714286,0.428571428571429,0.968828912099085,0.806751667040788,22,548.469387755102,990.061224489796
"distance",20,100,0.3,1,636889402,"outputs/wcrit/01_distance_sensitivity/designs/distance_m20_n100_lambda030_rep01.rds",0.854806710620707,6000,1.011,54,95.959595959596,9534.09212121212,0.563829787234043,0.979511106357849,0.854806710620707,95,9356.06060606061,18045.2323232323
"distance",5,5,0.4,1,776752660,"outputs/wcrit/01_distance_sensitivity/designs/distance_m05_n005_lambda040_rep01.rds",0.783628509719222,6000,0.0120000000000005,4,6,40.2,0.75,0.806047516198704,0.783628509719222,5,36.4583333333333,55.75
"distance",10,10,0.4,1,329132134,"outputs/wcrit/01_distance_sensitivity/designs/distance_m10_n010_lambda040_rep01.rds",0.843375560319626,6000,0.032,19,25,678.244444444444,0.857142857142857,0.834197362437472,0.843375560319626,22,597.222222222222,1085.88888888889
"distance",20,20,0.4,1,2057896903,"outputs/wcrit/01_distance_sensitivity/designs/distance_m20_n020_lambda040_rep01.rds",0.850233328016695,6000,0.126999999999999,73,100,10598.8842105263,0.765957446808511,0.906417248822151,0.850233328016695,95,9750,18820.9473684211
"distance",5,10,0.4,1,2052523199,"outputs/wcrit/01_distance_sensitivity/designs/distance_m05_n010_lambda040_rep01.rds",0.828117359413203,6000,0.0209999999999999,4,5.55555555555556,34.2222222222222,0.75,0.880195599022005,0.828117359413203,5,32.4074074074074,47.5555555555556
"distance",10,20,0.4,1,190663132,"outputs/wcrit/01_distance_sensitivity/designs/distance_m10_n020_lambda040_rep01.rds",0.818545398866942,6000,0.0690000000000008,15,23.6842105263158,602.547368421053,0.666666666666667,0.919797887000459,0.818545398866942,22,565.789473684211,1024.10526315789
"distance",20,40,0.4,1,1780958899,"outputs/wcrit/01_distance_sensitivity/designs/distance_m20_n040_lambda040_rep01.rds",0.843703293578314,6000,0.279,65,97.4358974358974,9921.37948717949,0.680851063829787,0.952271446743998,0.843703293578314,95,9500,18328.6666666667
"distance",5,15,0.4,1,30898532,"outputs/wcrit/01_distance_sensitivity/designs/distance_m05_n015_lambda040_rep01.rds",0.677595907928389,6000,0.0309999999999988,2,5.33333333333333,31.7714285714286,0.25,0.962659846547315,0.677595907928389,5,31.25,45.2142857142857
"distance",10,30,0.4,1,52194130,"outputs/wcrit/01_distance_sensitivity/designs/distance_m10_n030_lambda040_rep01.rds",0.794999451309176,6000,0.106999999999999,13,23.2758620689655,581.151724137931,0.571428571428571,0.944046704562913,0.794999451309176,22,556.034482758621,1004.93103448276
"distance",20,60,0.4,1,1504020895,"outputs/wcrit/01_distance_sensitivity/designs/distance_m20_n060_lambda040_rep01.rds",0.826839656045512,6000,0.494999999999999,59,96.6101694915254,9710.72542372881,0.617021276595745,0.966718575678691,0.826839656045512,95,9419.49152542373,18170.1355932203
"distance",5,20,0.4,1,1914054197,"outputs/wcrit/01_distance_sensitivity/designs/distance_m05_n020_lambda040_rep01.rds",0.669214659685864,6000,0.0349999999999984,2,5.26315789473684,31.3894736842105,0.25,0.94869109947644,0.669214659685864,5,30.7017543859649,44.1052631578947
"distance",10,40,0.4,1,2061208757,"outputs/wcrit/01_distance_sensitivity/designs/distance_m10_n040_lambda040_rep01.rds",0.768938794354307,6000,0.145,11,23.0769230769231,567.230769230769,0.476190476190476,0.96410433979686,0.768938794354307,22,551.282051282051,995.589743589744
"distance",20,80,0.4,1,1227082891,"outputs/wcrit/01_distance_sensitivity/designs/distance_m20_n080_lambda040_rep01.rds",0.820042599685682,6000,0.821999999999999,56,96.2025316455696,9583.02911392405,0.585106382978723,0.976666744156988,0.820042599685682,95,9379.74683544304,18091.8734177215
"distance",5,25,0.4,1,2039913159,"outputs/wcrit/01_distance_sensitivity/designs/distance_m05_n025_lambda040_rep01.rds",0.675005841741901,6000,0.048,2,5.2,30.9266666666667,0.25,0.958343069569835,0.675005841741901,5,30.3819444444444,43.4583333333333
"distance",10,50,0.4,1,1922739755,"outputs/wcrit/01_distance_sensitivity/designs/distance_m10_n050_lambda040_rep01.rds",0.751252954458426,6000,0.194000000000001,10,22.9591836734694,563.318367346939,0.428571428571429,0.966373971716425,0.751252954458426,22,548.469387755102,990.061224489796
"distance",20,100,0.4,1,636906563,"outputs/wcrit/01_distance_sensitivity/designs/distance_m20_n100_lambda040_rep01.rds",0.814313270534215,6000,1.002,54,95.959595959596,9518.52848484848,0.563829787234043,0.981302259400996,0.814313270534215,95,9356.06060606061,18045.2323232323
"distance",5,5,0.5,1,776769821,"outputs/wcrit/01_distance_sensitivity/designs/distance_m05_n005_lambda050_rep01.rds",0.778023758099352,6000,0.0120000000000005,4,6,40.2,0.75,0.806047516198704,0.778023758099352,5,36.4583333333333,55.75
"distance",10,10,0.5,1,329149295,"outputs/wcrit/01_distance_sensitivity/designs/distance_m10_n010_lambda050_rep01.rds",0.87111674137595,6000,0.0329999999999995,20,25,676.644444444444,0.904761904761905,0.837471577989995,0.87111674137595,22,597.222222222222,1085.88888888889
"distance",20,20,0.5,1,2057914064,"outputs/wcrit/01_distance_sensitivity/designs/distance_m20_n020_lambda050_rep01.rds",0.835828770982411,6000,0.125999999999999,73,100,10605.3894736842,0.765957446808511,0.905700095156312,0.835828770982411,95,9750,18820.9473684211
"distance",5,10,0.5,1,2052540360,"outputs/wcrit/01_distance_sensitivity/designs/distance_m05_n010_lambda050_rep01.rds",0.815097799511002,6000,0.0280000000000005,4,5.55555555555556,34.2222222222222,0.75,0.880195599022005,0.815097799511002,5,32.4074074074074,47.5555555555556
"distance",10,20,0.5,1,190680293,"outputs/wcrit/01_distance_sensitivity/designs/distance_m10_n020_lambda050_rep01.rds",0.791624559791762,6000,0.0699999999999985,15,23.6842105263158,604.021052631579,0.666666666666667,0.916582452916858,0.791624559791762,22,565.789473684211,1024.10526315789
"distance",20,40,0.5,1,1780976060,"outputs/wcrit/01_distance_sensitivity/designs/distance_m20_n040_lambda050_rep01.rds",0.811094568319019,6000,0.301,64,97.4358974358974,9923.98461538462,0.670212765957447,0.951976370680592,0.811094568319019,95,9500,18328.6666666667
"distance",5,15,0.5,1,30915693,"outputs/wcrit/01_distance_sensitivity/designs/distance_m05_n015_lambda050_rep01.rds",0.599509803921569,6000,0.0310000000000006,2,5.33333333333333,31.9619047619048,0.25,0.949019607843137,0.599509803921569,5,31.25,45.2142857142857
"distance",10,30,0.5,1,52211291,"outputs/wcrit/01_distance_sensitivity/designs/distance_m10_n030_lambda050_rep01.rds",0.758495562920206,6000,0.106000000000002,13,23.2758620689655,580.471264367816,0.571428571428571,0.94556255441184,0.758495562920206,22,556.034482758621,1004.93103448276
"distance",20,60,0.5,1,1504038056,"outputs/wcrit/01_distance_sensitivity/designs/distance_m20_n060_lambda050_rep01.rds",0.791407264470345,6000,0.508000000000001,59,96.6101694915254,9718.82259887006,0.617021276595745,0.965793252344945,0.791407264470345,95,9419.49152542373,18170.1355932203
"distance",5,20,0.5,1,1914071358,"outputs/wcrit/01_distance_sensitivity/designs/distance_m05_n020_lambda050_rep01.rds",0.604842931937173,6000,0.0330000000000013,2,5.26315789473684,31.2421052631579,0.25,0.959685863874345,0.604842931937173,5,30.7017543859649,44.1052631578947
"distance",10,40,0.5,1,2061225918,"outputs/wcrit/01_distance_sensitivity/designs/distance_m10_n040_lambda050_rep01.rds",0.717769753330695,6000,0.154,11,23.0769230769231,569.34358974359,0.476190476190476,0.959349030470914,0.717769753330695,22,551.282051282051,995.589743589744
"distance",20,80,0.5,1,1227100052,"outputs/wcrit/01_distance_sensitivity/designs/distance_m20_n080_lambda050_rep01.rds",0.774916277993971,6000,0.741000000000001,55,96.2025316455696,9594.3746835443,0.574468085106383,0.975364470881559,0.774916277993971,95,9379.74683544304,18091.8734177215
"distance",5,25,0.5,1,2039930320,"outputs/wcrit/01_distance_sensitivity/designs/distance_m05_n025_lambda050_rep01.rds",0.60977960701009,6000,0.0489999999999995,2,5.2,30.78,0.25,0.96955921402018,0.60977960701009,5,30.3819444444444,43.4583333333333
"distance",10,50,0.5,1,1922756916,"outputs/wcrit/01_distance_sensitivity/designs/distance_m10_n050_lambda050_rep01.rds",0.697472700143927,6000,0.204000000000001,10,22.9591836734694,563.318367346939,0.428571428571429,0.966373971716425,0.697472700143927,22,548.469387755102,990.061224489796
"distance",20,100,0.5,1,636923724,"outputs/wcrit/01_distance_sensitivity/designs/distance_m20_n100_lambda050_rep01.rds",0.766905709015888,6000,1.006,53,95.959595959596,9524.45737373737,0.553191489361702,0.980619928670074,0.766905709015888,95,9356.06060606061,18045.2323232323
"distance",5,5,0.6,1,776786982,"outputs/wcrit/01_distance_sensitivity/designs/distance_m05_n005_lambda060_rep01.rds",0.772419006479482,6000,0.0120000000000005,4,6,40.2,0.75,0.806047516198704,0.772419006479482,5,36.4583333333333,55.75
"distance",10,10,0.6,1,329166456,"outputs/wcrit/01_distance_sensitivity/designs/distance_m10_n010_lambda060_rep01.rds",0.84781913856948,6000,0.032,19,25,678.422222222222,0.857142857142857,0.833833560709413,0.84781913856948,22,597.222222222222,1085.88888888889
"distance",20,20,0.6,1,2057931225,"outputs/wcrit/01_distance_sensitivity/designs/distance_m20_n020_lambda060_rep01.rds",0.843035609792952,6000,0.132,76,100,10559.3052631579,0.797872340425532,0.910780513844083,0.843035609792952,95,9750,18820.9473684211
"distance",5,10,0.6,1,2052557521,"outputs/wcrit/01_distance_sensitivity/designs/distance_m05_n010_lambda060_rep01.rds",0.811466992665037,6000,0.0199999999999996,4,5.55555555555556,33.8666666666667,0.75,0.903667481662591,0.811466992665037,5,32.4074074074074,47.5555555555556
"distance",10,20,0.6,1,190697454,"outputs/wcrit/01_distance_sensitivity/designs/distance_m10_n020_lambda060_rep01.rds",0.765457050987598,6000,0.0679999999999996,15,23.6842105263158,605.368421052632,0.666666666666667,0.913642627468994,0.765457050987598,22,565.789473684211,1024.10526315789
"distance",20,40,0.6,1,1780993221,"outputs/wcrit/01_distance_sensitivity/designs/distance_m20_n040_lambda060_rep01.rds",0.783475831903536,6000,0.305,64,97.4358974358974,9911.67692307692,0.670212765957447,0.95337043082267,0.783475831903536,95,9500,18328.6666666667
"distance",5,15,0.6,1,30932854,"outputs/wcrit/01_distance_sensitivity/designs/distance_m05_n015_lambda060_rep01.rds",0.534518329070759,6000,0.0310000000000006,2,5.33333333333333,31.7904761904762,0.25,0.961295822676897,0.534518329070759,5,31.25,45.2142857142857
"distance",10,30,0.6,1,52228452,"outputs/wcrit/01_distance_sensitivity/designs/distance_m10_n030_lambda060_rep01.rds",0.722032643446071,6000,0.103999999999999,13,23.2758620689655,579.404597701149,0.571428571428571,0.94793875147232,0.722032643446071,22,556.034482758621,1004.93103448276
"distance",20,60,0.6,1,1504055217,"outputs/wcrit/01_distance_sensitivity/designs/distance_m20_n060_lambda060_rep01.rds",0.763793174539121,6000,0.496,60,96.6101694915254,9699.56836158192,0.627659574468085,0.967993574645676,0.763793174539121,95,9419.49152542373,18170.1355932203
"distance",5,20,0.6,1,1914088519,"outputs/wcrit/01_distance_sensitivity/designs/distance_m05_n020_lambda060_rep01.rds",0.531989528795812,6000,0.0370000000000008,2,5.26315789473684,31.3052631578947,0.25,0.954973821989529,0.531989528795812,5,30.7017543859649,44.1052631578947
"distance",10,40,0.6,1,2061243079,"outputs/wcrit/01_distance_sensitivity/designs/distance_m10_n040_lambda060_rep01.rds",0.668124258013455,6000,0.15,11,23.0769230769231,570.820512820513,0.476190476190476,0.956024930747922,0.668124258013455,22,551.282051282051,995.589743589744
"distance",20,80,0.6,1,1227117213,"outputs/wcrit/01_distance_sensitivity/designs/distance_m20_n080_lambda060_rep01.rds",0.741400476800418,6000,0.728,56,96.2025316455696,9590.21772151899,0.585106382978723,0.97584161753296,0.741400476800418,95,9379.74683544304,18091.8734177215
"distance",5,25,0.6,1,2039947481,"outputs/wcrit/01_distance_sensitivity/designs/distance_m05_n025_lambda060_rep01.rds",0.5357843866171,6000,0.0470000000000006,2,5.2,30.8466666666667,0.25,0.964460966542751,0.5357843866171,5,30.3819444444444,43.4583333333333
"distance",10,50,0.6,1,1922774077,"outputs/wcrit/01_distance_sensitivity/designs/distance_m10_n050_lambda060_rep01.rds",0.64468625302048,6000,0.191999999999998,10,22.9591836734694,562.221224489796,0.428571428571429,0.968858489694057,0.64468625302048,22,548.469387755102,990.061224489796
"distance",20,100,0.6,1,636940885,"outputs/wcrit/01_distance_sensitivity/designs/distance_m20_n100_lambda060_rep01.rds",0.730808509055343,6000,1.004,54,95.959595959596,9518.75151515151,0.563829787234043,0.981276591787294,0.730808509055343,95,9356.06060606061,18045.2323232323
"distance",5,5,0.7,1,776804143,"outputs/wcrit/01_distance_sensitivity/designs/distance_m05_n005_lambda070_rep01.rds",0.766814254859611,6000,0.0149999999999988,4,6,40.2,0.75,0.806047516198704,0.766814254859611,5,36.4583333333333,55.75
"distance",10,10,0.7,1,329183617,"outputs/wcrit/01_distance_sensitivity/designs/distance_m10_n010_lambda070_rep01.rds",0.849495225102319,6000,0.0329999999999995,19,25,679.488888888889,0.857142857142857,0.831650750341064,0.849495225102319,22,597.222222222222,1085.88888888889
"distance",20,20,0.7,1,2057948386,"outputs/wcrit/01_distance_sensitivity/designs/distance_m20_n020_lambda070_rep01.rds",0.815675182670984,6000,0.135999999999999,74,100,10594.8631578947,0.776595744680851,0.906860537981294,0.815675182670984,95,9750,18820.9473684211
"distance",5,10,0.7,1,2052574682,"outputs/wcrit/01_distance_sensitivity/designs/distance_m05_n010_lambda070_rep01.rds",0.789058679706601,6000,0.0210000000000008,4,5.55555555555556,34.2222222222222,0.75,0.880195599022005,0.789058679706601,5,32.4074074074074,47.5555555555556
"distance",10,20,0.7,1,190714615,"outputs/wcrit/01_distance_sensitivity/designs/distance_m10_n020_lambda070_rep01.rds",0.742468228448936,6000,0.0660000000000007,15,23.6842105263158,602.757894736842,0.666666666666667,0.919338539274231,0.742468228448936,22,565.789473684211,1024.10526315789
"distance",20,40,0.7,1,1781010382,"outputs/wcrit/01_distance_sensitivity/designs/distance_m20_n040_lambda070_rep01.rds",0.739673972835354,6000,0.301,62,97.4358974358974,9929.11282051282,0.648936170212766,0.951395512288059,0.739673972835354,95,9500,18328.6666666667
"distance",5,15,0.7,1,30950015,"outputs/wcrit/01_distance_sensitivity/designs/distance_m05_n015_lambda070_rep01.rds",0.632250639386189,6000,0.0299999999999994,3,5.33333333333333,32.0761904761905,0.5,0.940835464620631,0.632250639386189,5,31.25,45.2142857142857
"distance",10,30,0.7,1,52245613,"outputs/wcrit/01_distance_sensitivity/designs/distance_m10_n030_lambda070_rep01.rds",0.684049777231525,6000,0.106,13,23.2758620689655,579.901149425287,0.571428571428571,0.946832590771752,0.684049777231525,22,556.034482758621,1004.93103448276
"distance",20,60,0.7,1,1504072378,"outputs/wcrit/01_distance_sensitivity/designs/distance_m20_n060_lambda070_rep01.rds",0.736891100200713,6000,0.500999999999999,61,96.6101694915254,9708.77062146893,0.638297872340426,0.966941965208049,0.736891100200713,95,9419.49152542373,18170.1355932203
"distance",5,20,0.7,1,1914105680,"outputs/wcrit/01_distance_sensitivity/designs/distance_m05_n020_lambda070_rep01.rds",0.459607329842932,6000,0.0329999999999995,2,5.26315789473684,31.3894736842105,0.25,0.94869109947644,0.459607329842932,5,30.7017543859649,44.1052631578947
"distance",10,40,0.7,1,2061260240,"outputs/wcrit/01_distance_sensitivity/designs/distance_m10_n040_lambda070_rep01.rds",0.620397045244691,6000,0.15,11,23.0769230769231,570.441025641026,0.476190476190476,0.956879039704525,0.620397045244691,22,551.282051282051,995.589743589744
"distance",20,80,0.7,1,1227134374,"outputs/wcrit/01_distance_sensitivity/designs/distance_m20_n080_lambda070_rep01.rds",0.701858117530518,6000,0.747,56,96.2025316455696,9603.8329113924,0.585106382978723,0.974278831484705,0.701858117530518,95,9379.74683544304,18091.8734177215
"distance",5,25,0.7,1,2039964642,"outputs/wcrit/01_distance_sensitivity/designs/distance_m05_n025_lambda070_rep01.rds",0.461279341476368,6000,0.0490000000000013,2,5.2,30.98,0.25,0.954264471587892,0.461279341476368,5,30.3819444444444,43.4583333333333
"distance",10,50,0.7,1,1922791238,"outputs/wcrit/01_distance_sensitivity/designs/distance_m10_n050_lambda070_rep01.rds",0.591065717718828,6000,0.197000000000001,10,22.9591836734694,561.620408163265,0.428571428571429,0.97021905906276,0.591065717718828,22,548.469387755102,990.061224489796
"distance",20,100,0.7,1,636958046,"outputs/wcrit/01_distance_sensitivity/designs/distance_m20_n100_lambda070_rep01.rds",0.688580942667451,6000,0.997,54,95.959595959596,9532.73777777778,0.563829787234043,0.979666972012071,0.688580942667451,95,9356.06060606061,18045.2323232323
"distance",5,5,0.8,1,776821304,"outputs/wcrit/01_distance_sensitivity/designs/distance_m05_n005_lambda080_rep01.rds",0.761209503239741,6000,0.0150000000000006,4,6,40.2,0.75,0.806047516198704,0.761209503239741,5,36.4583333333333,55.75
"distance",10,10,0.8,1,329200778,"outputs/wcrit/01_distance_sensitivity/designs/distance_m10_n010_lambda080_rep01.rds",0.89072175664263,6000,0.0310000000000006,20,25,678.066666666667,0.904761904761905,0.83456116416553,0.89072175664263,22,597.222222222222,1085.88888888889
"distance",20,20,0.8,1,2057965547,"outputs/wcrit/01_distance_sensitivity/designs/distance_m20_n020_lambda080_rep01.rds",0.812036172237368,6000,0.129999999999999,75,100,10555.0947368421,0.787234042553192,0.911244690974076,0.812036172237368,95,9750,18820.9473684211
"distance",5,10,0.8,1,2052591843,"outputs/wcrit/01_distance_sensitivity/designs/distance_m05_n010_lambda080_rep01.rds",0.776039119804401,6000,0.0210000000000008,4,5.55555555555556,34.2222222222222,0.75,0.880195599022005,0.776039119804401,5,32.4074074074074,47.5555555555556
"distance",10,20,0.8,1,190731776,"outputs/wcrit/01_distance_sensitivity/designs/distance_m10_n020_lambda080_rep01.rds",0.717513397642015,6000,0.0690000000000008,15,23.6842105263158,602.042105263158,0.666666666666667,0.920900321543409,0.717513397642015,22,565.789473684211,1024.10526315789
"distance",20,40,0.8,1,1781027543,"outputs/wcrit/01_distance_sensitivity/designs/distance_m20_n040_lambda080_rep01.rds",0.72727924569482,6000,0.292999999999999,64,97.4358974358974,9892.47692307692,0.670212765957447,0.955545164644311,0.72727924569482,95,9500,18328.6666666667
"distance",5,15,0.8,1,30967176,"outputs/wcrit/01_distance_sensitivity/designs/distance_m05_n015_lambda080_rep01.rds",0.584893435635124,6000,0.032,3,5.33333333333333,32.3047619047619,0.5,0.924467178175618,0.584893435635124,5,31.25,45.2142857142857
"distance",10,30,0.8,1,52262774,"outputs/wcrit/01_distance_sensitivity/designs/distance_m10_n030_lambda080_rep01.rds",0.608479687465707,6000,0.106,12,23.2758620689655,579.754022988506,0.523809523809524,0.947160342090439,0.608479687465707,22,556.034482758621,1004.93103448276
"distance",20,60,0.8,1,1504089539,"outputs/wcrit/01_distance_sensitivity/designs/distance_m20_n060_lambda080_rep01.rds",0.678844761558121,6000,0.512,58,96.6101694915254,9693.45762711864,0.606382978723404,0.968691892896988,0.678844761558121,95,9419.49152542373,18170.1355932203
"distance",5,20,0.8,1,1914122841,"outputs/wcrit/01_distance_sensitivity/designs/distance_m05_n020_lambda080_rep01.rds",0.389738219895288,6000,0.0329999999999995,2,5.26315789473684,31.3894736842105,0.25,0.94869109947644,0.389738219895288,5,30.7017543859649,44.1052631578947
"distance",10,40,0.8,1,2061277401,"outputs/wcrit/01_distance_sensitivity/designs/distance_m10_n040_lambda080_rep01.rds",0.572849887877589,6000,0.15,11,23.0769230769231,569.282051282051,0.476190476190476,0.959487534626039,0.572849887877589,22,551.282051282051,995.589743589744
"distance",20,80,0.8,1,1227151535,"outputs/wcrit/01_distance_sensitivity/designs/distance_m20_n080_lambda080_rep01.rds",0.671818786040341,6000,0.74,57,96.2025316455696,9587.83417721519,0.595744680851064,0.976115206797451,0.671818786040341,95,9379.74683544304,18091.8734177215
"distance",5,25,0.8,1,2039981803,"outputs/wcrit/01_distance_sensitivity/designs/distance_m05_n025_lambda080_rep01.rds",0.391566648964418,6000,0.0470000000000006,2,5.2,30.9333333333333,0.25,0.957833244822092,0.391566648964418,5,30.3819444444444,43.4583333333333
"distance",10,50,0.8,1,1922808399,"outputs/wcrit/01_distance_sensitivity/designs/distance_m10_n050_lambda080_rep01.rds",0.536060950972495,6000,0.202999999999999,10,22.9591836734694,563.475102040816,0.428571428571429,0.966019040576763,0.536060950972495,22,548.469387755102,990.061224489796
"distance",20,100,0.8,1,636975207,"outputs/wcrit/01_distance_sensitivity/designs/distance_m20_n100_lambda080_rep01.rds",0.647351790653423,6000,1.028,54,95.959595959596,9517.33333333333,0.563829787234043,0.981439804330945,0.647351790653423,95,9356.06060606061,18045.2323232323
"distance",5,5,0.9,1,776838465,"outputs/wcrit/01_distance_sensitivity/designs/distance_m05_n005_lambda090_rep01.rds",0.75560475161987,6000,0.0120000000000005,4,6,40.2,0.75,0.806047516198704,0.75560475161987,5,36.4583333333333,55.75
"distance",10,10,0.9,1,329217939,"outputs/wcrit/01_distance_sensitivity/designs/distance_m10_n010_lambda090_rep01.rds",0.85492106801793,6000,0.0310000000000006,19,25,677.888888888889,0.857142857142857,0.834924965893588,0.85492106801793,22,597.222222222222,1085.88888888889
"distance",20,20,0.9,1,2057982708,"outputs/wcrit/01_distance_sensitivity/designs/distance_m20_n020_lambda090_rep01.rds",0.780161943499767,6000,0.131,73,100,10584.5052631579,0.765957446808511,0.908002413721076,0.780161943499767,95,9750,18820.9473684211
"distance",5,10,0.9,1,2052609004,"outputs/wcrit/01_distance_sensitivity/designs/distance_m05_n010_lambda090_rep01.rds",0.7630195599022,6000,0.020999999999999,4,5.55555555555556,34.2222222222222,0.75,0.880195599022005,0.7630195599022,5,32.4074074074074,47.5555555555556
"distance",10,20,0.9,1,190748937,"outputs/wcrit/01_distance_sensitivity/designs/distance_m10_n020_lambda090_rep01.rds",0.69220946256316,6000,0.0700000000000003,15,23.6842105263158,601.494736842105,0.666666666666667,0.922094625631603,0.69220946256316,22,565.789473684211,1024.10526315789
"distance",20,40,0.9,1,1781044704,"outputs/wcrit/01_distance_sensitivity/designs/distance_m20_n040_lambda090_rep01.rds",0.708307520769086,6000,0.308999999999999,65,97.4358974358974,9893.62051282051,0.680851063829787,0.955415633222777,0.708307520769086,95,9500,18328.6666666667
"distance",5,15,0.9,1,30984337,"outputs/wcrit/01_distance_sensitivity/designs/distance_m05_n015_lambda090_rep01.rds",0.320583972719523,6000,0.0300000000000011,2,5.33333333333333,31.8666666666667,0.25,0.955839727195226,0.320583972719523,5,31.25,45.2142857142857
"distance",10,30,0.9,1,52279935,"outputs/wcrit/01_distance_sensitivity/designs/distance_m10_n030_lambda090_rep01.rds",0.565886501474149,6000,0.106,12,23.2758620689655,580.912643678161,0.523809523809524,0.944579300455779,0.565886501474149,22,556.034482758621,1004.93103448276
"distance",20,60,0.9,1,1504106700,"outputs/wcrit/01_distance_sensitivity/designs/distance_m20_n060_lambda090_rep01.rds",0.661801441078134,6000,0.513999999999999,60,96.6101694915254,9690.07683615819,0.627659574468085,0.969078240568572,0.661801441078134,95,9419.49152542373,18170.1355932203
"distance",5,20,0.9,1,1914140002,"outputs/wcrit/01_distance_sensitivity/designs/distance_m05_n020_lambda090_rep01.rds",0.321125654450262,6000,0.0350000000000001,2,5.26315789473684,31.2210526315789,0.25,0.961256544502618,0.321125654450262,5,30.7017543859649,44.1052631578947
"distance",10,40,0.9,1,2061294562,"outputs/wcrit/01_distance_sensitivity/designs/distance_m10_n040_lambda090_rep01.rds",0.524737171877061,6000,0.145999999999999,11,23.0769230769231,568.317948717949,0.476190476190476,0.961657433056325,0.524737171877061,22,551.282051282051,995.589743589744
"distance",20,80,0.9,1,1227168696,"outputs/wcrit/01_distance_sensitivity/designs/distance_m20_n080_lambda090_rep01.rds",0.605167895661096,6000,0.741000000000001,54,96.2025316455696,9578.28860759494,0.563829787234043,0.977210871504581,0.605167895661096,95,9379.74683544304,18091.8734177215
"distance",5,25,0.9,1,2039998964,"outputs/wcrit/01_distance_sensitivity/designs/distance_m05_n025_lambda090_rep01.rds",0.322465746149761,6000,0.0489999999999995,2,5.2,30.7133333333333,0.25,0.97465746149761,0.322465746149761,5,30.3819444444444,43.4583333333333
"distance",10,50,0.9,1,1922825560,"outputs/wcrit/01_distance_sensitivity/designs/distance_m10_n050_lambda090_rep01.rds",0.525072768806201,6000,0.193,11,22.9591836734694,563.919183673469,0.476190476190476,0.965013402347721,0.525072768806201,22,548.469387755102,990.061224489796
"distance",20,100,0.9,1,636992368,"outputs/wcrit/01_distance_sensitivity/designs/distance_m20_n100_lambda090_rep01.rds",0.595873595906637,6000,1.006,53,95.959595959596,9529.73494949495,0.553191489361702,0.98001255481105,0.595873595906637,95,9356.06060606061,18045.2323232323
"distance",5,5,1,1,751147561,"outputs/wcrit/01_distance_sensitivity/designs/distance_m05_n005_lambda100_rep01.rds",0.75,6000,0.0119999999999987,4,6,40.8,0.75,0.774946004319655,0.75,5,36.4583333333333,55.75
"distance",10,10,1,1,2126507094,"outputs/wcrit/01_distance_sensitivity/designs/distance_m10_n010_lambda100_rep01.rds",0.857142857142857,6000,0.0339999999999989,19,25,678.244444444444,0.857142857142857,0.834197362437472,0.857142857142857,22,597.222222222222,1085.88888888889
"distance",20,20,1,1,1091721193,"outputs/wcrit/01_distance_sensitivity/designs/distance_m20_n020_lambda100_rep01.rds",0.787234042553192,6000,0.134,75,100,10556.5263157895,0.787234042553192,0.911086870749878,0.787234042553192,95,9750,18820.9473684211
"distance",5,10,1,1,1324601658,"outputs/wcrit/01_distance_sensitivity/designs/distance_m05_n010_lambda100_rep01.rds",0.75,6000,0.0170000000000012,4,5.55555555555556,34.2222222222222,0.75,0.880195599022005,0.75,5,32.4074074074074,47.5555555555556
"distance",10,20,1,1,2051291423,"outputs/wcrit/01_distance_sensitivity/designs/distance_m10_n020_lambda100_rep01.rds",0.619047619047619,6000,0.0689999999999991,14,23.6842105263158,605.578947368421,0.619047619047619,0.913183279742765,0.619047619047619,22,565.789473684211,1024.10526315789
"distance",20,40,1,1,941289851,"outputs/wcrit/01_distance_sensitivity/designs/distance_m20_n040_lambda100_rep01.rds",0.670212765957447,6000,0.296999999999999,64,97.4358974358974,9922.0717948718,0.670212765957447,0.952193030861006,0.670212765957447,95,9500,18328.6666666667
"distance",5,15,1,1,649617634,"outputs/wcrit/01_distance_sensitivity/designs/distance_m05_n015_lambda100_rep01.rds",0.5,6000,0.0299999999999994,3,5.33333333333333,31.847619047619,0.5,0.957203751065644,0.5,5,31.25,45.2142857142857
"distance",10,30,1,1,1976075752,"outputs/wcrit/01_distance_sensitivity/designs/distance_m10_n030_lambda100_rep01.rds",0.571428571428571,6000,0.109999999999999,13,23.2758620689655,583.468965517241,0.571428571428571,0.938884621293594,0.571428571428571,22,556.034482758621,1004.93103448276
"distance",20,60,1,1,790858509,"outputs/wcrit/01_distance_sensitivity/designs/distance_m20_n060_lambda100_rep01.rds",0.617021276595745,6000,0.5,59,96.6101694915254,9718.78644067797,0.617021276595745,0.965797384405603,0.617021276595745,95,9419.49152542373,18170.1355932203
"distance",5,20,1,1,1249385987,"outputs/wcrit/01_distance_sensitivity/designs/distance_m05_n020_lambda100_rep01.rds",0.25,6000,0.0329999999999995,2,5.26315789473684,31.6631578947368,0.25,0.928272251308901,0.25,5,30.7017543859649,44.1052631578947
"distance",10,40,1,1,1900860081,"outputs/wcrit/01_distance_sensitivity/designs/distance_m10_n040_lambda100_rep01.rds",0.523809523809524,6000,0.154,12,23.0769230769231,571.148717948718,0.523809523809524,0.955286241920591,0.523809523809524,22,551.282051282051,995.589743589744
"distance",20,80,1,1,640427167,"outputs/wcrit/01_distance_sensitivity/designs/distance_m20_n080_lambda100_rep01.rds",0.595744680851064,6000,0.743,57,96.2025316455696,9592.89113924051,0.595744680851064,0.975534755861901,0.595744680851064,95,9379.74683544304,18091.8734177215
"distance",5,25,1,1,574401963,"outputs/wcrit/01_distance_sensitivity/designs/distance_m05_n025_lambda100_rep01.rds",0.25,6000,0.0499999999999989,2,5.2,31.0466666666667,0.25,0.949166224110462,0.25,5,30.3819444444444,43.4583333333333
"distance",10,50,1,1,1825644410,"outputs/wcrit/01_distance_sensitivity/designs/distance_m10_n050_lambda100_rep01.rds",0.428571428571429,6000,0.200999999999999,10,22.9591836734694,567.288979591837,0.428571428571429,0.957382382844995,0.428571428571429,22,548.469387755102,990.061224489796
"distance",20,100,1,1,1805046942,"outputs/wcrit/01_distance_sensitivity/designs/distance_m20_n100_lambda100_rep01.rds",0.563829787234043,6000,1.008,54,95.959595959596,9521.64444444444,0.563829787234043,0.980943656797965,0.563829787234043,95,9356.06060606061,18045.2323232323
"distance",5,5,0,2,751130401,"outputs/wcrit/01_distance_sensitivity/designs/distance_m05_n005_lambda000_rep02.rds",0.806047516198704,6000,0.0169999999999995,4,6,40.2,0.75,0.806047516198704,0.806047516198704,5,36.4583333333333,55.75
"distance",10,10,0,2,2126489934,"outputs/wcrit/01_distance_sensitivity/designs/distance_m10_n010_lambda000_rep02.rds",0.832742155525239,6000,0.0310000000000006,18,25,678.955555555556,0.80952380952381,0.832742155525239,0.832742155525239,22,597.222222222222,1085.88888888889
"distance",20,20,0,2,1091704033,"outputs/wcrit/01_distance_sensitivity/designs/distance_m20_n020_lambda000_rep02.rds",0.911662450391069,6000,0.134,70,100,10551.3052631579,0.734042553191489,0.911662450391069,0.911662450391069,95,9750,18820.9473684211
"distance",5,10,0,2,1324584498,"outputs/wcrit/01_distance_sensitivity/designs/distance_m05_n010_lambda000_rep02.rds",0.903667481662591,6000,0.0180000000000007,4,5.55555555555556,33.8666666666667,0.75,0.903667481662591,0.903667481662591,5,32.4074074074074,47.5555555555556
"distance",10,20,0,2,2051274263,"outputs/wcrit/01_distance_sensitivity/designs/distance_m10_n020_lambda000_rep02.rds",0.923932016536518,6000,0.0679999999999996,14,23.6842105263158,600.652631578947,0.619047619047619,0.923932016536518,0.923932016536518,22,565.789473684211,1024.10526315789
"distance",20,40,0,2,941272691,"outputs/wcrit/01_distance_sensitivity/designs/distance_m20_n040_lambda000_rep02.rds",0.956463501762905,6000,0.305999999999999,48,97.4358974358974,9884.36923076923,0.5,0.956463501762905,0.956463501762905,95,9500,18328.6666666667
"distance",5,15,0,2,649600474,"outputs/wcrit/01_distance_sensitivity/designs/distance_m05_n015_lambda000_rep02.rds",0.94765558397272,6000,0.0310000000000006,2,5.33333333333333,31.9809523809524,0.25,0.94765558397272,0.94765558397272,5,31.25,45.2142857142857
"distance",10,30,0,2,1976058592,"outputs/wcrit/01_distance_sensitivity/designs/distance_m10_n030_lambda000_rep02.rds",0.94912685000256,6000,0.112,11,23.2758620689655,578.871264367816,0.476190476190476,0.94912685000256,0.94912685000256,22,556.034482758621,1004.93103448276
"distance",20,60,0,2,790841349,"outputs/wcrit/01_distance_sensitivity/designs/distance_m20_n060_lambda000_rep02.rds",0.971160799140532,6000,0.513999999999999,56,96.6101694915254,9671.85310734463,0.585106382978723,0.971160799140532,0.971160799140532,95,9419.49152542373,18170.1355932203
"distance",5,20,0,2,1249368827,"outputs/wcrit/01_distance_sensitivity/designs/distance_m05_n020_lambda000_rep02.rds",0.961256544502618,6000,0.0350000000000001,2,5.26315789473684,31.2210526315789,0.25,0.961256544502618,0.961256544502618,5,30.7017543859649,44.1052631578947
"distance",10,40,0,2,1900842921,"outputs/wcrit/01_distance_sensitivity/designs/distance_m10_n040_lambda000_rep02.rds",0.963457987072946,6000,0.155000000000001,10,23.0769230769231,567.517948717949,0.428571428571429,0.963457987072946,0.963457987072946,22,551.282051282051,995.589743589744
"distance",20,80,0,2,640410007,"outputs/wcrit/01_distance_sensitivity/designs/distance_m20_n080_lambda000_rep02.rds",0.97819349720599,6000,0.739000000000001,52,96.2025316455696,9569.72784810127,0.542553191489362,0.97819349720599,0.97819349720599,95,9379.74683544304,18091.8734177215
"distance",5,25,0,2,574384803,"outputs/wcrit/01_distance_sensitivity/designs/distance_m05_n025_lambda000_rep02.rds",0.97465746149761,6000,0.048,1,5.2,30.7133333333333,0,0.97465746149761,0.97465746149761,5,30.3819444444444,43.4583333333333
"distance",10,50,0,2,1825627250,"outputs/wcrit/01_distance_sensitivity/designs/distance_m10_n050_lambda000_rep02.rds",0.96931694241612,6000,0.200000000000001,8,22.9591836734694,562.018775510204,0.333333333333333,0.96931694241612,0.96931694241612,22,548.469387755102,990.061224489796
"distance",20,100,0,2,1805029782,"outputs/wcrit/01_distance_sensitivity/designs/distance_m20_n100_lambda000_rep02.rds",0.983021617524656,6000,1.021,47,95.959595959596,9503.58868686869,0.48936170212766,0.983021617524656,0.983021617524656,95,9356.06060606061,18045.2323232323
"distance",5,5,0.1,2,776701178,"outputs/wcrit/01_distance_sensitivity/designs/distance_m05_n005_lambda010_rep02.rds",0.800442764578834,6000,0.0129999999999999,4,6,40.2,0.75,0.806047516198704,0.800442764578834,5,36.4583333333333,55.75
"distance",10,10,0.1,2,329080652,"outputs/wcrit/01_distance_sensitivity/designs/distance_m10_n010_lambda010_rep02.rds",0.841253816669915,6000,0.0349999999999984,20,25,678.244444444444,0.904761904761905,0.834197362437472,0.841253816669915,22,597.222222222222,1085.88888888889
"distance",20,20,0.1,2,2057845421,"outputs/wcrit/01_distance_sensitivity/designs/distance_m20_n020_lambda010_rep02.rds",0.8936922130336,6000,0.135,71,100,10564.1263157895,0.74468085106383,0.910249031030241,0.8936922130336,95,9750,18820.9473684211
"distance",5,10,0.1,2,2052471717,"outputs/wcrit/01_distance_sensitivity/designs/distance_m05_n010_lambda010_rep02.rds",0.852738386308068,6000,0.0180000000000007,3,5.55555555555556,34.0444444444444,0.5,0.891931540342298,0.852738386308068,5,32.4074074074074,47.5555555555556
"distance",10,20,0.1,2,190611650,"outputs/wcrit/01_distance_sensitivity/designs/distance_m10_n020_lambda010_rep02.rds",0.892120655336089,6000,0.0689999999999991,14,23.6842105263158,601.326315789474,0.619047619047619,0.922462103812586,0.892120655336089,22,565.789473684211,1024.10526315789
"distance",20,40,0.1,2,1780907417,"outputs/wcrit/01_distance_sensitivity/designs/distance_m20_n040_lambda010_rep02.rds",0.924309203033861,6000,0.302,63,97.4358974358974,9908.55384615385,0.659574468085106,0.953724173583722,0.924309203033861,95,9500,18328.6666666667
"distance",5,15,0.1,2,30847050,"outputs/wcrit/01_distance_sensitivity/designs/distance_m05_n015_lambda010_rep02.rds",0.891393861892583,6000,0.032,2,5.33333333333333,31.7714285714286,0.25,0.962659846547315,0.891393861892583,5,31.25,45.2142857142857
"distance",10,30,0.1,2,52142648,"outputs/wcrit/01_distance_sensitivity/designs/distance_m10_n030_lambda010_rep02.rds",0.907185069756893,6000,0.113999999999999,12,23.2758620689655,578.577011494253,0.523809523809524,0.949782352639934,0.907185069756893,22,556.034482758621,1004.93103448276
"distance",20,60,0.1,2,1503969413,"outputs/wcrit/01_distance_sensitivity/designs/distance_m20_n060_lambda010_rep02.rds",0.934599580244179,6000,0.510999999999999,59,96.6101694915254,9683.00790960452,0.617021276595745,0.969886058427338,0.934599580244179,95,9419.49152542373,18170.1355932203
"distance",5,20,0.1,2,1914002715,"outputs/wcrit/01_distance_sensitivity/designs/distance_m05_n020_lambda010_rep02.rds",0.894371727748691,6000,0.032,2,5.26315789473684,31.1578947368421,0.25,0.965968586387434,0.894371727748691,5,30.7017543859649,44.1052631578947
"distance",10,40,0.1,2,2061157275,"outputs/wcrit/01_distance_sensitivity/designs/distance_m10_n040_lambda010_rep02.rds",0.90587653343886,6000,0.152999999999999,10,23.0769230769231,569.538461538462,0.428571428571429,0.958910433979686,0.90587653343886,22,551.282051282051,995.589743589744
"distance",20,80,0.1,2,1227031409,"outputs/wcrit/01_distance_sensitivity/designs/distance_m20_n080_lambda010_rep02.rds",0.937937655492006,6000,0.744,56,96.2025316455696,9578.89620253165,0.585106382978723,0.977141130215704,0.937937655492006,95,9379.74683544304,18091.8734177215
"distance",5,25,0.1,2,2039861677,"outputs/wcrit/01_distance_sensitivity/designs/distance_m05_n025_lambda010_rep02.rds",0.883379182156134,6000,0.0510000000000002,2,5.2,30.9866666666667,0.25,0.953754646840148,0.883379182156134,5,30.3819444444444,43.4583333333333
"distance",10,50,0.1,2,1922688273,"outputs/wcrit/01_distance_sensitivity/designs/distance_m10_n050_lambda010_rep02.rds",0.914054762564976,6000,0.197000000000001,11,22.9591836734694,564.937959183673,0.476190476190476,0.962706349939921,0.914054762564976,22,548.469387755102,990.061224489796
"distance",20,100,0.1,2,636855081,"outputs/wcrit/01_distance_sensitivity/designs/distance_m20_n100_lambda010_rep02.rds",0.939144702161594,6000,0.996,53,95.959595959596,9512.21898989899,0.553191489361702,0.982028392472693,0.939144702161594,95,9356.06060606061,18045.2323232323
"distance",5,5,0.2,2,776718339,"outputs/wcrit/01_distance_sensitivity/designs/distance_m05_n005_lambda020_rep02.rds",0.794838012958963,6000,0.0119999999999987,4,6,40.2,0.75,0.806047516198704,0.794838012958963,5,36.4583333333333,55.75
"distance",10,10,0.2,2,329097813,"outputs/wcrit/01_distance_sensitivity/designs/distance_m10_n010_lambda020_rep02.rds",0.838786461378549,6000,0.0350000000000001,19,25,678.244444444444,0.857142857142857,0.834197362437472,0.838786461378549,22,597.222222222222,1085.88888888889
"distance",20,20,0.2,2,2057862582,"outputs/wcrit/01_distance_sensitivity/designs/distance_m20_n020_lambda020_rep02.rds",0.880468058440888,6000,0.131,72,100,10550.4631578947,0.75531914893617,0.911755285817068,0.880468058440888,95,9750,18820.9473684211
"distance",5,10,0.2,2,2052488878,"outputs/wcrit/01_distance_sensitivity/designs/distance_m05_n010_lambda020_rep02.rds",0.854156479217604,6000,0.0219999999999985,4,5.55555555555556,34.2222222222222,0.75,0.880195599022005,0.854156479217604,5,32.4074074074074,47.5555555555556
"distance",10,20,0.2,2,190628811,"outputs/wcrit/01_distance_sensitivity/designs/distance_m10_n020_lambda020_rep02.rds",0.864719032307457,6000,0.077,14,23.6842105263158,599.642105263158,0.619047619047619,0.926136885622416,0.864719032307457,22,565.789473684211,1024.10526315789
"distance",20,40,0.2,2,1780924578,"outputs/wcrit/01_distance_sensitivity/designs/distance_m20_n040_lambda020_rep02.rds",0.898244482803069,6000,0.299999999999999,64,97.4358974358974,9895.06153846154,0.670212765957447,0.955252412014475,0.898244482803069,95,9500,18328.6666666667
"distance",5,15,0.2,2,30864211,"outputs/wcrit/01_distance_sensitivity/designs/distance_m05_n015_lambda020_rep02.rds",0.814671781756181,6000,0.0289999999999999,2,5.33333333333333,31.8666666666667,0.25,0.955839727195226,0.814671781756181,5,31.25,45.2142857142857
"distance",10,30,0.2,2,52159809,"outputs/wcrit/01_distance_sensitivity/designs/distance_m10_n030_lambda020_rep02.rds",0.8698836043866,6000,0.110000000000001,13,23.2758620689655,580.949425287356,0.571428571428571,0.944497362626107,0.8698836043866,22,556.034482758621,1004.93103448276
"distance",20,60,0.2,2,1503986574,"outputs/wcrit/01_distance_sensitivity/designs/distance_m20_n060_lambda020_rep02.rds",0.896738146920252,6000,0.577999999999999,58,96.6101694915254,9687.90056497175,0.606382978723404,0.969326938969464,0.896738146920252,95,9419.49152542373,18170.1355932203
"distance",5,20,0.2,2,1914019876,"outputs/wcrit/01_distance_sensitivity/designs/distance_m05_n020_lambda020_rep02.rds",0.824031413612565,6000,0.0410000000000004,2,5.26315789473684,31.1368421052632,0.25,0.967539267015707,0.824031413612565,5,30.7017543859649,44.1052631578947
"distance",10,40,0.2,2,2061174436,"outputs/wcrit/01_distance_sensitivity/designs/distance_m10_n040_lambda020_rep02.rds",0.861812425801346,6000,0.155999999999999,11,23.0769230769231,569.846153846154,0.476190476190476,0.958217913204063,0.861812425801346,22,551.282051282051,995.589743589744
"distance",20,80,0.2,2,1227048570,"outputs/wcrit/01_distance_sensitivity/designs/distance_m20_n080_lambda020_rep02.rds",0.896640345718945,6000,0.750999999999999,55,96.2025316455696,9578.52784810127,0.574468085106383,0.977183410872086,0.896640345718945,95,9379.74683544304,18091.8734177215
"distance",5,25,0.2,2,2039878838,"outputs/wcrit/01_distance_sensitivity/designs/distance_m05_n025_lambda020_rep02.rds",0.819937334041423,6000,0.0520000000000014,2,5.2,30.8733333333333,0.25,0.962421667551779,0.819937334041423,5,30.3819444444444,43.4583333333333
"distance",10,50,0.2,2,1922705434,"outputs/wcrit/01_distance_sensitivity/designs/distance_m10_n050_lambda020_rep02.rds",0.859156563189099,6000,0.212,10,22.9591836734694,563.128979591837,0.428571428571429,0.966802846843516,0.859156563189099,22,548.469387755102,990.061224489796
"distance",20,100,0.2,2,636872242,"outputs/wcrit/01_distance_sensitivity/designs/distance_m20_n100_lambda020_rep02.rds",0.895685982904681,6000,1,53,95.959595959596,9518.46464646465,0.553191489361702,0.981309606290425,0.895685982904681,95,9356.06060606061,18045.2323232323
"distance",5,5,0.3,2,776735500,"outputs/wcrit/01_distance_sensitivity/designs/distance_m05_n005_lambda030_rep02.rds",0.789233261339093,6000,0.0139999999999993,4,6,40.2,0.75,0.806047516198704,0.789233261339093,5,36.4583333333333,55.75
"distance",10,10,0.3,2,329114974,"outputs/wcrit/01_distance_sensitivity/designs/distance_m10_n010_lambda030_rep02.rds",0.841590333268369,6000,0.0340000000000007,19,25,677.888888888889,0.857142857142857,0.834924965893588,0.841590333268369,22,597.222222222222,1085.88888888889
"distance",20,20,0.3,2,2057879743,"outputs/wcrit/01_distance_sensitivity/designs/distance_m20_n020_lambda030_rep02.rds",0.873775058775195,6000,0.131,75,100,10558.5473684211,0.787234042553192,0.910864065727482,0.873775058775195,95,9750,18820.9473684211
"distance",5,10,0.3,2,2052506039,"outputs/wcrit/01_distance_sensitivity/designs/distance_m05_n010_lambda030_rep02.rds",0.841136919315403,6000,0.0220000000000002,4,5.55555555555556,34.2222222222222,0.75,0.880195599022005,0.841136919315403,5,32.4074074074074,47.5555555555556
"distance",10,20,0.3,2,190645972,"outputs/wcrit/01_distance_sensitivity/designs/distance_m10_n020_lambda030_rep02.rds",0.846495176848875,6000,0.0670000000000002,15,23.6842105263158,600.821052631579,0.666666666666667,0.923564538355535,0.846495176848875,22,565.789473684211,1024.10526315789
"distance",20,40,0.3,2,1780941739,"outputs/wcrit/01_distance_sensitivity/designs/distance_m20_n040_lambda030_rep02.rds",0.868384097679125,6000,0.308,64,97.4358974358974,9912.16923076923,0.670212765957447,0.953314668416987,0.868384097679125,95,9500,18328.6666666667
"distance",5,15,0.3,2,30881372,"outputs/wcrit/01_distance_sensitivity/designs/distance_m05_n015_lambda030_rep02.rds",0.750771526001705,6000,0.032,2,5.33333333333333,31.7333333333333,0.25,0.96538789428815,0.750771526001705,5,31.25,45.2142857142857
"distance",10,30,0.3,2,52176970,"outputs/wcrit/01_distance_sensitivity/designs/distance_m10_n030_lambda030_rep02.rds",0.819380784115766,6000,0.107999999999999,12,23.2758620689655,580.250574712644,0.523809523809524,0.94605418138987,0.819380784115766,22,556.034482758621,1004.93103448276
"distance",20,60,0.3,2,1504003735,"outputs/wcrit/01_distance_sensitivity/designs/distance_m20_n060_lambda030_rep02.rds",0.860358604620699,6000,0.569999999999999,58,96.6101694915254,9688.96497175141,0.606382978723404,0.969205301433825,0.860358604620699,95,9419.49152542373,18170.1355932203
"distance",5,20,0.3,2,1914037037,"outputs/wcrit/01_distance_sensitivity/designs/distance_m05_n020_lambda030_rep02.rds",0.742382198952879,6000,0.0289999999999999,2,5.26315789473684,31.3263157894737,0.25,0.953403141361256,0.742382198952879,5,30.7017543859649,44.1052631578947
"distance",10,40,0.3,2,2061191597,"outputs/wcrit/01_distance_sensitivity/designs/distance_m10_n040_lambda030_rep02.rds",0.815128611001187,6000,0.145,11,23.0769230769231,568.882051282051,0.476190476190476,0.960387811634349,0.815128611001187,22,551.282051282051,995.589743589744
"distance",20,80,0.3,2,1227065731,"outputs/wcrit/01_distance_sensitivity/designs/distance_m20_n080_lambda030_rep02.rds",0.856013350510629,6000,0.824000000000002,55,96.2025316455696,9582.95189873418,0.574468085106383,0.976675607112449,0.856013350510629,95,9379.74683544304,18091.8734177215
"distance",5,25,0.3,2,2039895999,"outputs/wcrit/01_distance_sensitivity/designs/distance_m05_n025_lambda030_rep02.rds",0.756189591078067,6000,0.0549999999999997,2,5.2,30.7333333333333,0.25,0.973127987254381,0.756189591078067,5,30.3819444444444,43.4583333333333
"distance",10,50,0.3,2,1922722595,"outputs/wcrit/01_distance_sensitivity/designs/distance_m10_n050_lambda030_rep02.rds",0.819349979533361,6000,0.206,11,22.9591836734694,563.298775510204,0.476190476190476,0.966418338108882,0.819349979533361,22,548.469387755102,990.061224489796
"distance",20,100,0.3,2,636889403,"outputs/wcrit/01_distance_sensitivity/designs/distance_m20_n100_lambda030_rep02.rds",0.855767507060721,6000,1.096,54,95.959595959596,9522.16565656566,0.563829787234043,0.980883672700726,0.855767507060721,95,9356.06060606061,18045.2323232323
"distance",5,5,0.4,2,776752661,"outputs/wcrit/01_distance_sensitivity/designs/distance_m05_n005_lambda040_rep02.rds",0.783628509719222,6000,0.0149999999999988,4,6,40.2,0.75,0.806047516198704,0.783628509719222,5,36.4583333333333,55.75
"distance",10,10,0.4,2,329132135,"outputs/wcrit/01_distance_sensitivity/designs/distance_m10_n010_lambda040_rep02.rds",0.842502436172286,6000,0.0279999999999987,19,25,678.955555555556,0.857142857142857,0.832742155525239,0.842502436172286,22,597.222222222222,1085.88888888889
"distance",20,20,0.4,2,2057896904,"outputs/wcrit/01_distance_sensitivity/designs/distance_m20_n020_lambda040_rep02.rds",0.85585193539642,6000,0.123999999999999,74,100,10578.2736842105,0.776595744680851,0.908689395873465,0.85585193539642,95,9750,18820.9473684211
"distance",5,10,0.4,2,2052523200,"outputs/wcrit/01_distance_sensitivity/designs/distance_m05_n010_lambda040_rep02.rds",0.828117359413203,6000,0.0180000000000007,4,5.55555555555556,34.2222222222222,0.75,0.880195599022005,0.828117359413203,5,32.4074074074074,47.5555555555556
"distance",10,20,0.4,2,190663133,"outputs/wcrit/01_distance_sensitivity/designs/distance_m10_n020_lambda040_rep02.rds",0.799222171183586,6000,0.0630000000000006,14,23.6842105263158,602.757894736842,0.619047619047619,0.919338539274231,0.799222171183586,22,565.789473684211,1024.10526315789
"distance",20,40,0.4,2,1780958900,"outputs/wcrit/01_distance_sensitivity/designs/distance_m20_n040_lambda040_rep02.rds",0.836254929108705,6000,0.382999999999999,63,97.4358974358974,9905.74871794872,0.659574468085106,0.954041903124437,0.836254929108705,95,9500,18328.6666666667
"distance",5,15,0.4,2,30898533,"outputs/wcrit/01_distance_sensitivity/designs/distance_m05_n015_lambda040_rep02.rds",0.680869565217391,6000,0.0289999999999999,2,5.33333333333333,31.6952380952381,0.25,0.968115942028985,0.680869565217391,5,31.25,45.2142857142857
"distance",10,30,0.4,2,52194131,"outputs/wcrit/01_distance_sensitivity/designs/distance_m10_n030_lambda040_rep02.rds",0.777869177475876,6000,0.103,12,23.2758620689655,579.71724137931,0.523809523809524,0.947242279920111,0.777869177475876,22,556.034482758621,1004.93103448276
"distance",20,60,0.4,2,1504020896,"outputs/wcrit/01_distance_sensitivity/designs/distance_m20_n060_lambda040_rep02.rds",0.826483885622803,6000,0.553000000000001,59,96.6101694915254,9715.91412429379,0.617021276595745,0.966125624974175,0.826483885622803,95,9419.49152542373,18170.1355932203
"distance",5,20,0.4,2,1914054198,"outputs/wcrit/01_distance_sensitivity/designs/distance_m05_n020_lambda040_rep02.rds",0.672984293193717,6000,0.0329999999999995,2,5.26315789473684,31.3052631578947,0.25,0.954973821989529,0.672984293193717,5,30.7017543859649,44.1052631578947
"distance",10,40,0.4,2,2061208758,"outputs/wcrit/01_distance_sensitivity/designs/distance_m10_n040_lambda040_rep02.rds",0.764229653080069,6000,0.15,11,23.0769230769231,570.717948717949,0.476190476190476,0.956255771006463,0.764229653080069,22,551.282051282051,995.589743589744
"distance",20,80,0.4,2,1227082892,"outputs/wcrit/01_distance_sensitivity/designs/distance_m20_n080_lambda040_rep02.rds",0.824547331118965,6000,0.825000000000001,57,96.2025316455696,9579.40759493671,0.595744680851064,0.977082431297566,0.824547331118965,95,9379.74683544304,18091.8734177215
"distance",5,25,0.4,2,2039913160,"outputs/wcrit/01_distance_sensitivity/designs/distance_m05_n025_lambda040_rep02.rds",0.681429633563463,6000,0.0469999999999988,2,5.2,30.7866666666667,0.25,0.969049389272438,0.681429633563463,5,30.3819444444444,43.4583333333333
"distance",10,50,0.4,2,1922739756,"outputs/wcrit/01_distance_sensitivity/designs/distance_m10_n050_lambda040_rep02.rds",0.751758731332444,6000,0.192,10,22.9591836734694,562.94612244898,0.428571428571429,0.967216933173121,0.751758731332444,22,548.469387755102,990.061224489796
"distance",20,100,0.4,2,636906564,"outputs/wcrit/01_distance_sensitivity/designs/distance_m20_n100_lambda040_rep02.rds",0.813890257100567,6000,1.091,54,95.959595959596,9524.65454545454,0.563829787234043,0.980597237011583,0.813890257100567,95,9356.06060606061,18045.2323232323
"distance",5,5,0.5,2,776769822,"outputs/wcrit/01_distance_sensitivity/designs/distance_m05_n005_lambda050_rep02.rds",0.778023758099352,6000,0.0109999999999992,4,6,40.2,0.75,0.806047516198704,0.778023758099352,5,36.4583333333333,55.75
"distance",10,10,0.5,2,329149296,"outputs/wcrit/01_distance_sensitivity/designs/distance_m10_n010_lambda050_rep02.rds",0.846033911518222,6000,0.0300000000000011,19,25,677.888888888889,0.857142857142857,0.834924965893588,0.846033911518222,22,597.222222222222,1085.88888888889
"distance",20,20,0.5,2,2057914065,"outputs/wcrit/01_distance_sensitivity/designs/distance_m20_n020_lambda050_rep02.rds",0.853740403508191,6000,0.128,76,100,10569.9368421053,0.797872340425532,0.909608466590851,0.853740403508191,95,9750,18820.9473684211
"distance",5,10,0.5,2,2052540361,"outputs/wcrit/01_distance_sensitivity/designs/distance_m05_n010_lambda050_rep02.rds",0.815097799511002,6000,0.0190000000000001,4,5.55555555555556,34.2222222222222,0.75,0.880195599022005,0.815097799511002,5,32.4074074074074,47.5555555555556
"distance",10,20,0.5,2,190680294,"outputs/wcrit/01_distance_sensitivity/designs/distance_m10_n020_lambda050_rep02.rds",0.771443883019446,6000,0.0700000000000003,14,23.6842105263158,600.694736842105,0.619047619047619,0.923840146991272,0.771443883019446,22,565.789473684211,1024.10526315789
"distance",20,40,0.5,2,1780976061,"outputs/wcrit/01_distance_sensitivity/designs/distance_m20_n040_lambda050_rep02.rds",0.817464199658084,6000,0.289,65,97.4358974358974,9905.4358974359,0.680851063829787,0.954077335486382,0.817464199658084,95,9500,18328.6666666667
"distance",5,15,0.5,2,30915694,"outputs/wcrit/01_distance_sensitivity/designs/distance_m05_n015_lambda050_rep02.rds",0.60496589940324,6000,0.0269999999999992,2,5.33333333333333,31.8095238095238,0.25,0.959931798806479,0.60496589940324,5,31.25,45.2142857142857
"distance",10,30,0.5,2,52211292,"outputs/wcrit/01_distance_sensitivity/designs/distance_m10_n030_lambda050_rep02.rds",0.757143588730622,6000,0.101000000000001,13,23.2758620689655,581.685057471264,0.571428571428571,0.942858606032673,0.757143588730622,22,556.034482758621,1004.93103448276
"distance",20,60,0.5,2,1504038057,"outputs/wcrit/01_distance_sensitivity/designs/distance_m20_n060_lambda050_rep02.rds",0.793518101832437,6000,0.493,59,96.6101694915254,9681.8802259887,0.617021276595745,0.97001492706913,0.793518101832437,95,9419.49152542373,18170.1355932203
"distance",5,20,0.5,2,1914071359,"outputs/wcrit/01_distance_sensitivity/designs/distance_m05_n020_lambda050_rep02.rds",0.601701570680628,6000,0.0329999999999995,2,5.26315789473684,31.3263157894737,0.25,0.953403141361256,0.601701570680628,5,30.7017543859649,44.1052631578947
"distance",10,40,0.5,2,2061225919,"outputs/wcrit/01_distance_sensitivity/designs/distance_m10_n040_lambda050_rep02.rds",0.716580925999209,6000,0.142000000000001,11,23.0769230769231,570.4,0.476190476190476,0.956971375807941,0.716580925999209,22,551.282051282051,995.589743589744
"distance",20,80,0.5,2,1227100053,"outputs/wcrit/01_distance_sensitivity/designs/distance_m20_n080_lambda050_rep02.rds",0.781233017949788,6000,0.711,56,96.2025316455696,9576.99240506329,0.585106382978723,0.977359652920852,0.781233017949788,95,9379.74683544304,18091.8734177215
"distance",5,25,0.5,2,2039930321,"outputs/wcrit/01_distance_sensitivity/designs/distance_m05_n025_lambda050_rep02.rds",0.601367498672331,6000,0.0459999999999994,2,5.2,31,0.25,0.952734997344663,0.601367498672331,5,30.3819444444444,43.4583333333333
"distance",10,50,0.5,2,1922756917,"outputs/wcrit/01_distance_sensitivity/designs/distance_m10_n050_lambda050_rep02.rds",0.723419205190164,6000,0.186999999999999,11,22.9591836734694,561.431020408163,0.476190476190476,0.970647934189851,0.723419205190164,22,548.469387755102,990.061224489796
"distance",20,100,0.5,2,636923725,"outputs/wcrit/01_distance_sensitivity/designs/distance_m20_n100_lambda050_rep02.rds",0.767083754836298,6000,0.998000000000001,53,95.959595959596,9521.36323232323,0.553191489361702,0.980976020310894,0.767083754836298,95,9356.06060606061,18045.2323232323
"distance",5,5,0.6,2,776786983,"outputs/wcrit/01_distance_sensitivity/designs/distance_m05_n005_lambda060_rep02.rds",0.772419006479482,6000,0.0150000000000006,4,6,40.2,0.75,0.806047516198704,0.772419006479482,5,36.4583333333333,55.75
"distance",10,10,0.6,2,329166457,"outputs/wcrit/01_distance_sensitivity/designs/distance_m10_n010_lambda060_rep02.rds",0.847964659260703,6000,0.0329999999999995,19,25,678.244444444444,0.857142857142857,0.834197362437472,0.847964659260703,22,597.222222222222,1085.88888888889
"distance",20,20,0.6,2,2057931226,"outputs/wcrit/01_distance_sensitivity/designs/distance_m20_n020_lambda060_rep02.rds",0.823240539057789,6000,0.119,73,100,10573.9578947368,0.765957446808511,0.909165177431708,0.823240539057789,95,9750,18820.9473684211
"distance",5,10,0.6,2,2052557522,"outputs/wcrit/01_distance_sensitivity/designs/distance_m05_n010_lambda060_rep02.rds",0.811466992665037,6000,0.0179999999999989,4,5.55555555555556,33.8666666666667,0.75,0.903667481662591,0.811466992665037,5,32.4074074074074,47.5555555555556
"distance",10,20,0.6,2,190697455,"outputs/wcrit/01_distance_sensitivity/designs/distance_m10_n020_lambda060_rep02.rds",0.764795590261828,6000,0.0670000000000002,15,23.6842105263158,606.126315789474,0.666666666666667,0.911988975654571,0.764795590261828,22,565.789473684211,1024.10526315789
"distance",20,40,0.6,2,1780993222,"outputs/wcrit/01_distance_sensitivity/designs/distance_m20_n040_lambda060_rep02.rds",0.782740697521947,6000,0.284000000000001,64,97.4358974358974,9927.90256410256,0.670212765957447,0.951532594868697,0.782740697521947,95,9500,18328.6666666667
"distance",5,15,0.6,2,30932855,"outputs/wcrit/01_distance_sensitivity/designs/distance_m05_n015_lambda060_rep02.rds",0.531244671781756,6000,0.0389999999999997,2,5.33333333333333,31.9047619047619,0.25,0.95311167945439,0.531244671781756,5,31.25,45.2142857142857
"distance",10,30,0.6,2,52228453,"outputs/wcrit/01_distance_sensitivity/designs/distance_m10_n030_lambda060_rep02.rds",0.72331087358895,6000,0.100999999999999,13,23.2758620689655,577.970114942529,0.571428571428571,0.951134326829518,0.72331087358895,22,556.034482758621,1004.93103448276
"distance",20,60,0.6,2,1504055218,"outputs/wcrit/01_distance_sensitivity/designs/distance_m20_n060_lambda060_rep02.rds",0.764218673485446,6000,0.5,60,96.6101694915254,9690.25988700565,0.627659574468085,0.969057322011487,0.764218673485446,95,9419.49152542373,18170.1355932203
"distance",5,20,0.6,2,1914088520,"outputs/wcrit/01_distance_sensitivity/designs/distance_m05_n020_lambda060_rep02.rds",0.531361256544503,6000,0.0359999999999996,2,5.26315789473684,31.3263157894737,0.25,0.953403141361256,0.531361256544503,5,30.7017543859649,44.1052631578947
"distance",10,40,0.6,2,2061243080,"outputs/wcrit/01_distance_sensitivity/designs/distance_m10_n040_lambda060_rep02.rds",0.697942223981005,6000,0.141999999999999,12,23.0769230769231,569.435897435897,0.523809523809524,0.959141274238227,0.697942223981005,22,551.282051282051,995.589743589744
"distance",20,80,0.6,2,1227117214,"outputs/wcrit/01_distance_sensitivity/designs/distance_m20_n080_lambda060_rep02.rds",0.754890523178994,6000,0.732000000000001,58,96.2025316455696,9574.44683544304,0.606382978723404,0.977651839862377,0.754890523178994,95,9379.74683544304,18091.8734177215
"distance",5,25,0.6,2,2039947482,"outputs/wcrit/01_distance_sensitivity/designs/distance_m05_n025_lambda060_rep02.rds",0.538231545406267,6000,0.0510000000000002,2,5.2,30.7666666666667,0.25,0.970578863515666,0.538231545406267,5,30.3819444444444,43.4583333333333
"distance",10,50,0.6,2,1922774078,"outputs/wcrit/01_distance_sensitivity/designs/distance_m10_n050_lambda060_rep02.rds",0.644047376969089,6000,0.201000000000001,10,22.9591836734694,562.926530612245,0.428571428571429,0.967261299565579,0.644047376969089,22,548.469387755102,990.061224489796
"distance",20,100,0.6,2,636940886,"outputs/wcrit/01_distance_sensitivity/designs/distance_m20_n100_lambda060_rep02.rds",0.724363481665771,6000,0.976000000000001,53,95.959595959596,9520.09939393939,0.553191489361702,0.981121470121875,0.724363481665771,95,9356.06060606061,18045.2323232323
"distance",5,5,0.7,2,776804144,"outputs/wcrit/01_distance_sensitivity/designs/distance_m05_n005_lambda070_rep02.rds",0.766814254859611,6000,0.0150000000000006,4,6,40.2,0.75,0.806047516198704,0.766814254859611,5,36.4583333333333,55.75
"distance",10,10,0.7,2,329183618,"outputs/wcrit/01_distance_sensitivity/designs/distance_m10_n010_lambda070_rep02.rds",0.883483401546157,6000,0.0329999999999995,20,25,678.422222222222,0.904761904761905,0.833833560709413,0.883483401546157,22,597.222222222222,1085.88888888889
"distance",20,20,0.7,2,2057948387,"outputs/wcrit/01_distance_sensitivity/designs/distance_m20_n020_lambda070_rep02.rds",0.816104082339097,6000,0.125999999999999,74,100,10581.8947368421,0.776595744680851,0.908290203541672,0.816104082339097,95,9750,18820.9473684211
"distance",5,10,0.7,2,2052574683,"outputs/wcrit/01_distance_sensitivity/designs/distance_m05_n010_lambda070_rep02.rds",0.789058679706601,6000,0.016,4,5.55555555555556,34.2222222222222,0.75,0.880195599022005,0.789058679706601,5,32.4074074074074,47.5555555555556
"distance",10,20,0.7,2,190714616,"outputs/wcrit/01_distance_sensitivity/designs/distance_m10_n020_lambda070_rep02.rds",0.710099525340683,6000,0.0679999999999996,14,23.6842105263158,601.284210526316,0.619047619047619,0.922553973357832,0.710099525340683,22,565.789473684211,1024.10526315789
"distance",20,40,0.7,2,1781010383,"outputs/wcrit/01_distance_sensitivity/designs/distance_m20_n040_lambda070_rep02.rds",0.747693217291833,6000,0.290000000000001,63,97.4358974358974,9912.26666666667,0.659574468085106,0.953303632107529,0.747693217291833,95,9500,18328.6666666667
"distance",5,15,0.7,2,30950016,"outputs/wcrit/01_distance_sensitivity/designs/distance_m05_n015_lambda070_rep02.rds",0.461342710997442,6000,0.027000000000001,2,5.33333333333333,31.8857142857143,0.25,0.954475703324808,0.461342710997442,5,31.25,45.2142857142857
"distance",10,30,0.7,2,52245614,"outputs/wcrit/01_distance_sensitivity/designs/distance_m10_n030_lambda070_rep02.rds",0.683324627438931,6000,0.106999999999999,13,23.2758620689655,580.986206896552,0.571428571428571,0.944415424796436,0.683324627438931,22,556.034482758621,1004.93103448276
"distance",20,60,0.7,2,1504072379,"outputs/wcrit/01_distance_sensitivity/designs/distance_m20_n060_lambda070_rep02.rds",0.722405007661895,6000,0.497,59,96.6101694915254,9696.88361581921,0.617021276595745,0.968300380149581,0.722405007661895,95,9419.49152542373,18170.1355932203
"distance",5,20,0.7,2,1914105681,"outputs/wcrit/01_distance_sensitivity/designs/distance_m05_n020_lambda070_rep02.rds",0.463376963350785,6000,0.0340000000000007,2,5.26315789473684,31.2210526315789,0.25,0.961256544502618,0.463376963350785,5,30.7017543859649,44.1052631578947
"distance",10,40,0.7,2,2061260241,"outputs/wcrit/01_distance_sensitivity/designs/distance_m10_n040_lambda070_rep02.rds",0.621124192059095,6000,0.148000000000001,11,23.0769230769231,569.364102564103,0.476190476190476,0.959302862419206,0.621124192059095,22,551.282051282051,995.589743589744
"distance",20,80,0.7,2,1227134375,"outputs/wcrit/01_distance_sensitivity/designs/distance_m20_n080_lambda070_rep02.rds",0.694519538782556,6000,0.738,55,96.2025316455696,9600.68987341772,0.574468085106383,0.974639597360292,0.694519538782556,95,9379.74683544304,18091.8734177215
"distance",5,25,0.7,2,2039964643,"outputs/wcrit/01_distance_sensitivity/designs/distance_m05_n025_lambda070_rep02.rds",0.292703133297929,6000,0.0470000000000006,1,5.2,30.7,0,0.975677110993096,0.292703133297929,5,30.3819444444444,43.4583333333333
"distance",10,50,0.7,2,1922791239,"outputs/wcrit/01_distance_sensitivity/designs/distance_m10_n050_lambda070_rep02.rds",0.623848907785686,6000,0.196,11,22.9591836734694,562.430204081633,0.476190476190476,0.968385248174508,0.623848907785686,22,548.469387755102,990.061224489796
"distance",20,100,0.7,2,636958047,"outputs/wcrit/01_distance_sensitivity/designs/distance_m20_n100_lambda070_rep02.rds",0.688832150486773,6000,0.987,54,95.959595959596,9525.46181818182,0.563829787234043,0.980504331409812,0.688832150486773,95,9356.06060606061,18045.2323232323
"distance",5,5,0.8,2,776821305,"outputs/wcrit/01_distance_sensitivity/designs/distance_m05_n005_lambda080_rep02.rds",0.761209503239741,6000,0.0109999999999992,4,6,40.2,0.75,0.806047516198704,0.761209503239741,5,36.4583333333333,55.75
"distance",10,10,0.8,2,329200779,"outputs/wcrit/01_distance_sensitivity/designs/distance_m10_n010_lambda080_rep02.rds",0.852480997856168,6000,0.032,19,25,678.422222222222,0.857142857142857,0.833833560709413,0.852480997856168,22,597.222222222222,1085.88888888889
"distance",20,20,0.8,2,2057965548,"outputs/wcrit/01_distance_sensitivity/designs/distance_m20_n020_lambda080_rep02.rds",0.794680688108029,6000,0.127000000000001,73,100,10570.2526315789,0.765957446808511,0.909573653306102,0.794680688108029,95,9750,18820.9473684211
"distance",5,10,0.8,2,2052591844,"outputs/wcrit/01_distance_sensitivity/designs/distance_m05_n010_lambda080_rep02.rds",0.776039119804401,6000,0.020999999999999,4,5.55555555555556,34.2222222222222,0.75,0.880195599022005,0.776039119804401,5,32.4074074074074,47.5555555555556
"distance",10,20,0.8,2,190731777,"outputs/wcrit/01_distance_sensitivity/designs/distance_m10_n020_lambda080_rep02.rds",0.717311284642474,6000,0.0679999999999996,15,23.6842105263158,602.505263157895,0.666666666666667,0.919889756545705,0.717311284642474,22,565.789473684211,1024.10526315789
"distance",20,40,0.8,2,1781027544,"outputs/wcrit/01_distance_sensitivity/designs/distance_m20_n040_lambda080_rep02.rds",0.735567763743388,6000,0.289000000000001,65,97.4358974358974,9902.28205128205,0.680851063829787,0.954434563397789,0.735567763743388,95,9500,18328.6666666667
"distance",5,15,0.8,2,30967177,"outputs/wcrit/01_distance_sensitivity/designs/distance_m05_n015_lambda080_rep02.rds",0.583802216538789,6000,0.0309999999999988,3,5.33333333333333,32.3809523809524,0.5,0.919011082693947,0.583802216538789,5,31.25,45.2142857142857
"distance",10,30,0.8,2,52262775,"outputs/wcrit/01_distance_sensitivity/designs/distance_m10_n030_lambda080_rep02.rds",0.608569819078346,6000,0.106,12,23.2758620689655,579.551724137931,0.523809523809524,0.947611000153633,0.608569819078346,22,556.034482758621,1004.93103448276
"distance",20,60,0.8,2,1504089540,"outputs/wcrit/01_distance_sensitivity/designs/distance_m20_n060_lambda080_rep02.rds",0.687395274241349,6000,0.487,59,96.6101694915254,9691.71299435028,0.617021276595745,0.968891264823768,0.687395274241349,95,9419.49152542373,18170.1355932203
"distance",5,20,0.8,2,1914122842,"outputs/wcrit/01_distance_sensitivity/designs/distance_m05_n020_lambda080_rep02.rds",0.389738219895288,6000,0.0299999999999994,2,5.26315789473684,31.3894736842105,0.25,0.94869109947644,0.389738219895288,5,30.7017543859649,44.1052631578947
"distance",10,40,0.8,2,2061277402,"outputs/wcrit/01_distance_sensitivity/designs/distance_m10_n040_lambda080_rep02.rds",0.61046036142989,6000,0.145,12,23.0769230769231,570.358974358974,0.523809523809524,0.957063711911357,0.61046036142989,22,551.282051282051,995.589743589744
"distance",20,80,0.8,2,1227151536,"outputs/wcrit/01_distance_sensitivity/designs/distance_m20_n080_lambda080_rep02.rds",0.663564098272648,6000,0.712,56,96.2025316455696,9576.68481012658,0.585106382978723,0.977394959448346,0.663564098272648,95,9379.74683544304,18091.8734177215
"distance",5,25,0.8,2,2039981804,"outputs/wcrit/01_distance_sensitivity/designs/distance_m05_n025_lambda080_rep02.rds",0.392280403611259,6000,0.0519999999999996,2,5.2,30.8866666666667,0.25,0.961402018056293,0.392280403611259,5,30.3819444444444,43.4583333333333
"distance",10,50,0.8,2,1922808400,"outputs/wcrit/01_distance_sensitivity/designs/distance_m10_n050_lambda080_rep02.rds",0.536235458782829,6000,0.195,10,22.9591836734694,563.089795918367,0.428571428571429,0.966891579628431,0.536235458782829,22,548.469387755102,990.061224489796
"distance",20,100,0.8,2,636975208,"outputs/wcrit/01_distance_sensitivity/designs/distance_m20_n100_lambda080_rep02.rds",0.638590074734269,6000,1.014,53,95.959595959596,9528.24161616162,0.553191489361702,0.980184416224536,0.638590074734269,95,9356.06060606061,18045.2323232323
"distance",5,5,0.9,2,776838466,"outputs/wcrit/01_distance_sensitivity/designs/distance_m05_n005_lambda090_rep02.rds",0.75560475161987,6000,0.0120000000000005,4,6,40.2,0.75,0.806047516198704,0.75560475161987,5,36.4583333333333,55.75
"distance",10,10,0.9,2,329217940,"outputs/wcrit/01_distance_sensitivity/designs/distance_m10_n010_lambda090_rep02.rds",0.854666406808289,6000,0.0289999999999999,19,25,679.133333333333,0.857142857142857,0.832378353797181,0.854666406808289,22,597.222222222222,1085.88888888889
"distance",20,20,0.9,2,2057982709,"outputs/wcrit/01_distance_sensitivity/designs/distance_m20_n020_lambda090_rep02.rds",0.78993136597947,6000,0.122,74,100,10566.8210526316,0.776595744680851,0.909951957667046,0.78993136597947,95,9750,18820.9473684211
"distance",5,10,0.9,2,2052609005,"outputs/wcrit/01_distance_sensitivity/designs/distance_m05_n010_lambda090_rep02.rds",0.7630195599022,6000,0.0190000000000001,4,5.55555555555556,34.2222222222222,0.75,0.880195599022005,0.7630195599022,5,32.4074074074074,47.5555555555556
"distance",10,20,0.9,2,190748938,"outputs/wcrit/01_distance_sensitivity/designs/distance_m10_n020_lambda090_rep02.rds",0.6491961414791,6000,0.0679999999999996,14,23.6842105263158,602.210526315789,0.619047619047619,0.920532843362425,0.6491961414791,22,565.789473684211,1024.10526315789
"distance",20,40,0.9,2,1781044705,"outputs/wcrit/01_distance_sensitivity/designs/distance_m20_n040_lambda090_rep02.rds",0.698791545124108,6000,0.288,64,97.4358974358974,9888.45641025641,0.670212765957447,0.956000557624057,0.698791545124108,95,9500,18328.6666666667
"distance",5,15,0.9,2,30984338,"outputs/wcrit/01_distance_sensitivity/designs/distance_m05_n015_lambda090_rep02.rds",0.321402387041773,6000,0.0370000000000008,2,5.33333333333333,31.752380952381,0.25,0.964023870417732,0.321402387041773,5,31.25,45.2142857142857
"distance",10,30,0.9,2,52279936,"outputs/wcrit/01_distance_sensitivity/designs/distance_m10_n030_lambda090_rep02.rds",0.566021698893108,6000,0.108000000000001,12,23.2758620689655,580.305747126437,0.523809523809524,0.945931274645363,0.566021698893108,22,556.034482758621,1004.93103448276
"distance",20,60,0.9,2,1504106701,"outputs/wcrit/01_distance_sensitivity/designs/distance_m20_n060_lambda090_rep02.rds",0.642633265000479,6000,0.496,58,96.6101694915254,9691.7604519774,0.606382978723404,0.968885841494153,0.642633265000479,95,9419.49152542373,18170.1355932203
"distance",5,20,0.9,2,1914140003,"outputs/wcrit/01_distance_sensitivity/designs/distance_m05_n020_lambda090_rep02.rds",0.320497382198953,6000,0.0329999999999995,2,5.26315789473684,31.3052631578947,0.25,0.954973821989529,0.320497382198953,5,30.7017543859649,44.1052631578947
"distance",10,40,0.9,2,2061294563,"outputs/wcrit/01_distance_sensitivity/designs/distance_m10_n040_lambda090_rep02.rds",0.524977245745944,6000,0.146999999999998,11,23.0769230769231,567.251282051282,0.476190476190476,0.964058171745152,0.524977245745944,22,551.282051282051,995.589743589744
"distance",20,80,0.9,2,1227168697,"outputs/wcrit/01_distance_sensitivity/designs/distance_m20_n080_lambda090_rep02.rds",0.614620301961233,6000,0.728999999999999,55,96.2025316455696,9588.92278481013,0.574468085106383,0.975990253654879,0.614620301961233,95,9379.74683544304,18091.8734177215
"distance",5,25,0.9,2,2039998965,"outputs/wcrit/01_distance_sensitivity/designs/distance_m05_n025_lambda090_rep02.rds",0.320630377057886,6000,0.0459999999999994,2,5.2,30.9533333333333,0.25,0.956303770578863,0.320630377057886,5,30.3819444444444,43.4583333333333
"distance",10,50,0.9,2,1922825561,"outputs/wcrit/01_distance_sensitivity/designs/distance_m10_n050_lambda090_rep02.rds",0.482455204468329,6000,0.197000000000001,10,22.9591836734694,562.861224489796,0.428571428571429,0.967409187540438,0.482455204468329,22,548.469387755102,990.061224489796
"distance",20,100,0.9,2,636992369,"outputs/wcrit/01_distance_sensitivity/designs/distance_m20_n100_lambda090_rep02.rds",0.595978823822957,6000,0.997,53,95.959595959596,9520.59151515151,0.553191489361702,0.981064833974249,0.595978823822957,95,9356.06060606061,18045.2323232323
"distance",5,5,1,2,751147562,"outputs/wcrit/01_distance_sensitivity/designs/distance_m05_n005_lambda100_rep02.rds",0.75,6000,0.0150000000000006,4,6,40.4,0.75,0.795680345572354,0.75,5,36.4583333333333,55.75
"distance",10,10,1,2,2126507095,"outputs/wcrit/01_distance_sensitivity/designs/distance_m10_n010_lambda100_rep02.rds",0.857142857142857,6000,0.0329999999999995,19,25,678.777777777778,0.857142857142857,0.833105957253297,0.857142857142857,22,597.222222222222,1085.88888888889
"distance",20,20,1,2,1091721194,"outputs/wcrit/01_distance_sensitivity/designs/distance_m20_n020_lambda100_rep02.rds",0.765957446808511,6000,0.135,73,100,10595.4526315789,0.765957446808511,0.906795553183095,0.765957446808511,95,9750,18820.9473684211
"distance",5,10,1,2,1324601659,"outputs/wcrit/01_distance_sensitivity/designs/distance_m05_n010_lambda100_rep02.rds",0.75,6000,0.020999999999999,4,5.55555555555556,34.2222222222222,0.75,0.880195599022005,0.75,5,32.4074074074074,47.5555555555556
"distance",10,20,1,2,2051291424,"outputs/wcrit/01_distance_sensitivity/designs/distance_m10_n020_lambda100_rep02.rds",0.666666666666667,6000,0.0640000000000001,15,23.6842105263158,601.115789473684,0.666666666666667,0.922921451538815,0.666666666666667,22,565.789473684211,1024.10526315789
"distance",20,40,1,2,941289852,"outputs/wcrit/01_distance_sensitivity/designs/distance_m20_n040_lambda100_rep02.rds",0.659574468085106,6000,0.289999999999999,63,97.4358974358974,9903.94358974359,0.659574468085106,0.954246365278609,0.659574468085106,95,9500,18328.6666666667
"distance",5,15,1,2,649617635,"outputs/wcrit/01_distance_sensitivity/designs/distance_m05_n015_lambda100_rep02.rds",0.5,6000,0.0310000000000006,3,5.33333333333333,32.3047619047619,0.5,0.924467178175618,0.5,5,31.25,45.2142857142857
"distance",10,30,1,2,1976075753,"outputs/wcrit/01_distance_sensitivity/designs/distance_m10_n030_lambda100_rep02.rds",0.523809523809524,6000,0.103999999999999,12,23.2758620689655,579.919540229885,0.523809523809524,0.946791621856916,0.523809523809524,22,556.034482758621,1004.93103448276
"distance",20,60,1,2,790858510,"outputs/wcrit/01_distance_sensitivity/designs/distance_m20_n060_lambda100_rep02.rds",0.606382978723404,6000,0.499000000000001,58,96.6101694915254,9702.84293785311,0.606382978723404,0.967619364902277,0.606382978723404,95,9419.49152542373,18170.1355932203
"distance",5,20,1,2,1249385988,"outputs/wcrit/01_distance_sensitivity/designs/distance_m05_n020_lambda100_rep02.rds",0.25,6000,0.0350000000000001,2,5.26315789473684,31.7473684210526,0.25,0.921989528795812,0.25,5,30.7017543859649,44.1052631578947
"distance",10,40,1,2,1900860082,"outputs/wcrit/01_distance_sensitivity/designs/distance_m10_n040_lambda100_rep02.rds",0.476190476190476,6000,0.148,11,23.0769230769231,572.020512820513,0.476190476190476,0.953324099722992,0.476190476190476,22,551.282051282051,995.589743589744
"distance",20,80,1,2,640427168,"outputs/wcrit/01_distance_sensitivity/designs/distance_m20_n080_lambda100_rep02.rds",0.595744680851064,6000,0.743,57,96.2025316455696,9581.17594936709,0.595744680851064,0.976879455088063,0.595744680851064,95,9379.74683544304,18091.8734177215
"distance",5,25,1,2,574401964,"outputs/wcrit/01_distance_sensitivity/designs/distance_m05_n025_lambda100_rep02.rds",0.25,6000,0.0459999999999994,2,5.2,30.8066666666667,0.25,0.967519915029208,0.25,5,30.3819444444444,43.4583333333333
"distance",10,50,1,2,1825644411,"outputs/wcrit/01_distance_sensitivity/designs/distance_m10_n050_lambda100_rep02.rds",0.428571428571429,6000,0.198,10,22.9591836734694,567.4,0.428571428571429,0.957130973287735,0.428571428571429,22,548.469387755102,990.061224489796
"distance",20,100,1,2,1805046943,"outputs/wcrit/01_distance_sensitivity/designs/distance_m20_n100_lambda100_rep02.rds",0.553191489361702,6000,1.017,53,95.959595959596,9525.28484848485,0.553191489361702,0.980524698103293,0.553191489361702,95,9356.06060606061,18045.2323232323
"distance",5,5,0,3,751130402,"outputs/wcrit/01_distance_sensitivity/designs/distance_m05_n005_lambda000_rep03.rds",0.806047516198704,6000,0.0139999999999993,4,6,40.2,0.75,0.806047516198704,0.806047516198704,5,36.4583333333333,55.75
"distance",10,10,0,3,2126489935,"outputs/wcrit/01_distance_sensitivity/designs/distance_m10_n010_lambda000_rep03.rds",0.833105957253297,6000,0.0330000000000013,18,25,678.777777777778,0.80952380952381,0.833105957253297,0.833105957253297,22,597.222222222222,1085.88888888889
"distance",20,20,0,3,1091704034,"outputs/wcrit/01_distance_sensitivity/designs/distance_m20_n020_lambda000_rep03.rds",0.910696961960684,6000,0.135999999999999,70,100,10560.0631578947,0.734042553191489,0.910696961960684,0.910696961960684,95,9750,18820.9473684211
"distance",5,10,0,3,1324584499,"outputs/wcrit/01_distance_sensitivity/designs/distance_m05_n010_lambda000_rep03.rds",0.903667481662591,6000,0.0170000000000012,4,5.55555555555556,33.8666666666667,0.75,0.903667481662591,0.903667481662591,5,32.4074074074074,47.5555555555556
"distance",10,20,0,3,2051274264,"outputs/wcrit/01_distance_sensitivity/designs/distance_m10_n020_lambda000_rep03.rds",0.924023886081764,6000,0.0660000000000025,11,23.6842105263158,600.610526315789,0.476190476190476,0.924023886081764,0.924023886081764,22,565.789473684211,1024.10526315789
"distance",20,40,0,3,941272692,"outputs/wcrit/01_distance_sensitivity/designs/distance_m20_n040_lambda000_rep03.rds",0.956128927328806,6000,0.284999999999998,55,97.4358974358974,9887.32307692308,0.574468085106383,0.956128927328806,0.956128927328806,95,9500,18328.6666666667
"distance",5,15,0,3,649600475,"outputs/wcrit/01_distance_sensitivity/designs/distance_m05_n015_lambda000_rep03.rds",0.951747655583973,6000,0.0390000000000015,1,5.33333333333333,31.9238095238095,0,0.951747655583973,0.951747655583973,5,31.25,45.2142857142857
"distance",10,30,0,3,1976058593,"outputs/wcrit/01_distance_sensitivity/designs/distance_m10_n030_lambda000_rep03.rds",0.951175295744354,6000,0.104000000000001,10,23.2758620689655,577.951724137931,0.428571428571429,0.951175295744354,0.951175295744354,22,556.034482758621,1004.93103448276
"distance",20,60,0,3,790841350,"outputs/wcrit/01_distance_sensitivity/designs/distance_m20_n060_lambda000_rep03.rds",0.971752458576092,6000,0.482999999999997,50,96.6101694915254,9666.67570621469,0.521276595744681,0.971752458576092,0.971752458576092,95,9419.49152542373,18170.1355932203
"distance",5,20,0,3,1249368828,"outputs/wcrit/01_distance_sensitivity/designs/distance_m05_n020_lambda000_rep03.rds",0.954973821989529,6000,0.036999999999999,2,5.26315789473684,31.3052631578947,0.25,0.954973821989529,0.954973821989529,5,30.7017543859649,44.1052631578947
"distance",10,40,0,3,1900842922,"outputs/wcrit/01_distance_sensitivity/designs/distance_m10_n040_lambda000_rep03.rds",0.963434903047091,6000,0.15,7,23.0769230769231,567.528205128205,0.285714285714286,0.963434903047091,0.963434903047091,22,551.282051282051,995.589743589744
"distance",20,80,0,3,640410008,"outputs/wcrit/01_distance_sensitivity/designs/distance_m20_n080_lambda000_rep03.rds",0.979396098556065,6000,0.727,46,96.2025316455696,9559.25063291139,0.478723404255319,0.979396098556065,0.979396098556065,95,9379.74683544304,18091.8734177215
"distance",5,25,0,3,574384804,"outputs/wcrit/01_distance_sensitivity/designs/distance_m05_n025_lambda000_rep03.rds",0.978226234731811,6000,0.0470000000000006,1,5.2,30.6666666666667,0,0.978226234731811,0.978226234731811,5,30.3819444444444,43.4583333333333
"distance",10,50,0,3,1825627251,"outputs/wcrit/01_distance_sensitivity/designs/distance_m10_n050_lambda000_rep03.rds",0.971845826786209,6000,0.199999999999999,7,22.9591836734694,560.902040816327,0.285714285714286,0.971845826786209,0.971845826786209,22,548.469387755102,990.061224489796
"distance",20,100,0,3,1805029783,"outputs/wcrit/01_distance_sensitivity/designs/distance_m20_n100_lambda000_rep03.rds",0.982630279414295,6000,0.988000000000001,45,95.959595959596,9506.98909090909,0.468085106382979,0.982630279414295,0.982630279414295,95,9356.06060606061,18045.2323232323
"distance",5,5,0.1,3,776701179,"outputs/wcrit/01_distance_sensitivity/designs/distance_m05_n005_lambda010_rep03.rds",0.800442764578834,6000,0.0139999999999993,4,6,40.2,0.75,0.806047516198704,0.800442764578834,5,36.4583333333333,55.75
"distance",10,10,0.1,3,329080653,"outputs/wcrit/01_distance_sensitivity/designs/distance_m10_n010_lambda010_rep03.rds",0.83649191190801,6000,0.0309999999999988,19,25,678.244444444444,0.857142857142857,0.834197362437472,0.83649191190801,22,597.222222222222,1085.88888888889
"distance",20,20,0.1,3,2057845422,"outputs/wcrit/01_distance_sensitivity/designs/distance_m20_n020_lambda010_rep03.rds",0.896203579200717,6000,0.125,72,100,10549.5368421053,0.75531914893617,0.911857404785666,0.896203579200717,95,9750,18820.9473684211
"distance",5,10,0.1,3,2052471718,"outputs/wcrit/01_distance_sensitivity/designs/distance_m05_n010_lambda010_rep03.rds",0.888300733496332,6000,0.0220000000000002,4,5.55555555555556,33.8666666666667,0.75,0.903667481662591,0.888300733496332,5,32.4074074074074,47.5555555555556
"distance",10,20,0.1,3,190611651,"outputs/wcrit/01_distance_sensitivity/designs/distance_m10_n020_lambda010_rep03.rds",0.900355228908284,6000,0.0629999999999988,15,23.6842105263158,599.557894736842,0.666666666666667,0.926320624712908,0.900355228908284,22,565.789473684211,1024.10526315789
"distance",20,40,0.1,3,1780907418,"outputs/wcrit/01_distance_sensitivity/designs/distance_m20_n040_lambda010_rep03.rds",0.924586795259652,6000,0.301000000000002,63,97.4358974358974,9905.83076923077,0.659574468085106,0.954032609390157,0.924586795259652,95,9500,18328.6666666667
"distance",5,15,0.1,3,30847051,"outputs/wcrit/01_distance_sensitivity/designs/distance_m05_n015_lambda010_rep03.rds",0.888938618925831,6000,0.0290000000000017,2,5.33333333333333,31.8095238095238,0.25,0.959931798806479,0.888938618925831,5,31.25,45.2142857142857
"distance",10,30,0.1,3,52142649,"outputs/wcrit/01_distance_sensitivity/designs/distance_m10_n030_lambda010_rep03.rds",0.913348111406185,6000,0.103999999999999,13,23.2758620689655,577.87816091954,0.571428571428571,0.951339171403697,0.913348111406185,22,556.034482758621,1004.93103448276
"distance",20,60,0.1,3,1503969414,"outputs/wcrit/01_distance_sensitivity/designs/distance_m20_n060_lambda010_rep03.rds",0.933977601813535,6000,0.501000000000001,59,96.6101694915254,9689.05536723164,0.617021276595745,0.969194971282178,0.933977601813535,95,9419.49152542373,18170.1355932203
"distance",5,20,0.1,3,1914002716,"outputs/wcrit/01_distance_sensitivity/designs/distance_m05_n020_lambda010_rep03.rds",0.884476439790576,6000,0.0340000000000025,2,5.26315789473684,31.3052631578947,0.25,0.954973821989529,0.884476439790576,5,30.7017543859649,44.1052631578947
"distance",10,40,0.1,3,2061157276,"outputs/wcrit/01_distance_sensitivity/designs/distance_m10_n040_lambda010_rep03.rds",0.913380820472233,6000,0.148,11,23.0769230769231,568.184615384615,0.476190476190476,0.961957525392428,0.913380820472233,22,551.282051282051,995.589743589744
"distance",20,80,0.1,3,1227031410,"outputs/wcrit/01_distance_sensitivity/designs/distance_m20_n080_lambda010_rep03.rds",0.937913463982427,6000,0.725999999999999,56,96.2025316455696,9579.13037974684,0.585106382978723,0.977114250760616,0.937913463982427,95,9379.74683544304,18091.8734177215
"distance",5,25,0.1,3,2039861678,"outputs/wcrit/01_distance_sensitivity/designs/distance_m05_n025_lambda010_rep03.rds",0.88475570897504,6000,0.0459999999999994,2,5.2,30.9666666666667,0.25,0.955284121083378,0.88475570897504,5,30.3819444444444,43.4583333333333
"distance",10,50,0.1,3,1922688274,"outputs/wcrit/01_distance_sensitivity/designs/distance_m10_n050_lambda010_rep03.rds",0.913911399257919,6000,0.195,10,22.9591836734694,562.671836734694,0.428571428571429,0.967838062667529,0.913911399257919,22,548.469387755102,990.061224489796
"distance",20,100,0.1,3,636855082,"outputs/wcrit/01_distance_sensitivity/designs/distance_m20_n100_lambda010_rep03.rds",0.93875265726187,6000,1.013,53,95.959595959596,9516.00404040404,0.553191489361702,0.981592787028555,0.93875265726187,95,9356.06060606061,18045.2323232323
"distance",5,5,0.2,3,776718340,"outputs/wcrit/01_distance_sensitivity/designs/distance_m05_n005_lambda020_rep03.rds",0.794838012958963,6000,0.0150000000000006,4,6,40.2,0.75,0.806047516198704,0.794838012958963,5,36.4583333333333,55.75
"distance",10,10,0.2,3,329097814,"outputs/wcrit/01_distance_sensitivity/designs/distance_m10_n010_lambda020_rep03.rds",0.838495419996102,6000,0.0350000000000001,19,25,678.422222222222,0.857142857142857,0.833833560709413,0.838495419996102,22,597.222222222222,1085.88888888889
"distance",20,20,0.2,3,2057862583,"outputs/wcrit/01_distance_sensitivity/designs/distance_m20_n020_lambda020_rep03.rds",0.884383471541251,6000,0.125999999999998,75,100,10578.4421052632,0.787234042553192,0.908670828788266,0.884383471541251,95,9750,18820.9473684211
"distance",5,10,0.2,3,2052488879,"outputs/wcrit/01_distance_sensitivity/designs/distance_m05_n010_lambda020_rep03.rds",0.872933985330073,6000,0.0160000000000018,4,5.55555555555556,33.8666666666667,0.75,0.903667481662591,0.872933985330073,5,32.4074074074074,47.5555555555556
"distance",10,20,0.2,3,190628812,"outputs/wcrit/01_distance_sensitivity/designs/distance_m10_n020_lambda020_rep03.rds",0.872184964017761,6000,0.0650000000000013,15,23.6842105263158,600.821052631579,0.666666666666667,0.923564538355535,0.872184964017761,22,565.789473684211,1024.10526315789
"distance",20,40,0.2,3,1780924579,"outputs/wcrit/01_distance_sensitivity/designs/distance_m20_n040_lambda020_rep03.rds",0.897336020277149,6000,0.294,64,97.4358974358974,9905.08717948718,0.670212765957447,0.954116833857074,0.897336020277149,95,9500,18328.6666666667
"distance",5,15,0.2,3,30864212,"outputs/wcrit/01_distance_sensitivity/designs/distance_m05_n015_lambda020_rep03.rds",0.865763000852515,6000,0.027000000000001,3,5.33333333333333,31.847619047619,0.5,0.957203751065644,0.865763000852515,5,31.25,45.2142857142857
"distance",10,30,0.2,3,52159810,"outputs/wcrit/01_distance_sensitivity/designs/distance_m10_n030_lambda020_rep03.rds",0.869457527672307,6000,0.105999999999998,13,23.2758620689655,581.188505747126,0.571428571428571,0.943964766733241,0.869457527672307,22,556.034482758621,1004.93103448276
"distance",20,60,0.2,3,1503986575,"outputs/wcrit/01_distance_sensitivity/designs/distance_m20_n060_lambda020_rep03.rds",0.897363947507005,6000,0.527999999999999,58,96.6101694915254,9681.05536723164,0.606382978723404,0.970109189702905,0.897363947507005,95,9419.49152542373,18170.1355932203
"distance",5,20,0.2,3,1914019877,"outputs/wcrit/01_distance_sensitivity/designs/distance_m05_n020_lambda020_rep03.rds",0.819005235602094,6000,0.0309999999999988,2,5.26315789473684,31.2210526315789,0.25,0.961256544502618,0.819005235602094,5,30.7017543859649,44.1052631578947
"distance",10,40,0.2,3,2061174437,"outputs/wcrit/01_distance_sensitivity/designs/distance_m10_n040_lambda020_rep03.rds",0.862717319614827,6000,0.153000000000002,11,23.0769230769231,569.34358974359,0.476190476190476,0.959349030470914,0.862717319614827,22,551.282051282051,995.589743589744
"distance",20,80,0.2,3,1227048571,"outputs/wcrit/01_distance_sensitivity/designs/distance_m20_n080_lambda020_rep03.rds",0.901109073211845,6000,0.730999999999998,57,96.2025316455696,9576.20379746836,0.595744680851064,0.977450171302041,0.901109073211845,95,9379.74683544304,18091.8734177215
"distance",5,25,0.2,3,2039878839,"outputs/wcrit/01_distance_sensitivity/designs/distance_m05_n025_lambda020_rep03.rds",0.804438661710037,6000,0.0519999999999996,2,5.2,31.1266666666667,0.25,0.943048327137546,0.804438661710037,5,30.3819444444444,43.4583333333333
"distance",10,50,0.2,3,1922705435,"outputs/wcrit/01_distance_sensitivity/designs/distance_m10_n050_lambda020_rep03.rds",0.86746177580007,6000,0.192,11,22.9591836734694,563.801632653061,0.476190476190476,0.965279600702468,0.86746177580007,22,548.469387755102,990.061224489796
"distance",20,100,0.2,3,636872243,"outputs/wcrit/01_distance_sensitivity/designs/distance_m20_n100_lambda020_rep03.rds",0.896284224301148,6000,0.997999999999998,53,95.959595959596,9511.96686868687,0.553191489361702,0.982057408036009,0.896284224301148,95,9356.06060606061,18045.2323232323
"distance",5,5,0.3,3,776735501,"outputs/wcrit/01_distance_sensitivity/designs/distance_m05_n005_lambda030_rep03.rds",0.789233261339093,6000,0.0130000000000017,4,6,40.2,0.75,0.806047516198704,0.789233261339093,5,36.4583333333333,55.75
"distance",10,10,0.3,3,329114975,"outputs/wcrit/01_distance_sensitivity/designs/distance_m10_n010_lambda030_rep03.rds",0.856640031183005,6000,0.0300000000000011,20,25,677.355555555556,0.904761904761905,0.836016371077762,0.856640031183005,22,597.222222222222,1085.88888888889
"distance",20,20,0.3,3,2057879744,"outputs/wcrit/01_distance_sensitivity/designs/distance_m20_n020_lambda030_rep03.rds",0.868306741086441,6000,0.132999999999999,73,100,10546.6947368421,0.765957446808511,0.912170724348411,0.868306741086441,95,9750,18820.9473684211
"distance",5,10,0.3,3,2052506040,"outputs/wcrit/01_distance_sensitivity/designs/distance_m05_n010_lambda030_rep03.rds",0.841136919315403,6000,0.017000000000003,4,5.55555555555556,34.2222222222222,0.75,0.880195599022005,0.841136919315403,5,32.4074074074074,47.5555555555556
"distance",10,20,0.3,3,190645973,"outputs/wcrit/01_distance_sensitivity/designs/distance_m10_n020_lambda030_rep03.rds",0.843858520900322,6000,0.0640000000000001,15,23.6842105263158,602.547368421053,0.666666666666667,0.919797887000459,0.843858520900322,22,565.789473684211,1024.10526315789
"distance",20,40,0.3,3,1780941740,"outputs/wcrit/01_distance_sensitivity/designs/distance_m20_n040_lambda030_rep03.rds",0.872582330806764,6000,0.291,65,97.4358974358974,9899.4717948718,0.680851063829787,0.954752873796897,0.872582330806764,95,9500,18328.6666666667
"distance",5,15,0.3,3,30881373,"outputs/wcrit/01_distance_sensitivity/designs/distance_m05_n015_lambda030_rep03.rds",0.813358908780904,6000,0.0330000000000013,3,5.33333333333333,31.9809523809524,0.5,0.94765558397272,0.813358908780904,5,31.25,45.2142857142857
"distance",10,30,0.3,3,52176971,"outputs/wcrit/01_distance_sensitivity/designs/distance_m10_n030_lambda030_rep03.rds",0.817860837375356,6000,0.108000000000001,12,23.2758620689655,581.225287356322,0.523809523809524,0.943882828903569,0.817860837375356,22,556.034482758621,1004.93103448276
"distance",20,60,0.3,3,1504003736,"outputs/wcrit/01_distance_sensitivity/designs/distance_m20_n060_lambda030_rep03.rds",0.859972463552148,6000,0.507000000000001,58,96.6101694915254,9693.79209039548,0.606382978723404,0.968653671335895,0.859972463552148,95,9419.49152542373,18170.1355932203
"distance",5,20,0.3,3,1914037038,"outputs/wcrit/01_distance_sensitivity/designs/distance_m05_n020_lambda030_rep03.rds",0.746780104712042,6000,0.032,2,5.26315789473684,31.2421052631579,0.25,0.959685863874345,0.746780104712042,5,30.7017543859649,44.1052631578947
"distance",10,40,0.3,3,2061191598,"outputs/wcrit/01_distance_sensitivity/designs/distance_m10_n040_lambda030_rep03.rds",0.829915248647936,6000,0.145,12,23.0769230769231,568.564102564103,0.523809523809524,0.961103416435826,0.829915248647936,22,551.282051282051,995.589743589744
"distance",20,80,0.3,3,1227065732,"outputs/wcrit/01_distance_sensitivity/designs/distance_m20_n080_lambda030_rep03.rds",0.859192940264917,6000,0.738,56,96.2025316455696,9583.1,0.585106382978723,0.976658607673285,0.859192940264917,95,9379.74683544304,18091.8734177215
"distance",5,25,0.3,3,2039896000,"outputs/wcrit/01_distance_sensitivity/designs/distance_m05_n025_lambda030_rep03.rds",0.741200743494424,6000,0.0509999999999984,2,5.2,31.0133333333333,0.25,0.951715347849177,0.741200743494424,5,30.3819444444444,43.4583333333333
"distance",10,50,0.3,3,1922722596,"outputs/wcrit/01_distance_sensitivity/designs/distance_m10_n050_lambda030_rep03.rds",0.818946245361996,6000,0.202000000000002,11,22.9591836734694,563.553469387755,0.476190476190476,0.965841575006932,0.818946245361996,22,548.469387755102,990.061224489796
"distance",20,100,0.3,3,636889404,"outputs/wcrit/01_distance_sensitivity/designs/distance_m20_n100_lambda030_rep03.rds",0.85318534452865,6000,1.081,53,95.959595959596,9514.60202020202,0.553191489361702,0.981754139600199,0.85318534452865,95,9356.06060606061,18045.2323232323
"distance",5,5,0.4,3,776752662,"outputs/wcrit/01_distance_sensitivity/designs/distance_m05_n005_lambda040_rep03.rds",0.783628509719222,6000,0.0130000000000017,4,6,40.2,0.75,0.806047516198704,0.783628509719222,5,36.4583333333333,55.75
"distance",10,10,0.4,3,329132136,"outputs/wcrit/01_distance_sensitivity/designs/distance_m10_n010_lambda040_rep03.rds",0.842284155135451,6000,0.0330000000000013,19,25,679.133333333333,0.857142857142857,0.832378353797181,0.842284155135451,22,597.222222222222,1085.88888888889
"distance",20,20,0.4,3,2057896905,"outputs/wcrit/01_distance_sensitivity/designs/distance_m20_n020_lambda040_rep03.rds",0.851575728276634,6000,0.132999999999999,73,100,10578.5894736842,0.765957446808511,0.908654582588716,0.851575728276634,95,9750,18820.9473684211
"distance",5,10,0.4,3,2052523201,"outputs/wcrit/01_distance_sensitivity/designs/distance_m05_n010_lambda040_rep03.rds",0.828117359413203,6000,0.0210000000000008,4,5.55555555555556,34.2222222222222,0.75,0.880195599022005,0.828117359413203,5,32.4074074074074,47.5555555555556
"distance",10,20,0.4,3,190663134,"outputs/wcrit/01_distance_sensitivity/designs/distance_m10_n020_lambda040_rep03.rds",0.813584443423672,6000,0.0680000000000014,15,23.6842105263158,606.336842105263,0.666666666666667,0.911529627928342,0.813584443423672,22,565.789473684211,1024.10526315789
"distance",20,40,0.4,3,1780958901,"outputs/wcrit/01_distance_sensitivity/designs/distance_m20_n040_lambda040_rep03.rds",0.844422977126662,6000,0.286000000000001,65,97.4358974358974,9910.78974358974,0.680851063829787,0.953470919324578,0.844422977126662,95,9500,18328.6666666667
"distance",5,15,0.4,3,30898534,"outputs/wcrit/01_distance_sensitivity/designs/distance_m05_n015_lambda040_rep03.rds",0.674322250639386,6000,0.0279999999999987,2,5.33333333333333,31.847619047619,0.25,0.957203751065644,0.674322250639386,5,31.25,45.2142857142857
"distance",10,30,0.4,3,52194132,"outputs/wcrit/01_distance_sensitivity/designs/distance_m10_n030_lambda040_rep03.rds",0.778164153662694,6000,0.100999999999999,12,23.2758620689655,579.496551724138,0.523809523809524,0.947733906898141,0.778164153662694,22,556.034482758621,1004.93103448276
"distance",20,60,0.4,3,1504020897,"outputs/wcrit/01_distance_sensitivity/designs/distance_m20_n060_lambda040_rep03.rds",0.836918566315617,6000,0.567999999999998,61,96.6101694915254,9687.85310734463,0.638297872340426,0.969332362299079,0.836918566315617,95,9419.49152542373,18170.1355932203
"distance",5,20,0.4,3,1914054199,"outputs/wcrit/01_distance_sensitivity/designs/distance_m05_n020_lambda040_rep03.rds",0.669214659685864,6000,0.0339999999999989,2,5.26315789473684,31.3894736842105,0.25,0.94869109947644,0.669214659685864,5,30.7017543859649,44.1052631578947
"distance",10,40,0.4,3,2061208759,"outputs/wcrit/01_distance_sensitivity/designs/distance_m10_n040_lambda040_rep03.rds",0.766404168315526,6000,0.151,11,23.0769230769231,569.107692307692,0.476190476190476,0.959879963065559,0.766404168315526,22,551.282051282051,995.589743589744
"distance",20,80,0.4,3,1227082893,"outputs/wcrit/01_distance_sensitivity/designs/distance_m20_n080_lambda040_rep03.rds",0.818618482566811,6000,0.779,56,96.2025316455696,9603.70759493671,0.585106382978723,0.974293215625536,0.818618482566811,95,9379.74683544304,18091.8734177215
"distance",5,25,0.4,3,2039913161,"outputs/wcrit/01_distance_sensitivity/designs/distance_m05_n025_lambda040_rep03.rds",0.670417419012214,6000,0.046999999999997,2,5.2,31.0266666666667,0.25,0.950695698353691,0.670417419012214,5,30.3819444444444,43.4583333333333
"distance",10,50,0.4,3,1922739757,"outputs/wcrit/01_distance_sensitivity/designs/distance_m10_n050_lambda040_rep03.rds",0.751430420028257,6000,0.207000000000001,10,22.9591836734694,563.187755102041,0.428571428571429,0.966669747666143,0.751430420028257,22,548.469387755102,990.061224489796
"distance",20,100,0.4,3,636906565,"outputs/wcrit/01_distance_sensitivity/designs/distance_m20_n100_lambda040_rep03.rds",0.810491399261888,6000,1.102,53,95.959595959596,9512.25131313131,0.553191489361702,0.982024672528678,0.810491399261888,95,9356.06060606061,18045.2323232323
"distance",5,5,0.5,3,776769823,"outputs/wcrit/01_distance_sensitivity/designs/distance_m05_n005_lambda050_rep03.rds",0.778023758099352,6000,0.0150000000000006,4,6,40.2,0.75,0.806047516198704,0.778023758099352,5,36.4583333333333,55.75
"distance",10,10,0.5,3,329149297,"outputs/wcrit/01_distance_sensitivity/designs/distance_m10_n010_lambda050_rep03.rds",0.845306308062106,6000,0.032,19,25,678.6,0.857142857142857,0.833469758981355,0.845306308062106,22,597.222222222222,1085.88888888889
"distance",20,20,0.5,3,2057914066,"outputs/wcrit/01_distance_sensitivity/designs/distance_m20_n020_lambda050_rep03.rds",0.837171403330915,6000,0.129999999999999,73,100,10581.0315789474,0.765957446808511,0.90838535985332,0.837171403330915,95,9750,18820.9473684211
"distance",5,10,0.5,3,2052540362,"outputs/wcrit/01_distance_sensitivity/designs/distance_m05_n010_lambda050_rep03.rds",0.815097799511002,6000,0.0199999999999996,4,5.55555555555556,34.2222222222222,0.75,0.880195599022005,0.815097799511002,5,32.4074074074074,47.5555555555556
"distance",10,20,0.5,3,190680295,"outputs/wcrit/01_distance_sensitivity/designs/distance_m10_n020_lambda050_rep03.rds",0.794288776603889,6000,0.070999999999998,15,23.6842105263158,601.578947368421,0.666666666666667,0.921910886541112,0.794288776603889,22,565.789473684211,1024.10526315789
"distance",20,40,0.5,3,1780976062,"outputs/wcrit/01_distance_sensitivity/designs/distance_m20_n040_lambda050_rep03.rds",0.807077703898907,6000,0.370999999999999,63,97.4358974358974,9900.98974358974,0.659574468085106,0.954580939712707,0.807077703898907,95,9500,18328.6666666667
"distance",5,15,0.5,3,30915695,"outputs/wcrit/01_distance_sensitivity/designs/distance_m05_n015_lambda050_rep03.rds",0.607693947144075,6000,0.027000000000001,2,5.33333333333333,31.7333333333333,0.25,0.96538789428815,0.607693947144075,5,31.25,45.2142857142857
"distance",10,30,0.5,3,52211293,"outputs/wcrit/01_distance_sensitivity/designs/distance_m10_n030_lambda050_rep03.rds",0.737226111830506,6000,0.102,12,23.2758620689655,578.190804597701,0.523809523809524,0.950642699851488,0.737226111830506,22,556.034482758621,1004.93103448276
"distance",20,60,0.5,3,1504038058,"outputs/wcrit/01_distance_sensitivity/designs/distance_m20_n060_lambda050_rep03.rds",0.798553688105907,6000,0.488,60,96.6101694915254,9686.84293785311,0.627659574468085,0.96944780174373,0.798553688105907,95,9419.49152542373,18170.1355932203
"distance",5,20,0.5,3,1914071360,"outputs/wcrit/01_distance_sensitivity/designs/distance_m05_n020_lambda050_rep03.rds",0.605628272251309,6000,0.0339999999999989,2,5.26315789473684,31.2210526315789,0.25,0.961256544502618,0.605628272251309,5,30.7017543859649,44.1052631578947
"distance",10,40,0.5,3,2061225920,"outputs/wcrit/01_distance_sensitivity/designs/distance_m10_n040_lambda050_rep03.rds",0.741775491359979,6000,0.154,12,23.0769230769231,569.169230769231,0.523809523809524,0.959741458910434,0.741775491359979,22,551.282051282051,995.589743589744
"distance",20,80,0.5,3,1227100054,"outputs/wcrit/01_distance_sensitivity/designs/distance_m20_n080_lambda050_rep03.rds",0.786340545662522,6000,0.804000000000002,57,96.2025316455696,9580.67974683544,0.595744680851064,0.976936410473979,0.786340545662522,95,9379.74683544304,18091.8734177215
"distance",5,25,0.5,3,2039930322,"outputs/wcrit/01_distance_sensitivity/designs/distance_m05_n025_lambda050_rep03.rds",0.60977960701009,6000,0.0479999999999983,2,5.2,30.78,0.25,0.96955921402018,0.60977960701009,5,30.3819444444444,43.4583333333333
"distance",10,50,0.5,3,1922756918,"outputs/wcrit/01_distance_sensitivity/designs/distance_m10_n050_lambda050_rep03.rds",0.698315661600623,6000,0.199000000000002,10,22.9591836734694,562.57387755102,0.428571428571429,0.968059894629818,0.698315661600623,22,548.469387755102,990.061224489796
"distance",20,100,0.5,3,636923726,"outputs/wcrit/01_distance_sensitivity/designs/distance_m20_n100_lambda050_rep03.rds",0.76679359920314,6000,1.11,53,95.959595959596,9526.40565656566,0.553191489361702,0.980395709044579,0.76679359920314,95,9356.06060606061,18045.2323232323
"distance",5,5,0.6,3,776786984,"outputs/wcrit/01_distance_sensitivity/designs/distance_m05_n005_lambda060_rep03.rds",0.772419006479482,6000,0.0150000000000006,4,6,40.2,0.75,0.806047516198704,0.772419006479482,5,36.4583333333333,55.75
"distance",10,10,0.6,3,329166458,"outputs/wcrit/01_distance_sensitivity/designs/distance_m10_n010_lambda060_rep03.rds",0.84781913856948,6000,0.032,19,25,678.422222222222,0.857142857142857,0.833833560709413,0.84781913856948,22,597.222222222222,1085.88888888889
"distance",20,20,0.6,3,2057931227,"outputs/wcrit/01_distance_sensitivity/designs/distance_m20_n020_lambda060_rep03.rds",0.830020853404468,6000,0.126999999999999,74,100,10564.9473684211,0.776595744680851,0.910158516489892,0.830020853404468,95,9750,18820.9473684211
"distance",5,10,0.6,3,2052557523,"outputs/wcrit/01_distance_sensitivity/designs/distance_m05_n010_lambda060_rep03.rds",0.802078239608802,6000,0.0169999999999995,4,5.55555555555556,34.2222222222222,0.75,0.880195599022005,0.802078239608802,5,32.4074074074074,47.5555555555556
"distance",10,20,0.6,3,190697456,"outputs/wcrit/01_distance_sensitivity/designs/distance_m10_n020_lambda060_rep03.rds",0.769977032613689,6000,0.0640000000000001,15,23.6842105263158,600.18947368421,0.666666666666667,0.924942581534221,0.769977032613689,22,565.789473684211,1024.10526315789
"distance",20,40,0.6,3,1780993223,"outputs/wcrit/01_distance_sensitivity/designs/distance_m20_n040_lambda060_rep03.rds",0.783805759470494,6000,0.379999999999999,64,97.4358974358974,9904.39487179487,0.670212765957447,0.954195249740066,0.783805759470494,95,9500,18328.6666666667
"distance",5,15,0.6,3,30932856,"outputs/wcrit/01_distance_sensitivity/designs/distance_m05_n015_lambda060_rep03.rds",0.526879795396419,6000,0.0289999999999999,2,5.33333333333333,32.0571428571429,0.25,0.942199488491049,0.526879795396419,5,31.25,45.2142857142857
"distance",10,30,0.6,3,52228454,"outputs/wcrit/01_distance_sensitivity/designs/distance_m10_n030_lambda060_rep03.rds",0.723982763792258,6000,0.103000000000002,13,23.2758620689655,577.216091954023,0.571428571428571,0.952814052337789,0.723982763792258,22,556.034482758621,1004.93103448276
"distance",20,60,0.6,3,1504055219,"outputs/wcrit/01_distance_sensitivity/designs/distance_m20_n060_lambda060_rep03.rds",0.751726671660306,6000,0.496000000000002,58,96.6101694915254,9684.26666666667,0.606382978723404,0.969742211065658,0.751726671660306,95,9419.49152542373,18170.1355932203
"distance",5,20,0.6,3,1914088521,"outputs/wcrit/01_distance_sensitivity/designs/distance_m05_n020_lambda060_rep03.rds",0.533874345549738,6000,0.0300000000000011,2,5.26315789473684,31.2421052631579,0.25,0.959685863874345,0.533874345549738,5,30.7017543859649,44.1052631578947
"distance",10,40,0.6,3,2061243081,"outputs/wcrit/01_distance_sensitivity/designs/distance_m10_n040_lambda060_rep03.rds",0.671309853581322,6000,0.149999999999999,11,23.0769230769231,567.282051282051,0.476190476190476,0.96398891966759,0.671309853581322,22,551.282051282051,995.589743589744
"distance",20,80,0.6,3,1227117215,"outputs/wcrit/01_distance_sensitivity/designs/distance_m20_n080_lambda060_rep03.rds",0.734846573801524,6000,0.808,55,96.2025316455696,9593.94050632911,0.574468085106383,0.975414306844236,0.734846573801524,95,9379.74683544304,18091.8734177215
"distance",5,25,0.6,3,2039947483,"outputs/wcrit/01_distance_sensitivity/designs/distance_m05_n025_lambda060_rep03.rds",0.532113648433351,6000,0.0519999999999996,2,5.2,30.9666666666667,0.25,0.955284121083378,0.532113648433351,5,30.3819444444444,43.4583333333333
"distance",10,50,0.6,3,1922774079,"outputs/wcrit/01_distance_sensitivity/designs/distance_m10_n050_lambda060_rep03.rds",0.672186972653929,6000,0.187000000000001,11,22.9591836734694,563.403265306122,0.476190476190476,0.966181717349108,0.672186972653929,22,548.469387755102,990.061224489796
"distance",20,100,0.6,3,636940887,"outputs/wcrit/01_distance_sensitivity/designs/distance_m20_n100_lambda060_rep03.rds",0.73086040227435,6000,1.009,54,95.959595959596,9517.62424242424,0.563829787234043,0.981406324834811,0.73086040227435,95,9356.06060606061,18045.2323232323
"distance",5,5,0.7,3,776804145,"outputs/wcrit/01_distance_sensitivity/designs/distance_m05_n005_lambda070_rep03.rds",0.766814254859611,6000,0.0129999999999981,4,6,40.2,0.75,0.806047516198704,0.766814254859611,5,36.4583333333333,55.75
"distance",10,10,0.7,3,329183619,"outputs/wcrit/01_distance_sensitivity/designs/distance_m10_n010_lambda070_rep03.rds",0.884029104138245,6000,0.0360000000000014,20,25,677.533333333333,0.904761904761905,0.835652569349704,0.884029104138245,22,597.222222222222,1085.88888888889
"distance",20,20,0.7,3,2057948388,"outputs/wcrit/01_distance_sensitivity/designs/distance_m20_n020_lambda070_rep03.rds",0.801327437954579,6000,0.140999999999998,72,100,10578.3578947368,0.75531914893617,0.908680112330865,0.801327437954579,95,9750,18820.9473684211
"distance",5,10,0.7,3,2052574684,"outputs/wcrit/01_distance_sensitivity/designs/distance_m05_n010_lambda070_rep03.rds",0.789058679706601,6000,0.0180000000000007,4,5.55555555555556,34.2222222222222,0.75,0.880195599022005,0.789058679706601,5,32.4074074074074,47.5555555555556
"distance",10,20,0.7,3,190714617,"outputs/wcrit/01_distance_sensitivity/designs/distance_m10_n020_lambda070_rep03.rds",0.743846271627622,6000,0.0690000000000026,15,23.6842105263158,600.652631578947,0.666666666666667,0.923932016536518,0.743846271627622,22,565.789473684211,1024.10526315789
"distance",20,40,0.7,3,1781010384,"outputs/wcrit/01_distance_sensitivity/designs/distance_m20_n040_lambda070_rep03.rds",0.763208410878959,6000,0.297000000000001,65,97.4358974358974,9893.97435897436,0.680851063829787,0.955375553993692,0.763208410878959,95,9500,18328.6666666667
"distance",5,15,0.7,3,30950017,"outputs/wcrit/01_distance_sensitivity/designs/distance_m05_n015_lambda070_rep03.rds",0.463388746803069,6000,0.0339999999999989,2,5.33333333333333,31.7904761904762,0.25,0.961295822676897,0.463388746803069,5,31.25,45.2142857142857
"distance",10,30,0.7,3,52245615,"outputs/wcrit/01_distance_sensitivity/designs/distance_m10_n030_lambda070_rep03.rds",0.684615148256261,6000,0.113,13,23.2758620689655,579.055172413793,0.571428571428571,0.948717160854202,0.684615148256261,22,556.034482758621,1004.93103448276
"distance",20,60,0.7,3,1504072380,"outputs/wcrit/01_distance_sensitivity/designs/distance_m20_n060_lambda070_rep03.rds",0.714928990647476,6000,0.507000000000001,58,96.6101694915254,9697.73559322034,0.606382978723404,0.968203018470311,0.714928990647476,95,9419.49152542373,18170.1355932203
"distance",5,20,0.7,3,1914105682,"outputs/wcrit/01_distance_sensitivity/designs/distance_m05_n020_lambda070_rep03.rds",0.459607329842932,6000,0.0309999999999988,2,5.26315789473684,31.3894736842105,0.25,0.94869109947644,0.459607329842932,5,30.7017543859649,44.1052631578947
"distance",10,40,0.7,3,2061260242,"outputs/wcrit/01_distance_sensitivity/designs/distance_m10_n040_lambda070_rep03.rds",0.621719759926131,6000,0.149000000000001,11,23.0769230769231,568.482051282051,0.476190476190476,0.961288088642659,0.621719759926131,22,551.282051282051,995.589743589744
"distance",20,80,0.7,3,1227134376,"outputs/wcrit/01_distance_sensitivity/designs/distance_m20_n080_lambda070_rep03.rds",0.703195058038293,6000,0.745000000000001,56,96.2025316455696,9565.00759493671,0.585106382978723,0.978735299843954,0.703195058038293,95,9379.74683544304,18091.8734177215
"distance",5,25,0.7,3,2039964644,"outputs/wcrit/01_distance_sensitivity/designs/distance_m05_n025_lambda070_rep03.rds",0.466020711630377,6000,0.0499999999999972,2,5.2,30.7733333333333,0.25,0.970069038767923,0.466020711630377,5,30.3819444444444,43.4583333333333
"distance",10,50,0.7,3,1922791240,"outputs/wcrit/01_distance_sensitivity/designs/distance_m10_n050_lambda070_rep03.rds",0.622779677727455,6000,0.200999999999997,11,22.9591836734694,564.004081632653,0.476190476190476,0.964821147980405,0.622779677727455,22,548.469387755102,990.061224489796
"distance",20,100,0.7,3,636958048,"outputs/wcrit/01_distance_sensitivity/designs/distance_m20_n100_lambda070_rep03.rds",0.681705071164211,6000,1.026,53,95.959595959596,9516.20121212121,0.553191489361702,0.981570095370065,0.681705071164211,95,9356.06060606061,18045.2323232323
"distance",5,5,0.8,3,776821306,"outputs/wcrit/01_distance_sensitivity/designs/distance_m05_n005_lambda080_rep03.rds",0.761209503239741,6000,0.0120000000000005,4,6,40.2,0.75,0.806047516198704,0.761209503239741,5,36.4583333333333,55.75
"distance",10,10,0.8,3,329200780,"outputs/wcrit/01_distance_sensitivity/designs/distance_m10_n010_lambda080_rep03.rds",0.890940037679465,6000,0.032,20,25,677.533333333333,0.904761904761905,0.835652569349704,0.890940037679465,22,597.222222222222,1085.88888888889
"distance",20,20,0.8,3,2057965549,"outputs/wcrit/01_distance_sensitivity/designs/distance_m20_n020_lambda080_rep03.rds",0.80324285006733,6000,0.137,74,100,10567.9157894737,0.776595744680851,0.909831271613248,0.80324285006733,95,9750,18820.9473684211
"distance",5,10,0.8,3,2052591845,"outputs/wcrit/01_distance_sensitivity/designs/distance_m05_n010_lambda080_rep03.rds",0.776039119804401,6000,0.0199999999999996,4,5.55555555555556,34.2222222222222,0.75,0.880195599022005,0.776039119804401,5,32.4074074074074,47.5555555555556
"distance",10,20,0.8,3,190731778,"outputs/wcrit/01_distance_sensitivity/designs/distance_m10_n020_lambda080_rep03.rds",0.71762364109631,6000,0.0670000000000002,15,23.6842105263158,601.789473684211,0.666666666666667,0.921451538814883,0.71762364109631,22,565.789473684211,1024.10526315789
"distance",20,40,0.8,3,1781027545,"outputs/wcrit/01_distance_sensitivity/designs/distance_m20_n040_lambda080_rep03.rds",0.718429966954101,6000,0.289999999999999,63,97.4358974358974,9907.42564102564,0.659574468085106,0.953851962430079,0.718429966954101,95,9500,18328.6666666667
"distance",5,15,0.8,3,30967178,"outputs/wcrit/01_distance_sensitivity/designs/distance_m05_n015_lambda080_rep03.rds",0.391986359761296,6000,0.0350000000000001,2,5.33333333333333,31.8095238095238,0.25,0.959931798806479,0.391986359761296,5,31.25,45.2142857142857
"distance",10,30,0.8,3,52262776,"outputs/wcrit/01_distance_sensitivity/designs/distance_m10_n030_lambda080_rep03.rds",0.608799245001427,6000,0.106000000000002,12,23.2758620689655,579.036781609195,0.523809523809524,0.948758129769038,0.608799245001427,22,556.034482758621,1004.93103448276
"distance",20,60,0.8,3,1504089541,"outputs/wcrit/01_distance_sensitivity/designs/distance_m20_n060_lambda080_rep03.rds",0.67040746733694,6000,0.516999999999999,57,96.6101694915254,9690.24858757062,0.595744680851064,0.969058613280443,0.67040746733694,95,9419.49152542373,18170.1355932203
"distance",5,20,0.8,3,1914122843,"outputs/wcrit/01_distance_sensitivity/designs/distance_m05_n020_lambda080_rep03.rds",0.390994764397906,6000,0.032,2,5.26315789473684,31.3052631578947,0.25,0.954973821989529,0.390994764397906,5,30.7017543859649,44.1052631578947
"distance",10,40,0.8,3,2061277403,"outputs/wcrit/01_distance_sensitivity/designs/distance_m10_n040_lambda080_rep03.rds",0.611813085344941,6000,0.153000000000002,12,23.0769230769231,567.353846153846,0.523809523809524,0.963827331486611,0.611813085344941,22,551.282051282051,995.589743589744
"distance",20,80,0.8,3,1227151537,"outputs/wcrit/01_distance_sensitivity/designs/distance_m20_n080_lambda080_rep03.rds",0.663521207379989,6000,0.742000000000001,56,96.2025316455696,9578.55316455696,0.585106382978723,0.977180504985049,0.663521207379989,95,9379.74683544304,18091.8734177215
"distance",5,25,0.8,3,2039981805,"outputs/wcrit/01_distance_sensitivity/designs/distance_m05_n025_lambda080_rep03.rds",0.395135422198619,6000,0.0519999999999996,2,5.2,30.7,0.25,0.975677110993096,0.395135422198619,5,30.3819444444444,43.4583333333333
"distance",10,50,0.8,3,1922808401,"outputs/wcrit/01_distance_sensitivity/designs/distance_m10_n050_lambda080_rep03.rds",0.53585686556719,6000,0.202999999999999,10,22.9591836734694,563.925714285714,0.428571428571429,0.964998613550236,0.53585686556719,22,548.469387755102,990.061224489796
"distance",20,100,0.8,3,636975209,"outputs/wcrit/01_distance_sensitivity/designs/distance_m20_n100_lambda080_rep03.rds",0.655845466006588,6000,0.995999999999999,55,95.959595959596,9518.0703030303,0.574468085106383,0.981354989607406,0.655845466006588,95,9356.06060606061,18045.2323232323
"distance",5,5,0.9,3,776838467,"outputs/wcrit/01_distance_sensitivity/designs/distance_m05_n005_lambda090_rep03.rds",0.75560475161987,6000,0.0120000000000005,4,6,40.2,0.75,0.806047516198704,0.75560475161987,5,36.4583333333333,55.75
"distance",10,10,0.9,3,329217941,"outputs/wcrit/01_distance_sensitivity/designs/distance_m10_n010_lambda090_rep03.rds",0.854775547326707,6000,0.0330000000000013,19,25,678.6,0.857142857142857,0.833469758981355,0.854775547326707,22,597.222222222222,1085.88888888889
"distance",20,20,0.9,3,2057982710,"outputs/wcrit/01_distance_sensitivity/designs/distance_m20_n020_lambda090_rep03.rds",0.78997871204673,6000,0.139999999999997,74,100,10562.5263157895,0.776595744680851,0.910425418339638,0.78997871204673,95,9750,18820.9473684211
"distance",5,10,0.9,3,2052609006,"outputs/wcrit/01_distance_sensitivity/designs/distance_m05_n010_lambda090_rep03.rds",0.7630195599022,6000,0.0210000000000008,4,5.55555555555556,34.2222222222222,0.75,0.880195599022005,0.7630195599022,5,32.4074074074074,47.5555555555556
"distance",10,20,0.9,3,190748939,"outputs/wcrit/01_distance_sensitivity/designs/distance_m10_n020_lambda090_rep03.rds",0.692154340836013,6000,0.0650000000000013,15,23.6842105263158,601.747368421053,0.666666666666667,0.921543408360128,0.692154340836013,22,565.789473684211,1024.10526315789
"distance",20,40,0.9,3,1781044706,"outputs/wcrit/01_distance_sensitivity/designs/distance_m20_n040_lambda090_rep03.rds",0.698483515918548,6000,0.300000000000001,64,97.4358974358974,9915.65128205128,0.670212765957447,0.952920265568457,0.698483515918548,95,9500,18328.6666666667
"distance",5,15,0.9,3,30984339,"outputs/wcrit/01_distance_sensitivity/designs/distance_m05_n015_lambda090_rep03.rds",0.321265984654731,6000,0.0299999999999976,2,5.33333333333333,31.7714285714286,0.25,0.962659846547315,0.321265984654731,5,31.25,45.2142857142857
"distance",10,30,0.9,3,52279937,"outputs/wcrit/01_distance_sensitivity/designs/distance_m10_n030_lambda090_rep03.rds",0.608092238585402,6000,0.105999999999998,13,23.2758620689655,583.836781609195,0.571428571428571,0.938065242996876,0.608092238585402,22,556.034482758621,1004.93103448276
"distance",20,60,0.9,3,1504106702,"outputs/wcrit/01_distance_sensitivity/designs/distance_m20_n060_lambda090_rep03.rds",0.642794415366167,6000,0.504999999999999,58,96.6101694915254,9677.65875706215,0.606382978723404,0.970497345151027,0.642794415366167,95,9419.49152542373,18170.1355932203
"distance",5,20,0.9,3,1914140004,"outputs/wcrit/01_distance_sensitivity/designs/distance_m05_n020_lambda090_rep03.rds",0.321125654450262,6000,0.0309999999999988,2,5.26315789473684,31.2210526315789,0.25,0.961256544502618,0.321125654450262,5,30.7017543859649,44.1052631578947
"distance",10,40,0.9,3,2061294564,"outputs/wcrit/01_distance_sensitivity/designs/distance_m10_n040_lambda090_rep03.rds",0.52439552829442,6000,0.153000000000002,11,23.0769230769231,569.835897435897,0.476190476190476,0.958240997229917,0.52439552829442,22,551.282051282051,995.589743589744
"distance",20,80,0.9,3,1227168698,"outputs/wcrit/01_distance_sensitivity/designs/distance_m20_n080_lambda090_rep03.rds",0.633646624227938,6000,0.725999999999999,57,96.2025316455696,9599.60506329114,0.595744680851064,0.974764114619808,0.633646624227938,95,9379.74683544304,18091.8734177215
"distance",5,25,0.9,3,2039998966,"outputs/wcrit/01_distance_sensitivity/designs/distance_m05_n025_lambda090_rep03.rds",0.321853956452469,6000,0.0479999999999983,2,5.2,30.7933333333333,0.25,0.968539564524695,0.321853956452469,5,30.3819444444444,43.4583333333333
"distance",10,50,0.9,3,1922825562,"outputs/wcrit/01_distance_sensitivity/designs/distance_m10_n050_lambda090_rep03.rds",0.482928445987878,6000,0.199999999999999,10,22.9591836734694,560.771428571429,0.428571428571429,0.972141602735928,0.482928445987878,22,548.469387755102,990.061224489796
"distance",20,100,0.9,3,636992370,"outputs/wcrit/01_distance_sensitivity/designs/distance_m20_n100_lambda090_rep03.rds",0.60550247747282,6000,1.019,54,95.959595959596,9525.00686868687,0.563829787234043,0.980556689621821,0.60550247747282,95,9356.06060606061,18045.2323232323
"distance",5,5,1,3,751147563,"outputs/wcrit/01_distance_sensitivity/designs/distance_m05_n005_lambda100_rep03.rds",0.75,6000,0.0150000000000006,4,6,40.8,0.75,0.774946004319655,0.75,5,36.4583333333333,55.75
"distance",10,10,1,3,2126507096,"outputs/wcrit/01_distance_sensitivity/designs/distance_m10_n010_lambda100_rep03.rds",0.904761904761905,6000,0.0339999999999989,20,25,677.711111111111,0.904761904761905,0.835288767621646,0.904761904761905,22,597.222222222222,1085.88888888889
"distance",20,20,1,3,1091721195,"outputs/wcrit/01_distance_sensitivity/designs/distance_m20_n020_lambda100_rep03.rds",0.765957446808511,6000,0.134,73,100,10589.7263157895,0.765957446808511,0.907426834079885,0.765957446808511,95,9750,18820.9473684211
"distance",5,10,1,3,1324601660,"outputs/wcrit/01_distance_sensitivity/designs/distance_m05_n010_lambda100_rep03.rds",0.75,6000,0.0190000000000019,4,5.55555555555556,34.2222222222222,0.75,0.880195599022005,0.75,5,32.4074074074074,47.5555555555556
"distance",10,20,1,3,2051291425,"outputs/wcrit/01_distance_sensitivity/designs/distance_m10_n020_lambda100_rep03.rds",0.666666666666667,6000,0.0670000000000002,15,23.6842105263158,603.852631578947,0.666666666666667,0.916949931097841,0.666666666666667,22,565.789473684211,1024.10526315789
"distance",20,40,1,3,941289853,"outputs/wcrit/01_distance_sensitivity/designs/distance_m20_n040_lambda100_rep03.rds",0.648936170212766,6000,0.300999999999998,62,97.4358974358974,9924.88717948718,0.648936170212766,0.951874139603506,0.648936170212766,95,9500,18328.6666666667
"distance",5,15,1,3,649617636,"outputs/wcrit/01_distance_sensitivity/designs/distance_m05_n015_lambda100_rep03.rds",0.5,6000,0.0350000000000001,3,5.33333333333333,32.3809523809524,0.5,0.919011082693947,0.5,5,31.25,45.2142857142857
"distance",10,30,1,3,1976075754,"outputs/wcrit/01_distance_sensitivity/designs/distance_m10_n030_lambda100_rep03.rds",0.523809523809524,6000,0.105999999999998,12,23.2758620689655,582.714942528736,0.523809523809524,0.940564346801864,0.523809523809524,22,556.034482758621,1004.93103448276
"distance",20,60,1,3,790858511,"outputs/wcrit/01_distance_sensitivity/designs/distance_m20_n060_lambda100_rep03.rds",0.617021276595745,6000,0.499000000000002,59,96.6101694915254,9687.96384180791,0.617021276595745,0.969319707863311,0.617021276595745,95,9419.49152542373,18170.1355932203
"distance",5,20,1,3,1249385989,"outputs/wcrit/01_distance_sensitivity/designs/distance_m05_n020_lambda100_rep03.rds",0.25,6000,0.0339999999999989,2,5.26315789473684,32.1684210526316,0.25,0.890575916230366,0.25,5,30.7017543859649,44.1052631578947
"distance",10,40,1,3,1900860083,"outputs/wcrit/01_distance_sensitivity/designs/distance_m10_n040_lambda100_rep03.rds",0.476190476190476,6000,0.145999999999997,11,23.0769230769231,573.446153846154,0.476190476190476,0.950115420129271,0.476190476190476,22,551.282051282051,995.589743589744
"distance",20,80,1,3,640427169,"outputs/wcrit/01_distance_sensitivity/designs/distance_m20_n080_lambda100_rep03.rds",0.595744680851064,6000,0.738,57,96.2025316455696,9590.9417721519,0.595744680851064,0.975758509163715,0.595744680851064,95,9379.74683544304,18091.8734177215
"distance",5,25,1,3,574401965,"outputs/wcrit/01_distance_sensitivity/designs/distance_m05_n025_lambda100_rep03.rds",0.25,6000,0.0470000000000006,2,5.2,31.2333333333333,0.25,0.934891131173659,0.25,5,30.3819444444444,43.4583333333333
"distance",10,50,1,3,1825644412,"outputs/wcrit/01_distance_sensitivity/designs/distance_m10_n050_lambda100_rep03.rds",0.428571428571429,6000,0.199999999999999,10,22.9591836734694,563.919183673469,0.428571428571429,0.965013402347721,0.428571428571429,22,548.469387755102,990.061224489796
"distance",20,100,1,3,1805046944,"outputs/wcrit/01_distance_sensitivity/designs/distance_m20_n100_lambda100_rep03.rds",0.574468085106383,6000,1.033,55,95.959595959596,9517.56202020202,0.574468085106383,0.98141348572704,0.574468085106383,95,9356.06060606061,18045.2323232323
"distance",5,5,0,4,751130403,"outputs/wcrit/01_distance_sensitivity/designs/distance_m05_n005_lambda000_rep04.rds",0.806047516198704,6000,0.0109999999999992,4,6,40.2,0.75,0.806047516198704,0.806047516198704,5,36.4583333333333,55.75
"distance",10,10,0,4,2126489936,"outputs/wcrit/01_distance_sensitivity/designs/distance_m10_n010_lambda000_rep04.rds",0.836016371077762,6000,0.0330000000000013,19,25,677.355555555556,0.857142857142857,0.836016371077762,0.836016371077762,22,597.222222222222,1085.88888888889
"distance",20,20,0,4,1091704035,"outputs/wcrit/01_distance_sensitivity/designs/distance_m20_n020_lambda000_rep04.rds",0.911548726994221,6000,0.131,70,100,10552.3368421053,0.734042553191489,0.911548726994221,0.911548726994221,95,9750,18820.9473684211
"distance",5,10,0,4,1324584500,"outputs/wcrit/01_distance_sensitivity/designs/distance_m05_n010_lambda000_rep04.rds",0.891931540342298,6000,0.0210000000000008,3,5.55555555555556,34.0444444444444,0.5,0.891931540342298,0.891931540342298,5,32.4074074074074,47.5555555555556
"distance",10,20,0,4,2051274265,"outputs/wcrit/01_distance_sensitivity/designs/distance_m10_n020_lambda000_rep04.rds",0.925585668350942,6000,0.0700000000000003,12,23.6842105263158,599.894736842105,0.523809523809524,0.925585668350942,0.925585668350942,22,565.789473684211,1024.10526315789
"distance",20,40,0,4,941272693,"outputs/wcrit/01_distance_sensitivity/designs/distance_m20_n040_lambda000_rep04.rds",0.955092095098136,6000,0.298999999999999,55,97.4358974358974,9896.47692307692,0.574468085106383,0.955092095098136,0.955092095098136,95,9500,18328.6666666667
"distance",5,15,0,4,649600476,"outputs/wcrit/01_distance_sensitivity/designs/distance_m05_n015_lambda000_rep04.rds",0.954475703324808,6000,0.0280000000000022,2,5.33333333333333,31.8857142857143,0.25,0.954475703324808,0.954475703324808,5,31.25,45.2142857142857
"distance",10,30,0,4,1976058594,"outputs/wcrit/01_distance_sensitivity/designs/distance_m10_n030_lambda000_rep04.rds",0.951052388999846,6000,0.109999999999999,10,23.2758620689655,578.006896551724,0.428571428571429,0.951052388999846,0.951052388999846,22,556.034482758621,1004.93103448276
"distance",20,60,0,4,790841351,"outputs/wcrit/01_distance_sensitivity/designs/distance_m20_n060_lambda000_rep04.rds",0.971020309078137,6000,0.517999999999997,47,96.6101694915254,9673.08248587571,0.48936170212766,0.971020309078137,0.971020309078137,95,9419.49152542373,18170.1355932203
"distance",5,20,0,4,1249368829,"outputs/wcrit/01_distance_sensitivity/designs/distance_m05_n020_lambda000_rep04.rds",0.954973821989529,6000,0.0309999999999988,2,5.26315789473684,31.3052631578947,0.25,0.954973821989529,0.954973821989529,5,30.7017543859649,44.1052631578947
"distance",10,40,0,4,1900842923,"outputs/wcrit/01_distance_sensitivity/designs/distance_m10_n040_lambda000_rep04.rds",0.961195752539243,6000,0.151,11,23.0769230769231,568.523076923077,0.476190476190476,0.961195752539243,0.961195752539243,22,551.282051282051,995.589743589744
"distance",20,80,0,4,640410009,"outputs/wcrit/01_distance_sensitivity/designs/distance_m20_n080_lambda000_rep04.rds",0.977839124281883,6000,0.739000000000001,47,96.2025316455696,9572.81518987342,0.48936170212766,0.977839124281883,0.977839124281883,95,9379.74683544304,18091.8734177215
"distance",5,25,0,4,574384805,"outputs/wcrit/01_distance_sensitivity/designs/distance_m05_n025_lambda000_rep04.rds",0.973127987254381,6000,0.0479999999999983,1,5.2,30.7333333333333,0,0.973127987254381,0.973127987254381,5,30.3819444444444,43.4583333333333
"distance",10,50,0,4,1825627252,"outputs/wcrit/01_distance_sensitivity/designs/distance_m10_n050_lambda000_rep04.rds",0.970263425455218,6000,0.206000000000003,8,22.9591836734694,561.600816326531,0.333333333333333,0.970263425455218,0.970263425455218,22,548.469387755102,990.061224489796
"distance",20,100,0,4,1805029784,"outputs/wcrit/01_distance_sensitivity/designs/distance_m20_n100_lambda000_rep04.rds",0.983075835708673,6000,1.024,46,95.959595959596,9503.11757575758,0.478723404255319,0.983075835708673,0.983075835708673,95,9356.06060606061,18045.2323232323
"distance",5,5,0.1,4,776701180,"outputs/wcrit/01_distance_sensitivity/designs/distance_m05_n005_lambda010_rep04.rds",0.800442764578834,6000,0.0169999999999995,4,6,40.2,0.75,0.806047516198704,0.800442764578834,5,36.4583333333333,55.75
"distance",10,10,0.1,4,329080654,"outputs/wcrit/01_distance_sensitivity/designs/distance_m10_n010_lambda010_rep04.rds",0.837474176573767,6000,0.0339999999999989,19,25,677.711111111111,0.857142857142857,0.835288767621646,0.837474176573767,22,597.222222222222,1085.88888888889
"distance",20,20,0.1,4,2057845423,"outputs/wcrit/01_distance_sensitivity/designs/distance_m20_n020_lambda010_rep04.rds",0.898621581569995,6000,0.138000000000002,74,100,10546.6105263158,0.776595744680851,0.912180007891011,0.898621581569995,95,9750,18820.9473684211
"distance",5,10,0.1,4,2052471719,"outputs/wcrit/01_distance_sensitivity/designs/distance_m05_n010_lambda010_rep04.rds",0.867176039119804,6000,0.0210000000000008,4,5.55555555555556,34.2222222222222,0.75,0.880195599022005,0.867176039119804,5,32.4074074074074,47.5555555555556
"distance",10,20,0.1,4,190611652,"outputs/wcrit/01_distance_sensitivity/designs/distance_m10_n020_lambda010_rep04.rds",0.894435767876282,6000,0.0650000000000013,14,23.6842105263158,600.147368421053,0.619047619047619,0.925034451079467,0.894435767876282,22,565.789473684211,1024.10526315789
"distance",20,40,0.1,4,1780907419,"outputs/wcrit/01_distance_sensitivity/designs/distance_m20_n040_lambda010_rep04.rds",0.927023923826972,6000,0.306000000000001,66,97.4358974358974,9913.23076923077,0.691489361702128,0.953194430729732,0.927023923826972,95,9500,18328.6666666667
"distance",5,15,0.1,4,30847052,"outputs/wcrit/01_distance_sensitivity/designs/distance_m05_n015_lambda010_rep04.rds",0.88693094629156,6000,0.0310000000000024,3,5.33333333333333,32.2285714285714,0.5,0.929923273657289,0.88693094629156,5,31.25,45.2142857142857
"distance",10,30,0.1,4,52142650,"outputs/wcrit/01_distance_sensitivity/designs/distance_m10_n030_lambda010_rep04.rds",0.910066501327832,6000,0.108999999999998,13,23.2758620689655,579.514942528736,0.571428571428571,0.947692937983305,0.910066501327832,22,556.034482758621,1004.93103448276
"distance",20,60,0.1,4,1503969415,"outputs/wcrit/01_distance_sensitivity/designs/distance_m20_n060_lambda010_rep04.rds",0.932246934912132,6000,0.512,58,96.6101694915254,9695.53898305085,0.606382978723404,0.968454041155324,0.932246934912132,95,9419.49152542373,18170.1355932203
"distance",5,20,0.1,4,1914002717,"outputs/wcrit/01_distance_sensitivity/designs/distance_m05_n020_lambda010_rep04.rds",0.878821989528796,6000,0.0380000000000003,2,5.26315789473684,31.3894736842105,0.25,0.94869109947644,0.878821989528796,5,30.7017543859649,44.1052631578947
"distance",10,40,0.1,4,2061157277,"outputs/wcrit/01_distance_sensitivity/designs/distance_m10_n040_lambda010_rep04.rds",0.909661983907136,6000,0.151999999999997,11,23.0769230769231,570.020512820513,0.476190476190476,0.957825484764543,0.909661983907136,22,551.282051282051,995.589743589744
"distance",20,80,0.1,4,1227031411,"outputs/wcrit/01_distance_sensitivity/designs/distance_m20_n080_lambda010_rep04.rds",0.937818340697696,6000,0.754000000000001,55,96.2025316455696,9569.75316455696,0.574468085106383,0.978190591318953,0.937818340697696,95,9379.74683544304,18091.8734177215
"distance",5,25,0.1,4,2039861679,"outputs/wcrit/01_distance_sensitivity/designs/distance_m05_n025_lambda010_rep04.rds",0.902191715347849,6000,0.0570000000000022,2,5.2,30.7133333333333,0.25,0.97465746149761,0.902191715347849,5,30.3819444444444,43.4583333333333
"distance",10,50,0.1,4,1922688275,"outputs/wcrit/01_distance_sensitivity/designs/distance_m10_n050_lambda010_rep04.rds",0.91227427937623,6000,0.201000000000001,10,22.9591836734694,563.475102040816,0.428571428571429,0.966019040576763,0.91227427937623,22,548.469387755102,990.061224489796
"distance",20,100,0.1,4,636855083,"outputs/wcrit/01_distance_sensitivity/designs/distance_m20_n100_lambda010_rep04.rds",0.938494195551719,6000,1.019,53,95.959595959596,9518.49939393939,0.553191489361702,0.981305607350609,0.938494195551719,95,9356.06060606061,18045.2323232323
"distance",5,5,0.2,4,776718341,"outputs/wcrit/01_distance_sensitivity/designs/distance_m05_n005_lambda020_rep04.rds",0.794838012958963,6000,0.0109999999999992,4,6,40.2,0.75,0.806047516198704,0.794838012958963,5,36.4583333333333,55.75
"distance",10,10,0.2,4,329097815,"outputs/wcrit/01_distance_sensitivity/designs/distance_m10_n010_lambda020_rep04.rds",0.849183395049698,6000,0.0340000000000025,20,25,677.711111111111,0.904761904761905,0.835288767621646,0.849183395049698,22,597.222222222222,1085.88888888889
"distance",20,20,0.2,4,2057862584,"outputs/wcrit/01_distance_sensitivity/designs/distance_m20_n020_lambda020_rep04.rds",0.880156131409533,6000,0.131999999999998,72,100,10554,0.75531914893617,0.911365377027874,0.880156131409533,95,9750,18820.9473684211
"distance",5,10,0.2,4,2052488880,"outputs/wcrit/01_distance_sensitivity/designs/distance_m05_n010_lambda020_rep04.rds",0.854156479217604,6000,0.0219999999999985,4,5.55555555555556,34.2222222222222,0.75,0.880195599022005,0.854156479217604,5,32.4074074074074,47.5555555555556
"distance",10,20,0.2,4,190628813,"outputs/wcrit/01_distance_sensitivity/designs/distance_m10_n020_lambda020_rep04.rds",0.861264737406217,6000,0.0710000000000015,14,23.6842105263158,601.621052631579,0.619047619047619,0.921819016995866,0.861264737406217,22,565.789473684211,1024.10526315789
"distance",20,40,0.2,4,1780924580,"outputs/wcrit/01_distance_sensitivity/designs/distance_m20_n040_lambda020_rep04.rds",0.892787019124948,6000,0.294999999999998,62,97.4358974358974,9908.32820512821,0.648936170212766,0.953749731352993,0.892787019124948,95,9500,18328.6666666667
"distance",5,15,0.2,4,30864213,"outputs/wcrit/01_distance_sensitivity/designs/distance_m05_n015_lambda020_rep04.rds",0.823401534526854,6000,0.0330000000000013,2,5.33333333333333,31.7142857142857,0.25,0.966751918158568,0.823401534526854,5,31.25,45.2142857142857
"distance",10,30,0.2,4,52159811,"outputs/wcrit/01_distance_sensitivity/designs/distance_m10_n030_lambda020_rep04.rds",0.866966617650286,6000,0.127000000000002,13,23.2758620689655,582.586206896552,0.571428571428571,0.940851129205715,0.866966617650286,22,556.034482758621,1004.93103448276
"distance",20,60,0.2,4,1503986576,"outputs/wcrit/01_distance_sensitivity/designs/distance_m20_n060_lambda020_rep04.rds",0.898801552951478,6000,0.538,59,96.6101694915254,9688.60338983051,0.617021276595745,0.969246622040412,0.898801552951478,95,9419.49152542373,18170.1355932203
"distance",5,20,0.2,4,1914019878,"outputs/wcrit/01_distance_sensitivity/designs/distance_m05_n020_lambda020_rep04.rds",0.812722513089005,6000,0.0410000000000004,2,5.26315789473684,31.3263157894737,0.25,0.953403141361256,0.812722513089005,5,30.7017543859649,44.1052631578947
"distance",10,40,0.2,4,2061174438,"outputs/wcrit/01_distance_sensitivity/designs/distance_m10_n040_lambda020_rep04.rds",0.861757024139296,6000,0.158999999999999,11,23.0769230769231,569.876923076923,0.476190476190476,0.958148661126501,0.861757024139296,22,551.282051282051,995.589743589744
"distance",20,80,0.2,4,1227048572,"outputs/wcrit/01_distance_sensitivity/designs/distance_m20_n080_lambda020_rep04.rds",0.896396452765146,6000,0.751999999999999,56,96.2025316455696,9604.35443037975,0.585106382978723,0.974218970211752,0.896396452765146,95,9379.74683544304,18091.8734177215
"distance",5,25,0.2,4,2039878840,"outputs/wcrit/01_distance_sensitivity/designs/distance_m05_n025_lambda020_rep04.rds",0.817082315454063,6000,0.0539999999999985,2,5.2,30.92,0.25,0.958852894317578,0.817082315454063,5,30.3819444444444,43.4583333333333
"distance",10,50,0.2,4,1922705436,"outputs/wcrit/01_distance_sensitivity/designs/distance_m10_n050_lambda020_rep04.rds",0.860588118785734,6000,0.202999999999999,10,22.9591836734694,562.338775510204,0.428571428571429,0.96859229133931,0.860588118785734,22,548.469387755102,990.061224489796
"distance",20,100,0.2,4,636872244,"outputs/wcrit/01_distance_sensitivity/designs/distance_m20_n100_lambda020_rep04.rds",0.894673934936003,6000,1.051,53,95.959595959596,9529.45696969697,0.553191489361702,0.980044546329578,0.894673934936003,95,9356.06060606061,18045.2323232323
"distance",5,5,0.3,4,776735502,"outputs/wcrit/01_distance_sensitivity/designs/distance_m05_n005_lambda030_rep04.rds",0.789233261339093,6000,0.0139999999999993,4,6,40.2,0.75,0.806047516198704,0.789233261339093,5,36.4583333333333,55.75
"distance",10,10,0.3,4,329114976,"outputs/wcrit/01_distance_sensitivity/designs/distance_m10_n010_lambda030_rep04.rds",0.837006431494835,6000,0.0360000000000014,19,25,681.088888888889,0.857142857142857,0.82837653478854,0.837006431494835,22,597.222222222222,1085.88888888889
"distance",20,20,0.3,4,2057879745,"outputs/wcrit/01_distance_sensitivity/designs/distance_m20_n020_lambda030_rep04.rds",0.865550649872672,6000,0.135000000000002,72,100,10541.0526315789,0.75531914893617,0.912792721702602,0.865550649872672,95,9750,18820.9473684211
"distance",5,10,0.3,4,2052506041,"outputs/wcrit/01_distance_sensitivity/designs/distance_m05_n010_lambda030_rep04.rds",0.841136919315403,6000,0.0180000000000007,4,5.55555555555556,34.2222222222222,0.75,0.880195599022005,0.841136919315403,5,32.4074074074074,47.5555555555556
"distance",10,20,0.3,4,190645974,"outputs/wcrit/01_distance_sensitivity/designs/distance_m10_n020_lambda030_rep04.rds",0.829251263206247,6000,0.0740000000000016,14,23.6842105263158,602.757894736842,0.619047619047619,0.919338539274231,0.829251263206247,22,565.789473684211,1024.10526315789
"distance",20,40,0.3,4,1780941741,"outputs/wcrit/01_distance_sensitivity/designs/distance_m20_n040_lambda030_rep04.rds",0.869357093572456,6000,0.303000000000001,64,97.4358974358974,9899.89743589744,0.670212765957447,0.954704662550317,0.869357093572456,95,9500,18328.6666666667
"distance",5,15,0.3,4,30881374,"outputs/wcrit/01_distance_sensitivity/designs/distance_m05_n015_lambda030_rep04.rds",0.744087809036658,6000,0.0309999999999988,2,5.33333333333333,31.8666666666667,0.25,0.955839727195226,0.744087809036658,5,31.25,45.2142857142857
"distance",10,30,0.3,4,52176972,"outputs/wcrit/01_distance_sensitivity/designs/distance_m10_n030_lambda030_rep04.rds",0.822133895192737,6000,0.111000000000001,12,23.2758620689655,578.485057471264,0.523809523809524,0.949987197214114,0.822133895192737,22,556.034482758621,1004.93103448276
"distance",20,60,0.3,4,1504003737,"outputs/wcrit/01_distance_sensitivity/designs/distance_m20_n060_lambda030_rep04.rds",0.860435796678878,6000,0.542000000000002,58,96.6101694915254,9688,0.606382978723404,0.969315575802653,0.860435796678878,95,9419.49152542373,18170.1355932203
"distance",5,20,0.3,4,1914037039,"outputs/wcrit/01_distance_sensitivity/designs/distance_m05_n020_lambda030_rep04.rds",0.742382198952879,6000,0.0309999999999988,2,5.26315789473684,31.3263157894737,0.25,0.953403141361256,0.742382198952879,5,30.7017543859649,44.1052631578947
"distance",10,40,0.3,4,2061191599,"outputs/wcrit/01_distance_sensitivity/designs/distance_m10_n040_lambda030_rep04.rds",0.814740799366838,6000,0.167000000000002,11,23.0769230769231,569.128205128205,0.476190476190476,0.95983379501385,0.814740799366838,22,551.282051282051,995.589743589744
"distance",20,80,0.3,4,1227065733,"outputs/wcrit/01_distance_sensitivity/designs/distance_m20_n080_lambda030_rep04.rds",0.855616290105955,6000,0.754999999999999,55,96.2025316455696,9587.89367088608,0.574468085106383,0.976108377962915,0.855616290105955,95,9379.74683544304,18091.8734177215
"distance",5,25,0.3,4,2039896001,"outputs/wcrit/01_distance_sensitivity/designs/distance_m05_n025_lambda030_rep04.rds",0.745840148698885,6000,0.046999999999997,2,5.2,30.9266666666667,0.25,0.958343069569835,0.745840148698885,5,30.3819444444444,43.4583333333333
"distance",10,50,0.3,4,1922722597,"outputs/wcrit/01_distance_sensitivity/designs/distance_m10_n050_lambda030_rep04.rds",0.81849075039943,6000,0.202999999999999,11,22.9591836734694,563.840816326531,0.476190476190476,0.965190867917553,0.81849075039943,22,548.469387755102,990.061224489796
"distance",20,100,0.3,4,636889405,"outputs/wcrit/01_distance_sensitivity/designs/distance_m20_n100_lambda030_rep04.rds",0.85014983241949,6000,1.071,52,95.959595959596,9512.66585858586,0.542553191489362,0.981976964246688,0.85014983241949,95,9356.06060606061,18045.2323232323
"distance",5,5,0.4,4,776752663,"outputs/wcrit/01_distance_sensitivity/designs/distance_m05_n005_lambda040_rep04.rds",0.783628509719222,6000,0.0109999999999992,4,6,40.2,0.75,0.806047516198704,0.783628509719222,5,36.4583333333333,55.75
"distance",10,10,0.4,4,329132137,"outputs/wcrit/01_distance_sensitivity/designs/distance_m10_n010_lambda040_rep04.rds",0.843375560319626,6000,0.0299999999999976,19,25,678.244444444444,0.857142857142857,0.834197362437472,0.843375560319626,22,597.222222222222,1085.88888888889
"distance",20,20,0.4,4,2057896906,"outputs/wcrit/01_distance_sensitivity/designs/distance_m20_n020_lambda040_rep04.rds",0.853185494563449,6000,0.141999999999999,73,100,10554.2526315789,0.765957446808511,0.911337526400074,0.853185494563449,95,9750,18820.9473684211
"distance",5,10,0.4,4,2052523202,"outputs/wcrit/01_distance_sensitivity/designs/distance_m05_n010_lambda040_rep04.rds",0.828117359413203,6000,0.0210000000000008,4,5.55555555555556,34.2222222222222,0.75,0.880195599022005,0.828117359413203,5,32.4074074074074,47.5555555555556
"distance",10,20,0.4,4,190663135,"outputs/wcrit/01_distance_sensitivity/designs/distance_m10_n020_lambda040_rep04.rds",0.824774154034604,6000,0.0700000000000003,15,23.6842105263158,597.789473684211,0.666666666666667,0.930179145613229,0.824774154034604,22,565.789473684211,1024.10526315789
"distance",20,40,0.4,4,1780958902,"outputs/wcrit/01_distance_sensitivity/designs/distance_m20_n040_lambda040_rep04.rds",0.840828093970035,6000,0.324999999999999,64,97.4358974358974,9901.0717948718,0.670212765957447,0.954571645978427,0.840828093970035,95,9500,18328.6666666667
"distance",5,15,0.4,4,30898535,"outputs/wcrit/01_distance_sensitivity/designs/distance_m05_n015_lambda040_rep04.rds",0.674322250639386,6000,0.0300000000000011,2,5.33333333333333,31.847619047619,0.25,0.957203751065644,0.674322250639386,5,31.25,45.2142857142857
"distance",10,30,0.4,4,52194133,"outputs/wcrit/01_distance_sensitivity/designs/distance_m10_n030_lambda040_rep04.rds",0.779884848085801,6000,0.109999999999999,12,23.2758620689655,578.209195402299,0.523809523809524,0.950601730936652,0.779884848085801,22,556.034482758621,1004.93103448276
"distance",20,60,0.4,4,1504020898,"outputs/wcrit/01_distance_sensitivity/designs/distance_m20_n060_lambda040_rep04.rds",0.845395115113056,6000,0.510999999999999,63,96.6101694915254,9688.35028248588,0.659574468085106,0.969275546465022,0.845395115113056,95,9419.49152542373,18170.1355932203
"distance",5,20,0.4,4,1914054200,"outputs/wcrit/01_distance_sensitivity/designs/distance_m05_n020_lambda040_rep04.rds",0.672041884816754,6000,0.0339999999999989,2,5.26315789473684,31.3263157894737,0.25,0.953403141361256,0.672041884816754,5,30.7017543859649,44.1052631578947
"distance",10,40,0.4,4,2061208760,"outputs/wcrit/01_distance_sensitivity/designs/distance_m10_n040_lambda040_rep04.rds",0.766473420393088,6000,0.154,11,23.0769230769231,569.05641025641,0.476190476190476,0.959995383194829,0.766473420393088,22,551.282051282051,995.589743589744
"distance",20,80,0.4,4,1227082894,"outputs/wcrit/01_distance_sensitivity/designs/distance_m20_n080_lambda040_rep04.rds",0.829182042879393,6000,0.77,58,96.2025316455696,9573.89873417722,0.606382978723404,0.977714752316718,0.829182042879393,95,9379.74683544304,18091.8734177215
"distance",5,25,0.4,4,2039913162,"outputs/wcrit/01_distance_sensitivity/designs/distance_m05_n025_lambda040_rep04.rds",0.675617631439193,6000,0.0509999999999984,2,5.2,30.9133333333333,0.25,0.959362719065321,0.675617631439193,5,30.3819444444444,43.4583333333333
"distance",10,50,0.4,4,1922739758,"outputs/wcrit/01_distance_sensitivity/designs/distance_m10_n050_lambda040_rep04.rds",0.751918450345292,6000,0.213000000000001,10,22.9591836734694,562.828571428571,0.428571428571429,0.967483131527868,0.751918450345292,22,548.469387755102,990.061224489796
"distance",20,100,0.4,4,636906566,"outputs/wcrit/01_distance_sensitivity/designs/distance_m20_n100_lambda040_rep04.rds",0.806025382483951,6000,1.064,52,95.959595959596,9515.30262626263,0.542553191489362,0.981673509813677,0.806025382483951,95,9356.06060606061,18045.2323232323
"distance",5,5,0.5,4,776769824,"outputs/wcrit/01_distance_sensitivity/designs/distance_m05_n005_lambda050_rep04.rds",0.778023758099352,6000,0.0120000000000005,4,6,40.2,0.75,0.806047516198704,0.778023758099352,5,36.4583333333333,55.75
"distance",10,10,0.5,4,329149298,"outputs/wcrit/01_distance_sensitivity/designs/distance_m10_n010_lambda050_rep04.rds",0.845488208926135,6000,0.0350000000000001,19,25,678.422222222222,0.857142857142857,0.833833560709413,0.845488208926135,22,597.222222222222,1085.88888888889
"distance",20,20,0.5,4,2057914067,"outputs/wcrit/01_distance_sensitivity/designs/distance_m20_n020_lambda050_rep04.rds",0.83183716863802,6000,0.134,72,100,10581.3052631579,0.75531914893617,0.908355188339871,0.83183716863802,95,9750,18820.9473684211
"distance",5,10,0.5,4,2052540363,"outputs/wcrit/01_distance_sensitivity/designs/distance_m05_n010_lambda050_rep04.rds",0.815097799511002,6000,0.0209999999999972,4,5.55555555555556,34.2222222222222,0.75,0.880195599022005,0.815097799511002,5,32.4074074074074,47.5555555555556
"distance",10,20,0.5,4,190680296,"outputs/wcrit/01_distance_sensitivity/designs/distance_m10_n020_lambda050_rep04.rds",0.79557495023733,6000,0.0730000000000004,15,23.6842105263158,600.4,0.666666666666667,0.924483233807993,0.79557495023733,22,565.789473684211,1024.10526315789
"distance",20,40,0.5,4,1780976063,"outputs/wcrit/01_distance_sensitivity/designs/distance_m20_n040_lambda050_rep04.rds",0.807645783406804,6000,0.337999999999997,63,97.4358974358974,9890.95897435897,0.659574468085106,0.955717098728501,0.807645783406804,95,9500,18328.6666666667
"distance",5,15,0.5,4,30915696,"outputs/wcrit/01_distance_sensitivity/designs/distance_m05_n015_lambda050_rep04.rds",0.723145780051151,6000,0.032,3,5.33333333333333,32,0.5,0.946291560102302,0.723145780051151,5,31.25,45.2142857142857
"distance",10,30,0.5,4,52211294,"outputs/wcrit/01_distance_sensitivity/designs/distance_m10_n030_lambda050_rep04.rds",0.735443964035146,6000,0.110000000000003,12,23.2758620689655,579.790804597701,0.523809523809524,0.947078404260767,0.735443964035146,22,556.034482758621,1004.93103448276
"distance",20,60,0.5,4,1504038059,"outputs/wcrit/01_distance_sensitivity/designs/distance_m20_n060_lambda050_rep04.rds",0.798800062222679,6000,0.568999999999999,60,96.6101694915254,9682.53107344633,0.627659574468085,0.969940549977274,0.798800062222679,95,9419.49152542373,18170.1355932203
"distance",5,20,0.5,4,1914071361,"outputs/wcrit/01_distance_sensitivity/designs/distance_m05_n020_lambda050_rep04.rds",0.602486910994764,6000,0.0360000000000014,2,5.26315789473684,31.3052631578947,0.25,0.954973821989529,0.602486910994764,5,30.7017543859649,44.1052631578947
"distance",10,40,0.5,4,2061225921,"outputs/wcrit/01_distance_sensitivity/designs/distance_m10_n040_lambda050_rep04.rds",0.719016290726817,6000,0.154999999999998,11,23.0769230769231,568.235897435897,0.476190476190476,0.961842105263158,0.719016290726817,22,551.282051282051,995.589743589744
"distance",20,80,0.5,4,1227100055,"outputs/wcrit/01_distance_sensitivity/designs/distance_m20_n080_lambda050_rep04.rds",0.780042693972442,6000,0.824999999999999,56,96.2025316455696,9597.7329113924,0.585106382978723,0.974979004966161,0.780042693972442,95,9379.74683544304,18091.8734177215
"distance",5,25,0.5,4,2039930323,"outputs/wcrit/01_distance_sensitivity/designs/distance_m05_n025_lambda050_rep04.rds",0.608505045140733,6000,0.0479999999999983,2,5.2,30.8133333333333,0.25,0.967010090281466,0.608505045140733,5,30.3819444444444,43.4583333333333
"distance",10,50,0.5,4,1922756919,"outputs/wcrit/01_distance_sensitivity/designs/distance_m10_n050_lambda050_rep04.rds",0.698374816790567,6000,0.207000000000001,10,22.9591836734694,562.521632653061,0.428571428571429,0.968178205009705,0.698374816790567,22,548.469387755102,990.061224489796
"distance",20,100,0.5,4,636923727,"outputs/wcrit/01_distance_sensitivity/designs/distance_m20_n100_lambda050_rep04.rds",0.767504108509975,6000,1.123,53,95.959595959596,9514.05818181818,0.553191489361702,0.981816727658249,0.767504108509975,95,9356.06060606061,18045.2323232323
"distance",5,5,0.6,4,776786985,"outputs/wcrit/01_distance_sensitivity/designs/distance_m05_n005_lambda060_rep04.rds",0.772419006479482,6000,0.0120000000000005,4,6,40.2,0.75,0.806047516198704,0.772419006479482,5,36.4583333333333,55.75
"distance",10,10,0.6,4,329166459,"outputs/wcrit/01_distance_sensitivity/designs/distance_m10_n010_lambda060_rep04.rds",0.84781913856948,6000,0.0339999999999989,19,25,678.422222222222,0.857142857142857,0.833833560709413,0.84781913856948,22,597.222222222222,1085.88888888889
"distance",20,20,0.6,4,2057931228,"outputs/wcrit/01_distance_sensitivity/designs/distance_m20_n020_lambda060_rep04.rds",0.823358440048808,6000,0.216000000000001,73,100,10571.2842105263,0.765957446808511,0.909459929909253,0.823358440048808,95,9750,18820.9473684211
"distance",5,10,0.6,4,2052557524,"outputs/wcrit/01_distance_sensitivity/designs/distance_m05_n010_lambda060_rep04.rds",0.802078239608802,6000,0.0199999999999996,4,5.55555555555556,34.2222222222222,0.75,0.880195599022005,0.802078239608802,5,32.4074074074074,47.5555555555556
"distance",10,20,0.6,4,190697457,"outputs/wcrit/01_distance_sensitivity/designs/distance_m10_n020_lambda060_rep04.rds",0.768801102434543,6000,0.0680000000000014,15,23.6842105263158,601.536842105263,0.666666666666667,0.922002756086357,0.768801102434543,22,565.789473684211,1024.10526315789
"distance",20,40,0.6,4,1780993224,"outputs/wcrit/01_distance_sensitivity/designs/distance_m20_n040_lambda060_rep04.rds",0.777374685672188,6000,0.388999999999999,63,97.4358974358974,9905.45641025641,0.659574468085106,0.954075012052812,0.777374685672188,95,9500,18328.6666666667
"distance",5,15,0.6,4,30932857,"outputs/wcrit/01_distance_sensitivity/designs/distance_m05_n015_lambda060_rep04.rds",0.538337595907928,6000,0.0329999999999977,2,5.33333333333333,31.6571428571429,0.25,0.970843989769821,0.538337595907928,5,31.25,45.2142857142857
"distance",10,30,0.6,4,52228455,"outputs/wcrit/01_distance_sensitivity/designs/distance_m10_n030_lambda060_rep04.rds",0.723425586550491,6000,0.106000000000002,13,23.2758620689655,577.841379310345,0.571428571428571,0.951421109233369,0.723425586550491,22,556.034482758621,1004.93103448276
"distance",20,60,0.6,4,1504055220,"outputs/wcrit/01_distance_sensitivity/designs/distance_m20_n060_lambda060_rep04.rds",0.764836933061497,6000,0.597999999999999,60,96.6101694915254,9676.73446327684,0.627659574468085,0.970602970951614,0.764836933061497,95,9419.49152542373,18170.1355932203
"distance",5,20,0.6,4,1914088522,"outputs/wcrit/01_distance_sensitivity/designs/distance_m05_n020_lambda060_rep04.rds",0.531361256544503,6000,0.0330000000000013,2,5.26315789473684,31.3263157894737,0.25,0.953403141361256,0.531361256544503,5,30.7017543859649,44.1052631578947
"distance",10,40,0.6,4,2061243082,"outputs/wcrit/01_distance_sensitivity/designs/distance_m10_n040_lambda060_rep04.rds",0.698468539770479,6000,0.155999999999999,12,23.0769230769231,568.851282051282,0.523809523809524,0.960457063711911,0.698468539770479,22,551.282051282051,995.589743589744
"distance",20,80,0.6,4,1227117216,"outputs/wcrit/01_distance_sensitivity/designs/distance_m20_n080_lambda060_rep04.rds",0.741605225601013,6000,0.825999999999997,56,96.2025316455696,9585.7582278481,0.585106382978723,0.976353489534448,0.741605225601013,95,9379.74683544304,18091.8734177215
"distance",5,25,0.6,4,2039947484,"outputs/wcrit/01_distance_sensitivity/designs/distance_m05_n025_lambda060_rep04.rds",0.524568242166755,6000,0.046999999999997,2,5.2,31.2133333333333,0.25,0.936420605416888,0.524568242166755,5,30.3819444444444,43.4583333333333
"distance",10,50,0.6,4,1922774080,"outputs/wcrit/01_distance_sensitivity/designs/distance_m10_n050_lambda060_rep04.rds",0.642781455904295,6000,0.201999999999998,10,22.9591836734694,564.324081632653,0.428571428571429,0.964096496903596,0.642781455904295,22,548.469387755102,990.061224489796
"distance",20,100,0.6,4,636940888,"outputs/wcrit/01_distance_sensitivity/designs/distance_m20_n100_lambda060_rep04.rds",0.730662798848282,6000,1.123,54,95.959595959596,9521.91676767677,0.563829787234043,0.98091231626964,0.730662798848282,95,9356.06060606061,18045.2323232323
"distance",5,5,0.7,4,776804146,"outputs/wcrit/01_distance_sensitivity/designs/distance_m05_n005_lambda070_rep04.rds",0.766814254859611,6000,0.0130000000000017,4,6,40.2,0.75,0.806047516198704,0.766814254859611,5,36.4583333333333,55.75
"distance",10,10,0.7,4,329183620,"outputs/wcrit/01_distance_sensitivity/designs/distance_m10_n010_lambda070_rep04.rds",0.850695770804911,6000,0.0279999999999987,19,25,677.533333333333,0.857142857142857,0.835652569349704,0.850695770804911,22,597.222222222222,1085.88888888889
"distance",20,20,0.7,4,2057948389,"outputs/wcrit/01_distance_sensitivity/designs/distance_m20_n020_lambda070_rep04.rds",0.809503932913566,6000,0.127000000000002,73,100,10556.2947368421,0.765957446808511,0.911112400492028,0.809503932913566,95,9750,18820.9473684211
"distance",5,10,0.7,4,2052574685,"outputs/wcrit/01_distance_sensitivity/designs/distance_m05_n010_lambda070_rep04.rds",0.789058679706601,6000,0.0209999999999972,4,5.55555555555556,34.2222222222222,0.75,0.880195599022005,0.789058679706601,5,32.4074074074074,47.5555555555556
"distance",10,20,0.7,4,190714618,"outputs/wcrit/01_distance_sensitivity/designs/distance_m10_n020_lambda070_rep04.rds",0.71059562088501,6000,0.0680000000000014,14,23.6842105263158,600.526315789474,0.619047619047619,0.924207625172256,0.71059562088501,22,565.789473684211,1024.10526315789
"distance",20,40,0.7,4,1781010385,"outputs/wcrit/01_distance_sensitivity/designs/distance_m20_n040_lambda070_rep04.rds",0.756036406473827,6000,0.309999999999999,64,97.4358974358974,9885.88717948718,0.670212765957447,0.956291567678716,0.756036406473827,95,9500,18328.6666666667
"distance",5,15,0.7,4,30950018,"outputs/wcrit/01_distance_sensitivity/designs/distance_m05_n015_lambda070_rep04.rds",0.633887468030691,6000,0.0300000000000011,3,5.33333333333333,32,0.5,0.946291560102302,0.633887468030691,5,31.25,45.2142857142857
"distance",10,30,0.7,4,52245616,"outputs/wcrit/01_distance_sensitivity/designs/distance_m10_n030_lambda070_rep04.rds",0.685622983561223,6000,0.105999999999998,13,23.2758620689655,577.547126436782,0.571428571428571,0.952076611870743,0.685622983561223,22,556.034482758621,1004.93103448276
"distance",20,60,0.7,4,1504072381,"outputs/wcrit/01_distance_sensitivity/designs/distance_m20_n060_lambda070_rep04.rds",0.707826253662808,6000,0.507999999999999,57,96.6101694915254,9687.69943502825,0.595744680851064,0.969349923556878,0.707826253662808,95,9419.49152542373,18170.1355932203
"distance",5,20,0.7,4,1914105683,"outputs/wcrit/01_distance_sensitivity/designs/distance_m05_n020_lambda070_rep04.rds",0.459607329842932,6000,0.036999999999999,2,5.26315789473684,31.3894736842105,0.25,0.94869109947644,0.459607329842932,5,30.7017543859649,44.1052631578947
"distance",10,40,0.7,4,2061260243,"outputs/wcrit/01_distance_sensitivity/designs/distance_m10_n040_lambda070_rep04.rds",0.620625577100646,6000,0.148,11,23.0769230769231,570.102564102564,0.476190476190476,0.95764081255771,0.620625577100646,22,551.282051282051,995.589743589744
"distance",20,80,0.7,4,1227134377,"outputs/wcrit/01_distance_sensitivity/designs/distance_m20_n080_lambda070_rep04.rds",0.717325007946365,6000,0.774000000000001,58,96.2025316455696,9587.18481012658,0.606382978723404,0.976189742799938,0.717325007946365,95,9379.74683544304,18091.8734177215
"distance",5,25,0.7,4,2039964645,"outputs/wcrit/01_distance_sensitivity/designs/distance_m05_n025_lambda070_rep04.rds",0.466479553903346,6000,0.0470000000000006,2,5.2,30.7533333333333,0.25,0.971598513011152,0.466479553903346,5,30.3819444444444,43.4583333333333
"distance",10,50,0.7,4,1922791241,"outputs/wcrit/01_distance_sensitivity/designs/distance_m10_n050_lambda070_rep04.rds",0.590919308623718,6000,0.202000000000002,10,22.9591836734694,561.835918367347,0.428571428571429,0.969731028745725,0.590919308623718,22,548.469387755102,990.061224489796
"distance",20,100,0.7,4,636958049,"outputs/wcrit/01_distance_sensitivity/designs/distance_m20_n100_lambda070_rep04.rds",0.68887891018304,6000,1.028,54,95.959595959596,9524.10747474747,0.563829787234043,0.980660197064034,0.68887891018304,95,9356.06060606061,18045.2323232323
"distance",5,5,0.8,4,776821307,"outputs/wcrit/01_distance_sensitivity/designs/distance_m05_n005_lambda080_rep04.rds",0.761209503239741,6000,0.0120000000000005,4,6,40.2,0.75,0.806047516198704,0.761209503239741,5,36.4583333333333,55.75
"distance",10,10,0.8,4,329200781,"outputs/wcrit/01_distance_sensitivity/designs/distance_m10_n010_lambda080_rep04.rds",0.891667641135581,6000,0.0339999999999989,20,25,675.755555555556,0.904761904761905,0.839290586630286,0.891667641135581,22,597.222222222222,1085.88888888889
"distance",20,20,0.8,4,2057965550,"outputs/wcrit/01_distance_sensitivity/designs/distance_m20_n020_lambda080_rep04.rds",0.794407751955593,6000,0.132000000000001,73,100,10582.6315789474,0.765957446808511,0.908208972543923,0.794407751955593,95,9750,18820.9473684211
"distance",5,10,0.8,4,2052591846,"outputs/wcrit/01_distance_sensitivity/designs/distance_m05_n010_lambda080_rep04.rds",0.776039119804401,6000,0.0210000000000008,4,5.55555555555556,34.2222222222222,0.75,0.880195599022005,0.776039119804401,5,32.4074074074074,47.5555555555556
"distance",10,20,0.8,4,190731779,"outputs/wcrit/01_distance_sensitivity/designs/distance_m10_n020_lambda080_rep04.rds",0.717421528096769,6000,0.0710000000000015,15,23.6842105263158,602.252631578947,0.666666666666667,0.92044097381718,0.717421528096769,22,565.789473684211,1024.10526315789
"distance",20,40,0.8,4,1781027546,"outputs/wcrit/01_distance_sensitivity/designs/distance_m20_n040_lambda080_rep04.rds",0.727111029104342,6000,0.297999999999998,64,97.4358974358974,9899.90256410256,0.670212765957447,0.954704081691924,0.727111029104342,95,9500,18328.6666666667
"distance",5,15,0.8,4,30967179,"outputs/wcrit/01_distance_sensitivity/designs/distance_m05_n015_lambda080_rep04.rds",0.38925831202046,6000,0.0269999999999975,2,5.33333333333333,32,0.25,0.946291560102302,0.38925831202046,5,31.25,45.2142857142857
"distance",10,30,0.8,4,52262777,"outputs/wcrit/01_distance_sensitivity/designs/distance_m10_n030_lambda080_rep04.rds",0.646943645794468,6000,0.108000000000001,13,23.2758620689655,578.926436781609,0.571428571428571,0.949003943258053,0.646943645794468,22,556.034482758621,1004.93103448276
"distance",20,60,0.8,4,1504089542,"outputs/wcrit/01_distance_sensitivity/designs/distance_m20_n060_lambda080_rep04.rds",0.687281642573236,6000,0.512999999999998,59,96.6101694915254,9696.68474576271,0.617021276595745,0.968323106483203,0.687281642573236,95,9419.49152542373,18170.1355932203
"distance",5,20,0.8,4,1914122844,"outputs/wcrit/01_distance_sensitivity/designs/distance_m05_n020_lambda080_rep04.rds",0.391937172774869,6000,0.0350000000000001,2,5.26315789473684,31.2421052631579,0.25,0.959685863874345,0.391937172774869,5,30.7017543859649,44.1052631578947
"distance",10,40,0.8,4,2061277404,"outputs/wcrit/01_distance_sensitivity/designs/distance_m10_n040_lambda080_rep04.rds",0.572997625643055,6000,0.157,11,23.0769230769231,568.953846153846,0.476190476190476,0.96022622345337,0.572997625643055,22,551.282051282051,995.589743589744
"distance",20,80,0.8,4,1227151538,"outputs/wcrit/01_distance_sensitivity/designs/distance_m20_n080_lambda080_rep04.rds",0.671904684061142,6000,0.753999999999998,57,96.2025316455696,9584.09240506329,0.595744680851064,0.976544696901453,0.671904684061142,95,9379.74683544304,18091.8734177215
"distance",5,25,0.8,4,2039981806,"outputs/wcrit/01_distance_sensitivity/designs/distance_m05_n025_lambda080_rep04.rds",0.386876261285183,6000,0.0479999999999983,2,5.2,31.24,0.25,0.934381306425916,0.386876261285183,5,30.3819444444444,43.4583333333333
"distance",10,50,0.8,4,1922808402,"outputs/wcrit/01_distance_sensitivity/designs/distance_m10_n050_lambda080_rep04.rds",0.535942640592608,6000,0.218,10,22.9591836734694,563.736326530612,0.428571428571429,0.965427488677327,0.535942640592608,22,548.469387755102,990.061224489796
"distance",20,100,0.8,4,636975210,"outputs/wcrit/01_distance_sensitivity/designs/distance_m20_n100_lambda080_rep04.rds",0.638383822438366,6000,1.035,53,95.959595959596,9537.20242424242,0.553191489361702,0.979153154745021,0.638383822438366,95,9356.06060606061,18045.2323232323
"distance",5,5,0.9,4,776838468,"outputs/wcrit/01_distance_sensitivity/designs/distance_m05_n005_lambda090_rep04.rds",0.75560475161987,6000,0.0130000000000017,4,6,40.2,0.75,0.806047516198704,0.75560475161987,5,36.4583333333333,55.75
"distance",10,10,0.9,4,329217942,"outputs/wcrit/01_distance_sensitivity/designs/distance_m10_n010_lambda090_rep04.rds",0.855102968881959,6000,0.0350000000000001,19,25,677,0.857142857142857,0.836743974533879,0.855102968881959,22,597.222222222222,1085.88888888889
"distance",20,20,0.9,4,2057982711,"outputs/wcrit/01_distance_sensitivity/designs/distance_m20_n020_lambda090_rep04.rds",0.780602215507565,6000,0.138000000000002,73,100,10544.5684210526,0.765957446808511,0.912405133799058,0.780602215507565,95,9750,18820.9473684211
"distance",5,10,0.9,4,2052609007,"outputs/wcrit/01_distance_sensitivity/designs/distance_m05_n010_lambda090_rep04.rds",0.765366748166259,6000,0.0210000000000008,4,5.55555555555556,33.8666666666667,0.75,0.903667481662591,0.765366748166259,5,32.4074074074074,47.5555555555556
"distance",10,20,0.9,4,190748940,"outputs/wcrit/01_distance_sensitivity/designs/distance_m10_n020_lambda090_rep04.rds",0.692246210381259,6000,0.0749999999999993,15,23.6842105263158,601.326315789474,0.666666666666667,0.922462103812586,0.692246210381259,22,565.789473684211,1024.10526315789
"distance",20,40,0.9,4,1781044707,"outputs/wcrit/01_distance_sensitivity/designs/distance_m20_n040_lambda090_rep04.rds",0.698896854750674,6000,0.308,64,97.4358974358974,9879.15897435897,0.670212765957447,0.957053653889718,0.698896854750674,95,9500,18328.6666666667
"distance",5,15,0.9,4,30984340,"outputs/wcrit/01_distance_sensitivity/designs/distance_m05_n015_lambda090_rep04.rds",0.320038363171355,6000,0.027000000000001,2,5.33333333333333,31.9428571428571,0.25,0.950383631713555,0.320038363171355,5,31.25,45.2142857142857
"distance",10,30,0.9,4,52279938,"outputs/wcrit/01_distance_sensitivity/designs/distance_m10_n030_lambda090_rep04.rds",0.608833775943931,6000,0.108999999999998,13,23.2758620689655,580.508045977012,0.571428571428571,0.945480616582168,0.608833775943931,22,556.034482758621,1004.93103448276
"distance",20,60,0.9,4,1504106703,"outputs/wcrit/01_distance_sensitivity/designs/distance_m20_n060_lambda090_rep04.rds",0.652300936878817,6000,0.507999999999999,59,96.6101694915254,9683.60451977401,0.617021276595745,0.96981787942647,0.652300936878817,95,9419.49152542373,18170.1355932203
"distance",5,20,0.9,4,1914140005,"outputs/wcrit/01_distance_sensitivity/designs/distance_m05_n020_lambda090_rep04.rds",0.319869109947644,6000,0.0310000000000024,2,5.26315789473684,31.3894736842105,0.25,0.94869109947644,0.319869109947644,5,30.7017543859649,44.1052631578947
"distance",10,40,0.9,4,2061294565,"outputs/wcrit/01_distance_sensitivity/designs/distance_m10_n040_lambda090_rep04.rds",0.524388603086664,6000,0.149000000000001,11,23.0769230769231,569.866666666667,0.476190476190476,0.958171745152354,0.524388603086664,22,551.282051282051,995.589743589744
"distance",20,80,0.9,4,1227168699,"outputs/wcrit/01_distance_sensitivity/designs/distance_m20_n080_lambda090_rep04.rds",0.624194029045145,6000,0.756999999999998,56,96.2025316455696,9588.98734177215,0.585106382978723,0.975982843642936,0.624194029045145,95,9379.74683544304,18091.8734177215
"distance",5,25,0.9,4,2039998967,"outputs/wcrit/01_distance_sensitivity/designs/distance_m05_n025_lambda090_rep04.rds",0.320885289431758,6000,0.0510000000000019,2,5.2,30.92,0.25,0.958852894317578,0.320885289431758,5,30.3819444444444,43.4583333333333
"distance",10,50,0.9,4,1922825563,"outputs/wcrit/01_distance_sensitivity/designs/distance_m10_n050_lambda090_rep04.rds",0.524911570913604,6000,0.202999999999999,11,22.9591836734694,564.631020408163,0.476190476190476,0.963401423421758,0.524911570913604,22,548.469387755102,990.061224489796
"distance",20,100,0.9,4,636992371,"outputs/wcrit/01_distance_sensitivity/designs/distance_m20_n100_lambda090_rep04.rds",0.596091584625907,6000,1.036,53,95.959595959596,9510.79353535354,0.553191489361702,0.982192442003748,0.596091584625907,95,9356.06060606061,18045.2323232323
"distance",5,5,1,4,751147564,"outputs/wcrit/01_distance_sensitivity/designs/distance_m05_n005_lambda100_rep04.rds",0.75,6000,0.0120000000000005,4,6,40.2,0.75,0.806047516198704,0.75,5,36.4583333333333,55.75
"distance",10,10,1,4,2126507097,"outputs/wcrit/01_distance_sensitivity/designs/distance_m10_n010_lambda100_rep04.rds",0.857142857142857,6000,0.0339999999999989,19,25,680.911111111111,0.857142857142857,0.828740336516598,0.857142857142857,22,597.222222222222,1085.88888888889
"distance",20,20,1,4,1091721196,"outputs/wcrit/01_distance_sensitivity/designs/distance_m20_n020_lambda100_rep04.rds",0.776595744680851,6000,0.141999999999999,74,100,10568.0631578947,0.776595744680851,0.909815025413698,0.776595744680851,95,9750,18820.9473684211
"distance",5,10,1,4,1324601661,"outputs/wcrit/01_distance_sensitivity/designs/distance_m05_n010_lambda100_rep04.rds",0.75,6000,0.0199999999999996,4,5.55555555555556,34.2222222222222,0.75,0.880195599022005,0.75,5,32.4074074074074,47.5555555555556
"distance",10,20,1,4,2051291426,"outputs/wcrit/01_distance_sensitivity/designs/distance_m10_n020_lambda100_rep04.rds",0.666666666666667,6000,0.0690000000000026,15,23.6842105263158,602.968421052632,0.666666666666667,0.918879191548002,0.666666666666667,22,565.789473684211,1024.10526315789
"distance",20,40,1,4,941289854,"outputs/wcrit/01_distance_sensitivity/designs/distance_m20_n040_lambda100_rep04.rds",0.670212765957447,6000,0.308999999999997,64,97.4358974358974,9899.38461538462,0.670212765957447,0.95476274838957,0.670212765957447,95,9500,18328.6666666667
"distance",5,15,1,4,649617637,"outputs/wcrit/01_distance_sensitivity/designs/distance_m05_n015_lambda100_rep04.rds",0.25,6000,0.0329999999999977,2,5.33333333333333,32.7047619047619,0.25,0.895822676896846,0.25,5,31.25,45.2142857142857
"distance",10,30,1,4,1976075755,"outputs/wcrit/01_distance_sensitivity/designs/distance_m10_n030_lambda100_rep04.rds",0.523809523809524,6000,0.111000000000001,12,23.2758620689655,578.687356321839,0.523809523809524,0.949536539150919,0.523809523809524,22,556.034482758621,1004.93103448276
"distance",20,60,1,4,790858512,"outputs/wcrit/01_distance_sensitivity/designs/distance_m20_n060_lambda100_rep04.rds",0.638297872340426,6000,0.531000000000002,61,96.6101694915254,9677.93898305085,0.638297872340426,0.970465321680922,0.638297872340426,95,9419.49152542373,18170.1355932203
"distance",5,20,1,4,1249385990,"outputs/wcrit/01_distance_sensitivity/designs/distance_m05_n020_lambda100_rep04.rds",0.25,6000,0.0380000000000003,2,5.26315789473684,31.8105263157895,0.25,0.917277486910995,0.25,5,30.7017543859649,44.1052631578947
"distance",10,40,1,4,1900860084,"outputs/wcrit/01_distance_sensitivity/designs/distance_m10_n040_lambda100_rep04.rds",0.476190476190476,6000,0.149000000000001,11,23.0769230769231,570.964102564103,0.476190476190476,0.955701754385965,0.476190476190476,22,551.282051282051,995.589743589744
"distance",20,80,1,4,640427170,"outputs/wcrit/01_distance_sensitivity/designs/distance_m20_n080_lambda100_rep04.rds",0.574468085106383,6000,0.747,55,96.2025316455696,9587.96582278481,0.574468085106383,0.976100096184861,0.574468085106383,95,9379.74683544304,18091.8734177215
"distance",5,25,1,4,574401966,"outputs/wcrit/01_distance_sensitivity/designs/distance_m05_n025_lambda100_rep04.rds",0.25,6000,0.0489999999999995,2,5.2,30.9866666666667,0.25,0.953754646840148,0.25,5,30.3819444444444,43.4583333333333
"distance",10,50,1,4,1825644413,"outputs/wcrit/01_distance_sensitivity/designs/distance_m10_n050_lambda100_rep04.rds",0.428571428571429,6000,0.196000000000002,10,22.9591836734694,563.520816326531,0.428571428571429,0.965915518994362,0.428571428571429,22,548.469387755102,990.061224489796
"distance",20,100,1,4,1805046945,"outputs/wcrit/01_distance_sensitivity/designs/distance_m20_n100_lambda100_rep04.rds",0.553191489361702,6000,1.028,53,95.959595959596,9519.58222222222,0.553191489361702,0.981180989226112,0.553191489361702,95,9356.06060606061,18045.2323232323
"distance",5,5,0,5,751130404,"outputs/wcrit/01_distance_sensitivity/designs/distance_m05_n005_lambda000_rep05.rds",0.806047516198704,6000,0.0119999999999969,4,6,40.2,0.75,0.806047516198704,0.806047516198704,5,36.4583333333333,55.75
"distance",10,10,0,5,2126489937,"outputs/wcrit/01_distance_sensitivity/designs/distance_m10_n010_lambda000_rep05.rds",0.833469758981355,6000,0.0330000000000013,19,25,678.6,0.857142857142857,0.833469758981355,0.833469758981355,22,597.222222222222,1085.88888888889
"distance",20,20,0,5,1091704036,"outputs/wcrit/01_distance_sensitivity/designs/distance_m20_n020_lambda000_rep05.rds",0.912152157263212,6000,0.138999999999999,67,100,10546.8631578947,0.702127659574468,0.912152157263212,0.912152157263212,95,9750,18820.9473684211
"distance",5,10,0,5,1324584501,"outputs/wcrit/01_distance_sensitivity/designs/distance_m05_n010_lambda000_rep05.rds",0.891931540342298,6000,0.0219999999999985,3,5.55555555555556,34.0444444444444,0.5,0.891931540342298,0.891931540342298,5,32.4074074074074,47.5555555555556
"distance",10,20,0,5,2051274266,"outputs/wcrit/01_distance_sensitivity/designs/distance_m10_n020_lambda000_rep05.rds",0.92411575562701,6000,0.0700000000000003,10,23.6842105263158,600.568421052632,0.428571428571429,0.92411575562701,0.92411575562701,22,565.789473684211,1024.10526315789
"distance",20,40,0,5,941272694,"outputs/wcrit/01_distance_sensitivity/designs/distance_m20_n040_lambda000_rep05.rds",0.956084782090974,6000,0.318000000000001,55,97.4358974358974,9887.71282051282,0.574468085106383,0.956084782090974,0.956084782090974,95,9500,18328.6666666667
"distance",5,15,0,5,649600477,"outputs/wcrit/01_distance_sensitivity/designs/distance_m05_n015_lambda000_rep05.rds",0.955839727195226,6000,0.0279999999999987,2,5.33333333333333,31.8666666666667,0.25,0.955839727195226,0.955839727195226,5,31.25,45.2142857142857
"distance",10,30,0,5,1976058595,"outputs/wcrit/01_distance_sensitivity/designs/distance_m10_n030_lambda000_rep05.rds",0.951298202488862,6000,0.109999999999999,9,23.2758620689655,577.896551724138,0.380952380952381,0.951298202488862,0.951298202488862,22,556.034482758621,1004.93103448276
"distance",20,60,0,5,790841352,"outputs/wcrit/01_distance_sensitivity/designs/distance_m20_n060_lambda000_rep05.rds",0.970371317300938,6000,0.527999999999999,54,96.6101694915254,9678.7615819209,0.563829787234043,0.970371317300938,0.970371317300938,95,9419.49152542373,18170.1355932203
"distance",5,20,0,5,1249368830,"outputs/wcrit/01_distance_sensitivity/designs/distance_m05_n020_lambda000_rep05.rds",0.961256544502618,6000,0.0309999999999988,2,5.26315789473684,31.2210526315789,0.25,0.961256544502618,0.961256544502618,5,30.7017543859649,44.1052631578947
"distance",10,40,0,5,1900842924,"outputs/wcrit/01_distance_sensitivity/designs/distance_m10_n040_lambda000_rep05.rds",0.963504155124654,6000,0.155000000000001,11,23.0769230769231,567.497435897436,0.476190476190476,0.963504155124654,0.963504155124654,22,551.282051282051,995.589743589744
"distance",20,80,0,5,640410010,"outputs/wcrit/01_distance_sensitivity/designs/distance_m20_n080_lambda000_rep05.rds",0.978571407815093,6000,0.757000000000001,49,96.2025316455696,9566.43544303798,0.51063829787234,0.978571407815093,0.978571407815093,95,9379.74683544304,18091.8734177215
"distance",5,25,0,5,574384806,"outputs/wcrit/01_distance_sensitivity/designs/distance_m05_n025_lambda000_rep05.rds",0.973637812002124,6000,0.0489999999999995,1,5.2,30.7266666666667,0,0.973637812002124,0.973637812002124,5,30.3819444444444,43.4583333333333
"distance",10,50,0,5,1825627253,"outputs/wcrit/01_distance_sensitivity/designs/distance_m10_n050_lambda000_rep05.rds",0.968976800073944,6000,0.199999999999999,7,22.9591836734694,562.168979591837,0.285714285714286,0.968976800073944,0.968976800073944,22,548.469387755102,990.061224489796
"distance",20,100,0,5,1805029785,"outputs/wcrit/01_distance_sensitivity/designs/distance_m20_n100_lambda000_rep05.rds",0.982559972472414,6000,1.054,49,95.959595959596,9507.6,0.51063829787234,0.982559972472414,0.982559972472414,95,9356.06060606061,18045.2323232323
"distance",5,5,0.1,5,776701181,"outputs/wcrit/01_distance_sensitivity/designs/distance_m05_n005_lambda010_rep05.rds",0.800442764578834,6000,0.0120000000000005,4,6,40.2,0.75,0.806047516198704,0.800442764578834,5,36.4583333333333,55.75
"distance",10,10,0.1,5,329080655,"outputs/wcrit/01_distance_sensitivity/designs/distance_m10_n010_lambda010_rep05.rds",0.83649191190801,6000,0.0360000000000014,19,25,678.244444444444,0.857142857142857,0.834197362437472,0.83649191190801,22,597.222222222222,1085.88888888889
"distance",20,20,0.1,5,2057845424,"outputs/wcrit/01_distance_sensitivity/designs/distance_m20_n020_lambda010_rep05.rds",0.89667691148389,6000,0.145,74,100,10566.2105263158,0.776595744680851,0.910019263350895,0.89667691148389,95,9750,18820.9473684211
"distance",5,10,0.1,5,2052471720,"outputs/wcrit/01_distance_sensitivity/designs/distance_m05_n010_lambda010_rep05.rds",0.888300733496332,6000,0.0159999999999982,4,5.55555555555556,33.8666666666667,0.75,0.903667481662591,0.888300733496332,5,32.4074074074074,47.5555555555556
"distance",10,20,0.1,5,190611653,"outputs/wcrit/01_distance_sensitivity/designs/distance_m10_n020_lambda010_rep05.rds",0.898735262593783,6000,0.0730000000000004,14,23.6842105263158,597.957894736842,0.619047619047619,0.929811667432246,0.898735262593783,22,565.789473684211,1024.10526315789
"distance",20,40,0.1,5,1780907420,"outputs/wcrit/01_distance_sensitivity/designs/distance_m20_n040_lambda010_rep05.rds",0.925373580311026,6000,0.305,62,97.4358974358974,9887.67692307692,0.648936170212766,0.956088848099722,0.925373580311026,95,9500,18328.6666666667
"distance",5,15,0.1,5,30847053,"outputs/wcrit/01_distance_sensitivity/designs/distance_m05_n015_lambda010_rep05.rds",0.879117647058824,6000,0.0310000000000024,2,5.33333333333333,31.9619047619048,0.25,0.949019607843137,0.879117647058824,5,31.25,45.2142857142857
"distance",10,30,0.1,5,52142651,"outputs/wcrit/01_distance_sensitivity/designs/distance_m10_n030_lambda010_rep05.rds",0.907848766177235,6000,0.111000000000001,12,23.2758620689655,578.245977011494,0.523809523809524,0.95051979310698,0.907848766177235,22,556.034482758621,1004.93103448276
"distance",20,60,0.1,5,1503969416,"outputs/wcrit/01_distance_sensitivity/designs/distance_m20_n060_lambda010_rep05.rds",0.937440097758401,6000,0.518000000000001,61,96.6101694915254,9676.07683615819,0.638297872340426,0.970678122804843,0.937440097758401,95,9419.49152542373,18170.1355932203
"distance",5,20,0.1,5,1914002718,"outputs/wcrit/01_distance_sensitivity/designs/distance_m05_n020_lambda010_rep05.rds",0.884476439790576,6000,0.0310000000000024,2,5.26315789473684,31.3052631578947,0.25,0.954973821989529,0.884476439790576,5,30.7017543859649,44.1052631578947
"distance",10,40,0.1,5,2061157278,"outputs/wcrit/01_distance_sensitivity/designs/distance_m10_n040_lambda010_rep05.rds",0.914236908059623,6000,0.154,12,23.0769230769231,570.11282051282,0.523809523809524,0.957617728531856,0.914236908059623,22,551.282051282051,995.589743589744
"distance",20,80,0.1,5,1227031412,"outputs/wcrit/01_distance_sensitivity/designs/distance_m20_n080_lambda010_rep05.rds",0.934787880138714,6000,0.771000000000001,53,96.2025316455696,9578.49240506329,0.553191489361702,0.977187479113937,0.934787880138714,95,9379.74683544304,18091.8734177215
"distance",5,25,0.1,5,2039861680,"outputs/wcrit/01_distance_sensitivity/designs/distance_m05_n025_lambda010_rep05.rds",0.887508762612852,6000,0.0530000000000008,2,5.2,30.9266666666667,0.25,0.958343069569835,0.887508762612852,5,30.3819444444444,43.4583333333333
"distance",10,50,0.1,5,1922688276,"outputs/wcrit/01_distance_sensitivity/designs/distance_m10_n050_lambda010_rep05.rds",0.915135911689752,6000,0.207999999999998,10,22.9591836734694,562.071020408163,0.428571428571429,0.969198632036233,0.915135911689752,22,548.469387755102,990.061224489796
"distance",20,100,0.1,5,636855084,"outputs/wcrit/01_distance_sensitivity/designs/distance_m20_n100_lambda010_rep05.rds",0.938279591981502,6000,1.045,53,95.959595959596,9520.57131313131,0.553191489361702,0.981067158939258,0.938279591981502,95,9356.06060606061,18045.2323232323
"distance",5,5,0.2,5,776718342,"outputs/wcrit/01_distance_sensitivity/designs/distance_m05_n005_lambda020_rep05.rds",0.794838012958963,6000,0.0120000000000005,4,6,40.2,0.75,0.806047516198704,0.794838012958963,5,36.4583333333333,55.75
"distance",10,10,0.2,5,329097816,"outputs/wcrit/01_distance_sensitivity/designs/distance_m10_n010_lambda020_rep05.rds",0.838204378613655,6000,0.0300000000000011,19,25,678.6,0.857142857142857,0.833469758981355,0.838204378613655,22,597.222222222222,1085.88888888889
"distance",20,20,0.2,5,2057862585,"outputs/wcrit/01_distance_sensitivity/designs/distance_m20_n020_lambda020_rep05.rds",0.8811510703974,6000,0.138000000000002,74,100,10590.9684210526,0.776595744680851,0.907289901826537,0.8811510703974,95,9750,18820.9473684211
"distance",5,10,0.2,5,2052488881,"outputs/wcrit/01_distance_sensitivity/designs/distance_m05_n010_lambda020_rep05.rds",0.854156479217604,6000,0.0240000000000009,4,5.55555555555556,34.2222222222222,0.75,0.880195599022005,0.854156479217604,5,32.4074074074074,47.5555555555556
"distance",10,20,0.2,5,190628814,"outputs/wcrit/01_distance_sensitivity/designs/distance_m10_n020_lambda020_rep05.rds",0.862881641402542,6000,0.0700000000000003,14,23.6842105263158,600.694736842105,0.619047619047619,0.923840146991272,0.862881641402542,22,565.789473684211,1024.10526315789
"distance",20,40,0.2,5,1780924581,"outputs/wcrit/01_distance_sensitivity/designs/distance_m20_n040_lambda020_rep05.rds",0.901546870390595,6000,0.309000000000001,65,97.4358974358974,9882.09743589744,0.680851063829787,0.956720822030797,0.901546870390595,95,9500,18328.6666666667
"distance",5,15,0.2,5,30864214,"outputs/wcrit/01_distance_sensitivity/designs/distance_m05_n015_lambda020_rep05.rds",0.814671781756181,6000,0.0360000000000014,2,5.33333333333333,31.8666666666667,0.25,0.955839727195226,0.814671781756181,5,31.25,45.2142857142857
"distance",10,30,0.2,5,52159812,"outputs/wcrit/01_distance_sensitivity/designs/distance_m10_n030_lambda020_rep05.rds",0.87391494560645,6000,0.107999999999997,13,23.2758620689655,578.687356321839,0.571428571428571,0.949536539150919,0.87391494560645,22,556.034482758621,1004.93103448276
"distance",20,60,0.2,5,1503986577,"outputs/wcrit/01_distance_sensitivity/designs/distance_m20_n060_lambda020_rep05.rds",0.902429150545037,6000,0.511999999999997,60,96.6101694915254,9672.19661016949,0.627659574468085,0.971121544564274,0.902429150545037,95,9419.49152542373,18170.1355932203
"distance",5,20,0.2,5,1914019879,"outputs/wcrit/01_distance_sensitivity/designs/distance_m05_n020_lambda020_rep05.rds",0.813979057591623,6000,0.036999999999999,2,5.26315789473684,31.3052631578947,0.25,0.954973821989529,0.813979057591623,5,30.7017543859649,44.1052631578947
"distance",10,40,0.2,5,2061174439,"outputs/wcrit/01_distance_sensitivity/designs/distance_m10_n040_lambda020_rep05.rds",0.859670228202084,6000,0.157,11,23.0769230769231,571.035897435897,0.476190476190476,0.955540166204986,0.859670228202084,22,551.282051282051,995.589743589744
"distance",20,80,0.2,5,1227048573,"outputs/wcrit/01_distance_sensitivity/designs/distance_m20_n080_lambda020_rep05.rds",0.896695673808121,6000,0.756999999999998,55,96.2025316455696,9577.9253164557,0.574468085106383,0.977252570983556,0.896695673808121,95,9379.74683544304,18091.8734177215
"distance",5,25,0.2,5,2039878841,"outputs/wcrit/01_distance_sensitivity/designs/distance_m05_n025_lambda020_rep05.rds",0.829318109399894,6000,0.0500000000000007,2,5.2,30.72,0.25,0.974147636749867,0.829318109399894,5,30.3819444444444,43.4583333333333
"distance",10,50,0.2,5,1922705437,"outputs/wcrit/01_distance_sensitivity/designs/distance_m10_n050_lambda020_rep05.rds",0.86090755681143,6000,0.215,10,22.9591836734694,562.162448979592,0.428571428571429,0.96899158887143,0.86090755681143,22,548.469387755102,990.061224489796
"distance",20,100,0.2,5,636872245,"outputs/wcrit/01_distance_sensitivity/designs/distance_m20_n100_lambda020_rep05.rds",0.894966694529971,6000,1.042,53,95.959595959596,9526.27717171717,0.553191489361702,0.980410495822038,0.894966694529971,95,9356.06060606061,18045.2323232323
"distance",5,5,0.3,5,776735503,"outputs/wcrit/01_distance_sensitivity/designs/distance_m05_n005_lambda030_rep05.rds",0.789233261339093,6000,0.0120000000000005,4,6,40.2,0.75,0.806047516198704,0.789233261339093,5,36.4583333333333,55.75
"distance",10,10,0.3,5,329114977,"outputs/wcrit/01_distance_sensitivity/designs/distance_m10_n010_lambda030_rep05.rds",0.856640031183005,6000,0.0360000000000014,20,25,677.355555555556,0.904761904761905,0.836016371077762,0.856640031183005,22,597.222222222222,1085.88888888889
"distance",20,20,0.3,5,2057879746,"outputs/wcrit/01_distance_sensitivity/designs/distance_m20_n020_lambda030_rep05.rds",0.87104983534057,6000,0.139000000000003,74,100,10552.5052631579,0.776595744680851,0.911530159909021,0.87104983534057,95,9750,18820.9473684211
"distance",5,10,0.3,5,2052506042,"outputs/wcrit/01_distance_sensitivity/designs/distance_m05_n010_lambda030_rep05.rds",0.841136919315403,6000,0.0160000000000018,4,5.55555555555556,34.2222222222222,0.75,0.880195599022005,0.841136919315403,5,32.4074074074074,47.5555555555556
"distance",10,20,0.3,5,190645975,"outputs/wcrit/01_distance_sensitivity/designs/distance_m10_n020_lambda030_rep05.rds",0.843536977491961,6000,0.0670000000000002,15,23.6842105263158,602.757894736842,0.666666666666667,0.919338539274231,0.843536977491961,22,565.789473684211,1024.10526315789
"distance",20,40,0.3,5,1780941742,"outputs/wcrit/01_distance_sensitivity/designs/distance_m20_n040_lambda030_rep05.rds",0.863301021952369,6000,0.306999999999999,62,97.4358974358974,9895.77435897436,0.648936170212766,0.955171672697913,0.863301021952369,95,9500,18328.6666666667
"distance",5,15,0.3,5,30881375,"outputs/wcrit/01_distance_sensitivity/designs/distance_m05_n015_lambda030_rep05.rds",0.819087809036658,6000,0.0330000000000013,3,5.33333333333333,31.8666666666667,0.5,0.955839727195226,0.819087809036658,5,31.25,45.2142857142857
"distance",10,30,0.3,5,52176973,"outputs/wcrit/01_distance_sensitivity/designs/distance_m10_n030_lambda030_rep05.rds",0.819294749394611,6000,0.109999999999999,12,23.2758620689655,580.305747126437,0.523809523809524,0.945931274645363,0.819294749394611,22,556.034482758621,1004.93103448276
"distance",20,60,0.3,5,1504003738,"outputs/wcrit/01_distance_sensitivity/designs/distance_m20_n060_lambda030_rep05.rds",0.861304433305464,6000,0.526,58,96.6101694915254,9677.14124293785,0.606382978723404,0.970556485269204,0.861304433305464,95,9419.49152542373,18170.1355932203
"distance",5,20,0.3,5,1914037040,"outputs/wcrit/01_distance_sensitivity/designs/distance_m05_n020_lambda030_rep05.rds",0.734685863874345,6000,0.036999999999999,2,5.26315789473684,31.4736842105263,0.25,0.942408376963351,0.734685863874345,5,30.7017543859649,44.1052631578947
"distance",10,40,0.3,5,2061191600,"outputs/wcrit/01_distance_sensitivity/designs/distance_m10_n040_lambda030_rep05.rds",0.814029811370532,6000,0.159000000000002,11,23.0769230769231,569.579487179487,0.476190476190476,0.95881809787627,0.814029811370532,22,551.282051282051,995.589743589744
"distance",20,80,0.3,5,1227065734,"outputs/wcrit/01_distance_sensitivity/designs/distance_m20_n080_lambda030_rep05.rds",0.856046710093809,6000,0.769000000000002,55,96.2025316455696,9582.53670886076,0.574468085106383,0.976723263659849,0.856046710093809,95,9379.74683544304,18091.8734177215
"distance",5,25,0.3,5,2039896002,"outputs/wcrit/01_distance_sensitivity/designs/distance_m05_n025_lambda030_rep05.rds",0.746910780669145,6000,0.0519999999999996,2,5.2,30.9066666666667,0.25,0.959872543813064,0.746910780669145,5,30.3819444444444,43.4583333333333
"distance",10,50,0.3,5,1922722598,"outputs/wcrit/01_distance_sensitivity/designs/distance_m10_n050_lambda030_rep05.rds",0.806751667040788,6000,0.202999999999999,10,22.9591836734694,562.234285714286,0.428571428571429,0.968828912099085,0.806751667040788,22,548.469387755102,990.061224489796
"distance",20,100,0.3,5,636889406,"outputs/wcrit/01_distance_sensitivity/designs/distance_m20_n100_lambda030_rep05.rds",0.849502813257129,6000,1.048,52,95.959595959596,9520.69737373737,0.542553191489362,0.9810526511576,0.849502813257129,95,9356.06060606061,18045.2323232323
"distance",5,5,0.4,5,776752664,"outputs/wcrit/01_distance_sensitivity/designs/distance_m05_n005_lambda040_rep05.rds",0.783628509719222,6000,0.0120000000000005,4,6,40.2,0.75,0.806047516198704,0.783628509719222,5,36.4583333333333,55.75
"distance",10,10,0.4,5,329132138,"outputs/wcrit/01_distance_sensitivity/designs/distance_m10_n010_lambda040_rep05.rds",0.844030403430131,6000,0.0350000000000001,19,25,677.711111111111,0.857142857142857,0.835288767621646,0.844030403430131,22,597.222222222222,1085.88888888889
"distance",20,20,0.4,5,2057896907,"outputs/wcrit/01_distance_sensitivity/designs/distance_m20_n020_lambda040_rep05.rds",0.854771331037796,6000,0.134999999999998,74,100,10594.6105263158,0.776595744680851,0.906888388609093,0.854771331037796,95,9750,18820.9473684211
"distance",5,10,0.4,5,2052523203,"outputs/wcrit/01_distance_sensitivity/designs/distance_m05_n010_lambda040_rep05.rds",0.828117359413203,6000,0.0229999999999997,4,5.55555555555556,34.2222222222222,0.75,0.880195599022005,0.828117359413203,5,32.4074074074074,47.5555555555556
"distance",10,20,0.4,5,190663136,"outputs/wcrit/01_distance_sensitivity/designs/distance_m10_n020_lambda040_rep05.rds",0.816781503598224,6000,0.0690000000000026,15,23.6842105263158,603.894736842105,0.666666666666667,0.916858061552595,0.816781503598224,22,565.789473684211,1024.10526315789
"distance",20,40,0.4,5,1780958903,"outputs/wcrit/01_distance_sensitivity/designs/distance_m20_n040_lambda040_rep05.rds",0.838073431129289,6000,0.305,64,97.4358974358974,9941.60512820513,0.670212765957447,0.94998054124385,0.838073431129289,95,9500,18328.6666666667
"distance",5,15,0.4,5,30898536,"outputs/wcrit/01_distance_sensitivity/designs/distance_m05_n015_lambda040_rep05.rds",0.776777493606138,6000,0.032,3,5.33333333333333,31.7904761904762,0.5,0.961295822676897,0.776777493606138,5,31.25,45.2142857142857
"distance",10,30,0.4,5,52194134,"outputs/wcrit/01_distance_sensitivity/designs/distance_m10_n030_lambda040_rep05.rds",0.797433004850427,6000,0.111999999999998,13,23.2758620689655,579.331034482759,0.571428571428571,0.948102627131664,0.797433004850427,22,556.034482758621,1004.93103448276
"distance",20,60,0.4,5,1504020899,"outputs/wcrit/01_distance_sensitivity/designs/distance_m20_n060_lambda040_rep05.rds",0.828927792899362,6000,0.536000000000001,59,96.6101694915254,9680.27118644068,0.617021276595745,0.970198803768439,0.828927792899362,95,9419.49152542373,18170.1355932203
"distance",5,20,0.4,5,1914054201,"outputs/wcrit/01_distance_sensitivity/designs/distance_m05_n020_lambda040_rep05.rds",0.672984293193717,6000,0.0350000000000001,2,5.26315789473684,31.3052631578947,0.25,0.954973821989529,0.672984293193717,5,30.7017543859649,44.1052631578947
"distance",10,40,0.4,5,2061208761,"outputs/wcrit/01_distance_sensitivity/designs/distance_m10_n040_lambda040_rep05.rds",0.766999736182562,6000,0.158999999999999,11,23.0769230769231,568.666666666667,0.476190476190476,0.960872576177285,0.766999736182562,22,551.282051282051,995.589743589744
"distance",20,80,0.4,5,1227082895,"outputs/wcrit/01_distance_sensitivity/designs/distance_m20_n080_lambda040_rep05.rds",0.815611183782331,6000,0.788,55,96.2025316455696,9585.58607594937,0.574468085106383,0.976373249566297,0.815611183782331,95,9379.74683544304,18091.8734177215
"distance",5,25,0.4,5,2039913163,"outputs/wcrit/01_distance_sensitivity/designs/distance_m05_n025_lambda040_rep05.rds",0.686629845990441,6000,0.0600000000000023,2,5.2,30.6733333333333,0.25,0.977716409984068,0.686629845990441,5,30.3819444444444,43.4583333333333
"distance",10,50,0.4,5,1922739759,"outputs/wcrit/01_distance_sensitivity/designs/distance_m10_n050_lambda040_rep05.rds",0.769714937125604,6000,0.206,11,22.9591836734694,563.749387755102,0.476190476190476,0.965397911082355,0.769714937125604,22,548.469387755102,990.061224489796
"distance",20,100,0.4,5,636906567,"outputs/wcrit/01_distance_sensitivity/designs/distance_m20_n100_lambda040_rep05.rds",0.814025737461587,6000,1.064,54,95.959595959596,9522.69252525253,0.563829787234043,0.980823037613284,0.814025737461587,95,9356.06060606061,18045.2323232323
"distance",5,5,0.5,5,776769825,"outputs/wcrit/01_distance_sensitivity/designs/distance_m05_n005_lambda050_rep05.rds",0.778023758099352,6000,0.0120000000000005,4,6,40.2,0.75,0.806047516198704,0.778023758099352,5,36.4583333333333,55.75
"distance",10,10,0.5,5,329149299,"outputs/wcrit/01_distance_sensitivity/designs/distance_m10_n010_lambda050_rep05.rds",0.846397713246281,6000,0.0370000000000026,19,25,677.533333333333,0.857142857142857,0.835652569349704,0.846397713246281,22,597.222222222222,1085.88888888889
"distance",20,20,0.5,5,2057914068,"outputs/wcrit/01_distance_sensitivity/designs/distance_m20_n020_lambda050_rep05.rds",0.860536796160564,6000,0.132000000000001,77,100,10543.1368421053,0.808510638297872,0.912562954023255,0.860536796160564,95,9750,18820.9473684211
"distance",5,10,0.5,5,2052540364,"outputs/wcrit/01_distance_sensitivity/designs/distance_m05_n010_lambda050_rep05.rds",0.815097799511002,6000,0.0240000000000009,4,5.55555555555556,34.2222222222222,0.75,0.880195599022005,0.815097799511002,5,32.4074074074074,47.5555555555556
"distance",10,20,0.5,5,190680297,"outputs/wcrit/01_distance_sensitivity/designs/distance_m10_n020_lambda050_rep05.rds",0.791854233654877,6000,0.0680000000000014,15,23.6842105263158,603.81052631579,0.666666666666667,0.917041800643087,0.791854233654877,22,565.789473684211,1024.10526315789
"distance",20,40,0.5,5,1780976064,"outputs/wcrit/01_distance_sensitivity/designs/distance_m20_n040_lambda050_rep05.rds",0.811158462742198,6000,0.310000000000002,64,97.4358974358974,9922.85641025641,0.670212765957447,0.952104159526949,0.811158462742198,95,9500,18328.6666666667
"distance",5,15,0.5,5,30915697,"outputs/wcrit/01_distance_sensitivity/designs/distance_m05_n015_lambda050_rep05.rds",0.7115515771526,6000,0.0330000000000013,3,5.33333333333333,32.3238095238095,0.5,0.9231031543052,0.7115515771526,5,31.25,45.2142857142857
"distance",10,30,0.5,5,52211295,"outputs/wcrit/01_distance_sensitivity/designs/distance_m10_n030_lambda050_rep05.rds",0.756754384039681,6000,0.114000000000001,13,23.2758620689655,582.034482758621,0.571428571428571,0.942080196650791,0.756754384039681,22,556.034482758621,1004.93103448276
"distance",20,60,0.5,5,1504038060,"outputs/wcrit/01_distance_sensitivity/designs/distance_m20_n060_lambda050_rep05.rds",0.787445368333646,6000,0.527999999999999,58,96.6101694915254,9695.06892655367,0.606382978723404,0.968507757943887,0.787445368333646,95,9419.49152542373,18170.1355932203
"distance",5,20,0.5,5,1914071362,"outputs/wcrit/01_distance_sensitivity/designs/distance_m05_n020_lambda050_rep05.rds",0.59934554973822,6000,0.0339999999999989,2,5.26315789473684,31.3894736842105,0.25,0.94869109947644,0.59934554973822,5,30.7017543859649,44.1052631578947
"distance",10,40,0.5,5,2061225922,"outputs/wcrit/01_distance_sensitivity/designs/distance_m10_n040_lambda050_rep05.rds",0.715403640680649,6000,0.160999999999998,11,23.0769230769231,571.446153846154,0.476190476190476,0.954616805170822,0.715403640680649,22,551.282051282051,995.589743589744
"distance",20,80,0.5,5,1227100056,"outputs/wcrit/01_distance_sensitivity/designs/distance_m20_n080_lambda050_rep05.rds",0.775253360890211,6000,0.779,55,96.2025316455696,9588.50126582278,0.574468085106383,0.976038636674038,0.775253360890211,95,9379.74683544304,18091.8734177215
"distance",5,25,0.5,5,2039930324,"outputs/wcrit/01_distance_sensitivity/designs/distance_m05_n025_lambda050_rep05.rds",0.613348380244291,6000,0.0539999999999985,2,5.2,30.6866666666667,0.25,0.976696760488582,0.613348380244291,5,30.3819444444444,43.4583333333333
"distance",10,50,0.5,5,1922756920,"outputs/wcrit/01_distance_sensitivity/designs/distance_m10_n050_lambda050_rep05.rds",0.717156149454883,6000,0.219000000000001,11,22.9591836734694,566.962448979592,0.476190476190476,0.95812182271929,0.717156149454883,22,548.469387755102,990.061224489796
"distance",20,100,0.5,5,636923728,"outputs/wcrit/01_distance_sensitivity/designs/distance_m20_n100_lambda050_rep05.rds",0.77166151893031,6000,1.11,54,95.959595959596,9534.24727272727,0.563829787234043,0.979493250626578,0.77166151893031,95,9356.06060606061,18045.2323232323
"distance",5,5,0.6,5,776786986,"outputs/wcrit/01_distance_sensitivity/designs/distance_m05_n005_lambda060_rep05.rds",0.772419006479482,6000,0.0109999999999992,4,6,40.2,0.75,0.806047516198704,0.772419006479482,5,36.4583333333333,55.75
"distance",10,10,0.6,5,329166460,"outputs/wcrit/01_distance_sensitivity/designs/distance_m10_n010_lambda060_rep05.rds",0.848110179951926,6000,0.0339999999999989,19,25,678.066666666667,0.857142857142857,0.83456116416553,0.848110179951926,22,597.222222222222,1085.88888888889
"distance",20,20,0.6,5,2057931229,"outputs/wcrit/01_distance_sensitivity/designs/distance_m20_n020_lambda060_rep05.rds",0.837457514212956,6000,0.146000000000001,75,100,10541.0526315789,0.787234042553192,0.912792721702602,0.837457514212956,95,9750,18820.9473684211
"distance",5,10,0.6,5,2052557525,"outputs/wcrit/01_distance_sensitivity/designs/distance_m05_n010_lambda060_rep05.rds",0.802078239608802,6000,0.0190000000000019,4,5.55555555555556,34.2222222222222,0.75,0.880195599022005,0.802078239608802,5,32.4074074074074,47.5555555555556
"distance",10,20,0.6,5,190697458,"outputs/wcrit/01_distance_sensitivity/designs/distance_m10_n020_lambda060_rep05.rds",0.739421221864952,6000,0.0659999999999989,14,23.6842105263158,602.463157894737,0.619047619047619,0.919981626090951,0.739421221864952,22,565.789473684211,1024.10526315789
"distance",20,40,0.6,5,1780993225,"outputs/wcrit/01_distance_sensitivity/designs/distance_m20_n040_lambda060_rep05.rds",0.783353154611033,6000,0.302999999999997,64,97.4358974358974,9914.38461538462,0.670212765957447,0.953063737591413,0.783353154611033,95,9500,18328.6666666667
"distance",5,15,0.6,5,30932858,"outputs/wcrit/01_distance_sensitivity/designs/distance_m05_n015_lambda060_rep05.rds",0.533427109974425,6000,0.032,2,5.33333333333333,31.8285714285714,0.25,0.958567774936061,0.533427109974425,5,31.25,45.2142857142857
"distance",10,30,0.6,5,52228456,"outputs/wcrit/01_distance_sensitivity/designs/distance_m10_n030_lambda060_rep05.rds",0.717329412022913,6000,0.111000000000001,13,23.2758620689655,584.68275862069,0.571428571428571,0.936180672914426,0.717329412022913,22,556.034482758621,1004.93103448276
"distance",20,60,0.6,5,1504055221,"outputs/wcrit/01_distance_sensitivity/designs/distance_m20_n060_lambda060_rep05.rds",0.758029488406932,6000,0.601999999999997,59,96.6101694915254,9686.02033898305,0.617021276595745,0.969541806123714,0.758029488406932,95,9419.49152542373,18170.1355932203
"distance",5,20,0.6,5,1914088523,"outputs/wcrit/01_distance_sensitivity/designs/distance_m05_n020_lambda060_rep05.rds",0.529476439790576,6000,0.0380000000000003,2,5.26315789473684,31.3894736842105,0.25,0.94869109947644,0.529476439790576,5,30.7017543859649,44.1052631578947
"distance",10,40,0.6,5,2061243083,"outputs/wcrit/01_distance_sensitivity/designs/distance_m10_n040_lambda060_rep05.rds",0.670275689223058,6000,0.161000000000001,11,23.0769230769231,568.430769230769,0.476190476190476,0.96140350877193,0.670275689223058,22,551.282051282051,995.589743589744
"distance",20,80,0.6,5,1227117217,"outputs/wcrit/01_distance_sensitivity/designs/distance_m20_n080_lambda060_rep05.rds",0.742438459649873,6000,0.776,56,96.2025316455696,9567.61012658228,0.585106382978723,0.978436574656597,0.742438459649873,95,9379.74683544304,18091.8734177215
"distance",5,25,0.6,5,2039947485,"outputs/wcrit/01_distance_sensitivity/designs/distance_m05_n025_lambda060_rep05.rds",0.533337227827934,6000,0.0569999999999986,2,5.2,30.9266666666667,0.25,0.958343069569835,0.533337227827934,5,30.3819444444444,43.4583333333333
"distance",10,50,0.6,5,1922774081,"outputs/wcrit/01_distance_sensitivity/designs/distance_m10_n050_lambda060_rep05.rds",0.645153579021034,6000,0.207000000000001,10,22.9591836734694,561.705306122449,0.428571428571429,0.970026804695443,0.645153579021034,22,548.469387755102,990.061224489796
"distance",20,100,0.6,5,636940889,"outputs/wcrit/01_distance_sensitivity/designs/distance_m20_n100_lambda060_rep05.rds",0.73109103880327,6000,1.137,54,95.959595959596,9512.61414141414,0.563829787234043,0.981982916157112,0.73109103880327,95,9356.06060606061,18045.2323232323
"distance",5,5,0.7,5,776804147,"outputs/wcrit/01_distance_sensitivity/designs/distance_m05_n005_lambda070_rep05.rds",0.766814254859611,6000,0.0119999999999969,4,6,40.2,0.75,0.806047516198704,0.766814254859611,5,36.4583333333333,55.75
"distance",10,10,0.7,5,329183621,"outputs/wcrit/01_distance_sensitivity/designs/distance_m10_n010_lambda070_rep05.rds",0.850477489768076,6000,0.0350000000000001,19,25,677.888888888889,0.857142857142857,0.834924965893588,0.850477489768076,22,597.222222222222,1085.88888888889
"distance",20,20,0.7,5,2057948390,"outputs/wcrit/01_distance_sensitivity/designs/distance_m20_n020_lambda070_rep05.rds",0.801539102725856,6000,0.134,72,100,10571.9578947368,0.75531914893617,0.909385661568454,0.801539102725856,95,9750,18820.9473684211
"distance",5,10,0.7,5,2052574686,"outputs/wcrit/01_distance_sensitivity/designs/distance_m05_n010_lambda070_rep05.rds",0.789058679706601,6000,0.0189999999999984,4,5.55555555555556,34.2222222222222,0.75,0.880195599022005,0.789058679706601,5,32.4074074074074,47.5555555555556
"distance",10,20,0.7,5,190714619,"outputs/wcrit/01_distance_sensitivity/designs/distance_m10_n020_lambda070_rep05.rds",0.746161384167815,6000,0.0650000000000013,15,23.6842105263158,597.115789473684,0.666666666666667,0.931649058337161,0.746161384167815,22,565.789473684211,1024.10526315789
"distance",20,40,0.7,5,1781010386,"outputs/wcrit/01_distance_sensitivity/designs/distance_m20_n040_lambda070_rep05.rds",0.76163939618905,6000,0.367999999999999,65,97.4358974358974,9940.14871794872,0.680851063829787,0.950145505027329,0.76163939618905,95,9500,18328.6666666667
"distance",5,15,0.7,5,30950019,"outputs/wcrit/01_distance_sensitivity/designs/distance_m05_n015_lambda070_rep05.rds",0.633887468030691,6000,0.114999999999998,3,5.33333333333333,32,0.5,0.946291560102302,0.633887468030691,5,31.25,45.2142857142857
"distance",10,30,0.7,5,52245617,"outputs/wcrit/01_distance_sensitivity/designs/distance_m10_n030_lambda070_rep05.rds",0.650581246479234,6000,0.105,12,23.2758620689655,580.103448275862,0.523809523809524,0.946381932708557,0.650581246479234,22,556.034482758621,1004.93103448276
"distance",20,60,0.7,5,1504072382,"outputs/wcrit/01_distance_sensitivity/designs/distance_m20_n060_lambda070_rep05.rds",0.722095103112497,6000,0.513000000000002,59,96.6101694915254,9705.92316384181,0.617021276595745,0.967267364984918,0.722095103112497,95,9419.49152542373,18170.1355932203
"distance",5,20,0.7,5,1914105684,"outputs/wcrit/01_distance_sensitivity/designs/distance_m05_n020_lambda070_rep05.rds",0.461492146596859,6000,0.0350000000000001,2,5.26315789473684,31.3052631578947,0.25,0.954973821989529,0.461492146596859,5,30.7017543859649,44.1052631578947
"distance",10,40,0.7,5,2061260244,"outputs/wcrit/01_distance_sensitivity/designs/distance_m10_n040_lambda070_rep05.rds",0.655080794090489,6000,0.159000000000002,12,23.0769230769231,568.441025641026,0.523809523809524,0.961380424746076,0.655080794090489,22,551.282051282051,995.589743589744
"distance",20,80,0.7,5,1227134378,"outputs/wcrit/01_distance_sensitivity/designs/distance_m20_n080_lambda070_rep05.rds",0.709999505690067,6000,0.875,57,96.2025316455696,9583.66202531646,0.595744680851064,0.976594096981074,0.709999505690067,95,9379.74683544304,18091.8734177215
"distance",5,25,0.7,5,2039964646,"outputs/wcrit/01_distance_sensitivity/designs/distance_m05_n025_lambda070_rep05.rds",0.465714816781731,6000,0.0560000000000009,2,5.2,30.7866666666667,0.25,0.969049389272438,0.465714816781731,5,30.3819444444444,43.4583333333333
"distance",10,50,0.7,5,1922791242,"outputs/wcrit/01_distance_sensitivity/designs/distance_m10_n050_lambda070_rep05.rds",0.589787965616046,6000,0.210000000000001,10,22.9591836734694,563.501224489796,0.428571428571429,0.965959885386819,0.589787965616046,22,548.469387755102,990.061224489796
"distance",20,100,0.7,5,636958050,"outputs/wcrit/01_distance_sensitivity/designs/distance_m20_n100_lambda070_rep05.rds",0.674138517655735,6000,1.041,52,95.959595959596,9519.6694949495,0.542553191489362,0.981170945377272,0.674138517655735,95,9356.06060606061,18045.2323232323
"distance",5,5,0.8,5,776821308,"outputs/wcrit/01_distance_sensitivity/designs/distance_m05_n005_lambda080_rep05.rds",0.761209503239741,6000,0.0159999999999982,4,6,40.2,0.75,0.806047516198704,0.761209503239741,5,36.4583333333333,55.75
"distance",10,10,0.8,5,329200782,"outputs/wcrit/01_distance_sensitivity/designs/distance_m10_n010_lambda080_rep05.rds",0.85255375820178,6000,0.0350000000000001,19,25,678.244444444444,0.857142857142857,0.834197362437472,0.85255375820178,22,597.222222222222,1085.88888888889
"distance",20,20,0.8,5,2057965551,"outputs/wcrit/01_distance_sensitivity/designs/distance_m20_n020_lambda080_rep05.rds",0.794253180971305,6000,0.131999999999998,73,100,10589.6421052632,0.765957446808511,0.907436117622485,0.794253180971305,95,9750,18820.9473684211
"distance",5,10,0.8,5,2052591847,"outputs/wcrit/01_distance_sensitivity/designs/distance_m05_n010_lambda080_rep05.rds",0.776039119804401,6000,0.0180000000000007,4,5.55555555555556,34.2222222222222,0.75,0.880195599022005,0.776039119804401,5,32.4074074074074,47.5555555555556
"distance",10,20,0.8,5,190731780,"outputs/wcrit/01_distance_sensitivity/designs/distance_m10_n020_lambda080_rep05.rds",0.718634206094013,6000,0.0649999999999977,15,23.6842105263158,599.473684210526,0.666666666666667,0.926504363803399,0.718634206094013,22,565.789473684211,1024.10526315789
"distance",20,40,0.8,5,1781027547,"outputs/wcrit/01_distance_sensitivity/designs/distance_m20_n040_lambda080_rep05.rds",0.718565190787883,6000,0.383000000000003,63,97.4358974358974,9901.45641025641,0.659574468085106,0.954528081598987,0.718565190787883,95,9500,18328.6666666667
"distance",5,15,0.8,5,30967180,"outputs/wcrit/01_distance_sensitivity/designs/distance_m05_n015_lambda080_rep05.rds",0.390076726342711,6000,0.032,2,5.33333333333333,31.9428571428571,0.25,0.950383631713555,0.390076726342711,5,31.25,45.2142857142857
"distance",10,30,0.8,5,52262778,"outputs/wcrit/01_distance_sensitivity/designs/distance_m10_n030_lambda080_rep05.rds",0.645427795945541,6000,0.109000000000002,13,23.2758620689655,582.328735632184,0.571428571428571,0.941424694013417,0.645427795945541,22,556.034482758621,1004.93103448276
"distance",20,60,0.8,5,1504089543,"outputs/wcrit/01_distance_sensitivity/designs/distance_m20_n060_lambda080_rep05.rds",0.687398321636085,6000,0.529,59,96.6101694915254,9691.57966101695,0.617021276595745,0.968906501797446,0.687398321636085,95,9419.49152542373,18170.1355932203
"distance",5,20,0.8,5,1914122845,"outputs/wcrit/01_distance_sensitivity/designs/distance_m05_n020_lambda080_rep05.rds",0.393507853403141,6000,0.0410000000000004,2,5.26315789473684,31.1368421052632,0.25,0.967539267015707,0.393507853403141,5,30.7017543859649,44.1052631578947
"distance",10,40,0.8,5,2061277405,"outputs/wcrit/01_distance_sensitivity/designs/distance_m10_n040_lambda080_rep05.rds",0.57268829969661,6000,0.161000000000001,11,23.0769230769231,569.641025641026,0.476190476190476,0.958679593721145,0.57268829969661,22,551.282051282051,995.589743589744
"distance",20,80,0.8,5,1227151539,"outputs/wcrit/01_distance_sensitivity/designs/distance_m20_n080_lambda080_rep05.rds",0.654877479455842,6000,0.846,55,96.2025316455696,9584.35063291139,0.574468085106383,0.97651505685368,0.654877479455842,95,9379.74683544304,18091.8734177215
"distance",5,25,0.8,5,2039981807,"outputs/wcrit/01_distance_sensitivity/designs/distance_m05_n025_lambda080_rep05.rds",0.39289219330855,6000,0.0530000000000008,2,5.2,30.8466666666667,0.25,0.964460966542751,0.39289219330855,5,30.3819444444444,43.4583333333333
"distance",10,50,0.8,5,1922808403,"outputs/wcrit/01_distance_sensitivity/designs/distance_m10_n050_lambda080_rep05.rds",0.53608757080797,6000,0.196000000000002,10,22.9591836734694,563.416326530612,0.428571428571429,0.966152139754136,0.53608757080797,22,548.469387755102,990.061224489796
"distance",20,100,0.8,5,636975211,"outputs/wcrit/01_distance_sensitivity/designs/distance_m20_n100_lambda080_rep05.rds",0.647159097553454,6000,1.043,54,95.959595959596,9525.70505050505,0.563829787234043,0.980476338831101,0.647159097553454,95,9356.06060606061,18045.2323232323
"distance",5,5,0.9,5,776838469,"outputs/wcrit/01_distance_sensitivity/designs/distance_m05_n005_lambda090_rep05.rds",0.75560475161987,6000,0.0159999999999982,4,6,40.2,0.75,0.806047516198704,0.75560475161987,5,36.4583333333333,55.75
"distance",10,10,0.9,5,329217943,"outputs/wcrit/01_distance_sensitivity/designs/distance_m10_n010_lambda090_rep05.rds",0.89806925225752,6000,0.0339999999999989,20,25,676.466666666667,0.904761904761905,0.837835379718054,0.89806925225752,22,597.222222222222,1085.88888888889
"distance",20,20,0.9,5,2057982712,"outputs/wcrit/01_distance_sensitivity/designs/distance_m20_n020_lambda090_rep05.rds",0.780048916368614,6000,0.137,73,100,10594.7578947368,0.765957446808511,0.906872142409544,0.780048916368614,95,9750,18820.9473684211
"distance",5,10,0.9,5,2052609008,"outputs/wcrit/01_distance_sensitivity/designs/distance_m05_n010_lambda090_rep05.rds",0.7630195599022,6000,0.0169999999999995,4,5.55555555555556,34.2222222222222,0.75,0.880195599022005,0.7630195599022,5,32.4074074074074,47.5555555555556
"distance",10,20,0.9,5,190748941,"outputs/wcrit/01_distance_sensitivity/designs/distance_m10_n020_lambda090_rep05.rds",0.692319706017455,6000,0.0649999999999977,15,23.6842105263158,600.989473684211,0.666666666666667,0.923197060174552,0.692319706017455,22,565.789473684211,1024.10526315789
"distance",20,40,0.9,5,1781044708,"outputs/wcrit/01_distance_sensitivity/designs/distance_m20_n040_lambda090_rep05.rds",0.698661955616734,6000,0.312000000000001,64,97.4358974358974,9899.89743589744,0.670212765957447,0.954704662550317,0.698661955616734,95,9500,18328.6666666667
"distance",5,15,0.9,5,30984341,"outputs/wcrit/01_distance_sensitivity/designs/distance_m05_n015_lambda090_rep05.rds",0.320720375106564,6000,0.0310000000000024,2,5.33333333333333,31.847619047619,0.25,0.957203751065644,0.320720375106564,5,31.25,45.2142857142857
"distance",10,30,0.9,5,52279939,"outputs/wcrit/01_distance_sensitivity/designs/distance_m10_n030_lambda090_rep05.rds",0.608837872835415,6000,0.108999999999998,13,23.2758620689655,580.489655172414,0.571428571428571,0.945521585497004,0.608837872835415,22,556.034482758621,1004.93103448276
"distance",20,60,0.9,5,1504106704,"outputs/wcrit/01_distance_sensitivity/designs/distance_m20_n060_lambda090_rep05.rds",0.65230465573341,6000,-0.446999999999999,59,96.6101694915254,9683.2790960452,0.617021276595745,0.969855067972398,0.65230465573341,95,9419.49152542373,18170.1355932203
"distance",5,20,0.9,5,1914140006,"outputs/wcrit/01_distance_sensitivity/designs/distance_m05_n020_lambda090_rep05.rds",0.321125654450262,6000,0.0359999999999978,2,5.26315789473684,31.2210526315789,0.25,0.961256544502618,0.321125654450262,5,30.7017543859649,44.1052631578947
"distance",10,40,0.9,5,2061294566,"outputs/wcrit/01_distance_sensitivity/designs/distance_m10_n040_lambda090_rep05.rds",0.52434012663237,6000,0.159000000000002,11,23.0769230769231,570.082051282051,0.476190476190476,0.957686980609418,0.52434012663237,22,551.282051282051,995.589743589744
"distance",20,80,0.9,5,1227168700,"outputs/wcrit/01_distance_sensitivity/designs/distance_m20_n080_lambda090_rep05.rds",0.614600832518088,6000,-0.199000000000002,55,96.2025316455696,9590.61898734177,0.574468085106383,0.975795559223431,0.614600832518088,95,9379.74683544304,18091.8734177215
"distance",5,25,0.9,5,2039998968,"outputs/wcrit/01_distance_sensitivity/designs/distance_m05_n025_lambda090_rep05.rds",0.322873605947955,6000,0.0480000000000018,2,5.2,30.66,0.25,0.978736059479554,0.322873605947955,5,30.3819444444444,43.4583333333333
"distance",10,50,0.9,5,1922825564,"outputs/wcrit/01_distance_sensitivity/designs/distance_m10_n050_lambda090_rep05.rds",0.48261196572168,6000,0.206,10,22.9591836734694,562.168979591837,0.428571428571429,0.968976800073944,0.48261196572168,22,548.469387755102,990.061224489796
"distance",20,100,0.9,5,636992372,"outputs/wcrit/01_distance_sensitivity/designs/distance_m20_n100_lambda090_rep05.rds",0.586478615120247,6000,0.0730000000000004,52,95.959595959596,9514.13898989899,0.542553191489362,0.981807427798212,0.586478615120247,95,9356.06060606061,18045.2323232323
"distance",5,5,1,5,751147565,"outputs/wcrit/01_distance_sensitivity/designs/distance_m05_n005_lambda100_rep05.rds",0.75,6000,0.0169999999999995,4,6,40.8,0.75,0.774946004319655,0.75,5,36.4583333333333,55.75
"distance",10,10,1,5,2126507098,"outputs/wcrit/01_distance_sensitivity/designs/distance_m10_n010_lambda100_rep05.rds",0.857142857142857,6000,0.0300000000000011,19,25,679.488888888889,0.857142857142857,0.831650750341064,0.857142857142857,22,597.222222222222,1085.88888888889
"distance",20,20,1,5,1091721197,"outputs/wcrit/01_distance_sensitivity/designs/distance_m20_n020_lambda100_rep05.rds",0.75531914893617,6000,0.143000000000001,72,100,10585.6842105263,0.75531914893617,0.907872444124678,0.75531914893617,95,9750,18820.9473684211
"distance",5,10,1,5,1324601662,"outputs/wcrit/01_distance_sensitivity/designs/distance_m05_n010_lambda100_rep05.rds",0.75,6000,0.0190000000000019,4,5.55555555555556,34.2222222222222,0.75,0.880195599022005,0.75,5,32.4074074074074,47.5555555555556
"distance",10,20,1,5,2051291427,"outputs/wcrit/01_distance_sensitivity/designs/distance_m10_n020_lambda100_rep05.rds",0.666666666666667,6000,0.0730000000000004,15,23.6842105263158,601.326315789474,0.666666666666667,0.922462103812586,0.666666666666667,22,565.789473684211,1024.10526315789
"distance",20,40,1,5,941289855,"outputs/wcrit/01_distance_sensitivity/designs/distance_m20_n040_lambda100_rep05.rds",0.670212765957447,6000,0.317,64,97.4358974358974,9909.84615384615,0.670212765957447,0.953577797268804,0.670212765957447,95,9500,18328.6666666667
"distance",5,15,1,5,649617638,"outputs/wcrit/01_distance_sensitivity/designs/distance_m05_n015_lambda100_rep05.rds",0.25,6000,0.036999999999999,2,5.33333333333333,32.4380952380952,0.25,0.914919011082694,0.25,5,31.25,45.2142857142857
"distance",10,30,1,5,1976075756,"outputs/wcrit/01_distance_sensitivity/designs/distance_m10_n030_lambda100_rep05.rds",0.523809523809524,6000,0.106999999999999,12,23.2758620689655,581.593103448276,0.523809523809524,0.943063450606852,0.523809523809524,22,556.034482758621,1004.93103448276
"distance",20,60,1,5,790858513,"outputs/wcrit/01_distance_sensitivity/designs/distance_m20_n060_lambda100_rep05.rds",0.606382978723404,6000,-0.462,58,96.6101694915254,9683.76723163842,0.606382978723404,0.969799285153506,0.606382978723404,95,9419.49152542373,18170.1355932203
"distance",5,20,1,5,1249385991,"outputs/wcrit/01_distance_sensitivity/designs/distance_m05_n020_lambda100_rep05.rds",0.25,6000,0.0399999999999991,2,5.26315789473684,31.6421052631579,0.25,0.929842931937173,0.25,5,30.7017543859649,44.1052631578947
"distance",10,40,1,5,1900860085,"outputs/wcrit/01_distance_sensitivity/designs/distance_m10_n040_lambda100_rep05.rds",0.476190476190476,6000,0.156000000000002,11,23.0769230769231,571.005128205128,0.476190476190476,0.955609418282548,0.476190476190476,22,551.282051282051,995.589743589744
"distance",20,80,1,5,640427171,"outputs/wcrit/01_distance_sensitivity/designs/distance_m20_n080_lambda100_rep05.rds",0.563829787234043,6000,-0.190000000000001,54,96.2025316455696,9592.53291139241,0.563829787234043,0.975575874163468,0.563829787234043,95,9379.74683544304,18091.8734177215
"distance",5,25,1,5,574401967,"outputs/wcrit/01_distance_sensitivity/designs/distance_m05_n025_lambda100_rep05.rds",0.25,6000,0.0499999999999972,2,5.2,31.4133333333333,0.25,0.921125862984599,0.25,5,30.3819444444444,43.4583333333333
"distance",10,50,1,5,1825644414,"outputs/wcrit/01_distance_sensitivity/designs/distance_m10_n050_lambda100_rep05.rds",0.428571428571429,6000,0.206,10,22.9591836734694,564.461224489796,0.428571428571429,0.963785932156392,0.428571428571429,22,548.469387755102,990.061224489796
"distance",20,100,1,5,1805046946,"outputs/wcrit/01_distance_sensitivity/designs/distance_m20_n100_lambda100_rep05.rds",0.553191489361702,6000,0.0800000000000018,53,95.959595959596,9540.68282828283,0.553191489361702,0.978752609773223,0.553191489361702,95,9356.06060606061,18045.2323232323
"distance",5,5,0,6,751130405,"outputs/wcrit/01_distance_sensitivity/designs/distance_m05_n005_lambda000_rep06.rds",0.806047516198704,6000,0.0159999999999982,4,6,40.2,0.75,0.806047516198704,0.806047516198704,5,36.4583333333333,55.75
"distance",10,10,0,6,2126489938,"outputs/wcrit/01_distance_sensitivity/designs/distance_m10_n010_lambda000_rep06.rds",0.83456116416553,6000,0.0350000000000001,19,25,678.066666666667,0.857142857142857,0.83456116416553,0.83456116416553,22,597.222222222222,1085.88888888889
"distance",20,20,0,6,1091704037,"outputs/wcrit/01_distance_sensitivity/designs/distance_m20_n020_lambda000_rep06.rds",0.910362754427089,6000,0.132000000000001,72,100,10563.0947368421,0.75531914893617,0.910362754427089,0.910362754427089,95,9750,18820.9473684211
"distance",5,10,0,6,1324584502,"outputs/wcrit/01_distance_sensitivity/designs/distance_m05_n010_lambda000_rep06.rds",0.880195599022005,6000,0.0240000000000009,4,5.55555555555556,34.2222222222222,0.75,0.880195599022005,0.880195599022005,5,32.4074074074074,47.5555555555556
"distance",10,20,0,6,2051274267,"outputs/wcrit/01_distance_sensitivity/designs/distance_m10_n020_lambda000_rep06.rds",0.924391364262747,6000,0.0700000000000003,11,23.6842105263158,600.442105263158,0.476190476190476,0.924391364262747,0.924391364262747,22,565.789473684211,1024.10526315789
"distance",20,40,0,6,941272695,"outputs/wcrit/01_distance_sensitivity/designs/distance_m20_n040_lambda000_rep06.rds",0.955989521314599,6000,0.315000000000001,59,97.4358974358974,9888.55384615385,0.617021276595745,0.955989521314599,0.955989521314599,95,9500,18328.6666666667
"distance",5,15,0,6,649600478,"outputs/wcrit/01_distance_sensitivity/designs/distance_m05_n015_lambda000_rep06.rds",0.958567774936061,6000,0.0309999999999988,2,5.33333333333333,31.8285714285714,0.25,0.958567774936061,0.958567774936061,5,31.25,45.2142857142857
"distance",10,30,0,6,1976058596,"outputs/wcrit/01_distance_sensitivity/designs/distance_m10_n030_lambda000_rep06.rds",0.949782352639934,6000,0.113999999999997,9,23.2758620689655,578.577011494253,0.380952380952381,0.949782352639934,0.949782352639934,22,556.034482758621,1004.93103448276
"distance",20,60,0,6,790841353,"outputs/wcrit/01_distance_sensitivity/designs/distance_m20_n060_lambda000_rep06.rds",0.970146119995042,6000,0.519000000000002,51,96.6101694915254,9680.73220338983,0.531914893617021,0.970146119995042,0.970146119995042,95,9419.49152542373,18170.1355932203
"distance",5,20,0,6,1249368831,"outputs/wcrit/01_distance_sensitivity/designs/distance_m05_n020_lambda000_rep06.rds",0.954973821989529,6000,0.036999999999999,1,5.26315789473684,31.3052631578947,0,0.954973821989529,0.954973821989529,5,30.7017543859649,44.1052631578947
"distance",10,40,0,6,1900842925,"outputs/wcrit/01_distance_sensitivity/designs/distance_m10_n040_lambda000_rep06.rds",0.963019390581717,6000,0.154999999999998,8,23.0769230769231,567.71282051282,0.333333333333333,0.963019390581717,0.963019390581717,22,551.282051282051,995.589743589744
"distance",20,80,0,6,640410011,"outputs/wcrit/01_distance_sensitivity/designs/distance_m20_n080_lambda000_rep06.rds",0.978077261724528,6000,-0.202000000000002,44,96.2025316455696,9570.74050632911,0.457446808510638,0.978077261724528,0.978077261724528,95,9379.74683544304,18091.8734177215
"distance",5,25,0,6,574384807,"outputs/wcrit/01_distance_sensitivity/designs/distance_m05_n025_lambda000_rep06.rds",0.974147636749867,6000,0.0489999999999995,2,5.2,30.72,0.25,0.974147636749867,0.974147636749867,5,30.3819444444444,43.4583333333333
"distance",10,50,0,6,1825627254,"outputs/wcrit/01_distance_sensitivity/designs/distance_m10_n050_lambda000_rep06.rds",0.971742305203808,6000,0.214000000000002,10,22.9591836734694,560.947755102041,0.428571428571429,0.971742305203808,0.971742305203808,22,548.469387755102,990.061224489796
"distance",20,100,0,6,1805029786,"outputs/wcrit/01_distance_sensitivity/designs/distance_m20_n100_lambda000_rep06.rds",0.982901742328778,6000,0.088000000000001,47,95.959595959596,9504.6303030303,0.48936170212766,0.982901742328778,0.982901742328778,95,9356.06060606061,18045.2323232323
"distance",5,5,0.1,6,776701182,"outputs/wcrit/01_distance_sensitivity/designs/distance_m05_n005_lambda010_rep06.rds",0.800442764578834,6000,0.0109999999999992,4,6,40.2,0.75,0.806047516198704,0.800442764578834,5,36.4583333333333,55.75
"distance",10,10,0.1,6,329080656,"outputs/wcrit/01_distance_sensitivity/designs/distance_m10_n010_lambda010_rep06.rds",0.834527382576496,6000,0.0299999999999976,19,25,679.311111111111,0.857142857142857,0.832014552069122,0.834527382576496,22,597.222222222222,1085.88888888889
"distance",20,20,0.1,6,2057845425,"outputs/wcrit/01_distance_sensitivity/designs/distance_m20_n020_lambda010_rep06.rds",0.902874179850861,6000,0.135999999999999,77,100,10535.9157894737,0.808510638297872,0.913359017801193,0.902874179850861,95,9750,18820.9473684211
"distance",5,10,0.1,6,2052471721,"outputs/wcrit/01_distance_sensitivity/designs/distance_m05_n010_lambda010_rep06.rds",0.888300733496332,6000,0.0229999999999997,4,5.55555555555556,33.8666666666667,0.75,0.903667481662591,0.888300733496332,5,32.4074074074074,47.5555555555556
"distance",10,20,0.1,6,190611654,"outputs/wcrit/01_distance_sensitivity/designs/distance_m10_n020_lambda010_rep06.rds",0.891128464247435,6000,0.0659999999999989,14,23.6842105263158,601.831578947368,0.619047619047619,0.921359669269637,0.891128464247435,22,565.789473684211,1024.10526315789
"distance",20,40,0.1,6,1780907421,"outputs/wcrit/01_distance_sensitivity/designs/distance_m20_n040_lambda010_rep06.rds",0.927142095141391,6000,0.309000000000001,64,97.4358974358974,9891.2,0.670212765957447,0.955689798384052,0.927142095141391,95,9500,18328.6666666667
"distance",5,15,0.1,6,30847054,"outputs/wcrit/01_distance_sensitivity/designs/distance_m05_n015_lambda010_rep06.rds",0.885255754475703,6000,0.0330000000000013,2,5.33333333333333,31.8666666666667,0.25,0.955839727195226,0.885255754475703,5,31.25,45.2142857142857
"distance",10,30,0.1,6,52142652,"outputs/wcrit/01_distance_sensitivity/designs/distance_m10_n030_lambda010_rep06.rds",0.910545837631412,6000,0.108000000000001,13,23.2758620689655,579.275862068965,0.571428571428571,0.948225533876172,0.910545837631412,22,556.034482758621,1004.93103448276
"distance",20,60,0.1,6,1503969417,"outputs/wcrit/01_distance_sensitivity/designs/distance_m20_n060_lambda010_rep06.rds",0.93118333755331,6000,0.536000000000001,57,96.6101694915254,9695.53672316384,0.595744680851064,0.968454299409115,0.93118333755331,95,9419.49152542373,18170.1355932203
"distance",5,20,0.1,6,1914002719,"outputs/wcrit/01_distance_sensitivity/designs/distance_m05_n020_lambda010_rep06.rds",0.890130890052356,6000,0.036999999999999,2,5.26315789473684,31.2210526315789,0.25,0.961256544502618,0.890130890052356,5,30.7017543859649,44.1052631578947
"distance",10,40,0.1,6,2061157279,"outputs/wcrit/01_distance_sensitivity/designs/distance_m10_n040_lambda010_rep06.rds",0.909703535153674,6000,0.152000000000001,11,23.0769230769231,570,0.476190476190476,0.957871652816251,0.909703535153674,22,551.282051282051,995.589743589744
"distance",20,80,0.1,6,1227031413,"outputs/wcrit/01_distance_sensitivity/designs/distance_m20_n080_lambda010_rep06.rds",0.937439702689423,6000,0.789999999999999,56,96.2025316455696,9583.7164556962,0.585106382978723,0.976587849323945,0.937439702689423,95,9379.74683544304,18091.8734177215
"distance",5,25,0.1,6,2039861681,"outputs/wcrit/01_distance_sensitivity/designs/distance_m05_n025_lambda010_rep06.rds",0.895767923526288,6000,0.054000000000002,2,5.2,30.8066666666667,0.25,0.967519915029208,0.895767923526288,5,30.3819444444444,43.4583333333333
"distance",10,50,0.1,6,1922688277,"outputs/wcrit/01_distance_sensitivity/designs/distance_m10_n050_lambda010_rep06.rds",0.91899274204552,6000,0.218,11,22.9591836734694,562.515102040816,0.476190476190476,0.968192993807191,0.91899274204552,22,548.469387755102,990.061224489796
"distance",20,100,0.1,6,636855085,"outputs/wcrit/01_distance_sensitivity/designs/distance_m20_n100_lambda010_rep06.rds",0.937833226599301,6000,1.068,53,95.959595959596,9524.88080808081,0.553191489361702,0.980571197403479,0.937833226599301,95,9356.06060606061,18045.2323232323
"distance",5,5,0.2,6,776718343,"outputs/wcrit/01_distance_sensitivity/designs/distance_m05_n005_lambda020_rep06.rds",0.794838012958963,6000,0.0180000000000007,4,6,40.2,0.75,0.806047516198704,0.794838012958963,5,36.4583333333333,55.75
"distance",10,10,0.2,6,329097817,"outputs/wcrit/01_distance_sensitivity/designs/distance_m10_n010_lambda020_rep06.rds",0.839659585525888,6000,0.036999999999999,19,25,677.711111111111,0.857142857142857,0.835288767621646,0.839659585525888,22,597.222222222222,1085.88888888889
"distance",20,20,0.2,6,2057862586,"outputs/wcrit/01_distance_sensitivity/designs/distance_m20_n020_lambda020_rep06.rds",0.883332702908366,6000,0.131,74,100,10566.2315789474,0.776595744680851,0.910016942465245,0.883332702908366,95,9750,18820.9473684211
"distance",5,10,0.2,6,2052488882,"outputs/wcrit/01_distance_sensitivity/designs/distance_m05_n010_lambda020_rep06.rds",0.854156479217604,6000,0.0219999999999985,4,5.55555555555556,34.2222222222222,0.75,0.880195599022005,0.854156479217604,5,32.4074074074074,47.5555555555556
"distance",10,20,0.2,6,190628815,"outputs/wcrit/01_distance_sensitivity/designs/distance_m10_n020_lambda020_rep06.rds",0.868069208390752,6000,0.0740000000000016,15,23.6842105263158,603.178947368421,0.666666666666667,0.918419843821773,0.868069208390752,22,565.789473684211,1024.10526315789
"distance",20,40,0.2,6,1780924582,"outputs/wcrit/01_distance_sensitivity/designs/distance_m20_n040_lambda020_rep06.rds",0.897681747192384,6000,0.311999999999998,64,97.4358974358974,9901.27179487179,0.670212765957447,0.954548992501118,0.897681747192384,95,9500,18328.6666666667
"distance",5,15,0.2,6,30864215,"outputs/wcrit/01_distance_sensitivity/designs/distance_m05_n015_lambda020_rep06.rds",0.816854219948849,6000,0.0350000000000001,2,5.33333333333333,31.8285714285714,0.25,0.958567774936061,0.816854219948849,5,31.25,45.2142857142857
"distance",10,30,0.2,6,52159813,"outputs/wcrit/01_distance_sensitivity/designs/distance_m10_n030_lambda020_rep06.rds",0.865046638720014,6000,0.117000000000001,12,23.2758620689655,578.319540229885,0.523809523809524,0.950355917447637,0.865046638720014,22,556.034482758621,1004.93103448276
"distance",20,60,0.2,6,1503986578,"outputs/wcrit/01_distance_sensitivity/designs/distance_m20_n060_lambda020_rep06.rds",0.898913118589262,6000,0.514999999999997,59,96.6101694915254,9687.38305084746,0.617021276595745,0.969386079087641,0.898913118589262,95,9419.49152542373,18170.1355932203
"distance",5,20,0.2,6,1914019880,"outputs/wcrit/01_distance_sensitivity/designs/distance_m05_n020_lambda020_rep06.rds",0.808952879581152,6000,0.0370000000000026,2,5.26315789473684,31.3894736842105,0.25,0.94869109947644,0.808952879581152,5,30.7017543859649,44.1052631578947
"distance",10,40,0.2,6,2061174440,"outputs/wcrit/01_distance_sensitivity/designs/distance_m10_n040_lambda020_rep06.rds",0.869064767181111,6000,0.159000000000002,12,23.0769230769231,571.107692307692,0.523809523809524,0.955378578024007,0.869064767181111,22,551.282051282051,995.589743589744
"distance",20,80,0.2,6,1227048574,"outputs/wcrit/01_distance_sensitivity/designs/distance_m20_n080_lambda020_rep06.rds",0.897759197549806,6000,0.778000000000002,56,96.2025316455696,9589.51392405063,0.585106382978723,0.975922401192576,0.897759197549806,95,9379.74683544304,18091.8734177215
"distance",5,25,0.2,6,2039878842,"outputs/wcrit/01_distance_sensitivity/designs/distance_m05_n025_lambda020_rep06.rds",0.834212426978226,6000,0.0480000000000018,2,5.2,30.64,0.25,0.980265533722783,0.834212426978226,5,30.3819444444444,43.4583333333333
"distance",10,50,0.2,6,1922705438,"outputs/wcrit/01_distance_sensitivity/designs/distance_m10_n050_lambda020_rep06.rds",0.860753753317576,6000,0.215,10,22.9591836734694,562.247346938776,0.428571428571429,0.968799334504113,0.860753753317576,22,548.469387755102,990.061224489796
"distance",20,100,0.2,6,636872246,"outputs/wcrit/01_distance_sensitivity/designs/distance_m20_n100_lambda020_rep06.rds",0.898774057624901,6000,1.041,54,95.959595959596,9508.03313131313,0.563829787234043,0.982510125222615,0.898774057624901,95,9356.06060606061,18045.2323232323
"distance",5,5,0.3,6,776735504,"outputs/wcrit/01_distance_sensitivity/designs/distance_m05_n005_lambda030_rep06.rds",0.789233261339093,6000,0.017000000000003,4,6,40.2,0.75,0.806047516198704,0.789233261339093,5,36.4583333333333,55.75
"distance",10,10,0.3,6,329114978,"outputs/wcrit/01_distance_sensitivity/designs/distance_m10_n010_lambda030_rep06.rds",0.841081010849087,6000,0.0339999999999989,19,25,678.244444444444,0.857142857142857,0.834197362437472,0.841081010849087,22,597.222222222222,1085.88888888889
"distance",20,20,0.3,6,2057879747,"outputs/wcrit/01_distance_sensitivity/designs/distance_m20_n020_lambda030_rep06.rds",0.869641289839607,6000,0.134,74,100,10570.7578947368,0.776595744680851,0.909517952050502,0.869641289839607,95,9750,18820.9473684211
"distance",5,10,0.3,6,2052506043,"outputs/wcrit/01_distance_sensitivity/designs/distance_m05_n010_lambda030_rep06.rds",0.841136919315403,6000,0.0229999999999997,4,5.55555555555556,34.2222222222222,0.75,0.880195599022005,0.841136919315403,5,32.4074074074074,47.5555555555556
"distance",10,20,0.3,6,190645976,"outputs/wcrit/01_distance_sensitivity/designs/distance_m10_n020_lambda030_rep06.rds",0.843086816720257,6000,0.0730000000000004,15,23.6842105263158,603.052631578947,0.666666666666667,0.91869545245751,0.843086816720257,22,565.789473684211,1024.10526315789
"distance",20,40,0.3,6,1780941743,"outputs/wcrit/01_distance_sensitivity/designs/distance_m20_n040_lambda030_rep06.rds",0.873302827556861,6000,0.313000000000002,65,97.4358974358974,9890.38461538462,0.680851063829787,0.955782154868465,0.873302827556861,95,9500,18328.6666666667
"distance",5,15,0.3,6,30881376,"outputs/wcrit/01_distance_sensitivity/designs/distance_m05_n015_lambda030_rep06.rds",0.74886189258312,6000,0.0339999999999989,2,5.33333333333333,31.7714285714286,0.25,0.962659846547315,0.74886189258312,5,31.25,45.2142857142857
"distance",10,30,0.3,6,52176974,"outputs/wcrit/01_distance_sensitivity/designs/distance_m10_n030_lambda030_rep06.rds",0.83753806085347,6000,0.117000000000001,13,23.2758620689655,577.767816091954,0.571428571428571,0.951584984892713,0.83753806085347,22,556.034482758621,1004.93103448276
"distance",20,60,0.3,6,1504003739,"outputs/wcrit/01_distance_sensitivity/designs/distance_m20_n060_lambda030_rep06.rds",0.863364073776624,6000,0.524000000000001,59,96.6101694915254,9691.29039548023,0.617021276595745,0.968939558282716,0.863364073776624,95,9419.49152542373,18170.1355932203
"distance",5,20,0.3,6,1914037041,"outputs/wcrit/01_distance_sensitivity/designs/distance_m05_n020_lambda030_rep06.rds",0.739083769633508,6000,0.036999999999999,2,5.26315789473684,31.3894736842105,0.25,0.94869109947644,0.739083769633508,5,30.7017543859649,44.1052631578947
"distance",10,40,0.3,6,2061191601,"outputs/wcrit/01_distance_sensitivity/designs/distance_m10_n040_lambda030_rep06.rds",0.814708481730642,6000,0.158000000000001,11,23.0769230769231,569.148717948718,0.476190476190476,0.959787626962142,0.814708481730642,22,551.282051282051,995.589743589744
"distance",20,80,0.3,6,1227065735,"outputs/wcrit/01_distance_sensitivity/designs/distance_m20_n080_lambda030_rep06.rds",0.856117497502019,6000,0.791,55,96.2025316455696,9581.65569620253,0.574468085106383,0.97682438852872,0.856117497502019,95,9379.74683544304,18091.8734177215
"distance",5,25,0.3,6,2039896003,"outputs/wcrit/01_distance_sensitivity/designs/distance_m05_n025_lambda030_rep06.rds",0.756189591078067,6000,0.0500000000000007,2,5.2,30.7333333333333,0.25,0.973127987254381,0.756189591078067,5,30.3819444444444,43.4583333333333
"distance",10,50,0.3,6,1922722599,"outputs/wcrit/01_distance_sensitivity/designs/distance_m10_n050_lambda030_rep06.rds",0.805416238627811,6000,0.211000000000002,10,22.9591836734694,563.076734693878,0.428571428571429,0.966921157223403,0.805416238627811,22,548.469387755102,990.061224489796
"distance",20,100,0.3,6,636889407,"outputs/wcrit/01_distance_sensitivity/designs/distance_m20_n100_lambda030_rep06.rds",0.852319592658216,6000,1.047,53,95.959595959596,9525.34868686869,0.553191489361702,0.980517351213864,0.852319592658216,95,9356.06060606061,18045.2323232323
"distance",5,5,0.4,6,776752665,"outputs/wcrit/01_distance_sensitivity/designs/distance_m05_n005_lambda040_rep06.rds",0.783628509719222,6000,0.0120000000000005,4,6,40.2,0.75,0.806047516198704,0.783628509719222,5,36.4583333333333,55.75
"distance",10,10,0.4,6,329132139,"outputs/wcrit/01_distance_sensitivity/designs/distance_m10_n010_lambda040_rep06.rds",0.843375560319626,6000,0.0380000000000003,19,25,678.244444444444,0.857142857142857,0.834197362437472,0.843375560319626,22,597.222222222222,1085.88888888889
"distance",20,20,0.4,6,2057896908,"outputs/wcrit/01_distance_sensitivity/designs/distance_m20_n020_lambda040_rep06.rds",0.856169432553335,6000,0.135000000000002,74,100,10573.4736842105,0.776595744680851,0.909218557801657,0.856169432553335,95,9750,18820.9473684211
"distance",5,10,0.4,6,2052523204,"outputs/wcrit/01_distance_sensitivity/designs/distance_m05_n010_lambda040_rep06.rds",0.828117359413203,6000,0.0169999999999995,4,5.55555555555556,34.2222222222222,0.75,0.880195599022005,0.828117359413203,5,32.4074074074074,47.5555555555556
"distance",10,20,0.4,6,190663137,"outputs/wcrit/01_distance_sensitivity/designs/distance_m10_n020_lambda040_rep06.rds",0.813253713060787,6000,0.0760000000000005,15,23.6842105263158,606.58947368421,0.666666666666667,0.910978410656867,0.813253713060787,22,565.789473684211,1024.10526315789
"distance",20,40,0.4,6,1780958904,"outputs/wcrit/01_distance_sensitivity/designs/distance_m20_n040_lambda040_rep06.rds",0.835107617611775,6000,0.314,63,97.4358974358974,9922.63076923077,0.659574468085106,0.95212971729622,0.835107617611775,95,9500,18328.6666666667
"distance",5,15,0.4,6,30898537,"outputs/wcrit/01_distance_sensitivity/designs/distance_m05_n015_lambda040_rep06.rds",0.777595907928389,6000,0.027000000000001,3,5.33333333333333,31.7714285714286,0.5,0.962659846547315,0.777595907928389,5,31.25,45.2142857142857
"distance",10,30,0.4,6,52194135,"outputs/wcrit/01_distance_sensitivity/designs/distance_m10_n030_lambda040_rep06.rds",0.777156318357732,6000,0.106999999999999,12,23.2758620689655,580.250574712644,0.523809523809524,0.94605418138987,0.777156318357732,22,556.034482758621,1004.93103448276
"distance",20,60,0.4,6,1504020900,"outputs/wcrit/01_distance_sensitivity/designs/distance_m20_n060_lambda040_rep06.rds",0.833757055273784,6000,0.529,60,96.6101694915254,9671.90056497175,0.627659574468085,0.971155375810917,0.833757055273784,95,9419.49152542373,18170.1355932203
"distance",5,20,0.4,6,1914054202,"outputs/wcrit/01_distance_sensitivity/designs/distance_m05_n020_lambda040_rep06.rds",0.672041884816754,6000,0.0370000000000026,2,5.26315789473684,31.3263157894737,0.25,0.953403141361256,0.672041884816754,5,30.7017543859649,44.1052631578947
"distance",10,40,0.4,6,2061208762,"outputs/wcrit/01_distance_sensitivity/designs/distance_m10_n040_lambda040_rep06.rds",0.7668196807809,6000,0.16,11,23.0769230769231,568.8,0.476190476190476,0.960572483841182,0.7668196807809,22,551.282051282051,995.589743589744
"distance",20,80,0.4,6,1227082896,"outputs/wcrit/01_distance_sensitivity/designs/distance_m20_n080_lambda040_rep06.rds",0.820411966986898,6000,0.788,56,96.2025316455696,9577.66582278481,0.585106382978723,0.97728235632568,0.820411966986898,95,9379.74683544304,18091.8734177215
"distance",5,25,0.4,6,2039913164,"outputs/wcrit/01_distance_sensitivity/designs/distance_m05_n025_lambda040_rep06.rds",0.685406266595858,6000,0.0489999999999995,2,5.2,30.7,0.25,0.975677110993096,0.685406266595858,5,30.3819444444444,43.4583333333333
"distance",10,50,0.4,6,1922739760,"outputs/wcrit/01_distance_sensitivity/designs/distance_m10_n050_lambda040_rep06.rds",0.753107469663159,6000,0.206999999999997,10,22.9591836734694,561.953469387755,0.428571428571429,0.969464830390979,0.753107469663159,22,548.469387755102,990.061224489796
"distance",20,100,0.4,6,636906568,"outputs/wcrit/01_distance_sensitivity/designs/distance_m20_n100_lambda040_rep06.rds",0.813745179283988,6000,1.082,54,95.959595959596,9526.75555555556,0.563829787234043,0.980355440650618,0.813745179283988,95,9356.06060606061,18045.2323232323
"distance",5,5,0.5,6,776769826,"outputs/wcrit/01_distance_sensitivity/designs/distance_m05_n005_lambda050_rep06.rds",0.778023758099352,6000,0.0169999999999995,4,6,40.2,0.75,0.806047516198704,0.778023758099352,5,36.4583333333333,55.75
"distance",10,10,0.5,6,329149300,"outputs/wcrit/01_distance_sensitivity/designs/distance_m10_n010_lambda050_rep06.rds",0.845852010654193,6000,0.0380000000000038,19,25,678.066666666667,0.857142857142857,0.83456116416553,0.845852010654193,22,597.222222222222,1085.88888888889
"distance",20,20,0.5,6,2057914069,"outputs/wcrit/01_distance_sensitivity/designs/distance_m20_n020_lambda050_rep06.rds",0.843937624469838,6000,0.138000000000002,74,100,10554.7789473684,0.776595744680851,0.911279504258825,0.843937624469838,95,9750,18820.9473684211
"distance",5,10,0.5,6,2052540365,"outputs/wcrit/01_distance_sensitivity/designs/distance_m05_n010_lambda050_rep06.rds",0.826833740831296,6000,0.0230000000000032,4,5.55555555555556,33.8666666666667,0.75,0.903667481662591,0.826833740831296,5,32.4074074074074,47.5555555555556
"distance",10,20,0.5,6,190680298,"outputs/wcrit/01_distance_sensitivity/designs/distance_m10_n020_lambda050_rep06.rds",0.772959730516001,6000,0.0670000000000002,14,23.6842105263158,599.305263157895,0.619047619047619,0.926871841984382,0.772959730516001,22,565.789473684211,1024.10526315789
"distance",20,40,0.5,6,1780976065,"outputs/wcrit/01_distance_sensitivity/designs/distance_m20_n040_lambda050_rep06.rds",0.812675955292689,6000,0.327999999999999,64,97.4358974358974,9896.06153846154,0.670212765957447,0.955139144627931,0.812675955292689,95,9500,18328.6666666667
"distance",5,15,0.5,6,30915698,"outputs/wcrit/01_distance_sensitivity/designs/distance_m05_n015_lambda050_rep06.rds",0.607011935208866,6000,0.0330000000000013,2,5.33333333333333,31.752380952381,0.25,0.964023870417732,0.607011935208866,5,31.25,45.2142857142857
"distance",10,30,0.5,6,52211296,"outputs/wcrit/01_distance_sensitivity/designs/distance_m10_n030_lambda050_rep06.rds",0.755402409850098,6000,0.107999999999997,13,23.2758620689655,583.248275862069,0.571428571428571,0.939376248271624,0.755402409850098,22,556.034482758621,1004.93103448276
"distance",20,60,0.5,6,1504038061,"outputs/wcrit/01_distance_sensitivity/designs/distance_m20_n060_lambda050_rep06.rds",0.79329613269893,6000,0.545999999999996,59,96.6101694915254,9685.76497175141,0.617021276595745,0.969570988802116,0.79329613269893,95,9419.49152542373,18170.1355932203
"distance",5,20,0.5,6,1914071363,"outputs/wcrit/01_distance_sensitivity/designs/distance_m05_n020_lambda050_rep06.rds",0.602486910994764,6000,0.0349999999999966,2,5.26315789473684,31.3052631578947,0.25,0.954973821989529,0.602486910994764,5,30.7017543859649,44.1052631578947
"distance",10,40,0.5,6,2061225923,"outputs/wcrit/01_distance_sensitivity/designs/distance_m10_n040_lambda050_rep06.rds",0.715969199314075,6000,0.160999999999998,11,23.0769230769231,570.94358974359,0.476190476190476,0.955747922437673,0.715969199314075,22,551.282051282051,995.589743589744
"distance",20,80,0.5,6,1227100057,"outputs/wcrit/01_distance_sensitivity/designs/distance_m20_n080_lambda050_rep06.rds",0.785891368173847,6000,0.757999999999999,57,96.2025316455696,9588.50632911392,0.595744680851064,0.976038055496631,0.785891368173847,95,9379.74683544304,18091.8734177215
"distance",5,25,0.5,6,2039930325,"outputs/wcrit/01_distance_sensitivity/designs/distance_m05_n025_lambda050_rep06.rds",0.598818374933616,6000,0.0500000000000007,2,5.2,31.0666666666667,0.25,0.947636749867233,0.598818374933616,5,30.3819444444444,43.4583333333333
"distance",10,50,0.5,6,1922756921,"outputs/wcrit/01_distance_sensitivity/designs/distance_m10_n050_lambda050_rep06.rds",0.72148187271951,6000,0.214000000000002,11,22.9591836734694,563.142040816327,0.476190476190476,0.966773269248544,0.72148187271951,22,548.469387755102,990.061224489796
"distance",20,100,0.5,6,636923729,"outputs/wcrit/01_distance_sensitivity/designs/distance_m20_n100_lambda050_rep06.rds",0.767043393443737,6000,1.081,53,95.959595959596,9522.06464646465,0.553191489361702,0.980895297525772,0.767043393443737,95,9356.06060606061,18045.2323232323
"distance",5,5,0.6,6,776786987,"outputs/wcrit/01_distance_sensitivity/designs/distance_m05_n005_lambda060_rep06.rds",0.772419006479482,6000,0.0129999999999981,4,6,40.2,0.75,0.806047516198704,0.772419006479482,5,36.4583333333333,55.75
"distance",10,10,0.6,6,329166461,"outputs/wcrit/01_distance_sensitivity/designs/distance_m10_n010_lambda060_rep06.rds",0.848983304099266,6000,0.0289999999999964,19,25,677,0.857142857142857,0.836743974533879,0.848983304099266,22,597.222222222222,1085.88888888889
"distance",20,20,0.6,6,2057931230,"outputs/wcrit/01_distance_sensitivity/designs/distance_m20_n020_lambda060_rep06.rds",0.831416169857226,6000,0.140999999999998,74,100,10533.3052631579,0.776595744680851,0.913646807621789,0.831416169857226,95,9750,18820.9473684211
"distance",5,10,0.6,6,2052557526,"outputs/wcrit/01_distance_sensitivity/designs/distance_m05_n010_lambda060_rep06.rds",0.802078239608802,6000,0.022000000000002,4,5.55555555555556,34.2222222222222,0.75,0.880195599022005,0.802078239608802,5,32.4074074074074,47.5555555555556
"distance",10,20,0.6,6,190697459,"outputs/wcrit/01_distance_sensitivity/designs/distance_m10_n020_lambda060_rep06.rds",0.767037207165824,6000,0.0760000000000005,15,23.6842105263158,603.557894736842,0.666666666666667,0.917593017914561,0.767037207165824,22,565.789473684211,1024.10526315789
"distance",20,40,0.6,6,1780993226,"outputs/wcrit/01_distance_sensitivity/designs/distance_m20_n040_lambda060_rep06.rds",0.783568769246341,6000,0.313000000000002,64,97.4358974358974,9909.62564102564,0.670212765957447,0.953602774179683,0.783568769246341,95,9500,18328.6666666667
"distance",5,15,0.6,6,30932859,"outputs/wcrit/01_distance_sensitivity/designs/distance_m05_n015_lambda060_rep06.rds",0.533427109974425,6000,0.0339999999999989,2,5.33333333333333,31.8285714285714,0.25,0.958567774936061,0.533427109974425,5,31.25,45.2142857142857
"distance",10,30,0.6,6,52228457,"outputs/wcrit/01_distance_sensitivity/designs/distance_m10_n030_lambda060_rep06.rds",0.720803576000995,6000,0.113,13,23.2758620689655,580.783908045977,0.571428571428571,0.94486608285963,0.720803576000995,22,556.034482758621,1004.93103448276
"distance",20,60,0.6,6,1504055222,"outputs/wcrit/01_distance_sensitivity/designs/distance_m20_n060_lambda060_rep06.rds",0.752515998547625,6000,0.613999999999997,58,96.6101694915254,9666.9988700565,0.606382978723404,0.971715528283955,0.752515998547625,95,9419.49152542373,18170.1355932203
"distance",5,20,0.6,6,1914088524,"outputs/wcrit/01_distance_sensitivity/designs/distance_m05_n020_lambda060_rep06.rds",0.531361256544503,6000,0.036999999999999,2,5.26315789473684,31.3263157894737,0.25,0.953403141361256,0.531361256544503,5,30.7017543859649,44.1052631578947
"distance",10,40,0.6,6,2061243084,"outputs/wcrit/01_distance_sensitivity/designs/distance_m10_n040_lambda060_rep06.rds",0.668290462999604,6000,0.161000000000001,11,23.0769230769231,570.635897435897,0.476190476190476,0.956440443213296,0.668290462999604,22,551.282051282051,995.589743589744
"distance",20,80,0.6,6,1227117218,"outputs/wcrit/01_distance_sensitivity/designs/distance_m20_n080_lambda060_rep06.rds",0.741303303937916,6000,0.783999999999999,56,96.2025316455696,9592.33417721519,0.585106382978723,0.975598685376705,0.741303303937916,95,9379.74683544304,18091.8734177215
"distance",5,25,0.6,6,2039947486,"outputs/wcrit/01_distance_sensitivity/designs/distance_m05_n025_lambda060_rep06.rds",0.533949017525226,6000,0.0519999999999996,2,5.2,30.9066666666667,0.25,0.959872543813064,0.533949017525226,5,30.3819444444444,43.4583333333333
"distance",10,50,0.6,6,1922774082,"outputs/wcrit/01_distance_sensitivity/designs/distance_m10_n050_lambda060_rep06.rds",0.673358245414813,6000,0.208999999999996,11,22.9591836734694,562.110204081633,0.476190476190476,0.969109899251317,0.673358245414813,22,548.469387755102,990.061224489796
"distance",20,100,0.6,6,636940890,"outputs/wcrit/01_distance_sensitivity/designs/distance_m20_n100_lambda060_rep06.rds",0.731151748289593,6000,1.074,54,95.959595959596,9511.29535353535,0.563829787234043,0.982134689872917,0.731151748289593,95,9356.06060606061,18045.2323232323
"distance",5,5,0.7,6,776804148,"outputs/wcrit/01_distance_sensitivity/designs/distance_m05_n005_lambda070_rep06.rds",0.766814254859611,6000,0.0120000000000005,4,6,40.2,0.75,0.806047516198704,0.766814254859611,5,36.4583333333333,55.75
"distance",10,10,0.7,6,329183622,"outputs/wcrit/01_distance_sensitivity/designs/distance_m10_n010_lambda070_rep06.rds",0.883919963619827,6000,0.0360000000000014,20,25,677.711111111111,0.904761904761905,0.835288767621646,0.883919963619827,22,597.222222222222,1085.88888888889
"distance",20,20,0.7,6,2057948391,"outputs/wcrit/01_distance_sensitivity/designs/distance_m20_n020_lambda070_rep06.rds",0.808783297919252,6000,0.145000000000003,73,100,10578.0842105263,0.765957446808511,0.908710283844315,0.808783297919252,95,9750,18820.9473684211
"distance",5,10,0.7,6,2052574687,"outputs/wcrit/01_distance_sensitivity/designs/distance_m05_n010_lambda070_rep06.rds",0.789058679706601,6000,0.0240000000000009,4,5.55555555555556,34.2222222222222,0.75,0.880195599022005,0.789058679706601,5,32.4074074074074,47.5555555555556
"distance",10,20,0.7,6,190714620,"outputs/wcrit/01_distance_sensitivity/designs/distance_m10_n020_lambda070_rep06.rds",0.710430255703568,6000,0.0679999999999978,14,23.6842105263158,600.778947368421,0.619047619047619,0.923656407900781,0.710430255703568,22,565.789473684211,1024.10526315789
"distance",20,40,0.7,6,1781010387,"outputs/wcrit/01_distance_sensitivity/designs/distance_m20_n040_lambda070_rep06.rds",0.762998082055023,6000,0.327000000000002,65,97.4358974358974,9900.1641025641,0.680851063829787,0.954674457913905,0.762998082055023,95,9500,18328.6666666667
"distance",5,15,0.7,6,30950020,"outputs/wcrit/01_distance_sensitivity/designs/distance_m05_n015_lambda070_rep06.rds",0.463797953964194,6000,0.0330000000000013,2,5.33333333333333,31.7714285714286,0.25,0.962659846547315,0.463797953964194,5,31.25,45.2142857142857
"distance",10,30,0.7,6,52245618,"outputs/wcrit/01_distance_sensitivity/designs/distance_m10_n030_lambda070_rep06.rds",0.650790187944897,6000,0.112000000000002,12,23.2758620689655,579.790804597701,0.523809523809524,0.947078404260767,0.650790187944897,22,556.034482758621,1004.93103448276
"distance",20,60,0.7,6,1504072383,"outputs/wcrit/01_distance_sensitivity/designs/distance_m20_n060_lambda070_rep06.rds",0.723024196951594,6000,0.598999999999997,59,96.6101694915254,9678.82259887006,0.617021276595745,0.970364344448577,0.723024196951594,95,9419.49152542373,18170.1355932203
"distance",5,20,0.7,6,1914105685,"outputs/wcrit/01_distance_sensitivity/designs/distance_m05_n020_lambda070_rep06.rds",0.459607329842932,6000,0.0330000000000013,2,5.26315789473684,31.3894736842105,0.25,0.94869109947644,0.459607329842932,5,30.7017543859649,44.1052631578947
"distance",10,40,0.7,6,2061260245,"outputs/wcrit/01_distance_sensitivity/designs/distance_m10_n040_lambda070_rep06.rds",0.655655586334257,6000,0.157999999999994,12,23.0769230769231,567.589743589744,0.523809523809524,0.963296398891967,0.655655586334257,22,551.282051282051,995.589743589744
"distance",20,80,0.7,6,1227134379,"outputs/wcrit/01_distance_sensitivity/designs/distance_m20_n080_lambda070_rep06.rds",0.694919897369016,6000,0.849000000000004,55,96.2025316455696,9589.06329113924,0.574468085106383,0.975974125981827,0.694919897369016,95,9379.74683544304,18091.8734177215
"distance",5,25,0.7,6,2039964647,"outputs/wcrit/01_distance_sensitivity/designs/distance_m05_n025_lambda070_rep06.rds",0.464185342538502,6000,0.137,2,5.2,30.8533333333333,0.25,0.963951141795008,0.464185342538502,5,30.3819444444444,43.4583333333333
"distance",10,50,0.7,6,1922791243,"outputs/wcrit/01_distance_sensitivity/designs/distance_m10_n050_lambda070_rep06.rds",0.590839449117294,6000,0.210000000000001,10,22.9591836734694,561.953469387755,0.428571428571429,0.969464830390979,0.590839449117294,22,548.469387755102,990.061224489796
"distance",20,100,0.7,6,636958051,"outputs/wcrit/01_distance_sensitivity/designs/distance_m20_n100_lambda070_rep06.rds",0.681287247052464,6000,1.139,53,95.959595959596,9528.30303030303,0.553191489361702,0.980177348330908,0.681287247052464,95,9356.06060606061,18045.2323232323
"distance",5,5,0.8,6,776821309,"outputs/wcrit/01_distance_sensitivity/designs/distance_m05_n005_lambda080_rep06.rds",0.761209503239741,6000,0.0920000000000059,4,6,40.2,0.75,0.806047516198704,0.761209503239741,5,36.4583333333333,55.75
"distance",10,10,0.8,6,329200783,"outputs/wcrit/01_distance_sensitivity/designs/distance_m10_n010_lambda080_rep06.rds",0.891231079061911,6000,0.0359999999999943,20,25,676.822222222222,0.904761904761905,0.837107776261937,0.891231079061911,22,597.222222222222,1085.88888888889
"distance",20,20,0.8,6,2057965552,"outputs/wcrit/01_distance_sensitivity/designs/distance_m20_n020_lambda080_rep06.rds",0.795131404101252,6000,0.137,73,100,10549.8105263158,0.765957446808511,0.911827233272217,0.795131404101252,95,9750,18820.9473684211
"distance",5,10,0.8,6,2052591848,"outputs/wcrit/01_distance_sensitivity/designs/distance_m05_n010_lambda080_rep06.rds",0.780733496332518,6000,0.0169999999999959,4,5.55555555555556,33.8666666666667,0.75,0.903667481662591,0.780733496332518,5,32.4074074074074,47.5555555555556
"distance",10,20,0.8,6,190731781,"outputs/wcrit/01_distance_sensitivity/designs/distance_m10_n020_lambda080_rep06.rds",0.717531771551064,6000,0.0690000000000026,15,23.6842105263158,602,0.666666666666667,0.920992191088654,0.717531771551064,22,565.789473684211,1024.10526315789
"distance",20,40,0.8,6,1781027548,"outputs/wcrit/01_distance_sensitivity/designs/distance_m20_n040_lambda080_rep06.rds",0.709893306200243,6000,0.313000000000002,62,97.4358974358974,9908.57435897436,0.648936170212766,0.953721850150152,0.709893306200243,95,9500,18328.6666666667
"distance",5,15,0.8,6,30967181,"outputs/wcrit/01_distance_sensitivity/designs/distance_m05_n015_lambda080_rep06.rds",0.391986359761296,6000,0.0330000000000013,2,5.33333333333333,31.8095238095238,0.25,0.959931798806479,0.391986359761296,5,31.25,45.2142857142857
"distance",10,30,0.8,6,52262779,"outputs/wcrit/01_distance_sensitivity/designs/distance_m10_n030_lambda080_rep06.rds",0.609143383886048,6000,0.113999999999997,12,23.2758620689655,578.264367816092,0.523809523809524,0.950478824192144,0.609143383886048,22,556.034482758621,1004.93103448276
"distance",20,60,0.8,6,1504089544,"outputs/wcrit/01_distance_sensitivity/designs/distance_m20_n060_lambda080_rep06.rds",0.695758397973708,6000,0.525999999999996,60,96.6101694915254,9698.16723163842,0.627659574468085,0.968153691996199,0.695758397973708,95,9419.49152542373,18170.1355932203
"distance",5,20,0.8,6,1914122846,"outputs/wcrit/01_distance_sensitivity/designs/distance_m05_n020_lambda080_rep06.rds",0.390680628272251,6000,0.0320000000000036,2,5.26315789473684,31.3263157894737,0.25,0.953403141361256,0.390680628272251,5,30.7017543859649,44.1052631578947
"distance",10,40,0.8,6,2061277406,"outputs/wcrit/01_distance_sensitivity/designs/distance_m10_n040_lambda080_rep06.rds",0.572729850943147,6000,0.162999999999997,11,23.0769230769231,569.548717948718,0.476190476190476,0.958887349953832,0.572729850943147,22,551.282051282051,995.589743589744
"distance",20,80,0.8,6,1227151540,"outputs/wcrit/01_distance_sensitivity/designs/distance_m20_n080_lambda080_rep06.rds",0.654817414770797,6000,0.850999999999999,55,96.2025316455696,9586.96708860759,0.574468085106383,0.976214733428453,0.654817414770797,95,9379.74683544304,18091.8734177215
"distance",5,25,0.8,6,2039981808,"outputs/wcrit/01_distance_sensitivity/designs/distance_m05_n025_lambda080_rep06.rds",0.394931492299522,6000,0.054000000000002,2,5.2,30.7133333333333,0.25,0.97465746149761,0.394931492299522,5,30.3819444444444,43.4583333333333
"distance",10,50,0.8,6,1922808404,"outputs/wcrit/01_distance_sensitivity/designs/distance_m10_n050_lambda080_rep06.rds",0.535670526718868,6000,0.222999999999999,10,22.9591836734694,564.337142857143,0.428571428571429,0.964066919308624,0.535670526718868,22,548.469387755102,990.061224489796
"distance",20,100,0.8,6,636975212,"outputs/wcrit/01_distance_sensitivity/designs/distance_m20_n100_lambda080_rep06.rds",0.647574559500752,6000,1.161,54,95.959595959596,9507.65494949495,0.563829787234043,0.982553648567589,0.647574559500752,95,9356.06060606061,18045.2323232323
"distance",5,5,0.9,6,776838470,"outputs/wcrit/01_distance_sensitivity/designs/distance_m05_n005_lambda090_rep06.rds",0.75560475161987,6000,0.0120000000000005,4,6,40.2,0.75,0.806047516198704,0.75560475161987,5,36.4583333333333,55.75
"distance",10,10,0.9,6,329217944,"outputs/wcrit/01_distance_sensitivity/designs/distance_m10_n010_lambda090_rep06.rds",0.897669070356656,6000,0.0320000000000036,20,25,678.422222222222,0.904761904761905,0.833833560709413,0.897669070356656,22,597.222222222222,1085.88888888889
"distance",20,20,0.9,6,2057982713,"outputs/wcrit/01_distance_sensitivity/designs/distance_m20_n020_lambda090_rep06.rds",0.780593860319225,6000,0.145000000000003,73,100,10545.3263157895,0.765957446808511,0.912321581915659,0.780593860319225,95,9750,18820.9473684211
"distance",5,10,0.9,6,2052609009,"outputs/wcrit/01_distance_sensitivity/designs/distance_m05_n010_lambda090_rep06.rds",0.7630195599022,6000,0.0159999999999982,4,5.55555555555556,34.2222222222222,0.75,0.880195599022005,0.7630195599022,5,32.4074074074074,47.5555555555556
"distance",10,20,0.9,6,190748942,"outputs/wcrit/01_distance_sensitivity/designs/distance_m10_n020_lambda090_rep06.rds",0.692714745062012,6000,0.0720000000000027,15,23.6842105263158,599.178947368421,0.666666666666667,0.927147450620119,0.692714745062012,22,565.789473684211,1024.10526315789
"distance",20,40,0.9,6,1781044709,"outputs/wcrit/01_distance_sensitivity/designs/distance_m20_n040_lambda090_rep06.rds",0.698477474991266,6000,0.308,64,97.4358974358974,9916.18461538461,0.670212765957447,0.952859856295634,0.698477474991266,95,9500,18328.6666666667
"distance",5,15,0.9,6,30984342,"outputs/wcrit/01_distance_sensitivity/designs/distance_m05_n015_lambda090_rep06.rds",0.320583972719523,6000,0.0279999999999987,2,5.33333333333333,31.8666666666667,0.25,0.955839727195226,0.320583972719523,5,31.25,45.2142857142857
"distance",10,30,0.9,6,52279940,"outputs/wcrit/01_distance_sensitivity/designs/distance_m10_n030_lambda090_rep06.rds",0.608641222044202,6000,0.114000000000004,13,23.2758620689655,581.372413793103,0.571428571428571,0.943555077584883,0.608641222044202,22,556.034482758621,1004.93103448276
"distance",20,60,0.9,6,1504106705,"outputs/wcrit/01_distance_sensitivity/designs/distance_m20_n060_lambda090_rep06.rds",0.661887181336801,6000,0.536000000000001,60,96.6101694915254,9682.57401129944,0.627659574468085,0.969935643155242,0.661887181336801,95,9419.49152542373,18170.1355932203
"distance",5,20,0.9,6,1914140007,"outputs/wcrit/01_distance_sensitivity/designs/distance_m05_n020_lambda090_rep06.rds",0.319869109947644,6000,0.036999999999999,2,5.26315789473684,31.3894736842105,0.25,0.94869109947644,0.319869109947644,5,30.7017543859649,44.1052631578947
"distance",10,40,0.9,6,2061294567,"outputs/wcrit/01_distance_sensitivity/designs/distance_m10_n040_lambda090_rep06.rds",0.524589434111595,6000,0.156999999999996,11,23.0769230769231,568.974358974359,0.476190476190476,0.960180055401662,0.524589434111595,22,551.282051282051,995.589743589744
"distance",20,80,0.9,6,1227168701,"outputs/wcrit/01_distance_sensitivity/designs/distance_m20_n080_lambda090_rep06.rds",0.643392714001423,6000,0.788000000000004,58,96.2025316455696,9584.65316455696,0.606382978723404,0.976480331503593,0.643392714001423,95,9379.74683544304,18091.8734177215
"distance",5,25,0.9,6,2039998969,"outputs/wcrit/01_distance_sensitivity/designs/distance_m05_n025_lambda090_rep06.rds",0.321446096654275,6000,0.0519999999999996,2,5.2,30.8466666666667,0.25,0.964460966542751,0.321446096654275,5,30.3819444444444,43.4583333333333
"distance",10,50,0.9,6,1922825565,"outputs/wcrit/01_distance_sensitivity/designs/distance_m10_n050_lambda090_rep06.rds",0.524371779805369,6000,0.214000000000006,11,22.9591836734694,567.014693877551,0.476190476190476,0.958003512339403,0.524371779805369,22,548.469387755102,990.061224489796
"distance",20,100,0.9,6,636992373,"outputs/wcrit/01_distance_sensitivity/designs/distance_m20_n100_lambda090_rep06.rds",0.595872889117274,6000,1.088,53,95.959595959596,9529.79636363636,0.553191489361702,0.980005486917422,0.595872889117274,95,9356.06060606061,18045.2323232323
"distance",5,5,1,6,751147566,"outputs/wcrit/01_distance_sensitivity/designs/distance_m05_n005_lambda100_rep06.rds",0.75,6000,0.0120000000000005,4,6,40.8,0.75,0.774946004319655,0.75,5,36.4583333333333,55.75
"distance",10,10,1,6,2126507099,"outputs/wcrit/01_distance_sensitivity/designs/distance_m10_n010_lambda100_rep06.rds",0.857142857142857,6000,0.0360000000000014,19,25,680.2,0.857142857142857,0.830195543428831,0.857142857142857,22,597.222222222222,1085.88888888889
"distance",20,20,1,6,1091721198,"outputs/wcrit/01_distance_sensitivity/designs/distance_m20_n020_lambda100_rep06.rds",0.787234042553192,6000,0.139000000000003,75,100,10576.1684210526,0.787234042553192,0.908921484438462,0.787234042553192,95,9750,18820.9473684211
"distance",5,10,1,6,1324601663,"outputs/wcrit/01_distance_sensitivity/designs/distance_m05_n010_lambda100_rep06.rds",0.75,6000,0.017000000000003,4,5.55555555555556,34.2222222222222,0.75,0.880195599022005,0.75,5,32.4074074074074,47.5555555555556
"distance",10,20,1,6,2051291428,"outputs/wcrit/01_distance_sensitivity/designs/distance_m10_n020_lambda100_rep06.rds",0.666666666666667,6000,0.0750000000000028,15,23.6842105263158,605.915789473684,0.666666666666667,0.912448323380799,0.666666666666667,22,565.789473684211,1024.10526315789
"distance",20,40,1,6,941289856,"outputs/wcrit/01_distance_sensitivity/designs/distance_m20_n040_lambda100_rep06.rds",0.659574468085106,6000,0.317,63,97.4358974358974,9916.9282051282,0.659574468085106,0.952775631828717,0.659574468085106,95,9500,18328.6666666667
"distance",5,15,1,6,649617639,"outputs/wcrit/01_distance_sensitivity/designs/distance_m05_n015_lambda100_rep06.rds",0.25,6000,0.0300000000000011,2,5.33333333333333,32.4190476190476,0.25,0.916283034953112,0.25,5,31.25,45.2142857142857
"distance",10,30,1,6,1976075757,"outputs/wcrit/01_distance_sensitivity/designs/distance_m10_n030_lambda100_rep06.rds",0.523809523809524,6000,0.116,12,23.2758620689655,582.714942528736,0.523809523809524,0.940564346801864,0.523809523809524,22,556.034482758621,1004.93103448276
"distance",20,60,1,6,790858514,"outputs/wcrit/01_distance_sensitivity/designs/distance_m20_n060_lambda100_rep06.rds",0.617021276595745,6000,0.542999999999999,59,96.6101694915254,9702.14463276836,0.617021276595745,0.967699165323747,0.617021276595745,95,9419.49152542373,18170.1355932203
"distance",5,20,1,6,1249385992,"outputs/wcrit/01_distance_sensitivity/designs/distance_m05_n020_lambda100_rep06.rds",0.25,6000,0.0360000000000014,2,5.26315789473684,31.3894736842105,0.25,0.94869109947644,0.25,5,30.7017543859649,44.1052631578947
"distance",10,40,1,6,1900860086,"outputs/wcrit/01_distance_sensitivity/designs/distance_m10_n040_lambda100_rep06.rds",0.523809523809524,6000,0.166000000000004,12,23.0769230769231,568.451282051282,0.523809523809524,0.961357340720221,0.523809523809524,22,551.282051282051,995.589743589744
"distance",20,80,1,6,640427172,"outputs/wcrit/01_distance_sensitivity/designs/distance_m20_n080_lambda100_rep06.rds",0.574468085106383,6000,0.796999999999997,55,96.2025316455696,9601.5253164557,0.574468085106383,0.974543703088086,0.574468085106383,95,9379.74683544304,18091.8734177215
"distance",5,25,1,6,574401968,"outputs/wcrit/01_distance_sensitivity/designs/distance_m05_n025_lambda100_rep06.rds",0.25,6000,0.0510000000000019,2,5.2,31.2333333333333,0.25,0.934891131173659,0.25,5,30.3819444444444,43.4583333333333
"distance",10,50,1,6,1825644415,"outputs/wcrit/01_distance_sensitivity/designs/distance_m10_n050_lambda100_rep06.rds",0.476190476190476,6000,0.214000000000006,11,22.9591836734694,563.925714285714,0.476190476190476,0.964998613550236,0.476190476190476,22,548.469387755102,990.061224489796
"distance",20,100,1,6,1805046947,"outputs/wcrit/01_distance_sensitivity/designs/distance_m20_n100_lambda100_rep06.rds",0.553191489361702,6000,1.089,53,95.959595959596,9531.09252525252,0.553191489361702,0.979856317162427,0.553191489361702,95,9356.06060606061,18045.2323232323
"distance",5,5,0,7,751130406,"outputs/wcrit/01_distance_sensitivity/designs/distance_m05_n005_lambda000_rep07.rds",0.806047516198704,6000,0.0120000000000005,4,6,40.2,0.75,0.806047516198704,0.806047516198704,5,36.4583333333333,55.75
"distance",10,10,0,7,2126489939,"outputs/wcrit/01_distance_sensitivity/designs/distance_m10_n010_lambda000_rep07.rds",0.833105957253297,6000,0.0379999999999967,19,25,678.777777777778,0.857142857142857,0.833105957253297,0.833105957253297,22,597.222222222222,1085.88888888889
"distance",20,20,0,7,1091704038,"outputs/wcrit/01_distance_sensitivity/designs/distance_m20_n020_lambda000_rep07.rds",0.911458212453872,6000,0.131999999999998,68,100,10553.1578947368,0.712765957446808,0.911458212453872,0.911458212453872,95,9750,18820.9473684211
"distance",5,10,0,7,1324584503,"outputs/wcrit/01_distance_sensitivity/designs/distance_m05_n010_lambda000_rep07.rds",0.891931540342298,6000,0.017000000000003,3,5.55555555555556,34.0444444444444,0.5,0.891931540342298,0.891931540342298,5,32.4074074074074,47.5555555555556
"distance",10,20,0,7,2051274268,"outputs/wcrit/01_distance_sensitivity/designs/distance_m10_n020_lambda000_rep07.rds",0.923840146991272,6000,0.0730000000000004,12,23.6842105263158,600.694736842105,0.523809523809524,0.923840146991272,0.923840146991272,22,565.789473684211,1024.10526315789
"distance",20,40,0,7,941272696,"outputs/wcrit/01_distance_sensitivity/designs/distance_m20_n040_lambda000_rep07.rds",0.956851515169117,6000,0.319000000000003,59,97.4358974358974,9880.94358974359,0.617021276595745,0.956851515169117,0.956851515169117,95,9500,18328.6666666667
"distance",5,15,0,7,649600479,"outputs/wcrit/01_distance_sensitivity/designs/distance_m05_n015_lambda000_rep07.rds",0.970843989769821,6000,0.0339999999999989,2,5.33333333333333,31.6571428571429,0.25,0.970843989769821,0.970843989769821,5,31.25,45.2142857142857
"distance",10,30,0,7,1976058597,"outputs/wcrit/01_distance_sensitivity/designs/distance_m10_n030_lambda000_rep07.rds",0.949946228299278,6000,0.119,10,23.2758620689655,578.503448275862,0.428571428571429,0.949946228299278,0.949946228299278,22,556.034482758621,1004.93103448276
"distance",20,60,0,7,790841354,"outputs/wcrit/01_distance_sensitivity/designs/distance_m20_n060_lambda000_rep07.rds",0.971362237097641,6000,0.544999999999995,54,96.6101694915254,9670.09039548023,0.563829787234043,0.971362237097641,0.971362237097641,95,9419.49152542373,18170.1355932203
"distance",5,20,0,7,1249368832,"outputs/wcrit/01_distance_sensitivity/designs/distance_m05_n020_lambda000_rep07.rds",0.94869109947644,6000,0.0360000000000014,1,5.26315789473684,31.3894736842105,0,0.94869109947644,0.94869109947644,5,30.7017543859649,44.1052631578947
"distance",10,40,0,7,1900842926,"outputs/wcrit/01_distance_sensitivity/designs/distance_m10_n040_lambda000_rep07.rds",0.964242843951985,6000,0.156999999999996,10,23.0769230769231,567.169230769231,0.428571428571429,0.964242843951985,0.964242843951985,22,551.282051282051,995.589743589744
"distance",20,80,0,7,640410012,"outputs/wcrit/01_distance_sensitivity/designs/distance_m20_n080_lambda000_rep07.rds",0.97866657561554,6000,0.787999999999997,49,96.2025316455696,9565.60632911392,0.51063829787234,0.97866657561554,0.97866657561554,95,9379.74683544304,18091.8734177215
"distance",5,25,0,7,574384808,"outputs/wcrit/01_distance_sensitivity/designs/distance_m05_n025_lambda000_rep07.rds",0.972108337758895,6000,0.0499999999999972,2,5.2,30.7466666666667,0.25,0.972108337758895,0.972108337758895,5,30.3819444444444,43.4583333333333
"distance",10,50,0,7,1825627255,"outputs/wcrit/01_distance_sensitivity/designs/distance_m10_n050_lambda000_rep07.rds",0.97202329235604,6000,0.212000000000003,8,22.9591836734694,560.823673469388,0.333333333333333,0.97202329235604,0.97202329235604,22,548.469387755102,990.061224489796
"distance",20,100,0,7,1805029787,"outputs/wcrit/01_distance_sensitivity/designs/distance_m20_n100_lambda000_rep07.rds",0.982413406678229,6000,1.099,45,95.959595959596,9508.87353535354,0.468085106382979,0.982413406678229,0.982413406678229,95,9356.06060606061,18045.2323232323
"distance",5,5,0.1,7,776701183,"outputs/wcrit/01_distance_sensitivity/designs/distance_m05_n005_lambda010_rep07.rds",0.800442764578834,6000,0.0120000000000005,4,6,40.2,0.75,0.806047516198704,0.800442764578834,5,36.4583333333333,55.75
"distance",10,10,0.1,7,329080657,"outputs/wcrit/01_distance_sensitivity/designs/distance_m10_n010_lambda010_rep07.rds",0.837474176573767,6000,0.036999999999999,19,25,677.711111111111,0.857142857142857,0.835288767621646,0.837474176573767,22,597.222222222222,1085.88888888889
"distance",20,20,0.1,7,2057845426,"outputs/wcrit/01_distance_sensitivity/designs/distance_m20_n020_lambda010_rep07.rds",0.895856206813626,6000,0.137,71,100,10542.3157894737,0.74468085106383,0.912653468563604,0.895856206813626,95,9750,18820.9473684211
"distance",5,10,0.1,7,2052471722,"outputs/wcrit/01_distance_sensitivity/designs/distance_m05_n010_lambda010_rep07.rds",0.867176039119804,6000,0.0189999999999984,4,5.55555555555556,34.2222222222222,0.75,0.880195599022005,0.867176039119804,5,32.4074074074074,47.5555555555556
"distance",10,20,0.1,7,190611655,"outputs/wcrit/01_distance_sensitivity/designs/distance_m10_n020_lambda010_rep07.rds",0.896469147144388,6000,0.0749999999999957,15,23.6842105263158,601.536842105263,0.666666666666667,0.922002756086357,0.896469147144388,22,565.789473684211,1024.10526315789
"distance",20,40,0.1,7,1780907422,"outputs/wcrit/01_distance_sensitivity/designs/distance_m20_n040_lambda010_rep07.rds",0.9248257023165,6000,0.345000000000006,63,97.4358974358974,9903.48717948718,0.659574468085106,0.954298061675544,0.9248257023165,95,9500,18328.6666666667
"distance",5,15,0.1,7,30847055,"outputs/wcrit/01_distance_sensitivity/designs/distance_m05_n015_lambda010_rep07.rds",0.901662404092072,6000,0.0339999999999989,3,5.33333333333333,32,0.5,0.946291560102302,0.901662404092072,5,31.25,45.2142857142857
"distance",10,30,0.1,7,52142653,"outputs/wcrit/01_distance_sensitivity/designs/distance_m10_n030_lambda010_rep07.rds",0.907153611483002,6000,0.119,13,23.2758620689655,580.967816091954,0.571428571428571,0.944456393711272,0.907153611483002,22,556.034482758621,1004.93103448276
"distance",20,60,0.1,7,1503969418,"outputs/wcrit/01_distance_sensitivity/designs/distance_m20_n060_lambda010_rep07.rds",0.932792676823624,6000,0.555999999999997,58,96.6101694915254,9690.23276836158,0.606382978723404,0.969060421056981,0.932792676823624,95,9419.49152542373,18170.1355932203
"distance",5,20,0.1,7,1914002720,"outputs/wcrit/01_distance_sensitivity/designs/distance_m05_n020_lambda010_rep07.rds",0.888717277486911,6000,0.0390000000000015,2,5.26315789473684,31.2421052631579,0.25,0.959685863874345,0.888717277486911,5,30.7017543859649,44.1052631578947
"distance",10,40,0.1,7,2061157280,"outputs/wcrit/01_distance_sensitivity/designs/distance_m10_n040_lambda010_rep07.rds",0.915042870333729,6000,0.161000000000001,11,23.0769230769231,567.364102564103,0.476190476190476,0.963804247460757,0.915042870333729,22,551.282051282051,995.589743589744
"distance",20,80,0.1,7,1227031414,"outputs/wcrit/01_distance_sensitivity/designs/distance_m20_n080_lambda010_rep07.rds",0.936353773631276,6000,0.797999999999995,55,96.2025316455696,9583.93037974683,0.574468085106383,0.976563294578487,0.936353773631276,95,9379.74683544304,18091.8734177215
"distance",5,25,0.1,7,2039861682,"outputs/wcrit/01_distance_sensitivity/designs/distance_m05_n025_lambda010_rep07.rds",0.889344131704727,6000,0.0530000000000044,2,5.2,30.9,0.25,0.960382368560807,0.889344131704727,5,30.3819444444444,43.4583333333333
"distance",10,50,0.1,7,1922688278,"outputs/wcrit/01_distance_sensitivity/designs/distance_m10_n050_lambda010_rep07.rds",0.914776543910845,6000,0.205999999999996,10,22.9591836734694,562.247346938776,0.428571428571429,0.968799334504113,0.914776543910845,22,548.469387755102,990.061224489796
"distance",20,100,0.1,7,636855086,"outputs/wcrit/01_distance_sensitivity/designs/distance_m20_n100_lambda010_rep07.rds",0.938180641272838,6000,1.097,52,95.959595959596,9511.25575757576,0.542553191489362,0.982139246804336,0.938180641272838,95,9356.06060606061,18045.2323232323
"distance",5,5,0.2,7,776718344,"outputs/wcrit/01_distance_sensitivity/designs/distance_m05_n005_lambda020_rep07.rds",0.794838012958963,6000,0.0180000000000007,4,6,40.2,0.75,0.806047516198704,0.794838012958963,5,36.4583333333333,55.75
"distance",10,10,0.2,7,329097818,"outputs/wcrit/01_distance_sensitivity/designs/distance_m10_n010_lambda020_rep07.rds",0.837331254466316,6000,0.036999999999999,19,25,679.133333333333,0.857142857142857,0.832378353797181,0.837331254466316,22,597.222222222222,1085.88888888889
"distance",20,20,0.2,7,2057862587,"outputs/wcrit/01_distance_sensitivity/designs/distance_m20_n020_lambda020_rep07.rds",0.889439160451714,6000,0.136000000000003,76,100,10545.2421052632,0.797872340425532,0.912330865458259,0.889439160451714,95,9750,18820.9473684211
"distance",5,10,0.2,7,2052488883,"outputs/wcrit/01_distance_sensitivity/designs/distance_m05_n010_lambda020_rep07.rds",0.872933985330073,6000,0.0180000000000007,4,5.55555555555556,33.8666666666667,0.75,0.903667481662591,0.872933985330073,5,32.4074074074074,47.5555555555556
"distance",10,20,0.2,7,190628816,"outputs/wcrit/01_distance_sensitivity/designs/distance_m10_n020_lambda020_rep07.rds",0.858471903230746,6000,0.0769999999999982,14,23.6842105263158,603.221052631579,0.619047619047619,0.918327974276527,0.858471903230746,22,565.789473684211,1024.10526315789
"distance",20,40,0.2,7,1780924583,"outputs/wcrit/01_distance_sensitivity/designs/distance_m20_n040_lambda020_rep07.rds",0.898715210444378,6000,0.341000000000001,64,97.4358974358974,9889.86666666667,0.670212765957447,0.95584082156611,0.898715210444378,95,9500,18328.6666666667
"distance",5,15,0.2,7,30864216,"outputs/wcrit/01_distance_sensitivity/designs/distance_m05_n015_lambda020_rep07.rds",0.824492753623188,6000,0.0409999999999968,2,5.33333333333333,31.6952380952381,0.25,0.968115942028985,0.824492753623188,5,31.25,45.2142857142857
"distance",10,30,0.2,7,52159814,"outputs/wcrit/01_distance_sensitivity/designs/distance_m10_n030_lambda020_rep07.rds",0.863473432390317,6000,0.119,12,23.2758620689655,579.202298850575,0.523809523809524,0.948389409535515,0.863473432390317,22,556.034482758621,1004.93103448276
"distance",20,60,0.2,7,1503986579,"outputs/wcrit/01_distance_sensitivity/designs/distance_m20_n060_lambda020_rep07.rds",0.899136869673928,6000,0.543999999999997,59,96.6101694915254,9684.93559322034,0.617021276595745,0.969665767943473,0.899136869673928,95,9419.49152542373,18170.1355932203
"distance",5,20,0.2,7,1914019881,"outputs/wcrit/01_distance_sensitivity/designs/distance_m05_n020_lambda020_rep07.rds",0.819005235602094,6000,0.0379999999999967,2,5.26315789473684,31.2210526315789,0.25,0.961256544502618,0.819005235602094,5,30.7017543859649,44.1052631578947
"distance",10,40,0.2,7,2061174441,"outputs/wcrit/01_distance_sensitivity/designs/distance_m10_n040_lambda020_rep07.rds",0.863326737897375,6000,0.167999999999999,11,23.0769230769231,569.005128205128,0.476190476190476,0.9601108033241,0.863326737897375,22,551.282051282051,995.589743589744
"distance",20,80,0.2,7,1227048575,"outputs/wcrit/01_distance_sensitivity/designs/distance_m20_n080_lambda020_rep07.rds",0.900240561694362,6000,0.783000000000001,57,96.2025316455696,9585.66202531646,0.595744680851064,0.976364531905187,0.900240561694362,95,9379.74683544304,18091.8734177215
"distance",5,25,0.2,7,2039878843,"outputs/wcrit/01_distance_sensitivity/designs/distance_m05_n025_lambda020_rep07.rds",0.820753053637812,6000,0.0489999999999995,2,5.2,30.86,0.25,0.963441317047265,0.820753053637812,5,30.3819444444444,43.4583333333333
"distance",10,50,0.2,7,1922705439,"outputs/wcrit/01_distance_sensitivity/designs/distance_m10_n050_lambda020_rep07.rds",0.861510939748855,6000,0.212000000000003,10,22.9591836734694,561.829387755102,0.428571428571429,0.969745817543211,0.861510939748855,22,548.469387755102,990.061224489796
"distance",20,100,0.2,7,636872247,"outputs/wcrit/01_distance_sensitivity/designs/distance_m20_n100_lambda020_rep07.rds",0.896978663845577,6000,1.089,54,95.959595959596,9527.53373737374,0.563829787234043,0.980265882998461,0.896978663845577,95,9356.06060606061,18045.2323232323
"distance",5,5,0.3,7,776735505,"outputs/wcrit/01_distance_sensitivity/designs/distance_m05_n005_lambda030_rep07.rds",0.789233261339093,6000,0.0169999999999959,4,6,40.2,0.75,0.806047516198704,0.789233261339093,5,36.4583333333333,55.75
"distance",10,10,0.3,7,329114979,"outputs/wcrit/01_distance_sensitivity/designs/distance_m10_n010_lambda030_rep07.rds",0.857149353602287,6000,0.0289999999999964,20,25,677,0.904761904761905,0.836743974533879,0.857149353602287,22,597.222222222222,1085.88888888889
"distance",20,20,0.3,7,2057879748,"outputs/wcrit/01_distance_sensitivity/designs/distance_m20_n020_lambda030_rep07.rds",0.864701709406352,6000,0.135999999999996,73,100,10593.4105263158,0.765957446808511,0.907020679091141,0.864701709406352,95,9750,18820.9473684211
"distance",5,10,0.3,7,2052506044,"outputs/wcrit/01_distance_sensitivity/designs/distance_m05_n010_lambda030_rep07.rds",0.841136919315403,6000,0.019999999999996,4,5.55555555555556,34.2222222222222,0.75,0.880195599022005,0.841136919315403,5,32.4074074074074,47.5555555555556
"distance",10,20,0.3,7,190645977,"outputs/wcrit/01_distance_sensitivity/designs/distance_m10_n020_lambda030_rep07.rds",0.831437758383096,6000,0.0769999999999982,14,23.6842105263158,601.326315789474,0.619047619047619,0.922462103812586,0.831437758383096,22,565.789473684211,1024.10526315789
"distance",20,40,0.3,7,1780941744,"outputs/wcrit/01_distance_sensitivity/designs/distance_m20_n040_lambda030_rep07.rds",0.873511007204745,6000,0.32,65,97.4358974358974,9887.75897435897,0.680851063829787,0.956079554365441,0.873511007204745,95,9500,18328.6666666667
"distance",5,15,0.3,7,30881377,"outputs/wcrit/01_distance_sensitivity/designs/distance_m05_n015_lambda030_rep07.rds",0.739313725490196,6000,0.0339999999999989,2,5.33333333333333,31.9619047619048,0.25,0.949019607843137,0.739313725490196,5,31.25,45.2142857142857
"distance",10,30,0.3,7,52176975,"outputs/wcrit/01_distance_sensitivity/designs/distance_m10_n030_lambda030_rep07.rds",0.821732399827345,6000,0.116,12,23.2758620689655,578.742528735632,0.523809523809524,0.949413632406412,0.821732399827345,22,556.034482758621,1004.93103448276
"distance",20,60,0.3,7,1504003740,"outputs/wcrit/01_distance_sensitivity/designs/distance_m20_n060_lambda030_rep07.rds",0.865794127660454,6000,0.551000000000002,60,96.6101694915254,9700.80903954802,0.627659574468085,0.967851793314326,0.865794127660454,95,9419.49152542373,18170.1355932203
"distance",5,20,0.3,7,1914037042,"outputs/wcrit/01_distance_sensitivity/designs/distance_m05_n020_lambda030_rep07.rds",0.747879581151832,6000,0.036999999999999,2,5.26315789473684,31.2210526315789,0.25,0.961256544502618,0.747879581151832,5,30.7017543859649,44.1052631578947
"distance",10,40,0.3,7,2061191602,"outputs/wcrit/01_distance_sensitivity/designs/distance_m10_n040_lambda030_rep07.rds",0.814336828914391,6000,0.161999999999999,11,23.0769230769231,569.384615384615,0.476190476190476,0.959256694367498,0.814336828914391,22,551.282051282051,995.589743589744
"distance",20,80,0.3,7,1227065736,"outputs/wcrit/01_distance_sensitivity/designs/distance_m20_n080_lambda030_rep07.rds",0.858202730198343,6000,0.797000000000004,56,96.2025316455696,9595.42405063291,0.585106382978723,0.975244021863894,0.858202730198343,95,9379.74683544304,18091.8734177215
"distance",5,25,0.3,7,2039896004,"outputs/wcrit/01_distance_sensitivity/designs/distance_m05_n025_lambda030_rep07.rds",0.758687732342007,6000,0.0519999999999996,2,5.2,30.6866666666667,0.25,0.976696760488582,0.758687732342007,5,30.3819444444444,43.4583333333333
"distance",10,50,0.3,7,1922722600,"outputs/wcrit/01_distance_sensitivity/designs/distance_m10_n050_lambda030_rep07.rds",0.806979414522071,6000,0.212999999999994,10,22.9591836734694,562.090612244898,0.428571428571429,0.969154265643775,0.806979414522071,22,548.469387755102,990.061224489796
"distance",20,100,0.3,7,636889408,"outputs/wcrit/01_distance_sensitivity/designs/distance_m20_n100_lambda030_rep07.rds",0.856502865593575,6000,1.088,54,95.959595959596,9513.03757575758,0.563829787234043,0.981934184890517,0.856502865593575,95,9356.06060606061,18045.2323232323
"distance",5,5,0.4,7,776752666,"outputs/wcrit/01_distance_sensitivity/designs/distance_m05_n005_lambda040_rep07.rds",0.783628509719222,6000,0.0120000000000005,4,6,40.2,0.75,0.806047516198704,0.783628509719222,5,36.4583333333333,55.75
"distance",10,10,0.4,7,329132140,"outputs/wcrit/01_distance_sensitivity/designs/distance_m10_n010_lambda040_rep07.rds",0.843157279282791,6000,0.0289999999999964,19,25,678.422222222222,0.857142857142857,0.833833560709413,0.843157279282791,22,597.222222222222,1085.88888888889
"distance",20,20,0.4,7,2057896909,"outputs/wcrit/01_distance_sensitivity/designs/distance_m20_n020_lambda040_rep07.rds",0.86113215764838,6000,0.149000000000001,75,100,10562.7789473684,0.787234042553192,0.910397567711839,0.86113215764838,95,9750,18820.9473684211
"distance",5,10,0.4,7,2052523205,"outputs/wcrit/01_distance_sensitivity/designs/distance_m05_n010_lambda040_rep07.rds",0.828117359413203,6000,0.017000000000003,4,5.55555555555556,34.2222222222222,0.75,0.880195599022005,0.828117359413203,5,32.4074074074074,47.5555555555556
"distance",10,20,0.4,7,190663138,"outputs/wcrit/01_distance_sensitivity/designs/distance_m10_n020_lambda040_rep07.rds",0.80043484918083,6000,0.0719999999999956,14,23.6842105263158,601.831578947368,0.619047619047619,0.921359669269637,0.80043484918083,22,565.789473684211,1024.10526315789
"distance",20,40,0.4,7,1780958905,"outputs/wcrit/01_distance_sensitivity/designs/distance_m20_n040_lambda040_rep07.rds",0.840089242094733,6000,0.328000000000003,64,97.4358974358974,9911.94358974359,0.670212765957447,0.953340226186258,0.840089242094733,95,9500,18328.6666666667
"distance",5,15,0.4,7,30898538,"outputs/wcrit/01_distance_sensitivity/designs/distance_m05_n015_lambda040_rep07.rds",0.67923273657289,6000,0.0339999999999989,2,5.33333333333333,31.7333333333333,0.25,0.96538789428815,0.67923273657289,5,31.25,45.2142857142857
"distance",10,30,0.4,7,52194136,"outputs/wcrit/01_distance_sensitivity/designs/distance_m10_n030_lambda040_rep07.rds",0.777697108033565,6000,0.122000000000007,12,23.2758620689655,579.845977011494,0.523809523809524,0.94695549751626,0.777697108033565,22,556.034482758621,1004.93103448276
"distance",20,60,0.4,7,1504020901,"outputs/wcrit/01_distance_sensitivity/designs/distance_m20_n060_lambda040_rep07.rds",0.828852331141583,6000,0.551000000000002,59,96.6101694915254,9681.37175141243,0.617021276595745,0.970073034172142,0.828852331141583,95,9419.49152542373,18170.1355932203
"distance",5,20,0.4,7,1914054203,"outputs/wcrit/01_distance_sensitivity/designs/distance_m05_n020_lambda040_rep07.rds",0.669214659685864,6000,0.036999999999999,2,5.26315789473684,31.3894736842105,0.25,0.94869109947644,0.669214659685864,5,30.7017543859649,44.1052631578947
"distance",10,40,0.4,7,2061208763,"outputs/wcrit/01_distance_sensitivity/designs/distance_m10_n040_lambda040_rep07.rds",0.766888932858462,6000,0.165000000000006,11,23.0769230769231,568.748717948718,0.476190476190476,0.960687903970452,0.766888932858462,22,551.282051282051,995.589743589744
"distance",20,80,0.4,7,1227082897,"outputs/wcrit/01_distance_sensitivity/designs/distance_m20_n080_lambda040_rep07.rds",0.820386424239846,6000,0.811,56,96.2025316455696,9578.03670886076,0.585106382978723,0.977239785080595,0.820386424239846,95,9379.74683544304,18091.8734177215
"distance",5,25,0.4,7,2039913165,"outputs/wcrit/01_distance_sensitivity/designs/distance_m05_n025_lambda040_rep07.rds",0.677147105682422,6000,0.0559999999999974,2,5.2,30.88,0.25,0.961911842804036,0.677147105682422,5,30.3819444444444,43.4583333333333
"distance",10,50,0.4,7,1922739761,"outputs/wcrit/01_distance_sensitivity/designs/distance_m10_n050_lambda040_rep07.rds",0.750631824964018,6000,0.213999999999999,10,22.9591836734694,563.775510204082,0.428571428571429,0.965338755892411,0.750631824964018,22,548.469387755102,990.061224489796
"distance",20,100,0.4,7,636906569,"outputs/wcrit/01_distance_sensitivity/designs/distance_m20_n100_lambda040_rep07.rds",0.809068520676211,6000,1.11,53,95.959595959596,9532.85737373737,0.553191489361702,0.979653208219216,0.809068520676211,95,9356.06060606061,18045.2323232323
"distance",5,5,0.5,7,776769827,"outputs/wcrit/01_distance_sensitivity/designs/distance_m05_n005_lambda050_rep07.rds",0.778023758099352,6000,0.0210000000000008,4,6,40.2,0.75,0.806047516198704,0.778023758099352,5,36.4583333333333,55.75
"distance",10,10,0.5,7,329149301,"outputs/wcrit/01_distance_sensitivity/designs/distance_m10_n010_lambda050_rep07.rds",0.869843435327746,6000,0.0289999999999964,20,25,677.888888888889,0.904761904761905,0.834924965893588,0.869843435327746,22,597.222222222222,1085.88888888889
"distance",20,20,0.5,7,2057914070,"outputs/wcrit/01_distance_sensitivity/designs/distance_m20_n020_lambda050_rep07.rds",0.838647486604292,6000,0.146999999999998,73,100,10554.2526315789,0.765957446808511,0.911337526400074,0.838647486604292,95,9750,18820.9473684211
"distance",5,10,0.5,7,2052540366,"outputs/wcrit/01_distance_sensitivity/designs/distance_m05_n010_lambda050_rep07.rds",0.815097799511002,6000,0.017000000000003,4,5.55555555555556,34.2222222222222,0.75,0.880195599022005,0.815097799511002,5,32.4074074074074,47.5555555555556
"distance",10,20,0.5,7,190680299,"outputs/wcrit/01_distance_sensitivity/designs/distance_m10_n020_lambda050_rep07.rds",0.793691624559792,6000,0.0829999999999984,15,23.6842105263158,602.126315789474,0.666666666666667,0.920716582452917,0.793691624559792,22,565.789473684211,1024.10526315789
"distance",20,40,0.5,7,1780976066,"outputs/wcrit/01_distance_sensitivity/designs/distance_m20_n040_lambda050_rep07.rds",0.818674418118926,6000,0.32,65,97.4358974358974,9884.06666666667,0.680851063829787,0.956497772408065,0.818674418118926,95,9500,18328.6666666667
"distance",5,15,0.5,7,30915699,"outputs/wcrit/01_distance_sensitivity/designs/distance_m05_n015_lambda050_rep07.rds",0.601555839727195,6000,0.0319999999999965,2,5.33333333333333,31.9047619047619,0.25,0.95311167945439,0.601555839727195,5,31.25,45.2142857142857
"distance",10,30,0.5,7,52211297,"outputs/wcrit/01_distance_sensitivity/designs/distance_m10_n030_lambda050_rep07.rds",0.735546386322235,6000,0.119,12,23.2758620689655,579.698850574713,0.523809523809524,0.947283248834947,0.735546386322235,22,556.034482758621,1004.93103448276
"distance",20,60,0.5,7,1504038062,"outputs/wcrit/01_distance_sensitivity/designs/distance_m20_n060_lambda050_rep07.rds",0.79320406522238,6000,0.552,59,96.6101694915254,9687.37627118644,0.617021276595745,0.969386853849015,0.79320406522238,95,9419.49152542373,18170.1355932203
"distance",5,20,0.5,7,1914071364,"outputs/wcrit/01_distance_sensitivity/designs/distance_m05_n020_lambda050_rep07.rds",0.602486910994764,6000,0.0379999999999967,2,5.26315789473684,31.3052631578947,0.25,0.954973821989529,0.602486910994764,5,30.7017543859649,44.1052631578947
"distance",10,40,0.5,7,2061225924,"outputs/wcrit/01_distance_sensitivity/designs/distance_m10_n040_lambda050_rep07.rds",0.716523215934573,6000,0.165999999999997,11,23.0769230769231,570.451282051282,0.476190476190476,0.95685595567867,0.716523215934573,22,551.282051282051,995.589743589744
"distance",20,80,0.5,7,1227100058,"outputs/wcrit/01_distance_sensitivity/designs/distance_m20_n080_lambda050_rep07.rds",0.781244568850758,6000,0.802999999999997,56,96.2025316455696,9576.79113924051,0.585106382978723,0.977382754722793,0.781244568850758,95,9379.74683544304,18091.8734177215
"distance",5,25,0.5,7,2039930326,"outputs/wcrit/01_distance_sensitivity/designs/distance_m05_n025_lambda050_rep07.rds",0.608250132766861,6000,0.0519999999999996,2,5.2,30.82,0.25,0.966500265533723,0.608250132766861,5,30.3819444444444,43.4583333333333
"distance",10,50,0.5,7,1922756922,"outputs/wcrit/01_distance_sensitivity/designs/distance_m10_n050_lambda050_rep07.rds",0.698108618435821,6000,0.221000000000004,10,22.9591836734694,562.756734693878,0.428571428571429,0.967645808300213,0.698108618435821,22,548.469387755102,990.061224489796
"distance",20,100,0.5,7,636923730,"outputs/wcrit/01_distance_sensitivity/designs/distance_m20_n100_lambda050_rep07.rds",0.766927703184876,6000,1.109,53,95.959595959596,9524.07515151515,0.553191489361702,0.980663917008049,0.766927703184876,95,9356.06060606061,18045.2323232323
"distance",5,5,0.6,7,776786988,"outputs/wcrit/01_distance_sensitivity/designs/distance_m05_n005_lambda060_rep07.rds",0.772419006479482,6000,0.0110000000000028,4,6,40.2,0.75,0.806047516198704,0.772419006479482,5,36.4583333333333,55.75
"distance",10,10,0.6,7,329166462,"outputs/wcrit/01_distance_sensitivity/designs/distance_m10_n010_lambda060_rep07.rds",0.876245046449685,6000,0.0349999999999966,20,25,678.6,0.904761904761905,0.833469758981355,0.876245046449685,22,597.222222222222,1085.88888888889
"distance",20,20,0.6,7,2057931231,"outputs/wcrit/01_distance_sensitivity/designs/distance_m20_n020_lambda060_rep07.rds",0.829741418772212,6000,0.147000000000006,74,100,10571.2842105263,0.776595744680851,0.909459929909253,0.829741418772212,95,9750,18820.9473684211
"distance",5,10,0.6,7,2052557527,"outputs/wcrit/01_distance_sensitivity/designs/distance_m05_n010_lambda060_rep07.rds",0.802078239608802,6000,0.017000000000003,4,5.55555555555556,34.2222222222222,0.75,0.880195599022005,0.802078239608802,5,32.4074074074074,47.5555555555556
"distance",10,20,0.6,7,190697460,"outputs/wcrit/01_distance_sensitivity/designs/distance_m10_n020_lambda060_rep07.rds",0.768286632981167,6000,0.0739999999999981,15,23.6842105263158,602.126315789474,0.666666666666667,0.920716582452917,0.768286632981167,22,565.789473684211,1024.10526315789
"distance",20,40,0.6,7,1780993227,"outputs/wcrit/01_distance_sensitivity/designs/distance_m20_n040_lambda060_rep07.rds",0.796897229960478,6000,0.329999999999998,66,97.4358974358974,9897.21025641026,0.691489361702128,0.955009032348004,0.796897229960478,95,9500,18328.6666666667
"distance",5,15,0.6,7,30932860,"outputs/wcrit/01_distance_sensitivity/designs/distance_m05_n015_lambda060_rep07.rds",0.676334185848252,6000,0.0320000000000036,3,5.33333333333333,32.0761904761905,0.5,0.940835464620631,0.676334185848252,5,31.25,45.2142857142857
"distance",10,30,0.6,7,52228458,"outputs/wcrit/01_distance_sensitivity/designs/distance_m10_n030_lambda060_rep07.rds",0.6943953061329,6000,0.113,12,23.2758620689655,578.35632183908,0.523809523809524,0.950273979617965,0.6943953061329,22,556.034482758621,1004.93103448276
"distance",20,60,0.6,7,1504055223,"outputs/wcrit/01_distance_sensitivity/designs/distance_m20_n060_lambda060_rep07.rds",0.758381643276566,6000,0.545999999999999,59,96.6101694915254,9678.31638418079,0.617021276595745,0.970422193297798,0.758381643276566,95,9419.49152542373,18170.1355932203
"distance",5,20,0.6,7,1914088525,"outputs/wcrit/01_distance_sensitivity/designs/distance_m05_n020_lambda060_rep07.rds",0.531989528795812,6000,0.0309999999999988,2,5.26315789473684,31.3052631578947,0.25,0.954973821989529,0.531989528795812,5,30.7017543859649,44.1052631578947
"distance",10,40,0.6,7,2061243085,"outputs/wcrit/01_distance_sensitivity/designs/distance_m10_n040_lambda060_rep07.rds",0.696123202743701,6000,0.165999999999997,12,23.0769230769231,571.45641025641,0.523809523809524,0.954593721144968,0.696123202743701,22,551.282051282051,995.589743589744
"distance",20,80,0.6,7,1227117219,"outputs/wcrit/01_distance_sensitivity/designs/distance_m20_n080_lambda060_rep07.rds",0.741536239842766,6000,0.795999999999999,56,96.2025316455696,9587.26075949367,0.585106382978723,0.976181025138829,0.741536239842766,95,9379.74683544304,18091.8734177215
"distance",5,25,0.6,7,2039947487,"outputs/wcrit/01_distance_sensitivity/designs/distance_m05_n025_lambda060_rep07.rds",0.540270844397238,6000,0.0510000000000019,2,5.2,30.7,0.25,0.975677110993096,0.540270844397238,5,30.3819444444444,43.4583333333333
"distance",10,50,0.6,7,1922774083,"outputs/wcrit/01_distance_sensitivity/designs/distance_m10_n050_lambda060_rep07.rds",0.644911042742266,6000,0.213000000000001,10,22.9591836734694,561.97306122449,0.428571428571429,0.969420463998521,0.644911042742266,22,548.469387755102,990.061224489796
"distance",20,100,0.6,7,636940891,"outputs/wcrit/01_distance_sensitivity/designs/distance_m20_n100_lambda060_rep07.rds",0.724160372722561,6000,1.184,53,95.959595959596,9524.51151515151,0.553191489361702,0.980613697763849,0.724160372722561,95,9356.06060606061,18045.2323232323
"distance",5,5,0.7,7,776804149,"outputs/wcrit/01_distance_sensitivity/designs/distance_m05_n005_lambda070_rep07.rds",0.766814254859611,6000,0.0129999999999981,4,6,40.2,0.75,0.806047516198704,0.766814254859611,5,36.4583333333333,55.75
"distance",10,10,0.7,7,329183623,"outputs/wcrit/01_distance_sensitivity/designs/distance_m10_n010_lambda070_rep07.rds",0.850477489768076,6000,0.0380000000000038,19,25,677.888888888889,0.857142857142857,0.834924965893588,0.850477489768076,22,597.222222222222,1085.88888888889
"distance",20,20,0.7,7,2057948392,"outputs/wcrit/01_distance_sensitivity/designs/distance_m20_n020_lambda070_rep07.rds",0.824241586419165,6000,0.152000000000001,75,100,10561.0105263158,0.787234042553192,0.910592522106436,0.824241586419165,95,9750,18820.9473684211
"distance",5,10,0.7,7,2052574688,"outputs/wcrit/01_distance_sensitivity/designs/distance_m05_n010_lambda070_rep07.rds",0.789058679706601,6000,0.017000000000003,4,5.55555555555556,34.2222222222222,0.75,0.880195599022005,0.789058679706601,5,32.4074074074074,47.5555555555556
"distance",10,20,0.7,7,190714621,"outputs/wcrit/01_distance_sensitivity/designs/distance_m10_n020_lambda070_rep07.rds",0.741365793905987,6000,0.080999999999996,15,23.6842105263158,604.442105263158,0.666666666666667,0.9156637574644,0.741365793905987,22,565.789473684211,1024.10526315789
"distance",20,40,0.7,7,1781010388,"outputs/wcrit/01_distance_sensitivity/designs/distance_m20_n040_lambda070_rep07.rds",0.747363522068232,6000,0.328000000000003,63,97.4358974358974,9921.96923076923,0.659574468085106,0.952204648028857,0.747363522068232,95,9500,18328.6666666667
"distance",5,15,0.7,7,30950021,"outputs/wcrit/01_distance_sensitivity/designs/distance_m05_n015_lambda070_rep07.rds",0.466662404092072,6000,0.0339999999999989,2,5.33333333333333,31.6380952380952,0.25,0.972208013640239,0.466662404092072,5,31.25,45.2142857142857
"distance",10,30,0.7,7,52245619,"outputs/wcrit/01_distance_sensitivity/designs/distance_m10_n030_lambda070_rep07.rds",0.68460285758181,6000,0.116,13,23.2758620689655,579.073563218391,0.571428571428571,0.948676191939366,0.68460285758181,22,556.034482758621,1004.93103448276
"distance",20,60,0.7,7,1504072384,"outputs/wcrit/01_distance_sensitivity/designs/distance_m20_n060_lambda070_rep07.rds",0.723030395042582,6000,0.542000000000002,59,96.6101694915254,9678.6418079096,0.617021276595745,0.97038500475187,0.723030395042582,95,9419.49152542373,18170.1355932203
"distance",5,20,0.7,7,1914105686,"outputs/wcrit/01_distance_sensitivity/designs/distance_m05_n020_lambda070_rep07.rds",0.463376963350785,6000,0.0380000000000038,2,5.26315789473684,31.2210526315789,0.25,0.961256544502618,0.463376963350785,5,30.7017543859649,44.1052631578947
"distance",10,40,0.7,7,2061260246,"outputs/wcrit/01_distance_sensitivity/designs/distance_m10_n040_lambda070_rep07.rds",0.621234995383195,6000,0.163000000000004,11,23.0769230769231,569.2,0.476190476190476,0.959672206832871,0.621234995383195,22,551.282051282051,995.589743589744
"distance",20,80,0.7,7,1227134380,"outputs/wcrit/01_distance_sensitivity/designs/distance_m20_n080_lambda070_rep07.rds",0.702356898510906,6000,0.807000000000002,56,96.2025316455696,9589.34810126582,0.585106382978723,0.975941434752665,0.702356898510906,95,9379.74683544304,18091.8734177215
"distance",5,25,0.7,7,2039964648,"outputs/wcrit/01_distance_sensitivity/designs/distance_m05_n025_lambda070_rep07.rds",0.465408921933085,6000,0.0579999999999998,2,5.2,30.8,0.25,0.968029739776952,0.465408921933085,5,30.3819444444444,43.4583333333333
"distance",10,50,0.7,7,1922791244,"outputs/wcrit/01_distance_sensitivity/designs/distance_m10_n050_lambda070_rep07.rds",0.589162399482392,6000,0.213000000000001,10,22.9591836734694,564.422040816327,0.428571428571429,0.963874664941307,0.589162399482392,22,548.469387755102,990.061224489796
"distance",20,100,0.7,7,636958052,"outputs/wcrit/01_distance_sensitivity/designs/distance_m20_n100_lambda070_rep07.rds",0.689091477083908,6000,1.182,54,95.959595959596,9517.95070707071,0.563829787234043,0.981368753400261,0.689091477083908,95,9356.06060606061,18045.2323232323
"distance",5,5,0.8,7,776821310,"outputs/wcrit/01_distance_sensitivity/designs/distance_m05_n005_lambda080_rep07.rds",0.761209503239741,6000,0.0120000000000005,4,6,40.2,0.75,0.806047516198704,0.761209503239741,5,36.4583333333333,55.75
"distance",10,10,0.8,7,329200784,"outputs/wcrit/01_distance_sensitivity/designs/distance_m10_n010_lambda080_rep07.rds",0.852699278893003,6000,0.036999999999999,19,25,677.888888888889,0.857142857142857,0.834924965893588,0.852699278893003,22,597.222222222222,1085.88888888889
"distance",20,20,0.8,7,2057965553,"outputs/wcrit/01_distance_sensitivity/designs/distance_m20_n020_lambda080_rep07.rds",0.803013082387984,6000,0.138999999999996,74,100,10578.3368421053,0.776595744680851,0.908682433216515,0.803013082387984,95,9750,18820.9473684211
"distance",5,10,0.8,7,2052591849,"outputs/wcrit/01_distance_sensitivity/designs/distance_m05_n010_lambda080_rep07.rds",0.776039119804401,6000,0.0189999999999984,4,5.55555555555556,34.2222222222222,0.75,0.880195599022005,0.776039119804401,5,32.4074074074074,47.5555555555556
"distance",10,20,0.8,7,190731782,"outputs/wcrit/01_distance_sensitivity/designs/distance_m10_n020_lambda080_rep07.rds",0.680502220180677,6000,0.152999999999999,14,23.6842105263158,599.557894736842,0.619047619047619,0.926320624712908,0.680502220180677,22,565.789473684211,1024.10526315789
"distance",20,40,0.8,7,1781027549,"outputs/wcrit/01_distance_sensitivity/designs/distance_m20_n040_lambda080_rep07.rds",0.727048761084663,6000,0.396999999999998,64,97.4358974358974,9902.65128205128,0.670212765957447,0.954392741593527,0.727048761084663,95,9500,18328.6666666667
"distance",5,15,0.8,7,30967182,"outputs/wcrit/01_distance_sensitivity/designs/distance_m05_n015_lambda080_rep07.rds",0.392259164535379,6000,0.0360000000000014,2,5.33333333333333,31.7904761904762,0.25,0.961295822676897,0.392259164535379,5,31.25,45.2142857142857
"distance",10,30,0.8,7,52262780,"outputs/wcrit/01_distance_sensitivity/designs/distance_m10_n030_lambda080_rep07.rds",0.608823826350328,6000,0.116,12,23.2758620689655,578.981609195402,0.523809523809524,0.948881036513545,0.608823826350328,22,556.034482758621,1004.93103448276
"distance",20,60,0.8,7,1504089545,"outputs/wcrit/01_distance_sensitivity/designs/distance_m20_n060_lambda080_rep07.rds",0.687504567245771,6000,0.546999999999997,59,96.6101694915254,9686.93107344633,0.617021276595745,0.969437729845874,0.687504567245771,95,9419.49152542373,18170.1355932203
"distance",5,20,0.8,7,1914122847,"outputs/wcrit/01_distance_sensitivity/designs/distance_m05_n020_lambda080_rep07.rds",0.390680628272251,6000,0.0309999999999988,2,5.26315789473684,31.3263157894737,0.25,0.953403141361256,0.390680628272251,5,30.7017543859649,44.1052631578947
"distance",10,40,0.8,7,2061277407,"outputs/wcrit/01_distance_sensitivity/designs/distance_m10_n040_lambda080_rep07.rds",0.572789869410368,6000,0.160999999999994,11,23.0769230769231,569.415384615385,0.476190476190476,0.959187442289935,0.572789869410368,22,551.282051282051,995.589743589744
"distance",20,80,0.8,7,1227151541,"outputs/wcrit/01_distance_sensitivity/designs/distance_m20_n080_lambda080_rep07.rds",0.655162140149943,6000,0.889000000000003,55,96.2025316455696,9571.95063291139,0.574468085106383,0.977938360324181,0.655162140149943,95,9379.74683544304,18091.8734177215
"distance",5,25,0.8,7,2039981809,"outputs/wcrit/01_distance_sensitivity/designs/distance_m05_n025_lambda080_rep07.rds",0.391974508762613,6000,0.0549999999999997,2,5.2,30.9066666666667,0.25,0.959872543813064,0.391974508762613,5,30.3819444444444,43.4583333333333
"distance",10,50,0.8,7,1922808405,"outputs/wcrit/01_distance_sensitivity/designs/distance_m10_n050_lambda080_rep07.rds",0.574727036650689,6000,0.210999999999999,11,22.9591836734694,562.214693877551,0.476190476190476,0.968873278491543,0.574727036650689,22,548.469387755102,990.061224489796
"distance",20,100,0.8,7,636975213,"outputs/wcrit/01_distance_sensitivity/designs/distance_m20_n100_lambda080_rep07.rds",0.655234874395991,6000,1.183,55,95.959595959596,9544.59797979798,0.574468085106383,0.978302031554425,0.655234874395991,95,9356.06060606061,18045.2323232323
"distance",5,5,0.9,7,776838471,"outputs/wcrit/01_distance_sensitivity/designs/distance_m05_n005_lambda090_rep07.rds",0.75560475161987,6000,0.0120000000000005,4,6,40.2,0.75,0.806047516198704,0.75560475161987,5,36.4583333333333,55.75
"distance",10,10,0.9,7,329217945,"outputs/wcrit/01_distance_sensitivity/designs/distance_m10_n010_lambda090_rep07.rds",0.854775547326707,6000,0.0309999999999988,19,25,678.6,0.857142857142857,0.833469758981355,0.854775547326707,22,597.222222222222,1085.88888888889
"distance",20,20,0.9,7,2057982714,"outputs/wcrit/01_distance_sensitivity/designs/distance_m20_n020_lambda090_rep07.rds",0.779943780248671,6000,0.143999999999998,73,100,10604.2947368421,0.765957446808511,0.90582078121011,0.779943780248671,95,9750,18820.9473684211
"distance",5,10,0.9,7,2052609010,"outputs/wcrit/01_distance_sensitivity/designs/distance_m05_n010_lambda090_rep07.rds",0.7630195599022,6000,0.0249999999999986,4,5.55555555555556,34.2222222222222,0.75,0.880195599022005,0.7630195599022,5,32.4074074074074,47.5555555555556
"distance",10,20,0.9,7,190748943,"outputs/wcrit/01_distance_sensitivity/designs/distance_m10_n020_lambda090_rep07.rds",0.649067524115756,6000,0.0730000000000004,14,23.6842105263158,602.8,0.619047619047619,0.919246669728985,0.649067524115756,22,565.789473684211,1024.10526315789
"distance",20,40,0.9,7,1781044710,"outputs/wcrit/01_distance_sensitivity/designs/distance_m20_n040_lambda090_rep07.rds",0.708005648662487,6000,0.322000000000003,65,97.4358974358974,9920.27179487179,0.680851063829787,0.952396912156785,0.708005648662487,95,9500,18328.6666666667
"distance",5,15,0.9,7,30984343,"outputs/wcrit/01_distance_sensitivity/designs/distance_m05_n015_lambda090_rep07.rds",0.321265984654731,6000,0.0280000000000058,2,5.33333333333333,31.7714285714286,0.25,0.962659846547315,0.321265984654731,5,31.25,45.2142857142857
"distance",10,30,0.9,7,52279941,"outputs/wcrit/01_distance_sensitivity/designs/distance_m10_n030_lambda090_rep07.rds",0.609427825209051,6000,0.117000000000004,13,23.2758620689655,577.841379310345,0.571428571428571,0.951421109233369,0.609427825209051,22,556.034482758621,1004.93103448276
"distance",20,60,0.9,7,1504106706,"outputs/wcrit/01_distance_sensitivity/designs/distance_m20_n060_lambda090_rep07.rds",0.661651834656911,6000,0.554000000000002,60,96.6101694915254,9703.16836158192,0.627659574468085,0.967582176356349,0.661651834656911,95,9419.49152542373,18170.1355932203
"distance",5,20,0.9,7,1914140008,"outputs/wcrit/01_distance_sensitivity/designs/distance_m05_n020_lambda090_rep07.rds",0.321125654450262,6000,0.036999999999999,2,5.26315789473684,31.2210526315789,0.25,0.961256544502618,0.321125654450262,5,30.7017543859649,44.1052631578947
"distance",10,40,0.9,7,2061294568,"outputs/wcrit/01_distance_sensitivity/designs/distance_m10_n040_lambda090_rep07.rds",0.524958778525261,6000,0.167000000000002,11,23.0769230769231,567.333333333333,0.476190476190476,0.963873499538319,0.524958778525261,22,551.282051282051,995.589743589744
"distance",20,80,0.9,7,1227168702,"outputs/wcrit/01_distance_sensitivity/designs/distance_m20_n080_lambda090_rep07.rds",0.633709914447594,6000,0.877000000000002,57,96.2025316455696,9594.09113924051,0.595744680851064,0.975397016816368,0.633709914447594,95,9379.74683544304,18091.8734177215
"distance",5,25,0.9,7,2039998970,"outputs/wcrit/01_distance_sensitivity/designs/distance_m05_n025_lambda090_rep07.rds",0.321955921402018,6000,0.0560000000000045,2,5.2,30.78,0.25,0.96955921402018,0.321955921402018,5,30.3819444444444,43.4583333333333
"distance",10,50,0.9,7,1922825566,"outputs/wcrit/01_distance_sensitivity/designs/distance_m10_n050_lambda090_rep07.rds",0.525645095268905,6000,0.216999999999999,11,22.9591836734694,561.391836734694,0.476190476190476,0.970736666974767,0.525645095268905,22,548.469387755102,990.061224489796
"distance",20,100,0.9,7,636992374,"outputs/wcrit/01_distance_sensitivity/designs/distance_m20_n100_lambda090_rep07.rds",0.615288582472791,6000,1.107,55,95.959595959596,9506.61737373737,0.574468085106383,0.982673058770466,0.615288582472791,95,9356.06060606061,18045.2323232323
"distance",5,5,1,7,751147567,"outputs/wcrit/01_distance_sensitivity/designs/distance_m05_n005_lambda100_rep07.rds",0.75,6000,0.0120000000000005,4,6,40.8,0.75,0.774946004319655,0.75,5,36.4583333333333,55.75
"distance",10,10,1,7,2126507100,"outputs/wcrit/01_distance_sensitivity/designs/distance_m10_n010_lambda100_rep07.rds",0.904761904761905,6000,0.0390000000000015,20,25,676.466666666667,0.904761904761905,0.837835379718054,0.904761904761905,22,597.222222222222,1085.88888888889
"distance",20,20,1,7,1091721199,"outputs/wcrit/01_distance_sensitivity/designs/distance_m20_n020_lambda100_rep07.rds",0.765957446808511,6000,0.147999999999996,73,100,10605.2,0.765957446808511,0.905720983127161,0.765957446808511,95,9750,18820.9473684211
"distance",5,10,1,7,1324601664,"outputs/wcrit/01_distance_sensitivity/designs/distance_m05_n010_lambda100_rep07.rds",0.75,6000,0.0180000000000007,4,5.55555555555556,34.2222222222222,0.75,0.880195599022005,0.75,5,32.4074074074074,47.5555555555556
"distance",10,20,1,7,2051291429,"outputs/wcrit/01_distance_sensitivity/designs/distance_m10_n020_lambda100_rep07.rds",0.666666666666667,6000,0.0760000000000005,15,23.6842105263158,606.547368421053,0.666666666666667,0.911070280202113,0.666666666666667,22,565.789473684211,1024.10526315789
"distance",20,40,1,7,941289857,"outputs/wcrit/01_distance_sensitivity/designs/distance_m20_n040_lambda100_rep07.rds",0.659574468085106,6000,0.323999999999998,63,97.4358974358974,9910.09743589744,0.659574468085106,0.95354933520757,0.659574468085106,95,9500,18328.6666666667
"distance",5,15,1,7,649617640,"outputs/wcrit/01_distance_sensitivity/designs/distance_m05_n015_lambda100_rep07.rds",0.25,6000,0.0259999999999962,2,5.33333333333333,32.4761904761905,0.25,0.912190963341859,0.25,5,31.25,45.2142857142857
"distance",10,30,1,7,1976075758,"outputs/wcrit/01_distance_sensitivity/designs/distance_m10_n030_lambda100_rep07.rds",0.523809523809524,6000,0.117000000000004,12,23.2758620689655,581.188505747126,0.523809523809524,0.943964766733241,0.523809523809524,22,556.034482758621,1004.93103448276
"distance",20,60,1,7,790858515,"outputs/wcrit/01_distance_sensitivity/designs/distance_m20_n060_lambda100_rep07.rds",0.617021276595745,6000,0.549000000000007,59,96.6101694915254,9693.20677966102,0.617021276595745,0.968720559067807,0.617021276595745,95,9419.49152542373,18170.1355932203
"distance",5,20,1,7,1249385993,"outputs/wcrit/01_distance_sensitivity/designs/distance_m05_n020_lambda100_rep07.rds",0.25,6000,0.0300000000000011,2,5.26315789473684,31.7473684210526,0.25,0.921989528795812,0.25,5,30.7017543859649,44.1052631578947
"distance",10,40,1,7,1900860087,"outputs/wcrit/01_distance_sensitivity/designs/distance_m10_n040_lambda100_rep07.rds",0.476190476190476,6000,0.167999999999999,11,23.0769230769231,574.738461538462,0.476190476190476,0.947206832871653,0.476190476190476,22,551.282051282051,995.589743589744
"distance",20,80,1,7,640427173,"outputs/wcrit/01_distance_sensitivity/designs/distance_m20_n080_lambda100_rep07.rds",0.574468085106383,6000,0.890999999999998,55,96.2025316455696,9581.92911392405,0.574468085106383,0.976793004948726,0.574468085106383,95,9379.74683544304,18091.8734177215
"distance",5,25,1,7,574401969,"outputs/wcrit/01_distance_sensitivity/designs/distance_m05_n025_lambda100_rep07.rds",0.25,6000,0.0500000000000043,2,5.2,30.94,0.25,0.957323420074349,0.25,5,30.3819444444444,43.4583333333333
"distance",10,50,1,7,1825644416,"outputs/wcrit/01_distance_sensitivity/designs/distance_m10_n050_lambda100_rep07.rds",0.428571428571429,6000,0.217000000000006,10,22.9591836734694,566.067755102041,0.428571428571429,0.960147887974859,0.428571428571429,22,548.469387755102,990.061224489796
"distance",20,100,1,7,1805046948,"outputs/wcrit/01_distance_sensitivity/designs/distance_m20_n100_lambda100_rep07.rds",0.563829787234043,6000,1.136,54,95.959595959596,9527.73171717172,0.563829787234043,0.98024309834137,0.563829787234043,95,9356.06060606061,18045.2323232323
"distance",5,5,0,8,751130407,"outputs/wcrit/01_distance_sensitivity/designs/distance_m05_n005_lambda000_rep08.rds",0.806047516198704,6000,0.0120000000000005,4,6,40.2,0.75,0.806047516198704,0.806047516198704,5,36.4583333333333,55.75
"distance",10,10,0,8,2126489940,"outputs/wcrit/01_distance_sensitivity/designs/distance_m10_n010_lambda000_rep08.rds",0.832378353797181,6000,0.0300000000000011,19,25,679.133333333333,0.857142857142857,0.832378353797181,0.832378353797181,22,597.222222222222,1085.88888888889
"distance",20,20,0,8,1091704039,"outputs/wcrit/01_distance_sensitivity/designs/distance_m20_n020_lambda000_rep08.rds",0.911502309281222,6000,0.148000000000003,68,100,10552.7578947368,0.712765957446808,0.911502309281222,0.911502309281222,95,9750,18820.9473684211
"distance",5,10,0,8,1324584504,"outputs/wcrit/01_distance_sensitivity/designs/distance_m05_n010_lambda000_rep08.rds",0.891931540342298,6000,0.0180000000000007,3,5.55555555555556,34.0444444444444,0.5,0.891931540342298,0.891931540342298,5,32.4074074074074,47.5555555555556
"distance",10,20,0,8,2051274269,"outputs/wcrit/01_distance_sensitivity/designs/distance_m10_n020_lambda000_rep08.rds",0.923380799265044,6000,0.0670000000000002,14,23.6842105263158,600.905263157895,0.619047619047619,0.923380799265044,0.923380799265044,22,565.789473684211,1024.10526315789
"distance",20,40,0,8,941272697,"outputs/wcrit/01_distance_sensitivity/designs/distance_m20_n040_lambda000_rep08.rds",0.956625561254422,6000,0.334000000000003,52,97.4358974358974,9882.93846153846,0.542553191489362,0.956625561254422,0.956625561254422,95,9500,18328.6666666667
"distance",5,15,0,8,649600480,"outputs/wcrit/01_distance_sensitivity/designs/distance_m05_n015_lambda000_rep08.rds",0.949019607843137,6000,0.0259999999999962,2,5.33333333333333,31.9619047619048,0.25,0.949019607843137,0.949019607843137,5,31.25,45.2142857142857
"distance",10,30,0,8,1976058598,"outputs/wcrit/01_distance_sensitivity/designs/distance_m10_n030_lambda000_rep08.rds",0.94793875147232,6000,0.113,9,23.2758620689655,579.404597701149,0.380952380952381,0.94793875147232,0.94793875147232,22,556.034482758621,1004.93103448276
"distance",20,60,0,8,790841355,"outputs/wcrit/01_distance_sensitivity/designs/distance_m20_n060_lambda000_rep08.rds",0.972152493698607,6000,0.560000000000002,50,96.6101694915254,9663.17514124294,0.521276595744681,0.972152493698607,0.972152493698607,95,9419.49152542373,18170.1355932203
"distance",5,20,0,8,1249368833,"outputs/wcrit/01_distance_sensitivity/designs/distance_m05_n020_lambda000_rep08.rds",0.94869109947644,6000,0.0389999999999944,2,5.26315789473684,31.3894736842105,0.25,0.94869109947644,0.94869109947644,5,30.7017543859649,44.1052631578947
"distance",10,40,0,8,1900842927,"outputs/wcrit/01_distance_sensitivity/designs/distance_m10_n040_lambda000_rep08.rds",0.96308864265928,6000,0.161999999999999,10,23.0769230769231,567.682051282051,0.428571428571429,0.96308864265928,0.96308864265928,22,551.282051282051,995.589743589744
"distance",20,80,0,8,640410013,"outputs/wcrit/01_distance_sensitivity/designs/distance_m20_n080_lambda000_rep08.rds",0.978829450583938,6000,0.809000000000005,51,96.2025316455696,9564.18734177215,0.531914893617021,0.978829450583938,0.978829450583938,95,9379.74683544304,18091.8734177215
"distance",5,25,0,8,574384809,"outputs/wcrit/01_distance_sensitivity/designs/distance_m05_n025_lambda000_rep08.rds",0.971598513011152,6000,0.0559999999999974,1,5.2,30.7533333333333,0,0.971598513011152,0.971598513011152,5,30.3819444444444,43.4583333333333
"distance",10,50,0,8,1825627256,"outputs/wcrit/01_distance_sensitivity/designs/distance_m10_n050_lambda000_rep08.rds",0.968503558554395,6000,0.222000000000001,8,22.9591836734694,562.377959183674,0.333333333333333,0.968503558554395,0.968503558554395,22,548.469387755102,990.061224489796
"distance",20,100,0,8,1805029788,"outputs/wcrit/01_distance_sensitivity/designs/distance_m20_n100_lambda000_rep08.rds",0.982717977094445,6000,1.108,51,95.959595959596,9506.22707070707,0.531914893617021,0.982717977094445,0.982717977094445,95,9356.06060606061,18045.2323232323
"distance",5,5,0.1,8,776701184,"outputs/wcrit/01_distance_sensitivity/designs/distance_m05_n005_lambda010_rep08.rds",0.800442764578834,6000,0.0180000000000007,4,6,40.2,0.75,0.806047516198704,0.800442764578834,5,36.4583333333333,55.75
"distance",10,10,0.1,8,329080658,"outputs/wcrit/01_distance_sensitivity/designs/distance_m10_n010_lambda010_rep08.rds",0.834854804131748,6000,0.036999999999999,19,25,679.133333333333,0.857142857142857,0.832378353797181,0.834854804131748,22,597.222222222222,1085.88888888889
"distance",20,20,0.1,8,2057845427,"outputs/wcrit/01_distance_sensitivity/designs/distance_m20_n020_lambda010_rep08.rds",0.89633789428514,6000,0.136000000000003,73,100,10558.9052631579,0.765957446808511,0.910824610671432,0.89633789428514,95,9750,18820.9473684211
"distance",5,10,0.1,8,2052471723,"outputs/wcrit/01_distance_sensitivity/designs/distance_m05_n010_lambda010_rep08.rds",0.867176039119804,6000,0.0169999999999959,4,5.55555555555556,34.2222222222222,0.75,0.880195599022005,0.867176039119804,5,32.4074074074074,47.5555555555556
"distance",10,20,0.1,8,190611656,"outputs/wcrit/01_distance_sensitivity/designs/distance_m10_n020_lambda010_rep08.rds",0.892154340836013,6000,0.0739999999999981,13,23.6842105263158,598.884210526316,0.571428571428571,0.92779053743684,0.892154340836013,22,565.789473684211,1024.10526315789
"distance",20,40,0.1,8,1780907423,"outputs/wcrit/01_distance_sensitivity/designs/distance_m20_n040_lambda010_rep08.rds",0.924195761389799,6000,0.326000000000001,63,97.4358974358974,9909.66666666667,0.659574468085106,0.953598127312543,0.924195761389799,95,9500,18328.6666666667
"distance",5,15,0.1,8,30847056,"outputs/wcrit/01_distance_sensitivity/designs/distance_m05_n015_lambda010_rep08.rds",0.891393861892583,6000,0.0300000000000011,2,5.33333333333333,31.7714285714286,0.25,0.962659846547315,0.891393861892583,5,31.25,45.2142857142857
"distance",10,30,0.1,8,52142654,"outputs/wcrit/01_distance_sensitivity/designs/distance_m10_n030_lambda010_rep08.rds",0.907258813803598,6000,0.119,12,23.2758620689655,578.540229885057,0.523809523809524,0.949864290469606,0.907258813803598,22,556.034482758621,1004.93103448276
"distance",20,60,0.1,8,1503969419,"outputs/wcrit/01_distance_sensitivity/designs/distance_m20_n060_lambda010_rep08.rds",0.932584416021142,6000,0.543999999999997,57,96.6101694915254,9681.91412429379,0.595744680851064,0.970011053262262,0.932584416021142,95,9419.49152542373,18170.1355932203
"distance",5,20,0.1,8,1914002721,"outputs/wcrit/01_distance_sensitivity/designs/distance_m05_n020_lambda010_rep08.rds",0.883062827225131,6000,0.0360000000000014,2,5.26315789473684,31.3263157894737,0.25,0.953403141361256,0.883062827225131,5,30.7017543859649,44.1052631578947
"distance",10,40,0.1,8,2061157281,"outputs/wcrit/01_distance_sensitivity/designs/distance_m10_n040_lambda010_rep08.rds",0.912051180583036,6000,0.170000000000002,11,23.0769230769231,568.841025641026,0.476190476190476,0.960480147737765,0.912051180583036,22,551.282051282051,995.589743589744
"distance",20,80,0.1,8,1227031415,"outputs/wcrit/01_distance_sensitivity/designs/distance_m20_n080_lambda010_rep08.rds",0.937527127228329,6000,0.799999999999997,55,96.2025316455696,9572.57215189873,0.574468085106383,0.977867020797434,0.937527127228329,95,9379.74683544304,18091.8734177215
"distance",5,25,0.1,8,2039861683,"outputs/wcrit/01_distance_sensitivity/designs/distance_m05_n025_lambda010_rep08.rds",0.891179500796601,6000,0.0519999999999996,2,5.2,30.8733333333333,0.25,0.962421667551779,0.891179500796601,5,30.3819444444444,43.4583333333333
"distance",10,50,0.1,8,1922688279,"outputs/wcrit/01_distance_sensitivity/designs/distance_m10_n050_lambda010_rep08.rds",0.914563585227048,6000,0.219999999999999,10,22.9591836734694,562.351836734694,0.428571428571429,0.968562713744339,0.914563585227048,22,548.469387755102,990.061224489796
"distance",20,100,0.1,8,636855087,"outputs/wcrit/01_distance_sensitivity/designs/distance_m20_n100_lambda010_rep08.rds",0.937134992909846,6000,1.128,52,95.959595959596,9521.35111111111,0.542553191489362,0.9809774152899,0.937134992909846,95,9356.06060606061,18045.2323232323
"distance",5,5,0.2,8,776718345,"outputs/wcrit/01_distance_sensitivity/designs/distance_m05_n005_lambda020_rep08.rds",0.794838012958963,6000,0.0140000000000029,4,6,40.2,0.75,0.806047516198704,0.794838012958963,5,36.4583333333333,55.75
"distance",10,10,0.2,8,329097819,"outputs/wcrit/01_distance_sensitivity/designs/distance_m10_n010_lambda020_rep08.rds",0.839077502760995,6000,0.036999999999999,19,25,678.066666666667,0.857142857142857,0.83456116416553,0.839077502760995,22,597.222222222222,1085.88888888889
"distance",20,20,0.2,8,2057862588,"outputs/wcrit/01_distance_sensitivity/designs/distance_m20_n020_lambda020_rep08.rds",0.881036082858581,6000,0.142000000000003,73,100,10568.1473684211,0.765957446808511,0.909805741871098,0.881036082858581,95,9750,18820.9473684211
"distance",5,10,0.2,8,2052488884,"outputs/wcrit/01_distance_sensitivity/designs/distance_m05_n010_lambda020_rep08.rds",0.854156479217604,6000,0.0159999999999982,4,5.55555555555556,34.2222222222222,0.75,0.880195599022005,0.854156479217604,5,32.4074074074074,47.5555555555556
"distance",10,20,0.2,8,190628817,"outputs/wcrit/01_distance_sensitivity/designs/distance_m10_n020_lambda020_rep08.rds",0.863249119583525,6000,0.0750000000000028,14,23.6842105263158,600.484210526316,0.619047619047619,0.924299494717501,0.863249119583525,22,565.789473684211,1024.10526315789
"distance",20,40,0.2,8,1780924584,"outputs/wcrit/01_distance_sensitivity/designs/distance_m20_n040_lambda020_rep08.rds",0.897072219112639,6000,0.337000000000003,63,97.4358974358974,9884.51794871795,0.659574468085106,0.956446656869522,0.897072219112639,95,9500,18328.6666666667
"distance",5,15,0.2,8,30864217,"outputs/wcrit/01_distance_sensitivity/designs/distance_m05_n015_lambda020_rep08.rds",0.820127877237852,6000,0.0360000000000014,2,5.33333333333333,31.7714285714286,0.25,0.962659846547315,0.820127877237852,5,31.25,45.2142857142857
"distance",10,30,0.2,8,52159815,"outputs/wcrit/01_distance_sensitivity/designs/distance_m10_n030_lambda020_rep08.rds",0.866783720709055,6000,0.119,12,23.2758620689655,577.344827586207,0.523809523809524,0.952527269933938,0.866783720709055,22,556.034482758621,1004.93103448276
"distance",20,60,0.2,8,1503986580,"outputs/wcrit/01_distance_sensitivity/designs/distance_m20_n060_lambda020_rep08.rds",0.896267298608199,6000,0.549999999999997,58,96.6101694915254,9693.05084745763,0.606382978723404,0.968738378579398,0.896267298608199,95,9419.49152542373,18170.1355932203
"distance",5,20,0.2,8,1914019882,"outputs/wcrit/01_distance_sensitivity/designs/distance_m05_n020_lambda020_rep08.rds",0.813979057591623,6000,0.0399999999999991,2,5.26315789473684,31.3052631578947,0.25,0.954973821989529,0.813979057591623,5,30.7017543859649,44.1052631578947
"distance",10,40,0.2,8,2061174442,"outputs/wcrit/01_distance_sensitivity/designs/distance_m10_n040_lambda020_rep08.rds",0.86799366838148,6000,0.177,12,23.0769230769231,571.702564102564,0.523809523809524,0.954039704524469,0.86799366838148,22,551.282051282051,995.589743589744
"distance",20,80,0.2,8,1227048576,"outputs/wcrit/01_distance_sensitivity/designs/distance_m20_n080_lambda020_rep08.rds",0.899329306433393,6000,0.794999999999995,56,96.2025316455696,9572.41518987342,0.585106382978723,0.97788503729706,0.899329306433393,95,9379.74683544304,18091.8734177215
"distance",5,25,0.2,8,2039878844,"outputs/wcrit/01_distance_sensitivity/designs/distance_m05_n025_lambda020_rep08.rds",0.828502389803505,6000,0.054000000000002,2,5.2,30.7333333333333,0.25,0.973127987254381,0.828502389803505,5,30.3819444444444,43.4583333333333
"distance",10,50,0.2,8,1922705440,"outputs/wcrit/01_distance_sensitivity/designs/distance_m10_n050_lambda020_rep08.rds",0.861570094938798,6000,0.229999999999997,10,22.9591836734694,561.796734693878,0.428571428571429,0.969819761530641,0.861570094938798,22,548.469387755102,990.061224489796
"distance",20,100,0.2,8,636872248,"outputs/wcrit/01_distance_sensitivity/designs/distance_m20_n100_lambda020_rep08.rds",0.897733366087309,6000,1.112,54,95.959595959596,9519.33656565657,0.563829787234043,0.981209260800625,0.897733366087309,95,9356.06060606061,18045.2323232323
"distance",5,5,0.3,8,776735506,"outputs/wcrit/01_distance_sensitivity/designs/distance_m05_n005_lambda030_rep08.rds",0.789233261339093,6000,0.0250000000000057,4,6,40.2,0.75,0.806047516198704,0.789233261339093,5,36.4583333333333,55.75
"distance",10,10,0.3,8,329114980,"outputs/wcrit/01_distance_sensitivity/designs/distance_m10_n010_lambda030_rep08.rds",0.841081010849087,6000,0.0389999999999944,19,25,678.244444444444,0.857142857142857,0.834197362437472,0.841081010849087,22,597.222222222222,1085.88888888889
"distance",20,20,0.3,8,2057879749,"outputs/wcrit/01_distance_sensitivity/designs/distance_m20_n020_lambda030_rep08.rds",0.875216832445389,6000,0.149000000000001,76,100,10581.2210526316,0.797872340425532,0.90836447188247,0.875216832445389,95,9750,18820.9473684211
"distance",5,10,0.3,8,2052506045,"outputs/wcrit/01_distance_sensitivity/designs/distance_m05_n010_lambda030_rep08.rds",0.841136919315403,6000,0.0159999999999982,4,5.55555555555556,34.2222222222222,0.75,0.880195599022005,0.841136919315403,5,32.4074074074074,47.5555555555556
"distance",10,20,0.3,8,190645978,"outputs/wcrit/01_distance_sensitivity/designs/distance_m10_n020_lambda030_rep08.rds",0.844180064308682,6000,0.0839999999999961,15,23.6842105263158,602.336842105263,0.666666666666667,0.920257234726688,0.844180064308682,22,565.789473684211,1024.10526315789
"distance",20,40,0.3,8,1780941745,"outputs/wcrit/01_distance_sensitivity/designs/distance_m20_n040_lambda030_rep08.rds",0.867493235162498,6000,0.329999999999998,64,97.4358974358974,9923.40512820513,0.670212765957447,0.952042007678948,0.867493235162498,95,9500,18328.6666666667
"distance",5,15,0.3,8,30881378,"outputs/wcrit/01_distance_sensitivity/designs/distance_m05_n015_lambda030_rep08.rds",0.738358908780904,6000,0.0280000000000058,2,5.33333333333333,31.9809523809524,0.25,0.94765558397272,0.738358908780904,5,31.25,45.2142857142857
"distance",10,30,0.3,8,52176976,"outputs/wcrit/01_distance_sensitivity/designs/distance_m10_n030_lambda030_rep08.rds",0.834870984497655,6000,0.125999999999998,13,23.2758620689655,579.47816091954,0.571428571428571,0.947774875812977,0.834870984497655,22,556.034482758621,1004.93103448276
"distance",20,60,0.3,8,1504003741,"outputs/wcrit/01_distance_sensitivity/designs/distance_m20_n060_lambda030_rep08.rds",0.863627466818234,6000,0.551000000000002,59,96.6101694915254,9687.99774011299,0.617021276595745,0.969315834056444,0.863627466818234,95,9419.49152542373,18170.1355932203
"distance",5,20,0.3,8,1914037043,"outputs/wcrit/01_distance_sensitivity/designs/distance_m05_n020_lambda030_rep08.rds",0.739083769633508,6000,0.036999999999999,2,5.26315789473684,31.3894736842105,0.25,0.94869109947644,0.739083769633508,5,30.7017543859649,44.1052631578947
"distance",10,40,0.3,8,2061191603,"outputs/wcrit/01_distance_sensitivity/designs/distance_m10_n040_lambda030_rep08.rds",0.827459108297058,6000,0.168999999999997,12,23.0769230769231,570.123076923077,0.523809523809524,0.957594644506002,0.827459108297058,22,551.282051282051,995.589743589744
"distance",20,80,0.3,8,1227065737,"outputs/wcrit/01_distance_sensitivity/designs/distance_m20_n080_lambda030_rep08.rds",0.862427654696287,6000,0.795999999999999,57,96.2025316455696,9582.56202531646,0.595744680851064,0.976720357772812,0.862427654696287,95,9379.74683544304,18091.8734177215
"distance",5,25,0.3,8,2039896005,"outputs/wcrit/01_distance_sensitivity/designs/distance_m05_n025_lambda030_rep08.rds",0.745483271375465,6000,0.0579999999999998,2,5.2,30.9333333333333,0.25,0.957833244822092,0.745483271375465,5,30.3819444444444,43.4583333333333
"distance",10,50,0.3,8,1922722601,"outputs/wcrit/01_distance_sensitivity/designs/distance_m10_n050_lambda030_rep08.rds",0.81849075039943,6000,0.216999999999999,11,22.9591836734694,563.840816326531,0.476190476190476,0.965190867917553,0.81849075039943,22,548.469387755102,990.061224489796
"distance",20,100,0.3,8,636889409,"outputs/wcrit/01_distance_sensitivity/designs/distance_m20_n100_lambda030_rep08.rds",0.85938682718357,6000,1.135,55,95.959595959596,9516.85494949495,0.574468085106383,0.981494859502364,0.85938682718357,95,9356.06060606061,18045.2323232323
"distance",5,5,0.4,8,776752667,"outputs/wcrit/01_distance_sensitivity/designs/distance_m05_n005_lambda040_rep08.rds",0.783628509719222,6000,0.0140000000000029,4,6,40.2,0.75,0.806047516198704,0.783628509719222,5,36.4583333333333,55.75
"distance",10,10,0.4,8,329132141,"outputs/wcrit/01_distance_sensitivity/designs/distance_m10_n010_lambda040_rep08.rds",0.863732865588254,6000,0.036999999999999,20,25,677.177777777778,0.904761904761905,0.836380172805821,0.863732865588254,22,597.222222222222,1085.88888888889
"distance",20,20,0.4,8,2057896910,"outputs/wcrit/01_distance_sensitivity/designs/distance_m20_n020_lambda040_rep08.rds",0.851848664429069,6000,0.144999999999996,73,100,10574.4631578947,0.765957446808511,0.909109476176109,0.851848664429069,95,9750,18820.9473684211
"distance",5,10,0.4,8,2052523206,"outputs/wcrit/01_distance_sensitivity/designs/distance_m05_n010_lambda040_rep08.rds",0.828117359413203,6000,0.0249999999999986,4,5.55555555555556,34.2222222222222,0.75,0.880195599022005,0.828117359413203,5,32.4074074074074,47.5555555555556
"distance",10,20,0.4,8,190663139,"outputs/wcrit/01_distance_sensitivity/designs/distance_m10_n020_lambda040_rep08.rds",0.810993722247741,6000,0.0799999999999983,15,23.6842105263158,608.315789473684,0.666666666666667,0.907211759301792,0.810993722247741,22,565.789473684211,1024.10526315789
"distance",20,40,0.4,8,1780958906,"outputs/wcrit/01_distance_sensitivity/designs/distance_m20_n040_lambda040_rep08.rds",0.835746445671882,6000,0.323,63,97.4358974358974,9913.23076923077,0.659574468085106,0.953194430729732,0.835746445671882,95,9500,18328.6666666667
"distance",5,15,0.4,8,30898539,"outputs/wcrit/01_distance_sensitivity/designs/distance_m05_n015_lambda040_rep08.rds",0.675959079283887,6000,0.0350000000000037,2,5.33333333333333,31.8095238095238,0.25,0.959931798806479,0.675959079283887,5,31.25,45.2142857142857
"distance",10,30,0.4,8,52194137,"outputs/wcrit/01_distance_sensitivity/designs/distance_m10_n030_lambda040_rep08.rds",0.79571231042732,6000,0.119999999999997,13,23.2758620689655,580.618390804598,0.571428571428571,0.945234803093153,0.79571231042732,22,556.034482758621,1004.93103448276
"distance",20,60,0.4,8,1504020902,"outputs/wcrit/01_distance_sensitivity/designs/distance_m20_n060_lambda040_rep08.rds",0.827328685424464,6000,0.562999999999995,59,96.6101694915254,9703.59322033898,0.617021276595745,0.96753362464361,0.827328685424464,95,9419.49152542373,18170.1355932203
"distance",5,20,0.4,8,1914054204,"outputs/wcrit/01_distance_sensitivity/designs/distance_m05_n020_lambda040_rep08.rds",0.672041884816754,6000,0.0320000000000036,2,5.26315789473684,31.3263157894737,0.25,0.953403141361256,0.672041884816754,5,30.7017543859649,44.1052631578947
"distance",10,40,0.4,8,2061208764,"outputs/wcrit/01_distance_sensitivity/designs/distance_m10_n040_lambda040_rep08.rds",0.766237963329376,6000,0.166999999999994,11,23.0769230769231,569.230769230769,0.476190476190476,0.959602954755309,0.766237963329376,22,551.282051282051,995.589743589744
"distance",20,80,0.4,8,1227082898,"outputs/wcrit/01_distance_sensitivity/designs/distance_m20_n080_lambda040_rep08.rds",0.820361404552462,6000,0.808,56,96.2025316455696,9578.4,0.585106382978723,0.97719808560162,0.820361404552462,95,9379.74683544304,18091.8734177215
"distance",5,25,0.4,8,2039913166,"outputs/wcrit/01_distance_sensitivity/designs/distance_m05_n025_lambda040_rep08.rds",0.67867657992565,6000,0.0559999999999974,2,5.2,30.8466666666667,0.25,0.964460966542751,0.67867657992565,5,30.3819444444444,43.4583333333333
"distance",10,50,0.4,8,1922739762,"outputs/wcrit/01_distance_sensitivity/designs/distance_m10_n050_lambda040_rep08.rds",0.75230887459892,6000,0.222000000000001,10,22.9591836734694,562.541224489796,0.428571428571429,0.968133838617247,0.75230887459892,22,548.469387755102,990.061224489796
"distance",20,100,0.4,8,636906570,"outputs/wcrit/01_distance_sensitivity/designs/distance_m20_n100_lambda040_rep08.rds",0.815125204114614,6000,1.124,54,95.959595959596,9506.7701010101,0.563829787234043,0.982655482034995,0.815125204114614,95,9356.06060606061,18045.2323232323
"distance",5,5,0.5,8,776769828,"outputs/wcrit/01_distance_sensitivity/designs/distance_m05_n005_lambda050_rep08.rds",0.778023758099352,6000,0.0200000000000031,4,6,40.2,0.75,0.806047516198704,0.778023758099352,5,36.4583333333333,55.75
"distance",10,10,0.5,8,329149302,"outputs/wcrit/01_distance_sensitivity/designs/distance_m10_n010_lambda050_rep08.rds",0.846761514974339,6000,0.0389999999999944,19,25,677.177777777778,0.857142857142857,0.836380172805821,0.846761514974339,22,597.222222222222,1085.88888888889
"distance",20,20,0.5,8,2057914071,"outputs/wcrit/01_distance_sensitivity/designs/distance_m20_n020_lambda050_rep08.rds",0.838744963801591,6000,0.149000000000001,73,100,10552.4842105263,0.765957446808511,0.911532480794671,0.838744963801591,95,9750,18820.9473684211
"distance",5,10,0.5,8,2052540367,"outputs/wcrit/01_distance_sensitivity/designs/distance_m05_n010_lambda050_rep08.rds",0.815097799511002,6000,0.0240000000000009,4,5.55555555555556,34.2222222222222,0.75,0.880195599022005,0.815097799511002,5,32.4074074074074,47.5555555555556
"distance",10,20,0.5,8,190680300,"outputs/wcrit/01_distance_sensitivity/designs/distance_m10_n020_lambda050_rep08.rds",0.770479252794365,6000,0.0769999999999982,14,23.6842105263158,601.578947368421,0.619047619047619,0.921910886541112,0.770479252794365,22,565.789473684211,1024.10526315789
"distance",20,40,0.5,8,1780976067,"outputs/wcrit/01_distance_sensitivity/designs/distance_m20_n040_lambda050_rep08.rds",0.811666132977271,6000,0.329000000000001,64,97.4358974358974,9913.89230769231,0.670212765957447,0.953119499997096,0.811666132977271,95,9500,18328.6666666667
"distance",5,15,0.5,8,30915700,"outputs/wcrit/01_distance_sensitivity/designs/distance_m05_n015_lambda050_rep08.rds",0.606329923273657,6000,0.027000000000001,2,5.33333333333333,31.7714285714286,0.25,0.962659846547315,0.606329923273657,5,31.25,45.2142857142857
"distance",10,30,0.5,8,52211298,"outputs/wcrit/01_distance_sensitivity/designs/distance_m10_n030_lambda050_rep08.rds",0.736550124735714,6000,0.125,12,23.2758620689655,578.797701149425,0.523809523809524,0.949290725661904,0.736550124735714,22,556.034482758621,1004.93103448276
"distance",20,60,0.5,8,1504038063,"outputs/wcrit/01_distance_sensitivity/designs/distance_m20_n060_lambda050_rep08.rds",0.794015627761118,6000,0.566000000000003,59,96.6101694915254,9673.17288135593,0.617021276595745,0.971009978926491,0.794015627761118,95,9419.49152542373,18170.1355932203
"distance",5,20,0.5,8,1914071365,"outputs/wcrit/01_distance_sensitivity/designs/distance_m05_n020_lambda050_rep08.rds",0.604842931937173,6000,0.0319999999999965,2,5.26315789473684,31.2421052631579,0.25,0.959685863874345,0.604842931937173,5,30.7017543859649,44.1052631578947
"distance",10,40,0.5,8,2061225925,"outputs/wcrit/01_distance_sensitivity/designs/distance_m10_n040_lambda050_rep08.rds",0.717942883524601,6000,0.167000000000002,11,23.0769230769231,569.189743589744,0.476190476190476,0.959695290858726,0.717942883524601,22,551.282051282051,995.589743589744
"distance",20,80,0.5,8,1227100059,"outputs/wcrit/01_distance_sensitivity/designs/distance_m20_n080_lambda050_rep08.rds",0.781290554513111,6000,0.810000000000002,56,96.2025316455696,9575.98987341772,0.585106382978723,0.9774747260475,0.781290554513111,95,9379.74683544304,18091.8734177215
"distance",5,25,0.5,8,2039930327,"outputs/wcrit/01_distance_sensitivity/designs/distance_m05_n025_lambda050_rep08.rds",0.607485395645247,6000,0.054000000000002,2,5.2,30.84,0.25,0.964970791290494,0.607485395645247,5,30.3819444444444,43.4583333333333
"distance",10,50,0.5,8,1922756923,"outputs/wcrit/01_distance_sensitivity/designs/distance_m10_n050_lambda050_rep08.rds",0.698426577581768,6000,0.222000000000001,10,22.9591836734694,562.475918367347,0.428571428571429,0.968281726592107,0.698426577581768,22,548.469387755102,990.061224489796
"distance",20,100,0.5,8,636923731,"outputs/wcrit/01_distance_sensitivity/designs/distance_m20_n100_lambda050_rep08.rds",0.782776527628153,6000,1.13,56,95.959595959596,9525.96282828283,0.585106382978723,0.980446672277582,0.782776527628153,95,9356.06060606061,18045.2323232323
"distance",5,5,0.6,8,776786989,"outputs/wcrit/01_distance_sensitivity/designs/distance_m05_n005_lambda060_rep08.rds",0.772419006479482,6000,0.0120000000000005,4,6,40.2,0.75,0.806047516198704,0.772419006479482,5,36.4583333333333,55.75
"distance",10,10,0.6,8,329166463,"outputs/wcrit/01_distance_sensitivity/designs/distance_m10_n010_lambda060_rep08.rds",0.877845774053141,6000,0.0380000000000038,20,25,676.644444444444,0.904761904761905,0.837471577989995,0.877845774053141,22,597.222222222222,1085.88888888889
"distance",20,20,0.6,8,2057931232,"outputs/wcrit/01_distance_sensitivity/designs/distance_m20_n020_lambda060_rep08.rds",0.824138257627196,6000,0.148999999999994,73,100,10553.6,0.765957446808511,0.911409473855223,0.824138257627196,95,9750,18820.9473684211
"distance",5,10,0.6,8,2052557528,"outputs/wcrit/01_distance_sensitivity/designs/distance_m05_n010_lambda060_rep08.rds",0.811466992665037,6000,0.0169999999999959,4,5.55555555555556,33.8666666666667,0.75,0.903667481662591,0.811466992665037,5,32.4074074074074,47.5555555555556
"distance",10,20,0.6,8,190697461,"outputs/wcrit/01_distance_sensitivity/designs/distance_m10_n020_lambda060_rep08.rds",0.767735415709692,6000,0.0799999999999983,15,23.6842105263158,602.757894736842,0.666666666666667,0.919338539274231,0.767735415709692,22,565.789473684211,1024.10526315789
"distance",20,40,0.6,8,1780993228,"outputs/wcrit/01_distance_sensitivity/designs/distance_m20_n040_lambda060_rep08.rds",0.783734197716534,6000,0.329000000000001,64,97.4358974358974,9905.97435897436,0.670212765957447,0.954016345355166,0.783734197716534,95,9500,18328.6666666667
"distance",5,15,0.6,8,30932861,"outputs/wcrit/01_distance_sensitivity/designs/distance_m05_n015_lambda060_rep08.rds",0.53233589087809,6000,0.0349999999999966,2,5.33333333333333,31.8666666666667,0.25,0.955839727195226,0.53233589087809,5,31.25,45.2142857142857
"distance",10,30,0.6,8,52228459,"outputs/wcrit/01_distance_sensitivity/designs/distance_m10_n030_lambda060_rep08.rds",0.721704892127384,6000,0.119999999999997,13,23.2758620689655,579.772413793103,0.571428571428571,0.947119373175603,0.721704892127384,22,556.034482758621,1004.93103448276
"distance",20,60,0.6,8,1504055224,"outputs/wcrit/01_distance_sensitivity/designs/distance_m20_n060_lambda060_rep08.rds",0.75707043712806,6000,0.573999999999998,59,96.6101694915254,9707.0011299435,0.617021276595745,0.967144177926532,0.75707043712806,95,9419.49152542373,18170.1355932203
"distance",5,20,0.6,8,1914088526,"outputs/wcrit/01_distance_sensitivity/designs/distance_m05_n020_lambda060_rep08.rds",0.531989528795812,6000,0.036999999999999,2,5.26315789473684,31.3052631578947,0.25,0.954973821989529,0.531989528795812,5,30.7017543859649,44.1052631578947
"distance",10,40,0.6,8,2061243086,"outputs/wcrit/01_distance_sensitivity/designs/distance_m10_n040_lambda060_rep08.rds",0.66922305764411,6000,0.165999999999997,11,23.0769230769231,569.6,0.476190476190476,0.958771929824561,0.66922305764411,22,551.282051282051,995.589743589744
"distance",20,80,0.6,8,1227117220,"outputs/wcrit/01_distance_sensitivity/designs/distance_m20_n080_lambda060_rep08.rds",0.735392706211173,6000,0.835999999999999,55,96.2025316455696,9582.04556962025,0.574468085106383,0.976779637868358,0.735392706211173,95,9379.74683544304,18091.8734177215
"distance",5,25,0.6,8,2039947488,"outputs/wcrit/01_distance_sensitivity/designs/distance_m05_n025_lambda060_rep08.rds",0.537619755708975,6000,0.0649999999999977,2,5.2,30.7866666666667,0.25,0.969049389272438,0.537619755708975,5,30.3819444444444,43.4583333333333
"distance",10,50,0.6,8,1922774084,"outputs/wcrit/01_distance_sensitivity/designs/distance_m10_n050_lambda060_rep08.rds",0.672748946958393,6000,0.220999999999997,11,22.9591836734694,562.782857142857,0.476190476190476,0.967586653110269,0.672748946958393,22,548.469387755102,990.061224489796
"distance",20,100,0.6,8,636940892,"outputs/wcrit/01_distance_sensitivity/designs/distance_m20_n100_lambda060_rep08.rds",0.730416278158418,6000,1.219,54,95.959595959596,9527.27191919192,0.563829787234043,0.980296014544981,0.730416278158418,95,9356.06060606061,18045.2323232323
"distance",5,5,0.7,8,776804150,"outputs/wcrit/01_distance_sensitivity/designs/distance_m05_n005_lambda070_rep08.rds",0.766814254859611,6000,0.0130000000000052,4,6,40.2,0.75,0.806047516198704,0.766814254859611,5,36.4583333333333,55.75
"distance",10,10,0.7,8,329183624,"outputs/wcrit/01_distance_sensitivity/designs/distance_m10_n010_lambda070_rep08.rds",0.850040927694407,6000,0.0380000000000038,19,25,678.6,0.857142857142857,0.833469758981355,0.850040927694407,22,597.222222222222,1085.88888888889
"distance",20,20,0.7,8,2057948393,"outputs/wcrit/01_distance_sensitivity/designs/distance_m20_n020_lambda070_rep08.rds",0.823946369764489,6000,0.146999999999998,75,100,10569.9368421053,0.787234042553192,0.909608466590851,0.823946369764489,95,9750,18820.9473684211
"distance",5,10,0.7,8,2052574689,"outputs/wcrit/01_distance_sensitivity/designs/distance_m05_n010_lambda070_rep08.rds",0.789058679706601,6000,0.0179999999999936,4,5.55555555555556,34.2222222222222,0.75,0.880195599022005,0.789058679706601,5,32.4074074074074,47.5555555555556
"distance",10,20,0.7,8,190714622,"outputs/wcrit/01_distance_sensitivity/designs/distance_m10_n020_lambda070_rep08.rds",0.744342367171949,6000,0.0779999999999959,15,23.6842105263158,599.894736842105,0.666666666666667,0.925585668350942,0.744342367171949,22,565.789473684211,1024.10526315789
"distance",20,40,0.7,8,1781010389,"outputs/wcrit/01_distance_sensitivity/designs/distance_m20_n040_lambda070_rep08.rds",0.74868439405285,6000,0.326999999999998,63,97.4358974358974,9883.09743589744,0.659574468085106,0.956607554644253,0.74868439405285,95,9500,18328.6666666667
"distance",5,15,0.7,8,30950022,"outputs/wcrit/01_distance_sensitivity/designs/distance_m05_n015_lambda070_rep08.rds",0.462570332480818,6000,0.036999999999999,2,5.33333333333333,31.8285714285714,0.25,0.958567774936061,0.462570332480818,5,31.25,45.2142857142857
"distance",10,30,0.7,8,52245620,"outputs/wcrit/01_distance_sensitivity/designs/distance_m10_n030_lambda070_rep08.rds",0.652265068878988,6000,0.125999999999998,12,23.2758620689655,577.583908045977,0.523809523809524,0.951994674041072,0.652265068878988,22,556.034482758621,1004.93103448276
"distance",20,60,0.7,8,1504072385,"outputs/wcrit/01_distance_sensitivity/designs/distance_m20_n060_lambda070_rep08.rds",0.715256947136878,6000,0.57,58,96.6101694915254,9688.16949152542,0.606382978723404,0.969296206768316,0.715256947136878,95,9419.49152542373,18170.1355932203
"distance",5,20,0.7,8,1914105687,"outputs/wcrit/01_distance_sensitivity/designs/distance_m05_n020_lambda070_rep08.rds",0.461020942408377,6000,0.0330000000000013,2,5.26315789473684,31.3263157894737,0.25,0.953403141361256,0.461020942408377,5,30.7017543859649,44.1052631578947
"distance",10,40,0.7,8,2061260247,"outputs/wcrit/01_distance_sensitivity/designs/distance_m10_n040_lambda070_rep08.rds",0.654443674976916,6000,0.166000000000004,12,23.0769230769231,569.384615384615,0.523809523809524,0.959256694367498,0.654443674976916,22,551.282051282051,995.589743589744
"distance",20,80,0.7,8,1227134381,"outputs/wcrit/01_distance_sensitivity/designs/distance_m20_n080_lambda070_rep08.rds",0.702385012967985,6000,0.815999999999995,56,96.2025316455696,9588.53164556962,0.585106382978723,0.976035149609594,0.702385012967985,95,9379.74683544304,18091.8734177215
"distance",5,25,0.7,8,2039964649,"outputs/wcrit/01_distance_sensitivity/designs/distance_m05_n025_lambda070_rep08.rds",0.466479553903346,6000,0.0549999999999997,2,5.2,30.7533333333333,0.25,0.971598513011152,0.466479553903346,5,30.3819444444444,43.4583333333333
"distance",10,50,0.7,8,1922791245,"outputs/wcrit/01_distance_sensitivity/designs/distance_m10_n050_lambda070_rep08.rds",0.590546630927073,6000,0.231000000000002,10,22.9591836734694,562.384489795918,0.428571428571429,0.968488769756909,0.590546630927073,22,548.469387755102,990.061224489796
"distance",20,100,0.7,8,636958053,"outputs/wcrit/01_distance_sensitivity/designs/distance_m20_n100_lambda070_rep08.rds",0.688738742692561,6000,1.208,54,95.959595959596,9528.16727272727,0.563829787234043,0.98019297209577,0.688738742692561,95,9356.06060606061,18045.2323232323
"distance",5,5,0.8,8,776821311,"outputs/wcrit/01_distance_sensitivity/designs/distance_m05_n005_lambda080_rep08.rds",0.761209503239741,6000,0.0129999999999981,4,6,40.2,0.75,0.806047516198704,0.761209503239741,5,36.4583333333333,55.75
"distance",10,10,0.8,8,329200785,"outputs/wcrit/01_distance_sensitivity/designs/distance_m10_n010_lambda080_rep08.rds",0.890867277333853,6000,0.0309999999999988,20,25,677.711111111111,0.904761904761905,0.835288767621646,0.890867277333853,22,597.222222222222,1085.88888888889
"distance",20,20,0.8,8,2057965554,"outputs/wcrit/01_distance_sensitivity/designs/distance_m20_n020_lambda080_rep08.rds",0.803122164013532,6000,0.145000000000003,74,100,10573.3894736842,0.776595744680851,0.909227841344257,0.803122164013532,95,9750,18820.9473684211
"distance",5,10,0.8,8,2052591850,"outputs/wcrit/01_distance_sensitivity/designs/distance_m05_n010_lambda080_rep08.rds",0.57838630806846,6000,0.0240000000000009,3,5.55555555555556,34.0444444444444,0.5,0.891931540342298,0.57838630806846,5,32.4074074074074,47.5555555555556
"distance",10,20,0.8,8,190731783,"outputs/wcrit/01_distance_sensitivity/designs/distance_m10_n020_lambda080_rep08.rds",0.716943806461491,6000,0.0760000000000005,15,23.6842105263158,603.347368421053,0.666666666666667,0.91805236564079,0.716943806461491,22,565.789473684211,1024.10526315789
"distance",20,40,0.8,8,1781027550,"outputs/wcrit/01_distance_sensitivity/designs/distance_m20_n040_lambda080_rep08.rds",0.726986028378269,6000,0.326999999999998,64,97.4358974358974,9905.42051282051,0.670212765957447,0.954079078061559,0.726986028378269,95,9500,18328.6666666667
"distance",5,15,0.8,8,30967183,"outputs/wcrit/01_distance_sensitivity/designs/distance_m05_n015_lambda080_rep08.rds",0.390895140664962,6000,0.036999999999999,2,5.33333333333333,31.8857142857143,0.25,0.954475703324808,0.390895140664962,5,31.25,45.2142857142857
"distance",10,30,0.8,8,52262781,"outputs/wcrit/01_distance_sensitivity/designs/distance_m10_n030_lambda080_rep08.rds",0.645788322396096,6000,0.116,13,23.2758620689655,581.519540229885,0.571428571428571,0.943227326266196,0.645788322396096,22,556.034482758621,1004.93103448276
"distance",20,60,0.8,8,1504089546,"outputs/wcrit/01_distance_sensitivity/designs/distance_m20_n060_lambda080_rep08.rds",0.687553532164576,6000,0.555999999999997,59,96.6101694915254,9684.78870056497,0.617021276595745,0.969682554439899,0.687553532164576,95,9419.49152542373,18170.1355932203
"distance",5,20,0.8,8,1914122848,"outputs/wcrit/01_distance_sensitivity/designs/distance_m05_n020_lambda080_rep08.rds",0.390680628272251,6000,0.0399999999999991,2,5.26315789473684,31.3263157894737,0.25,0.953403141361256,0.390680628272251,5,30.7017543859649,44.1052631578947
"distance",10,40,0.8,8,2061277408,"outputs/wcrit/01_distance_sensitivity/designs/distance_m10_n040_lambda080_rep08.rds",0.573062260915446,6000,0.246000000000002,11,23.0769230769231,568.810256410256,0.476190476190476,0.960549399815328,0.573062260915446,22,551.282051282051,995.589743589744
"distance",20,80,0.8,8,1227151542,"outputs/wcrit/01_distance_sensitivity/designs/distance_m20_n080_lambda080_rep08.rds",0.663469395414127,6000,0.893000000000001,56,96.2025316455696,9580.81012658228,0.585106382978723,0.976921445155741,0.663469395414127,95,9379.74683544304,18091.8734177215
"distance",5,25,0.8,8,2039981810,"outputs/wcrit/01_distance_sensitivity/designs/distance_m05_n025_lambda080_rep08.rds",0.393198088157196,6000,0.0529999999999973,2,5.2,30.8266666666667,0.25,0.96599044078598,0.393198088157196,5,30.3819444444444,43.4583333333333
"distance",10,50,0.8,8,1922808406,"outputs/wcrit/01_distance_sensitivity/designs/distance_m10_n050_lambda080_rep08.rds",0.572624069648194,6000,0.219000000000001,11,22.9591836734694,566.857959183673,0.476190476190476,0.958358443479065,0.572624069648194,22,548.469387755102,990.061224489796
"distance",20,100,0.8,8,636975214,"outputs/wcrit/01_distance_sensitivity/designs/distance_m20_n100_lambda080_rep08.rds",0.630171616649084,6000,1.203,52,95.959595959596,9524.23676767677,0.542553191489362,0.980645317287975,0.630171616649084,95,9356.06060606061,18045.2323232323
"distance",5,5,0.9,8,776838472,"outputs/wcrit/01_distance_sensitivity/designs/distance_m05_n005_lambda090_rep08.rds",0.75560475161987,6000,0.0189999999999984,4,6,40.2,0.75,0.806047516198704,0.75560475161987,5,36.4583333333333,55.75
"distance",10,10,0.9,8,329217946,"outputs/wcrit/01_distance_sensitivity/designs/distance_m10_n010_lambda090_rep08.rds",0.897741830702267,6000,0.0399999999999991,20,25,678.066666666667,0.904761904761905,0.83456116416553,0.897741830702267,22,597.222222222222,1085.88888888889
"distance",20,20,0.9,8,2057982715,"outputs/wcrit/01_distance_sensitivity/designs/distance_m20_n020_lambda090_rep08.rds",0.799790838822393,6000,0.244,75,100,10540.9684210526,0.787234042553192,0.912802005245201,0.799790838822393,95,9750,18820.9473684211
"distance",5,10,0.9,8,2052609011,"outputs/wcrit/01_distance_sensitivity/designs/distance_m05_n010_lambda090_rep08.rds",0.7630195599022,6000,0.0180000000000007,4,5.55555555555556,34.2222222222222,0.75,0.880195599022005,0.7630195599022,5,32.4074074074074,47.5555555555556
"distance",10,20,0.9,8,190748944,"outputs/wcrit/01_distance_sensitivity/designs/distance_m10_n020_lambda090_rep08.rds",0.692604501607717,6000,0.0690000000000026,15,23.6842105263158,599.684210526316,0.666666666666667,0.92604501607717,0.692604501607717,22,565.789473684211,1024.10526315789
"distance",20,40,0.9,8,1781044711,"outputs/wcrit/01_distance_sensitivity/designs/distance_m20_n040_lambda090_rep08.rds",0.688940878873352,6000,0.329999999999998,63,97.4358974358974,9912.84102564103,0.659574468085106,0.953238575967565,0.688940878873352,95,9500,18328.6666666667
"distance",5,15,0.9,8,30984344,"outputs/wcrit/01_distance_sensitivity/designs/distance_m05_n015_lambda090_rep08.rds",0.320311167945439,6000,0.0379999999999967,2,5.33333333333333,31.9047619047619,0.25,0.95311167945439,0.320311167945439,5,31.25,45.2142857142857
"distance",10,30,0.9,8,52279942,"outputs/wcrit/01_distance_sensitivity/designs/distance_m10_n030_lambda090_rep08.rds",0.608719062982391,6000,0.119999999999997,13,23.2758620689655,581.022988505747,0.571428571428571,0.944333486966764,0.608719062982391,22,556.034482758621,1004.93103448276
"distance",20,60,0.9,8,1504106707,"outputs/wcrit/01_distance_sensitivity/designs/distance_m20_n060_lambda090_rep08.rds",0.661620947503488,6000,0.550000000000004,60,96.6101694915254,9705.87118644068,0.627659574468085,0.967273304822115,0.661620947503488,95,9419.49152542373,18170.1355932203
"distance",5,20,0.9,8,1914140009,"outputs/wcrit/01_distance_sensitivity/designs/distance_m05_n020_lambda090_rep08.rds",0.321125654450262,6000,0.0329999999999941,2,5.26315789473684,31.2210526315789,0.25,0.961256544502618,0.321125654450262,5,30.7017543859649,44.1052631578947
"distance",10,40,0.9,8,2061294569,"outputs/wcrit/01_distance_sensitivity/designs/distance_m10_n040_lambda090_rep08.rds",0.524513256826276,6000,0.164999999999999,11,23.0769230769231,569.312820512821,0.476190476190476,0.959418282548476,0.524513256826276,22,551.282051282051,995.589743589744
"distance",20,80,0.9,8,1227168703,"outputs/wcrit/01_distance_sensitivity/designs/distance_m20_n080_lambda090_rep08.rds",0.605025841373315,6000,0.821999999999996,54,96.2025316455696,9590.66455696203,0.563829787234043,0.975790328626765,0.605025841373315,95,9379.74683544304,18091.8734177215
"distance",5,25,0.9,8,2039998971,"outputs/wcrit/01_distance_sensitivity/designs/distance_m05_n025_lambda090_rep08.rds",0.321802973977695,6000,0.0599999999999952,2,5.2,30.8,0.25,0.968029739776952,0.321802973977695,5,30.3819444444444,43.4583333333333
"distance",10,50,0.9,8,1922825567,"outputs/wcrit/01_distance_sensitivity/designs/distance_m10_n050_lambda090_rep08.rds",0.482560204930479,6000,0.222000000000001,10,22.9591836734694,562.397551020408,0.428571428571429,0.968459192161937,0.482560204930479,22,548.469387755102,990.061224489796
"distance",20,100,0.9,8,636992375,"outputs/wcrit/01_distance_sensitivity/designs/distance_m20_n100_lambda090_rep08.rds",0.595932659317733,6000,1.234,53,95.959595959596,9524.60282828283,0.553191489361702,0.980603188922007,0.595932659317733,95,9356.06060606061,18045.2323232323
"distance",5,5,1,8,751147568,"outputs/wcrit/01_distance_sensitivity/designs/distance_m05_n005_lambda100_rep08.rds",0.75,6000,0.0110000000000028,4,6,40.8,0.75,0.774946004319655,0.75,5,36.4583333333333,55.75
"distance",10,10,1,8,2126507101,"outputs/wcrit/01_distance_sensitivity/designs/distance_m10_n010_lambda100_rep08.rds",0.857142857142857,6000,0.0360000000000014,19,25,681.444444444444,0.857142857142857,0.827648931332424,0.857142857142857,22,597.222222222222,1085.88888888889
"distance",20,20,1,8,1091721200,"outputs/wcrit/01_distance_sensitivity/designs/distance_m20_n020_lambda100_rep08.rds",0.776595744680851,6000,0.155000000000001,74,100,10577.0105263158,0.776595744680851,0.908828649012463,0.776595744680851,95,9750,18820.9473684211
"distance",5,10,1,8,1324601665,"outputs/wcrit/01_distance_sensitivity/designs/distance_m05_n010_lambda100_rep08.rds",0.75,6000,0.0180000000000007,4,5.55555555555556,34.2222222222222,0.75,0.880195599022005,0.75,5,32.4074074074074,47.5555555555556
"distance",10,20,1,8,2051291430,"outputs/wcrit/01_distance_sensitivity/designs/distance_m10_n020_lambda100_rep08.rds",0.666666666666667,6000,0.0760000000000005,15,23.6842105263158,604.736842105263,0.666666666666667,0.91502067064768,0.666666666666667,22,565.789473684211,1024.10526315789
"distance",20,40,1,8,941289858,"outputs/wcrit/01_distance_sensitivity/designs/distance_m20_n040_lambda100_rep08.rds",0.659574468085106,6000,0.335000000000001,63,97.4358974358974,9902.24102564103,0.659574468085106,0.95443921026493,0.659574468085106,95,9500,18328.6666666667
"distance",5,15,1,8,649617641,"outputs/wcrit/01_distance_sensitivity/designs/distance_m05_n015_lambda100_rep08.rds",0.25,6000,0.0420000000000016,2,5.33333333333333,32.7047619047619,0.25,0.895822676896846,0.25,5,31.25,45.2142857142857
"distance",10,30,1,8,1976075759,"outputs/wcrit/01_distance_sensitivity/designs/distance_m10_n030_lambda100_rep08.rds",0.523809523809524,6000,0.110999999999997,12,23.2758620689655,581.924137931034,0.523809523809524,0.942326010139806,0.523809523809524,22,556.034482758621,1004.93103448276
"distance",20,60,1,8,790858516,"outputs/wcrit/01_distance_sensitivity/designs/distance_m20_n060_lambda100_rep08.rds",0.617021276595745,6000,0.555,59,96.6101694915254,9701.96384180791,0.617021276595745,0.96771982562704,0.617021276595745,95,9419.49152542373,18170.1355932203
"distance",5,20,1,8,1249385994,"outputs/wcrit/01_distance_sensitivity/designs/distance_m05_n020_lambda100_rep08.rds",0.25,6000,0.0330000000000013,2,5.26315789473684,31.5789473684211,0.25,0.93455497382199,0.25,5,30.7017543859649,44.1052631578947
"distance",10,40,1,8,1900860088,"outputs/wcrit/01_distance_sensitivity/designs/distance_m10_n040_lambda100_rep08.rds",0.476190476190476,6000,0.170999999999999,11,23.0769230769231,573.025641025641,0.476190476190476,0.951061865189289,0.476190476190476,22,551.282051282051,995.589743589744
"distance",20,80,1,8,640427174,"outputs/wcrit/01_distance_sensitivity/designs/distance_m20_n080_lambda100_rep08.rds",0.606382978723404,6000,0.823,58,96.2025316455696,9584.2582278481,0.606382978723404,0.976525663341363,0.606382978723404,95,9379.74683544304,18091.8734177215
"distance",5,25,1,8,574401970,"outputs/wcrit/01_distance_sensitivity/designs/distance_m05_n025_lambda100_rep08.rds",0.25,6000,0.0529999999999973,2,5.2,31.1666666666667,0.25,0.939989378651088,0.25,5,30.3819444444444,43.4583333333333
"distance",10,50,1,8,1825644417,"outputs/wcrit/01_distance_sensitivity/designs/distance_m10_n050_lambda100_rep08.rds",0.428571428571429,6000,0.219999999999999,10,22.9591836734694,564.258775510204,0.428571428571429,0.964244384878455,0.428571428571429,22,548.469387755102,990.061224489796
"distance",20,100,1,8,1805046949,"outputs/wcrit/01_distance_sensitivity/designs/distance_m20_n100_lambda100_rep08.rds",0.563829787234043,6000,1.205,54,95.959595959596,9516.86787878788,0.563829787234043,0.981493371524759,0.563829787234043,95,9356.06060606061,18045.2323232323
"distance",5,5,0,9,751130408,"outputs/wcrit/01_distance_sensitivity/designs/distance_m05_n005_lambda000_rep09.rds",0.806047516198704,6000,0.0180000000000007,4,6,40.2,0.75,0.806047516198704,0.806047516198704,5,36.4583333333333,55.75
"distance",10,10,0,9,2126489941,"outputs/wcrit/01_distance_sensitivity/designs/distance_m10_n010_lambda000_rep09.rds",0.834924965893588,6000,0.029999999999994,19,25,677.888888888889,0.857142857142857,0.834924965893588,0.834924965893588,22,597.222222222222,1085.88888888889
"distance",20,20,0,9,1091704040,"outputs/wcrit/01_distance_sensitivity/designs/distance_m20_n020_lambda000_rep09.rds",0.910873349270081,6000,0.150999999999996,71,100,10558.4631578947,0.74468085106383,0.910873349270081,0.910873349270081,95,9750,18820.9473684211
"distance",5,10,0,9,1324584505,"outputs/wcrit/01_distance_sensitivity/designs/distance_m05_n010_lambda000_rep09.rds",0.891931540342298,6000,0.0180000000000007,3,5.55555555555556,34.0444444444444,0.5,0.891931540342298,0.891931540342298,5,32.4074074074074,47.5555555555556
"distance",10,20,0,9,2051274270,"outputs/wcrit/01_distance_sensitivity/designs/distance_m10_n020_lambda000_rep09.rds",0.923288929719798,6000,0.0770000000000053,14,23.6842105263158,600.947368421053,0.619047619047619,0.923288929719798,0.923288929719798,22,565.789473684211,1024.10526315789
"distance",20,40,0,9,941272698,"outputs/wcrit/01_distance_sensitivity/designs/distance_m20_n040_lambda000_rep09.rds",0.956335132058156,6000,0.341000000000001,57,97.4358974358974,9885.50256410256,0.595744680851064,0.956335132058156,0.956335132058156,95,9500,18328.6666666667
"distance",5,15,0,9,649600481,"outputs/wcrit/01_distance_sensitivity/designs/distance_m05_n015_lambda000_rep09.rds",0.968115942028985,6000,0.0380000000000038,2,5.33333333333333,31.6952380952381,0.25,0.968115942028985,0.968115942028985,5,31.25,45.2142857142857
"distance",10,30,0,9,1976058599,"outputs/wcrit/01_distance_sensitivity/designs/distance_m10_n030_lambda000_rep09.rds",0.950273979617965,6000,0.119,11,23.2758620689655,578.35632183908,0.476190476190476,0.950273979617965,0.950273979617965,22,556.034482758621,1004.93103448276
"distance",20,60,0,9,790841356,"outputs/wcrit/01_distance_sensitivity/designs/distance_m20_n060_lambda000_rep09.rds",0.970690518986819,6000,0.545999999999999,52,96.6101694915254,9675.96836158192,0.542553191489362,0.970690518986819,0.970690518986819,95,9419.49152542373,18170.1355932203
"distance",5,20,0,9,1249368834,"outputs/wcrit/01_distance_sensitivity/designs/distance_m05_n020_lambda000_rep09.rds",0.954973821989529,6000,0.036999999999999,2,5.26315789473684,31.3052631578947,0.25,0.954973821989529,0.954973821989529,5,30.7017543859649,44.1052631578947
"distance",10,40,0,9,1900842928,"outputs/wcrit/01_distance_sensitivity/designs/distance_m10_n040_lambda000_rep09.rds",0.963388734995383,6000,0.169999999999995,9,23.0769230769231,567.548717948718,0.380952380952381,0.963388734995383,0.963388734995383,22,551.282051282051,995.589743589744
"distance",20,80,0,9,640410014,"outputs/wcrit/01_distance_sensitivity/designs/distance_m20_n080_lambda000_rep09.rds",0.978190736613305,6000,0.823,51,96.2025316455696,9569.75189873418,0.531914893617021,0.978190736613305,0.978190736613305,95,9379.74683544304,18091.8734177215
"distance",5,25,0,9,574384810,"outputs/wcrit/01_distance_sensitivity/designs/distance_m05_n025_lambda000_rep09.rds",0.97465746149761,6000,0.054000000000002,1,5.2,30.7133333333333,0,0.97465746149761,0.97465746149761,5,30.3819444444444,43.4583333333333
"distance",10,50,0,9,1825627257,"outputs/wcrit/01_distance_sensitivity/designs/distance_m10_n050_lambda000_rep09.rds",0.969731028745725,6000,0.226999999999997,8,22.9591836734694,561.835918367347,0.333333333333333,0.969731028745725,0.969731028745725,22,548.469387755102,990.061224489796
"distance",20,100,0,9,1805029789,"outputs/wcrit/01_distance_sensitivity/designs/distance_m20_n100_lambda000_rep09.rds",0.982042435261349,6000,1.15,47,95.959595959596,9512.09696969697,0.48936170212766,0.982042435261349,0.982042435261349,95,9356.06060606061,18045.2323232323
"distance",5,5,0.1,9,776701185,"outputs/wcrit/01_distance_sensitivity/designs/distance_m05_n005_lambda010_rep09.rds",0.800442764578834,6000,0.0120000000000005,4,6,40.2,0.75,0.806047516198704,0.800442764578834,5,36.4583333333333,55.75
"distance",10,10,0.1,9,329080659,"outputs/wcrit/01_distance_sensitivity/designs/distance_m10_n010_lambda010_rep09.rds",0.834199961021243,6000,0.036999999999999,19,25,679.488888888889,0.857142857142857,0.831650750341064,0.834199961021243,22,597.222222222222,1085.88888888889
"distance",20,20,0.1,9,2057845428,"outputs/wcrit/01_distance_sensitivity/designs/distance_m20_n020_lambda010_rep09.rds",0.896064893937995,6000,0.149000000000001,74,100,10572.3789473684,0.776595744680851,0.909339243855455,0.896064893937995,95,9750,18820.9473684211
"distance",5,10,0.1,9,2052471724,"outputs/wcrit/01_distance_sensitivity/designs/distance_m05_n010_lambda010_rep09.rds",0.888300733496332,6000,0.0180000000000007,4,5.55555555555556,33.8666666666667,0.75,0.903667481662591,0.888300733496332,5,32.4074074074074,47.5555555555556
"distance",10,20,0.1,9,190611657,"outputs/wcrit/01_distance_sensitivity/designs/distance_m10_n020_lambda010_rep09.rds",0.895841371918542,6000,0.0829999999999984,14,23.6842105263158,599.431578947368,0.619047619047619,0.926596233348645,0.895841371918542,22,565.789473684211,1024.10526315789
"distance",20,40,0.1,9,1780907424,"outputs/wcrit/01_distance_sensitivity/designs/distance_m20_n040_lambda010_rep09.rds",0.927363750703982,6000,0.329999999999998,64,97.4358974358974,9889.02564102564,0.670212765957447,0.955936082342486,0.927363750703982,95,9500,18328.6666666667
"distance",5,15,0.1,9,30847057,"outputs/wcrit/01_distance_sensitivity/designs/distance_m05_n015_lambda010_rep09.rds",0.8803452685422,6000,0.027000000000001,2,5.33333333333333,31.9428571428571,0.25,0.950383631713555,0.8803452685422,5,31.25,45.2142857142857
"distance",10,30,0.1,9,52142655,"outputs/wcrit/01_distance_sensitivity/designs/distance_m10_n030_lambda010_rep09.rds",0.904604028122234,6000,0.117999999999995,12,23.2758620689655,579.864367816092,0.523809523809524,0.946914528601424,0.904604028122234,22,556.034482758621,1004.93103448276
"distance",20,60,0.1,9,1503969420,"outputs/wcrit/01_distance_sensitivity/designs/distance_m20_n060_lambda010_rep09.rds",0.934331590285086,6000,0.551000000000002,59,96.6101694915254,9685.61355932203,0.617021276595745,0.969588291806124,0.934331590285086,95,9419.49152542373,18170.1355932203
"distance",5,20,0.1,9,1914002722,"outputs/wcrit/01_distance_sensitivity/designs/distance_m05_n020_lambda010_rep09.rds",0.894371727748691,6000,0.0399999999999991,2,5.26315789473684,31.1578947368421,0.25,0.965968586387434,0.894371727748691,5,30.7017543859649,44.1052631578947
"distance",10,40,0.1,9,2061157282,"outputs/wcrit/01_distance_sensitivity/designs/distance_m10_n040_lambda010_rep09.rds",0.908224178868223,6000,0.164000000000001,10,23.0769230769231,568.379487179487,0.428571428571429,0.9615189289012,0.908224178868223,22,551.282051282051,995.589743589744
"distance",20,80,0.1,9,1227031416,"outputs/wcrit/01_distance_sensitivity/designs/distance_m20_n080_lambda010_rep09.rds",0.93698419129442,6000,0.817999999999998,55,96.2025316455696,9577.82784810127,0.574468085106383,0.977263758648646,0.93698419129442,95,9379.74683544304,18091.8734177215
"distance",5,25,0.1,9,2039861684,"outputs/wcrit/01_distance_sensitivity/designs/distance_m05_n025_lambda010_rep09.rds",0.892097185342539,6000,0.0510000000000019,2,5.2,30.86,0.25,0.963441317047265,0.892097185342539,5,30.3819444444444,43.4583333333333
"distance",10,50,0.1,9,1922688280,"outputs/wcrit/01_distance_sensitivity/designs/distance_m10_n050_lambda010_rep09.rds",0.913179353782367,6000,0.227999999999994,10,22.9591836734694,563.031020408163,0.428571428571429,0.967024678805805,0.913179353782367,22,548.469387755102,990.061224489796
"distance",20,100,0.1,9,636855088,"outputs/wcrit/01_distance_sensitivity/designs/distance_m20_n100_lambda010_rep09.rds",0.938890257990979,6000,1.114,53,95.959595959596,9514.67555555556,0.553191489361702,0.981745676727565,0.938890257990979,95,9356.06060606061,18045.2323232323
"distance",5,5,0.2,9,776718346,"outputs/wcrit/01_distance_sensitivity/designs/distance_m05_n005_lambda020_rep09.rds",0.794838012958963,6000,0.0109999999999957,4,6,40.2,0.75,0.806047516198704,0.794838012958963,5,36.4583333333333,55.75
"distance",10,10,0.2,9,329097820,"outputs/wcrit/01_distance_sensitivity/designs/distance_m10_n010_lambda020_rep09.rds",0.839368544143442,6000,0.0390000000000015,19,25,677.888888888889,0.857142857142857,0.834924965893588,0.839368544143442,22,597.222222222222,1085.88888888889
"distance",20,20,0.2,9,2057862589,"outputs/wcrit/01_distance_sensitivity/designs/distance_m20_n020_lambda020_rep09.rds",0.887183387989367,6000,0.146000000000001,75,100,10546.6947368421,0.787234042553192,0.912170724348411,0.887183387989367,95,9750,18820.9473684211
"distance",5,10,0.2,9,2052488885,"outputs/wcrit/01_distance_sensitivity/designs/distance_m05_n010_lambda020_rep09.rds",0.854156479217604,6000,0.0189999999999984,4,5.55555555555556,34.2222222222222,0.75,0.880195599022005,0.854156479217604,5,32.4074074074074,47.5555555555556
"distance",10,20,0.2,9,190628818,"outputs/wcrit/01_distance_sensitivity/designs/distance_m10_n020_lambda020_rep09.rds",0.87005359056806,6000,0.0810000000000031,15,23.6842105263158,602.042105263158,0.666666666666667,0.920900321543409,0.87005359056806,22,565.789473684211,1024.10526315789
"distance",20,40,0.2,9,1780924585,"outputs/wcrit/01_distance_sensitivity/designs/distance_m20_n040_lambda020_rep09.rds",0.896339872851334,6000,0.333999999999996,63,97.4358974358974,9892.6,0.659574468085106,0.955531224042891,0.896339872851334,95,9500,18328.6666666667
"distance",5,15,0.2,9,30864218,"outputs/wcrit/01_distance_sensitivity/designs/distance_m05_n015_lambda020_rep09.rds",0.833222506393862,6000,0.027000000000001,2,5.33333333333333,31.5428571428571,0.25,0.979028132992327,0.833222506393862,5,31.25,45.2142857142857
"distance",10,30,0.2,9,52159816,"outputs/wcrit/01_distance_sensitivity/designs/distance_m10_n030_lambda020_rep09.rds",0.868455252434358,6000,0.123000000000005,12,23.2758620689655,576.406896551724,0.523809523809524,0.954616684590567,0.868455252434358,22,556.034482758621,1004.93103448276
"distance",20,60,0.2,9,1503986581,"outputs/wcrit/01_distance_sensitivity/designs/distance_m20_n060_lambda020_rep09.rds",0.899197197759544,6000,0.567,59,96.6101694915254,9684.27570621469,0.617021276595745,0.969741178050494,0.899197197759544,95,9419.49152542373,18170.1355932203
"distance",5,20,0.2,9,1914019883,"outputs/wcrit/01_distance_sensitivity/designs/distance_m05_n020_lambda020_rep09.rds",0.808952879581152,6000,0.0409999999999968,2,5.26315789473684,31.3894736842105,0.25,0.94869109947644,0.808952879581152,5,30.7017543859649,44.1052631578947
"distance",10,40,0.2,9,2061174443,"outputs/wcrit/01_distance_sensitivity/designs/distance_m10_n040_lambda020_rep09.rds",0.861258409180847,6000,0.172000000000004,11,23.0769230769231,570.153846153846,0.476190476190476,0.957525392428439,0.861258409180847,22,551.282051282051,995.589743589744
"distance",20,80,0.2,9,1227048577,"outputs/wcrit/01_distance_sensitivity/designs/distance_m20_n080_lambda020_rep09.rds",0.894630316451717,6000,0.841000000000001,54,96.2025316455696,9577.24683544304,0.563829787234043,0.977330448756135,0.894630316451717,95,9379.74683544304,18091.8734177215
"distance",5,25,0.2,9,2039878845,"outputs/wcrit/01_distance_sensitivity/designs/distance_m05_n025_lambda020_rep09.rds",0.813411577270313,6000,0.0530000000000044,2,5.2,30.98,0.25,0.954264471587892,0.813411577270313,5,30.3819444444444,43.4583333333333
"distance",10,50,0.2,9,1922705441,"outputs/wcrit/01_distance_sensitivity/designs/distance_m10_n050_lambda020_rep09.rds",0.862327281370077,6000,0.236999999999995,10,22.9591836734694,561.378775510204,0.428571428571429,0.970766244569739,0.862327281370077,22,548.469387755102,990.061224489796
"distance",20,100,0.2,9,636872249,"outputs/wcrit/01_distance_sensitivity/designs/distance_m20_n100_lambda020_rep09.rds",0.896514340433645,6000,1.145,54,95.959595959596,9532.57696969697,0.563829787234043,0.979685478733545,0.896514340433645,95,9356.06060606061,18045.2323232323
"distance",5,5,0.3,9,776735507,"outputs/wcrit/01_distance_sensitivity/designs/distance_m05_n005_lambda030_rep09.rds",0.789233261339093,6000,0.0140000000000029,4,6,40.2,0.75,0.806047516198704,0.789233261339093,5,36.4583333333333,55.75
"distance",10,10,0.3,9,329114981,"outputs/wcrit/01_distance_sensitivity/designs/distance_m10_n010_lambda030_rep09.rds",0.841844994478009,6000,0.0399999999999991,19,25,677.711111111111,0.857142857142857,0.835288767621646,0.841844994478009,22,597.222222222222,1085.88888888889
"distance",20,20,0.3,9,2057879750,"outputs/wcrit/01_distance_sensitivity/designs/distance_m20_n020_lambda030_rep09.rds",0.862567847635338,6000,0.140999999999998,72,100,10579.7052631579,0.75531914893617,0.908531575649268,0.862567847635338,95,9750,18820.9473684211
"distance",5,10,0.3,9,2052506046,"outputs/wcrit/01_distance_sensitivity/designs/distance_m05_n010_lambda030_rep09.rds",0.841136919315403,6000,0.0249999999999986,4,5.55555555555556,34.2222222222222,0.75,0.880195599022005,0.841136919315403,5,32.4074074074074,47.5555555555556
"distance",10,20,0.3,9,190645979,"outputs/wcrit/01_distance_sensitivity/designs/distance_m10_n020_lambda030_rep09.rds",0.84636655948553,6000,0.0810000000000031,15,23.6842105263158,600.905263157895,0.666666666666667,0.923380799265044,0.84636655948553,22,565.789473684211,1024.10526315789
"distance",20,40,0.3,9,1780941746,"outputs/wcrit/01_distance_sensitivity/designs/distance_m20_n040_lambda030_rep09.rds",0.867486322947626,6000,0.347999999999999,64,97.4358974358974,9923.49230769231,0.670212765957447,0.952032133086275,0.867486322947626,95,9500,18328.6666666667
"distance",5,15,0.3,9,30881379,"outputs/wcrit/01_distance_sensitivity/designs/distance_m05_n015_lambda030_rep09.rds",0.74504262574595,6000,0.036999999999999,2,5.33333333333333,31.847619047619,0.25,0.957203751065644,0.74504262574595,5,31.25,45.2142857142857
"distance",10,30,0.3,9,52176977,"outputs/wcrit/01_distance_sensitivity/designs/distance_m10_n030_lambda030_rep09.rds",0.833236324795704,6000,0.113,13,23.2758620689655,580.526436781609,0.571428571428571,0.945439647667332,0.833236324795704,22,556.034482758621,1004.93103448276
"distance",20,60,0.3,9,1504003742,"outputs/wcrit/01_distance_sensitivity/designs/distance_m20_n060_lambda030_rep09.rds",0.864734228276131,6000,0.576000000000001,60,96.6101694915254,9714.05875706215,0.627659574468085,0.966337651336722,0.864734228276131,95,9419.49152542373,18170.1355932203
"distance",5,20,0.3,9,1914037044,"outputs/wcrit/01_distance_sensitivity/designs/distance_m05_n020_lambda030_rep09.rds",0.747879581151832,6000,0.0380000000000038,2,5.26315789473684,31.2210526315789,0.25,0.961256544502618,0.747879581151832,5,30.7017543859649,44.1052631578947
"distance",10,40,0.3,9,2061191604,"outputs/wcrit/01_distance_sensitivity/designs/distance_m10_n040_lambda030_rep09.rds",0.809634612847909,6000,0.170999999999999,11,23.0769230769231,572.369230769231,0.476190476190476,0.952539242843952,0.809634612847909,22,551.282051282051,995.589743589744
"distance",20,80,0.3,9,1227065738,"outputs/wcrit/01_distance_sensitivity/designs/distance_m20_n080_lambda030_rep09.rds",0.858970407435658,6000,0.841000000000001,56,96.2025316455696,9585.86962025316,0.585106382978723,0.976340703631487,0.858970407435658,95,9379.74683544304,18091.8734177215
"distance",5,25,0.3,9,2039896006,"outputs/wcrit/01_distance_sensitivity/designs/distance_m05_n025_lambda030_rep09.rds",0.747981412639405,6000,0.0529999999999973,2,5.2,30.8866666666667,0.25,0.961402018056293,0.747981412639405,5,30.3819444444444,43.4583333333333
"distance",10,50,0.3,9,1922722602,"outputs/wcrit/01_distance_sensitivity/designs/distance_m10_n050_lambda030_rep09.rds",0.806358285027663,6000,0.228999999999999,10,22.9591836734694,562.482448979592,0.428571428571429,0.968266937794621,0.806358285027663,22,548.469387755102,990.061224489796
"distance",20,100,0.3,9,636889410,"outputs/wcrit/01_distance_sensitivity/designs/distance_m20_n100_lambda030_rep09.rds",0.855569150345989,6000,1.152,54,95.959595959596,9524.62787878788,0.563829787234043,0.980600305965395,0.855569150345989,95,9356.06060606061,18045.2323232323
"distance",5,5,0.4,9,776752668,"outputs/wcrit/01_distance_sensitivity/designs/distance_m05_n005_lambda040_rep09.rds",0.783628509719222,6000,0.0189999999999984,4,6,40.2,0.75,0.806047516198704,0.783628509719222,5,36.4583333333333,55.75
"distance",10,10,0.4,9,329132142,"outputs/wcrit/01_distance_sensitivity/designs/distance_m10_n010_lambda040_rep09.rds",0.844248684466966,6000,0.0379999999999967,19,25,677.533333333333,0.857142857142857,0.835652569349704,0.844248684466966,22,597.222222222222,1085.88888888889
"distance",20,20,0.4,9,2057896911,"outputs/wcrit/01_distance_sensitivity/designs/distance_m20_n020_lambda040_rep09.rds",0.866358071176131,6000,0.147999999999996,76,100,10548.1052631579,0.797872340425532,0.912015225009864,0.866358071176131,95,9750,18820.9473684211
"distance",5,10,0.4,9,2052523207,"outputs/wcrit/01_distance_sensitivity/designs/distance_m05_n010_lambda040_rep09.rds",0.828117359413203,6000,0.0249999999999986,4,5.55555555555556,34.2222222222222,0.75,0.880195599022005,0.828117359413203,5,32.4074074074074,47.5555555555556
"distance",10,20,0.4,9,190663140,"outputs/wcrit/01_distance_sensitivity/designs/distance_m10_n020_lambda040_rep09.rds",0.822018067677232,6000,0.0719999999999956,15,23.6842105263158,599.894736842105,0.666666666666667,0.925585668350942,0.822018067677232,22,565.789473684211,1024.10526315789
"distance",20,40,0.4,9,1780958907,"outputs/wcrit/01_distance_sensitivity/designs/distance_m20_n040_lambda040_rep09.rds",0.831523189906214,6000,0.340999999999994,62,97.4358974358974,9912.75897435897,0.648936170212766,0.953247869701845,0.831523189906214,95,9500,18328.6666666667
"distance",5,15,0.4,9,30898540,"outputs/wcrit/01_distance_sensitivity/designs/distance_m05_n015_lambda040_rep09.rds",0.771048593350384,6000,0.0309999999999988,3,5.33333333333333,31.9238095238095,0.5,0.951747655583973,0.771048593350384,5,31.25,45.2142857142857
"distance",10,30,0.4,9,52194138,"outputs/wcrit/01_distance_sensitivity/designs/distance_m10_n030_lambda040_rep09.rds",0.799202861971336,6000,0.122,13,23.2758620689655,578.006896551724,0.571428571428571,0.951052388999846,0.799202861971336,22,556.034482758621,1004.93103448276
"distance",20,60,0.4,9,1504020903,"outputs/wcrit/01_distance_sensitivity/designs/distance_m20_n060_lambda040_rep09.rds",0.825054276155285,6000,0.555999999999997,58,96.6101694915254,9674.70282485876,0.606382978723404,0.970835141109871,0.825054276155285,95,9419.49152542373,18170.1355932203
"distance",5,20,0.4,9,1914054205,"outputs/wcrit/01_distance_sensitivity/designs/distance_m05_n020_lambda040_rep09.rds",0.675811518324607,6000,0.0399999999999991,2,5.26315789473684,31.2421052631579,0.25,0.959685863874345,0.675811518324607,5,30.7017543859649,44.1052631578947
"distance",10,40,0.4,9,2061208765,"outputs/wcrit/01_distance_sensitivity/designs/distance_m10_n040_lambda040_rep09.rds",0.78137976520248,6000,0.168999999999997,12,23.0769230769231,572.123076923077,0.523809523809524,0.953093259464451,0.78137976520248,22,551.282051282051,995.589743589744
"distance",20,80,0.4,9,1227082899,"outputs/wcrit/01_distance_sensitivity/designs/distance_m20_n080_lambda040_rep09.rds",0.815232924466784,6000,0.832999999999998,55,96.2025316455696,9591.07848101266,0.574468085106383,0.975742817373717,0.815232924466784,95,9379.74683544304,18091.8734177215
"distance",5,25,0.4,9,2039913167,"outputs/wcrit/01_distance_sensitivity/designs/distance_m05_n025_lambda040_rep09.rds",0.683265002655337,6000,0.0619999999999976,2,5.2,30.7466666666667,0.25,0.972108337758895,0.683265002655337,5,30.3819444444444,43.4583333333333
"distance",10,50,0.4,9,1922739763,"outputs/wcrit/01_distance_sensitivity/designs/distance_m10_n050_lambda040_rep09.rds",0.752752538523497,6000,0.231000000000002,10,22.9591836734694,562.214693877551,0.428571428571429,0.968873278491543,0.752752538523497,22,548.469387755102,990.061224489796
"distance",20,100,0.4,9,636906571,"outputs/wcrit/01_distance_sensitivity/designs/distance_m20_n100_lambda040_rep09.rds",0.813876921101274,6000,1.155,54,95.959595959596,9524.84767676768,0.563829787234043,0.980575010346094,0.813876921101274,95,9356.06060606061,18045.2323232323
"distance",5,5,0.5,9,776769829,"outputs/wcrit/01_distance_sensitivity/designs/distance_m05_n005_lambda050_rep09.rds",0.778023758099352,6000,0.0120000000000005,4,6,40.2,0.75,0.806047516198704,0.778023758099352,5,36.4583333333333,55.75
"distance",10,10,0.5,9,329149303,"outputs/wcrit/01_distance_sensitivity/designs/distance_m10_n010_lambda050_rep09.rds",0.845852010654193,6000,0.0390000000000015,19,25,678.066666666667,0.857142857142857,0.83456116416553,0.845852010654193,22,597.222222222222,1085.88888888889
"distance",20,20,0.5,9,2057914072,"outputs/wcrit/01_distance_sensitivity/designs/distance_m20_n020_lambda050_rep09.rds",0.842954729397078,6000,0.143000000000001,74,100,10572.6105263158,0.776595744680851,0.909313714113306,0.842954729397078,95,9750,18820.9473684211
"distance",5,10,0.5,9,2052540368,"outputs/wcrit/01_distance_sensitivity/designs/distance_m05_n010_lambda050_rep09.rds",0.815097799511002,6000,0.0180000000000007,4,5.55555555555556,34.2222222222222,0.75,0.880195599022005,0.815097799511002,5,32.4074074074074,47.5555555555556
"distance",10,20,0.5,9,190680301,"outputs/wcrit/01_distance_sensitivity/designs/distance_m10_n020_lambda050_rep09.rds",0.79525340682897,6000,0.0700000000000003,15,23.6842105263158,600.694736842105,0.666666666666667,0.923840146991272,0.79525340682897,22,565.789473684211,1024.10526315789
"distance",20,40,0.5,9,1780976068,"outputs/wcrit/01_distance_sensitivity/designs/distance_m20_n040_lambda050_rep09.rds",0.805548884609761,6000,0.341999999999999,63,97.4358974358974,9927.98461538462,0.659574468085106,0.951523301134416,0.805548884609761,95,9500,18328.6666666667
"distance",5,15,0.5,9,30915701,"outputs/wcrit/01_distance_sensitivity/designs/distance_m05_n015_lambda050_rep09.rds",0.720417732310315,6000,0.036999999999999,3,5.33333333333333,32.0761904761905,0.5,0.940835464620631,0.720417732310315,5,31.25,45.2142857142857
"distance",10,30,0.5,9,52211299,"outputs/wcrit/01_distance_sensitivity/designs/distance_m10_n030_lambda050_rep09.rds",0.758085873771847,6000,0.119999999999997,13,23.2758620689655,580.83908045977,0.571428571428571,0.944743176115123,0.758085873771847,22,556.034482758621,1004.93103448276
"distance",20,60,0.5,9,1504038064,"outputs/wcrit/01_distance_sensitivity/designs/distance_m20_n060_lambda050_rep09.rds",0.787794010951719,6000,0.582000000000001,58,96.6101694915254,9688.96723163842,0.606382978723404,0.969205043180034,0.787794010951719,95,9419.49152542373,18170.1355932203
"distance",5,20,0.5,9,1914071366,"outputs/wcrit/01_distance_sensitivity/designs/distance_m05_n020_lambda050_rep09.rds",0.59934554973822,6000,0.0399999999999991,2,5.26315789473684,31.3894736842105,0.25,0.94869109947644,0.59934554973822,5,30.7017543859649,44.1052631578947
"distance",10,40,0.5,9,2061225926,"outputs/wcrit/01_distance_sensitivity/designs/distance_m10_n040_lambda050_rep09.rds",0.739801807149453,6000,0.181000000000004,12,23.0769230769231,570.923076923077,0.523809523809524,0.955794090489381,0.739801807149453,22,551.282051282051,995.589743589744
"distance",20,80,0.5,9,1227100060,"outputs/wcrit/01_distance_sensitivity/designs/distance_m20_n080_lambda050_rep09.rds",0.781065638856483,6000,0.844999999999999,56,96.2025316455696,9579.90886075949,0.585106382978723,0.977024894734242,0.781065638856483,95,9379.74683544304,18091.8734177215
"distance",5,25,0.5,9,2039930328,"outputs/wcrit/01_distance_sensitivity/designs/distance_m05_n025_lambda050_rep09.rds",0.597543813064259,6000,0.0649999999999977,2,5.2,31.1,0.25,0.945087626128518,0.597543813064259,5,30.3819444444444,43.4583333333333
"distance",10,50,0.5,9,1922756924,"outputs/wcrit/01_distance_sensitivity/designs/distance_m10_n050_lambda050_rep09.rds",0.722361806169922,6000,0.222000000000001,11,22.9591836734694,562.364897959184,0.476190476190476,0.968533136149367,0.722361806169922,22,548.469387755102,990.061224489796
"distance",20,100,0.5,9,636923732,"outputs/wcrit/01_distance_sensitivity/designs/distance_m20_n100_lambda050_rep09.rds",0.767225856697665,6000,1.129,53,95.959595959596,9518.89373737374,0.553191489361702,0.981260224033628,0.767225856697665,95,9356.06060606061,18045.2323232323
"distance",5,5,0.6,9,776786990,"outputs/wcrit/01_distance_sensitivity/designs/distance_m05_n005_lambda060_rep09.rds",0.772419006479482,6000,0.0139999999999958,4,6,40.2,0.75,0.806047516198704,0.772419006479482,5,36.4583333333333,55.75
"distance",10,10,0.6,9,329166464,"outputs/wcrit/01_distance_sensitivity/designs/distance_m10_n010_lambda060_rep09.rds",0.877263691288248,6000,0.0390000000000015,20,25,677.355555555556,0.904761904761905,0.836016371077762,0.877263691288248,22,597.222222222222,1085.88888888889
"distance",20,20,0.6,9,2057931233,"outputs/wcrit/01_distance_sensitivity/designs/distance_m20_n020_lambda060_rep09.rds",0.811480917628805,6000,0.149000000000001,71,100,10551.1368421053,0.74468085106383,0.911681017476269,0.811480917628805,95,9750,18820.9473684211
"distance",5,10,0.6,9,2052557529,"outputs/wcrit/01_distance_sensitivity/designs/distance_m05_n010_lambda060_rep09.rds",0.811466992665037,6000,0.0159999999999982,4,5.55555555555556,33.8666666666667,0.75,0.903667481662591,0.811466992665037,5,32.4074074074074,47.5555555555556
"distance",10,20,0.6,9,190697462,"outputs/wcrit/01_distance_sensitivity/designs/distance_m10_n020_lambda060_rep09.rds",0.738906752411576,6000,0.080999999999996,14,23.6842105263158,603.052631578947,0.619047619047619,0.91869545245751,0.738906752411576,22,565.789473684211,1024.10526315789
"distance",20,40,0.6,9,1780993229,"outputs/wcrit/01_distance_sensitivity/designs/distance_m20_n040_lambda060_rep09.rds",0.778620975439206,6000,0.341999999999999,63,97.4358974358974,9877.94871794872,0.659574468085106,0.957190736470356,0.778620975439206,95,9500,18328.6666666667
"distance",5,15,0.6,9,30932862,"outputs/wcrit/01_distance_sensitivity/designs/distance_m05_n015_lambda060_rep09.rds",0.535609548167093,6000,0.0360000000000014,2,5.33333333333333,31.752380952381,0.25,0.964023870417732,0.535609548167093,5,31.25,45.2142857142857
"distance",10,30,0.6,9,52228460,"outputs/wcrit/01_distance_sensitivity/designs/distance_m10_n030_lambda060_rep09.rds",0.693395664610905,6000,0.122,12,23.2758620689655,579.47816091954,0.523809523809524,0.947774875812977,0.693395664610905,22,556.034482758621,1004.93103448276
"distance",20,60,0.6,9,1504055225,"outputs/wcrit/01_distance_sensitivity/designs/distance_m20_n060_lambda060_rep09.rds",0.757852326306193,6000,0.57,59,96.6101694915254,9689.89604519774,0.617021276595745,0.969098900871865,0.757852326306193,95,9419.49152542373,18170.1355932203
"distance",5,20,0.6,9,1914088527,"outputs/wcrit/01_distance_sensitivity/designs/distance_m05_n020_lambda060_rep09.rds",0.534502617801047,6000,0.0390000000000015,2,5.26315789473684,31.2210526315789,0.25,0.961256544502618,0.534502617801047,5,30.7017543859649,44.1052631578947
"distance",10,40,0.6,9,2061243087,"outputs/wcrit/01_distance_sensitivity/designs/distance_m10_n040_lambda060_rep09.rds",0.698246933122279,6000,0.170000000000002,12,23.0769230769231,569.097435897436,0.523809523809524,0.959903047091413,0.698246933122279,22,551.282051282051,995.589743589744
"distance",20,80,0.6,9,1227117221,"outputs/wcrit/01_distance_sensitivity/designs/distance_m20_n080_lambda060_rep09.rds",0.741375776760607,6000,0.859999999999999,56,96.2025316455696,9590.75569620253,0.585106382978723,0.975779867433433,0.741375776760607,95,9379.74683544304,18091.8734177215
"distance",5,25,0.6,9,2039947489,"outputs/wcrit/01_distance_sensitivity/designs/distance_m05_n025_lambda060_rep09.rds",0.534968667020712,6000,0.0539999999999949,2,5.2,30.8733333333333,0.25,0.962421667551779,0.534968667020712,5,30.3819444444444,43.4583333333333
"distance",10,50,0.6,9,1922774085,"outputs/wcrit/01_distance_sensitivity/designs/distance_m10_n050_lambda060_rep09.rds",0.643722023424399,6000,0.228000000000002,10,22.9591836734694,563.285714285714,0.428571428571429,0.966447915703854,0.643722023424399,22,548.469387755102,990.061224489796
"distance",20,100,0.6,9,636940893,"outputs/wcrit/01_distance_sensitivity/designs/distance_m20_n100_lambda060_rep09.rds",0.736715781338129,6000,1.155,55,95.959595959596,9529.08525252525,0.574468085106383,0.980087325685748,0.736715781338129,95,9356.06060606061,18045.2323232323
"distance",5,5,0.7,9,776804151,"outputs/wcrit/01_distance_sensitivity/designs/distance_m05_n005_lambda070_rep09.rds",0.766814254859611,6000,0.0110000000000028,4,6,40.2,0.75,0.806047516198704,0.766814254859611,5,36.4583333333333,55.75
"distance",10,10,0.7,9,329183625,"outputs/wcrit/01_distance_sensitivity/designs/distance_m10_n010_lambda070_rep09.rds",0.850695770804911,6000,0.036999999999999,19,25,677.533333333333,0.857142857142857,0.835652569349704,0.850695770804911,22,597.222222222222,1085.88888888889
"distance",20,20,0.7,9,2057948394,"outputs/wcrit/01_distance_sensitivity/designs/distance_m20_n020_lambda070_rep09.rds",0.808134378291522,6000,0.149999999999999,73,100,10597.7052631579,0.765957446808511,0.906547218418548,0.808134378291522,95,9750,18820.9473684211
"distance",5,10,0.7,9,2052574690,"outputs/wcrit/01_distance_sensitivity/designs/distance_m05_n010_lambda070_rep09.rds",0.796100244498777,6000,0.027000000000001,4,5.55555555555556,33.8666666666667,0.75,0.903667481662591,0.796100244498777,5,32.4074074074074,47.5555555555556
"distance",10,20,0.7,9,190714623,"outputs/wcrit/01_distance_sensitivity/designs/distance_m10_n020_lambda070_rep09.rds",0.71037513397642,6000,0.0840000000000032,14,23.6842105263158,600.863157894737,0.619047619047619,0.92347266881029,0.71037513397642,22,565.789473684211,1024.10526315789
"distance",20,40,0.7,9,1781010390,"outputs/wcrit/01_distance_sensitivity/designs/distance_m20_n040_lambda070_rep09.rds",0.747908599583784,6000,0.331999999999994,63,97.4358974358974,9905.9282051282,0.659574468085106,0.954021573080699,0.747908599583784,95,9500,18328.6666666667
"distance",5,15,0.7,9,30950023,"outputs/wcrit/01_distance_sensitivity/designs/distance_m05_n015_lambda070_rep09.rds",0.637161125319693,6000,0.0360000000000014,3,5.33333333333333,31.847619047619,0.5,0.957203751065644,0.637161125319693,5,31.25,45.2142857142857
"distance",10,30,0.7,9,52245621,"outputs/wcrit/01_distance_sensitivity/designs/distance_m10_n030_lambda070_rep09.rds",0.652228196855636,6000,0.125,12,23.2758620689655,577.63908045977,0.523809523809524,0.951871767296564,0.652228196855636,22,556.034482758621,1004.93103448276
"distance",20,60,0.7,9,1504072386,"outputs/wcrit/01_distance_sensitivity/designs/distance_m20_n060_lambda070_rep09.rds",0.722677723665366,6000,0.57,59,96.6101694915254,9688.92881355932,0.617021276595745,0.969209433494484,0.722677723665366,95,9419.49152542373,18170.1355932203
"distance",5,20,0.7,9,1914105688,"outputs/wcrit/01_distance_sensitivity/designs/distance_m05_n020_lambda070_rep09.rds",0.463376963350785,6000,0.0380000000000038,2,5.26315789473684,31.2210526315789,0.25,0.961256544502618,0.463376963350785,5,30.7017543859649,44.1052631578947
"distance",10,40,0.7,9,2061260248,"outputs/wcrit/01_distance_sensitivity/designs/distance_m10_n040_lambda070_rep09.rds",0.619836103416436,6000,0.168999999999997,11,23.0769230769231,571.271794871795,0.476190476190476,0.955009233610342,0.619836103416436,22,551.282051282051,995.589743589744
"distance",20,80,0.7,9,1227134382,"outputs/wcrit/01_distance_sensitivity/designs/distance_m20_n080_lambda070_rep09.rds",0.702431739631532,6000,0.852000000000004,56,96.2025316455696,9587.1746835443,0.585106382978723,0.976190905154753,0.702431739631532,95,9379.74683544304,18091.8734177215
"distance",5,25,0.7,9,2039964650,"outputs/wcrit/01_distance_sensitivity/designs/distance_m05_n025_lambda070_rep09.rds",0.458067445565587,6000,0.0640000000000001,2,5.2,31.12,0.25,0.943558151885289,0.458067445565587,5,30.3819444444444,43.4583333333333
"distance",10,50,0.7,9,1922791246,"outputs/wcrit/01_distance_sensitivity/designs/distance_m10_n050_lambda070_rep09.rds",0.590338108882521,6000,0.220999999999997,10,22.9591836734694,562.691428571429,0.428571428571429,0.967793696275072,0.590338108882521,22,548.469387755102,990.061224489796
"distance",20,100,0.7,9,636958054,"outputs/wcrit/01_distance_sensitivity/designs/distance_m20_n100_lambda070_rep09.rds",0.681655856304895,6000,1.175,53,95.959595959596,9517.62666666667,0.553191489361702,0.98140604583901,0.681655856304895,95,9356.06060606061,18045.2323232323
"distance",5,5,0.8,9,776821312,"outputs/wcrit/01_distance_sensitivity/designs/distance_m05_n005_lambda080_rep09.rds",0.761209503239741,6000,0.0120000000000005,4,6,40.2,0.75,0.806047516198704,0.761209503239741,5,36.4583333333333,55.75
"distance",10,10,0.8,9,329200786,"outputs/wcrit/01_distance_sensitivity/designs/distance_m10_n010_lambda080_rep09.rds",0.890648996297018,6000,0.0379999999999967,20,25,678.244444444444,0.904761904761905,0.834197362437472,0.890648996297018,22,597.222222222222,1085.88888888889
"distance",20,20,0.8,9,2057965555,"outputs/wcrit/01_distance_sensitivity/designs/distance_m20_n020_lambda080_rep09.rds",0.79462870026947,6000,0.154000000000003,73,100,10572.6105263158,0.765957446808511,0.909313714113306,0.79462870026947,95,9750,18820.9473684211
"distance",5,10,0.8,9,2052591851,"outputs/wcrit/01_distance_sensitivity/designs/distance_m05_n010_lambda080_rep09.rds",0.776039119804401,6000,0.027000000000001,4,5.55555555555556,34.2222222222222,0.75,0.880195599022005,0.776039119804401,5,32.4074074074074,47.5555555555556
"distance",10,20,0.8,9,190731784,"outputs/wcrit/01_distance_sensitivity/designs/distance_m10_n020_lambda080_rep09.rds",0.715859745827591,6000,0.0799999999999983,15,23.6842105263158,605.831578947368,0.666666666666667,0.912632062471291,0.715859745827591,22,565.789473684211,1024.10526315789
"distance",20,40,0.8,9,1781027551,"outputs/wcrit/01_distance_sensitivity/designs/distance_m20_n040_lambda080_rep09.rds",0.717799387083168,6000,0.417999999999999,63,97.4358974358974,9935.26153846154,0.659574468085106,0.950699063075413,0.717799387083168,95,9500,18328.6666666667
"distance",5,15,0.8,9,30967184,"outputs/wcrit/01_distance_sensitivity/designs/distance_m05_n015_lambda080_rep09.rds",0.39307757885763,6000,0.0349999999999966,2,5.33333333333333,31.7333333333333,0.25,0.96538789428815,0.39307757885763,5,31.25,45.2142857142857
"distance",10,30,0.8,9,52262782,"outputs/wcrit/01_distance_sensitivity/designs/distance_m10_n030_lambda080_rep09.rds",0.608143742364053,6000,0.122999999999998,12,23.2758620689655,580.508045977012,0.523809523809524,0.945480616582168,0.608143742364053,22,556.034482758621,1004.93103448276
"distance",20,60,0.8,9,1504089547,"outputs/wcrit/01_distance_sensitivity/designs/distance_m20_n060_lambda080_rep09.rds",0.695851111084736,6000,0.665999999999997,60,96.6101694915254,9694.11073446328,0.627659574468085,0.968617257551341,0.695851111084736,95,9419.49152542373,18170.1355932203
"distance",5,20,0.8,9,1914122849,"outputs/wcrit/01_distance_sensitivity/designs/distance_m05_n020_lambda080_rep09.rds",0.390994764397906,6000,0.0390000000000015,2,5.26315789473684,31.3052631578947,0.25,0.954973821989529,0.390994764397906,5,30.7017543859649,44.1052631578947
"distance",10,40,0.8,9,2061277409,"outputs/wcrit/01_distance_sensitivity/designs/distance_m10_n040_lambda080_rep09.rds",0.57296992481203,6000,0.167000000000002,11,23.0769230769231,569.015384615385,0.476190476190476,0.960087719298246,0.57296992481203,22,551.282051282051,995.589743589744
"distance",20,80,0.8,9,1227151543,"outputs/wcrit/01_distance_sensitivity/designs/distance_m20_n080_lambda080_rep09.rds",0.663472156006812,6000,0.921999999999997,56,96.2025316455696,9580.68987341772,0.585106382978723,0.976935248119165,0.663472156006812,95,9379.74683544304,18091.8734177215
"distance",5,25,0.8,9,2039981811,"outputs/wcrit/01_distance_sensitivity/designs/distance_m05_n025_lambda080_rep09.rds",0.390445034519384,6000,0.0549999999999997,2,5.2,31.0066666666667,0.25,0.95222517259692,0.390445034519384,5,30.3819444444444,43.4583333333333
"distance",10,50,0.8,9,1922808407,"outputs/wcrit/01_distance_sensitivity/designs/distance_m10_n050_lambda080_rep09.rds",0.536347853643722,6000,0.225000000000001,10,22.9591836734694,562.841632653061,0.428571428571429,0.967453553932896,0.536347853643722,22,548.469387755102,990.061224489796
"distance",20,100,0.8,9,636975215,"outputs/wcrit/01_distance_sensitivity/designs/distance_m20_n100_lambda080_rep09.rds",0.638525477906451,6000,1.242,53,95.959595959596,9531.04808080808,0.553191489361702,0.979861432085447,0.638525477906451,95,9356.06060606061,18045.2323232323
"distance",5,5,0.9,9,776838473,"outputs/wcrit/01_distance_sensitivity/designs/distance_m05_n005_lambda090_rep09.rds",0.75560475161987,6000,0.019999999999996,4,6,40.2,0.75,0.806047516198704,0.75560475161987,5,36.4583333333333,55.75
"distance",10,10,0.9,9,329217947,"outputs/wcrit/01_distance_sensitivity/designs/distance_m10_n010_lambda090_rep09.rds",0.854593646462678,6000,0.0360000000000014,19,25,679.488888888889,0.857142857142857,0.831650750341064,0.854593646462678,22,597.222222222222,1085.88888888889
"distance",20,20,0.9,9,2057982716,"outputs/wcrit/01_distance_sensitivity/designs/distance_m20_n020_lambda090_rep09.rds",0.780202094821511,6000,0.144000000000005,73,100,10580.8631578947,0.765957446808511,0.90840392693852,0.780202094821511,95,9750,18820.9473684211
"distance",5,10,0.9,9,2052609012,"outputs/wcrit/01_distance_sensitivity/designs/distance_m05_n010_lambda090_rep09.rds",0.7630195599022,6000,0.0189999999999984,4,5.55555555555556,34.2222222222222,0.75,0.880195599022005,0.7630195599022,5,32.4074074074074,47.5555555555556
"distance",10,20,0.9,9,190748945,"outputs/wcrit/01_distance_sensitivity/designs/distance_m10_n020_lambda090_rep09.rds",0.649471750114837,6000,0.0770000000000053,14,23.6842105263158,600.947368421053,0.619047619047619,0.923288929719798,0.649471750114837,22,565.789473684211,1024.10526315789
"distance",20,40,0.9,9,1781044712,"outputs/wcrit/01_distance_sensitivity/designs/distance_m20_n040_lambda090_rep09.rds",0.698874549788401,6000,0.429000000000002,64,97.4358974358974,9881.12820512821,0.670212765957447,0.956830604266986,0.698874549788401,95,9500,18328.6666666667
"distance",5,15,0.9,9,30984345,"outputs/wcrit/01_distance_sensitivity/designs/distance_m05_n015_lambda090_rep09.rds",0.32112958226769,6000,0.0380000000000038,2,5.33333333333333,31.7904761904762,0.25,0.961295822676897,0.32112958226769,5,31.25,45.2142857142857
"distance",10,30,0.9,9,52279943,"outputs/wcrit/01_distance_sensitivity/designs/distance_m10_n030_lambda090_rep09.rds",0.60866170650162,6000,0.122,13,23.2758620689655,581.280459770115,0.571428571428571,0.943759922159062,0.60866170650162,22,556.034482758621,1004.93103448276
"distance",20,60,0.9,9,1504106708,"outputs/wcrit/01_distance_sensitivity/designs/distance_m20_n060_lambda090_rep09.rds",0.652065409421274,6000,0.659999999999997,59,96.6101694915254,9704.21468926554,0.617021276595745,0.967462604851039,0.652065409421274,95,9419.49152542373,18170.1355932203
"distance",5,20,0.9,9,1914140010,"outputs/wcrit/01_distance_sensitivity/designs/distance_m05_n020_lambda090_rep09.rds",0.321753926701571,6000,0.0399999999999991,2,5.26315789473684,31.1368421052632,0.25,0.967539267015707,0.321753926701571,5,30.7017543859649,44.1052631578947
"distance",10,40,0.9,9,2061294570,"outputs/wcrit/01_distance_sensitivity/designs/distance_m10_n040_lambda090_rep09.rds",0.524471705579739,6000,0.257000000000005,11,23.0769230769231,569.497435897436,0.476190476190476,0.959002770083102,0.524471705579739,22,551.282051282051,995.589743589744
"distance",20,80,0.9,9,1227168704,"outputs/wcrit/01_distance_sensitivity/designs/distance_m20_n080_lambda090_rep09.rds",0.614696508848766,6000,0.907000000000004,55,96.2025316455696,9582.2835443038,0.574468085106383,0.976752322530214,0.614696508848766,95,9379.74683544304,18091.8734177215
"distance",5,25,0.9,9,2039998972,"outputs/wcrit/01_distance_sensitivity/designs/distance_m05_n025_lambda090_rep09.rds",0.321293149229952,6000,0.0529999999999973,2,5.2,30.8666666666667,0.25,0.962931492299522,0.321293149229952,5,30.3819444444444,43.4583333333333
"distance",10,50,0.9,9,1922825568,"outputs/wcrit/01_distance_sensitivity/designs/distance_m10_n050_lambda090_rep09.rds",0.525290164129243,6000,0.222999999999999,11,22.9591836734694,562.959183673469,0.476190476190476,0.967187355578149,0.525290164129243,22,548.469387755102,990.061224489796
"distance",20,100,0.9,9,636992376,"outputs/wcrit/01_distance_sensitivity/designs/distance_m20_n100_lambda090_rep09.rds",0.605397323955381,6000,1.148,54,95.959595959596,9534.14383838384,0.563829787234043,0.979505154447426,0.605397323955381,95,9356.06060606061,18045.2323232323
"distance",5,5,1,9,751147569,"outputs/wcrit/01_distance_sensitivity/designs/distance_m05_n005_lambda100_rep09.rds",0.75,6000,0.0129999999999981,4,6,40.2,0.75,0.806047516198704,0.75,5,36.4583333333333,55.75
"distance",10,10,1,9,2126507102,"outputs/wcrit/01_distance_sensitivity/designs/distance_m10_n010_lambda100_rep09.rds",0.857142857142857,6000,0.036999999999999,19,25,680.911111111111,0.857142857142857,0.828740336516598,0.857142857142857,22,597.222222222222,1085.88888888889
"distance",20,20,1,9,1091721201,"outputs/wcrit/01_distance_sensitivity/designs/distance_m20_n020_lambda100_rep09.rds",0.765957446808511,6000,0.143000000000001,73,100,10583.6631578947,0.765957446808511,0.908095249147075,0.765957446808511,95,9750,18820.9473684211
"distance",5,10,1,9,1324601666,"outputs/wcrit/01_distance_sensitivity/designs/distance_m05_n010_lambda100_rep09.rds",0.75,6000,0.017000000000003,4,5.55555555555556,34.2222222222222,0.75,0.880195599022005,0.75,5,32.4074074074074,47.5555555555556
"distance",10,20,1,9,2051291431,"outputs/wcrit/01_distance_sensitivity/designs/distance_m10_n020_lambda100_rep09.rds",0.619047619047619,6000,0.0769999999999982,14,23.6842105263158,606.210526315789,0.619047619047619,0.911805236564079,0.619047619047619,22,565.789473684211,1024.10526315789
"distance",20,40,1,9,941289859,"outputs/wcrit/01_distance_sensitivity/designs/distance_m20_n040_lambda100_rep09.rds",0.670212765957447,6000,0.347999999999999,64,97.4358974358974,9879.58974358974,0.670212765957447,0.957004861784745,0.670212765957447,95,9500,18328.6666666667
"distance",5,15,1,9,649617642,"outputs/wcrit/01_distance_sensitivity/designs/distance_m05_n015_lambda100_rep09.rds",0.25,6000,0.0300000000000011,2,5.33333333333333,33.2571428571429,0.25,0.856265984654731,0.25,5,31.25,45.2142857142857
"distance",10,30,1,9,1976075760,"outputs/wcrit/01_distance_sensitivity/designs/distance_m10_n030_lambda100_rep09.rds",0.571428571428571,6000,0.113,13,23.2758620689655,579.95632183908,0.571428571428571,0.946709684027244,0.571428571428571,22,556.034482758621,1004.93103448276
"distance",20,60,1,9,790858517,"outputs/wcrit/01_distance_sensitivity/designs/distance_m20_n060_lambda100_rep09.rds",0.627659574468085,6000,0.573,60,96.6101694915254,9703.62937853107,0.627659574468085,0.967529492582951,0.627659574468085,95,9419.49152542373,18170.1355932203
"distance",5,20,1,9,1249385995,"outputs/wcrit/01_distance_sensitivity/designs/distance_m05_n020_lambda100_rep09.rds",0.25,6000,0.0390000000000015,2,5.26315789473684,31.9157894736842,0.25,0.909424083769633,0.25,5,30.7017543859649,44.1052631578947
"distance",10,40,1,9,1900860089,"outputs/wcrit/01_distance_sensitivity/designs/distance_m10_n040_lambda100_rep09.rds",0.476190476190476,6000,0.167999999999999,11,23.0769230769231,568.071794871795,0.476190476190476,0.962211449676824,0.476190476190476,22,551.282051282051,995.589743589744
"distance",20,80,1,9,640427175,"outputs/wcrit/01_distance_sensitivity/designs/distance_m20_n080_lambda100_rep09.rds",0.585106382978723,6000,0.835999999999999,56,96.2025316455696,9586.94303797468,0.585106382978723,0.976217494021138,0.585106382978723,95,9379.74683544304,18091.8734177215
"distance",5,25,1,9,574401971,"outputs/wcrit/01_distance_sensitivity/designs/distance_m05_n025_lambda100_rep09.rds",0.25,6000,0.0549999999999997,2,5.2,30.8066666666667,0.25,0.967519915029208,0.25,5,30.3819444444444,43.4583333333333
"distance",10,50,1,9,1825644418,"outputs/wcrit/01_distance_sensitivity/designs/distance_m10_n050_lambda100_rep09.rds",0.428571428571429,6000,0.219000000000001,10,22.9591836734694,567.406530612245,0.428571428571429,0.957116184490249,0.428571428571429,22,548.469387755102,990.061224489796
"distance",20,100,1,9,1805046950,"outputs/wcrit/01_distance_sensitivity/designs/distance_m20_n100_lambda100_rep09.rds",0.563829787234043,6000,1.15,54,95.959595959596,9522.38222222222,0.563829787234043,0.980858749075826,0.563829787234043,95,9356.06060606061,18045.2323232323
"distance",5,5,0,10,1761319013,"outputs/wcrit/01_distance_sensitivity/designs/distance_m05_n005_lambda000_rep10.rds",0.806047516198704,6000,0.019999999999996,4,6,40.2,0.75,0.806047516198704,0.806047516198704,5,36.4583333333333,55.75
"distance",10,10,0,10,1544793000,"outputs/wcrit/01_distance_sensitivity/designs/distance_m10_n010_lambda000_rep10.rds",0.835288767621646,6000,0.0360000000000014,19,25,677.711111111111,0.857142857142857,0.835288767621646,0.835288767621646,22,597.222222222222,1085.88888888889
"distance",20,20,0,10,1279308596,"outputs/wcrit/01_distance_sensitivity/designs/distance_m20_n020_lambda000_rep10.rds",0.91161371179242,6000,0.145000000000003,67,100,10551.7473684211,0.702127659574468,0.91161371179242,0.91161371179242,95,9750,18820.9473684211
"distance",5,10,0,10,1721878705,"outputs/wcrit/01_distance_sensitivity/designs/distance_m05_n010_lambda000_rep10.rds",0.891931540342298,6000,0.0249999999999986,3,5.55555555555556,34.0444444444444,0.5,0.891931540342298,0.891931540342298,5,32.4074074074074,47.5555555555556
"distance",10,20,0,10,281474615,"outputs/wcrit/01_distance_sensitivity/designs/distance_m10_n020_lambda000_rep10.rds",0.923105190629306,6000,0.0769999999999982,14,23.6842105263158,601.031578947368,0.619047619047619,0.923105190629306,0.923105190629306,22,565.789473684211,1024.10526315789
"distance",20,40,0,10,900155455,"outputs/wcrit/01_distance_sensitivity/designs/distance_m20_n040_lambda000_rep10.rds",0.956609297219431,6000,0.341000000000001,57,97.4358974358974,9883.08205128205,0.595744680851064,0.956609297219431,0.956609297219431,95,9500,18328.6666666667
"distance",5,15,0,10,1345800350,"outputs/wcrit/01_distance_sensitivity/designs/distance_m05_n015_lambda000_rep10.rds",0.951747655583973,6000,0.0360000000000014,1,5.33333333333333,31.9238095238095,0,0.951747655583973,0.951747655583973,5,31.25,45.2142857142857
"distance",10,30,0,10,1165639859,"outputs/wcrit/01_distance_sensitivity/designs/distance_m10_n030_lambda000_rep10.rds",0.951544015977877,6000,0.122,8,23.2758620689655,577.786206896552,0.333333333333333,0.951544015977877,0.951544015977877,22,556.034482758621,1004.93103448276
"distance",20,60,0,10,521002314,"outputs/wcrit/01_distance_sensitivity/designs/distance_m20_n060_lambda000_rep10.rds",0.970373383331267,6000,0.579999999999998,47,96.6101694915254,9678.74350282486,0.48936170212766,0.970373383331267,0.970373383331267,95,9419.49152542373,18170.1355932203
"distance",5,20,0,10,458560320,"outputs/wcrit/01_distance_sensitivity/designs/distance_m05_n020_lambda000_rep10.rds",0.953403141361256,6000,0.0409999999999968,2,5.26315789473684,31.3263157894737,0.25,0.953403141361256,0.953403141361256,5,30.7017543859649,44.1052631578947
"distance",10,40,0,10,2049805103,"outputs/wcrit/01_distance_sensitivity/designs/distance_m10_n040_lambda000_rep10.rds",0.96191135734072,6000,0.171999999999997,10,23.0769230769231,568.205128205128,0.428571428571429,0.96191135734072,0.96191135734072,22,551.282051282051,995.589743589744
"distance",20,80,0,10,141849173,"outputs/wcrit/01_distance_sensitivity/designs/distance_m20_n080_lambda000_rep10.rds",0.977653147511544,6000,0.847000000000001,47,96.2025316455696,9574.43544303798,0.48936170212766,0.977653147511544,0.977653147511544,95,9379.74683544304,18091.8734177215
"distance",5,25,0,10,82481965,"outputs/wcrit/01_distance_sensitivity/designs/distance_m05_n025_lambda000_rep10.rds",0.971088688263409,6000,0.0599999999999952,1,5.2,30.76,0,0.971088688263409,0.971088688263409,5,30.3819444444444,43.4583333333333
"distance",10,50,0,10,786486718,"outputs/wcrit/01_distance_sensitivity/designs/distance_m10_n050_lambda000_rep10.rds",0.97234864590073,6000,0.230000000000004,9,22.9591836734694,560.68,0.380952380952381,0.97234864590073,0.97234864590073,22,548.469387755102,990.061224489796
"distance",20,100,0,10,235702039,"outputs/wcrit/01_distance_sensitivity/designs/distance_m20_n100_lambda000_rep10.rds",0.982383647126111,6000,1.161,46,95.959595959596,9509.13212121212,0.478723404255319,0.982383647126111,0.982383647126111,95,9356.06060606061,18045.2323232323
"distance",5,5,0.1,10,816123542,"outputs/wcrit/01_distance_sensitivity/designs/distance_m05_n005_lambda010_rep10.rds",0.800442764578834,6000,0.0150000000000006,4,6,40.2,0.75,0.806047516198704,0.800442764578834,5,36.4583333333333,55.75
"distance",10,10,0.1,10,159892619,"outputs/wcrit/01_distance_sensitivity/designs/distance_m10_n010_lambda010_rep10.rds",0.838456441239524,6000,0.036999999999999,19,25,677.177777777778,0.857142857142857,0.836380172805821,0.838456441239524,22,597.222222222222,1085.88888888889
"distance",20,20,0.1,10,1142296313,"outputs/wcrit/01_distance_sensitivity/designs/distance_m20_n020_lambda010_rep10.rds",0.897746375591394,6000,0.146000000000001,74,100,10555.4315789474,0.776595744680851,0.911207556803676,0.897746375591394,95,9750,18820.9473684211
"distance",5,10,0.1,10,438341089,"outputs/wcrit/01_distance_sensitivity/designs/distance_m05_n010_lambda010_rep10.rds",0.888300733496332,6000,0.027000000000001,4,5.55555555555556,33.8666666666667,0.75,0.903667481662591,0.888300733496332,5,32.4074074074074,47.5555555555556
"distance",10,20,0.1,10,1347806018,"outputs/wcrit/01_distance_sensitivity/designs/distance_m10_n020_lambda010_rep10.rds",0.892203337926811,6000,0.0820000000000007,14,23.6842105263158,601.284210526316,0.619047619047619,0.922553973357832,0.892203337926811,22,565.789473684211,1024.10526315789
"distance",20,40,0.1,10,1370639482,"outputs/wcrit/01_distance_sensitivity/designs/distance_m20_n040_lambda010_rep10.rds",0.924950146901559,6000,0.335000000000001,61,97.4358974358974,9881.39487179487,0.638297872340426,0.956800399630574,0.924950146901559,95,9500,18328.6666666667
"distance",5,15,0.1,10,1893479708,"outputs/wcrit/01_distance_sensitivity/designs/distance_m05_n015_lambda010_rep10.rds",0.885255754475703,6000,0.0390000000000015,2,5.33333333333333,31.8666666666667,0.25,0.955839727195226,0.885255754475703,5,31.25,45.2142857142857
"distance",10,30,0.1,10,388235788,"outputs/wcrit/01_distance_sensitivity/designs/distance_m10_n030_lambda010_rep10.rds",0.910213989421241,6000,0.127000000000002,13,23.2758620689655,579.441379310345,0.571428571428571,0.947856813642649,0.910213989421241,22,556.034482758621,1004.93103448276
"distance",20,60,0.1,10,1598982651,"outputs/wcrit/01_distance_sensitivity/designs/distance_m20_n060_lambda010_rep10.rds",0.934617937143445,6000,0.582999999999998,58,96.6101694915254,9672.48587570621,0.606382978723404,0.971088488079005,0.934617937143445,95,9419.49152542373,18170.1355932203
"distance",5,20,0.1,10,1626254488,"outputs/wcrit/01_distance_sensitivity/designs/distance_m05_n020_lambda010_rep10.rds",0.883062827225131,6000,0.0399999999999991,2,5.26315789473684,31.3263157894737,0.25,0.953403141361256,0.883062827225131,5,30.7017543859649,44.1052631578947
"distance",10,40,0.1,10,1576149187,"outputs/wcrit/01_distance_sensitivity/designs/distance_m10_n040_lambda010_rep10.rds",0.907891768895924,6000,0.174000000000007,10,23.0769230769231,568.54358974359,0.428571428571429,0.961149584487535,0.907891768895924,22,551.282051282051,995.589743589744
"distance",20,80,0.1,10,1827325820,"outputs/wcrit/01_distance_sensitivity/designs/distance_m20_n080_lambda010_rep10.rds",0.937360589914853,6000,0.841999999999999,56,96.2025316455696,9584.48227848101,0.585106382978723,0.97649994624109,0.937360589914853,95,9379.74683544304,18091.8734177215
"distance",5,25,0.1,10,933909478,"outputs/wcrit/01_distance_sensitivity/designs/distance_m05_n025_lambda010_rep10.rds",0.89485023898035,6000,0.0560000000000045,2,5.2,30.82,0.25,0.966500265533723,0.89485023898035,5,30.3819444444444,43.4583333333333
"distance",10,50,0.1,10,616578957,"outputs/wcrit/01_distance_sensitivity/designs/distance_m10_n050_lambda010_rep10.rds",0.914536965391573,6000,0.225000000000001,10,22.9591836734694,562.364897959184,0.428571428571429,0.968533136149367,0.914536965391573,22,548.469387755102,990.061224489796
"distance",20,100,0.1,10,1823637496,"outputs/wcrit/01_distance_sensitivity/designs/distance_m20_n100_lambda010_rep10.rds",0.937906881490795,6000,1.16,53,95.959595959596,9524.1696969697,0.553191489361702,0.980653036171806,0.937906881490795,95,9356.06060606061,18045.2323232323
"distance",5,5,0.2,10,818371633,"outputs/wcrit/01_distance_sensitivity/designs/distance_m05_n005_lambda020_rep10.rds",0.794838012958963,6000,0.0110000000000028,4,6,40.2,0.75,0.806047516198704,0.794838012958963,5,36.4583333333333,55.75
"distance",10,10,0.2,10,162140710,"outputs/wcrit/01_distance_sensitivity/designs/distance_m10_n010_lambda020_rep10.rds",0.839077502760995,6000,0.0380000000000038,19,25,678.066666666667,0.857142857142857,0.83456116416553,0.839077502760995,22,597.222222222222,1085.88888888889
"distance",20,20,0.2,10,1144544404,"outputs/wcrit/01_distance_sensitivity/designs/distance_m20_n020_lambda020_rep10.rds",0.890109303838004,6000,0.154000000000003,77,100,10561.7684210526,0.808510638297872,0.910508970223037,0.890109303838004,95,9750,18820.9473684211
"distance",5,10,0.2,10,440589180,"outputs/wcrit/01_distance_sensitivity/designs/distance_m05_n010_lambda020_rep10.rds",0.854156479217604,6000,0.0259999999999962,4,5.55555555555556,34.2222222222222,0.75,0.880195599022005,0.854156479217604,5,32.4074074074074,47.5555555555556
"distance",10,20,0.2,10,1350054109,"outputs/wcrit/01_distance_sensitivity/designs/distance_m10_n020_lambda020_rep10.rds",0.866231817485837,6000,0.0790000000000006,15,23.6842105263158,604.231578947368,0.666666666666667,0.916123105190629,0.866231817485837,22,565.789473684211,1024.10526315789
"distance",20,40,0.2,10,1372887573,"outputs/wcrit/01_distance_sensitivity/designs/distance_m20_n040_lambda020_rep10.rds",0.896917337547811,6000,0.336999999999996,64,97.4358974358974,9909.70769230769,0.670212765957447,0.953593480445402,0.896917337547811,95,9500,18328.6666666667
"distance",5,15,0.2,10,1895727799,"outputs/wcrit/01_distance_sensitivity/designs/distance_m05_n015_lambda020_rep10.rds",0.815763000852515,6000,0.0349999999999966,2,5.33333333333333,31.847619047619,0.25,0.957203751065644,0.815763000852515,5,31.25,45.2142857142857
"distance",10,30,0.2,10,390483879,"outputs/wcrit/01_distance_sensitivity/designs/distance_m10_n030_lambda020_rep10.rds",0.863702858313398,6000,0.122,12,23.2758620689655,579.073563218391,0.523809523809524,0.948676191939366,0.863702858313398,22,556.034482758621,1004.93103448276
"distance",20,60,0.2,10,1601230742,"outputs/wcrit/01_distance_sensitivity/designs/distance_m20_n060_lambda020_rep10.rds",0.899792895844818,6000,0.603000000000002,60,96.6101694915254,9701.03276836158,0.627659574468085,0.967826226189001,0.899792895844818,95,9419.49152542373,18170.1355932203
"distance",5,20,0.2,10,1628502579,"outputs/wcrit/01_distance_sensitivity/designs/distance_m05_n020_lambda020_rep10.rds",0.808952879581152,6000,0.0410000000000039,2,5.26315789473684,31.3894736842105,0.25,0.94869109947644,0.808952879581152,5,30.7017543859649,44.1052631578947
"distance",10,40,0.2,10,1578397278,"outputs/wcrit/01_distance_sensitivity/designs/distance_m10_n040_lambda020_rep10.rds",0.862920459042343,6000,0.171999999999997,11,23.0769230769231,569.230769230769,0.476190476190476,0.959602954755309,0.862920459042343,22,551.282051282051,995.589743589744
"distance",20,80,0.2,10,1829573911,"outputs/wcrit/01_distance_sensitivity/designs/distance_m20_n080_lambda020_rep10.rds",0.895621774194895,6000,0.844999999999999,55,96.2025316455696,9589.62025316456,0.574468085106383,0.975910196467022,0.895621774194895,95,9379.74683544304,18091.8734177215
"distance",5,25,0.2,10,936157569,"outputs/wcrit/01_distance_sensitivity/designs/distance_m05_n025_lambda020_rep10.rds",0.833804567180032,6000,0.0549999999999997,2,5.2,30.6466666666667,0.25,0.97975570897504,0.833804567180032,5,30.3819444444444,43.4583333333333
"distance",10,50,0.2,10,618827048,"outputs/wcrit/01_distance_sensitivity/designs/distance_m10_n050_lambda020_rep10.rds",0.857547542022632,6000,0.236999999999995,10,22.9591836734694,564.017142857143,0.428571428571429,0.964791570385433,0.857547542022632,22,548.469387755102,990.061224489796
"distance",20,100,0.2,10,1825885587,"outputs/wcrit/01_distance_sensitivity/designs/distance_m20_n100_lambda020_rep10.rds",0.896306023568813,6000,1.164,54,95.959595959596,9534.8395959596,0.563829787234043,0.979425082652506,0.896306023568813,95,9356.06060606061,18045.2323232323
"distance",5,5,0.3,10,820619724,"outputs/wcrit/01_distance_sensitivity/designs/distance_m05_n005_lambda030_rep10.rds",0.789233261339093,6000,0.0200000000000031,4,6,40.2,0.75,0.806047516198704,0.789233261339093,5,36.4583333333333,55.75
"distance",10,10,0.3,10,164388801,"outputs/wcrit/01_distance_sensitivity/designs/distance_m10_n010_lambda030_rep10.rds",0.84209965568765,6000,0.0410000000000039,19,25,677.533333333333,0.857142857142857,0.835652569349704,0.84209965568765,22,597.222222222222,1085.88888888889
"distance",20,20,0.3,10,1146792495,"outputs/wcrit/01_distance_sensitivity/designs/distance_m20_n020_lambda030_rep10.rds",0.866969678863497,6000,0.144999999999996,73,100,10564.0210526316,0.765957446808511,0.910260635458491,0.866969678863497,95,9750,18820.9473684211
"distance",5,10,0.3,10,442837271,"outputs/wcrit/01_distance_sensitivity/designs/distance_m05_n010_lambda030_rep10.rds",0.841136919315403,6000,0.0180000000000007,4,5.55555555555556,34.2222222222222,0.75,0.880195599022005,0.841136919315403,5,32.4074074074074,47.5555555555556
"distance",10,20,0.3,10,1352302200,"outputs/wcrit/01_distance_sensitivity/designs/distance_m10_n020_lambda030_rep10.rds",0.843472668810289,6000,0.0859999999999985,15,23.6842105263158,602.8,0.666666666666667,0.919246669728985,0.843472668810289,22,565.789473684211,1024.10526315789
"distance",20,40,0.3,10,1375135664,"outputs/wcrit/01_distance_sensitivity/designs/distance_m20_n040_lambda030_rep10.rds",0.869822244973196,6000,0.344999999999999,64,97.4358974358974,9894.03076923077,0.670212765957447,0.955369164551374,0.869822244973196,95,9500,18328.6666666667
"distance",5,15,0.3,10,1897975890,"outputs/wcrit/01_distance_sensitivity/designs/distance_m05_n015_lambda030_rep10.rds",0.739313725490196,6000,0.036999999999999,2,5.33333333333333,31.9619047619048,0.25,0.949019607843137,0.739313725490196,5,31.25,45.2142857142857
"distance",10,30,0.3,10,392731970,"outputs/wcrit/01_distance_sensitivity/designs/distance_m10_n030_lambda030_rep10.rds",0.83226126462261,6000,0.126000000000005,13,23.2758620689655,581.151724137931,0.571428571428571,0.944046704562913,0.83226126462261,22,556.034482758621,1004.93103448276
"distance",20,60,0.3,10,1603478833,"outputs/wcrit/01_distance_sensitivity/designs/distance_m20_n060_lambda030_rep10.rds",0.866201238936847,6000,0.585000000000001,60,96.6101694915254,9695.7197740113,0.627659574468085,0.968433380852031,0.866201238936847,95,9419.49152542373,18170.1355932203
"distance",5,20,0.3,10,1630750670,"outputs/wcrit/01_distance_sensitivity/designs/distance_m05_n020_lambda030_rep10.rds",0.739083769633508,6000,0.0339999999999989,2,5.26315789473684,31.3894736842105,0.25,0.94869109947644,0.739083769633508,5,30.7017543859649,44.1052631578947
"distance",10,40,0.3,10,1580645369,"outputs/wcrit/01_distance_sensitivity/designs/distance_m10_n040_lambda030_rep10.rds",0.816922239810051,6000,0.172999999999995,11,23.0769230769231,567.74358974359,0.476190476190476,0.962950138504155,0.816922239810051,22,551.282051282051,995.589743589744
"distance",20,80,0.3,10,1831822002,"outputs/wcrit/01_distance_sensitivity/designs/distance_m20_n080_lambda030_rep10.rds",0.85857456750354,6000,0.869,56,96.2025316455696,9590.79620253164,0.585106382978723,0.975775218014175,0.85857456750354,95,9379.74683544304,18091.8734177215
"distance",5,25,0.3,10,938405660,"outputs/wcrit/01_distance_sensitivity/designs/distance_m05_n025_lambda030_rep10.rds",0.752620817843866,6000,0.0559999999999974,2,5.2,30.8,0.25,0.968029739776952,0.752620817843866,5,30.3819444444444,43.4583333333333
"distance",10,50,0.3,10,621075139,"outputs/wcrit/01_distance_sensitivity/designs/distance_m10_n050_lambda030_rep10.rds",0.821254776649545,6000,0.234000000000002,11,22.9591836734694,562.097142857143,0.476190476190476,0.969139476846289,0.821254776649545,22,548.469387755102,990.061224489796
"distance",20,100,0.3,10,1828133678,"outputs/wcrit/01_distance_sensitivity/designs/distance_m20_n100_lambda030_rep10.rds",0.85305495119107,6000,1.187,53,95.959595959596,9516.22060606061,0.553191489361702,0.981567863403656,0.85305495119107,95,9356.06060606061,18045.2323232323
"distance",5,5,0.4,10,822867815,"outputs/wcrit/01_distance_sensitivity/designs/distance_m05_n005_lambda040_rep10.rds",0.783628509719222,6000,0.0129999999999981,4,6,40.2,0.75,0.806047516198704,0.783628509719222,5,36.4583333333333,55.75
"distance",10,10,0.4,10,166636892,"outputs/wcrit/01_distance_sensitivity/designs/distance_m10_n010_lambda040_rep10.rds",0.842502436172286,6000,0.0289999999999964,19,25,678.955555555556,0.857142857142857,0.832742155525239,0.842502436172286,22,597.222222222222,1085.88888888889
"distance",20,20,0.4,10,1149040586,"outputs/wcrit/01_distance_sensitivity/designs/distance_m20_n020_lambda040_rep10.rds",0.849798858223021,6000,0.157000000000004,73,100,10605.4526315789,0.765957446808511,0.905693132499362,0.849798858223021,95,9750,18820.9473684211
"distance",5,10,0.4,10,445085362,"outputs/wcrit/01_distance_sensitivity/designs/distance_m05_n010_lambda040_rep10.rds",0.828117359413203,6000,0.0319999999999965,4,5.55555555555556,34.2222222222222,0.75,0.880195599022005,0.828117359413203,5,32.4074074074074,47.5555555555556
"distance",10,20,0.4,10,1354550291,"outputs/wcrit/01_distance_sensitivity/designs/distance_m10_n020_lambda040_rep10.rds",0.821025876588577,6000,0.078000000000003,15,23.6842105263158,600.652631578947,0.666666666666667,0.923932016536518,0.821025876588577,22,565.789473684211,1024.10526315789
"distance",20,40,0.4,10,1377383755,"outputs/wcrit/01_distance_sensitivity/designs/distance_m20_n040_lambda040_rep10.rds",0.830428852694682,6000,0.347999999999999,62,97.4358974358974,9928.86153846154,0.648936170212766,0.951423974349293,0.830428852694682,95,9500,18328.6666666667
"distance",5,15,0.4,10,1900223981,"outputs/wcrit/01_distance_sensitivity/designs/distance_m05_n015_lambda040_rep10.rds",0.675140664961637,6000,0.0279999999999987,2,5.33333333333333,31.8285714285714,0.25,0.958567774936061,0.675140664961637,5,31.25,45.2142857142857
"distance",10,30,0.4,10,394980061,"outputs/wcrit/01_distance_sensitivity/designs/distance_m10_n030_lambda040_rep10.rds",0.798514584202094,6000,0.127000000000002,13,23.2758620689655,578.52183908046,0.571428571428571,0.949905259384442,0.798514584202094,22,556.034482758621,1004.93103448276
"distance",20,60,0.4,10,1605726924,"outputs/wcrit/01_distance_sensitivity/designs/distance_m20_n060_lambda040_rep10.rds",0.824435241817861,6000,0.576000000000001,58,96.6101694915254,9683.73107344633,0.606382978723404,0.969803417214165,0.824435241817861,95,9419.49152542373,18170.1355932203
"distance",5,20,0.4,10,1632998761,"outputs/wcrit/01_distance_sensitivity/designs/distance_m05_n020_lambda040_rep10.rds",0.676753926701571,6000,0.0379999999999967,2,5.26315789473684,31.2210526315789,0.25,0.961256544502618,0.676753926701571,5,30.7017543859649,44.1052631578947
"distance",10,40,0.4,10,1582893460,"outputs/wcrit/01_distance_sensitivity/designs/distance_m10_n040_lambda040_rep10.rds",0.766348766653476,6000,0.176000000000002,11,23.0769230769231,569.148717948718,0.476190476190476,0.959787626962142,0.766348766653476,22,551.282051282051,995.589743589744
"distance",20,80,0.4,10,1834070093,"outputs/wcrit/01_distance_sensitivity/designs/distance_m20_n080_lambda040_rep10.rds",0.820162293172717,6000,0.856999999999999,56,96.2025316455696,9581.29113924051,0.585106382978723,0.976866233302047,0.820162293172717,95,9379.74683544304,18091.8734177215
"distance",5,25,0.4,10,940653751,"outputs/wcrit/01_distance_sensitivity/designs/distance_m05_n025_lambda040_rep10.rds",0.687241635687732,6000,0.0630000000000024,2,5.2,30.66,0.25,0.978736059479554,0.687241635687732,5,30.3819444444444,43.4583333333333
"distance",10,50,0.4,10,623323230,"outputs/wcrit/01_distance_sensitivity/designs/distance_m10_n050_lambda040_rep10.rds",0.752273381484954,6000,0.231999999999999,10,22.9591836734694,562.567346938775,0.428571428571429,0.968074683427304,0.752273381484954,22,548.469387755102,990.061224489796
"distance",20,100,0.4,10,1830381769,"outputs/wcrit/01_distance_sensitivity/designs/distance_m20_n100_lambda040_rep10.rds",0.818090446679203,6000,1.2,55,95.959595959596,9525.45292929293,0.574468085106383,0.980505354394416,0.818090446679203,95,9356.06060606061,18045.2323232323
"distance",5,5,0.5,10,825115906,"outputs/wcrit/01_distance_sensitivity/designs/distance_m05_n005_lambda050_rep10.rds",0.778023758099352,6000,0.0219999999999985,4,6,40.2,0.75,0.806047516198704,0.778023758099352,5,36.4583333333333,55.75
"distance",10,10,0.5,10,168884983,"outputs/wcrit/01_distance_sensitivity/designs/distance_m10_n010_lambda050_rep10.rds",0.845852010654193,6000,0.0330000000000013,19,25,678.066666666667,0.857142857142857,0.83456116416553,0.845852010654193,22,597.222222222222,1085.88888888889
"distance",20,20,0.5,10,1151288677,"outputs/wcrit/01_distance_sensitivity/designs/distance_m20_n020_lambda050_rep10.rds",0.839546829793654,6000,0.162999999999997,73,100,10537.9368421053,0.765957446808511,0.913136212778797,0.839546829793654,95,9750,18820.9473684211
"distance",5,10,0.5,10,447333453,"outputs/wcrit/01_distance_sensitivity/designs/distance_m05_n010_lambda050_rep10.rds",0.815097799511002,6000,0.0249999999999986,4,5.55555555555556,34.2222222222222,0.75,0.880195599022005,0.815097799511002,5,32.4074074074074,47.5555555555556
"distance",10,20,0.5,10,1356798382,"outputs/wcrit/01_distance_sensitivity/designs/distance_m10_n020_lambda050_rep10.rds",0.797825754095851,6000,0.0810000000000031,15,23.6842105263158,598.336842105263,0.666666666666667,0.928984841525034,0.797825754095851,22,565.789473684211,1024.10526315789
"distance",20,40,0.5,10,1379631846,"outputs/wcrit/01_distance_sensitivity/designs/distance_m20_n040_lambda050_rep10.rds",0.812555136747042,6000,0.340000000000003,64,97.4358974358974,9898.19487179487,0.670212765957447,0.954897507536638,0.812555136747042,95,9500,18328.6666666667
"distance",5,15,0.5,10,1902472072,"outputs/wcrit/01_distance_sensitivity/designs/distance_m05_n015_lambda050_rep10.rds",0.603601875532822,6000,0.0379999999999967,2,5.33333333333333,31.847619047619,0.25,0.957203751065644,0.603601875532822,5,31.25,45.2142857142857
"distance",10,30,0.5,10,397228152,"outputs/wcrit/01_distance_sensitivity/designs/distance_m10_n030_lambda050_rep10.rds",0.757512308964145,6000,0.124000000000002,13,23.2758620689655,581.354022988506,0.571428571428571,0.943596046499718,0.757512308964145,22,556.034482758621,1004.93103448276
"distance",20,60,0.5,10,1607975015,"outputs/wcrit/01_distance_sensitivity/designs/distance_m20_n060_lambda050_rep10.rds",0.787418122558677,6000,0.574999999999996,58,96.6101694915254,9695.54576271186,0.606382978723404,0.968453266393951,0.787418122558677,95,9419.49152542373,18170.1355932203
"distance",5,20,0.5,10,1635246852,"outputs/wcrit/01_distance_sensitivity/designs/distance_m05_n020_lambda050_rep10.rds",0.601701570680628,6000,0.0380000000000038,2,5.26315789473684,31.3263157894737,0.25,0.953403141361256,0.601701570680628,5,30.7017543859649,44.1052631578947
"distance",10,40,0.5,10,1585141551,"outputs/wcrit/01_distance_sensitivity/designs/distance_m10_n040_lambda050_rep10.rds",0.71951259728268,6000,0.175999999999995,11,23.0769230769231,567.794871794872,0.476190476190476,0.962834718374884,0.71951259728268,22,551.282051282051,995.589743589744
"distance",20,80,0.5,10,1836318184,"outputs/wcrit/01_distance_sensitivity/designs/distance_m20_n080_lambda050_rep10.rds",0.780465791124964,6000,0.852999999999994,56,96.2025316455696,9590.36075949367,0.585106382978723,0.975825199271204,0.780465791124964,95,9379.74683544304,18091.8734177215
"distance",5,25,0.5,10,942901842,"outputs/wcrit/01_distance_sensitivity/designs/distance_m05_n025_lambda050_rep10.rds",0.607740308019118,6000,0.0529999999999973,2,5.2,30.8333333333333,0.25,0.965480616038237,0.607740308019118,5,30.3819444444444,43.4583333333333
"distance",10,50,0.5,10,625571321,"outputs/wcrit/01_distance_sensitivity/designs/distance_m10_n050_lambda050_rep10.rds",0.718864255564505,6000,0.222000000000001,11,22.9591836734694,565.45387755102,0.476190476190476,0.961538034938534,0.718864255564505,22,548.469387755102,990.061224489796
"distance",20,100,0.5,10,1832629860,"outputs/wcrit/01_distance_sensitivity/designs/distance_m20_n100_lambda050_rep10.rds",0.772423874956852,6000,1.195,54,95.959595959596,9520.99878787879,0.563829787234043,0.981017962679662,0.772423874956852,95,9356.06060606061,18045.2323232323
"distance",5,5,0.6,10,827363997,"outputs/wcrit/01_distance_sensitivity/designs/distance_m05_n005_lambda060_rep10.rds",0.772419006479482,6000,0.0130000000000052,4,6,40.2,0.75,0.806047516198704,0.772419006479482,5,36.4583333333333,55.75
"distance",10,10,0.6,10,171133074,"outputs/wcrit/01_distance_sensitivity/designs/distance_m10_n010_lambda060_rep10.rds",0.877554732670694,6000,0.0389999999999944,20,25,677,0.904761904761905,0.836743974533879,0.877554732670694,22,597.222222222222,1085.88888888889
"distance",20,20,0.6,10,1153536768,"outputs/wcrit/01_distance_sensitivity/designs/distance_m20_n020_lambda060_rep10.rds",0.828452863059352,6000,0.152000000000001,74,100,10600.5052631579,0.776595744680851,0.906238540627103,0.828452863059352,95,9750,18820.9473684211
"distance",5,10,0.6,10,449581544,"outputs/wcrit/01_distance_sensitivity/designs/distance_m05_n010_lambda060_rep10.rds",0.802078239608802,6000,0.017000000000003,4,5.55555555555556,34.2222222222222,0.75,0.880195599022005,0.802078239608802,5,32.4074074074074,47.5555555555556
"distance",10,20,0.6,10,1359046473,"outputs/wcrit/01_distance_sensitivity/designs/distance_m10_n020_lambda060_rep10.rds",0.769315571887919,6000,0.088000000000001,15,23.6842105263158,600.947368421053,0.666666666666667,0.923288929719798,0.769315571887919,22,565.789473684211,1024.10526315789
"distance",20,40,0.6,10,1381879937,"outputs/wcrit/01_distance_sensitivity/designs/distance_m20_n040_lambda060_rep10.rds",0.770574418279589,6000,0.344000000000001,62,97.4358974358974,9914.66666666667,0.648936170212766,0.953031790379823,0.770574418279589,95,9500,18328.6666666667
"distance",5,15,0.6,10,1904720163,"outputs/wcrit/01_distance_sensitivity/designs/distance_m05_n015_lambda060_rep10.rds",0.533972719522592,6000,0.0350000000000037,2,5.33333333333333,31.8095238095238,0.25,0.959931798806479,0.533972719522592,5,31.25,45.2142857142857
"distance",10,30,0.6,10,399476243,"outputs/wcrit/01_distance_sensitivity/designs/distance_m10_n030_lambda060_rep10.rds",0.72131159054496,6000,0.125999999999998,13,23.2758620689655,580.213793103448,0.571428571428571,0.946136119219542,0.72131159054496,22,556.034482758621,1004.93103448276
"distance",20,60,0.6,10,1610223106,"outputs/wcrit/01_distance_sensitivity/designs/distance_m20_n060_lambda060_rep10.rds",0.757299766494615,6000,0.585999999999999,59,96.6101694915254,9701.98418079096,0.617021276595745,0.96771750134292,0.757299766494615,95,9419.49152542373,18170.1355932203
"distance",5,20,0.6,10,1637494943,"outputs/wcrit/01_distance_sensitivity/designs/distance_m05_n020_lambda060_rep10.rds",0.529476439790576,6000,0.0399999999999991,2,5.26315789473684,31.3894736842105,0.25,0.94869109947644,0.529476439790576,5,30.7017543859649,44.1052631578947
"distance",10,40,0.6,10,1587389642,"outputs/wcrit/01_distance_sensitivity/designs/distance_m10_n040_lambda060_rep10.rds",0.697120432660599,6000,0.177,12,23.0769230769231,570.348717948718,0.523809523809524,0.957086795937211,0.697120432660599,22,551.282051282051,995.589743589744
"distance",20,80,0.6,10,1838566275,"outputs/wcrit/01_distance_sensitivity/designs/distance_m20_n080_lambda060_rep10.rds",0.742284331401454,6000,0.872,56,96.2025316455696,9570.96708860759,0.585106382978723,0.978051254035551,0.742284331401454,95,9379.74683544304,18091.8734177215
"distance",5,25,0.6,10,945149933,"outputs/wcrit/01_distance_sensitivity/designs/distance_m05_n025_lambda060_rep10.rds",0.535172596919809,6000,0.0570000000000022,2,5.2,30.8666666666667,0.25,0.962931492299522,0.535172596919809,5,30.3819444444444,43.4583333333333
"distance",10,50,0.6,10,627819412,"outputs/wcrit/01_distance_sensitivity/designs/distance_m10_n050_lambda060_rep10.rds",0.64417160286797,6000,0.242000000000004,10,22.9591836734694,562.789387755102,0.428571428571429,0.967571864312783,0.64417160286797,22,548.469387755102,990.061224489796
"distance",20,100,0.6,10,1834877951,"outputs/wcrit/01_distance_sensitivity/designs/distance_m20_n100_lambda060_rep10.rds",0.723641961324652,6000,1.257,53,95.959595959596,9535.77292929293,0.553191489361702,0.979317669269077,0.723641961324652,95,9356.06060606061,18045.2323232323
"distance",5,5,0.7,10,829612088,"outputs/wcrit/01_distance_sensitivity/designs/distance_m05_n005_lambda070_rep10.rds",0.766814254859611,6000,0.0110000000000028,4,6,40.2,0.75,0.806047516198704,0.766814254859611,5,36.4583333333333,55.75
"distance",10,10,0.7,10,173381165,"outputs/wcrit/01_distance_sensitivity/designs/distance_m10_n010_lambda070_rep10.rds",0.884356525693497,6000,0.0390000000000015,20,25,677,0.904761904761905,0.836743974533879,0.884356525693497,22,597.222222222222,1085.88888888889
"distance",20,20,0.7,10,1155784859,"outputs/wcrit/01_distance_sensitivity/designs/distance_m20_n020_lambda070_rep10.rds",0.794735643717387,6000,0.146999999999998,71,100,10552.5052631579,0.74468085106383,0.911530159909021,0.794735643717387,95,9750,18820.9473684211
"distance",5,10,0.7,10,451829635,"outputs/wcrit/01_distance_sensitivity/designs/distance_m05_n010_lambda070_rep10.rds",0.796100244498777,6000,0.0249999999999986,4,5.55555555555556,33.8666666666667,0.75,0.903667481662591,0.796100244498777,5,32.4074074074074,47.5555555555556
"distance",10,20,0.7,10,1361294564,"outputs/wcrit/01_distance_sensitivity/designs/distance_m10_n020_lambda070_rep10.rds",0.743267493492574,6000,0.0730000000000004,15,23.6842105263158,601.536842105263,0.666666666666667,0.922002756086357,0.743267493492574,22,565.789473684211,1024.10526315789
"distance",20,40,0.7,10,1384128028,"outputs/wcrit/01_distance_sensitivity/designs/distance_m20_n040_lambda070_rep10.rds",0.755978378720414,6000,0.343000000000004,64,97.4358974358974,9887.59487179487,0.670212765957447,0.956098141834002,0.755978378720414,95,9500,18328.6666666667
"distance",5,15,0.7,10,1906968254,"outputs/wcrit/01_distance_sensitivity/designs/distance_m05_n015_lambda070_rep10.rds",0.632250639386189,6000,0.027000000000001,3,5.33333333333333,32.0761904761905,0.5,0.940835464620631,0.632250639386189,5,31.25,45.2142857142857
"distance",10,30,0.7,10,401724334,"outputs/wcrit/01_distance_sensitivity/designs/distance_m10_n030_lambda070_rep10.rds",0.684787217698571,6000,0.128999999999998,13,23.2758620689655,578.797701149425,0.571428571428571,0.949290725661904,0.684787217698571,22,556.034482758621,1004.93103448276
"distance",20,60,0.7,10,1612471197,"outputs/wcrit/01_distance_sensitivity/designs/distance_m20_n060_lambda070_rep10.rds",0.72237827839451,6000,0.670999999999999,59,96.6101694915254,9697.66327683616,0.617021276595745,0.968211282591629,0.72237827839451,95,9419.49152542373,18170.1355932203
"distance",5,20,0.7,10,1639743034,"outputs/wcrit/01_distance_sensitivity/designs/distance_m05_n020_lambda070_rep10.rds",0.459607329842932,6000,0.0420000000000016,2,5.26315789473684,31.3894736842105,0.25,0.94869109947644,0.459607329842932,5,30.7017543859649,44.1052631578947
"distance",10,40,0.7,10,1589637733,"outputs/wcrit/01_distance_sensitivity/designs/distance_m10_n040_lambda070_rep10.rds",0.620978762696214,6000,0.186,11,23.0769230769231,569.579487179487,0.476190476190476,0.95881809787627,0.620978762696214,22,551.282051282051,995.589743589744
"distance",20,80,0.7,10,1840814366,"outputs/wcrit/01_distance_sensitivity/designs/distance_m20_n080_lambda070_rep10.rds",0.694164032562505,6000,0.856999999999999,55,96.2025316455696,9611.01392405063,0.574468085106383,0.973454576626788,0.694164032562505,95,9379.74683544304,18091.8734177215
"distance",5,25,0.7,10,947398024,"outputs/wcrit/01_distance_sensitivity/designs/distance_m05_n025_lambda070_rep10.rds",0.463726500265534,6000,0.0649999999999977,2,5.2,30.8733333333333,0.25,0.962421667551779,0.463726500265534,5,30.3819444444444,43.4583333333333
"distance",10,50,0.7,10,630067503,"outputs/wcrit/01_distance_sensitivity/designs/distance_m10_n050_lambda070_rep10.rds",0.623312074436947,6000,0.239000000000004,11,22.9591836734694,563.220408163265,0.476190476190476,0.966595803678713,0.623312074436947,22,548.469387755102,990.061224489796
"distance",20,100,0.7,10,1837126042,"outputs/wcrit/01_distance_sensitivity/designs/distance_m20_n100_lambda070_rep10.rds",0.696834272239948,6000,1.29,55,95.959595959596,9509.37777777778,0.574468085106383,0.982355375551598,0.696834272239948,95,9356.06060606061,18045.2323232323
"distance",5,5,0.8,10,831860179,"outputs/wcrit/01_distance_sensitivity/designs/distance_m05_n005_lambda080_rep10.rds",0.761209503239741,6000,0.0110000000000028,4,6,40.2,0.75,0.806047516198704,0.761209503239741,5,36.4583333333333,55.75
"distance",10,10,0.8,10,175629256,"outputs/wcrit/01_distance_sensitivity/designs/distance_m10_n010_lambda080_rep10.rds",0.8911583187163,6000,0.0409999999999968,20,25,677,0.904761904761905,0.836743974533879,0.8911583187163,22,597.222222222222,1085.88888888889
"distance",20,20,0.8,10,1158032950,"outputs/wcrit/01_distance_sensitivity/designs/distance_m20_n020_lambda080_rep10.rds",0.794712252152868,6000,0.149000000000001,73,100,10568.8210526316,0.765957446808511,0.909731473530299,0.794712252152868,95,9750,18820.9473684211
"distance",5,10,0.8,10,454077726,"outputs/wcrit/01_distance_sensitivity/designs/distance_m05_n010_lambda080_rep10.rds",0.776039119804401,6000,0.0189999999999984,4,5.55555555555556,34.2222222222222,0.75,0.880195599022005,0.776039119804401,5,32.4074074074074,47.5555555555556
"distance",10,20,0.8,10,1363542655,"outputs/wcrit/01_distance_sensitivity/designs/distance_m10_n020_lambda080_rep10.rds",0.717697136732506,6000,0.0829999999999984,15,23.6842105263158,601.621052631579,0.666666666666667,0.921819016995866,0.717697136732506,22,565.789473684211,1024.10526315789
"distance",20,40,0.8,10,1386376119,"outputs/wcrit/01_distance_sensitivity/designs/distance_m20_n040_lambda080_rep10.rds",0.727592560711752,6000,0.347000000000001,64,97.4358974358974,9878.64615384615,0.670212765957447,0.957111739728972,0.727592560711752,95,9500,18328.6666666667
"distance",5,15,0.8,10,1909216345,"outputs/wcrit/01_distance_sensitivity/designs/distance_m05_n015_lambda080_rep10.rds",0.591440750213129,6000,0.0300000000000011,3,5.33333333333333,31.847619047619,0.5,0.957203751065644,0.591440750213129,5,31.25,45.2142857142857
"distance",10,30,0.8,10,403972425,"outputs/wcrit/01_distance_sensitivity/designs/distance_m10_n030_lambda080_rep10.rds",0.608627175559116,6000,0.122999999999998,12,23.2758620689655,579.422988505747,0.523809523809524,0.947897782557485,0.608627175559116,22,556.034482758621,1004.93103448276
"distance",20,60,0.8,10,1614719288,"outputs/wcrit/01_distance_sensitivity/designs/distance_m20_n060_lambda080_rep10.rds",0.687540516173501,6000,0.580000000000005,59,96.6101694915254,9685.3581920904,0.617021276595745,0.969617474484525,0.687540516173501,95,9419.49152542373,18170.1355932203
"distance",5,20,0.8,10,1641991125,"outputs/wcrit/01_distance_sensitivity/designs/distance_m05_n020_lambda080_rep10.rds",0.392251308900524,6000,0.029999999999994,2,5.26315789473684,31.2210526315789,0.25,0.961256544502618,0.392251308900524,5,30.7017543859649,44.1052631578947
"distance",10,40,0.8,10,1591885824,"outputs/wcrit/01_distance_sensitivity/designs/distance_m10_n040_lambda080_rep10.rds",0.572452842632898,6000,0.182000000000002,11,23.0769230769231,570.164102564103,0.476190476190476,0.957502308402585,0.572452842632898,22,551.282051282051,995.589743589744
"distance",20,80,0.8,10,1843062457,"outputs/wcrit/01_distance_sensitivity/designs/distance_m20_n080_lambda080_rep10.rds",0.66340128142199,6000,0.967999999999996,56,96.2025316455696,9583.77721518987,0.585106382978723,0.976580875195058,0.66340128142199,95,9379.74683544304,18091.8734177215
"distance",5,25,0.8,10,949646115,"outputs/wcrit/01_distance_sensitivity/designs/distance_m05_n025_lambda080_rep10.rds",0.39217843866171,6000,0.0569999999999951,2,5.2,30.8933333333333,0.25,0.96089219330855,0.39217843866171,5,30.3819444444444,43.4583333333333
"distance",10,50,0.8,10,632315594,"outputs/wcrit/01_distance_sensitivity/designs/distance_m10_n050_lambda080_rep10.rds",0.536498699378078,6000,0.319000000000003,10,22.9591836734694,562.508571428571,0.428571428571429,0.968207782604677,0.536498699378078,22,548.469387755102,990.061224489796
"distance",20,100,0.8,10,1839374133,"outputs/wcrit/01_distance_sensitivity/designs/distance_m20_n100_lambda080_rep10.rds",0.638668844548783,6000,1.249,53,95.959595959596,9524.81939393939,0.553191489361702,0.980578265297107,0.638668844548783,95,9356.06060606061,18045.2323232323
"distance",5,5,0.9,10,834108270,"outputs/wcrit/01_distance_sensitivity/designs/distance_m05_n005_lambda090_rep10.rds",0.75560475161987,6000,0.0210000000000008,4,6,40.2,0.75,0.806047516198704,0.75560475161987,5,36.4583333333333,55.75
"distance",10,10,0.9,10,177877347,"outputs/wcrit/01_distance_sensitivity/designs/distance_m10_n010_lambda090_rep10.rds",0.854811927499513,6000,0.0379999999999967,19,25,678.422222222222,0.857142857142857,0.833833560709413,0.854811927499513,22,597.222222222222,1085.88888888889
"distance",20,20,0.9,10,1160281041,"outputs/wcrit/01_distance_sensitivity/designs/distance_m20_n020_lambda090_rep10.rds",0.790039983427889,6000,0.155000000000001,74,100,10556.9684210526,0.776595744680851,0.911038132151229,0.790039983427889,95,9750,18820.9473684211
"distance",5,10,0.9,10,456325817,"outputs/wcrit/01_distance_sensitivity/designs/distance_m05_n010_lambda090_rep10.rds",0.7630195599022,6000,0.027000000000001,4,5.55555555555556,34.2222222222222,0.75,0.880195599022005,0.7630195599022,5,32.4074074074074,47.5555555555556
"distance",10,20,0.9,10,1365790746,"outputs/wcrit/01_distance_sensitivity/designs/distance_m10_n020_lambda090_rep10.rds",0.691768488745981,6000,0.0719999999999956,15,23.6842105263158,603.515789473684,0.666666666666667,0.917684887459807,0.691768488745981,22,565.789473684211,1024.10526315789
"distance",20,40,0.9,10,1388624210,"outputs/wcrit/01_distance_sensitivity/designs/distance_m20_n040_lambda090_rep10.rds",0.727664113814629,6000,0.355000000000004,67,97.4358974358974,9875.28717948718,0.702127659574468,0.95749220197608,0.727664113814629,95,9500,18328.6666666667
"distance",5,15,0.9,10,1911464436,"outputs/wcrit/01_distance_sensitivity/designs/distance_m05_n015_lambda090_rep10.rds",0.321538789428815,6000,0.027000000000001,2,5.33333333333333,31.7333333333333,0.25,0.96538789428815,0.321538789428815,5,31.25,45.2142857142857
"distance",10,30,0.9,10,406220516,"outputs/wcrit/01_distance_sensitivity/designs/distance_m10_n030_lambda090_rep10.rds",0.566439581824434,6000,0.125,12,23.2758620689655,578.429885057471,0.523809523809524,0.950110103958621,0.566439581824434,22,556.034482758621,1004.93103448276
"distance",20,60,0.9,10,1616967379,"outputs/wcrit/01_distance_sensitivity/designs/distance_m20_n060_lambda090_rep10.rds",0.661599873994129,6000,0.582000000000001,60,96.6101694915254,9707.71525423729,0.627659574468085,0.967062569728524,0.661599873994129,95,9419.49152542373,18170.1355932203
"distance",5,20,0.9,10,1644239216,"outputs/wcrit/01_distance_sensitivity/designs/distance_m05_n020_lambda090_rep10.rds",0.320340314136126,6000,0.0389999999999944,2,5.26315789473684,31.3263157894737,0.25,0.953403141361256,0.320340314136126,5,30.7017543859649,44.1052631578947
"distance",10,40,0.9,10,1594133915,"outputs/wcrit/01_distance_sensitivity/designs/distance_m10_n040_lambda090_rep10.rds",0.567395792111859,6000,0.176000000000002,12,23.0769230769231,569.2,0.523809523809524,0.959672206832871,0.567395792111859,22,551.282051282051,995.589743589744
"distance",20,80,0.9,10,1845310548,"outputs/wcrit/01_distance_sensitivity/designs/distance_m20_n080_lambda090_rep10.rds",0.624255110790653,6000,0.948,56,96.2025316455696,9583.66582278481,0.585106382978723,0.976593661098019,0.624255110790653,95,9379.74683544304,18091.8734177215
"distance",5,25,0.9,10,951894206,"outputs/wcrit/01_distance_sensitivity/designs/distance_m05_n025_lambda090_rep10.rds",0.322108868826341,6000,0.0609999999999999,2,5.2,30.76,0.25,0.971088688263409,0.322108868826341,5,30.3819444444444,43.4583333333333
"distance",10,50,0.9,10,634563685,"outputs/wcrit/01_distance_sensitivity/designs/distance_m10_n050_lambda090_rep10.rds",0.525032839052989,6000,0.32,11,22.9591836734694,564.095510204082,0.476190476190476,0.964614104815602,0.525032839052989,22,548.469387755102,990.061224489796
"distance",20,100,0.9,10,1841622224,"outputs/wcrit/01_distance_sensitivity/designs/distance_m20_n100_lambda090_rep10.rds",0.615032129532408,6000,1.19,55,95.959595959596,9528.90101010101,0.574468085106383,0.980108529366633,0.615032129532408,95,9356.06060606061,18045.2323232323
"distance",5,5,1,10,1763567104,"outputs/wcrit/01_distance_sensitivity/designs/distance_m05_n005_lambda100_rep10.rds",0.75,6000,0.0120000000000005,4,6,40.2,0.75,0.806047516198704,0.75,5,36.4583333333333,55.75
"distance",10,10,1,10,1547041091,"outputs/wcrit/01_distance_sensitivity/designs/distance_m10_n010_lambda100_rep10.rds",0.857142857142857,6000,0.0380000000000038,19,25,680.2,0.857142857142857,0.830195543428831,0.857142857142857,22,597.222222222222,1085.88888888889
"distance",20,20,1,10,1281556687,"outputs/wcrit/01_distance_sensitivity/designs/distance_m20_n020_lambda100_rep10.rds",0.776595744680851,6000,0.151000000000003,74,100,10557.9578947368,0.776595744680851,0.910929050525681,0.776595744680851,95,9750,18820.9473684211
"distance",5,10,1,10,1724126796,"outputs/wcrit/01_distance_sensitivity/designs/distance_m05_n010_lambda100_rep10.rds",0.75,6000,0.0259999999999962,4,5.55555555555556,34.2222222222222,0.75,0.880195599022005,0.75,5,32.4074074074074,47.5555555555556
"distance",10,20,1,10,283722706,"outputs/wcrit/01_distance_sensitivity/designs/distance_m10_n020_lambda100_rep10.rds",0.619047619047619,6000,0.078000000000003,14,23.6842105263158,604.484210526316,0.619047619047619,0.915571887919155,0.619047619047619,22,565.789473684211,1024.10526315789
"distance",20,40,1,10,902403546,"outputs/wcrit/01_distance_sensitivity/designs/distance_m20_n040_lambda100_rep10.rds",0.680851063829787,6000,0.341999999999999,65,97.4358974358974,9907.11794871795,0.680851063829787,0.953886813933631,0.680851063829787,95,9500,18328.6666666667
"distance",5,15,1,10,1348048441,"outputs/wcrit/01_distance_sensitivity/designs/distance_m05_n015_lambda100_rep10.rds",0.25,6000,0.036999999999999,2,5.33333333333333,32.3047619047619,0.25,0.924467178175618,0.25,5,31.25,45.2142857142857
"distance",10,30,1,10,1167887950,"outputs/wcrit/01_distance_sensitivity/designs/distance_m10_n030_lambda100_rep10.rds",0.571428571428571,6000,0.122999999999998,13,23.2758620689655,580.894252873563,0.571428571428571,0.944620269370615,0.571428571428571,22,556.034482758621,1004.93103448276
"distance",20,60,1,10,523250405,"outputs/wcrit/01_distance_sensitivity/designs/distance_m20_n060_lambda100_rep10.rds",0.606382978723404,6000,0.588999999999999,58,96.6101694915254,9724.1581920904,0.606382978723404,0.965183515144002,0.606382978723404,95,9419.49152542373,18170.1355932203
"distance",5,20,1,10,460808411,"outputs/wcrit/01_distance_sensitivity/designs/distance_m05_n020_lambda100_rep10.rds",0.25,6000,0.044000000000004,2,5.26315789473684,31.8105263157895,0.25,0.917277486910995,0.25,5,30.7017543859649,44.1052631578947
"distance",10,40,1,10,2052053194,"outputs/wcrit/01_distance_sensitivity/designs/distance_m10_n040_lambda100_rep10.rds",0.476190476190476,6000,0.173000000000002,11,23.0769230769231,570.441025641026,0.476190476190476,0.956879039704525,0.476190476190476,22,551.282051282051,995.589743589744
"distance",20,80,1,10,144097264,"outputs/wcrit/01_distance_sensitivity/designs/distance_m20_n080_lambda100_rep10.rds",0.585106382978723,6000,0.863999999999997,56,96.2025316455696,9588.03544303797,0.585106382978723,0.976092104995511,0.585106382978723,95,9379.74683544304,18091.8734177215
"distance",5,25,1,10,84730056,"outputs/wcrit/01_distance_sensitivity/designs/distance_m05_n025_lambda100_rep10.rds",0.25,6000,0.054000000000002,2,5.2,31.1,0.25,0.945087626128518,0.25,5,30.3819444444444,43.4583333333333
"distance",10,50,1,10,788734809,"outputs/wcrit/01_distance_sensitivity/designs/distance_m10_n050_lambda100_rep10.rds",0.476190476190476,6000,0.239000000000004,11,22.9591836734694,563.932244897959,0.476190476190476,0.96498382475275,0.476190476190476,22,548.469387755102,990.061224489796
"distance",20,100,1,10,237950130,"outputs/wcrit/01_distance_sensitivity/designs/distance_m20_n100_lambda100_rep10.rds",0.553191489361702,6000,1.18,53,95.959595959596,9532.56323232323,0.553191489361702,0.979687059709751,0.553191489361702,95,9356.06060606061,18045.2323232323
"distance",5,5,0,11,1761319014,"outputs/wcrit/01_distance_sensitivity/designs/distance_m05_n005_lambda000_rep11.rds",0.806047516198704,6000,0.0229999999999961,4,6,40.2,0.75,0.806047516198704,0.806047516198704,5,36.4583333333333,55.75
"distance",10,10,0,11,1544793001,"outputs/wcrit/01_distance_sensitivity/designs/distance_m10_n010_lambda000_rep11.rds",0.836016371077762,6000,0.0390000000000015,19,25,677.355555555556,0.857142857142857,0.836016371077762,0.836016371077762,22,597.222222222222,1085.88888888889
"distance",20,20,0,11,1279308597,"outputs/wcrit/01_distance_sensitivity/designs/distance_m20_n020_lambda000_rep11.rds",0.911650845962819,6000,0.155000000000001,67,100,10551.4105263158,0.702127659574468,0.911650845962819,0.911650845962819,95,9750,18820.9473684211
"distance",5,10,0,11,1721878706,"outputs/wcrit/01_distance_sensitivity/designs/distance_m05_n010_lambda000_rep11.rds",0.891931540342298,6000,0.0290000000000035,3,5.55555555555556,34.0444444444444,0.5,0.891931540342298,0.891931540342298,5,32.4074074074074,47.5555555555556
"distance",10,20,0,11,281474616,"outputs/wcrit/01_distance_sensitivity/designs/distance_m10_n020_lambda000_rep11.rds",0.925218190169959,6000,0.0819999999999936,11,23.6842105263158,600.063157894737,0.476190476190476,0.925218190169959,0.925218190169959,22,565.789473684211,1024.10526315789
"distance",20,40,0,11,900155456,"outputs/wcrit/01_distance_sensitivity/designs/distance_m20_n040_lambda000_rep11.rds",0.957158208400374,6000,0.355999999999995,62,97.4358974358974,9878.2358974359,0.648936170212766,0.957158208400374,0.957158208400374,95,9500,18328.6666666667
"distance",5,15,0,11,1345800351,"outputs/wcrit/01_distance_sensitivity/designs/distance_m05_n015_lambda000_rep11.rds",0.962659846547315,6000,0.036999999999999,2,5.33333333333333,31.7714285714286,0.25,0.962659846547315,0.962659846547315,5,31.25,45.2142857142857
"distance",10,30,0,11,1165639860,"outputs/wcrit/01_distance_sensitivity/designs/distance_m10_n030_lambda000_rep11.rds",0.948512316280023,6000,0.133000000000003,9,23.2758620689655,579.147126436782,0.380952380952381,0.948512316280023,0.948512316280023,22,556.034482758621,1004.93103448276
"distance",20,60,0,11,521002315,"outputs/wcrit/01_distance_sensitivity/designs/distance_m20_n060_lambda000_rep11.rds",0.971026507169125,6000,0.593000000000004,58,96.6101694915254,9673.02824858757,0.606382978723404,0.971026507169125,0.971026507169125,95,9419.49152542373,18170.1355932203
"distance",5,20,0,11,458560321,"outputs/wcrit/01_distance_sensitivity/designs/distance_m05_n020_lambda000_rep11.rds",0.953403141361256,6000,0.0420000000000016,2,5.26315789473684,31.3263157894737,0.25,0.953403141361256,0.953403141361256,5,30.7017543859649,44.1052631578947
"distance",10,40,0,11,2049805104,"outputs/wcrit/01_distance_sensitivity/designs/distance_m10_n040_lambda000_rep11.rds",0.966204986149584,6000,0.179000000000002,11,23.0769230769231,566.297435897436,0.476190476190476,0.966204986149584,0.966204986149584,22,551.282051282051,995.589743589744
"distance",20,80,0,11,141849174,"outputs/wcrit/01_distance_sensitivity/designs/distance_m20_n080_lambda000_rep11.rds",0.97786120902336,6000,0.871000000000002,51,96.2025316455696,9572.62278481013,0.531914893617021,0.97786120902336,0.97786120902336,95,9379.74683544304,18091.8734177215
"distance",5,25,0,11,82481966,"outputs/wcrit/01_distance_sensitivity/designs/distance_m05_n025_lambda000_rep11.rds",0.971088688263409,6000,0.0559999999999974,1,5.2,30.76,0,0.971088688263409,0.971088688263409,5,30.3819444444444,43.4583333333333
"distance",10,50,0,11,786486719,"outputs/wcrit/01_distance_sensitivity/designs/distance_m10_n050_lambda000_rep11.rds",0.972378223495702,6000,0.220999999999997,9,22.9591836734694,560.66693877551,0.380952380952381,0.972378223495702,0.972378223495702,22,548.469387755102,990.061224489796
"distance",20,100,0,11,235702040,"outputs/wcrit/01_distance_sensitivity/designs/distance_m20_n100_lambda000_rep11.rds",0.982672314781663,6000,1.187,51,95.959595959596,9506.62383838384,0.531914893617021,0.982672314781663,0.982672314781663,95,9356.06060606061,18045.2323232323
"distance",5,5,0.1,11,816123543,"outputs/wcrit/01_distance_sensitivity/designs/distance_m05_n005_lambda010_rep11.rds",0.800442764578834,6000,0.0120000000000005,4,6,40.2,0.75,0.806047516198704,0.800442764578834,5,36.4583333333333,55.75
"distance",10,10,0.1,11,159892620,"outputs/wcrit/01_distance_sensitivity/designs/distance_m10_n010_lambda010_rep11.rds",0.837474176573767,6000,0.0379999999999967,19,25,677.711111111111,0.857142857142857,0.835288767621646,0.837474176573767,22,597.222222222222,1085.88888888889
"distance",20,20,0.1,11,1142296314,"outputs/wcrit/01_distance_sensitivity/designs/distance_m20_n020_lambda010_rep11.rds",0.898061151880238,6000,0.147000000000006,73,100,10541.5368421053,0.765957446808511,0.912739341332653,0.898061151880238,95,9750,18820.9473684211
"distance",5,10,0.1,11,438341090,"outputs/wcrit/01_distance_sensitivity/designs/distance_m05_n010_lambda010_rep11.rds",0.888300733496332,6000,0.0279999999999987,4,5.55555555555556,33.8666666666667,0.75,0.903667481662591,0.888300733496332,5,32.4074074074074,47.5555555555556
"distance",10,20,0.1,11,1347806019,"outputs/wcrit/01_distance_sensitivity/designs/distance_m10_n020_lambda010_rep11.rds",0.89589036900934,6000,0.0820000000000007,15,23.6842105263158,601.831578947368,0.666666666666667,0.921359669269637,0.89589036900934,22,565.789473684211,1024.10526315789
"distance",20,40,0.1,11,1370639483,"outputs/wcrit/01_distance_sensitivity/designs/distance_m20_n040_lambda010_rep11.rds",0.928970728815384,6000,0.349000000000004,66,97.4358974358974,9894.13333333333,0.691489361702128,0.955357547383523,0.928970728815384,95,9500,18328.6666666667
"distance",5,15,0.1,11,1893479709,"outputs/wcrit/01_distance_sensitivity/designs/distance_m05_n015_lambda010_rep11.rds",0.887710997442455,6000,0.0359999999999943,2,5.33333333333333,31.8285714285714,0.25,0.958567774936061,0.887710997442455,5,31.25,45.2142857142857
"distance",10,30,0.1,11,388235789,"outputs/wcrit/01_distance_sensitivity/designs/distance_m10_n030_lambda010_rep11.rds",0.912057590588855,6000,0.131,13,23.2758620689655,578.52183908046,0.571428571428571,0.949905259384442,0.912057590588855,22,556.034482758621,1004.93103448276
"distance",20,60,0.1,11,1598982652,"outputs/wcrit/01_distance_sensitivity/designs/distance_m20_n060_lambda010_rep11.rds",0.93497914078634,6000,0.591000000000001,60,96.6101694915254,9689.66101694915,0.627659574468085,0.969125759266146,0.93497914078634,95,9419.49152542373,18170.1355932203
"distance",5,20,0.1,11,1626254489,"outputs/wcrit/01_distance_sensitivity/designs/distance_m05_n020_lambda010_rep11.rds",0.888717277486911,6000,0.0309999999999988,2,5.26315789473684,31.2421052631579,0.25,0.959685863874345,0.888717277486911,5,30.7017543859649,44.1052631578947
"distance",10,40,0.1,11,1576149188,"outputs/wcrit/01_distance_sensitivity/designs/distance_m10_n040_lambda010_rep11.rds",0.9100316580926,6000,0.185000000000002,10,23.0769230769231,567.487179487179,0.428571428571429,0.963527239150508,0.9100316580926,22,551.282051282051,995.589743589744
"distance",20,80,0.1,11,1827325821,"outputs/wcrit/01_distance_sensitivity/designs/distance_m20_n080_lambda010_rep11.rds",0.935363826021946,6000,0.864000000000004,54,96.2025316455696,9583.21518987342,0.563829787234043,0.976645385887269,0.935363826021946,95,9379.74683544304,18091.8734177215
"distance",5,25,0.1,11,933909479,"outputs/wcrit/01_distance_sensitivity/designs/distance_m05_n025_lambda010_rep11.rds",0.90540361125863,6000,0.0659999999999954,2,5.2,30.6666666666667,0.25,0.978226234731811,0.90540361125863,5,30.3819444444444,43.4583333333333
"distance",10,50,0.1,11,616578958,"outputs/wcrit/01_distance_sensitivity/designs/distance_m10_n050_lambda010_rep11.rds",0.918237122522546,6000,0.231000000000002,10,22.9591836734694,560.549387755102,0.428571428571429,0.972644421850448,0.918237122522546,22,548.469387755102,990.061224489796
"distance",20,100,0.1,11,1823637497,"outputs/wcrit/01_distance_sensitivity/designs/distance_m20_n100_lambda010_rep11.rds",0.93828160075127,6000,1.202,53,95.959595959596,9520.55191919192,0.553191489361702,0.981069390905667,0.93828160075127,95,9356.06060606061,18045.2323232323
"distance",5,5,0.2,11,818371634,"outputs/wcrit/01_distance_sensitivity/designs/distance_m05_n005_lambda020_rep11.rds",0.794838012958963,6000,0.0129999999999981,4,6,40.2,0.75,0.806047516198704,0.794838012958963,5,36.4583333333333,55.75
"distance",10,10,0.2,11,162140711,"outputs/wcrit/01_distance_sensitivity/designs/distance_m10_n010_lambda020_rep11.rds",0.851802767491717,6000,0.0390000000000015,20,25,676.111111111111,0.904761904761905,0.83856298317417,0.851802767491717,22,597.222222222222,1085.88888888889
"distance",20,20,0.2,11,1144544405,"outputs/wcrit/01_distance_sensitivity/designs/distance_m20_n020_lambda020_rep11.rds",0.888897001563882,6000,0.158999999999999,76,100,10551.3894736842,0.797872340425532,0.911653166848469,0.888897001563882,95,9750,18820.9473684211
"distance",5,10,0.2,11,440589181,"outputs/wcrit/01_distance_sensitivity/designs/distance_m05_n010_lambda020_rep11.rds",0.854156479217604,6000,0.017000000000003,4,5.55555555555556,34.2222222222222,0.75,0.880195599022005,0.854156479217604,5,32.4074074074074,47.5555555555556
"distance",10,20,0.2,11,1350054110,"outputs/wcrit/01_distance_sensitivity/designs/distance_m10_n020_lambda020_rep11.rds",0.862073189404379,6000,0.078000000000003,14,23.6842105263158,601.157894736842,0.619047619047619,0.922829581993569,0.862073189404379,22,565.789473684211,1024.10526315789
"distance",20,40,0.2,11,1372887574,"outputs/wcrit/01_distance_sensitivity/designs/distance_m20_n040_lambda020_rep11.rds",0.894213466447951,6000,0.346000000000004,63,97.4358974358974,9916.06666666667,0.659574468085106,0.952873216038662,0.894213466447951,95,9500,18328.6666666667
"distance",5,15,0.2,11,1895727800,"outputs/wcrit/01_distance_sensitivity/designs/distance_m05_n015_lambda020_rep11.rds",0.816854219948849,6000,0.036999999999999,2,5.33333333333333,31.8285714285714,0.25,0.958567774936061,0.816854219948849,5,31.25,45.2142857142857
"distance",10,30,0.2,11,390483880,"outputs/wcrit/01_distance_sensitivity/designs/distance_m10_n030_lambda020_rep11.rds",0.867556570023923,6000,0.132000000000005,13,23.2758620689655,582.255172413793,0.571428571428571,0.941588569672761,0.867556570023923,22,556.034482758621,1004.93103448276
"distance",20,60,0.2,11,1601230743,"outputs/wcrit/01_distance_sensitivity/designs/distance_m20_n060_lambda020_rep11.rds",0.896234035519897,6000,0.608000000000004,58,96.6101694915254,9693.41468926554,0.606382978723404,0.96869679971902,0.896234035519897,95,9419.49152542373,18170.1355932203
"distance",5,20,0.2,11,1628502580,"outputs/wcrit/01_distance_sensitivity/designs/distance_m05_n020_lambda020_rep11.rds",0.817748691099476,6000,0.0420000000000016,2,5.26315789473684,31.2421052631579,0.25,0.959685863874345,0.817748691099476,5,30.7017543859649,44.1052631578947
"distance",10,40,0.2,11,1578397279,"outputs/wcrit/01_distance_sensitivity/designs/distance_m10_n040_lambda020_rep11.rds",0.863843820076507,6000,0.177,11,23.0769230769231,568.717948717949,0.476190476190476,0.960757156048015,0.863843820076507,22,551.282051282051,995.589743589744
"distance",20,80,0.2,11,1829573912,"outputs/wcrit/01_distance_sensitivity/designs/distance_m20_n080_lambda020_rep11.rds",0.898090584907454,6000,0.872,56,96.2025316455696,9585.90506329114,0.585106382978723,0.976336635389636,0.898090584907454,95,9379.74683544304,18091.8734177215
"distance",5,25,0.2,11,936157570,"outputs/wcrit/01_distance_sensitivity/designs/distance_m05_n025_lambda020_rep11.rds",0.824423791821561,6000,0.0560000000000045,2,5.2,30.8,0.25,0.968029739776952,0.824423791821561,5,30.3819444444444,43.4583333333333
"distance",10,50,0.2,11,618827049,"outputs/wcrit/01_distance_sensitivity/designs/distance_m10_n050_lambda020_rep11.rds",0.8590500838472,6000,0.25,10,22.9591836734694,563.187755102041,0.428571428571429,0.966669747666143,0.8590500838472,22,548.469387755102,990.061224489796
"distance",20,100,0.2,11,1825885588,"outputs/wcrit/01_distance_sensitivity/designs/distance_m20_n100_lambda020_rep11.rds",0.902138896575564,6000,1.227,56,95.959595959596,9517.70505050505,0.585106382978723,0.981397024974774,0.902138896575564,95,9356.06060606061,18045.2323232323
"distance",5,5,0.3,11,820619725,"outputs/wcrit/01_distance_sensitivity/designs/distance_m05_n005_lambda030_rep11.rds",0.789233261339093,6000,0.0210000000000008,4,6,40.2,0.75,0.806047516198704,0.789233261339093,5,36.4583333333333,55.75
"distance",10,10,0.3,11,164388802,"outputs/wcrit/01_distance_sensitivity/designs/distance_m10_n010_lambda030_rep11.rds",0.855621386344442,6000,0.0399999999999991,20,25,678.066666666667,0.904761904761905,0.83456116416553,0.855621386344442,22,597.222222222222,1085.88888888889
"distance",20,20,0.3,11,1146792496,"outputs/wcrit/01_distance_sensitivity/designs/distance_m20_n020_lambda030_rep11.rds",0.874379417398445,6000,0.149000000000001,75,100,10550.7157894737,0.787234042553192,0.911727435189268,0.874379417398445,95,9750,18820.9473684211
"distance",5,10,0.3,11,442837272,"outputs/wcrit/01_distance_sensitivity/designs/distance_m05_n010_lambda030_rep11.rds",0.841136919315403,6000,0.0289999999999964,4,5.55555555555556,34.2222222222222,0.75,0.880195599022005,0.841136919315403,5,32.4074074074074,47.5555555555556
"distance",10,20,0.3,11,1352302201,"outputs/wcrit/01_distance_sensitivity/designs/distance_m10_n020_lambda030_rep11.rds",0.845466237942122,6000,0.0810000000000031,15,23.6842105263158,601.494736842105,0.666666666666667,0.922094625631603,0.845466237942122,22,565.789473684211,1024.10526315789
"distance",20,40,0.3,11,1375135665,"outputs/wcrit/01_distance_sensitivity/designs/distance_m20_n040_lambda030_rep11.rds",0.867789974705471,6000,0.356999999999999,63,97.4358974358974,9879.41025641026,0.659574468085106,0.957025191828484,0.867789974705471,95,9500,18328.6666666667
"distance",5,15,0.3,11,1897975891,"outputs/wcrit/01_distance_sensitivity/designs/distance_m05_n015_lambda030_rep11.rds",0.79999147485081,6000,0.0279999999999987,3,5.33333333333333,32.247619047619,0.5,0.928559249786871,0.79999147485081,5,31.25,45.2142857142857
"distance",10,30,0.3,11,392731971,"outputs/wcrit/01_distance_sensitivity/designs/distance_m10_n030_lambda030_rep11.rds",0.822248608154277,6000,0.131,12,23.2758620689655,578.411494252874,0.523809523809524,0.950151072873457,0.822248608154277,22,556.034482758621,1004.93103448276
"distance",20,60,0.3,11,1603478834,"outputs/wcrit/01_distance_sensitivity/designs/distance_m20_n060_lambda030_rep11.rds",0.862667718254125,6000,0.591999999999999,59,96.6101694915254,9699.99548022599,0.617021276595745,0.967944764679145,0.862667718254125,95,9419.49152542373,18170.1355932203
"distance",5,20,0.3,11,1630750671,"outputs/wcrit/01_distance_sensitivity/designs/distance_m05_n020_lambda030_rep11.rds",0.746780104712042,6000,0.0430000000000064,2,5.26315789473684,31.2421052631579,0.25,0.959685863874345,0.746780104712042,5,30.7017543859649,44.1052631578947
"distance",10,40,0.3,11,1580645370,"outputs/wcrit/01_distance_sensitivity/designs/distance_m10_n040_lambda030_rep11.rds",0.814433781822979,6000,0.189999999999998,11,23.0769230769231,569.323076923077,0.476190476190476,0.959395198522622,0.814433781822979,22,551.282051282051,995.589743589744
"distance",20,80,0.3,11,1831822003,"outputs/wcrit/01_distance_sensitivity/designs/distance_m20_n080_lambda030_rep11.rds",0.856348878757304,6000,0.884,55,96.2025316455696,9578.77594936709,0.574468085106383,0.977154933179128,0.856348878757304,95,9379.74683544304,18091.8734177215
"distance",5,25,0.3,11,938405661,"outputs/wcrit/01_distance_sensitivity/designs/distance_m05_n025_lambda030_rep11.rds",0.752620817843866,6000,0.0700000000000003,2,5.2,30.8,0.25,0.968029739776952,0.752620817843866,5,30.3819444444444,43.4583333333333
"distance",10,50,0.3,11,621075140,"outputs/wcrit/01_distance_sensitivity/designs/distance_m10_n050_lambda030_rep11.rds",0.806534271717745,6000,0.244,10,22.9591836734694,562.371428571429,0.428571428571429,0.968518347351881,0.806534271717745,22,548.469387755102,990.061224489796
"distance",20,100,0.3,11,1828133679,"outputs/wcrit/01_distance_sensitivity/designs/distance_m20_n100_lambda030_rep11.rds",0.848931178760228,6000,1.224,52,95.959595959596,9527.79313131313,0.542553191489362,0.980236030447742,0.848931178760228,95,9356.06060606061,18045.2323232323
"distance",5,5,0.4,11,822867816,"outputs/wcrit/01_distance_sensitivity/designs/distance_m05_n005_lambda040_rep11.rds",0.783628509719222,6000,0.0209999999999937,4,6,40.2,0.75,0.806047516198704,0.783628509719222,5,36.4583333333333,55.75
"distance",10,10,0.4,11,166636893,"outputs/wcrit/01_distance_sensitivity/designs/distance_m10_n010_lambda040_rep11.rds",0.84490352757747,6000,0.0409999999999968,19,25,677,0.857142857142857,0.836743974533879,0.84490352757747,22,597.222222222222,1085.88888888889
"distance",20,20,0.4,11,1149040587,"outputs/wcrit/01_distance_sensitivity/designs/distance_m20_n020_lambda040_rep11.rds",0.851893225433549,6000,0.149999999999999,73,100,10573.7894736842,0.765957446808511,0.909183744516908,0.851893225433549,95,9750,18820.9473684211
"distance",5,10,0.4,11,445085363,"outputs/wcrit/01_distance_sensitivity/designs/distance_m05_n010_lambda040_rep11.rds",0.828117359413203,6000,0.017000000000003,4,5.55555555555556,34.2222222222222,0.75,0.880195599022005,0.828117359413203,5,32.4074074074074,47.5555555555556
"distance",10,20,0.4,11,1354550292,"outputs/wcrit/01_distance_sensitivity/designs/distance_m10_n020_lambda040_rep11.rds",0.8151278517838,6000,0.0820000000000007,15,23.6842105263158,605.157894736842,0.666666666666667,0.914101975195223,0.8151278517838,22,565.789473684211,1024.10526315789
"distance",20,40,0.4,11,1377383756,"outputs/wcrit/01_distance_sensitivity/designs/distance_m20_n040_lambda040_rep11.rds",0.831221724400489,6000,0.347000000000001,62,97.4358974358974,9917.19487179487,0.648936170212766,0.952745427192305,0.831221724400489,95,9500,18328.6666666667
"distance",5,15,0.4,11,1900223982,"outputs/wcrit/01_distance_sensitivity/designs/distance_m05_n015_lambda040_rep11.rds",0.671048593350384,6000,0.0380000000000038,2,5.33333333333333,31.9238095238095,0.25,0.951747655583973,0.671048593350384,5,31.25,45.2142857142857
"distance",10,30,0.4,11,394980062,"outputs/wcrit/01_distance_sensitivity/designs/distance_m10_n030_lambda040_rep11.rds",0.775853506865951,6000,0.126999999999995,12,23.2758620689655,581.225287356322,0.523809523809524,0.943882828903569,0.775853506865951,22,556.034482758621,1004.93103448276
"distance",20,60,0.4,11,1605726925,"outputs/wcrit/01_distance_sensitivity/designs/distance_m20_n060_lambda040_rep11.rds",0.831357774252339,6000,0.591000000000001,60,96.6101694915254,9706.89265536723,0.627659574468085,0.967156574108508,0.831357774252339,95,9419.49152542373,18170.1355932203
"distance",5,20,0.4,11,1632998762,"outputs/wcrit/01_distance_sensitivity/designs/distance_m05_n020_lambda040_rep11.rds",0.676753926701571,6000,0.0390000000000015,2,5.26315789473684,31.2210526315789,0.25,0.961256544502618,0.676753926701571,5,30.7017543859649,44.1052631578947
"distance",10,40,0.4,11,1582893461,"outputs/wcrit/01_distance_sensitivity/designs/distance_m10_n040_lambda040_rep11.rds",0.765337686321066,6000,0.183,11,23.0769230769231,569.897435897436,0.476190476190476,0.958102493074792,0.765337686321066,22,551.282051282051,995.589743589744
"distance",20,80,0.4,11,1834070094,"outputs/wcrit/01_distance_sensitivity/designs/distance_m20_n080_lambda040_rep11.rds",0.816155165835573,6000,0.893999999999998,55,96.2025316455696,9577.68734177215,0.574468085106383,0.977279886321699,0.816155165835573,95,9379.74683544304,18091.8734177215
"distance",5,25,0.4,11,940653752,"outputs/wcrit/01_distance_sensitivity/designs/distance_m05_n025_lambda040_rep11.rds",0.66277004779607,6000,0.0630000000000024,2,5.2,31.1933333333333,0.25,0.937950079660117,0.66277004779607,5,30.3819444444444,43.4583333333333
"distance",10,50,0.4,11,623323231,"outputs/wcrit/01_distance_sensitivity/designs/distance_m10_n050_lambda040_rep11.rds",0.751350560521833,6000,0.243000000000002,10,22.9591836734694,563.246530612245,0.428571428571429,0.96653664848877,0.751350560521833,22,548.469387755102,990.061224489796
"distance",20,100,0.4,11,1830381770,"outputs/wcrit/01_distance_sensitivity/designs/distance_m20_n100_lambda040_rep11.rds",0.814120875029767,6000,1.201,54,95.959595959596,9521.31474747475,0.563829787234043,0.980981600226917,0.814120875029767,95,9356.06060606061,18045.2323232323
"distance",5,5,0.5,11,825115907,"outputs/wcrit/01_distance_sensitivity/designs/distance_m05_n005_lambda050_rep11.rds",0.778023758099352,6000,0.0129999999999981,4,6,40.2,0.75,0.806047516198704,0.778023758099352,5,36.4583333333333,55.75
"distance",10,10,0.5,11,168884984,"outputs/wcrit/01_distance_sensitivity/designs/distance_m10_n010_lambda050_rep11.rds",0.845306308062106,6000,0.0399999999999991,19,25,678.6,0.857142857142857,0.833469758981355,0.845306308062106,22,597.222222222222,1085.88888888889
"distance",20,20,0.5,11,1151288678,"outputs/wcrit/01_distance_sensitivity/designs/distance_m20_n020_lambda050_rep11.rds",0.843423548298371,6000,0.157999999999994,74,100,10564.1052631579,0.776595744680851,0.910251351915891,0.843423548298371,95,9750,18820.9473684211
"distance",5,10,0.5,11,447333454,"outputs/wcrit/01_distance_sensitivity/designs/distance_m05_n010_lambda050_rep11.rds",0.826833740831296,6000,0.0169999999999959,4,5.55555555555556,33.8666666666667,0.75,0.903667481662591,0.826833740831296,5,32.4074074074074,47.5555555555556
"distance",10,20,0.5,11,1356798383,"outputs/wcrit/01_distance_sensitivity/designs/distance_m10_n020_lambda050_rep11.rds",0.794564385239626,6000,0.0830000000000055,15,23.6842105263158,601.326315789474,0.666666666666667,0.922462103812586,0.794564385239626,22,565.789473684211,1024.10526315789
"distance",20,40,0.5,11,1379631847,"outputs/wcrit/01_distance_sensitivity/designs/distance_m20_n040_lambda050_rep11.rds",0.823350266385366,6000,0.353999999999999,66,97.4358974358974,9895.42564102564,0.691489361702128,0.955211171068605,0.823350266385366,95,9500,18328.6666666667
"distance",5,15,0.5,11,1902472073,"outputs/wcrit/01_distance_sensitivity/designs/distance_m05_n015_lambda050_rep11.rds",0.618606138107417,6000,0.027000000000001,2,5.33333333333333,31.4285714285714,0.25,0.987212276214834,0.618606138107417,5,31.25,45.2142857142857
"distance",10,30,0.5,11,397228153,"outputs/wcrit/01_distance_sensitivity/designs/distance_m10_n030_lambda050_rep11.rds",0.735669293066743,6000,0.129000000000005,12,23.2758620689655,579.588505747126,0.523809523809524,0.947529062323962,0.735669293066743,22,556.034482758621,1004.93103448276
"distance",20,60,0.5,11,1607975016,"outputs/wcrit/01_distance_sensitivity/designs/distance_m20_n060_lambda050_rep11.rds",0.792715061668807,6000,0.599000000000004,59,96.6101694915254,9695.93446327684,0.617021276595745,0.96840884674187,0.792715061668807,95,9419.49152542373,18170.1355932203
"distance",5,20,0.5,11,1635246853,"outputs/wcrit/01_distance_sensitivity/designs/distance_m05_n020_lambda050_rep11.rds",0.602486910994764,6000,0.0409999999999968,2,5.26315789473684,31.3052631578947,0.25,0.954973821989529,0.602486910994764,5,30.7017543859649,44.1052631578947
"distance",10,40,0.5,11,1585141552,"outputs/wcrit/01_distance_sensitivity/designs/distance_m10_n040_lambda050_rep11.rds",0.719212504946577,6000,0.173999999999999,11,23.0769230769231,568.061538461538,0.476190476190476,0.962234533702678,0.719212504946577,22,551.282051282051,995.589743589744
"distance",20,80,0.5,11,1836318185,"outputs/wcrit/01_distance_sensitivity/designs/distance_m20_n080_lambda050_rep11.rds",0.781168434610401,6000,0.871000000000002,56,96.2025316455696,9578.11772151899,0.585106382978723,0.977230486242078,0.781168434610401,95,9379.74683544304,18091.8734177215
"distance",5,25,0.5,11,942901843,"outputs/wcrit/01_distance_sensitivity/designs/distance_m05_n025_lambda050_rep11.rds",0.60289697291556,6000,0.054000000000002,2,5.2,30.96,0.25,0.95579394583112,0.60289697291556,5,30.3819444444444,43.4583333333333
"distance",10,50,0.5,11,625571322,"outputs/wcrit/01_distance_sensitivity/designs/distance_m10_n050_lambda050_rep11.rds",0.721659338289341,6000,0.247,11,22.9591836734694,562.985306122449,0.476190476190476,0.967128200388206,0.721659338289341,22,548.469387755102,990.061224489796
"distance",20,100,0.5,11,1832629861,"outputs/wcrit/01_distance_sensitivity/designs/distance_m20_n100_lambda050_rep11.rds",0.76736735406813,6000,1.236,53,95.959595959596,9516.43474747475,0.553191489361702,0.981543218774557,0.76736735406813,95,9356.06060606061,18045.2323232323
"distance",5,5,0.6,11,827363998,"outputs/wcrit/01_distance_sensitivity/designs/distance_m05_n005_lambda060_rep11.rds",0.772419006479482,6000,0.0120000000000005,4,6,40.2,0.75,0.806047516198704,0.772419006479482,5,36.4583333333333,55.75
"distance",10,10,0.6,11,171133075,"outputs/wcrit/01_distance_sensitivity/designs/distance_m10_n010_lambda060_rep11.rds",0.848110179951926,6000,0.0409999999999968,19,25,678.066666666667,0.857142857142857,0.83456116416553,0.848110179951926,22,597.222222222222,1085.88888888889
"distance",20,20,0.6,11,1153536769,"outputs/wcrit/01_distance_sensitivity/designs/distance_m20_n020_lambda060_rep11.rds",0.82386810653754,6000,0.164999999999999,73,100,10559.7263157895,0.765957446808511,0.910734096131084,0.82386810653754,95,9750,18820.9473684211
"distance",5,10,0.6,11,449581545,"outputs/wcrit/01_distance_sensitivity/designs/distance_m05_n010_lambda060_rep11.rds",0.802078239608802,6000,0.0180000000000007,4,5.55555555555556,34.2222222222222,0.75,0.880195599022005,0.802078239608802,5,32.4074074074074,47.5555555555556
"distance",10,20,0.6,11,1359046474,"outputs/wcrit/01_distance_sensitivity/designs/distance_m10_n020_lambda060_rep11.rds",0.767110702802021,6000,0.0810000000000031,15,23.6842105263158,603.473684210526,0.666666666666667,0.917776757005053,0.767110702802021,22,565.789473684211,1024.10526315789
"distance",20,40,0.6,11,1381879938,"outputs/wcrit/01_distance_sensitivity/designs/distance_m20_n040_lambda060_rep11.rds",0.783302271415847,6000,0.347000000000001,64,97.4358974358974,9915.50769230769,0.670212765957447,0.952936529603448,0.783302271415847,95,9500,18328.6666666667
"distance",5,15,0.6,11,1904720164,"outputs/wcrit/01_distance_sensitivity/designs/distance_m05_n015_lambda060_rep11.rds",0.676334185848252,6000,0.0300000000000011,3,5.33333333333333,32.0761904761905,0.5,0.940835464620631,0.676334185848252,5,31.25,45.2142857142857
"distance",10,30,0.6,11,399476244,"outputs/wcrit/01_distance_sensitivity/designs/distance_m10_n030_lambda060_rep11.rds",0.723540299512031,6000,0.128999999999998,13,23.2758620689655,577.712643678161,0.571428571428571,0.95170789163722,0.723540299512031,22,556.034482758621,1004.93103448276
"distance",20,60,0.6,11,1610223107,"outputs/wcrit/01_distance_sensitivity/designs/distance_m20_n060_lambda060_rep11.rds",0.751196528277801,6000,0.598999999999997,58,96.6101694915254,9695.86440677966,0.606382978723404,0.968416852609396,0.751196528277801,95,9419.49152542373,18170.1355932203
"distance",5,20,0.6,11,1637494944,"outputs/wcrit/01_distance_sensitivity/designs/distance_m05_n020_lambda060_rep11.rds",0.536387434554974,6000,0.0420000000000016,2,5.26315789473684,31.1578947368421,0.25,0.965968586387434,0.536387434554974,5,30.7017543859649,44.1052631578947
"distance",10,40,0.6,11,1587389643,"outputs/wcrit/01_distance_sensitivity/designs/distance_m10_n040_lambda060_rep11.rds",0.669527766785385,6000,0.177999999999997,11,23.0769230769231,569.261538461538,0.476190476190476,0.959533702677747,0.669527766785385,22,551.282051282051,995.589743589744
"distance",20,80,0.6,11,1838566276,"outputs/wcrit/01_distance_sensitivity/designs/distance_m20_n080_lambda060_rep11.rds",0.741921618581552,6000,0.887,56,96.2025316455696,9578.86708860759,0.585106382978723,0.977144471985796,0.741921618581552,95,9379.74683544304,18091.8734177215
"distance",5,25,0.6,11,945149934,"outputs/wcrit/01_distance_sensitivity/designs/distance_m05_n025_lambda060_rep11.rds",0.535376526818906,6000,0.0670000000000002,2,5.2,30.86,0.25,0.963441317047265,0.535376526818906,5,30.3819444444444,43.4583333333333
"distance",10,50,0.6,11,627819413,"outputs/wcrit/01_distance_sensitivity/designs/distance_m10_n050_lambda060_rep11.rds",0.645396115299803,6000,0.240000000000002,10,22.9591836734694,561.437551020408,0.428571428571429,0.970633145392365,0.645396115299803,22,548.469387755102,990.061224489796
"distance",20,100,0.6,11,1834877952,"outputs/wcrit/01_distance_sensitivity/designs/distance_m20_n100_lambda060_rep11.rds",0.730754607066568,6000,1.222,54,95.959595959596,9519.92242424242,0.563829787234043,0.981141836815356,0.730754607066568,95,9356.06060606061,18045.2323232323
"distance",5,5,0.7,11,829612089,"outputs/wcrit/01_distance_sensitivity/designs/distance_m05_n005_lambda070_rep11.rds",0.766814254859611,6000,0.0120000000000005,4,6,40.2,0.75,0.806047516198704,0.766814254859611,5,36.4583333333333,55.75
"distance",10,10,0.7,11,173381166,"outputs/wcrit/01_distance_sensitivity/designs/distance_m10_n010_lambda070_rep11.rds",0.849604365620737,6000,0.0429999999999993,19,25,679.311111111111,0.857142857142857,0.832014552069122,0.849604365620737,22,597.222222222222,1085.88888888889
"distance",20,20,0.7,11,1155784860,"outputs/wcrit/01_distance_sensitivity/designs/distance_m20_n020_lambda070_rep11.rds",0.818011850343368,6000,0.147999999999996,74,100,10524.2105263158,0.776595744680851,0.914649430222573,0.818011850343368,95,9750,18820.9473684211
"distance",5,10,0.7,11,451829636,"outputs/wcrit/01_distance_sensitivity/designs/distance_m05_n010_lambda070_rep11.rds",0.796100244498777,6000,0.0259999999999962,4,5.55555555555556,33.8666666666667,0.75,0.903667481662591,0.796100244498777,5,32.4074074074074,47.5555555555556
"distance",10,20,0.7,11,1361294565,"outputs/wcrit/01_distance_sensitivity/designs/distance_m10_n020_lambda070_rep11.rds",0.741448476496708,6000,0.0829999999999984,15,23.6842105263158,604.315789473684,0.666666666666667,0.915939366100138,0.741448476496708,22,565.789473684211,1024.10526315789
"distance",20,40,0.7,11,1384128029,"outputs/wcrit/01_distance_sensitivity/designs/distance_m20_n040_lambda070_rep11.rds",0.754815209789367,6000,0.366,64,97.4358974358974,9921.82564102564,0.670212765957447,0.952220912063848,0.754815209789367,95,9500,18328.6666666667
"distance",5,15,0.7,11,1906968255,"outputs/wcrit/01_distance_sensitivity/designs/distance_m05_n015_lambda070_rep11.rds",0.632250639386189,6000,0.0410000000000039,3,5.33333333333333,32.0761904761905,0.5,0.940835464620631,0.632250639386189,5,31.25,45.2142857142857
"distance",10,30,0.7,11,401724335,"outputs/wcrit/01_distance_sensitivity/designs/distance_m10_n030_lambda070_rep11.rds",0.651785732575408,6000,0.216000000000001,12,23.2758620689655,578.301149425287,0.523809523809524,0.950396886362473,0.651785732575408,22,556.034482758621,1004.93103448276
"distance",20,60,0.7,11,1612471198,"outputs/wcrit/01_distance_sensitivity/designs/distance_m20_n060_lambda070_rep11.rds",0.715115940566901,6000,0.683,58,96.6101694915254,9692.28248587571,0.606382978723404,0.968826184868394,0.715115940566901,95,9419.49152542373,18170.1355932203
"distance",5,20,0.7,11,1639743035,"outputs/wcrit/01_distance_sensitivity/designs/distance_m05_n020_lambda070_rep11.rds",0.461020942408377,6000,0.0399999999999991,2,5.26315789473684,31.3263157894737,0.25,0.953403141361256,0.461020942408377,5,30.7017543859649,44.1052631578947
"distance",10,40,0.7,11,1589637734,"outputs/wcrit/01_distance_sensitivity/designs/distance_m10_n040_lambda070_rep11.rds",0.621311172668513,6000,0.190999999999995,11,23.0769230769231,569.087179487179,0.476190476190476,0.959926131117267,0.621311172668513,22,551.282051282051,995.589743589744
"distance",20,80,0.7,11,1840814367,"outputs/wcrit/01_distance_sensitivity/designs/distance_m20_n080_lambda070_rep11.rds",0.695534318124024,6000,0.962999999999994,55,96.2025316455696,9571.22025316456,0.574468085106383,0.978022195165185,0.695534318124024,95,9379.74683544304,18091.8734177215
"distance",5,25,0.7,11,947398025,"outputs/wcrit/01_distance_sensitivity/designs/distance_m05_n025_lambda070_rep11.rds",0.464338289962825,6000,0.0549999999999997,2,5.2,30.8466666666667,0.25,0.964460966542751,0.464338289962825,5,30.3819444444444,43.4583333333333
"distance",10,50,0.7,11,630067504,"outputs/wcrit/01_distance_sensitivity/designs/distance_m10_n050_lambda070_rep11.rds",0.623525033120744,6000,0.228999999999999,11,22.9591836734694,562.90693877551,0.476190476190476,0.967305665958037,0.623525033120744,22,548.469387755102,990.061224489796
"distance",20,100,0.7,11,1837126043,"outputs/wcrit/01_distance_sensitivity/designs/distance_m20_n100_lambda070_rep11.rds",0.681562532209422,6000,1.299,53,95.959595959596,9520.3296969697,0.553191489361702,0.981094965520769,0.681562532209422,95,9356.06060606061,18045.2323232323
"distance",5,5,0.8,11,831860180,"outputs/wcrit/01_distance_sensitivity/designs/distance_m05_n005_lambda080_rep11.rds",0.761209503239741,6000,0.0129999999999981,4,6,40.2,0.75,0.806047516198704,0.761209503239741,5,36.4583333333333,55.75
"distance",10,10,0.8,11,175629257,"outputs/wcrit/01_distance_sensitivity/designs/distance_m10_n010_lambda080_rep11.rds",0.85211719612811,6000,0.0399999999999991,19,25,679.311111111111,0.857142857142857,0.832014552069122,0.85211719612811,22,597.222222222222,1085.88888888889
"distance",20,20,0.8,11,1158032951,"outputs/wcrit/01_distance_sensitivity/designs/distance_m20_n020_lambda080_rep11.rds",0.794961051094544,6000,0.151000000000003,73,100,10557.5368421053,0.765957446808511,0.91097546823868,0.794961051094544,95,9750,18820.9473684211
"distance",5,10,0.8,11,454077727,"outputs/wcrit/01_distance_sensitivity/designs/distance_m05_n010_lambda080_rep11.rds",0.776039119804401,6000,0.0189999999999984,4,5.55555555555556,34.2222222222222,0.75,0.880195599022005,0.776039119804401,5,32.4074074074074,47.5555555555556
"distance",10,20,0.8,11,1363542656,"outputs/wcrit/01_distance_sensitivity/designs/distance_m10_n020_lambda080_rep11.rds",0.716870310825295,6000,0.0829999999999984,15,23.6842105263158,603.515789473684,0.666666666666667,0.917684887459807,0.716870310825295,22,565.789473684211,1024.10526315789
"distance",20,40,0.8,11,1386376120,"outputs/wcrit/01_distance_sensitivity/designs/distance_m20_n040_lambda080_rep11.rds",0.718392792016979,6000,0.366,63,97.4358974358974,9909.06666666667,0.659574468085106,0.953666087744469,0.718392792016979,95,9500,18328.6666666667
"distance",5,15,0.8,11,1909216346,"outputs/wcrit/01_distance_sensitivity/designs/distance_m05_n015_lambda080_rep11.rds",0.390895140664962,6000,0.0399999999999991,2,5.33333333333333,31.8857142857143,0.25,0.954475703324808,0.390895140664962,5,31.25,45.2142857142857
"distance",10,30,0.8,11,403972426,"outputs/wcrit/01_distance_sensitivity/designs/distance_m10_n030_lambda080_rep11.rds",0.646738801220288,6000,0.134,13,23.2758620689655,579.386206896552,0.571428571428571,0.947979720387156,0.646738801220288,22,556.034482758621,1004.93103448276
"distance",20,60,0.8,11,1614719289,"outputs/wcrit/01_distance_sensitivity/designs/distance_m20_n060_lambda080_rep11.rds",0.695746208394765,6000,0.591000000000001,60,96.6101694915254,9698.70056497175,0.627659574468085,0.968092744101483,0.695746208394765,95,9419.49152542373,18170.1355932203
"distance",5,20,0.8,11,1641991126,"outputs/wcrit/01_distance_sensitivity/designs/distance_m05_n020_lambda080_rep11.rds",0.390994764397906,6000,0.0439999999999969,2,5.26315789473684,31.3052631578947,0.25,0.954973821989529,0.390994764397906,5,30.7017543859649,44.1052631578947
"distance",10,40,0.8,11,1591885825,"outputs/wcrit/01_distance_sensitivity/designs/distance_m10_n040_lambda080_rep11.rds",0.573463922965308,6000,0.189,11,23.0769230769231,567.917948717949,0.476190476190476,0.962557710064635,0.573463922965308,22,551.282051282051,995.589743589744
"distance",20,80,0.8,11,1843062458,"outputs/wcrit/01_distance_sensitivity/designs/distance_m20_n080_lambda080_rep11.rds",0.663366149247718,6000,0.974000000000004,56,96.2025316455696,9585.30759493671,0.585106382978723,0.976405214323698,0.663366149247718,95,9379.74683544304,18091.8734177215
"distance",5,25,0.8,11,949646116,"outputs/wcrit/01_distance_sensitivity/designs/distance_m05_n025_lambda080_rep11.rds",0.387488050982475,6000,0.0660000000000025,2,5.2,31.2,0.25,0.937440254912374,0.387488050982475,5,30.3819444444444,43.4583333333333
"distance",10,50,0.8,11,632315595,"outputs/wcrit/01_distance_sensitivity/designs/distance_m10_n050_lambda080_rep11.rds",0.536741235656847,6000,0.235999999999997,10,22.9591836734694,561.97306122449,0.428571428571429,0.969420463998521,0.536741235656847,22,548.469387755102,990.061224489796
"distance",20,100,0.8,11,1839374134,"outputs/wcrit/01_distance_sensitivity/designs/distance_m20_n100_lambda080_rep11.rds",0.638839980573186,6000,1.276,53,95.959595959596,9517.38424242424,0.553191489361702,0.981433945419121,0.638839980573186,95,9356.06060606061,18045.2323232323
"distance",5,5,0.9,11,834108271,"outputs/wcrit/01_distance_sensitivity/designs/distance_m05_n005_lambda090_rep11.rds",0.75560475161987,6000,0.0120000000000005,4,6,40.2,0.75,0.806047516198704,0.75560475161987,5,36.4583333333333,55.75
"distance",10,10,0.9,11,177877348,"outputs/wcrit/01_distance_sensitivity/designs/distance_m10_n010_lambda090_rep11.rds",0.940962775287468,6000,0.0419999999999945,21,25,676.288888888889,0.952380952380952,0.838199181446112,0.940962775287468,22,597.222222222222,1085.88888888889
"distance",20,20,0.9,11,1160281042,"outputs/wcrit/01_distance_sensitivity/designs/distance_m20_n020_lambda090_rep11.rds",0.770791017086163,6000,0.155999999999999,72,100,10566.0421052632,0.75531914893617,0.910037830436095,0.770791017086163,95,9750,18820.9473684211
"distance",5,10,0.9,11,456325818,"outputs/wcrit/01_distance_sensitivity/designs/distance_m05_n010_lambda090_rep11.rds",0.7630195599022,6000,0.0179999999999936,4,5.55555555555556,34.2222222222222,0.75,0.880195599022005,0.7630195599022,5,32.4074074074074,47.5555555555556
"distance",10,20,0.9,11,1365790747,"outputs/wcrit/01_distance_sensitivity/designs/distance_m10_n020_lambda090_rep11.rds",0.648801102434543,6000,0.0790000000000006,14,23.6842105263158,604.021052631579,0.619047619047619,0.916582452916858,0.648801102434543,22,565.789473684211,1024.10526315789
"distance",20,40,0.9,11,1388624211,"outputs/wcrit/01_distance_sensitivity/designs/distance_m20_n040_lambda090_rep11.rds",0.69837286239477,6000,0.353000000000002,64,97.4358974358974,9925.42051282051,0.670212765957447,0.951813730330683,0.69837286239477,95,9500,18328.6666666667
"distance",5,15,0.9,11,1911464437,"outputs/wcrit/01_distance_sensitivity/designs/distance_m05_n015_lambda090_rep11.rds",0.32112958226769,6000,0.036999999999999,2,5.33333333333333,31.7904761904762,0.25,0.961295822676897,0.32112958226769,5,31.25,45.2142857142857
"distance",10,30,0.9,11,406220517,"outputs/wcrit/01_distance_sensitivity/designs/distance_m10_n030_lambda090_rep11.rds",0.608850163509865,6000,0.129999999999995,13,23.2758620689655,580.434482758621,0.571428571428571,0.945644492241512,0.608850163509865,22,556.034482758621,1004.93103448276
"distance",20,60,0.9,11,1616967380,"outputs/wcrit/01_distance_sensitivity/designs/distance_m20_n060_lambda090_rep11.rds",0.642335756633056,6000,0.589999999999996,58,96.6101694915254,9717.79435028249,0.606382978723404,0.965910757819925,0.642335756633056,95,9419.49152542373,18170.1355932203
"distance",5,20,0.9,11,1644239217,"outputs/wcrit/01_distance_sensitivity/designs/distance_m05_n020_lambda090_rep11.rds",0.322225130890052,6000,0.0410000000000039,2,5.26315789473684,31.0736842105263,0.25,0.972251308900523,0.322225130890052,5,30.7017543859649,44.1052631578947
"distance",10,40,0.9,11,1594133916,"outputs/wcrit/01_distance_sensitivity/designs/distance_m10_n040_lambda090_rep11.rds",0.524910302070967,6000,0.174000000000007,11,23.0769230769231,567.548717948718,0.476190476190476,0.963388734995383,0.524910302070967,22,551.282051282051,995.589743589744
"distance",20,80,0.9,11,1845310549,"outputs/wcrit/01_distance_sensitivity/designs/distance_m20_n080_lambda090_rep11.rds",0.633848815847941,6000,0.970999999999997,57,96.2025316455696,9581.98987341772,0.595744680851064,0.976786030819838,0.633848815847941,95,9379.74683544304,18091.8734177215
"distance",5,25,0.9,11,951894207,"outputs/wcrit/01_distance_sensitivity/designs/distance_m05_n025_lambda090_rep11.rds",0.321599044078598,6000,0.054000000000002,2,5.2,30.8266666666667,0.25,0.96599044078598,0.321599044078598,5,30.3819444444444,43.4583333333333
"distance",10,50,0.9,11,634563686,"outputs/wcrit/01_distance_sensitivity/designs/distance_m10_n050_lambda090_rep11.rds",0.482301400974476,6000,0.254000000000005,10,22.9591836734694,563.540408163265,0.428571428571429,0.965871152601904,0.482301400974476,22,548.469387755102,990.061224489796
"distance",20,100,0.9,11,1841622225,"outputs/wcrit/01_distance_sensitivity/designs/distance_m20_n100_lambda090_rep11.rds",0.605581795979077,6000,1.294,54,95.959595959596,9518.11474747475,0.563829787234043,0.981349874684386,0.605581795979077,95,9356.06060606061,18045.2323232323
"distance",5,5,1,11,1763567105,"outputs/wcrit/01_distance_sensitivity/designs/distance_m05_n005_lambda100_rep11.rds",0.75,6000,0.0230000000000032,4,6,40.8,0.75,0.774946004319655,0.75,5,36.4583333333333,55.75
"distance",10,10,1,11,1547041092,"outputs/wcrit/01_distance_sensitivity/designs/distance_m10_n010_lambda100_rep11.rds",0.904761904761905,6000,0.0399999999999991,20,25,677.711111111111,0.904761904761905,0.835288767621646,0.904761904761905,22,597.222222222222,1085.88888888889
"distance",20,20,1,11,1281556688,"outputs/wcrit/01_distance_sensitivity/designs/distance_m20_n020_lambda100_rep11.rds",0.776595744680851,6000,0.152999999999999,74,100,10575.5789473684,0.776595744680851,0.908986469236661,0.776595744680851,95,9750,18820.9473684211
"distance",5,10,1,11,1724126797,"outputs/wcrit/01_distance_sensitivity/designs/distance_m05_n010_lambda100_rep11.rds",0.75,6000,0.0189999999999984,4,5.55555555555556,34.2222222222222,0.75,0.880195599022005,0.75,5,32.4074074074074,47.5555555555556
"distance",10,20,1,11,283722707,"outputs/wcrit/01_distance_sensitivity/designs/distance_m10_n020_lambda100_rep11.rds",0.666666666666667,6000,0.0849999999999937,15,23.6842105263158,601.789473684211,0.666666666666667,0.921451538814883,0.666666666666667,22,565.789473684211,1024.10526315789
"distance",20,40,1,11,902403547,"outputs/wcrit/01_distance_sensitivity/designs/distance_m20_n040_lambda100_rep11.rds",0.670212765957447,6000,0.364000000000004,64,97.4358974358974,9917.45641025641,0.670212765957447,0.952715803414286,0.670212765957447,95,9500,18328.6666666667
"distance",5,15,1,11,1348048442,"outputs/wcrit/01_distance_sensitivity/designs/distance_m05_n015_lambda100_rep11.rds",0.25,6000,0.027000000000001,2,5.33333333333333,32.9333333333333,0.25,0.879454390451833,0.25,5,31.25,45.2142857142857
"distance",10,30,1,11,1167887951,"outputs/wcrit/01_distance_sensitivity/designs/distance_m10_n030_lambda100_rep11.rds",0.571428571428571,6000,0.125,13,23.2758620689655,583.542528735632,0.571428571428571,0.93872074563425,0.571428571428571,22,556.034482758621,1004.93103448276
"distance",20,60,1,11,523250406,"outputs/wcrit/01_distance_sensitivity/designs/distance_m20_n060_lambda100_rep11.rds",0.648936170212766,6000,0.602000000000004,62,96.6101694915254,9688.94915254237,0.648936170212766,0.969207109210363,0.648936170212766,95,9419.49152542373,18170.1355932203
"distance",5,20,1,11,460808412,"outputs/wcrit/01_distance_sensitivity/designs/distance_m05_n020_lambda100_rep11.rds",0.25,6000,0.0459999999999994,2,5.26315789473684,31.5789473684211,0.25,0.93455497382199,0.25,5,30.7017543859649,44.1052631578947
"distance",10,40,1,11,2052053195,"outputs/wcrit/01_distance_sensitivity/designs/distance_m10_n040_lambda100_rep11.rds",0.476190476190476,6000,0.186,11,23.0769230769231,572.482051282051,0.476190476190476,0.952285318559557,0.476190476190476,22,551.282051282051,995.589743589744
"distance",20,80,1,11,144097265,"outputs/wcrit/01_distance_sensitivity/designs/distance_m20_n080_lambda100_rep11.rds",0.585106382978723,6000,-0.0839999999999961,56,96.2025316455696,9582.14683544304,0.585106382978723,0.976768014320211,0.585106382978723,95,9379.74683544304,18091.8734177215
"distance",5,25,1,11,84730057,"outputs/wcrit/01_distance_sensitivity/designs/distance_m05_n025_lambda100_rep11.rds",0.25,6000,0.0609999999999999,2,5.2,30.94,0.25,0.957323420074349,0.25,5,30.3819444444444,43.4583333333333
"distance",10,50,1,11,788734810,"outputs/wcrit/01_distance_sensitivity/designs/distance_m10_n050_lambda100_rep11.rds",0.428571428571429,6000,0.228999999999999,10,22.9591836734694,563.899591836735,0.428571428571429,0.965057768740179,0.428571428571429,22,548.469387755102,990.061224489796
"distance",20,100,1,11,237950131,"outputs/wcrit/01_distance_sensitivity/designs/distance_m20_n100_lambda100_rep11.rds",0.563829787234043,6000,0.247,54,95.959595959596,9523.36404040404,0.563829787234043,0.980745755776376,0.563829787234043,95,9356.06060606061,18045.2323232323
"distance",5,5,0,12,1761319015,"outputs/wcrit/01_distance_sensitivity/designs/distance_m05_n005_lambda000_rep12.rds",0.806047516198704,6000,0.0219999999999985,4,6,40.2,0.75,0.806047516198704,0.806047516198704,5,36.4583333333333,55.75
"distance",10,10,0,12,1544793002,"outputs/wcrit/01_distance_sensitivity/designs/distance_m10_n010_lambda000_rep12.rds",0.835288767621646,6000,-0.938000000000002,19,25,677.711111111111,0.857142857142857,0.835288767621646,0.835288767621646,22,597.222222222222,1085.88888888889
"distance",20,20,0,12,1279308598,"outputs/wcrit/01_distance_sensitivity/designs/distance_m20_n020_lambda000_rep12.rds",0.91228212685961,6000,0.161999999999999,69,100,10545.6842105263,0.723404255319149,0.91228212685961,0.91228212685961,95,9750,18820.9473684211
"distance",5,10,0,12,1721878707,"outputs/wcrit/01_distance_sensitivity/designs/distance_m05_n010_lambda000_rep12.rds",0.891931540342298,6000,0.0159999999999982,3,5.55555555555556,34.0444444444444,0.5,0.891931540342298,0.891931540342298,5,32.4074074074074,47.5555555555556
"distance",10,20,0,12,281474617,"outputs/wcrit/01_distance_sensitivity/designs/distance_m10_n020_lambda000_rep12.rds",0.923840146991272,6000,0.0820000000000007,11,23.6842105263158,600.694736842105,0.476190476190476,0.923840146991272,0.923840146991272,22,565.789473684211,1024.10526315789
"distance",20,40,0,12,900155457,"outputs/wcrit/01_distance_sensitivity/designs/distance_m20_n040_lambda000_rep12.rds",0.956246841582491,6000,0.348999999999997,50,97.4358974358974,9886.28205128205,0.521276595744681,0.956246841582491,0.956246841582491,95,9500,18328.6666666667
"distance",5,15,0,12,1345800352,"outputs/wcrit/01_distance_sensitivity/designs/distance_m05_n015_lambda000_rep12.rds",0.962659846547315,6000,0.0390000000000015,2,5.33333333333333,31.7714285714286,0.25,0.962659846547315,0.962659846547315,5,31.25,45.2142857142857
"distance",10,30,0,12,1165639861,"outputs/wcrit/01_distance_sensitivity/designs/distance_m10_n030_lambda000_rep12.rds",0.950847544425667,6000,0.130000000000003,12,23.2758620689655,578.098850574713,0.523809523809524,0.950847544425667,0.950847544425667,22,556.034482758621,1004.93103448276
"distance",20,60,0,12,521002316,"outputs/wcrit/01_distance_sensitivity/designs/distance_m20_n060_lambda000_rep12.rds",0.97145288417834,6000,-0.379000000000005,56,96.6101694915254,9669.29717514124,0.585106382978723,0.97145288417834,0.97145288417834,95,9419.49152542373,18170.1355932203
"distance",5,20,0,12,458560322,"outputs/wcrit/01_distance_sensitivity/designs/distance_m05_n020_lambda000_rep12.rds",0.959685863874345,6000,0.0329999999999941,1,5.26315789473684,31.2421052631579,0,0.959685863874345,0.959685863874345,5,30.7017543859649,44.1052631578947
"distance",10,40,0,12,2049805105,"outputs/wcrit/01_distance_sensitivity/designs/distance_m10_n040_lambda000_rep12.rds",0.962373037857802,6000,0.18,8,23.0769230769231,568,0.333333333333333,0.962373037857802,0.962373037857802,22,551.282051282051,995.589743589744
"distance",20,80,0,12,141849175,"outputs/wcrit/01_distance_sensitivity/designs/distance_m20_n080_lambda000_rep12.rds",0.978142498888498,6000,-0.0730000000000004,54,96.2025316455696,9570.17215189873,0.563829787234043,0.978142498888498,0.978142498888498,95,9379.74683544304,18091.8734177215
"distance",5,25,0,12,82481967,"outputs/wcrit/01_distance_sensitivity/designs/distance_m05_n025_lambda000_rep12.rds",0.977206585236325,6000,0.0559999999999974,1,5.2,30.68,0,0.977206585236325,0.977206585236325,5,30.3819444444444,43.4583333333333
"distance",10,50,0,12,786486720,"outputs/wcrit/01_distance_sensitivity/designs/distance_m10_n050_lambda000_rep12.rds",0.971875404381181,6000,-0.733000000000004,9,22.9591836734694,560.888979591837,0.380952380952381,0.971875404381181,0.971875404381181,22,548.469387755102,990.061224489796
"distance",20,100,0,12,235702041,"outputs/wcrit/01_distance_sensitivity/designs/distance_m20_n100_lambda000_rep12.rds",0.982667385855843,6000,0.230000000000004,47,95.959595959596,9506.66666666667,0.48936170212766,0.982667385855843,0.982667385855843,95,9356.06060606061,18045.2323232323
"distance",5,5,0.1,12,816123544,"outputs/wcrit/01_distance_sensitivity/designs/distance_m05_n005_lambda010_rep12.rds",0.800442764578834,6000,0.0159999999999982,4,6,40.2,0.75,0.806047516198704,0.800442764578834,5,36.4583333333333,55.75
"distance",10,10,0.1,12,159892621,"outputs/wcrit/01_distance_sensitivity/designs/distance_m10_n010_lambda010_rep12.rds",0.834199961021243,6000,0.0420000000000016,19,25,679.488888888889,0.857142857142857,0.831650750341064,0.834199961021243,22,597.222222222222,1085.88888888889
"distance",20,20,0.1,12,1142296315,"outputs/wcrit/01_distance_sensitivity/designs/distance_m20_n020_lambda010_rep12.rds",0.894678125257705,6000,0.161000000000001,71,100,10554.1894736842,0.74468085106383,0.911344489057024,0.894678125257705,95,9750,18820.9473684211
"distance",5,10,0.1,12,438341091,"outputs/wcrit/01_distance_sensitivity/designs/distance_m05_n010_lambda010_rep12.rds",0.842176039119804,6000,0.0190000000000055,3,5.55555555555556,34.2222222222222,0.5,0.880195599022005,0.842176039119804,5,32.4074074074074,47.5555555555556
"distance",10,20,0.1,12,1347806020,"outputs/wcrit/01_distance_sensitivity/designs/distance_m10_n020_lambda010_rep12.rds",0.892947481243301,6000,0.0840000000000032,14,23.6842105263158,600.905263157895,0.619047619047619,0.923380799265044,0.892947481243301,22,565.789473684211,1024.10526315789
"distance",20,40,0.1,12,1370639484,"outputs/wcrit/01_distance_sensitivity/designs/distance_m20_n040_lambda010_rep12.rds",0.925281037210407,6000,0.363999999999997,63,97.4358974358974,9899.02051282051,0.659574468085106,0.95480398933544,0.925281037210407,95,9500,18328.6666666667
"distance",5,15,0.1,12,1893479710,"outputs/wcrit/01_distance_sensitivity/designs/distance_m05_n015_lambda010_rep12.rds",0.870524296675192,6000,0.0390000000000015,2,5.33333333333333,32.0952380952381,0.25,0.939471440750213,0.870524296675192,5,31.25,45.2142857142857
"distance",10,30,0.1,12,388235790,"outputs/wcrit/01_distance_sensitivity/designs/distance_m10_n030_lambda010_rep12.rds",0.904119278069194,6000,0.128,11,23.2758620689655,577.731034482759,0.476190476190476,0.951666922722384,0.904119278069194,22,556.034482758621,1004.93103448276
"distance",20,60,0.1,12,1598982653,"outputs/wcrit/01_distance_sensitivity/designs/distance_m20_n060_lambda010_rep12.rds",0.933020689095844,6000,0.604000000000006,58,96.6101694915254,9688.01581920904,0.606382978723404,0.969313768026115,0.933020689095844,95,9419.49152542373,18170.1355932203
"distance",5,20,0.1,12,1626254490,"outputs/wcrit/01_distance_sensitivity/designs/distance_m05_n020_lambda010_rep12.rds",0.878821989528796,6000,0.046999999999997,2,5.26315789473684,31.3894736842105,0.25,0.94869109947644,0.878821989528796,5,30.7017543859649,44.1052631578947
"distance",10,40,0.1,12,1576149189,"outputs/wcrit/01_distance_sensitivity/designs/distance_m10_n040_lambda010_rep12.rds",0.913983313547025,6000,0.180999999999997,11,23.0769230769231,567.88717948718,0.476190476190476,0.962626962142197,0.913983313547025,22,551.282051282051,995.589743589744
"distance",20,80,0.1,12,1827325822,"outputs/wcrit/01_distance_sensitivity/designs/distance_m20_n080_lambda010_rep12.rds",0.936123104318315,6000,-0.0840000000000032,55,96.2025316455696,9586.16329113924,0.574468085106383,0.976306995341863,0.936123104318315,95,9379.74683544304,18091.8734177215
"distance",5,25,0.1,12,933909480,"outputs/wcrit/01_distance_sensitivity/designs/distance_m05_n025_lambda010_rep12.rds",0.897603292618162,6000,0.0549999999999997,2,5.2,30.78,0.25,0.96955921402018,0.897603292618162,5,30.3819444444444,43.4583333333333
"distance",10,50,0.1,12,616578959,"outputs/wcrit/01_distance_sensitivity/designs/distance_m10_n050_lambda010_rep12.rds",0.913631890985436,6000,0.236000000000004,10,22.9591836734694,562.808979591837,0.428571428571429,0.967527497920325,0.913631890985436,22,548.469387755102,990.061224489796
"distance",20,100,0.1,12,1823637498,"outputs/wcrit/01_distance_sensitivity/designs/distance_m20_n100_lambda010_rep12.rds",0.937974658672876,6000,1.239,52,95.959595959596,9513.24444444444,0.542553191489362,0.981910377248822,0.937974658672876,95,9356.06060606061,18045.2323232323
"distance",5,5,0.2,12,818371635,"outputs/wcrit/01_distance_sensitivity/designs/distance_m05_n005_lambda020_rep12.rds",0.794838012958963,6000,0.0150000000000006,4,6,40.2,0.75,0.806047516198704,0.794838012958963,5,36.4583333333333,55.75
"distance",10,10,0.2,12,162140712,"outputs/wcrit/01_distance_sensitivity/designs/distance_m10_n010_lambda020_rep12.rds",0.838204378613655,6000,0.0420000000000016,19,25,678.6,0.857142857142857,0.833469758981355,0.838204378613655,22,597.222222222222,1085.88888888889
"distance",20,20,0.2,12,1144544406,"outputs/wcrit/01_distance_sensitivity/designs/distance_m20_n020_lambda020_rep12.rds",0.88111035119938,6000,0.149000000000001,73,100,10567.3052631579,0.765957446808511,0.909898577297097,0.88111035119938,95,9750,18820.9473684211
"distance",5,10,0.2,12,440589182,"outputs/wcrit/01_distance_sensitivity/designs/distance_m05_n010_lambda020_rep12.rds",0.854156479217604,6000,0.0269999999999939,4,5.55555555555556,34.2222222222222,0.75,0.880195599022005,0.854156479217604,5,32.4074074074074,47.5555555555556
"distance",10,20,0.2,12,1350054111,"outputs/wcrit/01_distance_sensitivity/designs/distance_m10_n020_lambda020_rep12.rds",0.875198285101822,6000,0.0829999999999984,15,23.6842105263158,599.094736842105,0.666666666666667,0.927331189710611,0.875198285101822,22,565.789473684211,1024.10526315789
"distance",20,40,0.2,12,1372887575,"outputs/wcrit/01_distance_sensitivity/designs/distance_m20_n040_lambda020_rep12.rds",0.89602202713894,6000,0.361000000000004,63,97.4358974358974,9896.10769230769,0.659574468085106,0.955133916902398,0.89602202713894,95,9500,18328.6666666667
"distance",5,15,0.2,12,1895727801,"outputs/wcrit/01_distance_sensitivity/designs/distance_m05_n015_lambda020_rep12.rds",0.816854219948849,6000,0.0380000000000038,2,5.33333333333333,31.8285714285714,0.25,0.958567774936061,0.816854219948849,5,31.25,45.2142857142857
"distance",10,30,0.2,12,390483881,"outputs/wcrit/01_distance_sensitivity/designs/distance_m10_n030_lambda020_rep12.rds",0.863080130807893,6000,0.130000000000003,12,23.2758620689655,579.422988505747,0.523809523809524,0.947897782557485,0.863080130807893,22,556.034482758621,1004.93103448276
"distance",20,60,0.2,12,1601230744,"outputs/wcrit/01_distance_sensitivity/designs/distance_m20_n060_lambda020_rep12.rds",0.898512928514472,6000,0.614999999999995,59,96.6101694915254,9691.7604519774,0.617021276595745,0.968885841494153,0.898512928514472,95,9419.49152542373,18170.1355932203
"distance",5,20,0.2,12,1628502581,"outputs/wcrit/01_distance_sensitivity/designs/distance_m05_n020_lambda020_rep12.rds",0.822774869109948,6000,0.0409999999999968,2,5.26315789473684,31.1578947368421,0.25,0.965968586387434,0.822774869109948,5,30.7017543859649,44.1052631578947
"distance",10,40,0.2,12,1578397280,"outputs/wcrit/01_distance_sensitivity/designs/distance_m10_n040_lambda020_rep12.rds",0.868141406146946,6000,0.190000000000005,12,23.0769230769231,571.620512820513,0.523809523809524,0.954224376731302,0.868141406146946,22,551.282051282051,995.589743589744
"distance",20,80,0.2,12,1829573913,"outputs/wcrit/01_distance_sensitivity/designs/distance_m20_n080_lambda020_rep12.rds",0.894861477910653,6000,0.879999999999995,55,96.2025316455696,9597.9,0.574468085106383,0.97495982611172,0.894861477910653,95,9379.74683544304,18091.8734177215
"distance",5,25,0.2,12,936157571,"outputs/wcrit/01_distance_sensitivity/designs/distance_m05_n025_lambda020_rep12.rds",0.821568773234201,6000,0.0549999999999997,2,5.2,30.8466666666667,0.25,0.964460966542751,0.821568773234201,5,30.3819444444444,43.4583333333333
"distance",10,50,0.2,12,618827050,"outputs/wcrit/01_distance_sensitivity/designs/distance_m10_n050_lambda020_rep12.rds",0.861877701926505,6000,0.241,10,22.9591836734694,561.62693877551,0.428571428571429,0.970204270265274,0.861877701926505,22,548.469387755102,990.061224489796
"distance",20,100,0.2,12,1825885589,"outputs/wcrit/01_distance_sensitivity/designs/distance_m20_n100_lambda020_rep12.rds",0.896179693874331,6000,1.262,53,95.959595959596,9513.10222222222,0.553191489361702,0.981926745002488,0.896179693874331,95,9356.06060606061,18045.2323232323
"distance",5,5,0.3,12,820619726,"outputs/wcrit/01_distance_sensitivity/designs/distance_m05_n005_lambda030_rep12.rds",0.789233261339093,6000,0.0120000000000005,4,6,40.2,0.75,0.806047516198704,0.789233261339093,5,36.4583333333333,55.75
"distance",10,10,0.3,12,164388803,"outputs/wcrit/01_distance_sensitivity/designs/distance_m10_n010_lambda030_rep12.rds",0.841590333268369,6000,0.0399999999999991,19,25,677.888888888889,0.857142857142857,0.834924965893588,0.841590333268369,22,597.222222222222,1085.88888888889
"distance",20,20,0.3,12,1146792497,"outputs/wcrit/01_distance_sensitivity/designs/distance_m20_n020_lambda030_rep12.rds",0.864142104371709,6000,0.163000000000004,72,100,10559.3052631579,0.75531914893617,0.910780513844083,0.864142104371709,95,9750,18820.9473684211
"distance",5,10,0.3,12,442837273,"outputs/wcrit/01_distance_sensitivity/designs/distance_m05_n010_lambda030_rep12.rds",0.841136919315403,6000,0.0259999999999962,4,5.55555555555556,34.2222222222222,0.75,0.880195599022005,0.841136919315403,5,32.4074074074074,47.5555555555556
"distance",10,20,0.3,12,1352302202,"outputs/wcrit/01_distance_sensitivity/designs/distance_m10_n020_lambda030_rep12.rds",0.829508497932935,6000,0.0720000000000027,14,23.6842105263158,602.58947368421,0.619047619047619,0.919706017455214,0.829508497932935,22,565.789473684211,1024.10526315789
"distance",20,40,0.3,12,1375135666,"outputs/wcrit/01_distance_sensitivity/designs/distance_m20_n040_lambda030_rep12.rds",0.863063567041502,6000,0.367999999999995,62,97.4358974358974,9898.76923076923,0.648936170212766,0.954832451396674,0.863063567041502,95,9500,18328.6666666667
"distance",5,15,0.3,12,1897975892,"outputs/wcrit/01_distance_sensitivity/designs/distance_m05_n015_lambda030_rep12.rds",0.746952259164535,6000,0.0390000000000015,2,5.33333333333333,31.8095238095238,0.25,0.959931798806479,0.746952259164535,5,31.25,45.2142857142857
"distance",10,30,0.3,12,392731972,"outputs/wcrit/01_distance_sensitivity/designs/distance_m10_n030_lambda030_rep12.rds",0.830425857237963,6000,0.133000000000003,13,23.2758620689655,582.328735632184,0.571428571428571,0.941424694013417,0.830425857237963,22,556.034482758621,1004.93103448276
"distance",20,60,0.3,12,1603478835,"outputs/wcrit/01_distance_sensitivity/designs/distance_m20_n060_lambda030_rep12.rds",0.859999760977874,6000,0.625999999999998,58,96.6101694915254,9693.45084745763,0.606382978723404,0.968692667658361,0.859999760977874,95,9419.49152542373,18170.1355932203
"distance",5,20,0.3,12,1630750672,"outputs/wcrit/01_distance_sensitivity/designs/distance_m05_n020_lambda030_rep12.rds",0.739083769633508,6000,0.0399999999999991,2,5.26315789473684,31.3894736842105,0.25,0.94869109947644,0.739083769633508,5,30.7017543859649,44.1052631578947
"distance",10,40,0.3,12,1580645371,"outputs/wcrit/01_distance_sensitivity/designs/distance_m10_n040_lambda030_rep12.rds",0.812155388471178,6000,0.184000000000005,11,23.0769230769231,570.769230769231,0.476190476190476,0.956140350877193,0.812155388471178,22,551.282051282051,995.589743589744
"distance",20,80,0.3,12,1831822004,"outputs/wcrit/01_distance_sensitivity/designs/distance_m20_n080_lambda030_rep12.rds",0.85919995798211,6000,0.905999999999999,56,96.2025316455696,9583.01265822785,0.585106382978723,0.976668632983561,0.85919995798211,95,9379.74683544304,18091.8734177215
"distance",5,25,0.3,12,938405662,"outputs/wcrit/01_distance_sensitivity/designs/distance_m05_n025_lambda030_rep12.rds",0.750122676579925,6000,0.0660000000000025,2,5.2,30.8466666666667,0.25,0.964460966542751,0.750122676579925,5,30.3819444444444,43.4583333333333
"distance",10,50,0.3,12,621075141,"outputs/wcrit/01_distance_sensitivity/designs/distance_m10_n050_lambda030_rep12.rds",0.806586032508946,6000,0.241,10,22.9591836734694,562.338775510204,0.428571428571429,0.96859229133931,0.806586032508946,22,548.469387755102,990.061224489796
"distance",20,100,0.3,12,1828133680,"outputs/wcrit/01_distance_sensitivity/designs/distance_m20_n100_lambda030_rep12.rds",0.857103338956451,6000,1.229,54,95.959595959596,9505.58383838384,0.563829787234043,0.98279200398034,0.857103338956451,95,9356.06060606061,18045.2323232323
"distance",5,5,0.4,12,822867817,"outputs/wcrit/01_distance_sensitivity/designs/distance_m05_n005_lambda040_rep12.rds",0.783628509719222,6000,0.0120000000000005,4,6,40.2,0.75,0.806047516198704,0.783628509719222,5,36.4583333333333,55.75
"distance",10,10,0.4,12,166636894,"outputs/wcrit/01_distance_sensitivity/designs/distance_m10_n010_lambda040_rep12.rds",0.843157279282791,6000,0.0390000000000015,19,25,678.422222222222,0.857142857142857,0.833833560709413,0.843157279282791,22,597.222222222222,1085.88888888889
"distance",20,20,0.4,12,1149040588,"outputs/wcrit/01_distance_sensitivity/designs/distance_m20_n020_lambda040_rep12.rds",0.861243560159578,6000,0.147999999999996,75,100,10561.0947368421,0.787234042553192,0.910583238563836,0.861243560159578,95,9750,18820.9473684211
"distance",5,10,0.4,12,445085364,"outputs/wcrit/01_distance_sensitivity/designs/distance_m05_n010_lambda040_rep12.rds",0.842200488997555,6000,0.0279999999999987,4,5.55555555555556,33.8666666666667,0.75,0.903667481662591,0.842200488997555,5,32.4074074074074,47.5555555555556
"distance",10,20,0.4,12,1354550293,"outputs/wcrit/01_distance_sensitivity/designs/distance_m10_n020_lambda040_rep12.rds",0.826538049303323,6000,0.0859999999999985,15,23.6842105263158,596.442105263158,0.666666666666667,0.933118971061093,0.826538049303323,22,565.789473684211,1024.10526315789
"distance",20,40,0.4,12,1377383757,"outputs/wcrit/01_distance_sensitivity/designs/distance_m20_n040_lambda040_rep12.rds",0.836692663993317,6000,0.362000000000002,63,97.4358974358974,9899.30769230769,0.659574468085106,0.954771461265458,0.836692663993317,95,9500,18328.6666666667
"distance",5,15,0.4,12,1900223983,"outputs/wcrit/01_distance_sensitivity/designs/distance_m05_n015_lambda040_rep12.rds",0.674322250639386,6000,0.0390000000000015,2,5.33333333333333,31.847619047619,0.25,0.957203751065644,0.674322250639386,5,31.25,45.2142857142857
"distance",10,30,0.4,12,394980063,"outputs/wcrit/01_distance_sensitivity/designs/distance_m10_n030_lambda040_rep12.rds",0.780056917528111,6000,0.127000000000002,12,23.2758620689655,578.080459770115,0.523809523809524,0.950888513340503,0.780056917528111,22,556.034482758621,1004.93103448276
"distance",20,60,0.4,12,1605726926,"outputs/wcrit/01_distance_sensitivity/designs/distance_m20_n060_lambda040_rep12.rds",0.827625728935062,6000,0.609000000000002,59,96.6101694915254,9699.26101694915,0.617021276595745,0.968028697161274,0.827625728935062,95,9419.49152542373,18170.1355932203
"distance",5,20,0.4,12,1632998763,"outputs/wcrit/01_distance_sensitivity/designs/distance_m05_n020_lambda040_rep12.rds",0.672041884816754,6000,0.0450000000000017,2,5.26315789473684,31.3263157894737,0.25,0.953403141361256,0.672041884816754,5,30.7017543859649,44.1052631578947
"distance",10,40,0.4,12,1582893462,"outputs/wcrit/01_distance_sensitivity/designs/distance_m10_n040_lambda040_rep12.rds",0.762900013190872,6000,0.186999999999998,11,23.0769230769231,571.702564102564,0.476190476190476,0.954039704524469,0.762900013190872,22,551.282051282051,995.589743589744
"distance",20,80,0.4,12,1834070095,"outputs/wcrit/01_distance_sensitivity/designs/distance_m20_n080_lambda040_rep12.rds",0.824097761335541,6000,0.918000000000006,57,96.2025316455696,9585.93544303798,0.595744680851064,0.976333148325192,0.824097761335541,95,9379.74683544304,18091.8734177215
"distance",5,25,0.4,12,940653753,"outputs/wcrit/01_distance_sensitivity/designs/distance_m05_n025_lambda040_rep12.rds",0.68448858204992,6000,0.0549999999999997,2,5.2,30.72,0.25,0.974147636749867,0.68448858204992,5,30.3819444444444,43.4583333333333
"distance",10,50,0.4,12,623323232,"outputs/wcrit/01_distance_sensitivity/designs/distance_m10_n050_lambda040_rep12.rds",0.770202967442638,6000,0.252000000000002,11,22.9591836734694,563.390204081633,0.476190476190476,0.96621129494408,0.770202967442638,22,548.469387755102,990.061224489796
"distance",20,100,0.4,12,1830381771,"outputs/wcrit/01_distance_sensitivity/designs/distance_m20_n100_lambda040_rep12.rds",0.814348981996757,6000,1.232,54,95.959595959596,9518.01131313131,0.563829787234043,0.981361778505233,0.814348981996757,95,9356.06060606061,18045.2323232323
"distance",5,5,0.5,12,825115908,"outputs/wcrit/01_distance_sensitivity/designs/distance_m05_n005_lambda050_rep12.rds",0.778023758099352,6000,0.0129999999999981,4,6,40.2,0.75,0.806047516198704,0.778023758099352,5,36.4583333333333,55.75
"distance",10,10,0.5,12,168884985,"outputs/wcrit/01_distance_sensitivity/designs/distance_m10_n010_lambda050_rep12.rds",0.845124407198077,6000,0.0399999999999991,19,25,678.777777777778,0.857142857142857,0.833105957253297,0.845124407198077,22,597.222222222222,1085.88888888889
"distance",20,20,0.5,12,1151288679,"outputs/wcrit/01_distance_sensitivity/designs/distance_m20_n020_lambda050_rep12.rds",0.84883089088924,6000,0.161000000000001,75,100,10562.5052631579,0.787234042553192,0.910427739225288,0.84883089088924,95,9750,18820.9473684211
"distance",5,10,0.5,12,447333455,"outputs/wcrit/01_distance_sensitivity/designs/distance_m05_n010_lambda050_rep12.rds",0.826833740831296,6000,0.0160000000000053,4,5.55555555555556,33.8666666666667,0.75,0.903667481662591,0.826833740831296,5,32.4074074074074,47.5555555555556
"distance",10,20,0.5,12,1356798384,"outputs/wcrit/01_distance_sensitivity/designs/distance_m10_n020_lambda050_rep12.rds",0.771214209156331,6000,0.088000000000001,14,23.6842105263158,600.905263157895,0.619047619047619,0.923380799265044,0.771214209156331,22,565.789473684211,1024.10526315789
"distance",20,40,0.5,12,1379631848,"outputs/wcrit/01_distance_sensitivity/designs/distance_m20_n040_lambda050_rep12.rds",0.813384602531579,6000,0.369999999999997,64,97.4358974358974,9883.54871794872,0.670212765957447,0.956556439105711,0.813384602531579,95,9500,18328.6666666667
"distance",5,15,0.5,12,1902472074,"outputs/wcrit/01_distance_sensitivity/designs/distance_m05_n015_lambda050_rep12.rds",0.606329923273657,6000,0.0399999999999991,2,5.33333333333333,31.7714285714286,0.25,0.962659846547315,0.606329923273657,5,31.25,45.2142857142857
"distance",10,30,0.5,12,397228154,"outputs/wcrit/01_distance_sensitivity/designs/distance_m10_n030_lambda050_rep12.rds",0.736283826789281,6000,0.134,12,23.2758620689655,579.036781609195,0.523809523809524,0.948758129769038,0.736283826789281,22,556.034482758621,1004.93103448276
"distance",20,60,0.5,12,1607975017,"outputs/wcrit/01_distance_sensitivity/designs/distance_m20_n060_lambda050_rep12.rds",0.798214471751211,6000,0.630000000000003,60,96.6101694915254,9692.77966101695,0.627659574468085,0.968769369034337,0.798214471751211,95,9419.49152542373,18170.1355932203
"distance",5,20,0.5,12,1635246854,"outputs/wcrit/01_distance_sensitivity/designs/distance_m05_n020_lambda050_rep12.rds",0.601701570680628,6000,0.0450000000000017,2,5.26315789473684,31.3263157894737,0.25,0.953403141361256,0.601701570680628,5,30.7017543859649,44.1052631578947
"distance",10,40,0.5,12,1585141553,"outputs/wcrit/01_distance_sensitivity/designs/distance_m10_n040_lambda050_rep12.rds",0.717204194697269,6000,0.186,11,23.0769230769231,569.846153846154,0.476190476190476,0.958217913204063,0.717204194697269,22,551.282051282051,995.589743589744
"distance",20,80,0.5,12,1836318186,"outputs/wcrit/01_distance_sensitivity/designs/distance_m20_n080_lambda050_rep12.rds",0.779870084282471,6000,0.914999999999999,56,96.2025316455696,9600.74050632911,0.585106382978723,0.974633785586219,0.779870084282471,95,9379.74683544304,18091.8734177215
"distance",5,25,0.5,12,942901844,"outputs/wcrit/01_distance_sensitivity/designs/distance_m05_n025_lambda050_rep12.rds",0.605191184280404,6000,0.0579999999999998,2,5.2,30.9,0.25,0.960382368560807,0.605191184280404,5,30.3819444444444,43.4583333333333
"distance",10,50,0.5,12,625571323,"outputs/wcrit/01_distance_sensitivity/designs/distance_m10_n050_lambda050_rep12.rds",0.698093829638335,6000,0.239000000000004,10,22.9591836734694,562.769795918367,0.428571428571429,0.967616230705241,0.698093829638335,22,548.469387755102,990.061224489796
"distance",20,100,0.5,12,1832629862,"outputs/wcrit/01_distance_sensitivity/designs/distance_m20_n100_lambda050_rep12.rds",0.778612746803693,6000,1.26600000000001,55,95.959595959596,9505.88444444444,0.574468085106383,0.982757408501002,0.778612746803693,95,9356.06060606061,18045.2323232323
"distance",5,5,0.6,12,827363999,"outputs/wcrit/01_distance_sensitivity/designs/distance_m05_n005_lambda060_rep12.rds",0.772419006479482,6000,0.0229999999999961,4,6,40.2,0.75,0.806047516198704,0.772419006479482,5,36.4583333333333,55.75
"distance",10,10,0.6,12,171133076,"outputs/wcrit/01_distance_sensitivity/designs/distance_m10_n010_lambda060_rep12.rds",0.847964659260703,6000,0.0290000000000035,19,25,678.244444444444,0.857142857142857,0.834197362437472,0.847964659260703,22,597.222222222222,1085.88888888889
"distance",20,20,0.6,12,1153536770,"outputs/wcrit/01_distance_sensitivity/designs/distance_m20_n020_lambda060_rep12.rds",0.817023735746923,6000,0.164000000000001,72,100,10570.1894736842,0.75531914893617,0.909580615963051,0.817023735746923,95,9750,18820.9473684211
"distance",5,10,0.6,12,449581546,"outputs/wcrit/01_distance_sensitivity/designs/distance_m05_n010_lambda060_rep12.rds",0.811466992665037,6000,0.0279999999999987,4,5.55555555555556,33.8666666666667,0.75,0.903667481662591,0.811466992665037,5,32.4074074074074,47.5555555555556
"distance",10,20,0.6,12,1359046475,"outputs/wcrit/01_distance_sensitivity/designs/distance_m10_n020_lambda060_rep12.rds",0.766302250803858,6000,0.0830000000000055,15,23.6842105263158,604.4,0.666666666666667,0.915755627009646,0.766302250803858,22,565.789473684211,1024.10526315789
"distance",20,40,0.6,12,1381879939,"outputs/wcrit/01_distance_sensitivity/designs/distance_m20_n040_lambda060_rep12.rds",0.777167203054376,6000,0.386000000000003,63,97.4358974358974,9910.0358974359,0.659574468085106,0.95355630550828,0.777167203054376,95,9500,18328.6666666667
"distance",5,15,0.6,12,1904720165,"outputs/wcrit/01_distance_sensitivity/designs/distance_m05_n015_lambda060_rep12.rds",0.534518329070759,6000,0.0399999999999991,2,5.33333333333333,31.7904761904762,0.25,0.961295822676897,0.534518329070759,5,31.25,45.2142857142857
"distance",10,30,0.6,12,399476245,"outputs/wcrit/01_distance_sensitivity/designs/distance_m10_n030_lambda060_rep12.rds",0.720459437116374,6000,0.129000000000005,13,23.2758620689655,581.170114942529,0.571428571428571,0.944005735648077,0.720459437116374,22,556.034482758621,1004.93103448276
"distance",20,60,0.6,12,1610223108,"outputs/wcrit/01_distance_sensitivity/designs/distance_m20_n060_lambda060_rep12.rds",0.764337676832415,6000,0.612000000000002,60,96.6101694915254,9687.65649717514,0.627659574468085,0.96935483037891,0.764337676832415,95,9419.49152542373,18170.1355932203
"distance",5,20,0.6,12,1637494945,"outputs/wcrit/01_distance_sensitivity/designs/distance_m05_n020_lambda060_rep12.rds",0.531361256544503,6000,0.0420000000000016,2,5.26315789473684,31.3263157894737,0.25,0.953403141361256,0.531361256544503,5,30.7017543859649,44.1052631578947
"distance",10,40,0.6,12,1587389644,"outputs/wcrit/01_distance_sensitivity/designs/distance_m10_n040_lambda060_rep12.rds",0.669056852657961,6000,0.181000000000004,11,23.0769230769231,569.784615384615,0.476190476190476,0.958356417359188,0.669056852657961,22,551.282051282051,995.589743589744
"distance",20,80,0.6,12,1838566277,"outputs/wcrit/01_distance_sensitivity/designs/distance_m20_n080_lambda060_rep12.rds",0.741168005837494,6000,0.920999999999999,56,96.2025316455696,9595.28101265823,0.585106382978723,0.975260440125651,0.741168005837494,95,9379.74683544304,18091.8734177215
"distance",5,25,0.6,12,945149935,"outputs/wcrit/01_distance_sensitivity/designs/distance_m05_n025_lambda060_rep12.rds",0.536192246415295,6000,0.0679999999999978,2,5.2,30.8333333333333,0.25,0.965480616038237,0.536192246415295,5,30.3819444444444,43.4583333333333
"distance",10,50,0.6,12,627819414,"outputs/wcrit/01_distance_sensitivity/designs/distance_m10_n050_lambda060_rep12.rds",0.673630359288553,6000,0.25,11,22.9591836734694,561.809795918367,0.476190476190476,0.969790183935669,0.673630359288553,22,548.469387755102,990.061224489796
"distance",20,100,0.6,12,1834877953,"outputs/wcrit/01_distance_sensitivity/designs/distance_m20_n100_lambda060_rep12.rds",0.724839002109188,6000,1.273,53,95.959595959596,9509.7696969697,0.553191489361702,0.982310271230418,0.724839002109188,95,9356.06060606061,18045.2323232323
"distance",5,5,0.7,12,829612090,"outputs/wcrit/01_distance_sensitivity/designs/distance_m05_n005_lambda070_rep12.rds",0.766814254859611,6000,0.0120000000000005,4,6,40.2,0.75,0.806047516198704,0.766814254859611,5,36.4583333333333,55.75
"distance",10,10,0.7,12,173381167,"outputs/wcrit/01_distance_sensitivity/designs/distance_m10_n010_lambda070_rep12.rds",0.88424738517508,6000,0.0400000000000063,20,25,677.177777777778,0.904761904761905,0.836380172805821,0.88424738517508,22,597.222222222222,1085.88888888889
"distance",20,20,0.7,12,1155784861,"outputs/wcrit/01_distance_sensitivity/designs/distance_m20_n020_lambda070_rep12.rds",0.816795474174221,6000,0.158000000000001,74,100,10560.9894736842,0.776595744680851,0.910594842992086,0.816795474174221,95,9750,18820.9473684211
"distance",5,10,0.7,12,451829637,"outputs/wcrit/01_distance_sensitivity/designs/distance_m05_n010_lambda070_rep12.rds",0.789058679706601,6000,0.0290000000000106,4,5.55555555555556,34.2222222222222,0.75,0.880195599022005,0.789058679706601,5,32.4074074074074,47.5555555555556
"distance",10,20,0.7,12,1361294566,"outputs/wcrit/01_distance_sensitivity/designs/distance_m10_n020_lambda070_rep12.rds",0.71059562088501,6000,0.0840000000000032,14,23.6842105263158,600.526315789474,0.619047619047619,0.924207625172256,0.71059562088501,22,565.789473684211,1024.10526315789
"distance",20,40,0.7,12,1384128030,"outputs/wcrit/01_distance_sensitivity/designs/distance_m20_n040_lambda070_rep12.rds",0.762193709353044,6000,0.370999999999995,65,97.4358974358974,9923.8358974359,0.680851063829787,0.951993215573975,0.762193709353044,95,9500,18328.6666666667
"distance",5,15,0.7,12,1906968256,"outputs/wcrit/01_distance_sensitivity/designs/distance_m05_n015_lambda070_rep12.rds",0.462570332480818,6000,0.0289999999999964,2,5.33333333333333,31.8285714285714,0.25,0.958567774936061,0.462570332480818,5,31.25,45.2142857142857
"distance",10,30,0.7,12,401724336,"outputs/wcrit/01_distance_sensitivity/designs/distance_m10_n030_lambda070_rep12.rds",0.650949966712757,6000,0.134,12,23.2758620689655,579.551724137931,0.523809523809524,0.947611000153633,0.650949966712757,22,556.034482758621,1004.93103448276
"distance",20,60,0.7,12,1612471199,"outputs/wcrit/01_distance_sensitivity/designs/distance_m20_n060_lambda070_rep12.rds",0.715131668222783,6000,0.706999999999994,58,96.6101694915254,9691.82372881356,0.606382978723404,0.968878610388001,0.715131668222783,95,9419.49152542373,18170.1355932203
"distance",5,20,0.7,12,1639743036,"outputs/wcrit/01_distance_sensitivity/designs/distance_m05_n020_lambda070_rep12.rds",0.462905759162304,6000,0.0420000000000016,2,5.26315789473684,31.2421052631579,0.25,0.959685863874345,0.462905759162304,5,30.7017543859649,44.1052631578947
"distance",10,40,0.7,12,1589637735,"outputs/wcrit/01_distance_sensitivity/designs/distance_m10_n040_lambda070_rep12.rds",0.621345798707295,6000,0.179000000000002,11,23.0769230769231,569.035897435897,0.476190476190476,0.960041551246537,0.621345798707295,22,551.282051282051,995.589743589744
"distance",20,80,0.7,12,1840814368,"outputs/wcrit/01_distance_sensitivity/designs/distance_m20_n080_lambda070_rep12.rds",0.702583732052979,6000,0.999000000000009,56,96.2025316455696,9582.76075949367,0.585106382978723,0.976697546559575,0.702583732052979,95,9379.74683544304,18091.8734177215
"distance",5,25,0.7,12,947398026,"outputs/wcrit/01_distance_sensitivity/designs/distance_m05_n025_lambda070_rep12.rds",0.464338289962825,6000,0.0570000000000022,2,5.2,30.8466666666667,0.25,0.964460966542751,0.464338289962825,5,30.3819444444444,43.4583333333333
"distance",10,50,0.7,12,630067505,"outputs/wcrit/01_distance_sensitivity/designs/distance_m10_n050_lambda070_rep12.rds",0.623640385741134,6000,0.331000000000003,11,22.9591836734694,562.737142857143,0.476190476190476,0.96769017469267,0.623640385741134,22,548.469387755102,990.061224489796
"distance",20,100,0.7,12,1837126044,"outputs/wcrit/01_distance_sensitivity/designs/distance_m20_n100_lambda070_rep12.rds",0.680981551353184,6000,1.36,53,95.959595959596,9537.15717171717,0.553191489361702,0.979158362666642,0.680981551353184,95,9356.06060606061,18045.2323232323
"distance",5,5,0.8,12,831860181,"outputs/wcrit/01_distance_sensitivity/designs/distance_m05_n005_lambda080_rep12.rds",0.761209503239741,6000,0.0220000000000056,4,6,40.2,0.75,0.806047516198704,0.761209503239741,5,36.4583333333333,55.75
"distance",10,10,0.8,12,175629258,"outputs/wcrit/01_distance_sensitivity/designs/distance_m10_n010_lambda080_rep12.rds",0.891085558370688,6000,0.039999999999992,20,25,677.177777777778,0.904761904761905,0.836380172805821,0.891085558370688,22,597.222222222222,1085.88888888889
"distance",20,20,0.8,12,1158032952,"outputs/wcrit/01_distance_sensitivity/designs/distance_m20_n020_lambda080_rep12.rds",0.777596283422605,6000,0.153999999999996,71,100,10573.1157894737,0.74468085106383,0.909258012857706,0.777596283422605,95,9750,18820.9473684211
"distance",5,10,0.8,12,454077728,"outputs/wcrit/01_distance_sensitivity/designs/distance_m05_n010_lambda080_rep12.rds",0.780733496332518,6000,0.0280000000000058,4,5.55555555555556,33.8666666666667,0.75,0.903667481662591,0.780733496332518,5,32.4074074074074,47.5555555555556
"distance",10,20,0.8,12,1363542657,"outputs/wcrit/01_distance_sensitivity/designs/distance_m10_n020_lambda080_rep12.rds",0.718413719185423,6000,0.0840000000000032,15,23.6842105263158,599.978947368421,0.666666666666667,0.92540192926045,0.718413719185423,22,565.789473684211,1024.10526315789
"distance",20,40,0.8,12,1386376121,"outputs/wcrit/01_distance_sensitivity/designs/distance_m20_n040_lambda080_rep12.rds",0.727215235099963,6000,0.459000000000003,64,97.4358974358974,9895.30256410256,0.670212765957447,0.955225111670026,0.727215235099963,95,9500,18328.6666666667
"distance",5,15,0.8,12,1909216347,"outputs/wcrit/01_distance_sensitivity/designs/distance_m05_n015_lambda080_rep12.rds",0.391986359761296,6000,0.0379999999999967,2,5.33333333333333,31.8095238095238,0.25,0.959931798806479,0.391986359761296,5,31.25,45.2142857142857
"distance",10,30,0.8,12,403972427,"outputs/wcrit/01_distance_sensitivity/designs/distance_m10_n030_lambda080_rep12.rds",0.645288501635099,6000,0.131,13,23.2758620689655,582.641379310345,0.571428571428571,0.940728222461207,0.645288501635099,22,556.034482758621,1004.93103448276
"distance",20,60,0.8,12,1614719290,"outputs/wcrit/01_distance_sensitivity/designs/distance_m20_n060_lambda080_rep12.rds",0.695959216121718,6000,0.706999999999994,60,96.6101694915254,9689.38079096045,0.627659574468085,0.969157782736251,0.695959216121718,95,9419.49152542373,18170.1355932203
"distance",5,20,0.8,12,1641991127,"outputs/wcrit/01_distance_sensitivity/designs/distance_m05_n020_lambda080_rep12.rds",0.390994764397906,6000,0.0420000000000016,2,5.26315789473684,31.3052631578947,0.25,0.954973821989529,0.390994764397906,5,30.7017543859649,44.1052631578947
"distance",10,40,0.8,12,1591885826,"outputs/wcrit/01_distance_sensitivity/designs/distance_m10_n040_lambda080_rep12.rds",0.573436222134283,6000,0.192999999999998,11,23.0769230769231,567.979487179487,0.476190476190476,0.962419205909511,0.573436222134283,22,551.282051282051,995.589743589744
"distance",20,80,0.8,12,1843062459,"outputs/wcrit/01_distance_sensitivity/designs/distance_m20_n080_lambda080_rep12.rds",0.66363662921308,6000,0.983999999999995,56,96.2025316455696,9573.5253164557,0.585106382978723,0.977757614150508,0.66363662921308,95,9379.74683544304,18091.8734177215
"distance",5,25,0.8,12,949646117,"outputs/wcrit/01_distance_sensitivity/designs/distance_m05_n025_lambda080_rep12.rds",0.395339352097716,6000,0.0559999999999974,2,5.2,30.6866666666667,0.25,0.976696760488582,0.395339352097716,5,30.3819444444444,43.4583333333333
"distance",10,50,0.8,12,632315596,"outputs/wcrit/01_distance_sensitivity/designs/distance_m10_n050_lambda080_rep12.rds",0.53572080863032,6000,0.233000000000004,10,22.9591836734694,564.22612244898,0.428571428571429,0.964318328865884,0.53572080863032,22,548.469387755102,990.061224489796
"distance",20,100,0.8,12,1839374135,"outputs/wcrit/01_distance_sensitivity/designs/distance_m20_n100_lambda080_rep12.rds",0.655702936351659,6000,1.23099999999999,55,95.959595959596,9524.26262626263,0.574468085106383,0.980642341332763,0.655702936351659,95,9356.06060606061,18045.2323232323
"distance",5,5,0.9,12,834108272,"outputs/wcrit/01_distance_sensitivity/designs/distance_m05_n005_lambda090_rep12.rds",0.75560475161987,6000,0.0110000000000099,4,6,40.2,0.75,0.806047516198704,0.75560475161987,5,36.4583333333333,55.75
"distance",10,10,0.9,12,177877349,"outputs/wcrit/01_distance_sensitivity/designs/distance_m10_n010_lambda090_rep12.rds",0.85492106801793,6000,0.0420000000000016,19,25,677.888888888889,0.857142857142857,0.834924965893588,0.85492106801793,22,597.222222222222,1085.88888888889
"distance",20,20,0.9,12,1160281043,"outputs/wcrit/01_distance_sensitivity/designs/distance_m20_n020_lambda090_rep12.rds",0.799534613046637,6000,0.162999999999997,75,100,10564.2105263158,0.787234042553192,0.910239747487641,0.799534613046637,95,9750,18820.9473684211
"distance",5,10,0.9,12,456325819,"outputs/wcrit/01_distance_sensitivity/designs/distance_m05_n010_lambda090_rep12.rds",0.765366748166259,6000,0.0190000000000055,4,5.55555555555556,33.8666666666667,0.75,0.903667481662591,0.765366748166259,5,32.4074074074074,47.5555555555556
"distance",10,20,0.9,12,1365790748,"outputs/wcrit/01_distance_sensitivity/designs/distance_m10_n020_lambda090_rep12.rds",0.691401010564998,6000,0.0849999999999937,15,23.6842105263158,605.2,0.666666666666667,0.914010105649977,0.691401010564998,22,565.789473684211,1024.10526315789
"distance",20,40,0.9,12,1388624212,"outputs/wcrit/01_distance_sensitivity/designs/distance_m20_n040_lambda090_rep12.rds",0.698584352935491,6000,0.349999999999994,64,97.4358974358974,9906.74871794872,0.670212765957447,0.953928635737893,0.698584352935491,95,9500,18328.6666666667
"distance",5,15,0.9,12,1911464438,"outputs/wcrit/01_distance_sensitivity/designs/distance_m05_n015_lambda090_rep12.rds",0.320311167945439,6000,0.0390000000000015,2,5.33333333333333,31.9047619047619,0.25,0.95311167945439,0.320311167945439,5,31.25,45.2142857142857
"distance",10,30,0.9,12,406220518,"outputs/wcrit/01_distance_sensitivity/designs/distance_m10_n030_lambda090_rep12.rds",0.56648055073927,6000,0.134,12,23.2758620689655,578.245977011494,0.523809523809524,0.95051979310698,0.56648055073927,22,556.034482758621,1004.93103448276
"distance",20,60,0.9,12,1616967381,"outputs/wcrit/01_distance_sensitivity/designs/distance_m20_n060_lambda090_rep12.rds",0.671314961268525,6000,0.62700000000001,61,96.6101694915254,9695.41016949153,0.638297872340426,0.968468761621421,0.671314961268525,95,9419.49152542373,18170.1355932203
"distance",5,20,0.9,12,1644239218,"outputs/wcrit/01_distance_sensitivity/designs/distance_m05_n020_lambda090_rep12.rds",0.320497382198953,6000,0.0419999999999874,2,5.26315789473684,31.3052631578947,0.25,0.954973821989529,0.320497382198953,5,30.7017543859649,44.1052631578947
"distance",10,40,0.9,12,1594133917,"outputs/wcrit/01_distance_sensitivity/designs/distance_m10_n040_lambda090_rep12.rds",0.524524798839203,6000,0.175000000000011,11,23.0769230769231,569.261538461538,0.476190476190476,0.959533702677747,0.524524798839203,22,551.282051282051,995.589743589744
"distance",20,80,0.9,12,1845310550,"outputs/wcrit/01_distance_sensitivity/designs/distance_m20_n080_lambda090_rep12.rds",0.614651220599301,6000,0.983000000000004,55,96.2025316455696,9586.22911392405,0.574468085106383,0.976299440035568,0.614651220599301,95,9379.74683544304,18091.8734177215
"distance",5,25,0.9,12,951894208,"outputs/wcrit/01_distance_sensitivity/designs/distance_m05_n025_lambda090_rep12.rds",0.321650026553372,6000,0.0559999999999974,2,5.2,30.82,0.25,0.966500265533723,0.321650026553372,5,30.3819444444444,43.4583333333333
"distance",10,50,0.9,12,634563687,"outputs/wcrit/01_distance_sensitivity/designs/distance_m10_n050_lambda090_rep12.rds",0.483036404209526,6000,0.247,10,22.9591836734694,560.294693877551,0.428571428571429,0.973221184952399,0.483036404209526,22,548.469387755102,990.061224489796
"distance",20,100,0.9,12,1841622226,"outputs/wcrit/01_distance_sensitivity/designs/distance_m20_n100_lambda090_rep12.rds",0.605402968970423,6000,1.23899999999999,54,95.959595959596,9533.65333333333,0.563829787234043,0.979561604597851,0.605402968970423,95,9356.06060606061,18045.2323232323
"distance",5,5,1,12,1763567106,"outputs/wcrit/01_distance_sensitivity/designs/distance_m05_n005_lambda100_rep12.rds",0.75,6000,0.0149999999999864,4,6,40.8,0.75,0.774946004319655,0.75,5,36.4583333333333,55.75
"distance",10,10,1,12,1547041093,"outputs/wcrit/01_distance_sensitivity/designs/distance_m10_n010_lambda100_rep12.rds",0.857142857142857,6000,0.0300000000000011,19,25,679.133333333333,0.857142857142857,0.832378353797181,0.857142857142857,22,597.222222222222,1085.88888888889
"distance",20,20,1,12,1281556689,"outputs/wcrit/01_distance_sensitivity/designs/distance_m20_n020_lambda100_rep12.rds",0.765957446808511,6000,0.152000000000001,73,100,10536.6526315789,0.765957446808511,0.913277786803444,0.765957446808511,95,9750,18820.9473684211
"distance",5,10,1,12,1724126798,"outputs/wcrit/01_distance_sensitivity/designs/distance_m05_n010_lambda100_rep12.rds",0.75,6000,0.0280000000000058,4,5.55555555555556,34.2222222222222,0.75,0.880195599022005,0.75,5,32.4074074074074,47.5555555555556
"distance",10,20,1,12,283722708,"outputs/wcrit/01_distance_sensitivity/designs/distance_m10_n020_lambda100_rep12.rds",0.666666666666667,6000,0.0889999999999986,15,23.6842105263158,606.463157894737,0.666666666666667,0.911254019292605,0.666666666666667,22,565.789473684211,1024.10526315789
"distance",20,40,1,12,902403548,"outputs/wcrit/01_distance_sensitivity/designs/distance_m20_n040_lambda100_rep12.rds",0.670212765957447,6000,0.372,64,97.4358974358974,9910.85641025641,0.670212765957447,0.953463368165475,0.670212765957447,95,9500,18328.6666666667
"distance",5,15,1,12,1348048443,"outputs/wcrit/01_distance_sensitivity/designs/distance_m05_n015_lambda100_rep12.rds",0.25,6000,0.0409999999999968,2,5.33333333333333,33.4095238095238,0.25,0.845353793691389,0.25,5,31.25,45.2142857142857
"distance",10,30,1,12,1167887952,"outputs/wcrit/01_distance_sensitivity/designs/distance_m10_n030_lambda100_rep12.rds",0.523809523809524,6000,0.135999999999996,12,23.2758620689655,584.314942528736,0.523809523809524,0.937000051211144,0.523809523809524,22,556.034482758621,1004.93103448276
"distance",20,60,1,12,523250407,"outputs/wcrit/01_distance_sensitivity/designs/distance_m20_n060_lambda100_rep12.rds",0.606382978723404,6000,0.628,58,96.6101694915254,9673.1186440678,0.606382978723404,0.971016177017479,0.606382978723404,95,9419.49152542373,18170.1355932203
"distance",5,20,1,12,460808413,"outputs/wcrit/01_distance_sensitivity/designs/distance_m05_n020_lambda100_rep12.rds",0.25,6000,0.0400000000000063,2,5.26315789473684,31.6421052631579,0.25,0.929842931937173,0.25,5,30.7017543859649,44.1052631578947
"distance",10,40,1,12,2052053196,"outputs/wcrit/01_distance_sensitivity/designs/distance_m10_n040_lambda100_rep12.rds",0.476190476190476,6000,0.186999999999998,11,23.0769230769231,571.446153846154,0.476190476190476,0.954616805170822,0.476190476190476,22,551.282051282051,995.589743589744
"distance",20,80,1,12,144097266,"outputs/wcrit/01_distance_sensitivity/designs/distance_m20_n080_lambda100_rep12.rds",0.574468085106383,6000,0.914999999999992,55,96.2025316455696,9583.55569620253,0.574468085106383,0.976606301706628,0.574468085106383,95,9379.74683544304,18091.8734177215
"distance",5,25,1,12,84730058,"outputs/wcrit/01_distance_sensitivity/designs/distance_m05_n025_lambda100_rep12.rds",0.25,6000,0.070999999999998,2,5.2,31.3066666666667,0.25,0.929283058948486,0.25,5,30.3819444444444,43.4583333333333
"distance",10,50,1,12,788734811,"outputs/wcrit/01_distance_sensitivity/designs/distance_m10_n050_lambda100_rep12.rds",0.428571428571429,6000,0.244,10,22.9591836734694,564.258775510204,0.428571428571429,0.964244384878455,0.428571428571429,22,548.469387755102,990.061224489796
"distance",20,100,1,12,237950132,"outputs/wcrit/01_distance_sensitivity/designs/distance_m20_n100_lambda100_rep12.rds",0.563829787234043,6000,1.256,54,95.959595959596,9523.7195959596,0.563829787234043,0.980704836392212,0.563829787234043,95,9356.06060606061,18045.2323232323
"distance",5,5,0,13,1761319016,"outputs/wcrit/01_distance_sensitivity/designs/distance_m05_n005_lambda000_rep13.rds",0.806047516198704,6000,0.0139999999999958,4,6,40.2,0.75,0.806047516198704,0.806047516198704,5,36.4583333333333,55.75
"distance",10,10,0,13,1544793003,"outputs/wcrit/01_distance_sensitivity/designs/distance_m10_n010_lambda000_rep13.rds",0.833833560709413,6000,0.0400000000000063,19,25,678.422222222222,0.857142857142857,0.833833560709413,0.833833560709413,22,597.222222222222,1085.88888888889
"distance",20,20,0,13,1279308599,"outputs/wcrit/01_distance_sensitivity/designs/distance_m20_n020_lambda000_rep13.rds",0.912198574976211,6000,0.168999999999997,67,100,10546.4421052632,0.702127659574468,0.912198574976211,0.912198574976211,95,9750,18820.9473684211
"distance",5,10,0,13,1721878708,"outputs/wcrit/01_distance_sensitivity/designs/distance_m05_n010_lambda000_rep13.rds",0.903667481662591,6000,0.0169999999999959,4,5.55555555555556,33.8666666666667,0.75,0.903667481662591,0.903667481662591,5,32.4074074074074,47.5555555555556
"distance",10,20,0,13,281474618,"outputs/wcrit/01_distance_sensitivity/designs/distance_m10_n020_lambda000_rep13.rds",0.92475884244373,6000,0.0849999999999937,14,23.6842105263158,600.273684210526,0.619047619047619,0.92475884244373,0.92475884244373,22,565.789473684211,1024.10526315789
"distance",20,40,0,13,900155458,"outputs/wcrit/01_distance_sensitivity/designs/distance_m20_n040_lambda000_rep13.rds",0.956872426071248,6000,0.362000000000009,63,97.4358974358974,9880.75897435897,0.659574468085106,0.956872426071248,0.956872426071248,95,9500,18328.6666666667
"distance",5,15,0,13,1345800353,"outputs/wcrit/01_distance_sensitivity/designs/distance_m05_n015_lambda000_rep13.rds",0.962659846547315,6000,0.0379999999999967,2,5.33333333333333,31.7714285714286,0.25,0.962659846547315,0.962659846547315,5,31.25,45.2142857142857
"distance",10,30,0,13,1165639862,"outputs/wcrit/01_distance_sensitivity/designs/distance_m10_n030_lambda000_rep13.rds",0.950560762021816,6000,0.131999999999991,10,23.2758620689655,578.227586206897,0.428571428571429,0.950560762021816,0.950560762021816,22,556.034482758621,1004.93103448276
"distance",20,60,0,13,521002317,"outputs/wcrit/01_distance_sensitivity/designs/distance_m20_n060_lambda000_rep13.rds",0.970282477996777,6000,0.629000000000005,55,96.6101694915254,9679.53898305085,0.574468085106383,0.970282477996777,0.970282477996777,95,9419.49152542373,18170.1355932203
"distance",5,20,0,13,458560323,"outputs/wcrit/01_distance_sensitivity/designs/distance_m05_n020_lambda000_rep13.rds",0.961256544502618,6000,0.041000000000011,2,5.26315789473684,31.2210526315789,0.25,0.961256544502618,0.961256544502618,5,30.7017543859649,44.1052631578947
"distance",10,40,0,13,2049805106,"outputs/wcrit/01_distance_sensitivity/designs/distance_m10_n040_lambda000_rep13.rds",0.965904893813481,6000,0.186000000000007,10,23.0769230769231,566.430769230769,0.428571428571429,0.965904893813481,0.965904893813481,22,551.282051282051,995.589743589744
"distance",20,80,0,13,141849176,"outputs/wcrit/01_distance_sensitivity/designs/distance_m20_n080_lambda000_rep13.rds",0.978095278224154,6000,0.902000000000001,43,96.2025316455696,9570.5835443038,0.446808510638298,0.978095278224154,0.978095278224154,95,9379.74683544304,18091.8734177215
"distance",5,25,0,13,82481968,"outputs/wcrit/01_distance_sensitivity/designs/distance_m05_n025_lambda000_rep13.rds",0.972618162506638,6000,0.0559999999999974,1,5.2,30.74,0,0.972618162506638,0.972618162506638,5,30.3819444444444,43.4583333333333
"distance",10,50,0,13,786486721,"outputs/wcrit/01_distance_sensitivity/designs/distance_m10_n050_lambda000_rep13.rds",0.97242258988816,6000,0.244,7,22.9591836734694,560.647346938776,0.285714285714286,0.97242258988816,0.97242258988816,22,548.469387755102,990.061224489796
"distance",20,100,0,13,235702042,"outputs/wcrit/01_distance_sensitivity/designs/distance_m20_n100_lambda000_rep13.rds",0.981923490051475,6000,1.254,47,95.959595959596,9513.13050505051,0.48936170212766,0.981923490051475,0.981923490051475,95,9356.06060606061,18045.2323232323
"distance",5,5,0.1,13,816123545,"outputs/wcrit/01_distance_sensitivity/designs/distance_m05_n005_lambda010_rep13.rds",0.800442764578834,6000,0.0229999999999961,4,6,40.2,0.75,0.806047516198704,0.800442764578834,5,36.4583333333333,55.75
"distance",10,10,0.1,13,159892622,"outputs/wcrit/01_distance_sensitivity/designs/distance_m10_n010_lambda010_rep13.rds",0.839944130448905,6000,0.0429999999999922,20,25,678.955555555556,0.904761904761905,0.832742155525239,0.839944130448905,22,597.222222222222,1085.88888888889
"distance",20,20,0.1,13,1142296316,"outputs/wcrit/01_distance_sensitivity/designs/distance_m20_n020_lambda010_rep13.rds",0.898588160816636,6000,0.149000000000001,74,100,10546.9473684211,0.776595744680851,0.912142873720612,0.898588160816636,95,9750,18820.9473684211
"distance",5,10,0.1,13,438341092,"outputs/wcrit/01_distance_sensitivity/designs/distance_m05_n010_lambda010_rep13.rds",0.867176039119804,6000,0.0279999999999916,4,5.55555555555556,34.2222222222222,0.75,0.880195599022005,0.867176039119804,5,32.4074074074074,47.5555555555556
"distance",10,20,0.1,13,1347806021,"outputs/wcrit/01_distance_sensitivity/designs/distance_m10_n020_lambda010_rep13.rds",0.888069208390752,6000,0.085000000000008,14,23.6842105263158,603.389473684211,0.619047619047619,0.917960496095544,0.888069208390752,22,565.789473684211,1024.10526315789
"distance",20,40,0.1,13,1370639485,"outputs/wcrit/01_distance_sensitivity/designs/distance_m20_n040_lambda010_rep13.rds",0.926895346496244,6000,0.366,64,97.4358974358974,9893.62051282051,0.670212765957447,0.955415633222777,0.926895346496244,95,9500,18328.6666666667
"distance",5,15,0.1,13,1893479711,"outputs/wcrit/01_distance_sensitivity/designs/distance_m05_n015_lambda010_rep13.rds",0.911483375959079,6000,0.0439999999999969,3,5.33333333333333,31.847619047619,0.5,0.957203751065644,0.911483375959079,5,31.25,45.2142857142857
"distance",10,30,0.1,13,388235791,"outputs/wcrit/01_distance_sensitivity/designs/distance_m10_n030_lambda010_rep13.rds",0.911504510238571,6000,0.132999999999996,13,23.2758620689655,578.797701149425,0.571428571428571,0.949290725661904,0.911504510238571,22,556.034482758621,1004.93103448276
"distance",20,60,0.1,13,1598982654,"outputs/wcrit/01_distance_sensitivity/designs/distance_m20_n060_lambda010_rep13.rds",0.935976960904552,6000,0.611000000000004,61,96.6101694915254,9690.30282485876,0.638297872340426,0.969052415189455,0.935976960904552,95,9419.49152542373,18170.1355932203
"distance",5,20,0.1,13,1626254491,"outputs/wcrit/01_distance_sensitivity/designs/distance_m05_n020_lambda010_rep13.rds",0.890130890052356,6000,0.0450000000000017,2,5.26315789473684,31.2210526315789,0.25,0.961256544502618,0.890130890052356,5,30.7017543859649,44.1052631578947
"distance",10,40,0.1,13,1576149190,"outputs/wcrit/01_distance_sensitivity/designs/distance_m10_n040_lambda010_rep13.rds",0.918973750164886,6000,0.195000000000007,12,23.0769230769231,567.774358974359,0.523809523809524,0.962880886426593,0.918973750164886,22,551.282051282051,995.589743589744
"distance",20,80,0.1,13,1827325823,"outputs/wcrit/01_distance_sensitivity/designs/distance_m20_n080_lambda010_rep13.rds",0.936458385564592,6000,0.917000000000002,55,96.2025316455696,9582.91772151899,0.574468085106383,0.976679530059949,0.936458385564592,95,9379.74683544304,18091.8734177215
"distance",5,25,0.1,13,933909481,"outputs/wcrit/01_distance_sensitivity/designs/distance_m05_n025_lambda010_rep13.rds",0.893014869888476,6000,0.0669999999999931,2,5.2,30.8466666666667,0.25,0.964460966542751,0.893014869888476,5,30.3819444444444,43.4583333333333
"distance",10,50,0.1,13,616578960,"outputs/wcrit/01_distance_sensitivity/designs/distance_m10_n050_lambda010_rep13.rds",0.914177597612665,6000,0.25,10,22.9591836734694,562.541224489796,0.428571428571429,0.968133838617247,0.914177597612665,22,548.469387755102,990.061224489796
"distance",20,100,0.1,13,1823637499,"outputs/wcrit/01_distance_sensitivity/designs/distance_m20_n100_lambda010_rep13.rds",0.93975279230771,6000,1.262,54,95.959595959596,9516.61898989899,0.563829787234043,0.981522015093673,0.93975279230771,95,9356.06060606061,18045.2323232323
"distance",5,5,0.2,13,818371636,"outputs/wcrit/01_distance_sensitivity/designs/distance_m05_n005_lambda020_rep13.rds",0.794838012958963,6000,0.0120000000000005,4,6,40.2,0.75,0.806047516198704,0.794838012958963,5,36.4583333333333,55.75
"distance",10,10,0.2,13,162140713,"outputs/wcrit/01_distance_sensitivity/designs/distance_m10_n010_lambda020_rep13.rds",0.839077502760995,6000,0.0400000000000063,19,25,678.066666666667,0.857142857142857,0.83456116416553,0.839077502760995,22,597.222222222222,1085.88888888889
"distance",20,20,0.2,13,1144544407,"outputs/wcrit/01_distance_sensitivity/designs/distance_m20_n020_lambda020_rep13.rds",0.885844829535887,6000,0.15100000000001,74,100,10537.7473684211,0.776595744680851,0.913157100749646,0.885844829535887,95,9750,18820.9473684211
"distance",5,10,0.2,13,440589183,"outputs/wcrit/01_distance_sensitivity/designs/distance_m05_n010_lambda020_rep13.rds",0.854156479217604,6000,0.0200000000000102,4,5.55555555555556,34.2222222222222,0.75,0.880195599022005,0.854156479217604,5,32.4074074074074,47.5555555555556
"distance",10,20,0.2,13,1350054112,"outputs/wcrit/01_distance_sensitivity/designs/distance_m10_n020_lambda020_rep13.rds",0.863616597764508,6000,0.0849999999999937,14,23.6842105263158,600.273684210526,0.619047619047619,0.92475884244373,0.863616597764508,22,565.789473684211,1024.10526315789
"distance",20,40,0.2,13,1372887576,"outputs/wcrit/01_distance_sensitivity/designs/distance_m20_n040_lambda020_rep13.rds",0.897421522632529,6000,0.366,64,97.4358974358974,9904.14358974359,0.670212765957447,0.9542237118013,0.897421522632529,95,9500,18328.6666666667
"distance",5,15,0.2,13,1895727802,"outputs/wcrit/01_distance_sensitivity/designs/distance_m05_n015_lambda020_rep13.rds",0.826479113384484,6000,0.0400000000000063,3,5.33333333333333,32.5333333333333,0.5,0.908098891730605,0.826479113384484,5,31.25,45.2142857142857
"distance",10,30,0.2,13,390483882,"outputs/wcrit/01_distance_sensitivity/designs/distance_m10_n030_lambda020_rep13.rds",0.872013987958066,6000,0.131999999999991,13,23.2758620689655,579.754022988506,0.571428571428571,0.947160342090439,0.872013987958066,22,556.034482758621,1004.93103448276
"distance",20,60,0.2,13,1601230745,"outputs/wcrit/01_distance_sensitivity/designs/distance_m20_n060_lambda020_rep13.rds",0.896506751523368,6000,0.63600000000001,58,96.6101694915254,9690.43163841808,0.606382978723404,0.969037694723359,0.896506751523368,95,9419.49152542373,18170.1355932203
"distance",5,20,0.2,13,1628502582,"outputs/wcrit/01_distance_sensitivity/designs/distance_m05_n020_lambda020_rep13.rds",0.817748691099476,6000,0.0439999999999969,2,5.26315789473684,31.2421052631579,0.25,0.959685863874345,0.817748691099476,5,30.7017543859649,44.1052631578947
"distance",10,40,0.2,13,1578397281,"outputs/wcrit/01_distance_sensitivity/designs/distance_m10_n040_lambda020_rep13.rds",0.865524337158686,6000,0.201000000000008,11,23.0769230769231,567.784615384615,0.476190476190476,0.962857802400739,0.865524337158686,22,551.282051282051,995.589743589744
"distance",20,80,0.2,13,1829573914,"outputs/wcrit/01_distance_sensitivity/designs/distance_m20_n080_lambda020_rep13.rds",0.900221499075402,6000,0.932000000000002,57,96.2025316455696,9585.86962025316,0.595744680851064,0.976340703631487,0.900221499075402,95,9379.74683544304,18091.8734177215
"distance",5,25,0.2,13,936157572,"outputs/wcrit/01_distance_sensitivity/designs/distance_m05_n025_lambda020_rep13.rds",0.821160913436007,6000,0.0640000000000072,2,5.2,30.8533333333333,0.25,0.963951141795008,0.821160913436007,5,30.3819444444444,43.4583333333333
"distance",10,50,0.2,13,618827051,"outputs/wcrit/01_distance_sensitivity/designs/distance_m10_n050_lambda020_rep13.rds",0.868455582991122,6000,0.248999999999995,11,22.9591836734694,563.25306122449,0.476190476190476,0.966521859691284,0.868455582991122,22,548.469387755102,990.061224489796
"distance",20,100,0.2,13,1825885590,"outputs/wcrit/01_distance_sensitivity/designs/distance_m20_n100_lambda020_rep13.rds",0.89629769089422,6000,1.27600000000001,54,95.959595959596,9534.9301010101,0.563829787234043,0.979414666809265,0.89629769089422,95,9356.06060606061,18045.2323232323
"distance",5,5,0.3,13,820619727,"outputs/wcrit/01_distance_sensitivity/designs/distance_m05_n005_lambda030_rep13.rds",0.789233261339093,6000,0.0110000000000099,4,6,40.2,0.75,0.806047516198704,0.789233261339093,5,36.4583333333333,55.75
"distance",10,10,0.3,13,164388804,"outputs/wcrit/01_distance_sensitivity/designs/distance_m10_n010_lambda030_rep13.rds",0.841844994478009,6000,0.041000000000011,19,25,677.711111111111,0.857142857142857,0.835288767621646,0.841844994478009,22,597.222222222222,1085.88888888889
"distance",20,20,0.3,13,1146792498,"outputs/wcrit/01_distance_sensitivity/designs/distance_m20_n020_lambda030_rep13.rds",0.868189768449683,6000,0.157999999999987,73,100,10548.2105263158,0.765957446808511,0.912003620581614,0.868189768449683,95,9750,18820.9473684211
"distance",5,10,0.3,13,442837274,"outputs/wcrit/01_distance_sensitivity/designs/distance_m05_n010_lambda030_rep13.rds",0.841136919315403,6000,0.0189999999999912,4,5.55555555555556,34.2222222222222,0.75,0.880195599022005,0.841136919315403,5,32.4074074074074,47.5555555555556
"distance",10,20,0.3,13,1352302203,"outputs/wcrit/01_distance_sensitivity/designs/distance_m10_n020_lambda030_rep13.rds",0.83728984841525,6000,0.085000000000008,14,23.6842105263158,597.494736842105,0.619047619047619,0.93082223242995,0.83728984841525,22,565.789473684211,1024.10526315789
"distance",20,40,0.3,13,1375135667,"outputs/wcrit/01_distance_sensitivity/designs/distance_m20_n040_lambda030_rep13.rds",0.868348723403019,6000,0.362000000000009,64,97.4358974358974,9912.61538461538,0.670212765957447,0.953264133736836,0.868348723403019,95,9500,18328.6666666667
"distance",5,15,0.3,13,1897975893,"outputs/wcrit/01_distance_sensitivity/designs/distance_m05_n015_lambda030_rep13.rds",0.745997442455243,6000,0.0400000000000063,2,5.33333333333333,31.8285714285714,0.25,0.958567774936061,0.745997442455243,5,31.25,45.2142857142857
"distance",10,30,0.3,13,392731973,"outputs/wcrit/01_distance_sensitivity/designs/distance_m10_n030_lambda030_rep13.rds",0.832003160459144,6000,0.13600000000001,13,23.2758620689655,581.31724137931,0.571428571428571,0.94367798432939,0.832003160459144,22,556.034482758621,1004.93103448276
"distance",20,60,0.3,13,1603478836,"outputs/wcrit/01_distance_sensitivity/designs/distance_m20_n060_lambda030_rep13.rds",0.862870370004053,6000,0.625,59,96.6101694915254,9697.46214689266,0.617021276595745,0.968234267179042,0.862870370004053,95,9419.49152542373,18170.1355932203
"distance",5,20,0.3,13,1630750673,"outputs/wcrit/01_distance_sensitivity/designs/distance_m05_n020_lambda030_rep13.rds",0.742382198952879,6000,0.0420000000000016,2,5.26315789473684,31.3263157894737,0.25,0.953403141361256,0.742382198952879,5,30.7017543859649,44.1052631578947
"distance",10,40,0.3,13,1580645372,"outputs/wcrit/01_distance_sensitivity/designs/distance_m10_n040_lambda030_rep13.rds",0.813141076375148,6000,0.191000000000003,11,23.0769230769231,570.14358974359,0.476190476190476,0.957548476454294,0.813141076375148,22,551.282051282051,995.589743589744
"distance",20,80,0.3,13,1831822005,"outputs/wcrit/01_distance_sensitivity/designs/distance_m20_n080_lambda030_rep13.rds",0.854055305707663,6000,0.924000000000007,55,96.2025316455696,9607.32151898734,0.574468085106383,0.973878400251069,0.854055305707663,95,9379.74683544304,18091.8734177215
"distance",5,25,0.3,13,938405663,"outputs/wcrit/01_distance_sensitivity/designs/distance_m05_n025_lambda030_rep13.rds",0.745483271375465,6000,0.0720000000000027,2,5.2,30.9333333333333,0.25,0.957833244822092,0.745483271375465,5,30.3819444444444,43.4583333333333
"distance",10,50,0.3,13,621075142,"outputs/wcrit/01_distance_sensitivity/designs/distance_m10_n050_lambda030_rep13.rds",0.804122218847794,6000,0.245000000000005,10,22.9591836734694,563.89306122449,0.428571428571429,0.965072557537665,0.804122218847794,22,548.469387755102,990.061224489796
"distance",20,100,0.3,13,1828133681,"outputs/wcrit/01_distance_sensitivity/designs/distance_m20_n100_lambda030_rep13.rds",0.852304164190414,6000,1.256,53,95.959595959596,9525.5402020202,0.553191489361702,0.980495310545576,0.852304164190414,95,9356.06060606061,18045.2323232323
"distance",5,5,0.4,13,822867818,"outputs/wcrit/01_distance_sensitivity/designs/distance_m05_n005_lambda040_rep13.rds",0.783628509719222,6000,0.0120000000000005,4,6,40.2,0.75,0.806047516198704,0.783628509719222,5,36.4583333333333,55.75
"distance",10,10,0.4,13,166636895,"outputs/wcrit/01_distance_sensitivity/designs/distance_m10_n010_lambda040_rep13.rds",0.843812122393296,6000,0.0390000000000015,19,25,677.888888888889,0.857142857142857,0.834924965893588,0.843812122393296,22,597.222222222222,1085.88888888889
"distance",20,20,0.4,13,1149040589,"outputs/wcrit/01_distance_sensitivity/designs/distance_m20_n020_lambda040_rep13.rds",0.85120809998968,6000,0.155999999999992,73,100,10584.1473684211,0.765957446808511,0.908041868777125,0.85120809998968,95,9750,18820.9473684211
"distance",5,10,0.4,13,445085365,"outputs/wcrit/01_distance_sensitivity/designs/distance_m05_n010_lambda040_rep13.rds",0.828117359413203,6000,0.0189999999999912,4,5.55555555555556,34.2222222222222,0.75,0.880195599022005,0.828117359413203,5,32.4074074074074,47.5555555555556
"distance",10,20,0.4,13,1354550294,"outputs/wcrit/01_distance_sensitivity/designs/distance_m10_n020_lambda040_rep13.rds",0.821136120042872,6000,0.083999999999989,15,23.6842105263158,600.568421052632,0.666666666666667,0.92411575562701,0.821136120042872,22,565.789473684211,1024.10526315789
"distance",20,40,0.4,13,1377383758,"outputs/wcrit/01_distance_sensitivity/designs/distance_m20_n040_lambda040_rep13.rds",0.840528371039488,6000,0.35799999999999,64,97.4358974358974,9905.48205128205,0.670212765957447,0.954072107760849,0.840528371039488,95,9500,18328.6666666667
"distance",5,15,0.4,13,1900223984,"outputs/wcrit/01_distance_sensitivity/designs/distance_m05_n015_lambda040_rep13.rds",0.771867007672634,6000,0.0379999999999967,3,5.33333333333333,31.9047619047619,0.5,0.95311167945439,0.771867007672634,5,31.25,45.2142857142857
"distance",10,30,0.4,13,394980064,"outputs/wcrit/01_distance_sensitivity/designs/distance_m10_n030_lambda040_rep13.rds",0.799522419507056,6000,0.132999999999996,13,23.2758620689655,577.767816091954,0.571428571428571,0.951584984892713,0.799522419507056,22,556.034482758621,1004.93103448276
"distance",20,60,0.4,13,1605726927,"outputs/wcrit/01_distance_sensitivity/designs/distance_m20_n060_lambda040_rep13.rds",0.832870883214778,6000,0.626999999999995,60,96.6101694915254,9684.82485875706,0.627659574468085,0.969678422379241,0.832870883214778,95,9419.49152542373,18170.1355932203
"distance",5,20,0.4,13,1632998764,"outputs/wcrit/01_distance_sensitivity/designs/distance_m05_n020_lambda040_rep13.rds",0.672984293193717,6000,0.0429999999999922,2,5.26315789473684,31.3052631578947,0.25,0.954973821989529,0.672984293193717,5,30.7017543859649,44.1052631578947
"distance",10,40,0.4,13,1582893463,"outputs/wcrit/01_distance_sensitivity/designs/distance_m10_n040_lambda040_rep13.rds",0.765628545046828,6000,0.194999999999993,11,23.0769230769231,569.682051282051,0.476190476190476,0.958587257617729,0.765628545046828,22,551.282051282051,995.589743589744
"distance",20,80,0.4,13,1834070096,"outputs/wcrit/01_distance_sensitivity/designs/distance_m20_n080_lambda040_rep13.rds",0.816059010033533,6000,0.933999999999997,55,96.2025316455696,9579.0835443038,0.574468085106383,0.977119626651634,0.816059010033533,95,9379.74683544304,18091.8734177215
"distance",5,25,0.4,13,940653754,"outputs/wcrit/01_distance_sensitivity/designs/distance_m05_n025_lambda040_rep13.rds",0.679594264471588,6000,0.0700000000000074,2,5.2,30.8266666666667,0.25,0.96599044078598,0.679594264471588,5,30.3819444444444,43.4583333333333
"distance",10,50,0.4,13,623323233,"outputs/wcrit/01_distance_sensitivity/designs/distance_m10_n050_lambda040_rep13.rds",0.770389306290961,6000,0.245999999999995,11,22.9591836734694,563.25306122449,0.476190476190476,0.966521859691284,0.770389306290961,22,548.469387755102,990.061224489796
"distance",20,100,0.4,13,1830381772,"outputs/wcrit/01_distance_sensitivity/designs/distance_m20_n100_lambda040_rep13.rds",0.810156604300552,6000,1.26899999999999,53,95.959595959596,9517.0997979798,0.553191489361702,0.981466680926452,0.810156604300552,95,9356.06060606061,18045.2323232323
"distance",5,5,0.5,13,825115909,"outputs/wcrit/01_distance_sensitivity/designs/distance_m05_n005_lambda050_rep13.rds",0.778023758099352,6000,0.0119999999999862,4,6,40.2,0.75,0.806047516198704,0.778023758099352,5,36.4583333333333,55.75
"distance",10,10,0.5,13,168884986,"outputs/wcrit/01_distance_sensitivity/designs/distance_m10_n010_lambda050_rep13.rds",0.869661534463717,6000,0.0440000000000111,20,25,678.066666666667,0.904761904761905,0.83456116416553,0.869661534463717,22,597.222222222222,1085.88888888889
"distance",20,20,0.5,13,1151288680,"outputs/wcrit/01_distance_sensitivity/designs/distance_m20_n020_lambda050_rep13.rds",0.850022665670497,6000,0.170000000000002,75,100,10540.8842105263,0.787234042553192,0.912811288787801,0.850022665670497,95,9750,18820.9473684211
"distance",5,10,0.5,13,447333456,"outputs/wcrit/01_distance_sensitivity/designs/distance_m05_n010_lambda050_rep13.rds",0.826833740831296,6000,0.0180000000000007,4,5.55555555555556,33.8666666666667,0.75,0.903667481662591,0.826833740831296,5,32.4074074074074,47.5555555555556
"distance",10,20,0.5,13,1356798385,"outputs/wcrit/01_distance_sensitivity/designs/distance_m10_n020_lambda050_rep13.rds",0.768825600979942,6000,0.0840000000000032,14,23.6842105263158,603.094736842105,0.619047619047619,0.918603582912265,0.768825600979942,22,565.789473684211,1024.10526315789
"distance",20,40,0.5,13,1379631849,"outputs/wcrit/01_distance_sensitivity/designs/distance_m20_n040_lambda050_rep13.rds",0.817281810122829,6000,0.365000000000009,65,97.4358974358974,9908.65641025641,0.680851063829787,0.953712556415871,0.817281810122829,95,9500,18328.6666666667
"distance",5,15,0.5,13,1902472075,"outputs/wcrit/01_distance_sensitivity/designs/distance_m05_n015_lambda050_rep13.rds",0.723145780051151,6000,0.0379999999999967,3,5.33333333333333,32,0.5,0.946291560102302,0.723145780051151,5,31.25,45.2142857142857
"distance",10,30,0.5,13,397228155,"outputs/wcrit/01_distance_sensitivity/designs/distance_m10_n030_lambda050_rep13.rds",0.760503039747163,6000,0.132000000000005,13,23.2758620689655,578.668965517241,0.571428571428571,0.949577508065755,0.760503039747163,22,556.034482758621,1004.93103448276
"distance",20,60,0.5,13,1607975018,"outputs/wcrit/01_distance_sensitivity/designs/distance_m20_n060_lambda050_rep13.rds",0.793600872172506,6000,0.644999999999996,59,96.6101694915254,9680.43163841808,0.617021276595745,0.970180467749267,0.793600872172506,95,9419.49152542373,18170.1355932203
"distance",5,20,0.5,13,1635246855,"outputs/wcrit/01_distance_sensitivity/designs/distance_m05_n020_lambda050_rep13.rds",0.601701570680628,6000,0.0430000000000064,2,5.26315789473684,31.3263157894737,0.25,0.953403141361256,0.601701570680628,5,30.7017543859649,44.1052631578947
"distance",10,40,0.5,13,1585141554,"outputs/wcrit/01_distance_sensitivity/designs/distance_m10_n040_lambda050_rep13.rds",0.742017873631447,6000,0.189000000000007,12,23.0769230769231,568.953846153846,0.523809523809524,0.96022622345337,0.742017873631447,22,551.282051282051,995.589743589744
"distance",20,80,0.5,13,1836318187,"outputs/wcrit/01_distance_sensitivity/designs/distance_m20_n080_lambda050_rep13.rds",0.781213839095347,6000,0.939999999999998,56,96.2025316455696,9577.32658227848,0.585106382978723,0.97732129521197,0.781213839095347,95,9379.74683544304,18091.8734177215
"distance",5,25,0.5,13,942901845,"outputs/wcrit/01_distance_sensitivity/designs/distance_m05_n025_lambda050_rep13.rds",0.607230483271375,6000,0.0560000000000116,2,5.2,30.8466666666667,0.25,0.964460966542751,0.607230483271375,5,30.3819444444444,43.4583333333333
"distance",10,50,0.5,13,625571324,"outputs/wcrit/01_distance_sensitivity/designs/distance_m10_n050_lambda050_rep13.rds",0.722191734998834,6000,0.254000000000005,11,22.9591836734694,562.515102040816,0.476190476190476,0.968192993807191,0.722191734998834,22,548.469387755102,990.061224489796
"distance",20,100,0.5,13,1832629863,"outputs/wcrit/01_distance_sensitivity/designs/distance_m20_n100_lambda050_rep13.rds",0.772025282955662,6000,1.36199999999999,54,95.959595959596,9527.92565656566,0.563829787234043,0.980220778677281,0.772025282955662,95,9356.06060606061,18045.2323232323
"distance",5,5,0.6,13,827364000,"outputs/wcrit/01_distance_sensitivity/designs/distance_m05_n005_lambda060_rep13.rds",0.772419006479482,6000,0.0120000000000005,4,6,40.2,0.75,0.806047516198704,0.772419006479482,5,36.4583333333333,55.75
"distance",10,10,0.6,13,171133077,"outputs/wcrit/01_distance_sensitivity/designs/distance_m10_n010_lambda060_rep13.rds",0.877845774053141,6000,0.0430000000000064,20,25,676.644444444444,0.904761904761905,0.837471577989995,0.877845774053141,22,597.222222222222,1085.88888888889
"distance",20,20,0.6,13,1153536771,"outputs/wcrit/01_distance_sensitivity/designs/distance_m20_n020_lambda060_rep13.rds",0.815973767078879,6000,0.174999999999997,72,100,10594,0.75531914893617,0.906955694292942,0.815973767078879,95,9750,18820.9473684211
"distance",5,10,0.6,13,449581547,"outputs/wcrit/01_distance_sensitivity/designs/distance_m05_n010_lambda060_rep13.rds",0.802078239608802,6000,0.0290000000000106,4,5.55555555555556,34.2222222222222,0.75,0.880195599022005,0.802078239608802,5,32.4074074074074,47.5555555555556
"distance",10,20,0.6,13,1359046476,"outputs/wcrit/01_distance_sensitivity/designs/distance_m10_n020_lambda060_rep13.rds",0.766522737712448,6000,0.0849999999999937,15,23.6842105263158,604.147368421053,0.666666666666667,0.916306844281121,0.766522737712448,22,565.789473684211,1024.10526315789
"distance",20,40,0.6,13,1381879940,"outputs/wcrit/01_distance_sensitivity/designs/distance_m20_n040_lambda060_rep13.rds",0.77744067118558,6000,0.368000000000009,63,97.4358974358974,9904,0.659574468085106,0.954239975836291,0.77744067118558,95,9500,18328.6666666667
"distance",5,15,0.6,13,1904720166,"outputs/wcrit/01_distance_sensitivity/designs/distance_m05_n015_lambda060_rep13.rds",0.53615515771526,6000,0.0390000000000015,2,5.33333333333333,31.7333333333333,0.25,0.96538789428815,0.53615515771526,5,31.25,45.2142857142857
"distance",10,30,0.6,13,399476246,"outputs/wcrit/01_distance_sensitivity/designs/distance_m10_n030_lambda060_rep13.rds",0.694428081264769,6000,0.143000000000001,12,23.2758620689655,578.319540229885,0.523809523809524,0.950355917447637,0.694428081264769,22,556.034482758621,1004.93103448276
"distance",20,60,0.6,13,1610223109,"outputs/wcrit/01_distance_sensitivity/designs/distance_m20_n060_lambda060_rep13.rds",0.750999945491966,6000,0.715000000000003,58,96.6101694915254,9700.16497175141,0.606382978723404,0.967925395644808,0.750999945491966,95,9419.49152542373,18170.1355932203
"distance",5,20,0.6,13,1637494946,"outputs/wcrit/01_distance_sensitivity/designs/distance_m05_n020_lambda060_rep13.rds",0.531361256544503,6000,0.0430000000000064,2,5.26315789473684,31.3263157894737,0.25,0.953403141361256,0.531361256544503,5,30.7017543859649,44.1052631578947
"distance",10,40,0.6,13,1587389645,"outputs/wcrit/01_distance_sensitivity/designs/distance_m10_n040_lambda060_rep13.rds",0.670395726157499,6000,0.189999999999998,11,23.0769230769231,568.297435897436,0.476190476190476,0.961703601108033,0.670395726157499,22,551.282051282051,995.589743589744
"distance",20,80,0.6,13,1838566278,"outputs/wcrit/01_distance_sensitivity/designs/distance_m20_n080_lambda060_rep13.rds",0.735318257385296,6000,0.926000000000002,55,96.2025316455696,9583.6670886076,0.574468085106383,0.976593515803667,0.735318257385296,95,9379.74683544304,18091.8734177215
"distance",5,25,0.6,13,945149936,"outputs/wcrit/01_distance_sensitivity/designs/distance_m05_n025_lambda060_rep13.rds",0.538435475305364,6000,0.0600000000000023,2,5.2,30.76,0.25,0.971088688263409,0.538435475305364,5,30.3819444444444,43.4583333333333
"distance",10,50,0.6,13,627819415,"outputs/wcrit/01_distance_sensitivity/designs/distance_m10_n050_lambda060_rep13.rds",0.644248504614897,6000,0.260000000000005,10,22.9591836734694,562.704489795918,0.428571428571429,0.9677641186801,0.644248504614897,22,548.469387755102,990.061224489796
"distance",20,100,0.6,13,1834877954,"outputs/wcrit/01_distance_sensitivity/designs/distance_m20_n100_lambda060_rep13.rds",0.730548819763667,6000,1.386,54,95.959595959596,9524.39272727273,0.563829787234043,0.980627368558103,0.730548819763667,95,9356.06060606061,18045.2323232323
"distance",5,5,0.7,13,829612091,"outputs/wcrit/01_distance_sensitivity/designs/distance_m05_n005_lambda070_rep13.rds",0.766814254859611,6000,0.012999999999991,4,6,40.2,0.75,0.806047516198704,0.766814254859611,5,36.4583333333333,55.75
"distance",10,10,0.7,13,173381168,"outputs/wcrit/01_distance_sensitivity/designs/distance_m10_n010_lambda070_rep13.rds",0.850150068212824,6000,0.0400000000000063,19,25,678.422222222222,0.857142857142857,0.833833560709413,0.850150068212824,22,597.222222222222,1085.88888888889
"distance",20,20,0.7,13,1155784862,"outputs/wcrit/01_distance_sensitivity/designs/distance_m20_n020_lambda070_rep13.rds",0.832176477181991,6000,0.160999999999987,76,100,10546.2526315789,0.797872340425532,0.912219462947061,0.832176477181991,95,9750,18820.9473684211
"distance",5,10,0.7,13,451829638,"outputs/wcrit/01_distance_sensitivity/designs/distance_m05_n010_lambda070_rep13.rds",0.796100244498777,6000,0.0300000000000011,4,5.55555555555556,33.8666666666667,0.75,0.903667481662591,0.796100244498777,5,32.4074074074074,47.5555555555556
"distance",10,20,0.7,13,1361294567,"outputs/wcrit/01_distance_sensitivity/designs/distance_m10_n020_lambda070_rep13.rds",0.709382942887766,6000,0.0870000000000033,14,23.6842105263158,602.378947368421,0.619047619047619,0.920165365181442,0.709382942887766,22,565.789473684211,1024.10526315789
"distance",20,40,0.7,13,1384128031,"outputs/wcrit/01_distance_sensitivity/designs/distance_m20_n040_lambda070_rep13.rds",0.755794362781659,6000,0.472999999999999,64,97.4358974358974,9893.01025641026,0.670212765957447,0.955484755371488,0.755794362781659,95,9500,18328.6666666667
"distance",5,15,0.7,13,1906968257,"outputs/wcrit/01_distance_sensitivity/designs/distance_m05_n015_lambda070_rep13.rds",0.633478260869565,6000,0.0430000000000064,3,5.33333333333333,32.0190476190476,0.5,0.944927536231884,0.633478260869565,5,31.25,45.2142857142857
"distance",10,30,0.7,13,401724337,"outputs/wcrit/01_distance_sensitivity/designs/distance_m10_n030_lambda070_rep13.rds",0.651085164131715,6000,0.128,12,23.2758620689655,579.349425287356,0.523809523809524,0.948061658216828,0.651085164131715,22,556.034482758621,1004.93103448276
"distance",20,60,0.7,13,1612471200,"outputs/wcrit/01_distance_sensitivity/designs/distance_m20_n060_lambda070_rep13.rds",0.715116870280549,6000,0.631,58,96.6101694915254,9692.25536723164,0.606382978723404,0.968829283913888,0.715116870280549,95,9419.49152542373,18170.1355932203
"distance",5,20,0.7,13,1639743037,"outputs/wcrit/01_distance_sensitivity/designs/distance_m05_n020_lambda070_rep13.rds",0.463376963350785,6000,0.0429999999999922,2,5.26315789473684,31.2210526315789,0.25,0.961256544502618,0.463376963350785,5,30.7017543859649,44.1052631578947
"distance",10,40,0.7,13,1589637736,"outputs/wcrit/01_distance_sensitivity/designs/distance_m10_n040_lambda070_rep13.rds",0.623097876269622,6000,0.201000000000008,11,23.0769230769231,566.441025641026,0.476190476190476,0.965881809787627,0.623097876269622,22,551.282051282051,995.589743589744
"distance",20,80,0.7,13,1840814369,"outputs/wcrit/01_distance_sensitivity/designs/distance_m20_n080_lambda070_rep13.rds",0.70208407930648,6000,1.03999999999999,56,96.2025316455696,9597.27088607595,0.585106382978723,0.975032037404578,0.70208407930648,95,9379.74683544304,18091.8734177215
"distance",5,25,0.7,13,947398027,"outputs/wcrit/01_distance_sensitivity/designs/distance_m05_n025_lambda070_rep13.rds",0.465714816781731,6000,0.0679999999999978,2,5.2,30.7866666666667,0.25,0.969049389272438,0.465714816781731,5,30.3819444444444,43.4583333333333
"distance",10,50,0.7,13,630067506,"outputs/wcrit/01_distance_sensitivity/designs/distance_m10_n050_lambda070_rep13.rds",0.590040854053055,6000,0.25,10,22.9591836734694,563.128979591837,0.428571428571429,0.966802846843516,0.590040854053055,22,548.469387755102,990.061224489796
"distance",20,100,0.7,13,1837126045,"outputs/wcrit/01_distance_sensitivity/designs/distance_m20_n100_lambda070_rep13.rds",0.681596123303876,6000,1.35600000000001,53,95.959595959596,9519.35676767677,0.553191489361702,0.981206935835616,0.681596123303876,95,9356.06060606061,18045.2323232323
"distance",5,5,0.8,13,831860182,"outputs/wcrit/01_distance_sensitivity/designs/distance_m05_n005_lambda080_rep13.rds",0.761209503239741,6000,0.0130000000000052,4,6,40.2,0.75,0.806047516198704,0.761209503239741,5,36.4583333333333,55.75
"distance",10,10,0.8,13,175629259,"outputs/wcrit/01_distance_sensitivity/designs/distance_m10_n010_lambda080_rep13.rds",0.890648996297018,6000,0.0300000000000011,20,25,678.244444444444,0.904761904761905,0.834197362437472,0.890648996297018,22,597.222222222222,1085.88888888889
"distance",20,20,0.8,13,1158032953,"outputs/wcrit/01_distance_sensitivity/designs/distance_m20_n020_lambda080_rep13.rds",0.786106921720477,6000,0.152000000000001,72,100,10573.1157894737,0.75531914893617,0.909258012857706,0.786106921720477,95,9750,18820.9473684211
"distance",5,10,0.8,13,454077729,"outputs/wcrit/01_distance_sensitivity/designs/distance_m05_n010_lambda080_rep13.rds",0.776039119804401,6000,0.0169999999999959,4,5.55555555555556,34.2222222222222,0.75,0.880195599022005,0.776039119804401,5,32.4074074074074,47.5555555555556
"distance",10,20,0.8,13,1363542658,"outputs/wcrit/01_distance_sensitivity/designs/distance_m10_n020_lambda080_rep13.rds",0.71804624100444,6000,0.0729999999999933,15,23.6842105263158,600.821052631579,0.666666666666667,0.923564538355535,0.71804624100444,22,565.789473684211,1024.10526315789
"distance",20,40,0.8,13,1386376122,"outputs/wcrit/01_distance_sensitivity/designs/distance_m20_n040_lambda080_rep13.rds",0.735460072597412,6000,0.460999999999999,65,97.4358974358974,9907.0358974359,0.680851063829787,0.953896107667912,0.735460072597412,95,9500,18328.6666666667
"distance",5,15,0.8,13,1909216348,"outputs/wcrit/01_distance_sensitivity/designs/distance_m05_n015_lambda080_rep13.rds",0.588985507246377,6000,0.041000000000011,3,5.33333333333333,32.0190476190476,0.5,0.944927536231884,0.588985507246377,5,31.25,45.2142857142857
"distance",10,30,0.8,13,403972428,"outputs/wcrit/01_distance_sensitivity/designs/distance_m10_n030_lambda080_rep13.rds",0.60902047714154,6000,0.135000000000005,12,23.2758620689655,578.540229885057,0.523809523809524,0.949864290469606,0.60902047714154,22,556.034482758621,1004.93103448276
"distance",20,60,0.8,13,1614719291,"outputs/wcrit/01_distance_sensitivity/designs/distance_m20_n060_lambda080_rep13.rds",0.695797600899207,6000,0.620000000000005,60,96.6101694915254,9696.45197740113,0.627659574468085,0.968349706623693,0.695797600899207,95,9419.49152542373,18170.1355932203
"distance",5,20,0.8,13,1641991128,"outputs/wcrit/01_distance_sensitivity/designs/distance_m05_n020_lambda080_rep13.rds",0.391937172774869,6000,0.0450000000000017,2,5.26315789473684,31.2421052631579,0.25,0.959685863874345,0.391937172774869,5,30.7017543859649,44.1052631578947
"distance",10,40,0.8,13,1591885827,"outputs/wcrit/01_distance_sensitivity/designs/distance_m10_n040_lambda080_rep13.rds",0.609606252473288,6000,0.199000000000012,12,23.0769230769231,572.25641025641,0.523809523809524,0.952793167128347,0.609606252473288,22,551.282051282051,995.589743589744
"distance",20,80,0.8,13,1843062460,"outputs/wcrit/01_distance_sensitivity/designs/distance_m20_n080_lambda080_rep13.rds",0.663476456719626,6000,1.02900000000001,56,96.2025316455696,9580.50253164557,0.585106382978723,0.976956751683235,0.663476456719626,95,9379.74683544304,18091.8734177215
"distance",5,25,0.8,13,949646118,"outputs/wcrit/01_distance_sensitivity/designs/distance_m05_n025_lambda080_rep13.rds",0.39360594795539,6000,0.0699999999999932,2,5.2,30.8,0.25,0.968029739776952,0.39360594795539,5,30.3819444444444,43.4583333333333
"distance",10,50,0.8,13,632315597,"outputs/wcrit/01_distance_sensitivity/designs/distance_m10_n050_lambda080_rep13.rds",0.574570275397339,6000,0.246000000000009,11,22.9591836734694,562.560816326531,0.476190476190476,0.96808947222479,0.574570275397339,22,548.469387755102,990.061224489796
"distance",20,100,0.8,13,1839374136,"outputs/wcrit/01_distance_sensitivity/designs/distance_m20_n100_lambda080_rep13.rds",0.647233868428152,6000,1.264,54,95.959595959596,9522.45656565657,0.563829787234043,0.980850193204592,0.647233868428152,95,9356.06060606061,18045.2323232323
"distance",5,5,0.9,13,834108273,"outputs/wcrit/01_distance_sensitivity/designs/distance_m05_n005_lambda090_rep13.rds",0.75560475161987,6000,0.0119999999999862,4,6,40.2,0.75,0.806047516198704,0.75560475161987,5,36.4583333333333,55.75
"distance",10,10,0.9,13,177877350,"outputs/wcrit/01_distance_sensitivity/designs/distance_m10_n010_lambda090_rep13.rds",0.854884687845124,6000,0.0290000000000106,19,25,678.066666666667,0.857142857142857,0.83456116416553,0.854884687845124,22,597.222222222222,1085.88888888889
"distance",20,20,0.9,13,1160281044,"outputs/wcrit/01_distance_sensitivity/designs/distance_m20_n020_lambda090_rep13.rds",0.780240853611866,6000,0.171999999999997,73,100,10577.3473684211,0.765957446808511,0.908791514842064,0.780240853611866,95,9750,18820.9473684211
"distance",5,10,0.9,13,456325820,"outputs/wcrit/01_distance_sensitivity/designs/distance_m05_n010_lambda090_rep13.rds",0.7630195599022,6000,0.0180000000000007,4,5.55555555555556,34.2222222222222,0.75,0.880195599022005,0.7630195599022,5,32.4074074074074,47.5555555555556
"distance",10,20,0.9,13,1365790749,"outputs/wcrit/01_distance_sensitivity/designs/distance_m10_n020_lambda090_rep13.rds",0.692044097381718,6000,0.0820000000000078,15,23.6842105263158,602.252631578947,0.666666666666667,0.92044097381718,0.692044097381718,22,565.789473684211,1024.10526315789
"distance",20,40,0.9,13,1388624213,"outputs/wcrit/01_distance_sensitivity/designs/distance_m20_n040_lambda090_rep13.rds",0.698787421029521,6000,0.376000000000005,64,97.4358974358974,9888.82051282051,0.670212765957447,0.955959316678187,0.698787421029521,95,9500,18328.6666666667
"distance",5,15,0.9,13,1911464439,"outputs/wcrit/01_distance_sensitivity/designs/distance_m05_n015_lambda090_rep13.rds",0.321675191815857,6000,0.039999999999992,2,5.33333333333333,31.7142857142857,0.25,0.966751918158568,0.321675191815857,5,31.25,45.2142857142857
"distance",10,30,0.9,13,406220519,"outputs/wcrit/01_distance_sensitivity/designs/distance_m10_n030_lambda090_rep13.rds",0.609091880107397,6000,0.150000000000006,13,23.2758620689655,579.349425287356,0.571428571428571,0.948061658216828,0.609091880107397,22,556.034482758621,1004.93103448276
"distance",20,60,0.9,13,1616967382,"outputs/wcrit/01_distance_sensitivity/designs/distance_m20_n060_lambda090_rep13.rds",0.642534921956803,6000,0.641000000000005,58,96.6101694915254,9700.36610169492,0.606382978723404,0.967902411057394,0.642534921956803,95,9419.49152542373,18170.1355932203
"distance",5,20,0.9,13,1644239219,"outputs/wcrit/01_distance_sensitivity/designs/distance_m05_n020_lambda090_rep13.rds",0.320497382198953,6000,0.0440000000000111,2,5.26315789473684,31.3052631578947,0.25,0.954973821989529,0.320497382198953,5,30.7017543859649,44.1052631578947
"distance",10,40,0.9,13,1594133918,"outputs/wcrit/01_distance_sensitivity/designs/distance_m10_n040_lambda090_rep13.rds",0.52478795673394,6000,0.193999999999988,11,23.0769230769231,568.092307692308,0.476190476190476,0.962165281625115,0.52478795673394,22,551.282051282051,995.589743589744
"distance",20,80,0.9,13,1845310551,"outputs/wcrit/01_distance_sensitivity/designs/distance_m20_n080_lambda090_rep13.rds",0.624234711463656,6000,0.944999999999993,56,96.2025316455696,9585.44303797468,0.585106382978723,0.976389667828053,0.624234711463656,95,9379.74683544304,18091.8734177215
"distance",5,25,0.9,13,951894209,"outputs/wcrit/01_distance_sensitivity/designs/distance_m05_n025_lambda090_rep13.rds",0.320885289431758,6000,0.0659999999999883,2,5.2,30.92,0.25,0.958852894317578,0.320885289431758,5,30.3819444444444,43.4583333333333
"distance",10,50,0.9,13,634563688,"outputs/wcrit/01_distance_sensitivity/designs/distance_m10_n050_lambda090_rep13.rds",0.525179248148099,6000,0.26400000000001,11,22.9591836734694,563.448979591837,0.476190476190476,0.966078195766707,0.525179248148099,22,548.469387755102,990.061224489796
"distance",20,100,0.9,13,1841622227,"outputs/wcrit/01_distance_sensitivity/designs/distance_m20_n100_lambda090_rep13.rds",0.596029945153581,6000,1.294,53,95.959595959596,9516.1494949495,0.553191489361702,0.981576047280488,0.596029945153581,95,9356.06060606061,18045.2323232323
"distance",5,5,1,13,1763567107,"outputs/wcrit/01_distance_sensitivity/designs/distance_m05_n005_lambda100_rep13.rds",0.75,6000,0.0120000000000005,4,6,40.2,0.75,0.806047516198704,0.75,5,36.4583333333333,55.75
"distance",10,10,1,13,1547041094,"outputs/wcrit/01_distance_sensitivity/designs/distance_m10_n010_lambda100_rep13.rds",0.904761904761905,6000,0.0430000000000064,20,25,677.533333333333,0.904761904761905,0.835652569349704,0.904761904761905,22,597.222222222222,1085.88888888889
"distance",20,20,1,13,1281556690,"outputs/wcrit/01_distance_sensitivity/designs/distance_m20_n020_lambda100_rep13.rds",0.776595744680851,6000,0.162999999999997,74,100,10583.7473684211,0.776595744680851,0.908085965604475,0.776595744680851,95,9750,18820.9473684211
"distance",5,10,1,13,1724126799,"outputs/wcrit/01_distance_sensitivity/designs/distance_m05_n010_lambda100_rep13.rds",0.75,6000,0.0180000000000007,4,5.55555555555556,34.2222222222222,0.75,0.880195599022005,0.75,5,32.4074074074074,47.5555555555556
"distance",10,20,1,13,283722709,"outputs/wcrit/01_distance_sensitivity/designs/distance_m10_n020_lambda100_rep13.rds",0.666666666666667,6000,0.0919999999999987,15,23.6842105263158,606.336842105263,0.666666666666667,0.911529627928342,0.666666666666667,22,565.789473684211,1024.10526315789
"distance",20,40,1,13,902403549,"outputs/wcrit/01_distance_sensitivity/designs/distance_m20_n040_lambda100_rep13.rds",0.670212765957447,6000,0.381,64,97.4358974358974,9900.73846153846,0.670212765957447,0.954609401773941,0.670212765957447,95,9500,18328.6666666667
"distance",5,15,1,13,1348048444,"outputs/wcrit/01_distance_sensitivity/designs/distance_m05_n015_lambda100_rep13.rds",0.25,6000,0.027000000000001,2,5.33333333333333,33.2761904761905,0.25,0.854901960784314,0.25,5,31.25,45.2142857142857
"distance",10,30,1,13,1167887953,"outputs/wcrit/01_distance_sensitivity/designs/distance_m10_n030_lambda100_rep13.rds",0.571428571428571,6000,0.134999999999991,13,23.2758620689655,583.229885057471,0.571428571428571,0.93941721718646,0.571428571428571,22,556.034482758621,1004.93103448276
"distance",20,60,1,13,523250408,"outputs/wcrit/01_distance_sensitivity/designs/distance_m20_n060_lambda100_rep13.rds",0.617021276595745,6000,0.623000000000005,59,96.6101694915254,9692.77288135593,0.617021276595745,0.968770143795711,0.617021276595745,95,9419.49152542373,18170.1355932203
"distance",5,20,1,13,460808414,"outputs/wcrit/01_distance_sensitivity/designs/distance_m05_n020_lambda100_rep13.rds",0.25,6000,0.0439999999999969,2,5.26315789473684,31.8105263157895,0.25,0.917277486910995,0.25,5,30.7017543859649,44.1052631578947
"distance",10,40,1,13,2052053197,"outputs/wcrit/01_distance_sensitivity/designs/distance_m10_n040_lambda100_rep13.rds",0.523809523809524,6000,0.194000000000003,12,23.0769230769231,569.835897435897,0.523809523809524,0.958240997229917,0.523809523809524,22,551.282051282051,995.589743589744
"distance",20,80,1,13,144097267,"outputs/wcrit/01_distance_sensitivity/designs/distance_m20_n080_lambda100_rep13.rds",0.585106382978723,6000,0.938000000000002,56,96.2025316455696,9601.26582278481,0.585106382978723,0.974573488430211,0.585106382978723,95,9379.74683544304,18091.8734177215
"distance",5,25,1,13,84730059,"outputs/wcrit/01_distance_sensitivity/designs/distance_m05_n025_lambda100_rep13.rds",0.25,6000,0.0579999999999927,2,5.2,31.24,0.25,0.934381306425916,0.25,5,30.3819444444444,43.4583333333333
"distance",10,50,1,13,788734812,"outputs/wcrit/01_distance_sensitivity/designs/distance_m10_n050_lambda100_rep13.rds",0.428571428571429,6000,0.244,10,22.9591836734694,565.884897959184,0.428571428571429,0.960561974304464,0.428571428571429,22,548.469387755102,990.061224489796
"distance",20,100,1,13,237950133,"outputs/wcrit/01_distance_sensitivity/designs/distance_m20_n100_lambda100_rep13.rds",0.553191489361702,6000,1.276,53,95.959595959596,9531.06101010101,0.553191489361702,0.979859944107841,0.553191489361702,95,9356.06060606061,18045.2323232323
"distance",5,5,0,14,1761319017,"outputs/wcrit/01_distance_sensitivity/designs/distance_m05_n005_lambda000_rep14.rds",0.806047516198704,6000,0.0120000000000005,4,6,40.2,0.75,0.806047516198704,0.806047516198704,5,36.4583333333333,55.75
"distance",10,10,0,14,1544793004,"outputs/wcrit/01_distance_sensitivity/designs/distance_m10_n010_lambda000_rep14.rds",0.835652569349704,6000,0.0409999999999968,20,25,677.533333333333,0.904761904761905,0.835652569349704,0.835652569349704,22,597.222222222222,1085.88888888889
"distance",20,20,0,14,1279308600,"outputs/wcrit/01_distance_sensitivity/designs/distance_m20_n020_lambda000_rep14.rds",0.913017847610648,6000,0.171999999999997,74,100,10539.0105263158,0.776595744680851,0.913017847610648,0.913017847610648,95,9750,18820.9473684211
"distance",5,10,0,14,1721878709,"outputs/wcrit/01_distance_sensitivity/designs/distance_m05_n010_lambda000_rep14.rds",0.891931540342298,6000,0.0169999999999959,3,5.55555555555556,34.0444444444444,0.5,0.891931540342298,0.891931540342298,5,32.4074074074074,47.5555555555556
"distance",10,20,0,14,281474619,"outputs/wcrit/01_distance_sensitivity/designs/distance_m10_n020_lambda000_rep14.rds",0.925493798805696,6000,0.085000000000008,11,23.6842105263158,599.936842105263,0.476190476190476,0.925493798805696,0.925493798805696,22,565.789473684211,1024.10526315789
"distance",20,40,0,14,900155459,"outputs/wcrit/01_distance_sensitivity/designs/distance_m20_n040_lambda000_rep14.rds",0.956114986727386,6000,0.378,55,97.4358974358974,9887.44615384615,0.574468085106383,0.956114986727386,0.956114986727386,95,9500,18328.6666666667
"distance",5,15,0,14,1345800354,"outputs/wcrit/01_distance_sensitivity/designs/distance_m05_n015_lambda000_rep14.rds",0.966751918158568,6000,0.0380000000000109,3,5.33333333333333,31.7142857142857,0.5,0.966751918158568,0.966751918158568,5,31.25,45.2142857142857
"distance",10,30,0,14,1165639863,"outputs/wcrit/01_distance_sensitivity/designs/distance_m10_n030_lambda000_rep14.rds",0.948922005428381,6000,0.137999999999991,11,23.2758620689655,578.963218390805,0.476190476190476,0.948922005428381,0.948922005428381,22,556.034482758621,1004.93103448276
"distance",20,60,0,14,521002318,"outputs/wcrit/01_distance_sensitivity/designs/distance_m20_n060_lambda000_rep14.rds",0.971244473368869,6000,0.643999999999991,51,96.6101694915254,9671.1209039548,0.531914893617021,0.971244473368869,0.971244473368869,95,9419.49152542373,18170.1355932203
"distance",5,20,0,14,458560324,"outputs/wcrit/01_distance_sensitivity/designs/distance_m05_n020_lambda000_rep14.rds",0.954973821989529,6000,0.0439999999999969,1,5.26315789473684,31.3052631578947,0,0.954973821989529,0.954973821989529,5,30.7017543859649,44.1052631578947
"distance",10,40,0,14,2049805107,"outputs/wcrit/01_distance_sensitivity/designs/distance_m10_n040_lambda000_rep14.rds",0.962119113573407,6000,0.189999999999998,10,23.0769230769231,568.11282051282,0.428571428571429,0.962119113573407,0.962119113573407,22,551.282051282051,995.589743589744
"distance",20,80,0,14,141849177,"outputs/wcrit/01_distance_sensitivity/designs/distance_m20_n080_lambda000_rep14.rds",0.978649866765079,6000,0.923000000000002,41,96.2025316455696,9565.75189873418,0.425531914893617,0.978649866765079,0.978649866765079,95,9379.74683544304,18091.8734177215
"distance",5,25,0,14,82481969,"outputs/wcrit/01_distance_sensitivity/designs/distance_m05_n025_lambda000_rep14.rds",0.972108337758895,6000,0.0589999999999975,1,5.2,30.7466666666667,0,0.972108337758895,0.972108337758895,5,30.3819444444444,43.4583333333333
"distance",10,50,0,14,786486722,"outputs/wcrit/01_distance_sensitivity/designs/distance_m10_n050_lambda000_rep14.rds",0.970352158240133,6000,0.260999999999996,7,22.9591836734694,561.561632653061,0.285714285714286,0.970352158240133,0.970352158240133,22,548.469387755102,990.061224489796
"distance",20,100,0,14,235702043,"outputs/wcrit/01_distance_sensitivity/designs/distance_m20_n100_lambda000_rep14.rds",0.98291225117062,6000,1.268,48,95.959595959596,9504.53898989899,0.5,0.98291225117062,0.98291225117062,95,9356.06060606061,18045.2323232323
"distance",5,5,0.1,14,816123546,"outputs/wcrit/01_distance_sensitivity/designs/distance_m05_n005_lambda010_rep14.rds",0.800442764578834,6000,0.0120000000000005,4,6,40.2,0.75,0.806047516198704,0.800442764578834,5,36.4583333333333,55.75
"distance",10,10,0.1,14,159892623,"outputs/wcrit/01_distance_sensitivity/designs/distance_m10_n010_lambda010_rep14.rds",0.83780159812902,6000,0.046999999999997,19,25,677.533333333333,0.857142857142857,0.835652569349704,0.83780159812902,22,597.222222222222,1085.88888888889
"distance",20,20,0.1,14,1142296317,"outputs/wcrit/01_distance_sensitivity/designs/distance_m20_n020_lambda010_rep14.rds",0.894404492839574,6000,0.170000000000002,71,100,10556.9473684211,0.74468085106383,0.911040453036879,0.894404492839574,95,9750,18820.9473684211
"distance",5,10,0.1,14,438341093,"outputs/wcrit/01_distance_sensitivity/designs/distance_m05_n010_lambda010_rep14.rds",0.867176039119804,6000,0.0289999999999964,4,5.55555555555556,34.2222222222222,0.75,0.880195599022005,0.867176039119804,5,32.4074074074074,47.5555555555556
"distance",10,20,0.1,14,1347806022,"outputs/wcrit/01_distance_sensitivity/designs/distance_m10_n020_lambda010_rep14.rds",0.887903843209309,6000,0.0860000000000127,14,23.6842105263158,603.473684210526,0.619047619047619,0.917776757005053,0.887903843209309,22,565.789473684211,1024.10526315789
"distance",20,40,0.1,14,1370639486,"outputs/wcrit/01_distance_sensitivity/designs/distance_m20_n040_lambda010_rep14.rds",0.924785448829898,6000,0.384,63,97.4358974358974,9903.88205128205,0.659574468085106,0.954253335579319,0.924785448829898,95,9500,18328.6666666667
"distance",5,15,0.1,14,1893479712,"outputs/wcrit/01_distance_sensitivity/designs/distance_m05_n015_lambda010_rep14.rds",0.877890025575448,6000,0.0409999999999968,2,5.33333333333333,31.9809523809524,0.25,0.94765558397272,0.877890025575448,5,31.25,45.2142857142857
"distance",10,30,0.1,14,388235792,"outputs/wcrit/01_distance_sensitivity/designs/distance_m10_n030_lambda010_rep14.rds",0.901248673997176,6000,0.141000000000005,12,23.2758620689655,581.537931034483,0.523809523809524,0.94318635735136,0.901248673997176,22,556.034482758621,1004.93103448276
"distance",20,60,0.1,14,1598982655,"outputs/wcrit/01_distance_sensitivity/designs/distance_m20_n060_lambda010_rep14.rds",0.934439669496689,6000,0.640999999999991,59,96.6101694915254,9684.56271186441,0.617021276595745,0.969708379819016,0.934439669496689,95,9419.49152542373,18170.1355932203
"distance",5,20,0.1,14,1626254492,"outputs/wcrit/01_distance_sensitivity/designs/distance_m05_n020_lambda010_rep14.rds",0.884476439790576,6000,0.0319999999999965,2,5.26315789473684,31.3052631578947,0.25,0.954973821989529,0.884476439790576,5,30.7017543859649,44.1052631578947
"distance",10,40,0.1,14,1576149191,"outputs/wcrit/01_distance_sensitivity/designs/distance_m10_n040_lambda010_rep14.rds",0.913883722464055,6000,0.201999999999998,12,23.0769230769231,570.28717948718,0.523809523809524,0.957225300092336,0.913883722464055,22,551.282051282051,995.589743589744
"distance",20,80,0.1,14,1827325824,"outputs/wcrit/01_distance_sensitivity/designs/distance_m20_n080_lambda010_rep14.rds",0.938770685201362,6000,0.939000000000007,57,96.2025316455696,9581.13037974684,0.595744680851064,0.976884685684729,0.938770685201362,95,9379.74683544304,18091.8734177215
"distance",5,25,0.1,14,933909482,"outputs/wcrit/01_distance_sensitivity/designs/distance_m05_n025_lambda010_rep14.rds",0.89163834306957,6000,0.0699999999999932,2,5.2,30.8666666666667,0.25,0.962931492299522,0.89163834306957,5,30.3819444444444,43.4583333333333
"distance",10,50,0.1,14,616578961,"outputs/wcrit/01_distance_sensitivity/designs/distance_m10_n050_lambda010_rep14.rds",0.914763233993107,6000,0.245999999999995,10,22.9591836734694,562.25387755102,0.428571428571429,0.968784545706627,0.914763233993107,22,548.469387755102,990.061224489796
"distance",20,100,0.1,14,1823637500,"outputs/wcrit/01_distance_sensitivity/designs/distance_m20_n100_lambda010_rep14.rds",0.936856926896867,6000,1.28,51,95.959595959596,9513.76484848485,0.531914893617021,0.981850486150183,0.936856926896867,95,9356.06060606061,18045.2323232323
"distance",5,5,0.2,14,818371637,"outputs/wcrit/01_distance_sensitivity/designs/distance_m05_n005_lambda020_rep14.rds",0.794838012958963,6000,0.0110000000000099,4,6,40.2,0.75,0.806047516198704,0.794838012958963,5,36.4583333333333,55.75
"distance",10,10,0.2,14,162140714,"outputs/wcrit/01_distance_sensitivity/designs/distance_m10_n010_lambda020_rep14.rds",0.837040213083869,6000,0.0429999999999922,19,25,679.311111111111,0.857142857142857,0.832014552069122,0.837040213083869,22,597.222222222222,1085.88888888889
"distance",20,20,0.2,14,1144544408,"outputs/wcrit/01_distance_sensitivity/designs/distance_m20_n020_lambda020_rep14.rds",0.882859242235773,6000,0.160000000000011,74,100,10571.6,0.776595744680851,0.909425116624504,0.882859242235773,95,9750,18820.9473684211
"distance",5,10,0.2,14,440589184,"outputs/wcrit/01_distance_sensitivity/designs/distance_m05_n010_lambda020_rep14.rds",0.854156479217604,6000,0.0169999999999959,4,5.55555555555556,34.2222222222222,0.75,0.880195599022005,0.854156479217604,5,32.4074074074074,47.5555555555556
"distance",10,20,0.2,14,1350054113,"outputs/wcrit/01_distance_sensitivity/designs/distance_m10_n020_lambda020_rep14.rds",0.860088807227071,6000,0.0869999999999891,14,23.6842105263158,602.294736842105,0.619047619047619,0.920349104271934,0.860088807227071,22,565.789473684211,1024.10526315789
"distance",20,40,0.2,14,1372887577,"outputs/wcrit/01_distance_sensitivity/designs/distance_m20_n040_lambda020_rep14.rds",0.899846722593031,6000,0.394999999999996,64,97.4358974358974,9877.37948717949,0.670212765957447,0.957255211751927,0.899846722593031,95,9500,18328.6666666667
"distance",5,15,0.2,14,1895727803,"outputs/wcrit/01_distance_sensitivity/designs/distance_m05_n015_lambda020_rep14.rds",0.815763000852515,6000,0.0400000000000063,2,5.33333333333333,31.847619047619,0.25,0.957203751065644,0.815763000852515,5,31.25,45.2142857142857
"distance",10,30,0.2,14,390483883,"outputs/wcrit/01_distance_sensitivity/designs/distance_m10_n030_lambda020_rep14.rds",0.868998675826146,6000,0.13600000000001,13,23.2758620689655,581.445977011494,0.571428571428571,0.943391201925539,0.868998675826146,22,556.034482758621,1004.93103448276
"distance",20,60,0.2,14,1601230746,"outputs/wcrit/01_distance_sensitivity/designs/distance_m20_n060_lambda020_rep14.rds",0.895242547564854,6000,0.625,58,96.6101694915254,9704.25988700565,0.606382978723404,0.967457439775216,0.895242547564854,95,9419.49152542373,18170.1355932203
"distance",5,20,0.2,14,1628502583,"outputs/wcrit/01_distance_sensitivity/designs/distance_m05_n020_lambda020_rep14.rds",0.817748691099476,6000,0.0429999999999922,2,5.26315789473684,31.2421052631579,0.25,0.959685863874345,0.817748691099476,5,30.7017543859649,44.1052631578947
"distance",10,40,0.2,14,1578397282,"outputs/wcrit/01_distance_sensitivity/designs/distance_m10_n040_lambda020_rep14.rds",0.861683155256563,6000,0.195000000000007,11,23.0769230769231,569.917948717949,0.476190476190476,0.958056325023084,0.861683155256563,22,551.282051282051,995.589743589744
"distance",20,80,0.2,14,1829573915,"outputs/wcrit/01_distance_sensitivity/designs/distance_m20_n080_lambda020_rep14.rds",0.897929366294666,6000,0.956000000000003,56,96.2025316455696,9587.66075949367,0.585106382978723,0.976135112123651,0.897929366294666,95,9379.74683544304,18091.8734177215
"distance",5,25,0.2,14,936157573,"outputs/wcrit/01_distance_sensitivity/designs/distance_m05_n025_lambda020_rep14.rds",0.821568773234201,6000,0.0720000000000027,2,5.2,30.8466666666667,0.25,0.964460966542751,0.821568773234201,5,30.3819444444444,43.4583333333333
"distance",10,50,0.2,14,618827052,"outputs/wcrit/01_distance_sensitivity/designs/distance_m10_n050_lambda020_rep14.rds",0.861984181268404,6000,0.254999999999995,10,22.9591836734694,561.568163265306,0.428571428571429,0.970337369442647,0.861984181268404,22,548.469387755102,990.061224489796
"distance",20,100,0.2,14,1825885591,"outputs/wcrit/01_distance_sensitivity/designs/distance_m20_n100_lambda020_rep14.rds",0.894017067221862,6000,1.29299999999999,53,95.959595959596,9536.59151515151,0.553191489361702,0.979223461686902,0.894017067221862,95,9356.06060606061,18045.2323232323
"distance",5,5,0.3,14,820619728,"outputs/wcrit/01_distance_sensitivity/designs/distance_m05_n005_lambda030_rep14.rds",0.789233261339093,6000,0.0260000000000105,4,6,40.2,0.75,0.806047516198704,0.789233261339093,5,36.4583333333333,55.75
"distance",10,10,0.3,14,164388805,"outputs/wcrit/01_distance_sensitivity/designs/distance_m10_n010_lambda030_rep14.rds",0.840826349639446,6000,0.0420000000000016,19,25,678.422222222222,0.857142857142857,0.833833560709413,0.840826349639446,22,597.222222222222,1085.88888888889
"distance",20,20,0.3,14,1146792499,"outputs/wcrit/01_distance_sensitivity/designs/distance_m20_n020_lambda030_rep14.rds",0.874470396115924,6000,0.174000000000007,75,100,10549.5368421053,0.787234042553192,0.911857404785666,0.874470396115924,95,9750,18820.9473684211
"distance",5,10,0.3,14,442837275,"outputs/wcrit/01_distance_sensitivity/designs/distance_m05_n010_lambda030_rep14.rds",0.857567237163814,6000,0.0170000000000101,4,5.55555555555556,33.8666666666667,0.75,0.903667481662591,0.857567237163814,5,32.4074074074074,47.5555555555556
"distance",10,20,0.3,14,1352302204,"outputs/wcrit/01_distance_sensitivity/designs/distance_m10_n020_lambda030_rep14.rds",0.842700964630225,6000,0.0879999999999939,15,23.6842105263158,603.305263157895,0.666666666666667,0.918144235186036,0.842700964630225,22,565.789473684211,1024.10526315789
"distance",20,40,0.3,14,1375135668,"outputs/wcrit/01_distance_sensitivity/designs/distance_m20_n040_lambda030_rep14.rds",0.870715140494197,6000,0.370999999999995,64,97.4358974358974,9882.76923076923,0.670212765957447,0.956644729581375,0.870715140494197,95,9500,18328.6666666667
"distance",5,15,0.3,14,1897975894,"outputs/wcrit/01_distance_sensitivity/designs/distance_m05_n015_lambda030_rep14.rds",0.741223358908781,6000,0.0300000000000011,2,5.33333333333333,31.9238095238095,0.25,0.951747655583973,0.741223358908781,5,31.25,45.2142857142857
"distance",10,30,0.3,14,392731974,"outputs/wcrit/01_distance_sensitivity/designs/distance_m10_n030_lambda030_rep14.rds",0.832375977584151,6000,0.141000000000005,13,23.2758620689655,581.07816091954,0.571428571428571,0.944210580222256,0.832375977584151,22,556.034482758621,1004.93103448276
"distance",20,60,0.3,14,1603478837,"outputs/wcrit/01_distance_sensitivity/designs/distance_m20_n060_lambda030_rep14.rds",0.862021980474695,6000,0.65100000000001,59,96.6101694915254,9708.06779661017,0.617021276595745,0.967022282137102,0.862021980474695,95,9419.49152542373,18170.1355932203
"distance",5,20,0.3,14,1630750674,"outputs/wcrit/01_distance_sensitivity/designs/distance_m05_n020_lambda030_rep14.rds",0.746780104712042,6000,0.0429999999999922,2,5.26315789473684,31.2421052631579,0.25,0.959685863874345,0.746780104712042,5,30.7017543859649,44.1052631578947
"distance",10,40,0.3,14,1580645373,"outputs/wcrit/01_distance_sensitivity/designs/distance_m10_n040_lambda030_rep14.rds",0.814595370003957,6000,0.187000000000012,11,23.0769230769231,569.220512820513,0.476190476190476,0.959626038781163,0.814595370003957,22,551.282051282051,995.589743589744
"distance",20,80,0.3,14,1831822006,"outputs/wcrit/01_distance_sensitivity/designs/distance_m20_n080_lambda030_rep14.rds",0.856354167471711,6000,0.944999999999993,55,96.2025316455696,9578.71012658228,0.574468085106383,0.977162488485423,0.856354167471711,95,9379.74683544304,18091.8734177215
"distance",5,25,0.3,14,938405664,"outputs/wcrit/01_distance_sensitivity/designs/distance_m05_n025_lambda030_rep14.rds",0.747624535315985,6000,0.0559999999999974,2,5.2,30.8933333333333,0.25,0.96089219330855,0.747624535315985,5,30.3819444444444,43.4583333333333
"distance",10,50,0.3,14,621075143,"outputs/wcrit/01_distance_sensitivity/designs/distance_m10_n050_lambda030_rep14.rds",0.806544623875985,6000,0.25800000000001,10,22.9591836734694,562.364897959184,0.428571428571429,0.968533136149367,0.806544623875985,22,548.469387755102,990.061224489796
"distance",20,100,0.3,14,1828133682,"outputs/wcrit/01_distance_sensitivity/designs/distance_m20_n100_lambda030_rep14.rds",0.850211871785798,6000,1.309,52,95.959595959596,9511.89575757576,0.542553191489362,0.982065591912842,0.850211871785798,95,9356.06060606061,18045.2323232323
"distance",5,5,0.4,14,822867819,"outputs/wcrit/01_distance_sensitivity/designs/distance_m05_n005_lambda040_rep14.rds",0.783628509719222,6000,0.0150000000000006,4,6,40.2,0.75,0.806047516198704,0.783628509719222,5,36.4583333333333,55.75
"distance",10,10,0.4,14,166636896,"outputs/wcrit/01_distance_sensitivity/designs/distance_m10_n010_lambda040_rep14.rds",0.842938998245956,6000,0.0439999999999969,19,25,678.6,0.857142857142857,0.833469758981355,0.842938998245956,22,597.222222222222,1085.88888888889
"distance",20,20,0.4,14,1149040590,"outputs/wcrit/01_distance_sensitivity/designs/distance_m20_n020_lambda040_rep14.rds",0.84716862320619,6000,0.170999999999992,72,100,10580.8842105263,0.75531914893617,0.90840160605287,0.84716862320619,95,9750,18820.9473684211
"distance",5,10,0.4,14,445085366,"outputs/wcrit/01_distance_sensitivity/designs/distance_m05_n010_lambda040_rep14.rds",0.842200488997555,6000,0.0310000000000059,4,5.55555555555556,33.8666666666667,0.75,0.903667481662591,0.842200488997555,5,32.4074074074074,47.5555555555556
"distance",10,20,0.4,14,1354550295,"outputs/wcrit/01_distance_sensitivity/designs/distance_m10_n020_lambda040_rep14.rds",0.801812892359516,6000,0.0889999999999986,14,23.6842105263158,600.778947368421,0.619047619047619,0.923656407900781,0.801812892359516,22,565.789473684211,1024.10526315789
"distance",20,40,0.4,14,1377383759,"outputs/wcrit/01_distance_sensitivity/designs/distance_m20_n040_lambda040_rep14.rds",0.836379348976385,6000,0.385999999999996,63,97.4358974358974,9903.91794871795,0.659574468085106,0.954249269570571,0.836379348976385,95,9500,18328.6666666667
"distance",5,15,0.4,14,1900223985,"outputs/wcrit/01_distance_sensitivity/designs/distance_m05_n015_lambda040_rep14.rds",0.67923273657289,6000,0.0400000000000063,2,5.33333333333333,31.7333333333333,0.25,0.96538789428815,0.67923273657289,5,31.25,45.2142857142857
"distance",10,30,0.4,14,394980065,"outputs/wcrit/01_distance_sensitivity/designs/distance_m10_n030_lambda040_rep14.rds",0.7782624790583,6000,0.14200000000001,12,23.2758620689655,579.422988505747,0.523809523809524,0.947897782557485,0.7782624790583,22,556.034482758621,1004.93103448276
"distance",20,60,0.4,14,1605726928,"outputs/wcrit/01_distance_sensitivity/designs/distance_m20_n060_lambda040_rep14.rds",0.827865595056297,6000,0.649000000000001,59,96.6101694915254,9695.76271186441,0.617021276595745,0.968428474029999,0.827865595056297,95,9419.49152542373,18170.1355932203
"distance",5,20,0.4,14,1632998765,"outputs/wcrit/01_distance_sensitivity/designs/distance_m05_n020_lambda040_rep14.rds",0.672984293193717,6000,0.0450000000000017,2,5.26315789473684,31.3052631578947,0.25,0.954973821989529,0.672984293193717,5,30.7017543859649,44.1052631578947
"distance",10,40,0.4,14,1582893464,"outputs/wcrit/01_distance_sensitivity/designs/distance_m10_n040_lambda040_rep14.rds",0.7831803192191,6000,0.189000000000007,12,23.0769230769231,570.789743589744,0.523809523809524,0.956094182825485,0.7831803192191,22,551.282051282051,995.589743589744
"distance",20,80,0.4,14,1834070097,"outputs/wcrit/01_distance_sensitivity/designs/distance_m20_n080_lambda040_rep14.rds",0.815966602825771,6000,0.947000000000003,55,96.2025316455696,9580.4253164557,0.574468085106383,0.976965614638697,0.815966602825771,95,9379.74683544304,18091.8734177215
"distance",5,25,0.4,14,940653755,"outputs/wcrit/01_distance_sensitivity/designs/distance_m05_n025_lambda040_rep14.rds",0.669193839617631,6000,0.0559999999999974,2,5.2,31.0533333333333,0.25,0.948656399362719,0.669193839617631,5,30.3819444444444,43.4583333333333
"distance",10,50,0.4,14,623323234,"outputs/wcrit/01_distance_sensitivity/designs/distance_m10_n050_lambda040_rep14.rds",0.751581265762613,6000,0.259999999999991,10,22.9591836734694,563.076734693878,0.428571428571429,0.966921157223403,0.751581265762613,22,548.469387755102,990.061224489796
"distance",20,100,0.4,14,1830381773,"outputs/wcrit/01_distance_sensitivity/designs/distance_m20_n100_lambda040_rep14.rds",0.814983027854367,6000,1.40000000000001,54,95.959595959596,9508.82909090909,0.563829787234043,0.98241852160125,0.814983027854367,95,9356.06060606061,18045.2323232323
"distance",5,5,0.5,14,825115910,"outputs/wcrit/01_distance_sensitivity/designs/distance_m05_n005_lambda050_rep14.rds",0.778023758099352,6000,0.0249999999999915,4,6,40.2,0.75,0.806047516198704,0.778023758099352,5,36.4583333333333,55.75
"distance",10,10,0.5,14,168884987,"outputs/wcrit/01_distance_sensitivity/designs/distance_m10_n010_lambda050_rep14.rds",0.845306308062106,6000,0.0430000000000064,19,25,678.6,0.857142857142857,0.833469758981355,0.845306308062106,22,597.222222222222,1085.88888888889
"distance",20,20,0.5,14,1151288681,"outputs/wcrit/01_distance_sensitivity/designs/distance_m20_n020_lambda050_rep14.rds",0.836581898375824,6000,0.173000000000002,73,100,10591.7263157895,0.765957446808511,0.907206349943138,0.836581898375824,95,9750,18820.9473684211
"distance",5,10,0.5,14,447333457,"outputs/wcrit/01_distance_sensitivity/designs/distance_m05_n010_lambda050_rep14.rds",0.815097799511002,6000,0.0299999999999869,4,5.55555555555556,34.2222222222222,0.75,0.880195599022005,0.815097799511002,5,32.4074074074074,47.5555555555556
"distance",10,20,0.5,14,1356798386,"outputs/wcrit/01_distance_sensitivity/designs/distance_m10_n020_lambda050_rep14.rds",0.771765426427806,6000,0.090999999999994,14,23.6842105263158,600.4,0.619047619047619,0.924483233807993,0.771765426427806,22,565.789473684211,1024.10526315789
"distance",20,40,0.5,14,1379631850,"outputs/wcrit/01_distance_sensitivity/designs/distance_m20_n040_lambda050_rep14.rds",0.818733665674964,6000,0.390000000000001,65,97.4358974358974,9883.02051282051,0.680851063829787,0.956616267520141,0.818733665674964,95,9500,18328.6666666667
"distance",5,15,0.5,14,1902472076,"outputs/wcrit/01_distance_sensitivity/designs/distance_m05_n015_lambda050_rep14.rds",0.603601875532822,6000,0.0430000000000064,2,5.33333333333333,31.847619047619,0.25,0.957203751065644,0.603601875532822,5,31.25,45.2142857142857
"distance",10,30,0.5,14,397228156,"outputs/wcrit/01_distance_sensitivity/designs/distance_m10_n030_lambda050_rep14.rds",0.73896729071103,6000,0.149000000000001,12,23.2758620689655,576.627586206897,0.523809523809524,0.954125057612536,0.73896729071103,22,556.034482758621,1004.93103448276
"distance",20,60,0.5,14,1607975019,"outputs/wcrit/01_distance_sensitivity/designs/distance_m20_n060_lambda050_rep14.rds",0.793791979977968,6000,0.643000000000001,59,96.6101694915254,9677.08700564972,0.617021276595745,0.970562683360192,0.793791979977968,95,9419.49152542373,18170.1355932203
"distance",5,20,0.5,14,1635246856,"outputs/wcrit/01_distance_sensitivity/designs/distance_m05_n020_lambda050_rep14.rds",0.602486910994764,6000,0.0429999999999922,2,5.26315789473684,31.3052631578947,0.25,0.954973821989529,0.602486910994764,5,30.7017543859649,44.1052631578947
"distance",10,40,0.5,14,1585141555,"outputs/wcrit/01_distance_sensitivity/designs/distance_m10_n040_lambda050_rep14.rds",0.71920096293365,6000,0.192999999999998,11,23.0769230769231,568.071794871795,0.476190476190476,0.962211449676824,0.71920096293365,22,551.282051282051,995.589743589744
"distance",20,80,0.5,14,1836318188,"outputs/wcrit/01_distance_sensitivity/designs/distance_m20_n080_lambda050_rep14.rds",0.775808966491598,6000,0.937000000000012,55,96.2025316455696,9578.82025316456,0.574468085106383,0.977149847876814,0.775808966491598,95,9379.74683544304,18091.8734177215
"distance",5,25,0.5,14,942901846,"outputs/wcrit/01_distance_sensitivity/designs/distance_m05_n025_lambda050_rep14.rds",0.605446096654275,6000,0.0600000000000023,2,5.2,30.8933333333333,0.25,0.96089219330855,0.605446096654275,5,30.3819444444444,43.4583333333333
"distance",10,50,0.5,14,625571325,"outputs/wcrit/01_distance_sensitivity/designs/distance_m10_n050_lambda050_rep14.rds",0.720979053604989,6000,0.263000000000005,11,22.9591836734694,563.58612244898,0.476190476190476,0.965767631019503,0.720979053604989,22,548.469387755102,990.061224489796
"distance",20,100,0.5,14,1832629864,"outputs/wcrit/01_distance_sensitivity/designs/distance_m20_n100_lambda050_rep14.rds",0.766343671974545,6000,1.41500000000001,53,95.959595959596,9534.22464646465,0.553191489361702,0.979495854587388,0.766343671974545,95,9356.06060606061,18045.2323232323
"distance",5,5,0.6,14,827364001,"outputs/wcrit/01_distance_sensitivity/designs/distance_m05_n005_lambda060_rep14.rds",0.772419006479482,6000,0.0120000000000005,4,6,40.2,0.75,0.806047516198704,0.772419006479482,5,36.4583333333333,55.75
"distance",10,10,0.6,14,171133078,"outputs/wcrit/01_distance_sensitivity/designs/distance_m10_n010_lambda060_rep14.rds",0.847964659260703,6000,0.0439999999999969,19,25,678.244444444444,0.857142857142857,0.834197362437472,0.847964659260703,22,597.222222222222,1085.88888888889
"distance",20,20,0.6,14,1153536772,"outputs/wcrit/01_distance_sensitivity/designs/distance_m20_n020_lambda060_rep14.rds",0.817377438719977,6000,0.253999999999991,72,100,10562.1684210526,0.75531914893617,0.910464873395688,0.817377438719977,95,9750,18820.9473684211
"distance",5,10,0.6,14,449581548,"outputs/wcrit/01_distance_sensitivity/designs/distance_m05_n010_lambda060_rep14.rds",0.811466992665037,6000,0.0300000000000011,4,5.55555555555556,33.8666666666667,0.75,0.903667481662591,0.811466992665037,5,32.4074074074074,47.5555555555556
"distance",10,20,0.6,14,1359046477,"outputs/wcrit/01_distance_sensitivity/designs/distance_m10_n020_lambda060_rep14.rds",0.740817638952687,6000,0.090999999999994,14,23.6842105263158,600.863157894737,0.619047619047619,0.92347266881029,0.740817638952687,22,565.789473684211,1024.10526315789
"distance",20,40,0.6,14,1381879941,"outputs/wcrit/01_distance_sensitivity/designs/distance_m20_n040_lambda060_rep14.rds",0.784159153716511,6000,0.385999999999996,64,97.4358974358974,9896.59487179487,0.670212765957447,0.955078735355108,0.784159153716511,95,9500,18328.6666666667
"distance",5,15,0.6,14,1904720167,"outputs/wcrit/01_distance_sensitivity/designs/distance_m05_n015_lambda060_rep14.rds",0.53233589087809,6000,0.0430000000000064,2,5.33333333333333,31.8666666666667,0.25,0.955839727195226,0.53233589087809,5,31.25,45.2142857142857
"distance",10,30,0.6,14,399476247,"outputs/wcrit/01_distance_sensitivity/designs/distance_m10_n030_lambda060_rep14.rds",0.717706326039403,6000,0.131999999999991,13,23.2758620689655,584.259770114943,0.571428571428571,0.937122957955651,0.717706326039403,22,556.034482758621,1004.93103448276
"distance",20,60,0.6,14,1610223110,"outputs/wcrit/01_distance_sensitivity/designs/distance_m20_n060_lambda060_rep14.rds",0.751275140731832,6000,0.644000000000005,58,96.6101694915254,9694.14463276836,0.606382978723404,0.968613383744474,0.751275140731832,95,9419.49152542373,18170.1355932203
"distance",5,20,0.6,14,1637494947,"outputs/wcrit/01_distance_sensitivity/designs/distance_m05_n020_lambda060_rep14.rds",0.529476439790576,6000,0.0489999999999924,2,5.26315789473684,31.3894736842105,0.25,0.94869109947644,0.529476439790576,5,30.7017543859649,44.1052631578947
"distance",10,40,0.6,14,1587389646,"outputs/wcrit/01_distance_sensitivity/designs/distance_m10_n040_lambda060_rep14.rds",0.697175834322649,6000,0.192000000000007,12,23.0769230769231,570.28717948718,0.523809523809524,0.957225300092336,0.697175834322649,22,551.282051282051,995.589743589744
"distance",20,80,0.6,14,1838566279,"outputs/wcrit/01_distance_sensitivity/designs/distance_m20_n080_lambda060_rep14.rds",0.735327091281888,6000,1.03700000000001,55,96.2025316455696,9583.4746835443,0.574468085106383,0.976615600545144,0.735327091281888,95,9379.74683544304,18091.8734177215
"distance",5,25,0.6,14,945149937,"outputs/wcrit/01_distance_sensitivity/designs/distance_m05_n025_lambda060_rep14.rds",0.521509293680297,6000,0.0739999999999981,2,5.2,31.3133333333333,0.25,0.928773234200743,0.521509293680297,5,30.3819444444444,43.4583333333333
"distance",10,50,0.6,14,627819416,"outputs/wcrit/01_distance_sensitivity/designs/distance_m10_n050_lambda060_rep14.rds",0.644076954564061,6000,0.26400000000001,10,22.9591836734694,562.89387755102,0.428571428571429,0.967335243553009,0.644076954564061,22,548.469387755102,990.061224489796
"distance",20,100,0.6,14,1834877955,"outputs/wcrit/01_distance_sensitivity/designs/distance_m20_n100_lambda060_rep14.rds",0.724668777471069,6000,1.383,53,95.959595959596,9513.46747474747,0.553191489361702,0.98188470963512,0.724668777471069,95,9356.06060606061,18045.2323232323
"distance",5,5,0.7,14,829612092,"outputs/wcrit/01_distance_sensitivity/designs/distance_m05_n005_lambda070_rep14.rds",0.766814254859611,6000,0.0120000000000005,4,6,40.2,0.75,0.806047516198704,0.766814254859611,5,36.4583333333333,55.75
"distance",10,10,0.7,14,173381169,"outputs/wcrit/01_distance_sensitivity/designs/distance_m10_n010_lambda070_rep14.rds",0.849931787175989,6000,0.0429999999999922,19,25,678.777777777778,0.857142857142857,0.833105957253297,0.849931787175989,22,597.222222222222,1085.88888888889
"distance",20,20,0.7,14,1155784863,"outputs/wcrit/01_distance_sensitivity/designs/distance_m20_n020_lambda070_rep14.rds",0.801459032170932,6000,0.259,72,100,10574.3789473684,0.75531914893617,0.909118759718709,0.801459032170932,95,9750,18820.9473684211
"distance",5,10,0.7,14,451829639,"outputs/wcrit/01_distance_sensitivity/designs/distance_m05_n010_lambda070_rep14.rds",0.789058679706601,6000,0.0330000000000013,4,5.55555555555556,34.2222222222222,0.75,0.880195599022005,0.789058679706601,5,32.4074074074074,47.5555555555556
"distance",10,20,0.7,14,1361294568,"outputs/wcrit/01_distance_sensitivity/designs/distance_m10_n020_lambda070_rep14.rds",0.739932629000153,6000,0.0870000000000033,15,23.6842105263158,606.631578947368,0.666666666666667,0.910886541111621,0.739932629000153,22,565.789473684211,1024.10526315789
"distance",20,40,0.7,14,1384128032,"outputs/wcrit/01_distance_sensitivity/designs/distance_m20_n040_lambda070_rep14.rds",0.762709337348095,6000,0.37299999999999,65,97.4358974358974,9908.66153846154,0.680851063829787,0.953711975557479,0.762709337348095,95,9500,18328.6666666667
"distance",5,15,0.7,14,1906968258,"outputs/wcrit/01_distance_sensitivity/designs/distance_m05_n015_lambda070_rep14.rds",0.635524296675192,6000,0.0420000000000016,3,5.33333333333333,31.9238095238095,0.5,0.951747655583973,0.635524296675192,5,31.25,45.2142857142857
"distance",10,30,0.7,14,401724338,"outputs/wcrit/01_distance_sensitivity/designs/distance_m10_n030_lambda070_rep14.rds",0.650949966712757,6000,0.152999999999992,12,23.2758620689655,579.551724137931,0.523809523809524,0.947611000153633,0.650949966712757,22,556.034482758621,1004.93103448276
"distance",20,60,0.7,14,1612471201,"outputs/wcrit/01_distance_sensitivity/designs/distance_m20_n060_lambda070_rep14.rds",0.723137931921224,6000,0.658999999999992,59,96.6101694915254,9675.50508474576,0.617021276595745,0.970743461014008,0.723137931921224,95,9419.49152542373,18170.1355932203
"distance",5,20,0.7,14,1639743038,"outputs/wcrit/01_distance_sensitivity/designs/distance_m05_n020_lambda070_rep14.rds",0.461492146596859,6000,0.0460000000000065,2,5.26315789473684,31.3052631578947,0.25,0.954973821989529,0.461492146596859,5,30.7017543859649,44.1052631578947
"distance",10,40,0.7,14,1589637737,"outputs/wcrit/01_distance_sensitivity/designs/distance_m10_n040_lambda070_rep14.rds",0.621588180978763,6000,0.186999999999998,11,23.0769230769231,568.676923076923,0.476190476190476,0.960849492151431,0.621588180978763,22,551.282051282051,995.589743589744
"distance",20,80,0.7,14,1840814370,"outputs/wcrit/01_distance_sensitivity/designs/distance_m20_n080_lambda070_rep14.rds",0.694800814118258,6000,0.939999999999998,55,96.2025316455696,9592.52151898734,0.574468085106383,0.975577181812634,0.694800814118258,95,9379.74683544304,18091.8734177215
"distance",5,25,0.7,14,947398028,"outputs/wcrit/01_distance_sensitivity/designs/distance_m05_n025_lambda070_rep14.rds",0.466479553903346,6000,0.0589999999999975,2,5.2,30.7533333333333,0.25,0.971598513011152,0.466479553903346,5,30.3819444444444,43.4583333333333
"distance",10,50,0.7,14,630067507,"outputs/wcrit/01_distance_sensitivity/designs/distance_m10_n050_lambda070_rep14.rds",0.590209446344394,6000,0.268000000000001,10,22.9591836734694,562.880816326531,0.428571428571429,0.96736482114798,0.590209446344394,22,548.469387755102,990.061224489796
"distance",20,100,0.7,14,1837126046,"outputs/wcrit/01_distance_sensitivity/designs/distance_m20_n100_lambda070_rep14.rds",0.681701946411238,6000,1.41500000000001,53,95.959595959596,9516.29171717172,0.553191489361702,0.981559679526823,0.681701946411238,95,9356.06060606061,18045.2323232323
"distance",5,5,0.8,14,831860183,"outputs/wcrit/01_distance_sensitivity/designs/distance_m05_n005_lambda080_rep14.rds",0.761209503239741,6000,0.0120000000000005,4,6,40.2,0.75,0.806047516198704,0.761209503239741,5,36.4583333333333,55.75
"distance",10,10,0.8,14,175629260,"outputs/wcrit/01_distance_sensitivity/designs/distance_m10_n010_lambda080_rep14.rds",0.852699278893003,6000,0.0450000000000017,19,25,677.888888888889,0.857142857142857,0.834924965893588,0.852699278893003,22,597.222222222222,1085.88888888889
"distance",20,20,0.8,14,1158032954,"outputs/wcrit/01_distance_sensitivity/designs/distance_m20_n020_lambda080_rep14.rds",0.794342767157394,6000,0.160000000000011,73,100,10585.5789473684,0.765957446808511,0.907884048552928,0.794342767157394,95,9750,18820.9473684211
"distance",5,10,0.8,14,454077730,"outputs/wcrit/01_distance_sensitivity/designs/distance_m05_n010_lambda080_rep14.rds",0.776039119804401,6000,0.0290000000000106,4,5.55555555555556,34.2222222222222,0.75,0.880195599022005,0.776039119804401,5,32.4074074074074,47.5555555555556
"distance",10,20,0.8,14,1363542659,"outputs/wcrit/01_distance_sensitivity/designs/distance_m10_n020_lambda080_rep14.rds",0.68064921145307,6000,0.0869999999999891,14,23.6842105263158,599.221052631579,0.619047619047619,0.927055581074874,0.68064921145307,22,565.789473684211,1024.10526315789
"distance",20,40,0.8,14,1386376123,"outputs/wcrit/01_distance_sensitivity/designs/distance_m20_n040_lambda080_rep14.rds",0.735625384895927,6000,0.394000000000005,65,97.4358974358974,9899.73846153846,0.680851063829787,0.954722669160485,0.735625384895927,95,9500,18328.6666666667
"distance",5,15,0.8,14,1909216349,"outputs/wcrit/01_distance_sensitivity/designs/distance_m05_n015_lambda080_rep14.rds",0.591167945439045,6000,0.0409999999999968,3,5.33333333333333,31.8666666666667,0.5,0.955839727195226,0.591167945439045,5,31.25,45.2142857142857
"distance",10,30,0.8,14,403972429,"outputs/wcrit/01_distance_sensitivity/designs/distance_m10_n030_lambda080_rep14.rds",0.646370080986766,6000,0.138000000000005,13,23.2758620689655,580.213793103448,0.571428571428571,0.946136119219542,0.646370080986766,22,556.034482758621,1004.93103448276
"distance",20,60,0.8,14,1614719292,"outputs/wcrit/01_distance_sensitivity/designs/distance_m20_n060_lambda080_rep14.rds",0.670900422173517,6000,0.658000000000001,57,96.6101694915254,9668.6802259887,0.595744680851064,0.971523387463328,0.670900422173517,95,9419.49152542373,18170.1355932203
"distance",5,20,0.8,14,1641991129,"outputs/wcrit/01_distance_sensitivity/designs/distance_m05_n020_lambda080_rep14.rds",0.390994764397906,6000,0.0450000000000017,2,5.26315789473684,31.3052631578947,0.25,0.954973821989529,0.390994764397906,5,30.7017543859649,44.1052631578947
"distance",10,40,0.8,14,1591885828,"outputs/wcrit/01_distance_sensitivity/designs/distance_m10_n040_lambda080_rep14.rds",0.572655982060414,6000,0.201999999999998,11,23.0769230769231,569.71282051282,0.476190476190476,0.958518005540166,0.572655982060414,22,551.282051282051,995.589743589744
"distance",20,80,0.8,14,1843062461,"outputs/wcrit/01_distance_sensitivity/designs/distance_m20_n080_lambda080_rep14.rds",0.663517633138934,6000,0.958999999999989,56,96.2025316455696,9578.70886075949,0.585106382978723,0.977162633779774,0.663517633138934,95,9379.74683544304,18091.8734177215
"distance",5,25,0.8,14,949646119,"outputs/wcrit/01_distance_sensitivity/designs/distance_m05_n025_lambda080_rep14.rds",0.39360594795539,6000,0.0730000000000075,2,5.2,30.8,0.25,0.968029739776952,0.39360594795539,5,30.3819444444444,43.4583333333333
"distance",10,50,0.8,14,632315598,"outputs/wcrit/01_distance_sensitivity/designs/distance_m10_n050_lambda080_rep14.rds",0.574182808903208,6000,0.262,11,22.9591836734694,563.416326530612,0.476190476190476,0.966152139754136,0.574182808903208,22,548.469387755102,990.061224489796
"distance",20,100,0.8,14,1839374137,"outputs/wcrit/01_distance_sensitivity/designs/distance_m20_n100_lambda080_rep14.rds",0.655630843836651,6000,1.39999999999999,55,95.959595959596,9527.39474747475,0.574468085106383,0.980281878757725,0.655630843836651,95,9356.06060606061,18045.2323232323
"distance",5,5,0.9,14,834108274,"outputs/wcrit/01_distance_sensitivity/designs/distance_m05_n005_lambda090_rep14.rds",0.75560475161987,6000,0.0229999999999961,4,6,40.2,0.75,0.806047516198704,0.75560475161987,5,36.4583333333333,55.75
"distance",10,10,0.9,14,177877351,"outputs/wcrit/01_distance_sensitivity/designs/distance_m10_n010_lambda090_rep14.rds",0.854848307672318,6000,0.0409999999999968,19,25,678.244444444444,0.857142857142857,0.834197362437472,0.854848307672318,22,597.222222222222,1085.88888888889
"distance",20,20,0.9,14,1160281045,"outputs/wcrit/01_distance_sensitivity/designs/distance_m20_n020_lambda090_rep14.rds",0.780099975852913,6000,0.168000000000006,73,100,10590.1263157895,0.765957446808511,0.907382737252536,0.780099975852913,95,9750,18820.9473684211
"distance",5,10,0.9,14,456325821,"outputs/wcrit/01_distance_sensitivity/designs/distance_m05_n010_lambda090_rep14.rds",0.7630195599022,6000,0.0289999999999964,4,5.55555555555556,34.2222222222222,0.75,0.880195599022005,0.7630195599022,5,32.4074074074074,47.5555555555556
"distance",10,20,0.9,14,1365790750,"outputs/wcrit/01_distance_sensitivity/designs/distance_m10_n020_lambda090_rep14.rds",0.649425815342214,6000,0.0889999999999986,14,23.6842105263158,601.157894736842,0.619047619047619,0.922829581993569,0.649425815342214,22,565.789473684211,1024.10526315789
"distance",20,40,0.9,14,1388624214,"outputs/wcrit/01_distance_sensitivity/designs/distance_m20_n040_lambda090_rep14.rds",0.708317918134312,6000,0.390000000000001,65,97.4358974358974,9892.70256410256,0.680851063829787,0.95551960687504,0.708317918134312,95,9500,18328.6666666667
"distance",5,15,0.9,14,1911464440,"outputs/wcrit/01_distance_sensitivity/designs/distance_m05_n015_lambda090_rep14.rds",0.545720375106564,6000,0.0420000000000016,3,5.33333333333333,31.847619047619,0.5,0.957203751065644,0.545720375106564,5,31.25,45.2142857142857
"distance",10,30,0.9,14,406220520,"outputs/wcrit/01_distance_sensitivity/designs/distance_m10_n030_lambda090_rep14.rds",0.609313112247511,6000,0.149000000000001,13,23.2758620689655,578.35632183908,0.571428571428571,0.950273979617965,0.609313112247511,22,556.034482758621,1004.93103448276
"distance",20,60,0.9,14,1616967383,"outputs/wcrit/01_distance_sensitivity/designs/distance_m20_n060_lambda090_rep14.rds",0.661587374510637,6000,0.65100000000001,60,96.6101694915254,9708.80903954802,0.627659574468085,0.966937574893599,0.661587374510637,95,9419.49152542373,18170.1355932203
"distance",5,20,0.9,14,1644239220,"outputs/wcrit/01_distance_sensitivity/designs/distance_m05_n020_lambda090_rep14.rds",0.320340314136126,6000,0.0439999999999969,2,5.26315789473684,31.3263157894737,0.25,0.953403141361256,0.320340314136126,5,30.7017543859649,44.1052631578947
"distance",10,40,0.9,14,1594133919,"outputs/wcrit/01_distance_sensitivity/designs/distance_m10_n040_lambda090_rep14.rds",0.524349360242712,6000,0.186999999999998,11,23.0769230769231,570.041025641026,0.476190476190476,0.957779316712835,0.524349360242712,22,551.282051282051,995.589743589744
"distance",20,80,0.9,14,1845310552,"outputs/wcrit/01_distance_sensitivity/designs/distance_m20_n080_lambda090_rep14.rds",0.614594962626274,6000,0.947999999999993,55,96.2025316455696,9591.13037974684,0.574468085106383,0.975736860305292,0.614594962626274,95,9379.74683544304,18091.8734177215
"distance",5,25,0.9,14,951894210,"outputs/wcrit/01_distance_sensitivity/designs/distance_m05_n025_lambda090_rep14.rds",0.321599044078598,6000,0.0559999999999974,2,5.2,30.8266666666667,0.25,0.96599044078598,0.321599044078598,5,30.3819444444444,43.4583333333333
"distance",10,50,0.9,14,634563689,"outputs/wcrit/01_distance_sensitivity/designs/distance_m10_n050_lambda090_rep14.rds",0.482654853234389,6000,0.260000000000005,10,22.9591836734694,561.979591836735,0.428571428571429,0.969405675201035,0.482654853234389,22,548.469387755102,990.061224489796
"distance",20,100,0.9,14,1841622228,"outputs/wcrit/01_distance_sensitivity/designs/distance_m20_n100_lambda090_rep14.rds",0.595962242172511,6000,1.33,53,95.959595959596,9522.03232323232,0.553191489361702,0.980899017469787,0.595962242172511,95,9356.06060606061,18045.2323232323
"distance",5,5,1,14,1763567108,"outputs/wcrit/01_distance_sensitivity/designs/distance_m05_n005_lambda100_rep14.rds",0.75,6000,0.0120000000000005,4,6,40.2,0.75,0.806047516198704,0.75,5,36.4583333333333,55.75
"distance",10,10,1,14,1547041095,"outputs/wcrit/01_distance_sensitivity/designs/distance_m10_n010_lambda100_rep14.rds",0.904761904761905,6000,0.0310000000000059,20,25,677.355555555556,0.904761904761905,0.836016371077762,0.904761904761905,22,597.222222222222,1085.88888888889
"distance",20,20,1,14,1281556691,"outputs/wcrit/01_distance_sensitivity/designs/distance_m20_n020_lambda100_rep14.rds",0.787234042553192,6000,0.152999999999992,75,100,10569.0947368421,0.787234042553192,0.90970130201685,0.787234042553192,95,9750,18820.9473684211
"distance",5,10,1,14,1724126800,"outputs/wcrit/01_distance_sensitivity/designs/distance_m05_n010_lambda100_rep14.rds",0.75,6000,0.0289999999999964,4,5.55555555555556,34.2222222222222,0.75,0.880195599022005,0.75,5,32.4074074074074,47.5555555555556
"distance",10,20,1,14,283722710,"outputs/wcrit/01_distance_sensitivity/designs/distance_m10_n020_lambda100_rep14.rds",0.714285714285714,6000,0.0889999999999986,16,23.6842105263158,603.010526315789,0.714285714285714,0.918787322002756,0.714285714285714,22,565.789473684211,1024.10526315789
"distance",20,40,1,14,902403550,"outputs/wcrit/01_distance_sensitivity/designs/distance_m20_n040_lambda100_rep14.rds",0.670212765957447,6000,0.387,64,97.4358974358974,9911.10256410256,0.670212765957447,0.953435486962633,0.670212765957447,95,9500,18328.6666666667
"distance",5,15,1,14,1348048445,"outputs/wcrit/01_distance_sensitivity/designs/distance_m05_n015_lambda100_rep14.rds",0.25,6000,0.0409999999999968,2,5.33333333333333,32.3238095238095,0.25,0.9231031543052,0.25,5,31.25,45.2142857142857
"distance",10,30,1,14,1167887954,"outputs/wcrit/01_distance_sensitivity/designs/distance_m10_n030_lambda100_rep14.rds",0.571428571428571,6000,0.138000000000005,13,23.2758620689655,582.383908045977,0.571428571428571,0.94130178726891,0.571428571428571,22,556.034482758621,1004.93103448276
"distance",20,60,1,14,523250409,"outputs/wcrit/01_distance_sensitivity/designs/distance_m20_n060_lambda100_rep14.rds",0.617021276595745,6000,0.655999999999992,59,96.6101694915254,9702.5988700565,0.617021276595745,0.967647256311723,0.617021276595745,95,9419.49152542373,18170.1355932203
"distance",5,20,1,14,460808415,"outputs/wcrit/01_distance_sensitivity/designs/distance_m05_n020_lambda100_rep14.rds",0.25,6000,0.0430000000000064,2,5.26315789473684,31.9789473684211,0.25,0.904712041884817,0.25,5,30.7017543859649,44.1052631578947
"distance",10,40,1,14,2052053198,"outputs/wcrit/01_distance_sensitivity/designs/distance_m10_n040_lambda100_rep14.rds",0.476190476190476,6000,0.201000000000008,11,23.0769230769231,570.410256410256,0.476190476190476,0.956948291782087,0.476190476190476,22,551.282051282051,995.589743589744
"distance",20,80,1,14,144097268,"outputs/wcrit/01_distance_sensitivity/designs/distance_m20_n080_lambda100_rep14.rds",0.574468085106383,6000,0.963999999999999,55,96.2025316455696,9598.95316455696,0.574468085106383,0.974838941210999,0.574468085106383,95,9379.74683544304,18091.8734177215
"distance",5,25,1,14,84730060,"outputs/wcrit/01_distance_sensitivity/designs/distance_m05_n025_lambda100_rep14.rds",0,6000,0.0699999999999932,1,5.2,31.6266666666667,0,0.904811471056824,0,5,30.3819444444444,43.4583333333333
"distance",10,50,1,14,788734813,"outputs/wcrit/01_distance_sensitivity/designs/distance_m10_n050_lambda100_rep14.rds",0.476190476190476,6000,0.265999999999991,11,22.9591836734694,563.155102040816,0.476190476190476,0.966743691653572,0.476190476190476,22,548.469387755102,990.061224489796
"distance",20,100,1,14,237950134,"outputs/wcrit/01_distance_sensitivity/designs/distance_m20_n100_lambda100_rep14.rds",0.574468085106383,6000,1.333,55,95.959595959596,9523.94262626263,0.574468085106383,0.98067916877851,0.574468085106383,95,9356.06060606061,18045.2323232323
"distance",5,5,0,15,1761319018,"outputs/wcrit/01_distance_sensitivity/designs/distance_m05_n005_lambda000_rep15.rds",0.806047516198704,6000,0.027000000000001,4,6,40.2,0.75,0.806047516198704,0.806047516198704,5,36.4583333333333,55.75
"distance",10,10,0,15,1544793005,"outputs/wcrit/01_distance_sensitivity/designs/distance_m10_n010_lambda000_rep15.rds",0.835652569349704,6000,0.0420000000000016,20,25,677.533333333333,0.904761904761905,0.835652569349704,0.835652569349704,22,597.222222222222,1085.88888888889
"distance",20,20,0,15,1279308601,"outputs/wcrit/01_distance_sensitivity/designs/distance_m20_n020_lambda000_rep15.rds",0.913108362150997,6000,0.171999999999997,71,100,10538.1894736842,0.74468085106383,0.913108362150997,0.913108362150997,95,9750,18820.9473684211
"distance",5,10,0,15,1721878710,"outputs/wcrit/01_distance_sensitivity/designs/distance_m05_n010_lambda000_rep15.rds",0.891931540342298,6000,0.019999999999996,3,5.55555555555556,34.0444444444444,0.5,0.891931540342298,0.891931540342298,5,32.4074074074074,47.5555555555556
"distance",10,20,0,15,281474620,"outputs/wcrit/01_distance_sensitivity/designs/distance_m10_n020_lambda000_rep15.rds",0.924850711988976,6000,0.0889999999999986,14,23.6842105263158,600.231578947368,0.619047619047619,0.924850711988976,0.924850711988976,22,565.789473684211,1024.10526315789
"distance",20,40,0,15,900155460,"outputs/wcrit/01_distance_sensitivity/designs/distance_m20_n040_lambda000_rep15.rds",0.95600578534959,6000,0.402000000000001,47,97.4358974358974,9888.41025641026,0.48936170212766,0.95600578534959,0.95600578534959,95,9500,18328.6666666667
"distance",5,15,0,15,1345800355,"outputs/wcrit/01_distance_sensitivity/designs/distance_m05_n015_lambda000_rep15.rds",0.959931798806479,6000,0.0400000000000063,2,5.33333333333333,31.8095238095238,0.25,0.959931798806479,0.959931798806479,5,31.25,45.2142857142857
"distance",10,30,0,15,1165639864,"outputs/wcrit/01_distance_sensitivity/designs/distance_m10_n030_lambda000_rep15.rds",0.952240487530086,6000,0.137999999999991,13,23.2758620689655,577.473563218391,0.571428571428571,0.952240487530086,0.952240487530086,22,556.034482758621,1004.93103448276
"distance",20,60,0,15,521002319,"outputs/wcrit/01_distance_sensitivity/designs/distance_m20_n060_lambda000_rep15.rds",0.970624664270072,6000,0.644000000000005,50,96.6101694915254,9676.54463276836,0.521276595744681,0.970624664270072,0.970624664270072,95,9419.49152542373,18170.1355932203
"distance",5,20,0,15,458560325,"outputs/wcrit/01_distance_sensitivity/designs/distance_m05_n020_lambda000_rep15.rds",0.967539267015707,6000,0.0330000000000013,2,5.26315789473684,31.1368421052632,0.25,0.967539267015707,0.967539267015707,5,30.7017543859649,44.1052631578947
"distance",10,40,0,15,2049805108,"outputs/wcrit/01_distance_sensitivity/designs/distance_m10_n040_lambda000_rep15.rds",0.962927054478301,6000,0.206000000000003,9,23.0769230769231,567.753846153846,0.380952380952381,0.962927054478301,0.962927054478301,22,551.282051282051,995.589743589744
"distance",20,80,0,15,141849178,"outputs/wcrit/01_distance_sensitivity/designs/distance_m20_n080_lambda000_rep15.rds",0.978220812544133,6000,0.963000000000008,44,96.2025316455696,9569.48987341772,0.457446808510638,0.978220812544133,0.978220812544133,95,9379.74683544304,18091.8734177215
"distance",5,25,0,15,82481970,"outputs/wcrit/01_distance_sensitivity/designs/distance_m05_n025_lambda000_rep15.rds",0.970578863515666,6000,0.0600000000000023,1,5.2,30.7666666666667,0,0.970578863515666,0.970578863515666,5,30.3819444444444,43.4583333333333
"distance",10,50,0,15,786486723,"outputs/wcrit/01_distance_sensitivity/designs/distance_m10_n050_lambda000_rep15.rds",0.968754968111655,6000,0.259,9,22.9591836734694,562.26693877551,0.380952380952381,0.968754968111655,0.968754968111655,22,548.469387755102,990.061224489796
"distance",20,100,0,15,235702044,"outputs/wcrit/01_distance_sensitivity/designs/distance_m20_n100_lambda000_rep15.rds",0.982708770233008,6000,1.31100000000001,52,95.959595959596,9506.30707070707,0.542553191489362,0.982708770233008,0.982708770233008,95,9356.06060606061,18045.2323232323
"distance",5,5,0.1,15,816123547,"outputs/wcrit/01_distance_sensitivity/designs/distance_m05_n005_lambda010_rep15.rds",0.800442764578834,6000,0.0120000000000005,4,6,40.2,0.75,0.806047516198704,0.800442764578834,5,36.4583333333333,55.75
"distance",10,10,0.1,15,159892624,"outputs/wcrit/01_distance_sensitivity/designs/distance_m10_n010_lambda010_rep15.rds",0.842236081335672,6000,0.0439999999999969,20,25,677.711111111111,0.904761904761905,0.835288767621646,0.842236081335672,22,597.222222222222,1085.88888888889
"distance",20,20,0.1,15,1142296318,"outputs/wcrit/01_distance_sensitivity/designs/distance_m20_n020_lambda010_rep15.rds",0.896080972243689,6000,0.170000000000002,73,100,10561.4947368421,0.765957446808511,0.910539141736487,0.896080972243689,95,9750,18820.9473684211
"distance",5,10,0.1,15,438341094,"outputs/wcrit/01_distance_sensitivity/designs/distance_m05_n010_lambda010_rep15.rds",0.867176039119804,6000,0.0189999999999912,4,5.55555555555556,34.2222222222222,0.75,0.880195599022005,0.867176039119804,5,32.4074074074074,47.5555555555556
"distance",10,20,0.1,15,1347806023,"outputs/wcrit/01_distance_sensitivity/designs/distance_m10_n020_lambda010_rep15.rds",0.895758689327821,6000,0.0899999999999892,14,23.6842105263158,599.473684210526,0.619047619047619,0.926504363803399,0.895758689327821,22,565.789473684211,1024.10526315789
"distance",20,40,0.1,15,1370639487,"outputs/wcrit/01_distance_sensitivity/designs/distance_m20_n040_lambda010_rep15.rds",0.925752553336086,6000,0.381,65,97.4358974358974,9915.26666666667,0.680851063829787,0.952963829947897,0.925752553336086,95,9500,18328.6666666667
"distance",5,15,0.1,15,1893479713,"outputs/wcrit/01_distance_sensitivity/designs/distance_m05_n015_lambda010_rep15.rds",0.887710997442455,6000,0.0409999999999968,2,5.33333333333333,31.8285714285714,0.25,0.958567774936061,0.887710997442455,5,31.25,45.2142857142857
"distance",10,30,0.1,15,388235793,"outputs/wcrit/01_distance_sensitivity/designs/distance_m10_n030_lambda010_rep15.rds",0.909802983414905,6000,0.146000000000001,12,23.2758620689655,577.271264367816,0.523809523809524,0.952691145593281,0.909802983414905,22,556.034482758621,1004.93103448276
"distance",20,60,0.1,15,1598982656,"outputs/wcrit/01_distance_sensitivity/designs/distance_m20_n060_lambda010_rep15.rds",0.93372239047182,6000,0.663000000000011,58,96.6101694915254,9681.19322033898,0.606382978723404,0.970093436221644,0.93372239047182,95,9419.49152542373,18170.1355932203
"distance",5,20,0.1,15,1626254493,"outputs/wcrit/01_distance_sensitivity/designs/distance_m05_n020_lambda010_rep15.rds",0.888717277486911,6000,0.0450000000000017,2,5.26315789473684,31.2421052631579,0.25,0.959685863874345,0.888717277486911,5,30.7017543859649,44.1052631578947
"distance",10,40,0.1,15,1576149192,"outputs/wcrit/01_distance_sensitivity/designs/distance_m10_n040_lambda010_rep15.rds",0.912487468671679,6000,0.201999999999998,11,23.0769230769231,568.625641025641,0.476190476190476,0.960964912280702,0.912487468671679,22,551.282051282051,995.589743589744
"distance",20,80,0.1,15,1827325825,"outputs/wcrit/01_distance_sensitivity/designs/distance_m20_n080_lambda010_rep15.rds",0.936036276413663,6000,0.972000000000008,55,96.2025316455696,9587.00379746835,0.574468085106383,0.97621051989225,0.936036276413663,95,9379.74683544304,18091.8734177215
"distance",5,25,0.1,15,933909483,"outputs/wcrit/01_distance_sensitivity/designs/distance_m05_n025_lambda010_rep15.rds",0.891179500796601,6000,0.0600000000000023,2,5.2,30.8733333333333,0.25,0.962421667551779,0.891179500796601,5,30.3819444444444,43.4583333333333
"distance",10,50,0.1,15,616578962,"outputs/wcrit/01_distance_sensitivity/designs/distance_m10_n050_lambda010_rep15.rds",0.918313936240917,6000,0.26700000000001,11,22.9591836734694,562.848163265306,0.476190476190476,0.96743876513541,0.918313936240917,22,548.469387755102,990.061224489796
"distance",20,100,0.1,15,1823637501,"outputs/wcrit/01_distance_sensitivity/designs/distance_m20_n100_lambda010_rep15.rds",0.938555230731011,6000,1.316,54,95.959595959596,9528.18101010101,0.563829787234043,0.980191391119564,0.938555230731011,95,9356.06060606061,18045.2323232323
"distance",5,5,0.2,15,818371638,"outputs/wcrit/01_distance_sensitivity/designs/distance_m05_n005_lambda020_rep15.rds",0.794838012958963,6000,0.0130000000000052,4,6,40.2,0.75,0.806047516198704,0.794838012958963,5,36.4583333333333,55.75
"distance",10,10,0.2,15,162140715,"outputs/wcrit/01_distance_sensitivity/designs/distance_m10_n010_lambda020_rep15.rds",0.850056519197038,6000,0.0450000000000017,20,25,677.177777777778,0.904761904761905,0.836380172805821,0.850056519197038,22,597.222222222222,1085.88888888889
"distance",20,20,0.2,15,1144544409,"outputs/wcrit/01_distance_sensitivity/designs/distance_m20_n020_lambda020_rep15.rds",0.880640603943827,6000,0.174999999999997,73,100,10572.6315789474,0.765957446808511,0.909311393227656,0.880640603943827,95,9750,18820.9473684211
"distance",5,10,0.2,15,440589185,"outputs/wcrit/01_distance_sensitivity/designs/distance_m05_n010_lambda020_rep15.rds",0.854156479217604,6000,0.0180000000000007,4,5.55555555555556,34.2222222222222,0.75,0.880195599022005,0.854156479217604,5,32.4074074074074,47.5555555555556
"distance",10,20,0.2,15,1350054114,"outputs/wcrit/01_distance_sensitivity/designs/distance_m10_n020_lambda020_rep15.rds",0.870788546930026,6000,0.0879999999999939,15,23.6842105263158,601.621052631579,0.666666666666667,0.921819016995866,0.870788546930026,22,565.789473684211,1024.10526315789
"distance",20,40,0.2,15,1372887578,"outputs/wcrit/01_distance_sensitivity/designs/distance_m20_n040_lambda020_rep15.rds",0.893951847827954,6000,0.39800000000001,63,97.4358974358974,9918.95384615385,0.659574468085106,0.952546192763666,0.893951847827954,95,9500,18328.6666666667
"distance",5,15,0.2,15,1895727804,"outputs/wcrit/01_distance_sensitivity/designs/distance_m05_n015_lambda020_rep15.rds",0.814671781756181,6000,0.0279999999999916,2,5.33333333333333,31.8666666666667,0.25,0.955839727195226,0.814671781756181,5,31.25,45.2142857142857
"distance",10,30,0.2,15,390483884,"outputs/wcrit/01_distance_sensitivity/designs/distance_m10_n030_lambda020_rep15.rds",0.874963749826248,6000,0.152000000000001,13,23.2758620689655,578.098850574713,0.571428571428571,0.950847544425667,0.874963749826248,22,556.034482758621,1004.93103448276
"distance",20,60,0.2,15,1601230747,"outputs/wcrit/01_distance_sensitivity/designs/distance_m20_n060_lambda020_rep15.rds",0.89520845806442,6000,0.658999999999992,58,96.6101694915254,9704.63276836158,0.606382978723404,0.967414827899674,0.89520845806442,95,9419.49152542373,18170.1355932203
"distance",5,20,0.2,15,1628502584,"outputs/wcrit/01_distance_sensitivity/designs/distance_m05_n020_lambda020_rep15.rds",0.813979057591623,6000,0.0450000000000017,2,5.26315789473684,31.3052631578947,0.25,0.954973821989529,0.813979057591623,5,30.7017543859649,44.1052631578947
"distance",10,40,0.2,15,1578397283,"outputs/wcrit/01_distance_sensitivity/designs/distance_m10_n040_lambda020_rep15.rds",0.872185727476586,6000,0.207000000000008,12,23.0769230769231,569.374358974359,0.523809523809524,0.959279778393352,0.872185727476586,22,551.282051282051,995.589743589744
"distance",20,80,0.2,15,1829573916,"outputs/wcrit/01_distance_sensitivity/designs/distance_m20_n080_lambda020_rep15.rds",0.895919337027437,6000,0.972999999999999,55,96.2025316455696,9586.37974683544,0.574468085106383,0.976282150007701,0.895919337027437,95,9379.74683544304,18091.8734177215
"distance",5,25,0.2,15,936157574,"outputs/wcrit/01_distance_sensitivity/designs/distance_m05_n025_lambda020_rep15.rds",0.778094530005311,6000,0.0719999999999885,1,5.2,30.74,0,0.972618162506638,0.778094530005311,5,30.3819444444444,43.4583333333333
"distance",10,50,0.2,15,618827053,"outputs/wcrit/01_distance_sensitivity/designs/distance_m10_n050_lambda020_rep15.rds",0.85636443822376,6000,0.27600000000001,10,22.9591836734694,564.670204081633,0.428571428571429,0.963312690636843,0.85636443822376,22,548.469387755102,990.061224489796
"distance",20,100,0.2,15,1825885592,"outputs/wcrit/01_distance_sensitivity/designs/distance_m20_n100_lambda020_rep15.rds",0.897514558980355,6000,1.352,54,95.959595959596,9521.71313131313,0.563829787234043,0.980935751916933,0.897514558980355,95,9356.06060606061,18045.2323232323
"distance",5,5,0.3,15,820619729,"outputs/wcrit/01_distance_sensitivity/designs/distance_m05_n005_lambda030_rep15.rds",0.789233261339093,6000,0.0130000000000052,4,6,40.2,0.75,0.806047516198704,0.789233261339093,5,36.4583333333333,55.75
"distance",10,10,0.3,15,164388806,"outputs/wcrit/01_distance_sensitivity/designs/distance_m10_n010_lambda030_rep15.rds",0.857149353602287,6000,0.0429999999999922,20,25,677,0.904761904761905,0.836743974533879,0.857149353602287,22,597.222222222222,1085.88888888889
"distance",20,20,0.3,15,1146792500,"outputs/wcrit/01_distance_sensitivity/designs/distance_m20_n020_lambda030_rep15.rds",0.873970013169792,6000,0.173999999999992,75,100,10556.0210526316,0.787234042553192,0.911142572005477,0.873970013169792,95,9750,18820.9473684211
"distance",5,10,0.3,15,442837276,"outputs/wcrit/01_distance_sensitivity/designs/distance_m05_n010_lambda030_rep15.rds",0.841136919315403,6000,0.0180000000000007,4,5.55555555555556,34.2222222222222,0.75,0.880195599022005,0.841136919315403,5,32.4074074074074,47.5555555555556
"distance",10,20,0.3,15,1352302205,"outputs/wcrit/01_distance_sensitivity/designs/distance_m10_n020_lambda030_rep15.rds",0.831823610473128,6000,0.0889999999999986,14,23.6842105263158,601.073684210526,0.619047619047619,0.923013321084061,0.831823610473128,22,565.789473684211,1024.10526315789
"distance",20,40,0.3,15,1375135669,"outputs/wcrit/01_distance_sensitivity/designs/distance_m20_n040_lambda030_rep15.rds",0.868425164367477,6000,0.397999999999996,64,97.4358974358974,9911.65128205128,0.670212765957447,0.953373335114632,0.868425164367477,95,9500,18328.6666666667
"distance",5,15,0.3,15,1897975895,"outputs/wcrit/01_distance_sensitivity/designs/distance_m05_n015_lambda030_rep15.rds",0.788533674339301,6000,0.0290000000000106,3,5.33333333333333,32.4761904761905,0.5,0.912190963341859,0.788533674339301,5,31.25,45.2142857142857
"distance",10,30,0.3,15,392731975,"outputs/wcrit/01_distance_sensitivity/designs/distance_m10_n030_lambda030_rep15.rds",0.820556591971556,6000,0.14200000000001,12,23.2758620689655,579.496551724138,0.523809523809524,0.947733906898141,0.820556591971556,22,556.034482758621,1004.93103448276
"distance",20,60,0.3,15,1603478838,"outputs/wcrit/01_distance_sensitivity/designs/distance_m20_n060_lambda030_rep15.rds",0.866097291785903,6000,0.675000000000011,60,96.6101694915254,9697.01920903955,0.627659574468085,0.968284884922111,0.866097291785903,95,9419.49152542373,18170.1355932203
"distance",5,20,0.3,15,1630750675,"outputs/wcrit/01_distance_sensitivity/designs/distance_m05_n020_lambda030_rep15.rds",0.74348167539267,6000,0.0450000000000017,2,5.26315789473684,31.3052631578947,0.25,0.954973821989529,0.74348167539267,5,30.7017543859649,44.1052631578947
"distance",10,40,0.3,15,1580645374,"outputs/wcrit/01_distance_sensitivity/designs/distance_m10_n040_lambda030_rep15.rds",0.813496570373302,6000,0.194999999999993,11,23.0769230769231,569.917948717949,0.476190476190476,0.958056325023084,0.813496570373302,22,551.282051282051,995.589743589744
"distance",20,80,0.3,15,1831822007,"outputs/wcrit/01_distance_sensitivity/designs/distance_m20_n080_lambda030_rep15.rds",0.858937047852478,6000,0.975999999999999,56,96.2025316455696,9586.28481012658,0.585106382978723,0.976293047084088,0.858937047852478,95,9379.74683544304,18091.8734177215
"distance",5,25,0.3,15,938405665,"outputs/wcrit/01_distance_sensitivity/designs/distance_m05_n025_lambda030_rep15.rds",0.739416356877323,6000,0.0600000000000023,2,5.2,31.0466666666667,0.25,0.949166224110462,0.739416356877323,5,30.3819444444444,43.4583333333333
"distance",10,50,0.3,15,621075144,"outputs/wcrit/01_distance_sensitivity/designs/distance_m10_n050_lambda030_rep15.rds",0.804091162373074,6000,0.26100000000001,10,22.9591836734694,563.912653061225,0.428571428571429,0.965028191145207,0.804091162373074,22,548.469387755102,990.061224489796
"distance",20,100,0.3,15,1828133683,"outputs/wcrit/01_distance_sensitivity/designs/distance_m20_n100_lambda030_rep15.rds",0.855918797183804,6000,1.364,54,95.959595959596,9520.28767676768,0.563829787234043,0.981099801447988,0.855918797183804,95,9356.06060606061,18045.2323232323
"distance",5,5,0.4,15,822867820,"outputs/wcrit/01_distance_sensitivity/designs/distance_m05_n005_lambda040_rep15.rds",0.783628509719222,6000,0.0130000000000052,4,6,40.2,0.75,0.806047516198704,0.783628509719222,5,36.4583333333333,55.75
"distance",10,10,0.4,15,166636897,"outputs/wcrit/01_distance_sensitivity/designs/distance_m10_n010_lambda040_rep15.rds",0.864387708698759,6000,0.0440000000000111,20,25,676.644444444444,0.904761904761905,0.837471577989995,0.864387708698759,22,597.222222222222,1085.88888888889
"distance",20,20,0.4,15,1149040591,"outputs/wcrit/01_distance_sensitivity/designs/distance_m20_n020_lambda040_rep15.rds",0.862709895713226,6000,0.174999999999997,75,100,10538.9263157895,0.787234042553192,0.913027131153248,0.862709895713226,95,9750,18820.9473684211
"distance",5,10,0.4,15,445085367,"outputs/wcrit/01_distance_sensitivity/designs/distance_m05_n010_lambda040_rep15.rds",0.828117359413203,6000,0.0300000000000011,4,5.55555555555556,34.2222222222222,0.75,0.880195599022005,0.828117359413203,5,32.4074074074074,47.5555555555556
"distance",10,20,0.4,15,1354550296,"outputs/wcrit/01_distance_sensitivity/designs/distance_m10_n020_lambda040_rep15.rds",0.81815954677691,6000,0.0930000000000035,15,23.6842105263158,602.842105263158,0.666666666666667,0.919154800183739,0.81815954677691,22,565.789473684211,1024.10526315789
"distance",20,40,0.4,15,1377383760,"outputs/wcrit/01_distance_sensitivity/designs/distance_m20_n040_lambda040_rep15.rds",0.841477725996243,6000,0.393000000000001,64,97.4358974358974,9891.51282051282,0.670212765957447,0.955654366022108,0.841477725996243,95,9500,18328.6666666667
"distance",5,15,0.4,15,1900223986,"outputs/wcrit/01_distance_sensitivity/designs/distance_m05_n015_lambda040_rep15.rds",0.665319693094629,6000,0.0289999999999964,2,5.33333333333333,32.0571428571429,0.25,0.942199488491049,0.665319693094629,5,31.25,45.2142857142857
"distance",10,30,0.4,15,394980066,"outputs/wcrit/01_distance_sensitivity/designs/distance_m10_n030_lambda040_rep15.rds",0.794753637820161,6000,0.137999999999991,13,23.2758620689655,581.335632183908,0.571428571428571,0.943637015414554,0.794753637820161,22,556.034482758621,1004.93103448276
"distance",20,60,0.4,15,1605726929,"outputs/wcrit/01_distance_sensitivity/designs/distance_m20_n060_lambda040_rep15.rds",0.825231696509816,6000,0.748999999999995,58,96.6101694915254,9672.11525423729,0.606382978723404,0.971130841700756,0.825231696509816,95,9419.49152542373,18170.1355932203
"distance",5,20,0.4,15,1632998766,"outputs/wcrit/01_distance_sensitivity/designs/distance_m05_n020_lambda040_rep15.rds",0.680523560209424,6000,0.0450000000000017,2,5.26315789473684,31.1368421052632,0.25,0.967539267015707,0.680523560209424,5,30.7017543859649,44.1052631578947
"distance",10,40,0.4,15,1582893465,"outputs/wcrit/01_distance_sensitivity/designs/distance_m10_n040_lambda040_rep15.rds",0.766528822055138,6000,0.194999999999993,11,23.0769230769231,569.015384615385,0.476190476190476,0.960087719298246,0.766528822055138,22,551.282051282051,995.589743589744
"distance",20,80,0.4,15,1834070098,"outputs/wcrit/01_distance_sensitivity/designs/distance_m20_n080_lambda040_rep15.rds",0.815920573575112,6000,1.072,55,96.2025316455696,9581.09367088608,0.574468085106383,0.976888899220932,0.815920573575112,95,9379.74683544304,18091.8734177215
"distance",5,25,0.4,15,940653756,"outputs/wcrit/01_distance_sensitivity/designs/distance_m05_n025_lambda040_rep15.rds",0.67653531598513,6000,0.0730000000000075,2,5.2,30.8933333333333,0.25,0.96089219330855,0.67653531598513,5,30.3819444444444,43.4583333333333
"distance",10,50,0.4,15,623323235,"outputs/wcrit/01_distance_sensitivity/designs/distance_m10_n050_lambda040_rep15.rds",0.753426907688854,6000,0.259,10,22.9591836734694,561.718367346939,0.428571428571429,0.969997227100471,0.753426907688854,22,548.469387755102,990.061224489796
"distance",20,100,0.4,15,1830381774,"outputs/wcrit/01_distance_sensitivity/designs/distance_m20_n100_lambda040_rep15.rds",0.810477058877711,6000,1.437,53,95.959595959596,9512.45898989899,0.553191489361702,0.982000771888383,0.810477058877711,95,9356.06060606061,18045.2323232323
"distance",5,5,0.5,15,825115911,"outputs/wcrit/01_distance_sensitivity/designs/distance_m05_n005_lambda050_rep15.rds",0.778023758099352,6000,0.027000000000001,4,6,40.2,0.75,0.806047516198704,0.778023758099352,5,36.4583333333333,55.75
"distance",10,10,0.5,15,168884988,"outputs/wcrit/01_distance_sensitivity/designs/distance_m10_n010_lambda050_rep15.rds",0.870752939647892,6000,0.0439999999999969,20,25,677,0.904761904761905,0.836743974533879,0.870752939647892,22,597.222222222222,1085.88888888889
"distance",20,20,0.5,15,1151288682,"outputs/wcrit/01_distance_sensitivity/designs/distance_m20_n020_lambda050_rep15.rds",0.849248650306234,6000,0.179000000000002,75,100,10554.9263157895,0.787234042553192,0.911263258059276,0.849248650306234,95,9750,18820.9473684211
"distance",5,10,0.5,15,447333458,"outputs/wcrit/01_distance_sensitivity/designs/distance_m05_n010_lambda050_rep15.rds",0.826833740831296,6000,0.0289999999999964,4,5.55555555555556,33.8666666666667,0.75,0.903667481662591,0.826833740831296,5,32.4074074074074,47.5555555555556
"distance",10,20,0.5,15,1356798387,"outputs/wcrit/01_distance_sensitivity/designs/distance_m10_n020_lambda050_rep15.rds",0.791716429337008,6000,0.0849999999999937,15,23.6842105263158,603.936842105263,0.666666666666667,0.91676619200735,0.791716429337008,22,565.789473684211,1024.10526315789
"distance",20,40,0.5,15,1379631851,"outputs/wcrit/01_distance_sensitivity/designs/distance_m20_n040_lambda050_rep15.rds",0.807407631465865,6000,0.476000000000013,63,97.4358974358974,9895.1641025641,0.659574468085106,0.955240794846624,0.807407631465865,95,9500,18328.6666666667
"distance",5,15,0.5,15,1902472077,"outputs/wcrit/01_distance_sensitivity/designs/distance_m05_n015_lambda050_rep15.rds",0.603601875532822,6000,0.0429999999999922,2,5.33333333333333,31.847619047619,0.25,0.957203751065644,0.603601875532822,5,31.25,45.2142857142857
"distance",10,30,0.5,15,397228157,"outputs/wcrit/01_distance_sensitivity/designs/distance_m10_n030_lambda050_rep15.rds",0.733088251432083,6000,0.14800000000001,12,23.2758620689655,581.905747126437,0.523809523809524,0.942366979054642,0.733088251432083,22,556.034482758621,1004.93103448276
"distance",20,60,0.5,15,1607975020,"outputs/wcrit/01_distance_sensitivity/designs/distance_m20_n060_lambda050_rep15.rds",0.804948334955387,6000,0.766999999999996,61,96.6101694915254,9668.02033898305,0.638297872340426,0.971598797570348,0.804948334955387,95,9419.49152542373,18170.1355932203
"distance",5,20,0.5,15,1635246857,"outputs/wcrit/01_distance_sensitivity/designs/distance_m05_n020_lambda050_rep15.rds",0.605628272251309,6000,0.0439999999999969,2,5.26315789473684,31.2210526315789,0.25,0.961256544502618,0.605628272251309,5,30.7017543859649,44.1052631578947
"distance",10,40,0.5,15,1585141556,"outputs/wcrit/01_distance_sensitivity/designs/distance_m10_n040_lambda050_rep15.rds",0.71920096293365,6000,0.281000000000006,11,23.0769230769231,568.071794871795,0.476190476190476,0.962211449676824,0.71920096293365,22,551.282051282051,995.589743589744
"distance",20,80,0.5,15,1836318189,"outputs/wcrit/01_distance_sensitivity/designs/distance_m20_n080_lambda050_rep15.rds",0.781301524236675,6000,1.06999999999999,56,96.2025316455696,9575.79873417722,0.585106382978723,0.977496665494626,0.781301524236675,95,9379.74683544304,18091.8734177215
"distance",5,25,0.5,15,942901847,"outputs/wcrit/01_distance_sensitivity/designs/distance_m05_n025_lambda050_rep15.rds",0.614622942113648,6000,0.070999999999998,2,5.2,30.6533333333333,0.25,0.979245884227297,0.614622942113648,5,30.3819444444444,43.4583333333333
"distance",10,50,0.5,15,625571326,"outputs/wcrit/01_distance_sensitivity/designs/distance_m10_n050_lambda050_rep15.rds",0.698123407233306,6000,0.277000000000001,10,22.9591836734694,562.743673469388,0.428571428571429,0.967675385895184,0.698123407233306,22,548.469387755102,990.061224489796
"distance",20,100,0.5,15,1832629865,"outputs/wcrit/01_distance_sensitivity/designs/distance_m20_n100_lambda050_rep15.rds",0.778242426377015,6000,1.43599999999999,55,95.959595959596,9512.32,0.574468085106383,0.982016767647647,0.778242426377015,95,9356.06060606061,18045.2323232323
"distance",5,5,0.6,15,827364002,"outputs/wcrit/01_distance_sensitivity/designs/distance_m05_n005_lambda060_rep15.rds",0.772419006479482,6000,0.0120000000000005,4,6,40.2,0.75,0.806047516198704,0.772419006479482,5,36.4583333333333,55.75
"distance",10,10,0.6,15,171133079,"outputs/wcrit/01_distance_sensitivity/designs/distance_m10_n010_lambda060_rep15.rds",0.84781913856948,6000,0.0310000000000059,19,25,678.422222222222,0.857142857142857,0.833833560709413,0.84781913856948,22,597.222222222222,1085.88888888889
"distance",20,20,0.6,15,1153536773,"outputs/wcrit/01_distance_sensitivity/designs/distance_m20_n020_lambda060_rep15.rds",0.81722518862134,6000,0.172000000000011,72,100,10565.6210526316,0.75531914893617,0.910084248149094,0.81722518862134,95,9750,18820.9473684211
"distance",5,10,0.6,15,449581549,"outputs/wcrit/01_distance_sensitivity/designs/distance_m05_n010_lambda060_rep15.rds",0.811466992665037,6000,0.0309999999999917,4,5.55555555555556,33.8666666666667,0.75,0.903667481662591,0.811466992665037,5,32.4074074074074,47.5555555555556
"distance",10,20,0.6,15,1359046478,"outputs/wcrit/01_distance_sensitivity/designs/distance_m10_n020_lambda060_rep15.rds",0.766596233348645,6000,0.0889999999999986,15,23.6842105263158,604.063157894737,0.666666666666667,0.916490583371612,0.766596233348645,22,565.789473684211,1024.10526315789
"distance",20,40,0.6,15,1381879942,"outputs/wcrit/01_distance_sensitivity/designs/distance_m20_n040_lambda060_rep15.rds",0.770592773404793,6000,0.400000000000006,62,97.4358974358974,9914.26153846154,0.648936170212766,0.953077678192833,0.770592773404793,95,9500,18328.6666666667
"distance",5,15,0.6,15,1904720168,"outputs/wcrit/01_distance_sensitivity/designs/distance_m05_n015_lambda060_rep15.rds",0.676334185848252,6000,0.0280000000000058,3,5.33333333333333,32.0761904761905,0.5,0.940835464620631,0.676334185848252,5,31.25,45.2142857142857
"distance",10,30,0.6,15,399476248,"outputs/wcrit/01_distance_sensitivity/designs/distance_m10_n030_lambda060_rep15.rds",0.692494348484516,6000,0.134999999999991,12,23.2758620689655,580.489655172414,0.523809523809524,0.945521585497004,0.692494348484516,22,556.034482758621,1004.93103448276
"distance",20,60,0.6,15,1610223111,"outputs/wcrit/01_distance_sensitivity/designs/distance_m20_n060_lambda060_rep15.rds",0.75793775666031,6000,0.650000000000006,59,96.6101694915254,9688.02711864407,0.617021276595745,0.969312476757159,0.75793775666031,95,9419.49152542373,18170.1355932203
"distance",5,20,0.6,15,1637494948,"outputs/wcrit/01_distance_sensitivity/designs/distance_m05_n020_lambda060_rep15.rds",0.531361256544503,6000,0.0459999999999923,2,5.26315789473684,31.3263157894737,0.25,0.953403141361256,0.531361256544503,5,30.7017543859649,44.1052631578947
"distance",10,40,0.6,15,1587389647,"outputs/wcrit/01_distance_sensitivity/designs/distance_m10_n040_lambda060_rep15.rds",0.668373565492679,6000,0.203999999999994,11,23.0769230769231,570.54358974359,0.476190476190476,0.956648199445983,0.668373565492679,22,551.282051282051,995.589743589744
"distance",20,80,0.6,15,1838566280,"outputs/wcrit/01_distance_sensitivity/designs/distance_m20_n080_lambda060_rep15.rds",0.741852632823305,6000,0.971000000000004,56,96.2025316455696,9580.36962025316,0.585106382978723,0.976972007590177,0.741852632823305,95,9379.74683544304,18091.8734177215
"distance",5,25,0.6,15,945149938,"outputs/wcrit/01_distance_sensitivity/designs/distance_m05_n025_lambda060_rep15.rds",0.534560807222517,6000,0.0589999999999975,2,5.2,30.8866666666667,0.25,0.961402018056293,0.534560807222517,5,30.3819444444444,43.4583333333333
"distance",10,50,0.6,15,627819417,"outputs/wcrit/01_distance_sensitivity/designs/distance_m10_n050_lambda060_rep15.rds",0.643455825069652,6000,0.260999999999996,10,22.9591836734694,563.579591836735,0.428571428571429,0.965782419816989,0.643455825069652,22,548.469387755102,990.061224489796
"distance",20,100,0.6,15,1834877956,"outputs/wcrit/01_distance_sensitivity/designs/distance_m20_n100_lambda060_rep15.rds",0.724241430302644,6000,1.33999999999999,53,95.959595959596,9522.75070707071,0.553191489361702,0.980816341714057,0.724241430302644,95,9356.06060606061,18045.2323232323
"distance",5,5,0.7,15,829612093,"outputs/wcrit/01_distance_sensitivity/designs/distance_m05_n005_lambda070_rep15.rds",0.766814254859611,6000,0.0250000000000057,4,6,40.2,0.75,0.806047516198704,0.766814254859611,5,36.4583333333333,55.75
"distance",10,10,0.7,15,173381170,"outputs/wcrit/01_distance_sensitivity/designs/distance_m10_n010_lambda070_rep15.rds",0.848512960436562,6000,0.046999999999997,19,25,681.088888888889,0.857142857142857,0.82837653478854,0.848512960436562,22,597.222222222222,1085.88888888889
"distance",20,20,0.7,15,1155784864,"outputs/wcrit/01_distance_sensitivity/designs/distance_m20_n020_lambda070_rep15.rds",0.816129844169812,6000,0.170000000000002,74,100,10581.1157894737,0.776595744680851,0.90837607631072,0.816129844169812,95,9750,18820.9473684211
"distance",5,10,0.7,15,451829640,"outputs/wcrit/01_distance_sensitivity/designs/distance_m05_n010_lambda070_rep15.rds",0.796100244498777,6000,0.0169999999999959,4,5.55555555555556,33.8666666666667,0.75,0.903667481662591,0.796100244498777,5,32.4074074074074,47.5555555555556
"distance",10,20,0.7,15,1361294569,"outputs/wcrit/01_distance_sensitivity/designs/distance_m10_n020_lambda070_rep15.rds",0.71037513397642,6000,0.0910000000000082,14,23.6842105263158,600.863157894737,0.619047619047619,0.92347266881029,0.71037513397642,22,565.789473684211,1024.10526315789
"distance",20,40,0.7,15,1384128033,"outputs/wcrit/01_distance_sensitivity/designs/distance_m20_n040_lambda070_rep15.rds",0.755562426025521,6000,0.385999999999996,64,97.4358974358974,9899.8358974359,0.670212765957447,0.954711632851027,0.755562426025521,95,9500,18328.6666666667
"distance",5,15,0.7,15,1906968259,"outputs/wcrit/01_distance_sensitivity/designs/distance_m05_n015_lambda070_rep15.rds",0.635115089514066,6000,0.0409999999999968,3,5.33333333333333,31.9428571428571,0.5,0.950383631713555,0.635115089514066,5,31.25,45.2142857142857
"distance",10,30,0.7,15,401724339,"outputs/wcrit/01_distance_sensitivity/designs/distance_m10_n030_lambda070_rep15.rds",0.651859476622113,6000,0.138000000000005,12,23.2758620689655,578.190804597701,0.523809523809524,0.950642699851488,0.651859476622113,22,556.034482758621,1004.93103448276
"distance",20,60,0.7,15,1612471202,"outputs/wcrit/01_distance_sensitivity/designs/distance_m20_n060_lambda070_rep15.rds",0.729919995173401,6000,0.640000000000001,60,96.6101694915254,9694.89491525424,0.627659574468085,0.968527643485806,0.729919995173401,95,9419.49152542373,18170.1355932203
"distance",5,20,0.7,15,1639743039,"outputs/wcrit/01_distance_sensitivity/designs/distance_m05_n020_lambda070_rep15.rds",0.462905759162304,6000,0.0450000000000017,2,5.26315789473684,31.2421052631579,0.25,0.959685863874345,0.462905759162304,5,30.7017543859649,44.1052631578947
"distance",10,40,0.7,15,1589637738,"outputs/wcrit/01_distance_sensitivity/designs/distance_m10_n040_lambda070_rep15.rds",0.620667128347184,6000,0.207999999999998,11,23.0769230769231,570.041025641026,0.476190476190476,0.957779316712835,0.620667128347184,22,551.282051282051,995.589743589744
"distance",20,80,0.7,15,1840814371,"outputs/wcrit/01_distance_sensitivity/designs/distance_m20_n080_lambda070_rep15.rds",0.695084486810766,6000,0.988,55,96.2025316455696,9584.2835443038,0.574468085106383,0.976522757454327,0.695084486810766,95,9379.74683544304,18091.8734177215
"distance",5,25,0.7,15,947398029,"outputs/wcrit/01_distance_sensitivity/designs/distance_m05_n025_lambda070_rep15.rds",0.462197026022305,6000,0.0729999999999933,2,5.2,30.94,0.25,0.957323420074349,0.462197026022305,5,30.3819444444444,43.4583333333333
"distance",10,50,0.7,15,630067508,"outputs/wcrit/01_distance_sensitivity/designs/distance_m10_n050_lambda070_rep15.rds",0.591265366484888,6000,0.269000000000005,10,22.9591836734694,561.326530612245,0.428571428571429,0.970884554949626,0.591265366484888,22,548.469387755102,990.061224489796
"distance",20,100,0.7,15,1837126047,"outputs/wcrit/01_distance_sensitivity/designs/distance_m20_n100_lambda070_rep15.rds",0.703900390979967,6000,1.31999999999999,56,95.959595959596,9520.40404040404,0.585106382978723,0.981086409649535,0.703900390979967,95,9356.06060606061,18045.2323232323
"distance",5,5,0.8,15,831860184,"outputs/wcrit/01_distance_sensitivity/designs/distance_m05_n005_lambda080_rep15.rds",0.761209503239741,6000,0.0120000000000005,4,6,40.2,0.75,0.806047516198704,0.761209503239741,5,36.4583333333333,55.75
"distance",10,10,0.8,15,175629261,"outputs/wcrit/01_distance_sensitivity/designs/distance_m10_n010_lambda080_rep15.rds",0.852189956473722,6000,0.0450000000000017,19,25,679.133333333333,0.857142857142857,0.832378353797181,0.852189956473722,22,597.222222222222,1085.88888888889
"distance",20,20,0.8,15,1158032955,"outputs/wcrit/01_distance_sensitivity/designs/distance_m20_n020_lambda080_rep15.rds",0.811718675080453,6000,0.178000000000011,75,100,10569.4947368421,0.787234042553192,0.9096572051895,0.811718675080453,95,9750,18820.9473684211
"distance",5,10,0.8,15,454077731,"outputs/wcrit/01_distance_sensitivity/designs/distance_m05_n010_lambda080_rep15.rds",0.780733496332518,6000,0.0170000000000101,4,5.55555555555556,33.8666666666667,0.75,0.903667481662591,0.780733496332518,5,32.4074074074074,47.5555555555556
"distance",10,20,0.8,15,1363542660,"outputs/wcrit/01_distance_sensitivity/designs/distance_m10_n020_lambda080_rep15.rds",0.717201041188179,6000,0.0799999999999983,15,23.6842105263158,602.757894736842,0.666666666666667,0.919338539274231,0.717201041188179,22,565.789473684211,1024.10526315789
"distance",20,40,0.8,15,1386376124,"outputs/wcrit/01_distance_sensitivity/designs/distance_m20_n040_lambda080_rep15.rds",0.727410403519854,6000,0.399000000000001,64,97.4358974358974,9886.68717948718,0.670212765957447,0.956200953769481,0.727410403519854,95,9500,18328.6666666667
"distance",5,15,0.8,15,1909216350,"outputs/wcrit/01_distance_sensitivity/designs/distance_m05_n015_lambda080_rep15.rds",0.391167945439045,6000,0.0429999999999922,2,5.33333333333333,31.8666666666667,0.25,0.955839727195226,0.391167945439045,5,31.25,45.2142857142857
"distance",10,30,0.8,15,403972430,"outputs/wcrit/01_distance_sensitivity/designs/distance_m10_n030_lambda080_rep15.rds",0.609544879251439,6000,0.135000000000005,12,23.2758620689655,577.363218390805,0.523809523809524,0.952486301019102,0.609544879251439,22,556.034482758621,1004.93103448276
"distance",20,60,0.8,15,1614719293,"outputs/wcrit/01_distance_sensitivity/designs/distance_m20_n060_lambda080_rep15.rds",0.678599936964096,6000,0.667000000000002,58,96.6101694915254,9704.16949152542,0.606382978723404,0.967467769926863,0.678599936964096,95,9419.49152542373,18170.1355932203
"distance",5,20,0.8,15,1641991130,"outputs/wcrit/01_distance_sensitivity/designs/distance_m05_n020_lambda080_rep15.rds",0.390994764397906,6000,0.046999999999997,2,5.26315789473684,31.3052631578947,0.25,0.954973821989529,0.390994764397906,5,30.7017543859649,44.1052631578947
"distance",10,40,0.8,15,1591885829,"outputs/wcrit/01_distance_sensitivity/designs/distance_m10_n040_lambda080_rep15.rds",0.573016092863738,6000,0.186999999999998,11,23.0769230769231,568.912820512821,0.476190476190476,0.960318559556787,0.573016092863738,22,551.282051282051,995.589743589744
"distance",20,80,0.8,15,1843062462,"outputs/wcrit/01_distance_sensitivity/designs/distance_m20_n080_lambda080_rep15.rds",0.654926414593538,6000,0.994,55,96.2025316455696,9582.21898734177,0.574468085106383,0.976759732542157,0.654926414593538,95,9379.74683544304,18091.8734177215
"distance",5,25,0.8,15,949646120,"outputs/wcrit/01_distance_sensitivity/designs/distance_m05_n025_lambda080_rep15.rds",0.395645246946362,6000,0.0570000000000022,2,5.2,30.6666666666667,0.25,0.978226234731811,0.395645246946362,5,30.3819444444444,43.4583333333333
"distance",10,50,0.8,15,632315599,"outputs/wcrit/01_distance_sensitivity/designs/distance_m10_n050_lambda080_rep15.rds",0.536007711301546,6000,0.268000000000001,10,22.9591836734694,563.592653061224,0.428571428571429,0.965752842222017,0.536007711301546,22,548.469387755102,990.061224489796
"distance",20,100,0.8,15,1839374138,"outputs/wcrit/01_distance_sensitivity/designs/distance_m20_n100_lambda080_rep15.rds",0.647323686476391,6000,1.355,54,95.959595959596,9518.55434343434,0.563829787234043,0.981299283445784,0.647323686476391,95,9356.06060606061,18045.2323232323
"distance",5,5,0.9,15,834108275,"outputs/wcrit/01_distance_sensitivity/designs/distance_m05_n005_lambda090_rep15.rds",0.75560475161987,6000,0.012999999999991,4,6,40.2,0.75,0.806047516198704,0.75560475161987,5,36.4583333333333,55.75
"distance",10,10,0.9,15,177877352,"outputs/wcrit/01_distance_sensitivity/designs/distance_m10_n010_lambda090_rep15.rds",0.854739167153901,6000,0.0450000000000017,19,25,678.777777777778,0.857142857142857,0.833105957253297,0.854739167153901,22,597.222222222222,1085.88888888889
"distance",20,20,0.9,15,1160281046,"outputs/wcrit/01_distance_sensitivity/designs/distance_m20_n020_lambda090_rep15.rds",0.79963789245806,6000,0.176000000000002,75,100,10554.8421052632,0.787234042553192,0.911272541601875,0.79963789245806,95,9750,18820.9473684211
"distance",5,10,0.9,15,456325822,"outputs/wcrit/01_distance_sensitivity/designs/distance_m05_n010_lambda090_rep15.rds",0.765366748166259,6000,0.0320000000000107,4,5.55555555555556,33.8666666666667,0.75,0.903667481662591,0.765366748166259,5,32.4074074074074,47.5555555555556
"distance",10,20,0.9,15,1365790751,"outputs/wcrit/01_distance_sensitivity/designs/distance_m10_n020_lambda090_rep15.rds",0.692834175470831,6000,0.0879999999999939,15,23.6842105263158,598.631578947368,0.666666666666667,0.928341754708314,0.692834175470831,22,565.789473684211,1024.10526315789
"distance",20,40,0.9,15,1388624215,"outputs/wcrit/01_distance_sensitivity/designs/distance_m20_n040_lambda090_rep15.rds",0.698410792447803,6000,0.402999999999992,64,97.4358974358974,9922.0717948718,0.670212765957447,0.952193030861006,0.698410792447803,95,9500,18328.6666666667
"distance",5,15,0.9,15,1911464441,"outputs/wcrit/01_distance_sensitivity/designs/distance_m05_n015_lambda090_rep15.rds",0.320720375106564,6000,0.0400000000000063,2,5.33333333333333,31.847619047619,0.25,0.957203751065644,0.320720375106564,5,31.25,45.2142857142857
"distance",10,30,0.9,15,406220521,"outputs/wcrit/01_distance_sensitivity/designs/distance_m10_n030_lambda090_rep15.rds",0.566468260064819,6000,0.143000000000001,12,23.2758620689655,578.301149425287,0.523809523809524,0.950396886362473,0.566468260064819,22,556.034482758621,1004.93103448276
"distance",20,60,0.9,15,1616967384,"outputs/wcrit/01_distance_sensitivity/designs/distance_m20_n060_lambda090_rep15.rds",0.651971482517427,6000,0.664000000000001,59,96.6101694915254,9712.43389830508,0.617021276595745,0.96652333581257,0.651971482517427,95,9419.49152542373,18170.1355932203
"distance",5,20,0.9,15,1644239221,"outputs/wcrit/01_distance_sensitivity/designs/distance_m05_n020_lambda090_rep15.rds",0.319869109947644,6000,0.0489999999999924,2,5.26315789473684,31.3894736842105,0.25,0.94869109947644,0.319869109947644,5,30.7017543859649,44.1052631578947
"distance",10,40,0.9,15,1594133920,"outputs/wcrit/01_distance_sensitivity/designs/distance_m10_n040_lambda090_rep15.rds",0.524386294684079,6000,0.204000000000008,11,23.0769230769231,569.876923076923,0.476190476190476,0.958148661126501,0.524386294684079,22,551.282051282051,995.589743589744
"distance",20,80,0.9,15,1845310553,"outputs/wcrit/01_distance_sensitivity/designs/distance_m20_n080_lambda090_rep15.rds",0.614799609720823,6000,0.984999999999999,55,96.2025316455696,9573.30126582279,0.574468085106383,0.977783331250781,0.614799609720823,95,9379.74683544304,18091.8734177215
"distance",5,25,0.9,15,951894211,"outputs/wcrit/01_distance_sensitivity/designs/distance_m05_n025_lambda090_rep15.rds",0.321751991502921,6000,0.0609999999999928,2,5.2,30.8066666666667,0.25,0.967519915029208,0.321751991502921,5,30.3819444444444,43.4583333333333
"distance",10,50,0.9,15,634563690,"outputs/wcrit/01_distance_sensitivity/designs/distance_m10_n050_lambda090_rep15.rds",0.482891473994164,6000,0.263999999999996,10,22.9591836734694,560.934693877551,0.428571428571429,0.97177188279878,0.482891473994164,22,548.469387755102,990.061224489796
"distance",20,100,0.9,15,1841622229,"outputs/wcrit/01_distance_sensitivity/designs/distance_m20_n100_lambda090_rep15.rds",0.605566051316034,6000,1.34099999999999,54,95.959595959596,9519.48282828283,0.563829787234043,0.981192428053958,0.605566051316034,95,9356.06060606061,18045.2323232323
"distance",5,5,1,15,1763567109,"outputs/wcrit/01_distance_sensitivity/designs/distance_m05_n005_lambda100_rep15.rds",0.75,6000,0.0120000000000005,4,6,40.8,0.75,0.774946004319655,0.75,5,36.4583333333333,55.75
"distance",10,10,1,15,1547041096,"outputs/wcrit/01_distance_sensitivity/designs/distance_m10_n010_lambda100_rep15.rds",0.857142857142857,6000,0.0449999999999875,19,25,680.377777777778,0.857142857142857,0.829831741700773,0.857142857142857,22,597.222222222222,1085.88888888889
"distance",20,20,1,15,1281556692,"outputs/wcrit/01_distance_sensitivity/designs/distance_m20_n020_lambda100_rep15.rds",0.765957446808511,6000,0.177999999999997,73,100,10572.6315789474,0.765957446808511,0.909311393227656,0.765957446808511,95,9750,18820.9473684211
"distance",5,10,1,15,1724126801,"outputs/wcrit/01_distance_sensitivity/designs/distance_m05_n010_lambda100_rep15.rds",0.75,6000,0.0189999999999912,4,5.55555555555556,34.2222222222222,0.75,0.880195599022005,0.75,5,32.4074074074074,47.5555555555556
"distance",10,20,1,15,283722711,"outputs/wcrit/01_distance_sensitivity/designs/distance_m10_n020_lambda100_rep15.rds",0.619047619047619,6000,0.0919999999999987,14,23.6842105263158,603.894736842105,0.619047619047619,0.916858061552595,0.619047619047619,22,565.789473684211,1024.10526315789
"distance",20,40,1,15,902403551,"outputs/wcrit/01_distance_sensitivity/designs/distance_m20_n040_lambda100_rep15.rds",0.712765957446808,6000,0.393000000000001,68,97.4358974358974,9873.49743589744,0.712765957446808,0.957694921555074,0.712765957446808,95,9500,18328.6666666667
"distance",5,15,1,15,1348048446,"outputs/wcrit/01_distance_sensitivity/designs/distance_m05_n015_lambda100_rep15.rds",0.5,6000,0.0429999999999922,3,5.33333333333333,32.152380952381,0.5,0.93537936913896,0.5,5,31.25,45.2142857142857
"distance",10,30,1,15,1167887955,"outputs/wcrit/01_distance_sensitivity/designs/distance_m10_n030_lambda100_rep15.rds",0.571428571428571,6000,0.141999999999996,13,23.2758620689655,579.735632183908,0.571428571428571,0.947201311005275,0.571428571428571,22,556.034482758621,1004.93103448276
"distance",20,60,1,15,523250410,"outputs/wcrit/01_distance_sensitivity/designs/distance_m20_n060_lambda100_rep15.rds",0.606382978723404,6000,0.671999999999997,58,96.6101694915254,9708.4,0.606382978723404,0.966984318829801,0.606382978723404,95,9419.49152542373,18170.1355932203
"distance",5,20,1,15,460808416,"outputs/wcrit/01_distance_sensitivity/designs/distance_m05_n020_lambda100_rep15.rds",0.25,6000,0.0470000000000113,2,5.26315789473684,31.9789473684211,0.25,0.904712041884817,0.25,5,30.7017543859649,44.1052631578947
"distance",10,40,1,15,2052053199,"outputs/wcrit/01_distance_sensitivity/designs/distance_m10_n040_lambda100_rep15.rds",0.523809523809524,6000,0.212000000000003,12,23.0769230769231,569.015384615385,0.523809523809524,0.960087719298246,0.523809523809524,22,551.282051282051,995.589743589744
"distance",20,80,1,15,144097269,"outputs/wcrit/01_distance_sensitivity/designs/distance_m20_n080_lambda100_rep15.rds",0.585106382978723,6000,0.969999999999999,56,96.2025316455696,9609.44810126582,0.585106382978723,0.973634305739999,0.585106382978723,95,9379.74683544304,18091.8734177215
"distance",5,25,1,15,84730061,"outputs/wcrit/01_distance_sensitivity/designs/distance_m05_n025_lambda100_rep15.rds",0.25,6000,0.0730000000000075,2,5.2,31.0533333333333,0.25,0.948656399362719,0.25,5,30.3819444444444,43.4583333333333
"distance",10,50,1,15,788734814,"outputs/wcrit/01_distance_sensitivity/designs/distance_m10_n050_lambda100_rep15.rds",0.428571428571429,6000,0.263000000000005,10,22.9591836734694,565.715102040816,0.428571428571429,0.960946483039098,0.428571428571429,22,548.469387755102,990.061224489796
"distance",20,100,1,15,237950135,"outputs/wcrit/01_distance_sensitivity/designs/distance_m20_n100_lambda100_rep15.rds",0.574468085106383,6000,1.34699999999999,55,95.959595959596,9531.41252525252,0.574468085106383,0.97981948971668,0.574468085106383,95,9356.06060606061,18045.2323232323
"distance",5,5,0,16,1761319019,"outputs/wcrit/01_distance_sensitivity/designs/distance_m05_n005_lambda000_rep16.rds",0.806047516198704,6000,0.0259999999999962,4,6,40.2,0.75,0.806047516198704,0.806047516198704,5,36.4583333333333,55.75
"distance",10,10,0,16,1544793006,"outputs/wcrit/01_distance_sensitivity/designs/distance_m10_n010_lambda000_rep16.rds",0.83456116416553,6000,0.0429999999999922,19,25,678.066666666667,0.857142857142857,0.83456116416553,0.83456116416553,22,597.222222222222,1085.88888888889
"distance",20,20,0,16,1279308602,"outputs/wcrit/01_distance_sensitivity/designs/distance_m20_n020_lambda000_rep16.rds",0.911093833406828,6000,0.172000000000011,69,100,10556.4631578947,0.723404255319149,0.911093833406828,0.911093833406828,95,9750,18820.9473684211
"distance",5,10,0,16,1721878711,"outputs/wcrit/01_distance_sensitivity/designs/distance_m05_n010_lambda000_rep16.rds",0.903667481662591,6000,0.0189999999999912,4,5.55555555555556,33.8666666666667,0.75,0.903667481662591,0.903667481662591,5,32.4074074074074,47.5555555555556
"distance",10,20,0,16,281474621,"outputs/wcrit/01_distance_sensitivity/designs/distance_m10_n020_lambda000_rep16.rds",0.924299494717501,6000,0.0890000000000128,14,23.6842105263158,600.484210526316,0.619047619047619,0.924299494717501,0.924299494717501,22,565.789473684211,1024.10526315789
"distance",20,40,0,16,900155461,"outputs/wcrit/01_distance_sensitivity/designs/distance_m20_n040_lambda000_rep16.rds",0.957073983933457,6000,0.385000000000005,56,97.4358974358974,9878.97948717949,0.585106382978723,0.957073983933457,0.957073983933457,95,9500,18328.6666666667
"distance",5,15,0,16,1345800356,"outputs/wcrit/01_distance_sensitivity/designs/distance_m05_n015_lambda000_rep16.rds",0.951747655583973,6000,0.0400000000000063,1,5.33333333333333,31.9238095238095,0,0.951747655583973,0.951747655583973,5,31.25,45.2142857142857
"distance",10,30,0,16,1165639865,"outputs/wcrit/01_distance_sensitivity/designs/distance_m10_n030_lambda000_rep16.rds",0.954206995442208,6000,0.141000000000005,10,23.2758620689655,576.590804597701,0.428571428571429,0.954206995442208,0.954206995442208,22,556.034482758621,1004.93103448276
"distance",20,60,0,16,521002320,"outputs/wcrit/01_distance_sensitivity/designs/distance_m20_n060_lambda000_rep16.rds",0.970366410478906,6000,0.671999999999997,43,96.6101694915254,9678.80451977401,0.446808510638298,0.970366410478906,0.970366410478906,95,9419.49152542373,18170.1355932203
"distance",5,20,0,16,458560326,"outputs/wcrit/01_distance_sensitivity/designs/distance_m05_n020_lambda000_rep16.rds",0.967539267015707,6000,0.046999999999997,2,5.26315789473684,31.1368421052632,0.25,0.967539267015707,0.967539267015707,5,30.7017543859649,44.1052631578947
"distance",10,40,0,16,2049805109,"outputs/wcrit/01_distance_sensitivity/designs/distance_m10_n040_lambda000_rep16.rds",0.963850415512465,6000,0.206000000000003,10,23.0769230769231,567.34358974359,0.428571428571429,0.963850415512465,0.963850415512465,22,551.282051282051,995.589743589744
"distance",20,80,0,16,141849179,"outputs/wcrit/01_distance_sensitivity/designs/distance_m20_n080_lambda000_rep16.rds",0.977694846990518,6000,0.984999999999999,47,96.2025316455696,9574.07215189873,0.48936170212766,0.977694846990518,0.977694846990518,95,9379.74683544304,18091.8734177215
"distance",5,25,0,16,82481971,"outputs/wcrit/01_distance_sensitivity/designs/distance_m05_n025_lambda000_rep16.rds",0.975167286245353,6000,0.0700000000000074,2,5.2,30.7066666666667,0.25,0.975167286245353,0.975167286245353,5,30.3819444444444,43.4583333333333
"distance",10,50,0,16,786486724,"outputs/wcrit/01_distance_sensitivity/designs/distance_m10_n050_lambda000_rep16.rds",0.968518347351881,6000,0.266999999999996,8,22.9591836734694,562.371428571429,0.333333333333333,0.968518347351881,0.968518347351881,22,548.469387755102,990.061224489796
"distance",20,100,0,16,235702045,"outputs/wcrit/01_distance_sensitivity/designs/distance_m20_n100_lambda000_rep16.rds",0.982404850806995,6000,1.381,48,95.959595959596,9508.94787878788,0.5,0.982404850806995,0.982404850806995,95,9356.06060606061,18045.2323232323
"distance",5,5,0.1,16,816123548,"outputs/wcrit/01_distance_sensitivity/designs/distance_m05_n005_lambda010_rep16.rds",0.800442764578834,6000,0.027000000000001,4,6,40.2,0.75,0.806047516198704,0.800442764578834,5,36.4583333333333,55.75
"distance",10,10,0.1,16,159892625,"outputs/wcrit/01_distance_sensitivity/designs/distance_m10_n010_lambda010_rep16.rds",0.834527382576496,6000,0.0450000000000017,19,25,679.311111111111,0.857142857142857,0.832014552069122,0.834527382576496,22,597.222222222222,1085.88888888889
"distance",20,20,0.1,16,1142296319,"outputs/wcrit/01_distance_sensitivity/designs/distance_m20_n020_lambda010_rep16.rds",0.896087238634944,6000,0.174999999999997,73,100,10561.4315789474,0.765957446808511,0.910546104393437,0.896087238634944,95,9750,18820.9473684211
"distance",5,10,0.1,16,438341095,"outputs/wcrit/01_distance_sensitivity/designs/distance_m05_n010_lambda010_rep16.rds",0.867176039119804,6000,0.0189999999999912,4,5.55555555555556,34.2222222222222,0.75,0.880195599022005,0.867176039119804,5,32.4074074074074,47.5555555555556
"distance",10,20,0.1,16,1347806024,"outputs/wcrit/01_distance_sensitivity/designs/distance_m10_n020_lambda010_rep16.rds",0.889888225386618,6000,0.090999999999994,14,23.6842105263158,602.463157894737,0.619047619047619,0.919981626090951,0.889888225386618,22,565.789473684211,1024.10526315789
"distance",20,40,0.1,16,1370639488,"outputs/wcrit/01_distance_sensitivity/designs/distance_m20_n040_lambda010_rep16.rds",0.928153660031987,6000,0.410000000000011,64,97.4358974358974,9881.27692307692,0.670212765957447,0.956813759373602,0.928153660031987,95,9500,18328.6666666667
"distance",5,15,0.1,16,1893479714,"outputs/wcrit/01_distance_sensitivity/designs/distance_m05_n015_lambda010_rep16.rds",0.877890025575448,6000,0.0420000000000016,2,5.33333333333333,31.9809523809524,0.25,0.94765558397272,0.877890025575448,5,31.25,45.2142857142857
"distance",10,30,0.1,16,388235794,"outputs/wcrit/01_distance_sensitivity/designs/distance_m10_n030_lambda010_rep16.rds",0.904640900145586,6000,0.143000000000001,12,23.2758620689655,579.845977011494,0.523809523809524,0.94695549751626,0.904640900145586,22,556.034482758621,1004.93103448276
"distance",20,60,0.1,16,1598982657,"outputs/wcrit/01_distance_sensitivity/designs/distance_m20_n060_lambda010_rep16.rds",0.935191575409667,6000,0.670000000000002,59,96.6101694915254,9677.25197740113,0.617021276595745,0.970543830833437,0.935191575409667,95,9419.49152542373,18170.1355932203
"distance",5,20,0.1,16,1626254494,"outputs/wcrit/01_distance_sensitivity/designs/distance_m05_n020_lambda010_rep16.rds",0.883062827225131,6000,0.0459999999999923,2,5.26315789473684,31.3263157894737,0.25,0.953403141361256,0.883062827225131,5,30.7017543859649,44.1052631578947
"distance",10,40,0.1,16,1576149193,"outputs/wcrit/01_distance_sensitivity/designs/distance_m10_n040_lambda010_rep16.rds",0.914648133491624,6000,0.204999999999998,11,23.0769230769231,567.558974358974,0.476190476190476,0.963365650969529,0.914648133491624,22,551.282051282051,995.589743589744
"distance",20,80,0.1,16,1827325826,"outputs/wcrit/01_distance_sensitivity/designs/distance_m20_n080_lambda010_rep16.rds",0.935606394942322,6000,1,54,96.2025316455696,9580.86708860759,0.563829787234043,0.976914906909909,0.935606394942322,95,9379.74683544304,18091.8734177215
"distance",5,25,0.1,16,933909484,"outputs/wcrit/01_distance_sensitivity/designs/distance_m05_n025_lambda010_rep16.rds",0.890720658523632,6000,0.0699999999999932,2,5.2,30.88,0.25,0.961911842804036,0.890720658523632,5,30.3819444444444,43.4583333333333
"distance",10,50,0.1,16,616578963,"outputs/wcrit/01_distance_sensitivity/designs/distance_m10_n050_lambda010_rep16.rds",0.915694928234719,6000,0.26100000000001,10,22.9591836734694,561.796734693878,0.428571428571429,0.969819761530641,0.915694928234719,22,548.469387755102,990.061224489796
"distance",20,100,0.1,16,1823637502,"outputs/wcrit/01_distance_sensitivity/designs/distance_m20_n100_lambda010_rep16.rds",0.939637036949828,6000,1.38800000000001,54,95.959595959596,9517.73656565657,0.563829787234043,0.98139339802936,0.939637036949828,95,9356.06060606061,18045.2323232323
"distance",5,5,0.2,16,818371639,"outputs/wcrit/01_distance_sensitivity/designs/distance_m05_n005_lambda020_rep16.rds",0.794838012958963,6000,0.0260000000000105,4,6,40.2,0.75,0.806047516198704,0.794838012958963,5,36.4583333333333,55.75
"distance",10,10,0.2,16,162140716,"outputs/wcrit/01_distance_sensitivity/designs/distance_m10_n010_lambda020_rep16.rds",0.849474436432145,6000,0.0480000000000018,20,25,677.533333333333,0.904761904761905,0.835652569349704,0.849474436432145,22,597.222222222222,1085.88888888889
"distance",20,20,0.2,16,1144544410,"outputs/wcrit/01_distance_sensitivity/designs/distance_m20_n020_lambda020_rep16.rds",0.879857201337818,6000,0.167000000000002,72,100,10557.3894736842,0.75531914893617,0.91099171443823,0.879857201337818,95,9750,18820.9473684211
"distance",5,10,0.2,16,440589186,"outputs/wcrit/01_distance_sensitivity/designs/distance_m05_n010_lambda020_rep16.rds",0.854156479217604,6000,0.0169999999999959,4,5.55555555555556,34.2222222222222,0.75,0.880195599022005,0.854156479217604,5,32.4074074074074,47.5555555555556
"distance",10,20,0.2,16,1350054115,"outputs/wcrit/01_distance_sensitivity/designs/distance_m10_n020_lambda020_rep16.rds",0.864908896034298,6000,0.0949999999999989,15,23.6842105263158,604.989473684211,0.666666666666667,0.914469453376206,0.864908896034298,22,565.789473684211,1024.10526315789
"distance",20,40,0.2,16,1372887579,"outputs/wcrit/01_distance_sensitivity/designs/distance_m20_n040_lambda020_rep16.rds",0.899559081517049,6000,0.408000000000001,64,97.4358974358974,9880.55384615385,0.670212765957447,0.95689566040695,0.899559081517049,95,9500,18328.6666666667
"distance",5,15,0.2,16,1895727805,"outputs/wcrit/01_distance_sensitivity/designs/distance_m05_n015_lambda020_rep16.rds",0.821219096334186,6000,0.0439999999999969,2,5.33333333333333,31.752380952381,0.25,0.964023870417732,0.821219096334186,5,31.25,45.2142857142857
"distance",10,30,0.2,16,390483885,"outputs/wcrit/01_distance_sensitivity/designs/distance_m10_n030_lambda020_rep16.rds",0.862162427115569,6000,0.161000000000001,12,23.2758620689655,579.937931034483,0.523809523809524,0.94675065294208,0.862162427115569,22,556.034482758621,1004.93103448276
"distance",20,60,0.2,16,1601230748,"outputs/wcrit/01_distance_sensitivity/designs/distance_m20_n060_lambda020_rep16.rds",0.898889772446541,6000,0.674000000000007,59,96.6101694915254,9687.6384180791,0.617021276595745,0.969356896409239,0.898889772446541,95,9419.49152542373,18170.1355932203
"distance",5,20,0.2,16,1628502585,"outputs/wcrit/01_distance_sensitivity/designs/distance_m05_n020_lambda020_rep16.rds",0.803926701570681,6000,0.0490000000000066,2,5.26315789473684,31.4736842105263,0.25,0.942408376963351,0.803926701570681,5,30.7017543859649,44.1052631578947
"distance",10,40,0.2,16,1578397284,"outputs/wcrit/01_distance_sensitivity/designs/distance_m10_n040_lambda020_rep16.rds",0.862311040759794,6000,0.201999999999998,11,23.0769230769231,569.569230769231,0.476190476190476,0.958841181902124,0.862311040759794,22,551.282051282051,995.589743589744
"distance",20,80,0.2,16,1829573917,"outputs/wcrit/01_distance_sensitivity/designs/distance_m20_n080_lambda020_rep16.rds",0.898158582664109,6000,0.99499999999999,56,96.2025316455696,9585.16455696203,0.585106382978723,0.976421632585455,0.898158582664109,95,9379.74683544304,18091.8734177215
"distance",5,25,0.2,16,936157575,"outputs/wcrit/01_distance_sensitivity/designs/distance_m05_n025_lambda020_rep16.rds",0.819937334041423,6000,0.0599999999999881,2,5.2,30.8733333333333,0.25,0.962421667551779,0.819937334041423,5,30.3819444444444,43.4583333333333
"distance",10,50,0.2,16,618827054,"outputs/wcrit/01_distance_sensitivity/designs/distance_m10_n050_lambda020_rep16.rds",0.861049529267295,6000,0.277000000000001,10,22.9591836734694,562.084081632653,0.428571428571429,0.969169054441261,0.861049529267295,22,548.469387755102,990.061224489796
"distance",20,100,0.2,16,1825885593,"outputs/wcrit/01_distance_sensitivity/designs/distance_m20_n100_lambda020_rep16.rds",0.8976911075233,6000,1.357,54,95.959595959596,9519.79555555556,0.563829787234043,0.981156437595614,0.8976911075233,95,9356.06060606061,18045.2323232323
"distance",5,5,0.3,16,820619730,"outputs/wcrit/01_distance_sensitivity/designs/distance_m05_n005_lambda030_rep16.rds",0.789233261339093,6000,0.0120000000000005,4,6,40.2,0.75,0.806047516198704,0.789233261339093,5,36.4583333333333,55.75
"distance",10,10,0.3,16,164388807,"outputs/wcrit/01_distance_sensitivity/designs/distance_m10_n010_lambda030_rep16.rds",0.853838757876957,6000,0.0310000000000059,20,25,679.311111111111,0.904761904761905,0.832014552069122,0.853838757876957,22,597.222222222222,1085.88888888889
"distance",20,20,0.3,16,1146792501,"outputs/wcrit/01_distance_sensitivity/designs/distance_m20_n020_lambda030_rep16.rds",0.866189861285109,6000,0.175999999999988,73,100,10574.1263157895,0.765957446808511,0.909146610346508,0.866189861285109,95,9750,18820.9473684211
"distance",5,10,0.3,16,442837277,"outputs/wcrit/01_distance_sensitivity/designs/distance_m05_n010_lambda030_rep16.rds",0.841136919315403,6000,0.0310000000000059,4,5.55555555555556,34.2222222222222,0.75,0.880195599022005,0.841136919315403,5,32.4074074074074,47.5555555555556
"distance",10,20,0.3,16,1352302206,"outputs/wcrit/01_distance_sensitivity/designs/distance_m10_n020_lambda030_rep16.rds",0.828158015617823,6000,0.090999999999994,14,23.6842105263158,603.473684210526,0.619047619047619,0.917776757005053,0.828158015617823,22,565.789473684211,1024.10526315789
"distance",20,40,0.3,16,1375135670,"outputs/wcrit/01_distance_sensitivity/designs/distance_m20_n040_lambda030_rep16.rds",0.866207484100855,6000,0.403999999999996,63,97.4358974358974,9899.36923076923,0.659574468085106,0.954764490964748,0.866207484100855,95,9500,18328.6666666667
"distance",5,15,0.3,16,1897975896,"outputs/wcrit/01_distance_sensitivity/designs/distance_m05_n015_lambda030_rep16.rds",0.82386189258312,6000,0.0450000000000017,3,5.33333333333333,31.7714285714286,0.5,0.962659846547315,0.82386189258312,5,31.25,45.2142857142857
"distance",10,30,0.3,16,392731976,"outputs/wcrit/01_distance_sensitivity/designs/distance_m10_n030_lambda030_rep16.rds",0.828934588737938,6000,0.164000000000001,13,23.2758620689655,583.285057471264,0.571428571428571,0.939294310441952,0.828934588737938,22,556.034482758621,1004.93103448276
"distance",20,60,0.3,16,1603478839,"outputs/wcrit/01_distance_sensitivity/designs/distance_m20_n060_lambda030_rep16.rds",0.86512597345195,6000,0.682000000000002,60,96.6101694915254,9709.1615819209,0.627659574468085,0.966897287302178,0.86512597345195,95,9419.49152542373,18170.1355932203
"distance",5,20,0.3,16,1630750676,"outputs/wcrit/01_distance_sensitivity/designs/distance_m05_n020_lambda030_rep16.rds",0.74348167539267,6000,0.0449999999999875,2,5.26315789473684,31.3052631578947,0.25,0.954973821989529,0.74348167539267,5,30.7017543859649,44.1052631578947
"distance",10,40,0.3,16,1580645375,"outputs/wcrit/01_distance_sensitivity/designs/distance_m10_n040_lambda030_rep16.rds",0.826958184936024,6000,0.198000000000008,12,23.0769230769231,570.441025641026,0.523809523809524,0.956879039704525,0.826958184936024,22,551.282051282051,995.589743589744
"distance",20,80,0.3,16,1831822008,"outputs/wcrit/01_distance_sensitivity/designs/distance_m20_n080_lambda030_rep16.rds",0.859660482959662,6000,1.09699999999999,56,96.2025316455696,9577.28101265823,0.585106382978723,0.977326525808636,0.859660482959662,95,9379.74683544304,18091.8734177215
"distance",5,25,0.3,16,938405666,"outputs/wcrit/01_distance_sensitivity/designs/distance_m05_n025_lambda030_rep16.rds",0.745840148698885,6000,0.0730000000000075,2,5.2,30.9266666666667,0.25,0.958343069569835,0.745840148698885,5,30.3819444444444,43.4583333333333
"distance",10,50,0.3,16,621075145,"outputs/wcrit/01_distance_sensitivity/designs/distance_m10_n050_lambda030_rep16.rds",0.807010470996791,6000,0.272999999999996,10,22.9591836734694,562.071020408163,0.428571428571429,0.969198632036233,0.807010470996791,22,548.469387755102,990.061224489796
"distance",20,100,0.3,16,1828133684,"outputs/wcrit/01_distance_sensitivity/designs/distance_m20_n100_lambda030_rep16.rds",0.852582592700065,6000,1.46599999999999,53,95.959595959596,9522.08404040404,0.553191489361702,0.980893065559363,0.852582592700065,95,9356.06060606061,18045.2323232323
"distance",5,5,0.4,16,822867821,"outputs/wcrit/01_distance_sensitivity/designs/distance_m05_n005_lambda040_rep16.rds",0.783628509719222,6000,0.0139999999999958,4,6,40.2,0.75,0.806047516198704,0.783628509719222,5,36.4583333333333,55.75
"distance",10,10,0.4,16,166636898,"outputs/wcrit/01_distance_sensitivity/designs/distance_m10_n010_lambda040_rep16.rds",0.843375560319626,6000,0.0480000000000018,19,25,678.244444444444,0.857142857142857,0.834197362437472,0.843375560319626,22,597.222222222222,1085.88888888889
"distance",20,20,0.4,16,1149040592,"outputs/wcrit/01_distance_sensitivity/designs/distance_m20_n020_lambda040_rep16.rds",0.856984063416472,6000,0.176000000000002,74,100,10561.1578947368,0.776595744680851,0.910576275906886,0.856984063416472,95,9750,18820.9473684211
"distance",5,10,0.4,16,445085368,"outputs/wcrit/01_distance_sensitivity/designs/distance_m05_n010_lambda040_rep16.rds",0.828117359413203,6000,0.0320000000000107,4,5.55555555555556,34.2222222222222,0.75,0.880195599022005,0.828117359413203,5,32.4074074074074,47.5555555555556
"distance",10,20,0.4,16,1354550297,"outputs/wcrit/01_distance_sensitivity/designs/distance_m10_n020_lambda040_rep16.rds",0.802860205175318,6000,0.0900000000000034,14,23.6842105263158,599.978947368421,0.619047619047619,0.92540192926045,0.802860205175318,22,565.789473684211,1024.10526315789
"distance",20,40,0.4,16,1377383761,"outputs/wcrit/01_distance_sensitivity/designs/distance_m20_n040_lambda040_rep16.rds",0.840598422561627,6000,0.403999999999996,64,97.4358974358974,9904.45128205128,0.670212765957447,0.954188860297748,0.840598422561627,95,9500,18328.6666666667
"distance",5,15,0.4,16,1900223987,"outputs/wcrit/01_distance_sensitivity/designs/distance_m05_n015_lambda040_rep16.rds",0.761227621483376,6000,0.0409999999999968,3,5.33333333333333,32.152380952381,0.5,0.93537936913896,0.761227621483376,5,31.25,45.2142857142857
"distance",10,30,0.4,16,394980067,"outputs/wcrit/01_distance_sensitivity/designs/distance_m10_n030_lambda040_rep16.rds",0.794974869960275,6000,0.134,13,23.2758620689655,581.170114942529,0.571428571428571,0.944005735648077,0.794974869960275,22,556.034482758621,1004.93103448276
"distance",20,60,0.4,16,1605726930,"outputs/wcrit/01_distance_sensitivity/designs/distance_m20_n060_lambda040_rep16.rds",0.822717130995994,6000,0.694000000000003,58,96.6101694915254,9708.78870056497,0.606382978723404,0.96693989917772,0.822717130995994,95,9419.49152542373,18170.1355932203
"distance",5,20,0.4,16,1632998767,"outputs/wcrit/01_distance_sensitivity/designs/distance_m05_n020_lambda040_rep16.rds",0.672041884816754,6000,0.0480000000000018,2,5.26315789473684,31.3263157894737,0.25,0.953403141361256,0.672041884816754,5,30.7017543859649,44.1052631578947
"distance",10,40,0.4,16,1582893466,"outputs/wcrit/01_distance_sensitivity/designs/distance_m10_n040_lambda040_rep16.rds",0.766916633689487,6000,0.209000000000003,11,23.0769230769231,568.728205128205,0.476190476190476,0.960734072022161,0.766916633689487,22,551.282051282051,995.589743589744
"distance",20,80,0.4,16,1834070099,"outputs/wcrit/01_distance_sensitivity/designs/distance_m20_n080_lambda040_rep16.rds",0.816127705203077,6000,1.08,55,96.2025316455696,9578.08607594937,0.574468085106383,0.977234118600874,0.816127705203077,95,9379.74683544304,18091.8734177215
"distance",5,25,0.4,16,940653757,"outputs/wcrit/01_distance_sensitivity/designs/distance_m05_n025_lambda040_rep16.rds",0.663993627190653,6000,0.0730000000000075,2,5.2,31.1666666666667,0.25,0.939989378651088,0.663993627190653,5,30.3819444444444,43.4583333333333
"distance",10,50,0.4,16,623323236,"outputs/wcrit/01_distance_sensitivity/designs/distance_m10_n050_lambda040_rep16.rds",0.752202395257021,6000,0.277000000000001,10,22.9591836734694,562.619591836735,0.428571428571429,0.967956373047417,0.752202395257021,22,548.469387755102,990.061224489796
"distance",20,100,0.4,16,1830381775,"outputs/wcrit/01_distance_sensitivity/designs/distance_m20_n100_lambda040_rep16.rds",0.810265914855428,6000,1.45099999999999,53,95.959595959596,9515.51676767677,0.553191489361702,0.981648865184579,0.810265914855428,95,9356.06060606061,18045.2323232323
"distance",5,5,0.5,16,825115912,"outputs/wcrit/01_distance_sensitivity/designs/distance_m05_n005_lambda050_rep16.rds",0.778023758099352,6000,0.0139999999999958,4,6,40.2,0.75,0.806047516198704,0.778023758099352,5,36.4583333333333,55.75
"distance",10,10,0.5,16,168884989,"outputs/wcrit/01_distance_sensitivity/designs/distance_m10_n010_lambda050_rep16.rds",0.870207237055805,6000,0.0460000000000065,20,25,677.533333333333,0.904761904761905,0.835652569349704,0.870207237055805,22,597.222222222222,1085.88888888889
"distance",20,20,0.5,16,1151288683,"outputs/wcrit/01_distance_sensitivity/designs/distance_m20_n020_lambda050_rep16.rds",0.842656495591058,6000,0.271000000000001,74,100,10578.0210526316,0.776595744680851,0.908717246501265,0.842656495591058,95,9750,18820.9473684211
"distance",5,10,0.5,16,447333459,"outputs/wcrit/01_distance_sensitivity/designs/distance_m05_n010_lambda050_rep16.rds",0.815097799511002,6000,0.0200000000000102,4,5.55555555555556,34.2222222222222,0.75,0.880195599022005,0.815097799511002,5,32.4074074074074,47.5555555555556
"distance",10,20,0.5,16,1356798388,"outputs/wcrit/01_distance_sensitivity/designs/distance_m10_n020_lambda050_rep16.rds",0.788087582299801,6000,0.0900000000000034,15,23.6842105263158,607.263157894737,0.666666666666667,0.909508497932935,0.788087582299801,22,565.789473684211,1024.10526315789
"distance",20,40,0.5,16,1379631852,"outputs/wcrit/01_distance_sensitivity/designs/distance_m20_n040_lambda050_rep16.rds",0.813372985363728,6000,0.397000000000006,64,97.4358974358974,9883.75384615385,0.670212765957447,0.956533204770009,0.813372985363728,95,9500,18328.6666666667
"distance",5,15,0.5,16,1902472078,"outputs/wcrit/01_distance_sensitivity/designs/distance_m05_n015_lambda050_rep16.rds",0.600191815856777,6000,0.0460000000000065,2,5.33333333333333,31.9428571428571,0.25,0.950383631713555,0.600191815856777,5,31.25,45.2142857142857
"distance",10,30,0.5,16,397228158,"outputs/wcrit/01_distance_sensitivity/designs/distance_m10_n030_lambda050_rep16.rds",0.753804622171499,6000,0.144999999999996,13,23.2758620689655,584.68275862069,0.571428571428571,0.936180672914426,0.753804622171499,22,556.034482758621,1004.93103448276
"distance",20,60,0.5,16,1607975021,"outputs/wcrit/01_distance_sensitivity/designs/distance_m20_n060_lambda050_rep16.rds",0.78773667861008,6000,0.697000000000003,58,96.6101694915254,9689.97062146893,0.606382978723404,0.969090378496756,0.78773667861008,95,9419.49152542373,18170.1355932203
"distance",5,20,0.5,16,1635246858,"outputs/wcrit/01_distance_sensitivity/designs/distance_m05_n020_lambda050_rep16.rds",0.59934554973822,6000,0.0480000000000018,2,5.26315789473684,31.3894736842105,0.25,0.94869109947644,0.59934554973822,5,30.7017543859649,44.1052631578947
"distance",10,40,0.5,16,1585141557,"outputs/wcrit/01_distance_sensitivity/designs/distance_m10_n040_lambda050_rep16.rds",0.738151299300884,6000,0.196000000000012,12,23.0769230769231,572.389743589744,0.523809523809524,0.952493074792244,0.738151299300884,22,551.282051282051,995.589743589744
"distance",20,80,0.5,16,1836318190,"outputs/wcrit/01_distance_sensitivity/designs/distance_m20_n080_lambda050_rep16.rds",0.791543531764406,6000,1.10000000000001,58,96.2025316455696,9582.70379746836,0.606382978723404,0.976704084805407,0.791543531764406,95,9379.74683544304,18091.8734177215
"distance",5,25,0.5,16,942901848,"outputs/wcrit/01_distance_sensitivity/designs/distance_m05_n025_lambda050_rep16.rds",0.602642060541689,6000,0.0600000000000023,2,5.2,30.9666666666667,0.25,0.955284121083378,0.602642060541689,5,30.3819444444444,43.4583333333333
"distance",10,50,0.5,16,625571327,"outputs/wcrit/01_distance_sensitivity/designs/distance_m10_n050_lambda050_rep16.rds",0.698138196030792,6000,0.268999999999991,10,22.9591836734694,562.730612244898,0.428571428571429,0.967704963490156,0.698138196030792,22,548.469387755102,990.061224489796
"distance",20,100,0.5,16,1832629866,"outputs/wcrit/01_distance_sensitivity/designs/distance_m20_n100_lambda050_rep16.rds",0.761770371813351,6000,1.458,52,95.959595959596,9521.26303030303,0.542553191489362,0.98098755213734,0.761770371813351,95,9356.06060606061,18045.2323232323
"distance",5,5,0.6,16,827364003,"outputs/wcrit/01_distance_sensitivity/designs/distance_m05_n005_lambda060_rep16.rds",0.772419006479482,6000,0.0250000000000057,4,6,40.2,0.75,0.806047516198704,0.772419006479482,5,36.4583333333333,55.75
"distance",10,10,0.6,16,171133080,"outputs/wcrit/01_distance_sensitivity/designs/distance_m10_n010_lambda060_rep16.rds",0.876827129214578,6000,0.0440000000000111,20,25,677.888888888889,0.904761904761905,0.834924965893588,0.876827129214578,22,597.222222222222,1085.88888888889
"distance",20,20,0.6,16,1153536774,"outputs/wcrit/01_distance_sensitivity/designs/distance_m20_n020_lambda060_rep16.rds",0.830190742234045,6000,0.266999999999996,74,100,10561.0947368421,0.776595744680851,0.910583238563836,0.830190742234045,95,9750,18820.9473684211
"distance",5,10,0.6,16,449581550,"outputs/wcrit/01_distance_sensitivity/designs/distance_m05_n010_lambda060_rep16.rds",0.802078239608802,6000,0.0330000000000013,4,5.55555555555556,34.2222222222222,0.75,0.880195599022005,0.802078239608802,5,32.4074074074074,47.5555555555556
"distance",10,20,0.6,16,1359046479,"outputs/wcrit/01_distance_sensitivity/designs/distance_m10_n020_lambda060_rep16.rds",0.768286632981167,6000,0.0900000000000034,15,23.6842105263158,602.126315789474,0.666666666666667,0.920716582452917,0.768286632981167,22,565.789473684211,1024.10526315789
"distance",20,40,0.6,16,1381879943,"outputs/wcrit/01_distance_sensitivity/designs/distance_m20_n040_lambda060_rep16.rds",0.776488992795255,6000,0.417000000000002,63,97.4358974358974,9925.00512820513,0.659574468085106,0.951860779860478,0.776488992795255,95,9500,18328.6666666667
"distance",5,15,0.6,16,1904720169,"outputs/wcrit/01_distance_sensitivity/designs/distance_m05_n015_lambda060_rep16.rds",0.529607843137255,6000,0.0439999999999969,2,5.33333333333333,31.9619047619048,0.25,0.949019607843137,0.529607843137255,5,31.25,45.2142857142857
"distance",10,30,0.6,16,399476249,"outputs/wcrit/01_distance_sensitivity/designs/distance_m10_n030_lambda060_rep16.rds",0.722491495292233,6000,0.143999999999991,13,23.2758620689655,578.889655172414,0.571428571428571,0.949085881087725,0.722491495292233,22,556.034482758621,1004.93103448276
"distance",20,60,0.6,16,1610223112,"outputs/wcrit/01_distance_sensitivity/designs/distance_m20_n060_lambda060_rep16.rds",0.751619341384698,6000,0.692000000000007,58,96.6101694915254,9686.61468926554,0.606382978723404,0.969473885376637,0.751619341384698,95,9419.49152542373,18170.1355932203
"distance",5,20,0.6,16,1637494949,"outputs/wcrit/01_distance_sensitivity/designs/distance_m05_n020_lambda060_rep16.rds",0.531361256544503,6000,0.0450000000000017,2,5.26315789473684,31.3263157894737,0.25,0.953403141361256,0.531361256544503,5,30.7017543859649,44.1052631578947
"distance",10,40,0.6,16,1587389648,"outputs/wcrit/01_distance_sensitivity/designs/distance_m10_n040_lambda060_rep16.rds",0.669564701226751,6000,0.206000000000003,11,23.0769230769231,569.220512820513,0.476190476190476,0.959626038781163,0.669564701226751,22,551.282051282051,995.589743589744
"distance",20,80,0.6,16,1838566281,"outputs/wcrit/01_distance_sensitivity/designs/distance_m20_n080_lambda060_rep16.rds",0.741942134144031,6000,1.00999999999999,56,96.2025316455696,9578.42025316456,0.585106382978723,0.977195760891991,0.741942134144031,95,9379.74683544304,18091.8734177215
"distance",5,25,0.6,16,945149939,"outputs/wcrit/01_distance_sensitivity/designs/distance_m05_n025_lambda060_rep16.rds",0.541494423791822,6000,0.0589999999999975,2,5.2,30.66,0.25,0.978736059479554,0.541494423791822,5,30.3819444444444,43.4583333333333
"distance",10,50,0.6,16,627819418,"outputs/wcrit/01_distance_sensitivity/designs/distance_m10_n050_lambda060_rep16.rds",0.672293451995827,6000,0.271000000000001,11,22.9591836734694,563.285714285714,0.476190476190476,0.966447915703854,0.672293451995827,22,548.469387755102,990.061224489796
"distance",20,100,0.6,16,1834877957,"outputs/wcrit/01_distance_sensitivity/designs/distance_m20_n100_lambda060_rep16.rds",0.731164135703162,6000,1.364,54,95.959595959596,9511.02626262626,0.563829787234043,0.982165658406841,0.731164135703162,95,9356.06060606061,18045.2323232323
"distance",5,5,0.7,16,829612094,"outputs/wcrit/01_distance_sensitivity/designs/distance_m05_n005_lambda070_rep16.rds",0.766814254859611,6000,0.0130000000000052,4,6,40.2,0.75,0.806047516198704,0.766814254859611,5,36.4583333333333,55.75
"distance",10,10,0.7,16,173381171,"outputs/wcrit/01_distance_sensitivity/designs/distance_m10_n010_lambda070_rep16.rds",0.849713506139154,6000,0.0450000000000017,19,25,679.133333333333,0.857142857142857,0.832378353797181,0.849713506139154,22,597.222222222222,1085.88888888889
"distance",20,20,0.7,16,1155784865,"outputs/wcrit/01_distance_sensitivity/designs/distance_m20_n020_lambda070_rep16.rds",0.809412722107522,6000,0.176000000000002,73,100,10559.0526315789,0.765957446808511,0.910808364471883,0.809412722107522,95,9750,18820.9473684211
"distance",5,10,0.7,16,451829641,"outputs/wcrit/01_distance_sensitivity/designs/distance_m05_n010_lambda070_rep16.rds",0.789058679706601,6000,0.0190000000000055,4,5.55555555555556,34.2222222222222,0.75,0.880195599022005,0.789058679706601,5,32.4074074074074,47.5555555555556
"distance",10,20,0.7,16,1361294570,"outputs/wcrit/01_distance_sensitivity/designs/distance_m10_n020_lambda070_rep16.rds",0.739326290001531,6000,0.0930000000000035,15,23.6842105263158,607.557894736842,0.666666666666667,0.908865411116215,0.739326290001531,22,565.789473684211,1024.10526315789
"distance",20,40,0.7,16,1384128034,"outputs/wcrit/01_distance_sensitivity/designs/distance_m20_n040_lambda070_rep16.rds",0.756020200524676,6000,0.400000000000006,64,97.4358974358974,9886.3641025641,0.670212765957447,0.95623754784821,0.756020200524676,95,9500,18328.6666666667
"distance",5,15,0.7,16,1906968260,"outputs/wcrit/01_distance_sensitivity/designs/distance_m05_n015_lambda070_rep16.rds",0.464616368286445,6000,0.0430000000000064,2,5.33333333333333,31.7333333333333,0.25,0.96538789428815,0.464616368286445,5,31.25,45.2142857142857
"distance",10,30,0.7,16,401724340,"outputs/wcrit/01_distance_sensitivity/designs/distance_m10_n030_lambda070_rep16.rds",0.65117119885287,6000,0.143999999999991,12,23.2758620689655,579.220689655172,0.523809523809524,0.948348440620679,0.65117119885287,22,556.034482758621,1004.93103448276
"distance",20,60,0.7,16,1612471203,"outputs/wcrit/01_distance_sensitivity/designs/distance_m20_n060_lambda070_rep16.rds",0.722342716847466,6000,0.682999999999993,59,96.6101694915254,9698.70056497175,0.617021276595745,0.968092744101483,0.722342716847466,95,9419.49152542373,18170.1355932203
"distance",5,20,0.7,16,1639743040,"outputs/wcrit/01_distance_sensitivity/designs/distance_m05_n020_lambda070_rep16.rds",0.461492146596859,6000,0.0459999999999923,2,5.26315789473684,31.3052631578947,0.25,0.954973821989529,0.461492146596859,5,30.7017543859649,44.1052631578947
"distance",10,40,0.7,16,1589637739,"outputs/wcrit/01_distance_sensitivity/designs/distance_m10_n040_lambda070_rep16.rds",0.653231763619575,6000,0.194999999999993,12,23.0769230769231,571.179487179487,0.523809523809524,0.955216989843029,0.653231763619575,22,551.282051282051,995.589743589744
"distance",20,80,0.7,16,1840814372,"outputs/wcrit/01_distance_sensitivity/designs/distance_m20_n080_lambda070_rep16.rds",0.709732091435529,6000,1.027,57,96.2025316455696,9591.42784810127,0.595744680851064,0.975702716132613,0.709732091435529,95,9379.74683544304,18091.8734177215
"distance",5,25,0.7,16,947398030,"outputs/wcrit/01_distance_sensitivity/designs/distance_m05_n025_lambda070_rep16.rds",0.465255974508763,6000,0.0609999999999928,2,5.2,30.8066666666667,0.25,0.967519915029208,0.465255974508763,5,30.3819444444444,43.4583333333333
"distance",10,50,0.7,16,630067509,"outputs/wcrit/01_distance_sensitivity/designs/distance_m10_n050_lambda070_rep16.rds",0.623449610253566,6000,0.281000000000006,11,22.9591836734694,563.017959183673,0.476190476190476,0.967054256400776,0.623449610253566,22,548.469387755102,990.061224489796
"distance",20,100,0.7,16,1837126048,"outputs/wcrit/01_distance_sensitivity/designs/distance_m20_n100_lambda070_rep16.rds",0.681472835059364,6000,1.367,53,95.959595959596,9522.92767676768,0.553191489361702,0.980795975020576,0.681472835059364,95,9356.06060606061,18045.2323232323
"distance",5,5,0.8,16,831860185,"outputs/wcrit/01_distance_sensitivity/designs/distance_m05_n005_lambda080_rep16.rds",0.761209503239741,6000,0.0150000000000006,4,6,40.2,0.75,0.806047516198704,0.761209503239741,5,36.4583333333333,55.75
"distance",10,10,0.8,16,175629262,"outputs/wcrit/01_distance_sensitivity/designs/distance_m10_n010_lambda080_rep16.rds",0.852408237510557,6000,0.0439999999999969,19,25,678.6,0.857142857142857,0.833469758981355,0.852408237510557,22,597.222222222222,1085.88888888889
"distance",20,20,0.8,16,1158032956,"outputs/wcrit/01_distance_sensitivity/designs/distance_m20_n020_lambda080_rep16.rds",0.803532960773576,6000,0.183000000000007,74,100,10554.7578947368,0.776595744680851,0.911281825144475,0.803532960773576,95,9750,18820.9473684211
"distance",5,10,0.8,16,454077732,"outputs/wcrit/01_distance_sensitivity/designs/distance_m05_n010_lambda080_rep16.rds",0.776039119804401,6000,0.0300000000000011,4,5.55555555555556,34.2222222222222,0.75,0.880195599022005,0.776039119804401,5,32.4074074074074,47.5555555555556
"distance",10,20,0.8,16,1363542661,"outputs/wcrit/01_distance_sensitivity/designs/distance_m10_n020_lambda080_rep16.rds",0.717311284642474,6000,0.0930000000000035,15,23.6842105263158,602.505263157895,0.666666666666667,0.919889756545705,0.717311284642474,22,565.789473684211,1024.10526315789
"distance",20,40,0.8,16,1386376125,"outputs/wcrit/01_distance_sensitivity/designs/distance_m20_n040_lambda080_rep16.rds",0.719001880127388,6000,0.405000000000001,63,97.4358974358974,9882.17948717949,0.659574468085106,0.956711528296517,0.719001880127388,95,9500,18328.6666666667
"distance",5,15,0.8,16,1909216351,"outputs/wcrit/01_distance_sensitivity/designs/distance_m05_n015_lambda080_rep16.rds",0.391167945439045,6000,0.0419999999999874,2,5.33333333333333,31.8666666666667,0.25,0.955839727195226,0.391167945439045,5,31.25,45.2142857142857
"distance",10,30,0.8,16,403972431,"outputs/wcrit/01_distance_sensitivity/designs/distance_m10_n030_lambda080_rep16.rds",0.608799245001427,6000,0.147000000000006,12,23.2758620689655,579.036781609195,0.523809523809524,0.948758129769038,0.608799245001427,22,556.034482758621,1004.93103448276
"distance",20,60,0.8,16,1614719294,"outputs/wcrit/01_distance_sensitivity/designs/distance_m20_n060_lambda080_rep16.rds",0.68752620891347,6000,0.697000000000003,59,96.6101694915254,9685.98418079096,0.617021276595745,0.969545938184373,0.68752620891347,95,9419.49152542373,18170.1355932203
"distance",5,20,0.8,16,1641991131,"outputs/wcrit/01_distance_sensitivity/designs/distance_m05_n020_lambda080_rep16.rds",0.390680628272251,6000,0.046999999999997,2,5.26315789473684,31.3263157894737,0.25,0.953403141361256,0.390680628272251,5,30.7017543859649,44.1052631578947
"distance",10,40,0.8,16,1591885830,"outputs/wcrit/01_distance_sensitivity/designs/distance_m10_n040_lambda080_rep16.rds",0.572716000527635,6000,0.204999999999998,11,23.0769230769231,569.579487179487,0.476190476190476,0.95881809787627,0.572716000527635,22,551.282051282051,995.589743589744
"distance",20,80,0.8,16,1843062463,"outputs/wcrit/01_distance_sensitivity/designs/distance_m20_n080_lambda080_rep16.rds",0.663509031713305,6000,1.02300000000001,56,96.2025316455696,9579.0835443038,0.585106382978723,0.977119626651634,0.663509031713305,95,9379.74683544304,18091.8734177215
"distance",5,25,0.8,16,949646121,"outputs/wcrit/01_distance_sensitivity/designs/distance_m05_n025_lambda080_rep16.rds",0.391668613913967,6000,0.070999999999998,2,5.2,30.9266666666667,0.25,0.958343069569835,0.391668613913967,5,30.3819444444444,43.4583333333333
"distance",10,50,0.8,16,632315600,"outputs/wcrit/01_distance_sensitivity/designs/distance_m10_n050_lambda080_rep16.rds",0.536111232883947,6000,0.271000000000001,10,22.9591836734694,563.364081632653,0.428571428571429,0.966270450134023,0.536111232883947,22,548.469387755102,990.061224489796
"distance",20,100,0.8,16,1839374139,"outputs/wcrit/01_distance_sensitivity/designs/distance_m20_n100_lambda080_rep16.rds",0.65569579405915,6000,1.363,55,95.959595959596,9524.57292929293,0.574468085106383,0.98060662987022,0.65569579405915,95,9356.06060606061,18045.2323232323
"distance",5,5,0.9,16,834108276,"outputs/wcrit/01_distance_sensitivity/designs/distance_m05_n005_lambda090_rep16.rds",0.75560475161987,6000,0.0120000000000005,4,6,40.2,0.75,0.806047516198704,0.75560475161987,5,36.4583333333333,55.75
"distance",10,10,0.9,16,177877353,"outputs/wcrit/01_distance_sensitivity/designs/distance_m10_n010_lambda090_rep16.rds",0.854884687845124,6000,0.0300000000000011,19,25,678.066666666667,0.857142857142857,0.83456116416553,0.854884687845124,22,597.222222222222,1085.88888888889
"distance",20,20,0.9,16,1160281047,"outputs/wcrit/01_distance_sensitivity/designs/distance_m20_n020_lambda090_rep16.rds",0.770917273265521,6000,0.162999999999997,72,100,10554.5894736842,0.75531914893617,0.911300392229675,0.770917273265521,95,9750,18820.9473684211
"distance",5,10,0.9,16,456325823,"outputs/wcrit/01_distance_sensitivity/designs/distance_m05_n010_lambda090_rep16.rds",0.765366748166259,6000,0.0180000000000007,4,5.55555555555556,33.8666666666667,0.75,0.903667481662591,0.765366748166259,5,32.4074074074074,47.5555555555556
"distance",10,20,0.9,16,1365790752,"outputs/wcrit/01_distance_sensitivity/designs/distance_m10_n020_lambda090_rep16.rds",0.691952227836472,6000,0.100000000000009,15,23.6842105263158,602.673684210526,0.666666666666667,0.919522278364722,0.691952227836472,22,565.789473684211,1024.10526315789
"distance",20,40,0.9,16,1388624216,"outputs/wcrit/01_distance_sensitivity/designs/distance_m20_n040_lambda090_rep16.rds",0.708126699551491,6000,0.400000000000006,65,97.4358974358974,9909.58461538462,0.680851063829787,0.953607421046823,0.708126699551491,95,9500,18328.6666666667
"distance",5,15,0.9,16,1911464442,"outputs/wcrit/01_distance_sensitivity/designs/distance_m05_n015_lambda090_rep16.rds",0.32112958226769,6000,0.0450000000000017,2,5.33333333333333,31.7904761904762,0.25,0.961295822676897,0.32112958226769,5,31.25,45.2142857142857
"distance",10,30,0.9,16,406220522,"outputs/wcrit/01_distance_sensitivity/designs/distance_m10_n030_lambda090_rep16.rds",0.56627570616509,6000,0.156999999999996,12,23.2758620689655,579.165517241379,0.523809523809524,0.948471347365187,0.56627570616509,22,556.034482758621,1004.93103448276
"distance",20,60,0.9,16,1616967385,"outputs/wcrit/01_distance_sensitivity/designs/distance_m20_n060_lambda090_rep16.rds",0.642719418465212,6000,0.700999999999993,58,96.6101694915254,9684.22146892655,0.606382978723404,0.969747376141482,0.642719418465212,95,9419.49152542373,18170.1355932203
"distance",5,20,0.9,16,1644239222,"outputs/wcrit/01_distance_sensitivity/designs/distance_m05_n020_lambda090_rep16.rds",0.320968586387435,6000,0.0460000000000065,2,5.26315789473684,31.2421052631579,0.25,0.959685863874345,0.320968586387435,5,30.7017543859649,44.1052631578947
"distance",10,40,0.9,16,1594133921,"outputs/wcrit/01_distance_sensitivity/designs/distance_m10_n040_lambda090_rep16.rds",0.524707162643451,6000,0.195000000000007,11,23.0769230769231,568.451282051282,0.476190476190476,0.961357340720221,0.524707162643451,22,551.282051282051,995.589743589744
"distance",20,80,0.9,16,1845310554,"outputs/wcrit/01_distance_sensitivity/designs/distance_m20_n080_lambda090_rep16.rds",0.624309668819764,6000,1.02000000000001,56,96.2025316455696,9578.91265822785,0.585106382978723,0.97713924138913,0.624309668819764,95,9379.74683544304,18091.8734177215
"distance",5,25,0.9,16,951894212,"outputs/wcrit/01_distance_sensitivity/designs/distance_m05_n025_lambda090_rep16.rds",0.321650026553372,6000,0.061000000000007,2,5.2,30.82,0.25,0.966500265533723,0.321650026553372,5,30.3819444444444,43.4583333333333
"distance",10,50,0.9,16,634563691,"outputs/wcrit/01_distance_sensitivity/designs/distance_m10_n050_lambda090_rep16.rds",0.482820487766231,6000,0.274000000000001,10,22.9591836734694,561.248163265306,0.428571428571429,0.971062020519456,0.482820487766231,22,548.469387755102,990.061224489796
"distance",20,100,0.9,16,1841622230,"outputs/wcrit/01_distance_sensitivity/designs/distance_m20_n100_lambda090_rep16.rds",0.59609484887678,6000,1.404,53,95.959595959596,9510.5098989899,0.553191489361702,0.982225084512478,0.59609484887678,95,9356.06060606061,18045.2323232323
"distance",5,5,1,16,1763567110,"outputs/wcrit/01_distance_sensitivity/designs/distance_m05_n005_lambda100_rep16.rds",0.75,6000,0.012999999999991,4,6,40.2,0.75,0.806047516198704,0.75,5,36.4583333333333,55.75
"distance",10,10,1,16,1547041097,"outputs/wcrit/01_distance_sensitivity/designs/distance_m10_n010_lambda100_rep16.rds",0.857142857142857,6000,0.0480000000000018,19,25,679.133333333333,0.857142857142857,0.832378353797181,0.857142857142857,22,597.222222222222,1085.88888888889
"distance",20,20,1,16,1281556693,"outputs/wcrit/01_distance_sensitivity/designs/distance_m20_n020_lambda100_rep16.rds",0.776595744680851,6000,0.179000000000002,74,100,10563.4315789474,0.776595744680851,0.91032562025669,0.776595744680851,95,9750,18820.9473684211
"distance",5,10,1,16,1724126802,"outputs/wcrit/01_distance_sensitivity/designs/distance_m05_n010_lambda100_rep16.rds",0.75,6000,0.0309999999999917,4,5.55555555555556,34.2222222222222,0.75,0.880195599022005,0.75,5,32.4074074074074,47.5555555555556
"distance",10,20,1,16,283722712,"outputs/wcrit/01_distance_sensitivity/designs/distance_m10_n020_lambda100_rep16.rds",0.666666666666667,6000,0.0960000000000036,15,23.6842105263158,605.41052631579,0.666666666666667,0.913550757923748,0.666666666666667,22,565.789473684211,1024.10526315789
"distance",20,40,1,16,902403552,"outputs/wcrit/01_distance_sensitivity/designs/distance_m20_n040_lambda100_rep16.rds",0.648936170212766,6000,0.402000000000001,62,97.4358974358974,9901.42051282051,0.648936170212766,0.954532147607735,0.648936170212766,95,9500,18328.6666666667
"distance",5,15,1,16,1348048447,"outputs/wcrit/01_distance_sensitivity/designs/distance_m05_n015_lambda100_rep16.rds",0.5,6000,0.0420000000000016,3,5.33333333333333,32.0190476190476,0.5,0.944927536231884,0.5,5,31.25,45.2142857142857
"distance",10,30,1,16,1167887956,"outputs/wcrit/01_distance_sensitivity/designs/distance_m10_n030_lambda100_rep16.rds",0.571428571428571,6000,0.155000000000001,13,23.2758620689655,579.018390804598,0.571428571428571,0.948799098683874,0.571428571428571,22,556.034482758621,1004.93103448276
"distance",20,60,1,16,523250411,"outputs/wcrit/01_distance_sensitivity/designs/distance_m20_n060_lambda100_rep16.rds",0.606382978723404,6000,0.689000000000007,58,96.6101694915254,9708.7186440678,0.606382978723404,0.966947905045246,0.606382978723404,95,9419.49152542373,18170.1355932203
"distance",5,20,1,16,460808417,"outputs/wcrit/01_distance_sensitivity/designs/distance_m05_n020_lambda100_rep16.rds",0.25,6000,0.046999999999997,2,5.26315789473684,31.5789473684211,0.25,0.93455497382199,0.25,5,30.7017543859649,44.1052631578947
"distance",10,40,1,16,2052053200,"outputs/wcrit/01_distance_sensitivity/designs/distance_m10_n040_lambda100_rep16.rds",0.523809523809524,6000,0.209999999999994,12,23.0769230769231,568.082051282051,0.523809523809524,0.962188365650969,0.523809523809524,22,551.282051282051,995.589743589744
"distance",20,80,1,16,144097270,"outputs/wcrit/01_distance_sensitivity/designs/distance_m20_n080_lambda100_rep16.rds",0.574468085106383,6000,1.012,55,96.2025316455696,9599.84430379747,0.574468085106383,0.974736653987313,0.574468085106383,95,9379.74683544304,18091.8734177215
"distance",5,25,1,16,84730062,"outputs/wcrit/01_distance_sensitivity/designs/distance_m05_n025_lambda100_rep16.rds",0.25,6000,0.0750000000000028,2,5.2,31.1133333333333,0.25,0.944067976633032,0.25,5,30.3819444444444,43.4583333333333
"distance",10,50,1,16,788734815,"outputs/wcrit/01_distance_sensitivity/designs/distance_m10_n050_lambda100_rep16.rds",0.476190476190476,6000,0.287000000000006,11,22.9591836734694,564.611428571429,0.476190476190476,0.963445789814216,0.476190476190476,22,548.469387755102,990.061224489796
"distance",20,100,1,16,237950136,"outputs/wcrit/01_distance_sensitivity/designs/distance_m20_n100_lambda100_rep16.rds",0.563829787234043,6000,1.39099999999999,54,95.959595959596,9507.83353535353,0.563829787234043,0.982533095876907,0.563829787234043,95,9356.06060606061,18045.2323232323
"distance",5,5,0,17,1761319020,"outputs/wcrit/01_distance_sensitivity/designs/distance_m05_n005_lambda000_rep17.rds",0.806047516198704,6000,0.0120000000000005,4,6,40.2,0.75,0.806047516198704,0.806047516198704,5,36.4583333333333,55.75
"distance",10,10,0,17,1544793007,"outputs/wcrit/01_distance_sensitivity/designs/distance_m10_n010_lambda000_rep17.rds",0.835652569349704,6000,0.0449999999999875,20,25,677.533333333333,0.904761904761905,0.835652569349704,0.835652569349704,22,597.222222222222,1085.88888888889
"distance",20,20,0,17,1279308603,"outputs/wcrit/01_distance_sensitivity/designs/distance_m20_n020_lambda000_rep17.rds",0.910174762689442,6000,0.164000000000001,66,100,10564.8,0.691489361702128,0.910174762689442,0.910174762689442,95,9750,18820.9473684211
"distance",5,10,0,17,1721878712,"outputs/wcrit/01_distance_sensitivity/designs/distance_m05_n010_lambda000_rep17.rds",0.903667481662591,6000,0.0319999999999965,4,5.55555555555556,33.8666666666667,0.75,0.903667481662591,0.903667481662591,5,32.4074074074074,47.5555555555556
"distance",10,20,0,17,281474622,"outputs/wcrit/01_distance_sensitivity/designs/distance_m10_n020_lambda000_rep17.rds",0.925310059715204,6000,0.092000000000013,12,23.6842105263158,600.021052631579,0.523809523809524,0.925310059715204,0.925310059715204,22,565.789473684211,1024.10526315789
"distance",20,40,0,17,900155462,"outputs/wcrit/01_distance_sensitivity/designs/distance_m20_n040_lambda000_rep17.rds",0.956126023036844,6000,0.412000000000006,58,97.4358974358974,9887.34871794872,0.606382978723404,0.956126023036844,0.956126023036844,95,9500,18328.6666666667
"distance",5,15,0,17,1345800357,"outputs/wcrit/01_distance_sensitivity/designs/distance_m05_n015_lambda000_rep17.rds",0.955839727195226,6000,0.0290000000000106,2,5.33333333333333,31.8666666666667,0.25,0.955839727195226,0.955839727195226,5,31.25,45.2142857142857
"distance",10,30,0,17,1165639866,"outputs/wcrit/01_distance_sensitivity/designs/distance_m10_n030_lambda000_rep17.rds",0.951339171403697,6000,0.147000000000006,8,23.2758620689655,577.87816091954,0.333333333333333,0.951339171403697,0.951339171403697,22,556.034482758621,1004.93103448276
"distance",20,60,0,17,521002321,"outputs/wcrit/01_distance_sensitivity/designs/distance_m20_n060_lambda000_rep17.rds",0.971241374323375,6000,0.689000000000007,46,96.6101694915254,9671.14802259887,0.478723404255319,0.971241374323375,0.971241374323375,95,9419.49152542373,18170.1355932203
"distance",5,20,0,17,458560327,"outputs/wcrit/01_distance_sensitivity/designs/distance_m05_n020_lambda000_rep17.rds",0.959685863874345,6000,0.0460000000000065,2,5.26315789473684,31.2421052631579,0.25,0.959685863874345,0.959685863874345,5,30.7017543859649,44.1052631578947
"distance",10,40,0,17,2049805110,"outputs/wcrit/01_distance_sensitivity/designs/distance_m10_n040_lambda000_rep17.rds",0.962280701754386,6000,0.195999999999998,9,23.0769230769231,568.041025641026,0.380952380952381,0.962280701754386,0.962280701754386,22,551.282051282051,995.589743589744
"distance",20,80,0,17,141849180,"outputs/wcrit/01_distance_sensitivity/designs/distance_m20_n080_lambda000_rep17.rds",0.97859349255657,6000,1.01299999999999,45,96.2025316455696,9566.24303797468,0.468085106382979,0.97859349255657,0.97859349255657,95,9379.74683544304,18091.8734177215
"distance",5,25,0,17,82481972,"outputs/wcrit/01_distance_sensitivity/designs/distance_m05_n025_lambda000_rep17.rds",0.974147636749867,6000,0.0739999999999981,1,5.2,30.72,0,0.974147636749867,0.974147636749867,5,30.3819444444444,43.4583333333333
"distance",10,50,0,17,786486725,"outputs/wcrit/01_distance_sensitivity/designs/distance_m10_n050_lambda000_rep17.rds",0.972614844255476,6000,0.272000000000006,10,22.9591836734694,560.562448979592,0.428571428571429,0.972614844255476,0.972614844255476,22,548.469387755102,990.061224489796
"distance",20,100,0,17,235702046,"outputs/wcrit/01_distance_sensitivity/designs/distance_m20_n100_lambda000_rep17.rds",0.983072115764658,6000,1.423,50,95.959595959596,9503.1498989899,0.521276595744681,0.983072115764658,0.983072115764658,95,9356.06060606061,18045.2323232323
"distance",5,5,0.1,17,816123549,"outputs/wcrit/01_distance_sensitivity/designs/distance_m05_n005_lambda010_rep17.rds",0.800442764578834,6000,0.0120000000000005,4,6,40.2,0.75,0.806047516198704,0.800442764578834,5,36.4583333333333,55.75
"distance",10,10,0.1,17,159892626,"outputs/wcrit/01_distance_sensitivity/designs/distance_m10_n010_lambda010_rep17.rds",0.83780159812902,6000,0.0439999999999969,19,25,677.533333333333,0.857142857142857,0.835652569349704,0.83780159812902,22,597.222222222222,1085.88888888889
"distance",20,20,0.1,17,1142296320,"outputs/wcrit/01_distance_sensitivity/designs/distance_m20_n020_lambda010_rep17.rds",0.893858684729412,6000,0.177999999999997,70,100,10551.7263157895,0.734042553191489,0.91161603267807,0.893858684729412,95,9750,18820.9473684211
"distance",5,10,0.1,17,438341096,"outputs/wcrit/01_distance_sensitivity/designs/distance_m05_n010_lambda010_rep17.rds",0.888300733496332,6000,0.0319999999999965,4,5.55555555555556,33.8666666666667,0.75,0.903667481662591,0.888300733496332,5,32.4074074074074,47.5555555555556
"distance",10,20,0.1,17,1347806025,"outputs/wcrit/01_distance_sensitivity/designs/distance_m10_n020_lambda010_rep17.rds",0.889640177614454,6000,0.0950000000000131,14,23.6842105263158,602.58947368421,0.619047619047619,0.919706017455214,0.889640177614454,22,565.789473684211,1024.10526315789
"distance",20,40,0.1,17,1370639489,"outputs/wcrit/01_distance_sensitivity/designs/distance_m20_n040_lambda010_rep17.rds",0.924594126434087,6000,0.408000000000001,62,97.4358974358974,9895.32307692308,0.648936170212766,0.955222788236456,0.924594126434087,95,9500,18328.6666666667
"distance",5,15,0.1,17,1893479715,"outputs/wcrit/01_distance_sensitivity/designs/distance_m05_n015_lambda010_rep17.rds",0.890166240409207,6000,0.0450000000000017,2,5.33333333333333,31.7904761904762,0.25,0.961295822676897,0.890166240409207,5,31.25,45.2142857142857
"distance",10,30,0.1,17,388235795,"outputs/wcrit/01_distance_sensitivity/designs/distance_m10_n030_lambda010_rep17.rds",0.901549063933455,6000,0.15100000000001,13,23.2758620689655,583.763218390805,0.571428571428571,0.93822911865622,0.901549063933455,22,556.034482758621,1004.93103448276
"distance",20,60,0.1,17,1598982658,"outputs/wcrit/01_distance_sensitivity/designs/distance_m20_n060_lambda010_rep17.rds",0.933014873440257,6000,0.703999999999994,57,96.6101694915254,9677.72881355932,0.595744680851064,0.970489339283501,0.933014873440257,95,9419.49152542373,18170.1355932203
"distance",5,20,0.1,17,1626254495,"outputs/wcrit/01_distance_sensitivity/designs/distance_m05_n020_lambda010_rep17.rds",0.884476439790576,6000,0.0489999999999924,2,5.26315789473684,31.3052631578947,0.25,0.954973821989529,0.884476439790576,5,30.7017543859649,44.1052631578947
"distance",10,40,0.1,17,1576149194,"outputs/wcrit/01_distance_sensitivity/designs/distance_m10_n040_lambda010_rep17.rds",0.915416831552566,6000,0.210999999999999,11,23.0769230769231,567.179487179487,0.476190476190476,0.964219759926131,0.915416831552566,22,551.282051282051,995.589743589744
"distance",20,80,0.1,17,1827325827,"outputs/wcrit/01_distance_sensitivity/designs/distance_m20_n080_lambda010_rep17.rds",0.936444467293097,6000,1.01300000000001,54,96.2025316455696,9572.75443037975,0.563829787234043,0.97784609841077,0.936444467293097,95,9379.74683544304,18091.8734177215
"distance",5,25,0.1,17,933909485,"outputs/wcrit/01_distance_sensitivity/designs/distance_m05_n025_lambda010_rep17.rds",0.887508762612852,6000,0.0760000000000076,2,5.2,30.9266666666667,0.25,0.958343069569835,0.887508762612852,5,30.3819444444444,43.4583333333333
"distance",10,50,0.1,17,616578964,"outputs/wcrit/01_distance_sensitivity/designs/distance_m10_n050_lambda010_rep17.rds",0.915056052183328,6000,0.272999999999996,10,22.9591836734694,562.110204081633,0.428571428571429,0.969109899251317,0.915056052183328,22,548.469387755102,990.061224489796
"distance",20,100,0.1,17,1823637503,"outputs/wcrit/01_distance_sensitivity/designs/distance_m20_n100_lambda010_rep17.rds",0.937109697092676,6000,1.494,51,95.959595959596,9511.32444444444,0.531914893617021,0.982131341923304,0.937109697092676,95,9356.06060606061,18045.2323232323
"distance",5,5,0.2,17,818371640,"outputs/wcrit/01_distance_sensitivity/designs/distance_m05_n005_lambda020_rep17.rds",0.794838012958963,6000,0.0130000000000052,4,6,40.2,0.75,0.806047516198704,0.794838012958963,5,36.4583333333333,55.75
"distance",10,10,0.2,17,162140717,"outputs/wcrit/01_distance_sensitivity/designs/distance_m10_n010_lambda020_rep17.rds",0.849765477814591,6000,0.0470000000000113,20,25,677.355555555556,0.904761904761905,0.836016371077762,0.849765477814591,22,597.222222222222,1085.88888888889
"distance",20,20,0.2,17,1144544411,"outputs/wcrit/01_distance_sensitivity/designs/distance_m20_n020_lambda020_rep17.rds",0.887183387989367,6000,0.177999999999997,75,100,10546.6947368421,0.787234042553192,0.912170724348411,0.887183387989367,95,9750,18820.9473684211
"distance",5,10,0.2,17,440589187,"outputs/wcrit/01_distance_sensitivity/designs/distance_m05_n010_lambda020_rep17.rds",0.854156479217604,6000,0.0190000000000055,4,5.55555555555556,34.2222222222222,0.75,0.880195599022005,0.854156479217604,5,32.4074074074074,47.5555555555556
"distance",10,20,0.2,17,1350054116,"outputs/wcrit/01_distance_sensitivity/designs/distance_m10_n020_lambda020_rep17.rds",0.861926198131986,6000,0.0949999999999989,14,23.6842105263158,601.242105263158,0.619047619047619,0.922645842903078,0.861926198131986,22,565.789473684211,1024.10526315789
"distance",20,40,0.2,17,1372887580,"outputs/wcrit/01_distance_sensitivity/designs/distance_m20_n040_lambda020_rep17.rds",0.900293934120524,6000,0.408000000000001,66,97.4358974358974,9919.40512820513,0.691489361702128,0.952495077225123,0.900293934120524,95,9500,18328.6666666667
"distance",5,15,0.2,17,1895727806,"outputs/wcrit/01_distance_sensitivity/designs/distance_m05_n015_lambda020_rep17.rds",0.858124467178176,6000,0.0450000000000017,3,5.33333333333333,31.9809523809524,0.5,0.94765558397272,0.858124467178176,5,31.25,45.2142857142857
"distance",10,30,0.2,17,390483886,"outputs/wcrit/01_distance_sensitivity/designs/distance_m10_n030_lambda020_rep17.rds",0.862949030280418,6000,0.144000000000005,12,23.2758620689655,579.496551724138,0.523809523809524,0.947733906898141,0.862949030280418,22,556.034482758621,1004.93103448276
"distance",20,60,0.2,17,1601230749,"outputs/wcrit/01_distance_sensitivity/designs/distance_m20_n060_lambda020_rep17.rds",0.901235811426818,6000,-0.198000000000008,60,96.6101694915254,9685.24971751412,0.627659574468085,0.969629870666502,0.901235811426818,95,9419.49152542373,18170.1355932203
"distance",5,20,0.2,17,1628502586,"outputs/wcrit/01_distance_sensitivity/designs/distance_m05_n020_lambda020_rep17.rds",0.819005235602094,6000,0.0460000000000065,2,5.26315789473684,31.2210526315789,0.25,0.961256544502618,0.819005235602094,5,30.7017543859649,44.1052631578947
"distance",10,40,0.2,17,1578397285,"outputs/wcrit/01_distance_sensitivity/designs/distance_m10_n040_lambda020_rep17.rds",0.866263025986018,6000,0.217999999999989,11,23.0769230769231,567.374358974359,0.476190476190476,0.963781163434903,0.866263025986018,22,551.282051282051,995.589743589744
"distance",20,80,0.2,17,1829573918,"outputs/wcrit/01_distance_sensitivity/designs/distance_m20_n080_lambda020_rep17.rds",0.895294455079098,6000,1.029,55,96.2025316455696,9593.18481012658,0.574468085106383,0.975501047572277,0.895294455079098,95,9379.74683544304,18091.8734177215
"distance",5,25,0.2,17,936157576,"outputs/wcrit/01_distance_sensitivity/designs/distance_m05_n025_lambda020_rep17.rds",0.820345193839618,6000,0.0760000000000076,2,5.2,30.8666666666667,0.25,0.962931492299522,0.820345193839618,5,30.3819444444444,43.4583333333333
"distance",10,50,0.2,17,618827055,"outputs/wcrit/01_distance_sensitivity/designs/distance_m10_n050_lambda020_rep17.rds",0.861747560508629,6000,0.283999999999992,10,22.9591836734694,561.698775510204,0.428571428571429,0.970041593492929,0.861747560508629,22,548.469387755102,990.061224489796
"distance",20,100,0.2,17,1825885594,"outputs/wcrit/01_distance_sensitivity/designs/distance_m20_n100_lambda020_rep17.rds",0.895771690414783,6000,0.497,53,95.959595959596,9517.53373737374,0.553191489361702,0.981416740678053,0.895771690414783,95,9356.06060606061,18045.2323232323
"distance",5,5,0.3,17,820619731,"outputs/wcrit/01_distance_sensitivity/designs/distance_m05_n005_lambda030_rep17.rds",0.789233261339093,6000,0.0279999999999916,4,6,40.2,0.75,0.806047516198704,0.789233261339093,5,36.4583333333333,55.75
"distance",10,10,0.3,17,164388808,"outputs/wcrit/01_distance_sensitivity/designs/distance_m10_n010_lambda030_rep17.rds",0.853584096667316,6000,0.0439999999999969,20,25,679.488888888889,0.904761904761905,0.831650750341064,0.853584096667316,22,597.222222222222,1085.88888888889
"distance",20,20,0.3,17,1146792502,"outputs/wcrit/01_distance_sensitivity/designs/distance_m20_n020_lambda030_rep17.rds",0.864382548125045,6000,0.183999999999997,72,100,10556.1894736842,0.75531914893617,0.911124004920277,0.864382548125045,95,9750,18820.9473684211
"distance",5,10,0.3,17,442837278,"outputs/wcrit/01_distance_sensitivity/designs/distance_m05_n010_lambda030_rep17.rds",0.841136919315403,6000,0.0180000000000007,4,5.55555555555556,34.2222222222222,0.75,0.880195599022005,0.841136919315403,5,32.4074074074074,47.5555555555556
"distance",10,20,0.3,17,1352302207,"outputs/wcrit/01_distance_sensitivity/designs/distance_m10_n020_lambda030_rep17.rds",0.832852549379881,6000,0.0940000000000083,14,23.6842105263158,600.4,0.619047619047619,0.924483233807993,0.832852549379881,22,565.789473684211,1024.10526315789
"distance",20,40,0.3,17,1375135671,"outputs/wcrit/01_distance_sensitivity/designs/distance_m20_n040_lambda030_rep17.rds",0.867337100426585,6000,0.510000000000005,64,97.4358974358974,9925.37435897436,0.670212765957447,0.951818958056216,0.867337100426585,95,9500,18328.6666666667
"distance",5,15,0.3,17,1897975897,"outputs/wcrit/01_distance_sensitivity/designs/distance_m05_n015_lambda030_rep17.rds",0.74886189258312,6000,0.0470000000000113,2,5.33333333333333,31.7714285714286,0.25,0.962659846547315,0.74886189258312,5,31.25,45.2142857142857
"distance",10,30,0.3,17,392731977,"outputs/wcrit/01_distance_sensitivity/designs/distance_m10_n030_lambda030_rep17.rds",0.835358514584202,6000,0.155000000000001,13,23.2758620689655,579.165517241379,0.571428571428571,0.948471347365187,0.835358514584202,22,556.034482758621,1004.93103448276
"distance",20,60,0.3,17,1603478840,"outputs/wcrit/01_distance_sensitivity/designs/distance_m20_n060_lambda030_rep17.rds",0.863157987251274,6000,-0.326000000000008,59,96.6101694915254,9693.86666666667,0.617021276595745,0.968645148960787,0.863157987251274,95,9419.49152542373,18170.1355932203
"distance",5,20,0.3,17,1630750677,"outputs/wcrit/01_distance_sensitivity/designs/distance_m05_n020_lambda030_rep17.rds",0.74348167539267,6000,0.0459999999999923,2,5.26315789473684,31.3052631578947,0.25,0.954973821989529,0.74348167539267,5,30.7017543859649,44.1052631578947
"distance",10,40,0.3,17,1580645376,"outputs/wcrit/01_distance_sensitivity/designs/distance_m10_n040_lambda030_rep17.rds",0.814902387547817,6000,0.198000000000008,11,23.0769230769231,569.025641025641,0.476190476190476,0.960064635272391,0.814902387547817,22,551.282051282051,995.589743589744
"distance",20,80,0.3,17,1831822009,"outputs/wcrit/01_distance_sensitivity/designs/distance_m20_n080_lambda030_rep17.rds",0.852607057979186,6000,0.111999999999995,54,96.2025316455696,9585.6253164557,0.563829787234043,0.97636874544139,0.852607057979186,95,9379.74683544304,18091.8734177215
"distance",5,25,0.3,17,938405667,"outputs/wcrit/01_distance_sensitivity/designs/distance_m05_n025_lambda030_rep17.rds",0.679762081784386,6000,0.0769999999999982,1,5.2,30.76,0,0.971088688263409,0.679762081784386,5,30.3819444444444,43.4583333333333
"distance",10,50,0.3,17,621075146,"outputs/wcrit/01_distance_sensitivity/designs/distance_m10_n050_lambda030_rep17.rds",0.817082856878772,6000,0.271000000000001,11,22.9591836734694,564.728979591837,0.476190476190476,0.96317959145947,0.817082856878772,22,548.469387755102,990.061224489796
"distance",20,100,0.3,17,1828133685,"outputs/wcrit/01_distance_sensitivity/designs/distance_m20_n100_lambda030_rep17.rds",0.852263542401772,6000,0.50200000000001,53,95.959595959596,9526.04444444444,0.553191489361702,0.980437279418945,0.852263542401772,95,9356.06060606061,18045.2323232323
"distance",5,5,0.4,17,822867822,"outputs/wcrit/01_distance_sensitivity/designs/distance_m05_n005_lambda040_rep17.rds",0.783628509719222,6000,0.012999999999991,4,6,40.2,0.75,0.806047516198704,0.783628509719222,5,36.4583333333333,55.75
"distance",10,10,0.4,17,166636899,"outputs/wcrit/01_distance_sensitivity/designs/distance_m10_n010_lambda040_rep17.rds",0.86176833625674,6000,0.0480000000000018,20,25,678.777777777778,0.904761904761905,0.833105957253297,0.86176833625674,22,597.222222222222,1085.88888888889
"distance",20,20,0.4,17,1149040593,"outputs/wcrit/01_distance_sensitivity/designs/distance_m20_n020_lambda040_rep17.rds",0.860186628834585,6000,0.186000000000007,75,100,10577.0736842105,0.787234042553192,0.908821686355513,0.860186628834585,95,9750,18820.9473684211
"distance",5,10,0.4,17,445085369,"outputs/wcrit/01_distance_sensitivity/designs/distance_m05_n010_lambda040_rep17.rds",0.828117359413203,6000,0.0339999999999918,4,5.55555555555556,34.2222222222222,0.75,0.880195599022005,0.828117359413203,5,32.4074074074074,47.5555555555556
"distance",10,20,0.4,17,1354550298,"outputs/wcrit/01_distance_sensitivity/designs/distance_m10_n020_lambda040_rep17.rds",0.797899249732047,6000,0.090999999999994,14,23.6842105263158,603.768421052632,0.619047619047619,0.917133670188333,0.797899249732047,22,565.789473684211,1024.10526315789
"distance",20,40,0.4,17,1377383762,"outputs/wcrit/01_distance_sensitivity/designs/distance_m20_n040_lambda040_rep17.rds",0.831442334417973,6000,-0.48299999999999,62,97.4358974358974,9913.94871794872,0.648936170212766,0.953113110554778,0.831442334417973,95,9500,18328.6666666667
"distance",5,15,0.4,17,1900223988,"outputs/wcrit/01_distance_sensitivity/designs/distance_m05_n015_lambda040_rep17.rds",0.676777493606138,6000,-0.962999999999994,2,5.33333333333333,31.7904761904762,0.25,0.961295822676897,0.676777493606138,5,31.25,45.2142857142857
"distance",10,30,0.4,17,394980068,"outputs/wcrit/01_distance_sensitivity/designs/distance_m10_n030_lambda040_rep17.rds",0.777475875893452,6000,0.147000000000006,12,23.2758620689655,580.011494252874,0.523809523809524,0.946586777282737,0.777475875893452,22,556.034482758621,1004.93103448276
"distance",20,60,0.4,17,1605726931,"outputs/wcrit/01_distance_sensitivity/designs/distance_m20_n060_lambda040_rep17.rds",0.824148890014216,6000,0.715999999999994,58,96.6101694915254,9687.90734463277,0.606382978723404,0.969326164208091,0.824148890014216,95,9419.49152542373,18170.1355932203
"distance",5,20,0.4,17,1632998768,"outputs/wcrit/01_distance_sensitivity/designs/distance_m05_n020_lambda040_rep17.rds",0.672041884816754,6000,0.0449999999999875,2,5.26315789473684,31.3263157894737,0.25,0.953403141361256,0.672041884816754,5,30.7017543859649,44.1052631578947
"distance",10,40,0.4,17,1582893467,"outputs/wcrit/01_distance_sensitivity/designs/distance_m10_n040_lambda040_rep17.rds",0.765670096293365,6000,0.203000000000003,11,23.0769230769231,569.651282051282,0.476190476190476,0.958656509695291,0.765670096293365,22,551.282051282051,995.589743589744
"distance",20,80,0.4,17,1834070100,"outputs/wcrit/01_distance_sensitivity/designs/distance_m20_n080_lambda040_rep17.rds",0.815014634232598,6000,0.134,55,96.2025316455696,9594.24810126582,0.574468085106383,0.975379000316742,0.815014634232598,95,9379.74683544304,18091.8734177215
"distance",5,25,0.4,17,940653758,"outputs/wcrit/01_distance_sensitivity/designs/distance_m05_n025_lambda040_rep17.rds",0.683876792352629,6000,0.0720000000000027,2,5.2,30.7333333333333,0.25,0.973127987254381,0.683876792352629,5,30.3819444444444,43.4583333333333
"distance",10,50,0.4,17,623323237,"outputs/wcrit/01_distance_sensitivity/designs/distance_m10_n050_lambda040_rep17.rds",0.768934088618348,6000,0.272999999999996,11,22.9591836734694,564.324081632653,0.476190476190476,0.964096496903596,0.768934088618348,22,548.469387755102,990.061224489796
"distance",20,100,0.4,17,1830381776,"outputs/wcrit/01_distance_sensitivity/designs/distance_m20_n100_lambda040_rep17.rds",0.814079751048683,6000,1.42,54,95.959595959596,9521.9103030303,0.563829787234043,0.980913060258443,0.814079751048683,95,9356.06060606061,18045.2323232323
"distance",5,5,0.5,17,825115913,"outputs/wcrit/01_distance_sensitivity/designs/distance_m05_n005_lambda050_rep17.rds",0.778023758099352,6000,0.0120000000000005,4,6,40.2,0.75,0.806047516198704,0.778023758099352,5,36.4583333333333,55.75
"distance",10,10,0.5,17,168884990,"outputs/wcrit/01_distance_sensitivity/designs/distance_m10_n010_lambda050_rep17.rds",0.846761514974339,6000,0.0310000000000059,19,25,677.177777777778,0.857142857142857,0.836380172805821,0.846761514974339,22,597.222222222222,1085.88888888889
"distance",20,20,0.5,17,1151288684,"outputs/wcrit/01_distance_sensitivity/designs/distance_m20_n020_lambda050_rep17.rds",0.827088957571741,6000,0.180999999999997,71,100,10570.9473684211,0.74468085106383,0.909497064079653,0.827088957571741,95,9750,18820.9473684211
"distance",5,10,0.5,17,447333460,"outputs/wcrit/01_distance_sensitivity/designs/distance_m05_n010_lambda050_rep17.rds",0.815097799511002,6000,0.0319999999999965,4,5.55555555555556,34.2222222222222,0.75,0.880195599022005,0.815097799511002,5,32.4074074074074,47.5555555555556
"distance",10,20,0.5,17,1356798389,"outputs/wcrit/01_distance_sensitivity/designs/distance_m10_n020_lambda050_rep17.rds",0.786112387077017,6000,0.0919999999999987,15,23.6842105263158,609.073684210526,0.666666666666667,0.905558107487368,0.786112387077017,22,565.789473684211,1024.10526315789
"distance",20,40,0.5,17,1379631853,"outputs/wcrit/01_distance_sensitivity/designs/distance_m20_n040_lambda050_rep17.rds",0.80631358468353,6000,0.408000000000001,63,97.4358974358974,9914.48205128205,0.659574468085106,0.953052701281954,0.80631358468353,95,9500,18328.6666666667
"distance",5,15,0.5,17,1902472079,"outputs/wcrit/01_distance_sensitivity/designs/distance_m05_n015_lambda050_rep17.rds",0.602919863597613,6000,0.0419999999999874,2,5.33333333333333,31.8666666666667,0.25,0.955839727195226,0.602919863597613,5,31.25,45.2142857142857
"distance",10,30,0.5,17,397228159,"outputs/wcrit/01_distance_sensitivity/designs/distance_m10_n030_lambda050_rep17.rds",0.758516047377624,6000,0.146999999999991,13,23.2758620689655,580.452873563218,0.571428571428571,0.945603523326676,0.758516047377624,22,556.034482758621,1004.93103448276
"distance",20,60,0.5,17,1607975022,"outputs/wcrit/01_distance_sensitivity/designs/distance_m20_n060_lambda050_rep17.rds",0.798438506915047,6000,0.698999999999998,60,96.6101694915254,9688.85875706215,0.627659574468085,0.96921743936201,0.798438506915047,95,9419.49152542373,18170.1355932203
"distance",5,20,0.5,17,1635246859,"outputs/wcrit/01_distance_sensitivity/designs/distance_m05_n020_lambda050_rep17.rds",0.602486910994764,6000,0.0649999999999977,2,5.26315789473684,31.3052631578947,0.25,0.954973821989529,0.602486910994764,5,30.7017543859649,44.1052631578947
"distance",10,40,0.5,17,1585141558,"outputs/wcrit/01_distance_sensitivity/designs/distance_m10_n040_lambda050_rep17.rds",0.740448159873368,6000,0.218999999999994,12,23.0769230769231,570.348717948718,0.523809523809524,0.957086795937211,0.740448159873368,22,551.282051282051,995.589743589744
"distance",20,80,0.5,17,1836318191,"outputs/wcrit/01_distance_sensitivity/designs/distance_m20_n080_lambda050_rep17.rds",0.776214047144493,6000,1.05,55,96.2025316455696,9571.76202531646,0.574468085106383,0.977960009182603,0.776214047144493,95,9379.74683544304,18091.8734177215
"distance",5,25,0.5,17,942901849,"outputs/wcrit/01_distance_sensitivity/designs/distance_m05_n025_lambda050_rep17.rds",0.60289697291556,6000,0.0619999999999976,2,5.2,30.96,0.25,0.95579394583112,0.60289697291556,5,30.3819444444444,43.4583333333333
"distance",10,50,0.5,17,625571328,"outputs/wcrit/01_distance_sensitivity/designs/distance_m10_n050_lambda050_rep17.rds",0.720661094459042,6000,0.279999999999987,11,22.9591836734694,563.86693877551,0.476190476190476,0.965131712727609,0.720661094459042,22,548.469387755102,990.061224489796
"distance",20,100,0.5,17,1832629867,"outputs/wcrit/01_distance_sensitivity/designs/distance_m20_n100_lambda050_rep17.rds",0.773018136013223,6000,1.39100000000001,54,95.959595959596,9510.67151515151,0.563829787234043,0.982206484792404,0.773018136013223,95,9356.06060606061,18045.2323232323
"distance",5,5,0.6,17,827364004,"outputs/wcrit/01_distance_sensitivity/designs/distance_m05_n005_lambda060_rep17.rds",0.772419006479482,6000,0.0300000000000011,4,6,40.2,0.75,0.806047516198704,0.772419006479482,5,36.4583333333333,55.75
"distance",10,10,0.6,17,171133081,"outputs/wcrit/01_distance_sensitivity/designs/distance_m10_n010_lambda060_rep17.rds",0.876827129214578,6000,0.0450000000000017,20,25,677.888888888889,0.904761904761905,0.834924965893588,0.876827129214578,22,597.222222222222,1085.88888888889
"distance",20,20,0.6,17,1153536775,"outputs/wcrit/01_distance_sensitivity/designs/distance_m20_n020_lambda060_rep17.rds",0.82918811963326,6000,0.183999999999997,74,100,10583.8315789474,0.776595744680851,0.908076682061875,0.82918811963326,95,9750,18820.9473684211
"distance",5,10,0.6,17,449581551,"outputs/wcrit/01_distance_sensitivity/designs/distance_m05_n010_lambda060_rep17.rds",0.802078239608802,6000,0.0169999999999959,4,5.55555555555556,34.2222222222222,0.75,0.880195599022005,0.802078239608802,5,32.4074074074074,47.5555555555556
"distance",10,20,0.6,17,1359046480,"outputs/wcrit/01_distance_sensitivity/designs/distance_m10_n020_lambda060_rep17.rds",0.73923748277446,6000,0.0940000000000083,14,23.6842105263158,602.673684210526,0.619047619047619,0.919522278364722,0.73923748277446,22,565.789473684211,1024.10526315789
"distance",20,40,0.6,17,1381879944,"outputs/wcrit/01_distance_sensitivity/designs/distance_m20_n040_lambda060_rep17.rds",0.777925804115023,6000,0.40100000000001,63,97.4358974358974,9893.29230769231,0.659574468085106,0.955452808159899,0.777925804115023,95,9500,18328.6666666667
"distance",5,15,0.6,17,1904720170,"outputs/wcrit/01_distance_sensitivity/designs/distance_m05_n015_lambda060_rep17.rds",0.671969309462916,6000,0.0280000000000058,3,5.33333333333333,32.2285714285714,0.5,0.929923273657289,0.671969309462916,5,31.25,45.2142857142857
"distance",10,30,0.6,17,399476250,"outputs/wcrit/01_distance_sensitivity/designs/distance_m10_n030_lambda060_rep17.rds",0.692527123616385,6000,0.158000000000001,12,23.2758620689655,580.452873563218,0.523809523809524,0.945603523326676,0.692527123616385,22,556.034482758621,1004.93103448276
"distance",20,60,0.6,17,1610223113,"outputs/wcrit/01_distance_sensitivity/designs/distance_m20_n060_lambda060_rep17.rds",0.7577457191412,6000,0.688000000000002,59,96.6101694915254,9692.22824858757,0.617021276595745,0.968832382959382,0.7577457191412,95,9419.49152542373,18170.1355932203
"distance",5,20,0.6,17,1637494950,"outputs/wcrit/01_distance_sensitivity/designs/distance_m05_n020_lambda060_rep17.rds",0.534502617801047,6000,0.0499999999999972,2,5.26315789473684,31.2210526315789,0.25,0.961256544502618,0.534502617801047,5,30.7017543859649,44.1052631578947
"distance",10,40,0.6,17,1587389649,"outputs/wcrit/01_distance_sensitivity/designs/distance_m10_n040_lambda060_rep17.rds",0.66938926263026,6000,0.197999999999993,11,23.0769230769231,569.415384615385,0.476190476190476,0.959187442289935,0.66938926263026,22,551.282051282051,995.589743589744
"distance",20,80,0.6,17,1838566282,"outputs/wcrit/01_distance_sensitivity/designs/distance_m20_n080_lambda060_rep17.rds",0.741568495188871,6000,1.02200000000001,56,96.2025316455696,9586.5582278481,0.585106382978723,0.976261663504093,0.741568495188871,95,9379.74683544304,18091.8734177215
"distance",5,25,0.6,17,945149940,"outputs/wcrit/01_distance_sensitivity/designs/distance_m05_n025_lambda060_rep17.rds",0.531705788635157,6000,0.0749999999999886,2,5.2,30.98,0.25,0.954264471587892,0.531705788635157,5,30.3819444444444,43.4583333333333
"distance",10,50,0.6,17,627819419,"outputs/wcrit/01_distance_sensitivity/designs/distance_m10_n050_lambda060_rep17.rds",0.643674699272444,6000,0.289000000000001,10,22.9591836734694,563.337959183673,0.428571428571429,0.966329605323967,0.643674699272444,22,548.469387755102,990.061224489796
"distance",20,100,0.6,17,1834877958,"outputs/wcrit/01_distance_sensitivity/designs/distance_m20_n100_lambda060_rep17.rds",0.724894354876129,6000,1.444,53,95.959595959596,9508.56727272727,0.553191489361702,0.98244865314777,0.724894354876129,95,9356.06060606061,18045.2323232323
"distance",5,5,0.7,17,829612095,"outputs/wcrit/01_distance_sensitivity/designs/distance_m05_n005_lambda070_rep17.rds",0.766814254859611,6000,0.0120000000000005,4,6,40.2,0.75,0.806047516198704,0.766814254859611,5,36.4583333333333,55.75
"distance",10,10,0.7,17,173381172,"outputs/wcrit/01_distance_sensitivity/designs/distance_m10_n010_lambda070_rep17.rds",0.850586630286494,6000,0.0439999999999969,19,25,677.711111111111,0.857142857142857,0.835288767621646,0.850586630286494,22,597.222222222222,1085.88888888889
"distance",20,20,0.7,17,1155784866,"outputs/wcrit/01_distance_sensitivity/designs/distance_m20_n020_lambda070_rep17.rds",0.809228907964045,6000,0.186999999999998,73,100,10564.6105263158,0.765957446808511,0.910195650660292,0.809228907964045,95,9750,18820.9473684211
"distance",5,10,0.7,17,451829642,"outputs/wcrit/01_distance_sensitivity/designs/distance_m05_n010_lambda070_rep17.rds",0.789058679706601,6000,0.0330000000000013,4,5.55555555555556,34.2222222222222,0.75,0.880195599022005,0.789058679706601,5,32.4074074074074,47.5555555555556
"distance",10,20,0.7,17,1361294571,"outputs/wcrit/01_distance_sensitivity/designs/distance_m10_n020_lambda070_rep17.rds",0.742220180676772,6000,0.0949999999999989,15,23.6842105263158,603.136842105263,0.666666666666667,0.918511713367019,0.742220180676772,22,565.789473684211,1024.10526315789
"distance",20,40,0.7,17,1384128035,"outputs/wcrit/01_distance_sensitivity/designs/distance_m20_n040_lambda070_rep17.rds",0.749128402208102,6000,0.407000000000011,63,97.4358974358974,9870.03076923077,0.659574468085106,0.958087581828426,0.749128402208102,95,9500,18328.6666666667
"distance",5,15,0.7,17,1906968261,"outputs/wcrit/01_distance_sensitivity/designs/distance_m05_n015_lambda070_rep17.rds",0.460524296675192,6000,0.046999999999997,2,5.33333333333333,31.9238095238095,0.25,0.951747655583973,0.460524296675192,5,31.25,45.2142857142857
"distance",10,30,0.7,17,401724341,"outputs/wcrit/01_distance_sensitivity/designs/distance_m10_n030_lambda070_rep17.rds",0.651761151226507,6000,0.167000000000002,12,23.2758620689655,578.337931034483,0.523809523809524,0.950314948532801,0.651761151226507,22,556.034482758621,1004.93103448276
"distance",20,60,0.7,17,1612471204,"outputs/wcrit/01_distance_sensitivity/designs/distance_m20_n060_lambda070_rep17.rds",0.715144141880897,6000,0.716999999999999,58,96.6101694915254,9691.45988700565,0.606382978723404,0.968920189248378,0.715144141880897,95,9419.49152542373,18170.1355932203
"distance",5,20,0.7,17,1639743041,"outputs/wcrit/01_distance_sensitivity/designs/distance_m05_n020_lambda070_rep17.rds",0.461492146596859,6000,0.0459999999999923,2,5.26315789473684,31.3052631578947,0.25,0.954973821989529,0.461492146596859,5,30.7017543859649,44.1052631578947
"distance",10,40,0.7,17,1589637740,"outputs/wcrit/01_distance_sensitivity/designs/distance_m10_n040_lambda070_rep17.rds",0.621671283471837,6000,0.213999999999999,11,23.0769230769231,568.553846153846,0.476190476190476,0.96112650046168,0.621671283471837,22,551.282051282051,995.589743589744
"distance",20,80,0.7,17,1840814373,"outputs/wcrit/01_distance_sensitivity/designs/distance_m20_n080_lambda070_rep17.rds",0.702503180864326,6000,1.059,56,96.2025316455696,9585.1,0.585106382978723,0.976429042597398,0.702503180864326,95,9379.74683544304,18091.8734177215
"distance",5,25,0.7,17,947398031,"outputs/wcrit/01_distance_sensitivity/designs/distance_m05_n025_lambda070_rep17.rds",0.467550185873606,6000,0.0799999999999983,2,5.2,30.7066666666667,0.25,0.975167286245353,0.467550185873606,5,30.3819444444444,43.4583333333333
"distance",10,50,0.7,17,630067510,"outputs/wcrit/01_distance_sensitivity/designs/distance_m10_n050_lambda070_rep17.rds",0.622517916011954,6000,0.281000000000006,11,22.9591836734694,564.389387755102,0.476190476190476,0.963948608928737,0.622517916011954,22,548.469387755102,990.061224489796
"distance",20,100,0.7,17,1837126049,"outputs/wcrit/01_distance_sensitivity/designs/distance_m20_n100_lambda070_rep17.rds",0.673977676576393,6000,1.386,52,95.959595959596,9524.32808080808,0.542553191489362,0.980634808446133,0.673977676576393,95,9356.06060606061,18045.2323232323
"distance",5,5,0.8,17,831860186,"outputs/wcrit/01_distance_sensitivity/designs/distance_m05_n005_lambda080_rep17.rds",0.761209503239741,6000,0.0130000000000052,4,6,40.2,0.75,0.806047516198704,0.761209503239741,5,36.4583333333333,55.75
"distance",10,10,0.8,17,175629263,"outputs/wcrit/01_distance_sensitivity/designs/distance_m10_n010_lambda080_rep17.rds",0.890940037679465,6000,0.0460000000000065,20,25,677.533333333333,0.904761904761905,0.835652569349704,0.890940037679465,22,597.222222222222,1085.88888888889
"distance",20,20,0.8,17,1158032957,"outputs/wcrit/01_distance_sensitivity/designs/distance_m20_n020_lambda080_rep17.rds",0.803713061500013,6000,0.185999999999993,74,100,10546.5894736842,0.776595744680851,0.912182328776661,0.803713061500013,95,9750,18820.9473684211
"distance",5,10,0.8,17,454077733,"outputs/wcrit/01_distance_sensitivity/designs/distance_m05_n010_lambda080_rep17.rds",0.776039119804401,6000,0.0189999999999912,4,5.55555555555556,34.2222222222222,0.75,0.880195599022005,0.776039119804401,5,32.4074074074074,47.5555555555556
"distance",10,20,0.8,17,1363542662,"outputs/wcrit/01_distance_sensitivity/designs/distance_m10_n020_lambda080_rep17.rds",0.717201041188179,6000,0.100000000000009,15,23.6842105263158,602.757894736842,0.666666666666667,0.919338539274231,0.717201041188179,22,565.789473684211,1024.10526315789
"distance",20,40,0.8,17,1386376126,"outputs/wcrit/01_distance_sensitivity/designs/distance_m20_n040_lambda080_rep17.rds",0.726843021042028,6000,0.415000000000006,64,97.4358974358974,9911.73333333333,0.670212765957447,0.953364041380352,0.726843021042028,95,9500,18328.6666666667
"distance",5,15,0.8,17,1909216352,"outputs/wcrit/01_distance_sensitivity/designs/distance_m05_n015_lambda080_rep17.rds",0.392804774083546,6000,0.0429999999999922,2,5.33333333333333,31.752380952381,0.25,0.964023870417732,0.392804774083546,5,31.25,45.2142857142857
"distance",10,30,0.8,17,403972432,"outputs/wcrit/01_distance_sensitivity/designs/distance_m10_n030_lambda080_rep17.rds",0.609184352800884,6000,0.141999999999996,12,23.2758620689655,578.172413793103,0.523809523809524,0.950683668766323,0.609184352800884,22,556.034482758621,1004.93103448276
"distance",20,60,0.8,17,1614719295,"outputs/wcrit/01_distance_sensitivity/designs/distance_m20_n060_lambda080_rep17.rds",0.678710211332924,6000,0.714999999999989,58,96.6101694915254,9699.34463276836,0.606382978723404,0.968019141771001,0.678710211332924,95,9419.49152542373,18170.1355932203
"distance",5,20,0.8,17,1641991132,"outputs/wcrit/01_distance_sensitivity/designs/distance_m05_n020_lambda080_rep17.rds",0.392251308900524,6000,0.0480000000000018,2,5.26315789473684,31.2210526315789,0.25,0.961256544502618,0.392251308900524,5,30.7017543859649,44.1052631578947
"distance",10,40,0.8,17,1591885831,"outputs/wcrit/01_distance_sensitivity/designs/distance_m10_n040_lambda080_rep17.rds",0.572720617332806,6000,0.216000000000008,11,23.0769230769231,569.569230769231,0.476190476190476,0.958841181902124,0.572720617332806,22,551.282051282051,995.589743589744
"distance",20,80,0.8,17,1843062464,"outputs/wcrit/01_distance_sensitivity/designs/distance_m20_n080_lambda080_rep17.rds",0.663195631796414,6000,1.041,56,96.2025316455696,9592.73544303797,0.585106382978723,0.975552627067175,0.663195631796414,95,9379.74683544304,18091.8734177215
"distance",5,25,0.8,17,949646122,"outputs/wcrit/01_distance_sensitivity/designs/distance_m05_n025_lambda080_rep17.rds",0.390546999468933,6000,0.0759999999999934,2,5.2,31,0.25,0.952734997344663,0.390546999468933,5,30.3819444444444,43.4583333333333
"distance",10,50,0.8,17,632315601,"outputs/wcrit/01_distance_sensitivity/designs/distance_m10_n050_lambda080_rep17.rds",0.53627686741579,6000,0.295999999999992,10,22.9591836734694,562.998367346939,0.428571428571429,0.967098622793234,0.53627686741579,22,548.469387755102,990.061224489796
"distance",20,100,0.8,17,1839374140,"outputs/wcrit/01_distance_sensitivity/designs/distance_m20_n100_lambda080_rep17.rds",0.638837004617974,6000,1.447,53,95.959595959596,9517.51353535354,0.553191489361702,0.981419065643062,0.638837004617974,95,9356.06060606061,18045.2323232323
"distance",5,5,0.9,17,834108277,"outputs/wcrit/01_distance_sensitivity/designs/distance_m05_n005_lambda090_rep17.rds",0.75560475161987,6000,0.0120000000000005,4,6,40.2,0.75,0.806047516198704,0.75560475161987,5,36.4583333333333,55.75
"distance",10,10,0.9,17,177877354,"outputs/wcrit/01_distance_sensitivity/designs/distance_m10_n010_lambda090_rep17.rds",0.854702786981095,6000,0.0450000000000017,19,25,678.955555555556,0.857142857142857,0.832742155525239,0.854702786981095,22,597.222222222222,1085.88888888889
"distance",20,20,0.9,17,1160281048,"outputs/wcrit/01_distance_sensitivity/designs/distance_m20_n020_lambda090_rep17.rds",0.789827390302352,6000,0.180000000000007,74,100,10576.2526315789,0.776595744680851,0.908912200895862,0.789827390302352,95,9750,18820.9473684211
"distance",5,10,0.9,17,456325824,"outputs/wcrit/01_distance_sensitivity/designs/distance_m05_n010_lambda090_rep17.rds",0.765366748166259,6000,0.0330000000000013,4,5.55555555555556,33.8666666666667,0.75,0.903667481662591,0.765366748166259,5,32.4074074074074,47.5555555555556
"distance",10,20,0.9,17,1365790753,"outputs/wcrit/01_distance_sensitivity/designs/distance_m10_n020_lambda090_rep17.rds",0.692191088654111,6000,0.106999999999999,15,23.6842105263158,601.578947368421,0.666666666666667,0.921910886541112,0.692191088654111,22,565.789473684211,1024.10526315789
"distance",20,40,0.9,17,1388624217,"outputs/wcrit/01_distance_sensitivity/designs/distance_m20_n040_lambda090_rep17.rds",0.708402723459622,6000,0.411000000000001,65,97.4358974358974,9885.21538461539,0.680851063829787,0.956367660128137,0.708402723459622,95,9500,18328.6666666667
"distance",5,15,0.9,17,1911464443,"outputs/wcrit/01_distance_sensitivity/designs/distance_m05_n015_lambda090_rep17.rds",0.545174765558397,6000,0.0479999999999876,3,5.33333333333333,31.9238095238095,0.5,0.951747655583973,0.545174765558397,5,31.25,45.2142857142857
"distance",10,30,0.9,17,406220523,"outputs/wcrit/01_distance_sensitivity/designs/distance_m10_n030_lambda090_rep17.rds",0.56632077197141,6000,0.149999999999991,12,23.2758620689655,578.963218390805,0.523809523809524,0.948922005428381,0.56632077197141,22,556.034482758621,1004.93103448276
"distance",20,60,0.9,17,1616967386,"outputs/wcrit/01_distance_sensitivity/designs/distance_m20_n060_lambda090_rep17.rds",0.652122096128435,6000,0.702999999999989,59,96.6101694915254,9699.25423728814,0.617021276595745,0.968029471922648,0.652122096128435,95,9419.49152542373,18170.1355932203
"distance",5,20,0.9,17,1644239223,"outputs/wcrit/01_distance_sensitivity/designs/distance_m05_n020_lambda090_rep17.rds",0.320340314136126,6000,0.0449999999999875,2,5.26315789473684,31.3263157894737,0.25,0.953403141361256,0.320340314136126,5,30.7017543859649,44.1052631578947
"distance",10,40,0.9,17,1594133922,"outputs/wcrit/01_distance_sensitivity/designs/distance_m10_n040_lambda090_rep17.rds",0.524494789605593,6000,0.215999999999994,11,23.0769230769231,569.394871794872,0.476190476190476,0.959233610341643,0.524494789605593,22,551.282051282051,995.589743589744
"distance",20,80,0.9,17,1845310555,"outputs/wcrit/01_distance_sensitivity/designs/distance_m20_n080_lambda090_rep17.rds",0.614543528425727,6000,1.044,55,96.2025316455696,9595.61139240506,0.574468085106383,0.975222518299824,0.614543528425727,95,9379.74683544304,18091.8734177215
"distance",5,25,0.9,17,951894213,"outputs/wcrit/01_distance_sensitivity/designs/distance_m05_n025_lambda090_rep17.rds",0.320783324482209,6000,0.0619999999999976,2,5.2,30.9333333333333,0.25,0.957833244822092,0.320783324482209,5,30.3819444444444,43.4583333333333
"distance",10,50,0.9,17,634563692,"outputs/wcrit/01_distance_sensitivity/designs/distance_m10_n050_lambda090_rep17.rds",0.525142276154384,6000,0.277000000000001,11,22.9591836734694,563.612244897959,0.476190476190476,0.965708475829559,0.525142276154384,22,548.469387755102,990.061224489796
"distance",20,100,0.9,17,1841622231,"outputs/wcrit/01_distance_sensitivity/designs/distance_m20_n100_lambda090_rep17.rds",0.596128560869414,6000,1.429,53,95.959595959596,9507.58060606061,0.553191489361702,0.982562204438823,0.596128560869414,95,9356.06060606061,18045.2323232323
"distance",5,5,1,17,1763567111,"outputs/wcrit/01_distance_sensitivity/designs/distance_m05_n005_lambda100_rep17.rds",0.75,6000,0.012999999999991,4,6,40.2,0.75,0.806047516198704,0.75,5,36.4583333333333,55.75
"distance",10,10,1,17,1547041098,"outputs/wcrit/01_distance_sensitivity/designs/distance_m10_n010_lambda100_rep17.rds",0.857142857142857,6000,0.0460000000000065,19,25,681.977777777778,0.857142857142857,0.826557526148249,0.857142857142857,22,597.222222222222,1085.88888888889
"distance",20,20,1,17,1281556694,"outputs/wcrit/01_distance_sensitivity/designs/distance_m20_n020_lambda100_rep17.rds",0.776595744680851,6000,0.182000000000002,74,100,10573.4526315789,0.776595744680851,0.909220878687307,0.776595744680851,95,9750,18820.9473684211
"distance",5,10,1,17,1724126803,"outputs/wcrit/01_distance_sensitivity/designs/distance_m05_n010_lambda100_rep17.rds",0.75,6000,0.0169999999999959,4,5.55555555555556,34.2222222222222,0.75,0.880195599022005,0.75,5,32.4074074074074,47.5555555555556
"distance",10,20,1,17,283722713,"outputs/wcrit/01_distance_sensitivity/designs/distance_m10_n020_lambda100_rep17.rds",0.619047619047619,6000,0.0949999999999989,14,23.6842105263158,604.863157894737,0.619047619047619,0.914745062011943,0.619047619047619,22,565.789473684211,1024.10526315789
"distance",20,40,1,17,902403553,"outputs/wcrit/01_distance_sensitivity/designs/distance_m20_n040_lambda100_rep17.rds",0.670212765957447,6000,0.415000000000006,64,97.4358974358974,9912.14871794872,0.670212765957447,0.953316991850557,0.670212765957447,95,9500,18328.6666666667
"distance",5,15,1,17,1348048448,"outputs/wcrit/01_distance_sensitivity/designs/distance_m05_n015_lambda100_rep17.rds",0.5,6000,0.0459999999999923,3,5.33333333333333,32.0571428571429,0.5,0.942199488491049,0.5,5,31.25,45.2142857142857
"distance",10,30,1,17,1167887957,"outputs/wcrit/01_distance_sensitivity/designs/distance_m10_n030_lambda100_rep17.rds",0.523809523809524,6000,0.167999999999992,12,23.2758620689655,580.802298850575,0.523809523809524,0.944825113944794,0.523809523809524,22,556.034482758621,1004.93103448276
"distance",20,60,1,17,523250412,"outputs/wcrit/01_distance_sensitivity/designs/distance_m20_n060_lambda100_rep17.rds",0.627659574468085,6000,0.731000000000009,60,96.6101694915254,9693.74011299435,0.627659574468085,0.968659611173092,0.627659574468085,95,9419.49152542373,18170.1355932203
"distance",5,20,1,17,460808418,"outputs/wcrit/01_distance_sensitivity/designs/distance_m05_n020_lambda100_rep17.rds",0.25,6000,0.0449999999999875,2,5.26315789473684,31.8315789473684,0.25,0.915706806282722,0.25,5,30.7017543859649,44.1052631578947
"distance",10,40,1,17,2052053201,"outputs/wcrit/01_distance_sensitivity/designs/distance_m10_n040_lambda100_rep17.rds",0.476190476190476,6000,0.196999999999989,11,23.0769230769231,571.948717948718,0.476190476190476,0.95348568790397,0.476190476190476,22,551.282051282051,995.589743589744
"distance",20,80,1,17,144097271,"outputs/wcrit/01_distance_sensitivity/designs/distance_m20_n080_lambda100_rep17.rds",0.585106382978723,6000,1.03,56,96.2025316455696,9582.37974683544,0.585106382978723,0.976741280159475,0.585106382978723,95,9379.74683544304,18091.8734177215
"distance",5,25,1,17,84730063,"outputs/wcrit/01_distance_sensitivity/designs/distance_m05_n025_lambda100_rep17.rds",0.25,6000,0.0590000000000117,2,5.2,30.9333333333333,0.25,0.957833244822092,0.25,5,30.3819444444444,43.4583333333333
"distance",10,50,1,17,788734816,"outputs/wcrit/01_distance_sensitivity/designs/distance_m10_n050_lambda100_rep17.rds",0.428571428571429,6000,0.283000000000001,10,22.9591836734694,566.648979591837,0.428571428571429,0.958831684998614,0.428571428571429,22,548.469387755102,990.061224489796
"distance",20,100,1,17,237950137,"outputs/wcrit/01_distance_sensitivity/designs/distance_m20_n100_lambda100_rep17.rds",0.553191489361702,6000,1.461,53,95.959595959596,9527.81494949495,0.553191489361702,0.980233519485532,0.553191489361702,95,9356.06060606061,18045.2323232323
"distance",5,5,0,18,1761319021,"outputs/wcrit/01_distance_sensitivity/designs/distance_m05_n005_lambda000_rep18.rds",0.806047516198704,6000,0.0130000000000052,4,6,40.2,0.75,0.806047516198704,0.806047516198704,5,36.4583333333333,55.75
"distance",10,10,0,18,1544793008,"outputs/wcrit/01_distance_sensitivity/designs/distance_m10_n010_lambda000_rep18.rds",0.839290586630286,6000,0.0330000000000013,20,25,675.755555555556,0.904761904761905,0.839290586630286,0.839290586630286,22,597.222222222222,1085.88888888889
"distance",20,20,0,18,1279308604,"outputs/wcrit/01_distance_sensitivity/designs/distance_m20_n020_lambda000_rep18.rds",0.911873650985216,6000,0.182000000000002,65,100,10549.3894736842,0.680851063829787,0.911873650985216,0.911873650985216,95,9750,18820.9473684211
"distance",5,10,0,18,1721878713,"outputs/wcrit/01_distance_sensitivity/designs/distance_m05_n010_lambda000_rep18.rds",0.903667481662591,6000,0.0319999999999965,4,5.55555555555556,33.8666666666667,0.75,0.903667481662591,0.903667481662591,5,32.4074074074074,47.5555555555556
"distance",10,20,0,18,281474623,"outputs/wcrit/01_distance_sensitivity/designs/distance_m10_n020_lambda000_rep18.rds",0.92540192926045,6000,0.0949999999999989,12,23.6842105263158,599.978947368421,0.523809523809524,0.92540192926045,0.92540192926045,22,565.789473684211,1024.10526315789
"distance",20,40,0,18,900155463,"outputs/wcrit/01_distance_sensitivity/designs/distance_m20_n040_lambda000_rep18.rds",0.956173072566639,6000,0.438000000000002,58,97.4358974358974,9886.93333333333,0.606382978723404,0.956173072566639,0.956173072566639,95,9500,18328.6666666667
"distance",5,15,0,18,1345800358,"outputs/wcrit/01_distance_sensitivity/designs/distance_m05_n015_lambda000_rep18.rds",0.957203751065644,6000,0.0479999999999876,2,5.33333333333333,31.847619047619,0.25,0.957203751065644,0.957203751065644,5,31.25,45.2142857142857
"distance",10,30,0,18,1165639867,"outputs/wcrit/01_distance_sensitivity/designs/distance_m10_n030_lambda000_rep18.rds",0.952076611870743,6000,0.147000000000006,11,23.2758620689655,577.547126436782,0.476190476190476,0.952076611870743,0.952076611870743,22,556.034482758621,1004.93103448276
"distance",20,60,0,18,521002322,"outputs/wcrit/01_distance_sensitivity/designs/distance_m20_n060_lambda000_rep18.rds",0.971172162307343,6000,0.804999999999993,54,96.6101694915254,9671.75367231638,0.563829787234043,0.971172162307343,0.971172162307343,95,9419.49152542373,18170.1355932203
"distance",5,20,0,18,458560328,"outputs/wcrit/01_distance_sensitivity/designs/distance_m05_n020_lambda000_rep18.rds",0.959685863874345,6000,0.0470000000000113,1,5.26315789473684,31.2421052631579,0,0.959685863874345,0.959685863874345,5,30.7017543859649,44.1052631578947
"distance",10,40,0,18,2049805111,"outputs/wcrit/01_distance_sensitivity/designs/distance_m10_n040_lambda000_rep18.rds",0.96191135734072,6000,0.199999999999989,10,23.0769230769231,568.205128205128,0.428571428571429,0.96191135734072,0.96191135734072,22,551.282051282051,995.589743589744
"distance",20,80,0,18,141849181,"outputs/wcrit/01_distance_sensitivity/designs/distance_m20_n080_lambda000_rep18.rds",0.978344167448835,6000,1.05500000000001,47,96.2025316455696,9568.41518987342,0.48936170212766,0.978344167448835,0.978344167448835,95,9379.74683544304,18091.8734177215
"distance",5,25,0,18,82481973,"outputs/wcrit/01_distance_sensitivity/designs/distance_m05_n025_lambda000_rep18.rds",0.979245884227297,6000,0.0799999999999983,1,5.2,30.6533333333333,0,0.979245884227297,0.979245884227297,5,30.3819444444444,43.4583333333333
"distance",10,50,0,18,786486726,"outputs/wcrit/01_distance_sensitivity/designs/distance_m10_n050_lambda000_rep18.rds",0.970766244569739,6000,0.289000000000001,6,22.9591836734694,561.378775510204,0.238095238095238,0.970766244569739,0.970766244569739,22,548.469387755102,990.061224489796
"distance",20,100,0,18,235702047,"outputs/wcrit/01_distance_sensitivity/designs/distance_m20_n100_lambda000_rep18.rds",0.983706459217789,6000,1.536,42,95.959595959596,9497.63797979798,0.436170212765957,0.983706459217789,0.983706459217789,95,9356.06060606061,18045.2323232323
"distance",5,5,0.1,18,816123550,"outputs/wcrit/01_distance_sensitivity/designs/distance_m05_n005_lambda010_rep18.rds",0.800442764578834,6000,0.0290000000000106,4,6,40.2,0.75,0.806047516198704,0.800442764578834,5,36.4583333333333,55.75
"distance",10,10,0.1,18,159892627,"outputs/wcrit/01_distance_sensitivity/designs/distance_m10_n010_lambda010_rep18.rds",0.834199961021243,6000,0.046999999999997,19,25,679.488888888889,0.857142857142857,0.831650750341064,0.834199961021243,22,597.222222222222,1085.88888888889
"distance",20,20,0.1,18,1142296321,"outputs/wcrit/01_distance_sensitivity/designs/distance_m20_n020_lambda010_rep18.rds",0.893062028384925,6000,0.182000000000002,72,100,10581.2,0.75531914893617,0.90836679276812,0.893062028384925,95,9750,18820.9473684211
"distance",5,10,0.1,18,438341097,"outputs/wcrit/01_distance_sensitivity/designs/distance_m05_n010_lambda010_rep18.rds",0.867176039119804,6000,0.0310000000000059,4,5.55555555555556,34.2222222222222,0.75,0.880195599022005,0.867176039119804,5,32.4074074074074,47.5555555555556
"distance",10,20,0.1,18,1347806026,"outputs/wcrit/01_distance_sensitivity/designs/distance_m10_n020_lambda010_rep18.rds",0.899859133363957,6000,0.100000000000009,15,23.6842105263158,599.81052631579,0.666666666666667,0.925769407441433,0.899859133363957,22,565.789473684211,1024.10526315789
"distance",20,40,0.1,18,1370639490,"outputs/wcrit/01_distance_sensitivity/designs/distance_m20_n040_lambda010_rep18.rds",0.926642324580456,6000,0.423000000000002,64,97.4358974358974,9896.10256410256,0.670212765957447,0.955134497760791,0.926642324580456,95,9500,18328.6666666667
"distance",5,15,0.1,18,1893479716,"outputs/wcrit/01_distance_sensitivity/designs/distance_m05_n015_lambda010_rep18.rds",0.922531969309463,6000,0.0429999999999922,3,5.33333333333333,31.6761904761905,0.5,0.969479965899403,0.922531969309463,5,31.25,45.2142857142857
"distance",10,30,0.1,18,388235796,"outputs/wcrit/01_distance_sensitivity/designs/distance_m10_n030_lambda010_rep18.rds",0.904493412052177,6000,0.155999999999992,12,23.2758620689655,579.919540229885,0.523809523809524,0.946791621856916,0.904493412052177,22,556.034482758621,1004.93103448276
"distance",20,60,0.1,18,1598982659,"outputs/wcrit/01_distance_sensitivity/designs/distance_m20_n060_lambda010_rep18.rds",0.93639137581795,6000,0.823000000000008,60,96.6101694915254,9675.92994350282,0.627659574468085,0.970694909301269,0.93639137581795,95,9419.49152542373,18170.1355932203
"distance",5,20,0.1,18,1626254496,"outputs/wcrit/01_distance_sensitivity/designs/distance_m05_n020_lambda010_rep18.rds",0.883062827225131,6000,0.0459999999999923,2,5.26315789473684,31.3263157894737,0.25,0.953403141361256,0.883062827225131,5,30.7017543859649,44.1052631578947
"distance",10,40,0.1,18,1576149195,"outputs/wcrit/01_distance_sensitivity/designs/distance_m10_n040_lambda010_rep18.rds",0.914008376203667,6000,0.301000000000002,12,23.0769230769231,570.225641025641,0.523809523809524,0.957363804247461,0.914008376203667,22,551.282051282051,995.589743589744
"distance",20,80,0.1,18,1827325828,"outputs/wcrit/01_distance_sensitivity/designs/distance_m20_n080_lambda010_rep18.rds",0.936314748495786,6000,1.06200000000001,54,96.2025316455696,9574.01012658228,0.563829787234043,0.977701966413758,0.936314748495786,95,9379.74683544304,18091.8734177215
"distance",5,25,0.1,18,933909486,"outputs/wcrit/01_distance_sensitivity/designs/distance_m05_n025_lambda010_rep18.rds",0.88796760488582,6000,0.0819999999999936,2,5.2,30.92,0.25,0.958852894317578,0.88796760488582,5,30.3819444444444,43.4583333333333
"distance",10,50,0.1,18,616578965,"outputs/wcrit/01_distance_sensitivity/designs/distance_m10_n050_lambda010_rep18.rds",0.914829783581794,6000,0.298000000000002,10,22.9591836734694,562.221224489796,0.428571428571429,0.968858489694057,0.914829783581794,22,548.469387755102,990.061224489796
"distance",20,100,0.1,18,1823637504,"outputs/wcrit/01_distance_sensitivity/designs/distance_m20_n100_lambda010_rep18.rds",0.940265363393515,6000,1.535,54,95.959595959596,9511.6703030303,0.563829787234043,0.982091538522345,0.940265363393515,95,9356.06060606061,18045.2323232323
"distance",5,5,0.2,18,818371641,"outputs/wcrit/01_distance_sensitivity/designs/distance_m05_n005_lambda020_rep18.rds",0.794838012958963,6000,0.0130000000000052,4,6,40.2,0.75,0.806047516198704,0.794838012958963,5,36.4583333333333,55.75
"distance",10,10,0.2,18,162140718,"outputs/wcrit/01_distance_sensitivity/designs/distance_m10_n010_lambda020_rep18.rds",0.839950626908335,6000,0.0310000000000059,19,25,677.533333333333,0.857142857142857,0.835652569349704,0.839950626908335,22,597.222222222222,1085.88888888889
"distance",20,20,0.2,18,1144544412,"outputs/wcrit/01_distance_sensitivity/designs/distance_m20_n020_lambda020_rep18.rds",0.881182762831658,6000,0.182000000000002,73,100,10566.4842105263,0.765957446808511,0.909989091837445,0.881182762831658,95,9750,18820.9473684211
"distance",5,10,0.2,18,440589188,"outputs/wcrit/01_distance_sensitivity/designs/distance_m05_n010_lambda020_rep18.rds",0.854156479217604,6000,0.0330000000000013,4,5.55555555555556,34.2222222222222,0.75,0.880195599022005,0.854156479217604,5,32.4074074074074,47.5555555555556
"distance",10,20,0.2,18,1350054117,"outputs/wcrit/01_distance_sensitivity/designs/distance_m10_n020_lambda020_rep18.rds",0.860529781044251,6000,0.0970000000000084,14,23.6842105263158,602.042105263158,0.619047619047619,0.920900321543409,0.860529781044251,22,565.789473684211,1024.10526315789
"distance",20,40,0.2,18,1372887581,"outputs/wcrit/01_distance_sensitivity/designs/distance_m20_n040_lambda020_rep18.rds",0.896516918489378,6000,0.516999999999996,63,97.4358974358974,9890.64615384615,0.659574468085106,0.955752531090446,0.896516918489378,95,9500,18328.6666666667
"distance",5,15,0.2,18,1895727807,"outputs/wcrit/01_distance_sensitivity/designs/distance_m05_n015_lambda020_rep18.rds",0.815763000852515,6000,0.0289999999999964,2,5.33333333333333,31.847619047619,0.25,0.957203751065644,0.815763000852515,5,31.25,45.2142857142857
"distance",10,30,0.2,18,390483887,"outputs/wcrit/01_distance_sensitivity/designs/distance_m10_n030_lambda020_rep18.rds",0.874701548771298,6000,0.156999999999996,13,23.2758620689655,578.245977011494,0.571428571428571,0.95051979310698,0.874701548771298,22,556.034482758621,1004.93103448276
"distance",20,60,0.2,18,1601230750,"outputs/wcrit/01_distance_sensitivity/designs/distance_m20_n060_lambda020_rep18.rds",0.900996771717715,6000,0.720999999999989,60,96.6101694915254,9687.86440677966,0.627659574468085,0.969331071030123,0.900996771717715,95,9419.49152542373,18170.1355932203
"distance",5,20,0.2,18,1628502587,"outputs/wcrit/01_distance_sensitivity/designs/distance_m05_n020_lambda020_rep18.rds",0.819005235602094,6000,0.0450000000000017,2,5.26315789473684,31.2210526315789,0.25,0.961256544502618,0.819005235602094,5,30.7017543859649,44.1052631578947
"distance",10,40,0.2,18,1578397286,"outputs/wcrit/01_distance_sensitivity/designs/distance_m10_n040_lambda020_rep18.rds",0.864859517214088,6000,0.208999999999989,11,23.0769230769231,568.153846153846,0.476190476190476,0.962026777469991,0.864859517214088,22,551.282051282051,995.589743589744
"distance",20,80,0.2,18,1829573919,"outputs/wcrit/01_distance_sensitivity/designs/distance_m20_n080_lambda020_rep18.rds",0.897566595357023,6000,1.039,56,96.2025316455696,9591.61139240506,0.585106382978723,0.975681648451598,0.897566595357023,95,9379.74683544304,18091.8734177215
"distance",5,25,0.2,18,936157577,"outputs/wcrit/01_distance_sensitivity/designs/distance_m05_n025_lambda020_rep18.rds",0.821160913436007,6000,0.0769999999999982,2,5.2,30.8533333333333,0.25,0.963951141795008,0.821160913436007,5,30.3819444444444,43.4583333333333
"distance",10,50,0.2,18,618827056,"outputs/wcrit/01_distance_sensitivity/designs/distance_m10_n050_lambda020_rep18.rds",0.860836570583497,6000,0.287999999999997,10,22.9591836734694,562.201632653061,0.428571428571429,0.968902856086514,0.860836570583497,22,548.469387755102,990.061224489796
"distance",20,100,0.2,18,1825885595,"outputs/wcrit/01_distance_sensitivity/designs/distance_m20_n100_lambda020_rep18.rds",0.894108131451345,6000,1.538,53,95.959595959596,9535.60242424242,0.553191489361702,0.979337291973756,0.894108131451345,95,9356.06060606061,18045.2323232323
"distance",5,5,0.3,18,820619732,"outputs/wcrit/01_distance_sensitivity/designs/distance_m05_n005_lambda030_rep18.rds",0.789233261339093,6000,0.0289999999999964,4,6,40.2,0.75,0.806047516198704,0.789233261339093,5,36.4583333333333,55.75
"distance",10,10,0.3,18,164388809,"outputs/wcrit/01_distance_sensitivity/designs/distance_m10_n010_lambda030_rep18.rds",0.855621386344442,6000,0.0449999999999875,20,25,678.066666666667,0.904761904761905,0.83456116416553,0.855621386344442,22,597.222222222222,1085.88888888889
"distance",20,20,0.3,18,1146792503,"outputs/wcrit/01_distance_sensitivity/designs/distance_m20_n020_lambda030_rep18.rds",0.864653859657526,6000,0.168000000000006,72,100,10552.6736842105,0.75531914893617,0.911511592823822,0.864653859657526,95,9750,18820.9473684211
"distance",5,10,0.3,18,442837279,"outputs/wcrit/01_distance_sensitivity/designs/distance_m05_n010_lambda030_rep18.rds",0.857567237163814,6000,0.0310000000000059,4,5.55555555555556,33.8666666666667,0.75,0.903667481662591,0.857567237163814,5,32.4074074074074,47.5555555555556
"distance",10,20,0.3,18,1352302208,"outputs/wcrit/01_distance_sensitivity/designs/distance_m10_n020_lambda030_rep18.rds",0.835103353238401,6000,0.0960000000000036,14,23.6842105263158,598.926315789474,0.619047619047619,0.927698667891594,0.835103353238401,22,565.789473684211,1024.10526315789
"distance",20,40,0.3,18,1375135672,"outputs/wcrit/01_distance_sensitivity/designs/distance_m20_n040_lambda030_rep18.rds",0.86841012013511,6000,0.433000000000007,64,97.4358974358974,9911.84102564103,0.670212765957447,0.953351843354109,0.86841012013511,95,9500,18328.6666666667
"distance",5,15,0.3,18,1897975898,"outputs/wcrit/01_distance_sensitivity/designs/distance_m05_n015_lambda030_rep18.rds",0.740268542199488,6000,0.0280000000000058,2,5.33333333333333,31.9428571428571,0.25,0.950383631713555,0.740268542199488,5,31.25,45.2142857142857
"distance",10,30,0.3,18,392731978,"outputs/wcrit/01_distance_sensitivity/designs/distance_m10_n030_lambda030_rep18.rds",0.833322359516859,6000,0.165000000000006,13,23.2758620689655,580.471264367816,0.571428571428571,0.94556255441184,0.833322359516859,22,556.034482758621,1004.93103448276
"distance",20,60,0.3,18,1603478841,"outputs/wcrit/01_distance_sensitivity/designs/distance_m20_n060_lambda030_rep18.rds",0.860023804405832,6000,0.703999999999994,58,96.6101694915254,9693.15028248588,0.606382978723404,0.968727015412586,0.860023804405832,95,9419.49152542373,18170.1355932203
"distance",5,20,0.3,18,1630750678,"outputs/wcrit/01_distance_sensitivity/designs/distance_m05_n020_lambda030_rep18.rds",0.742382198952879,6000,0.046999999999997,2,5.26315789473684,31.3263157894737,0.25,0.953403141361256,0.742382198952879,5,30.7017543859649,44.1052631578947
"distance",10,40,0.3,18,1580645377,"outputs/wcrit/01_distance_sensitivity/designs/distance_m10_n040_lambda030_rep18.rds",0.81716462208152,6000,0.203000000000003,11,23.0769230769231,567.589743589744,0.476190476190476,0.963296398891967,0.81716462208152,22,551.282051282051,995.589743589744
"distance",20,80,0.3,18,1831822010,"outputs/wcrit/01_distance_sensitivity/designs/distance_m20_n080_lambda030_rep18.rds",0.856132956821054,6000,1.04000000000001,55,96.2025316455696,9581.46329113924,0.574468085106383,0.976846473270198,0.856132956821054,95,9379.74683544304,18091.8734177215
"distance",5,25,0.3,18,938405668,"outputs/wcrit/01_distance_sensitivity/designs/distance_m05_n025_lambda030_rep18.rds",0.741557620817844,6000,0.078000000000003,2,5.2,31.0066666666667,0.25,0.95222517259692,0.741557620817844,5,30.3819444444444,43.4583333333333
"distance",10,50,0.3,18,621075147,"outputs/wcrit/01_distance_sensitivity/designs/distance_m10_n050_lambda030_rep18.rds",0.805923494381577,6000,0.370000000000005,10,22.9591836734694,562.756734693878,0.428571428571429,0.967645808300213,0.805923494381577,22,548.469387755102,990.061224489796
"distance",20,100,0.3,18,1828133686,"outputs/wcrit/01_distance_sensitivity/designs/distance_m20_n100_lambda030_rep18.rds",0.855885987277594,6000,1.47200000000001,54,95.959595959596,9520.69494949495,0.563829787234043,0.981052930153401,0.855885987277594,95,9356.06060606061,18045.2323232323
"distance",5,5,0.4,18,822867823,"outputs/wcrit/01_distance_sensitivity/designs/distance_m05_n005_lambda040_rep18.rds",0.783628509719222,6000,0.0130000000000052,4,6,40.2,0.75,0.806047516198704,0.783628509719222,5,36.4583333333333,55.75
"distance",10,10,0.4,18,166636900,"outputs/wcrit/01_distance_sensitivity/designs/distance_m10_n010_lambda040_rep18.rds",0.841629312024946,6000,0.0439999999999969,19,25,679.666666666667,0.857142857142857,0.831286948613006,0.841629312024946,22,597.222222222222,1085.88888888889
"distance",20,20,0.4,18,1149040594,"outputs/wcrit/01_distance_sensitivity/designs/distance_m20_n020_lambda040_rep18.rds",0.847487512894495,6000,0.183000000000007,72,100,10576.0631578947,0.75531914893617,0.908933088866711,0.847487512894495,95,9750,18820.9473684211
"distance",5,10,0.4,18,445085370,"outputs/wcrit/01_distance_sensitivity/designs/distance_m05_n010_lambda040_rep18.rds",0.828117359413203,6000,0.0319999999999965,4,5.55555555555556,34.2222222222222,0.75,0.880195599022005,0.828117359413203,5,32.4074074074074,47.5555555555556
"distance",10,20,0.4,18,1354550299,"outputs/wcrit/01_distance_sensitivity/designs/distance_m10_n020_lambda040_rep18.rds",0.820254172408513,6000,0.0950000000000131,15,23.6842105263158,601.242105263158,0.666666666666667,0.922645842903078,0.820254172408513,22,565.789473684211,1024.10526315789
"distance",20,40,0.4,18,1377383763,"outputs/wcrit/01_distance_sensitivity/designs/distance_m20_n040_lambda040_rep18.rds",0.836280022191262,6000,0.418999999999997,63,97.4358974358974,9905.37948717949,0.659574468085106,0.9540837249287,0.836280022191262,95,9500,18328.6666666667
"distance",5,15,0.4,18,1900223989,"outputs/wcrit/01_distance_sensitivity/designs/distance_m05_n015_lambda040_rep18.rds",0.767774936061381,6000,0.0439999999999969,3,5.33333333333333,32,0.5,0.946291560102302,0.767774936061381,5,31.25,45.2142857142857
"distance",10,30,0.4,18,394980069,"outputs/wcrit/01_distance_sensitivity/designs/distance_m10_n030_lambda040_rep18.rds",0.796228518754252,6000,0.150000000000006,13,23.2758620689655,580.232183908046,0.571428571428571,0.946095150304706,0.796228518754252,22,556.034482758621,1004.93103448276
"distance",20,60,0.4,18,1605726932,"outputs/wcrit/01_distance_sensitivity/designs/distance_m20_n060_lambda040_rep18.rds",0.822970632917402,6000,0.712999999999994,58,96.6101694915254,9705.09152542373,0.606382978723404,0.967362402380067,0.822970632917402,95,9419.49152542373,18170.1355932203
"distance",5,20,0.4,18,1632998769,"outputs/wcrit/01_distance_sensitivity/designs/distance_m05_n020_lambda040_rep18.rds",0.672984293193717,6000,0.0479999999999876,2,5.26315789473684,31.3052631578947,0.25,0.954973821989529,0.672984293193717,5,30.7017543859649,44.1052631578947
"distance",10,40,0.4,18,1582893468,"outputs/wcrit/01_distance_sensitivity/designs/distance_m10_n040_lambda040_rep18.rds",0.765309985490041,6000,0.216999999999999,11,23.0769230769231,569.917948717949,0.476190476190476,0.958056325023084,0.765309985490041,22,551.282051282051,995.589743589744
"distance",20,80,0.4,18,1834070101,"outputs/wcrit/01_distance_sensitivity/designs/distance_m20_n080_lambda040_rep18.rds",0.811073063706998,6000,1.036,54,96.2025316455696,9589.69240506329,0.563829787234043,0.975901914688968,0.811073063706998,95,9379.74683544304,18091.8734177215
"distance",5,25,0.4,18,940653759,"outputs/wcrit/01_distance_sensitivity/designs/distance_m05_n025_lambda040_rep18.rds",0.652063728093468,6000,0.0789999999999935,2,5.2,31.4266666666667,0.25,0.920106213489113,0.652063728093468,5,30.3819444444444,43.4583333333333
"distance",10,50,0.4,18,623323238,"outputs/wcrit/01_distance_sensitivity/designs/distance_m10_n050_lambda040_rep18.rds",0.751554645927139,6000,0.300000000000011,10,22.9591836734694,563.096326530612,0.428571428571429,0.966876790830946,0.751554645927139,22,548.469387755102,990.061224489796
"distance",20,100,0.4,18,1830381777,"outputs/wcrit/01_distance_sensitivity/designs/distance_m20_n100_lambda040_rep18.rds",0.809180509590777,6000,1.438,53,95.959595959596,9531.23555555556,0.553191489361702,0.979839856410161,0.809180509590777,95,9356.06060606061,18045.2323232323
"distance",5,5,0.5,18,825115914,"outputs/wcrit/01_distance_sensitivity/designs/distance_m05_n005_lambda050_rep18.rds",0.778023758099352,6000,0.0289999999999964,4,6,40.2,0.75,0.806047516198704,0.778023758099352,5,36.4583333333333,55.75
"distance",10,10,0.5,18,168884991,"outputs/wcrit/01_distance_sensitivity/designs/distance_m10_n010_lambda050_rep18.rds",0.86911583187163,6000,0.046999999999997,20,25,678.6,0.904761904761905,0.833469758981355,0.86911583187163,22,597.222222222222,1085.88888888889
"distance",20,20,0.5,18,1151288685,"outputs/wcrit/01_distance_sensitivity/designs/distance_m20_n020_lambda050_rep18.rds",0.83782009087008,6000,0.183999999999997,73,100,10569.2631578947,0.765957446808511,0.90968273493165,0.83782009087008,95,9750,18820.9473684211
"distance",5,10,0.5,18,447333461,"outputs/wcrit/01_distance_sensitivity/designs/distance_m05_n010_lambda050_rep18.rds",0.826833740831296,6000,0.019999999999996,4,5.55555555555556,33.8666666666667,0.75,0.903667481662591,0.826833740831296,5,32.4074074074074,47.5555555555556
"distance",10,20,0.5,18,1356798390,"outputs/wcrit/01_distance_sensitivity/designs/distance_m10_n020_lambda050_rep18.rds",0.769239013933548,6000,0.0970000000000084,14,23.6842105263158,602.715789473684,0.619047619047619,0.919430408819476,0.769239013933548,22,565.789473684211,1024.10526315789
"distance",20,40,0.5,18,1379631854,"outputs/wcrit/01_distance_sensitivity/designs/distance_m20_n040_lambda050_rep18.rds",0.816829902293439,6000,0.432000000000002,65,97.4358974358974,9916.6358974359,0.680851063829787,0.952808740757091,0.816829902293439,95,9500,18328.6666666667
"distance",5,15,0.5,18,1902472080,"outputs/wcrit/01_distance_sensitivity/designs/distance_m05_n015_lambda050_rep18.rds",0.602919863597613,6000,0.0450000000000017,2,5.33333333333333,31.8666666666667,0.25,0.955839727195226,0.602919863597613,5,31.25,45.2142857142857
"distance",10,30,0.5,18,397228160,"outputs/wcrit/01_distance_sensitivity/designs/distance_m10_n030_lambda050_rep18.rds",0.76330941041342,6000,0.159999999999997,13,23.2758620689655,576.149425287356,0.571428571428571,0.955190249398269,0.76330941041342,22,556.034482758621,1004.93103448276
"distance",20,60,0.5,18,1607975023,"outputs/wcrit/01_distance_sensitivity/designs/distance_m20_n060_lambda050_rep18.rds",0.788263516344058,6000,0.730000000000004,58,96.6101694915254,9680.75028248588,0.606382978723404,0.970144053964712,0.788263516344058,95,9419.49152542373,18170.1355932203
"distance",5,20,0.5,18,1635246860,"outputs/wcrit/01_distance_sensitivity/designs/distance_m05_n020_lambda050_rep18.rds",0.602486910994764,6000,0.0489999999999924,2,5.26315789473684,31.3052631578947,0.25,0.954973821989529,0.602486910994764,5,30.7017543859649,44.1052631578947
"distance",10,40,0.5,18,1585141559,"outputs/wcrit/01_distance_sensitivity/designs/distance_m10_n040_lambda050_rep18.rds",0.719385635140483,6000,0.212999999999994,11,23.0769230769231,567.907692307692,0.476190476190476,0.962580794090489,0.719385635140483,22,551.282051282051,995.589743589744
"distance",20,80,0.5,18,1836318192,"outputs/wcrit/01_distance_sensitivity/designs/distance_m20_n080_lambda050_rep18.rds",0.780423074585526,6000,1.075,56,96.2025316455696,9591.10506329114,0.585106382978723,0.975739766192329,0.780423074585526,95,9379.74683544304,18091.8734177215
"distance",5,25,0.5,18,942901850,"outputs/wcrit/01_distance_sensitivity/designs/distance_m05_n025_lambda050_rep18.rds",0.611818906001062,6000,0.0770000000000124,2,5.2,30.7266666666667,0.25,0.973637812002124,0.611818906001062,5,30.3819444444444,43.4583333333333
"distance",10,50,0.5,18,625571329,"outputs/wcrit/01_distance_sensitivity/designs/distance_m10_n050_lambda050_rep18.rds",0.698396999986796,6000,0.293999999999997,10,22.9591836734694,562.502040816326,0.428571428571429,0.968222571402163,0.698396999986796,22,548.469387755102,990.061224489796
"distance",20,100,0.5,18,1832629868,"outputs/wcrit/01_distance_sensitivity/designs/distance_m20_n100_lambda050_rep18.rds",0.76243177785919,6000,1.462,52,95.959595959596,9509.76888888889,0.542553191489362,0.982310364229018,0.76243177785919,95,9356.06060606061,18045.2323232323
"distance",5,5,0.6,18,827364005,"outputs/wcrit/01_distance_sensitivity/designs/distance_m05_n005_lambda060_rep18.rds",0.772419006479482,6000,0.0120000000000005,4,6,40.2,0.75,0.806047516198704,0.772419006479482,5,36.4583333333333,55.75
"distance",10,10,0.6,18,171133082,"outputs/wcrit/01_distance_sensitivity/designs/distance_m10_n010_lambda060_rep18.rds",0.848110179951926,6000,0.0450000000000017,19,25,678.066666666667,0.857142857142857,0.83456116416553,0.848110179951926,22,597.222222222222,1085.88888888889
"distance",20,20,0.6,18,1153536776,"outputs/wcrit/01_distance_sensitivity/designs/distance_m20_n020_lambda060_rep18.rds",0.836894003177144,6000,0.184000000000012,75,100,10553.8315789474,0.787234042553192,0.911383944113073,0.836894003177144,95,9750,18820.9473684211
"distance",5,10,0.6,18,449581552,"outputs/wcrit/01_distance_sensitivity/designs/distance_m05_n010_lambda060_rep18.rds",0.802078239608802,6000,0.034000000000006,4,5.55555555555556,34.2222222222222,0.75,0.880195599022005,0.802078239608802,5,32.4074074074074,47.5555555555556
"distance",10,20,0.6,18,1359046481,"outputs/wcrit/01_distance_sensitivity/designs/distance_m10_n020_lambda060_rep18.rds",0.770528249885163,6000,0.0949999999999989,15,23.6842105263158,599.557894736842,0.666666666666667,0.926320624712908,0.770528249885163,22,565.789473684211,1024.10526315789
"distance",20,40,0.6,18,1381879945,"outputs/wcrit/01_distance_sensitivity/designs/distance_m20_n040_lambda060_rep18.rds",0.777006421451323,6000,0.421000000000006,63,97.4358974358974,9913.58461538462,0.659574468085106,0.953154351500648,0.777006421451323,95,9500,18328.6666666667
"distance",5,15,0.6,18,1904720171,"outputs/wcrit/01_distance_sensitivity/designs/distance_m05_n015_lambda060_rep18.rds",0.677971014492754,6000,0.0439999999999969,3,5.33333333333333,32.0190476190476,0.5,0.944927536231884,0.677971014492754,5,31.25,45.2142857142857
"distance",10,30,0.6,18,399476251,"outputs/wcrit/01_distance_sensitivity/designs/distance_m10_n030_lambda060_rep18.rds",0.693657865665855,6000,0.152000000000001,12,23.2758620689655,579.183908045977,0.523809523809524,0.948430378450351,0.693657865665855,22,556.034482758621,1004.93103448276
"distance",20,60,0.6,18,1610223114,"outputs/wcrit/01_distance_sensitivity/designs/distance_m20_n060_lambda060_rep18.rds",0.764342738606722,6000,0.712999999999994,60,96.6101694915254,9687.54576271186,0.627659574468085,0.969367484814677,0.764342738606722,95,9419.49152542373,18170.1355932203
"distance",5,20,0.6,18,1637494951,"outputs/wcrit/01_distance_sensitivity/designs/distance_m05_n020_lambda060_rep18.rds",0.531361256544503,6000,0.046999999999997,2,5.26315789473684,31.3263157894737,0.25,0.953403141361256,0.531361256544503,5,30.7017543859649,44.1052631578947
"distance",10,40,0.6,18,1587389650,"outputs/wcrit/01_distance_sensitivity/designs/distance_m10_n040_lambda060_rep18.rds",0.670875873895264,6000,0.216999999999999,11,23.0769230769231,567.764102564103,0.476190476190476,0.962903970452447,0.670875873895264,22,551.282051282051,995.589743589744
"distance",20,80,0.6,18,1838566283,"outputs/wcrit/01_distance_sensitivity/designs/distance_m20_n080_lambda060_rep18.rds",0.747834308546962,6000,1.05799999999999,57,96.2025316455696,9589.11012658228,0.595744680851064,0.975968750090809,0.747834308546962,95,9379.74683544304,18091.8734177215
"distance",5,25,0.6,18,945149941,"outputs/wcrit/01_distance_sensitivity/designs/distance_m05_n025_lambda060_rep18.rds",0.534968667020712,6000,0.078000000000003,2,5.2,30.8733333333333,0.25,0.962421667551779,0.534968667020712,5,30.3819444444444,43.4583333333333
"distance",10,50,0.6,18,627819420,"outputs/wcrit/01_distance_sensitivity/designs/distance_m10_n050_lambda060_rep18.rds",0.644851887552322,6000,0.295000000000002,10,22.9591836734694,562.038367346939,0.428571428571429,0.969272576023662,0.644851887552322,22,548.469387755102,990.061224489796
"distance",20,100,0.6,18,1834877959,"outputs/wcrit/01_distance_sensitivity/designs/distance_m20_n100_lambda060_rep18.rds",0.724248609794593,6000,1.468,53,95.959595959596,9522.59474747475,0.553191489361702,0.980834290443929,0.724248609794593,95,9356.06060606061,18045.2323232323
"distance",5,5,0.7,18,829612096,"outputs/wcrit/01_distance_sensitivity/designs/distance_m05_n005_lambda070_rep18.rds",0.766814254859611,6000,0.01400000000001,4,6,40.2,0.75,0.806047516198704,0.766814254859611,5,36.4583333333333,55.75
"distance",10,10,0.7,18,173381173,"outputs/wcrit/01_distance_sensitivity/designs/distance_m10_n010_lambda070_rep18.rds",0.850150068212824,6000,0.046999999999997,19,25,678.422222222222,0.857142857142857,0.833833560709413,0.850150068212824,22,597.222222222222,1085.88888888889
"distance",20,20,0.7,18,1155784867,"outputs/wcrit/01_distance_sensitivity/designs/distance_m20_n020_lambda070_rep18.rds",0.80128009188732,6000,0.191999999999993,72,100,10579.7894736842,0.75531914893617,0.908522292106668,0.80128009188732,95,9750,18820.9473684211
"distance",5,10,0.7,18,451829643,"outputs/wcrit/01_distance_sensitivity/designs/distance_m05_n010_lambda070_rep18.rds",0.789058679706601,6000,0.0169999999999959,4,5.55555555555556,34.2222222222222,0.75,0.880195599022005,0.789058679706601,5,32.4074074074074,47.5555555555556
"distance",10,20,0.7,18,1361294572,"outputs/wcrit/01_distance_sensitivity/designs/distance_m10_n020_lambda070_rep18.rds",0.742385545858215,6000,0.0960000000000036,15,23.6842105263158,602.884210526316,0.666666666666667,0.919062930638493,0.742385545858215,22,565.789473684211,1024.10526315789
"distance",20,40,0.7,18,1384128036,"outputs/wcrit/01_distance_sensitivity/designs/distance_m20_n040_lambda070_rep18.rds",0.755493942821041,6000,0.429999999999993,64,97.4358974358974,9901.85128205128,0.670212765957447,0.954483355502762,0.755493942821041,95,9500,18328.6666666667
"distance",5,15,0.7,18,1906968262,"outputs/wcrit/01_distance_sensitivity/designs/distance_m05_n015_lambda070_rep18.rds",0.633887468030691,6000,0.0300000000000011,3,5.33333333333333,32,0.5,0.946291560102302,0.633887468030691,5,31.25,45.2142857142857
"distance",10,30,0.7,18,401724342,"outputs/wcrit/01_distance_sensitivity/designs/distance_m10_n030_lambda070_rep18.rds",0.651097454806166,6000,0.167000000000002,12,23.2758620689655,579.331034482759,0.523809523809524,0.948102627131664,0.651097454806166,22,556.034482758621,1004.93103448276
"distance",20,60,0.7,18,1612471205,"outputs/wcrit/01_distance_sensitivity/designs/distance_m20_n060_lambda070_rep18.rds",0.722472179472978,6000,0.72399999999999,59,96.6101694915254,9694.92429378531,0.617021276595745,0.968524286186521,0.722472179472978,95,9419.49152542373,18170.1355932203
"distance",5,20,0.7,18,1639743042,"outputs/wcrit/01_distance_sensitivity/designs/distance_m05_n020_lambda070_rep18.rds",0.461020942408377,6000,0.0489999999999924,2,5.26315789473684,31.3263157894737,0.25,0.953403141361256,0.461020942408377,5,30.7017543859649,44.1052631578947
"distance",10,40,0.7,18,1589637741,"outputs/wcrit/01_distance_sensitivity/designs/distance_m10_n040_lambda070_rep18.rds",0.621020313942752,6000,0.204999999999998,11,23.0769230769231,569.517948717949,0.476190476190476,0.958956602031394,0.621020313942752,22,551.282051282051,995.589743589744
"distance",20,80,0.7,18,1840814374,"outputs/wcrit/01_distance_sensitivity/designs/distance_m20_n080_lambda070_rep18.rds",0.695171271127113,6000,1.08199999999999,55,96.2025316455696,9581.76329113924,0.574468085106383,0.976812038508815,0.695171271127113,95,9379.74683544304,18091.8734177215
"distance",5,25,0.7,18,947398032,"outputs/wcrit/01_distance_sensitivity/designs/distance_m05_n025_lambda070_rep18.rds",0.465561869357408,6000,0.078000000000003,2,5.2,30.7933333333333,0.25,0.968539564524695,0.465561869357408,5,30.3819444444444,43.4583333333333
"distance",10,50,0.7,18,630067511,"outputs/wcrit/01_distance_sensitivity/designs/distance_m10_n050_lambda070_rep18.rds",0.590457898142157,6000,0.294000000000011,10,22.9591836734694,562.515102040816,0.428571428571429,0.968192993807191,0.590457898142157,22,548.469387755102,990.061224489796
"distance",20,100,0.7,18,1837126050,"outputs/wcrit/01_distance_sensitivity/designs/distance_m20_n100_lambda070_rep18.rds",0.674142730492332,6000,1.47,52,95.959595959596,9519.54747474747,0.542553191489362,0.981184988165928,0.674142730492332,95,9356.06060606061,18045.2323232323
"distance",5,5,0.8,18,831860187,"outputs/wcrit/01_distance_sensitivity/designs/distance_m05_n005_lambda080_rep18.rds",0.761209503239741,6000,0.0120000000000005,4,6,40.2,0.75,0.806047516198704,0.761209503239741,5,36.4583333333333,55.75
"distance",10,10,0.8,18,175629264,"outputs/wcrit/01_distance_sensitivity/designs/distance_m10_n010_lambda080_rep18.rds",0.852772039238615,6000,0.0459999999999923,19,25,677.711111111111,0.857142857142857,0.835288767621646,0.852772039238615,22,597.222222222222,1085.88888888889
"distance",20,20,0.8,18,1158032958,"outputs/wcrit/01_distance_sensitivity/designs/distance_m20_n020_lambda080_rep18.rds",0.820045499234848,6000,0.190000000000012,76,100,10577.8315789474,0.797872340425532,0.908738134472114,0.820045499234848,95,9750,18820.9473684211
"distance",5,10,0.8,18,454077734,"outputs/wcrit/01_distance_sensitivity/designs/distance_m05_n010_lambda080_rep18.rds",0.776039119804401,6000,0.032999999999987,4,5.55555555555556,34.2222222222222,0.75,0.880195599022005,0.776039119804401,5,32.4074074074074,47.5555555555556
"distance",10,20,0.8,18,1363542663,"outputs/wcrit/01_distance_sensitivity/designs/distance_m10_n020_lambda080_rep18.rds",0.716613076098607,6000,0.0990000000000038,15,23.6842105263158,604.105263157895,0.666666666666667,0.916398713826367,0.716613076098607,22,565.789473684211,1024.10526315789
"distance",20,40,0.8,18,1386376127,"outputs/wcrit/01_distance_sensitivity/designs/distance_m20_n040_lambda080_rep18.rds",0.735435908888283,6000,0.438000000000002,65,97.4358974358974,9908.10256410256,0.680851063829787,0.953775289122265,0.735435908888283,95,9500,18328.6666666667
"distance",5,15,0.8,18,1909216353,"outputs/wcrit/01_distance_sensitivity/designs/distance_m05_n015_lambda080_rep18.rds",0.392259164535379,6000,0.0460000000000065,2,5.33333333333333,31.7904761904762,0.25,0.961295822676897,0.392259164535379,5,31.25,45.2142857142857
"distance",10,30,0.8,18,403972433,"outputs/wcrit/01_distance_sensitivity/designs/distance_m10_n030_lambda080_rep18.rds",0.646476600165339,6000,0.155000000000001,13,23.2758620689655,579.974712643678,0.571428571428571,0.946668715112409,0.646476600165339,22,556.034482758621,1004.93103448276
"distance",20,60,0.8,18,1614719296,"outputs/wcrit/01_distance_sensitivity/designs/distance_m20_n060_lambda080_rep18.rds",0.687568149329156,6000,0.739999999999995,59,96.6101694915254,9684.14915254237,0.617021276595745,0.969755640262799,0.687568149329156,95,9419.49152542373,18170.1355932203
"distance",5,20,0.8,18,1641991133,"outputs/wcrit/01_distance_sensitivity/designs/distance_m05_n020_lambda080_rep18.rds",0.390994764397906,6000,0.0490000000000066,2,5.26315789473684,31.3052631578947,0.25,0.954973821989529,0.390994764397906,5,30.7017543859649,44.1052631578947
"distance",10,40,0.8,18,1591885832,"outputs/wcrit/01_distance_sensitivity/designs/distance_m10_n040_lambda080_rep18.rds",0.572854504682759,6000,0.224000000000004,11,23.0769230769231,569.271794871795,0.476190476190476,0.959510618651893,0.572854504682759,22,551.282051282051,995.589743589744
"distance",20,80,0.8,18,1843062465,"outputs/wcrit/01_distance_sensitivity/designs/distance_m20_n080_lambda080_rep18.rds",0.654887010765322,6000,1.07899999999999,55,96.2025316455696,9583.93544303798,0.574468085106383,0.976562713401079,0.654887010765322,95,9379.74683544304,18091.8734177215
"distance",5,25,0.8,18,949646123,"outputs/wcrit/01_distance_sensitivity/designs/distance_m05_n025_lambda080_rep18.rds",0.394727562400425,6000,0.0620000000000118,2,5.2,30.7266666666667,0.25,0.973637812002124,0.394727562400425,5,30.3819444444444,43.4583333333333
"distance",10,50,0.8,18,632315602,"outputs/wcrit/01_distance_sensitivity/designs/distance_m10_n050_lambda080_rep18.rds",0.535818414693727,6000,0.293999999999997,10,22.9591836734694,564.010612244898,0.428571428571429,0.964806359182919,0.535818414693727,22,548.469387755102,990.061224489796
"distance",20,100,0.8,18,1839374141,"outputs/wcrit/01_distance_sensitivity/designs/distance_m20_n100_lambda080_rep18.rds",0.63888616367813,6000,1.49300000000001,53,95.959595959596,9515.37777777778,0.553191489361702,0.981664860943843,0.63888616367813,95,9356.06060606061,18045.2323232323
"distance",5,5,0.9,18,834108278,"outputs/wcrit/01_distance_sensitivity/designs/distance_m05_n005_lambda090_rep18.rds",0.75560475161987,6000,0.0150000000000006,4,6,40.2,0.75,0.806047516198704,0.75560475161987,5,36.4583333333333,55.75
"distance",10,10,0.9,18,177877355,"outputs/wcrit/01_distance_sensitivity/designs/distance_m10_n010_lambda090_rep18.rds",0.854993828363542,6000,0.046999999999997,19,25,677.533333333333,0.857142857142857,0.835652569349704,0.854993828363542,22,597.222222222222,1085.88888888889
"distance",20,20,0.9,18,1160281049,"outputs/wcrit/01_distance_sensitivity/designs/distance_m20_n020_lambda090_rep18.rds",0.799499335584757,6000,0.191000000000003,75,100,10567.4105263158,0.787234042553192,0.909886972868847,0.799499335584757,95,9750,18820.9473684211
"distance",5,10,0.9,18,456325825,"outputs/wcrit/01_distance_sensitivity/designs/distance_m05_n010_lambda090_rep18.rds",0.765366748166259,6000,0.0180000000000007,4,5.55555555555556,33.8666666666667,0.75,0.903667481662591,0.765366748166259,5,32.4074074074074,47.5555555555556
"distance",10,20,0.9,18,1365790754,"outputs/wcrit/01_distance_sensitivity/designs/distance_m10_n020_lambda090_rep18.rds",0.69242994947175,6000,0.097999999999999,15,23.6842105263158,600.484210526316,0.666666666666667,0.924299494717501,0.69242994947175,22,565.789473684211,1024.10526315789
"distance",20,40,0.9,18,1388624218,"outputs/wcrit/01_distance_sensitivity/designs/distance_m20_n040_lambda090_rep18.rds",0.689118331112271,6000,0.442999999999998,63,97.4358974358974,9897.17435897436,0.659574468085106,0.955013098356752,0.689118331112271,95,9500,18328.6666666667
"distance",5,15,0.9,18,1911464444,"outputs/wcrit/01_distance_sensitivity/designs/distance_m05_n015_lambda090_rep18.rds",0.545038363171355,6000,0.0439999999999969,3,5.33333333333333,31.9428571428571,0.5,0.950383631713555,0.545038363171355,5,31.25,45.2142857142857
"distance",10,30,0.9,18,406220524,"outputs/wcrit/01_distance_sensitivity/designs/distance_m10_n030_lambda090_rep18.rds",0.566283899948057,6000,0.152000000000001,12,23.2758620689655,579.128735632184,0.523809523809524,0.948553285194858,0.566283899948057,22,556.034482758621,1004.93103448276
"distance",20,60,0.9,18,1616967387,"outputs/wcrit/01_distance_sensitivity/designs/distance_m20_n060_lambda090_rep18.rds",0.652309691682338,6000,0.745999999999995,59,96.6101694915254,9682.8384180791,0.617021276595745,0.969905427461675,0.652309691682338,95,9419.49152542373,18170.1355932203
"distance",5,20,0.9,18,1644239224,"outputs/wcrit/01_distance_sensitivity/designs/distance_m05_n020_lambda090_rep18.rds",0.320340314136126,6000,0.046999999999997,2,5.26315789473684,31.3263157894737,0.25,0.953403141361256,0.320340314136126,5,30.7017543859649,44.1052631578947
"distance",10,40,0.9,18,1594133923,"outputs/wcrit/01_distance_sensitivity/designs/distance_m10_n040_lambda090_rep18.rds",0.52467253660467,6000,0.224999999999994,11,23.0769230769231,568.605128205128,0.476190476190476,0.96101108033241,0.52467253660467,22,551.282051282051,995.589743589744
"distance",20,80,0.9,18,1845310556,"outputs/wcrit/01_distance_sensitivity/designs/distance_m20_n080_lambda090_rep18.rds",0.614637054399998,6000,1.072,55,96.2025316455696,9587.46329113924,0.574468085106383,0.976157778042536,0.614637054399998,95,9379.74683544304,18091.8734177215
"distance",5,25,0.9,18,951894214,"outputs/wcrit/01_distance_sensitivity/designs/distance_m05_n025_lambda090_rep18.rds",0.321446096654275,6000,0.0659999999999883,2,5.2,30.8466666666667,0.25,0.964460966542751,0.321446096654275,5,30.3819444444444,43.4583333333333
"distance",10,50,0.9,18,634563693,"outputs/wcrit/01_distance_sensitivity/designs/distance_m10_n050_lambda090_rep18.rds",0.482546895012742,6000,0.281999999999996,10,22.9591836734694,562.456326530612,0.428571428571429,0.968326092984564,0.482546895012742,22,548.469387755102,990.061224489796
"distance",20,100,0.9,18,1841622232,"outputs/wcrit/01_distance_sensitivity/designs/distance_m20_n100_lambda090_rep18.rds",0.595977456743531,6000,1.593,53,95.959595959596,9520.7103030303,0.553191489361702,0.981051163179994,0.595977456743531,95,9356.06060606061,18045.2323232323
"distance",5,5,1,18,1763567112,"outputs/wcrit/01_distance_sensitivity/designs/distance_m05_n005_lambda100_rep18.rds",0.75,6000,0.0289999999999964,4,6,40.2,0.75,0.806047516198704,0.75,5,36.4583333333333,55.75
"distance",10,10,1,18,1547041099,"outputs/wcrit/01_distance_sensitivity/designs/distance_m10_n010_lambda100_rep18.rds",0.904761904761905,6000,0.0489999999999924,20,25,676.288888888889,0.904761904761905,0.838199181446112,0.904761904761905,22,597.222222222222,1085.88888888889
"distance",20,20,1,18,1281556695,"outputs/wcrit/01_distance_sensitivity/designs/distance_m20_n020_lambda100_rep18.rds",0.776595744680851,6000,0.190999999999988,74,100,10590.5684210526,0.776595744680851,0.907333998653886,0.776595744680851,95,9750,18820.9473684211
"distance",5,10,1,18,1724126804,"outputs/wcrit/01_distance_sensitivity/designs/distance_m05_n010_lambda100_rep18.rds",0.75,6000,0.0360000000000014,4,5.55555555555556,33.8666666666667,0.75,0.903667481662591,0.75,5,32.4074074074074,47.5555555555556
"distance",10,20,1,18,283722714,"outputs/wcrit/01_distance_sensitivity/designs/distance_m10_n020_lambda100_rep18.rds",0.666666666666667,6000,0.097999999999999,15,23.6842105263158,605.621052631579,0.666666666666667,0.91309141019752,0.666666666666667,22,565.789473684211,1024.10526315789
"distance",20,40,1,18,902403554,"outputs/wcrit/01_distance_sensitivity/designs/distance_m20_n040_lambda100_rep18.rds",0.680851063829787,6000,0.448000000000008,65,97.4358974358974,9889.72820512821,0.680851063829787,0.955856504742709,0.680851063829787,95,9500,18328.6666666667
"distance",5,15,1,18,1348048449,"outputs/wcrit/01_distance_sensitivity/designs/distance_m05_n015_lambda100_rep18.rds",0.5,6000,0.0439999999999969,3,5.33333333333333,31.7714285714286,0.5,0.962659846547315,0.5,5,31.25,45.2142857142857
"distance",10,30,1,18,1167887958,"outputs/wcrit/01_distance_sensitivity/designs/distance_m10_n030_lambda100_rep18.rds",0.571428571428571,6000,0.172000000000011,13,23.2758620689655,580.6,0.571428571428571,0.945275772007989,0.571428571428571,22,556.034482758621,1004.93103448276
"distance",20,60,1,18,523250413,"outputs/wcrit/01_distance_sensitivity/designs/distance_m20_n060_lambda100_rep18.rds",0.617021276595745,6000,0.828000000000003,59,96.6101694915254,9684.77062146893,0.617021276595745,0.969684620470229,0.617021276595745,95,9419.49152542373,18170.1355932203
"distance",5,20,1,18,460808419,"outputs/wcrit/01_distance_sensitivity/designs/distance_m05_n020_lambda100_rep18.rds",0.25,6000,0.0630000000000024,2,5.26315789473684,31.7473684210526,0.25,0.921989528795812,0.25,5,30.7017543859649,44.1052631578947
"distance",10,40,1,18,2052053202,"outputs/wcrit/01_distance_sensitivity/designs/distance_m10_n040_lambda100_rep18.rds",0.523809523809524,6000,0.228000000000009,12,23.0769230769231,570.010256410256,0.523809523809524,0.957848568790397,0.523809523809524,22,551.282051282051,995.589743589744
"distance",20,80,1,18,144097272,"outputs/wcrit/01_distance_sensitivity/designs/distance_m20_n080_lambda100_rep18.rds",0.595744680851064,6000,1.19600000000001,57,96.2025316455696,9576.36582278481,0.595744680851064,0.977431573625007,0.595744680851064,95,9379.74683544304,18091.8734177215
"distance",5,25,1,18,84730064,"outputs/wcrit/01_distance_sensitivity/designs/distance_m05_n025_lambda100_rep18.rds",0.25,6000,0.0640000000000072,2,5.2,31.6133333333333,0.25,0.90583112055231,0.25,5,30.3819444444444,43.4583333333333
"distance",10,50,1,18,788734817,"outputs/wcrit/01_distance_sensitivity/designs/distance_m10_n050_lambda100_rep18.rds",0.428571428571429,6000,0.284999999999997,10,22.9591836734694,565.101224489796,0.428571428571429,0.962336630002773,0.428571428571429,22,548.469387755102,990.061224489796
"distance",20,100,1,18,237950138,"outputs/wcrit/01_distance_sensitivity/designs/distance_m20_n100_lambda100_rep18.rds",0.563829787234043,6000,1.58199999999999,54,95.959595959596,9520.80080808081,0.563829787234043,0.981040747336753,0.563829787234043,95,9356.06060606061,18045.2323232323
"distance",5,5,0,19,1761319022,"outputs/wcrit/01_distance_sensitivity/designs/distance_m05_n005_lambda000_rep19.rds",0.806047516198704,6000,0.0120000000000005,4,6,40.2,0.75,0.806047516198704,0.806047516198704,5,36.4583333333333,55.75
"distance",10,10,0,19,1544793009,"outputs/wcrit/01_distance_sensitivity/designs/distance_m10_n010_lambda000_rep19.rds",0.835288767621646,6000,0.0470000000000113,19,25,677.711111111111,0.857142857142857,0.835288767621646,0.835288767621646,22,597.222222222222,1085.88888888889
"distance",20,20,0,19,1279308605,"outputs/wcrit/01_distance_sensitivity/designs/distance_m20_n020_lambda000_rep19.rds",0.911244690974076,6000,0.196999999999989,72,100,10555.0947368421,0.75531914893617,0.911244690974076,0.911244690974076,95,9750,18820.9473684211
"distance",5,10,0,19,1721878714,"outputs/wcrit/01_distance_sensitivity/designs/distance_m05_n010_lambda000_rep19.rds",0.903667481662591,6000,0.0330000000000013,4,5.55555555555556,33.8666666666667,0.75,0.903667481662591,0.903667481662591,5,32.4074074074074,47.5555555555556
"distance",10,20,0,19,281474624,"outputs/wcrit/01_distance_sensitivity/designs/distance_m10_n020_lambda000_rep19.rds",0.922002756086357,6000,0.0949999999999989,12,23.6842105263158,601.536842105263,0.523809523809524,0.922002756086357,0.922002756086357,22,565.789473684211,1024.10526315789
"distance",20,40,0,19,900155464,"outputs/wcrit/01_distance_sensitivity/designs/distance_m20_n040_lambda000_rep19.rds",0.956142287071835,6000,0.448999999999998,54,97.4358974358974,9887.20512820513,0.563829787234043,0.956142287071835,0.956142287071835,95,9500,18328.6666666667
"distance",5,15,0,19,1345800359,"outputs/wcrit/01_distance_sensitivity/designs/distance_m05_n015_lambda000_rep19.rds",0.966751918158568,6000,0.0450000000000017,2,5.33333333333333,31.7142857142857,0.25,0.966751918158568,0.966751918158568,5,31.25,45.2142857142857
"distance",10,30,0,19,1165639868,"outputs/wcrit/01_distance_sensitivity/designs/distance_m10_n030_lambda000_rep19.rds",0.949495570236083,6000,0.165999999999997,7,23.2758620689655,578.705747126437,0.285714285714286,0.949495570236083,0.949495570236083,22,556.034482758621,1004.93103448276
"distance",20,60,0,19,521002323,"outputs/wcrit/01_distance_sensitivity/designs/distance_m20_n060_lambda000_rep19.rds",0.97035401429693,6000,0.727999999999994,56,96.6101694915254,9678.91299435028,0.585106382978723,0.97035401429693,0.97035401429693,95,9419.49152542373,18170.1355932203
"distance",5,20,0,19,458560329,"outputs/wcrit/01_distance_sensitivity/designs/distance_m05_n020_lambda000_rep19.rds",0.961256544502618,6000,0.046999999999997,2,5.26315789473684,31.2210526315789,0.25,0.961256544502618,0.961256544502618,5,30.7017543859649,44.1052631578947
"distance",10,40,0,19,2049805112,"outputs/wcrit/01_distance_sensitivity/designs/distance_m10_n040_lambda000_rep19.rds",0.9634810710988,6000,0.231000000000009,10,23.0769230769231,567.507692307692,0.428571428571429,0.9634810710988,0.9634810710988,22,551.282051282051,995.589743589744
"distance",20,80,0,19,141849182,"outputs/wcrit/01_distance_sensitivity/designs/distance_m20_n080_lambda000_rep19.rds",0.978449360559558,6000,1.16,53,96.2025316455696,9567.49873417722,0.553191489361702,0.978449360559558,0.978449360559558,95,9379.74683544304,18091.8734177215
"distance",5,25,0,19,82481974,"outputs/wcrit/01_distance_sensitivity/designs/distance_m05_n025_lambda000_rep19.rds",0.974147636749867,6000,0.078000000000003,1,5.2,30.72,0,0.974147636749867,0.974147636749867,5,30.3819444444444,43.4583333333333
"distance",10,50,0,19,786486727,"outputs/wcrit/01_distance_sensitivity/designs/distance_m10_n050_lambda000_rep19.rds",0.971135964506886,6000,0.284999999999997,7,22.9591836734694,561.215510204082,0.285714285714286,0.971135964506886,0.971135964506886,22,548.469387755102,990.061224489796
"distance",20,100,0,19,235702048,"outputs/wcrit/01_distance_sensitivity/designs/distance_m20_n100_lambda000_rep19.rds",0.982801675834779,6000,1.595,47,95.959595959596,9505.4997979798,0.48936170212766,0.982801675834779,0.982801675834779,95,9356.06060606061,18045.2323232323
"distance",5,5,0.1,19,816123551,"outputs/wcrit/01_distance_sensitivity/designs/distance_m05_n005_lambda010_rep19.rds",0.800442764578834,6000,0.0139999999999958,4,6,40.2,0.75,0.806047516198704,0.800442764578834,5,36.4583333333333,55.75
"distance",10,10,0.1,19,159892628,"outputs/wcrit/01_distance_sensitivity/designs/distance_m10_n010_lambda010_rep19.rds",0.842890924446177,6000,0.0480000000000018,20,25,677.355555555556,0.904761904761905,0.836016371077762,0.842890924446177,22,597.222222222222,1085.88888888889
"distance",20,20,0.1,19,1142296322,"outputs/wcrit/01_distance_sensitivity/designs/distance_m20_n020_lambda010_rep19.rds",0.894148202869108,6000,0.188999999999993,72,100,10570.2526315789,0.75531914893617,0.909573653306102,0.894148202869108,95,9750,18820.9473684211
"distance",5,10,0.1,19,438341098,"outputs/wcrit/01_distance_sensitivity/designs/distance_m05_n010_lambda010_rep19.rds",0.888300733496332,6000,0.0170000000000101,4,5.55555555555556,33.8666666666667,0.75,0.903667481662591,0.888300733496332,5,32.4074074074074,47.5555555555556
"distance",10,20,0.1,19,1347806027,"outputs/wcrit/01_distance_sensitivity/designs/distance_m10_n020_lambda010_rep19.rds",0.891342826519675,6000,0.0999999999999943,15,23.6842105263158,604.147368421053,0.666666666666667,0.916306844281121,0.891342826519675,22,565.789473684211,1024.10526315789
"distance",20,40,0.1,19,1370639491,"outputs/wcrit/01_distance_sensitivity/designs/distance_m20_n040_lambda010_rep19.rds",0.923400126281086,6000,0.427999999999997,61,97.4358974358974,9896.6,0.638297872340426,0.955078154496715,0.923400126281086,95,9500,18328.6666666667
"distance",5,15,0.1,19,1893479717,"outputs/wcrit/01_distance_sensitivity/designs/distance_m05_n015_lambda010_rep19.rds",0.879117647058824,6000,0.0479999999999876,2,5.33333333333333,31.9619047619048,0.25,0.949019607843137,0.879117647058824,5,31.25,45.2142857142857
"distance",10,30,0.1,19,388235797,"outputs/wcrit/01_distance_sensitivity/designs/distance_m10_n030_lambda010_rep19.rds",0.907738150107178,6000,0.149000000000001,12,23.2758620689655,578.301149425287,0.523809523809524,0.950396886362473,0.907738150107178,22,556.034482758621,1004.93103448276
"distance",20,60,0.1,19,1598982660,"outputs/wcrit/01_distance_sensitivity/designs/distance_m20_n060_lambda010_rep19.rds",0.933311926841427,6000,0.739000000000004,59,96.6101694915254,9695.52768361582,0.617021276595745,0.96845533242428,0.933311926841427,95,9419.49152542373,18170.1355932203
"distance",5,20,0.1,19,1626254497,"outputs/wcrit/01_distance_sensitivity/designs/distance_m05_n020_lambda010_rep19.rds",0.888717277486911,6000,0.0530000000000115,2,5.26315789473684,31.2421052631579,0.25,0.959685863874345,0.888717277486911,5,30.7017543859649,44.1052631578947
"distance",10,40,0.1,19,1576149196,"outputs/wcrit/01_distance_sensitivity/designs/distance_m10_n040_lambda010_rep19.rds",0.907600910170162,6000,0.23299999999999,10,23.0769230769231,568.687179487179,0.428571428571429,0.960826408125577,0.907600910170162,22,551.282051282051,995.589743589744
"distance",20,80,0.1,19,1827325829,"outputs/wcrit/01_distance_sensitivity/designs/distance_m20_n080_lambda010_rep19.rds",0.93642961728293,6000,1.185,55,96.2025316455696,9583.19620253165,0.574468085106383,0.976647565302546,0.93642961728293,95,9379.74683544304,18091.8734177215
"distance",5,25,0.1,19,933909487,"outputs/wcrit/01_distance_sensitivity/designs/distance_m05_n025_lambda010_rep19.rds",0.886591078066914,6000,0.0769999999999982,2,5.2,30.94,0.25,0.957323420074349,0.886591078066914,5,30.3819444444444,43.4583333333333
"distance",10,50,0.1,19,616578966,"outputs/wcrit/01_distance_sensitivity/designs/distance_m10_n050_lambda010_rep19.rds",0.912234349623018,6000,0.302000000000007,10,22.9591836734694,563.494693877551,0.428571428571429,0.965974674184305,0.912234349623018,22,548.469387755102,990.061224489796
"distance",20,100,0.1,19,1823637505,"outputs/wcrit/01_distance_sensitivity/designs/distance_m20_n100_lambda010_rep19.rds",0.938930349687599,6000,1.57900000000001,53,95.959595959596,9514.28848484848,0.553191489361702,0.981790223057143,0.938930349687599,95,9356.06060606061,18045.2323232323
"distance",5,5,0.2,19,818371642,"outputs/wcrit/01_distance_sensitivity/designs/distance_m05_n005_lambda020_rep19.rds",0.794838012958963,6000,0.0300000000000011,4,6,40.2,0.75,0.806047516198704,0.794838012958963,5,36.4583333333333,55.75
"distance",10,10,0.2,19,162140719,"outputs/wcrit/01_distance_sensitivity/designs/distance_m10_n010_lambda020_rep19.rds",0.838786461378549,6000,0.0459999999999923,19,25,678.244444444444,0.857142857142857,0.834197362437472,0.838786461378549,22,597.222222222222,1085.88888888889
"distance",20,20,0.2,19,1144544413,"outputs/wcrit/01_distance_sensitivity/designs/distance_m20_n020_lambda020_rep19.rds",0.882799827563134,6000,0.183000000000007,74,100,10572.2736842105,0.776595744680851,0.909350848283705,0.882799827563134,95,9750,18820.9473684211
"distance",5,10,0.2,19,440589189,"outputs/wcrit/01_distance_sensitivity/designs/distance_m05_n010_lambda020_rep19.rds",0.854156479217604,6000,0.0210000000000008,4,5.55555555555556,34.2222222222222,0.75,0.880195599022005,0.854156479217604,5,32.4074074074074,47.5555555555556
"distance",10,20,0.2,19,1350054118,"outputs/wcrit/01_distance_sensitivity/designs/distance_m10_n020_lambda020_rep19.rds",0.863028632674935,6000,0.0990000000000038,14,23.6842105263158,600.610526315789,0.619047619047619,0.924023886081764,0.863028632674935,22,565.789473684211,1024.10526315789
"distance",20,40,0.2,19,1372887582,"outputs/wcrit/01_distance_sensitivity/designs/distance_m20_n040_lambda020_rep19.rds",0.896081971725049,6000,0.426999999999992,63,97.4358974358974,9895.44615384615,0.659574468085106,0.955208847635035,0.896081971725049,95,9500,18328.6666666667
"distance",5,15,0.2,19,1895727808,"outputs/wcrit/01_distance_sensitivity/designs/distance_m05_n015_lambda020_rep19.rds",0.823401534526854,6000,0.0300000000000011,2,5.33333333333333,31.7142857142857,0.25,0.966751918158568,0.823401534526854,5,31.25,45.2142857142857
"distance",10,30,0.2,19,390483888,"outputs/wcrit/01_distance_sensitivity/designs/distance_m10_n030_lambda020_rep19.rds",0.864423911214509,6000,0.154000000000011,12,23.2758620689655,578.668965517241,0.523809523809524,0.949577508065755,0.864423911214509,22,556.034482758621,1004.93103448276
"distance",20,60,0.2,19,1601230751,"outputs/wcrit/01_distance_sensitivity/designs/distance_m20_n060_lambda020_rep19.rds",0.896621622809678,6000,0.731999999999999,58,96.6101694915254,9689.17514124294,0.606382978723404,0.969181283831247,0.896621622809678,95,9419.49152542373,18170.1355932203
"distance",5,20,0.2,19,1628502588,"outputs/wcrit/01_distance_sensitivity/designs/distance_m05_n020_lambda020_rep19.rds",0.819005235602094,6000,0.0489999999999924,2,5.26315789473684,31.2210526315789,0.25,0.961256544502618,0.819005235602094,5,30.7017543859649,44.1052631578947
"distance",10,40,0.2,19,1578397287,"outputs/wcrit/01_distance_sensitivity/designs/distance_m10_n040_lambda020_rep19.rds",0.862255639097744,6000,0.219999999999999,11,23.0769230769231,569.6,0.476190476190476,0.958771929824561,0.862255639097744,22,551.282051282051,995.589743589744
"distance",20,80,0.2,19,1829573920,"outputs/wcrit/01_distance_sensitivity/designs/distance_m20_n080_lambda020_rep19.rds",0.900134089993343,6000,1.098,57,96.2025316455696,9586.82151898734,0.595744680851064,0.976231442278913,0.900134089993343,95,9379.74683544304,18091.8734177215
"distance",5,25,0.2,19,936157578,"outputs/wcrit/01_distance_sensitivity/designs/distance_m05_n025_lambda020_rep19.rds",0.83176526818906,6000,0.078000000000003,2,5.2,30.68,0.25,0.977206585236325,0.83176526818906,5,30.3819444444444,43.4583333333333
"distance",10,50,0.2,19,618827057,"outputs/wcrit/01_distance_sensitivity/designs/distance_m10_n050_lambda020_rep19.rds",0.858434869871786,6000,0.302999999999997,10,22.9591836734694,563.527346938776,0.428571428571429,0.965900730196876,0.858434869871786,22,548.469387755102,990.061224489796
"distance",20,100,0.2,19,1825885596,"outputs/wcrit/01_distance_sensitivity/designs/distance_m20_n100_lambda020_rep19.rds",0.89672362448392,6000,1.503,54,95.959595959596,9530.30383838384,0.563829787234043,0.979947083796389,0.89672362448392,95,9356.06060606061,18045.2323232323
"distance",5,5,0.3,19,820619733,"outputs/wcrit/01_distance_sensitivity/designs/distance_m05_n005_lambda030_rep19.rds",0.789233261339093,6000,0.0130000000000052,4,6,40.2,0.75,0.806047516198704,0.789233261339093,5,36.4583333333333,55.75
"distance",10,10,0.3,19,164388810,"outputs/wcrit/01_distance_sensitivity/designs/distance_m10_n010_lambda030_rep19.rds",0.856894692392646,6000,0.046999999999997,20,25,677.177777777778,0.904761904761905,0.836380172805821,0.856894692392646,22,597.222222222222,1085.88888888889
"distance",20,20,0.3,19,1146792504,"outputs/wcrit/01_distance_sensitivity/designs/distance_m20_n020_lambda030_rep19.rds",0.873883908312178,6000,0.189999999999998,75,100,10557.1368421053,0.787234042553192,0.911019565066029,0.873883908312178,95,9750,18820.9473684211
"distance",5,10,0.3,19,442837280,"outputs/wcrit/01_distance_sensitivity/designs/distance_m05_n010_lambda030_rep19.rds",0.841136919315403,6000,0.0359999999999872,4,5.55555555555556,34.2222222222222,0.75,0.880195599022005,0.841136919315403,5,32.4074074074074,47.5555555555556
"distance",10,20,0.3,19,1352302209,"outputs/wcrit/01_distance_sensitivity/designs/distance_m10_n020_lambda030_rep19.rds",0.8318879191548,6000,0.097999999999999,14,23.6842105263158,601.031578947368,0.619047619047619,0.923105190629306,0.8318879191548,22,565.789473684211,1024.10526315789
"distance",20,40,0.3,19,1375135673,"outputs/wcrit/01_distance_sensitivity/designs/distance_m20_n040_lambda030_rep19.rds",0.87000236916072,6000,0.421000000000006,64,97.4358974358974,9891.75897435897,0.670212765957447,0.955626484819266,0.87000236916072,95,9500,18328.6666666667
"distance",5,15,0.3,19,1897975899,"outputs/wcrit/01_distance_sensitivity/designs/distance_m05_n015_lambda030_rep19.rds",0.800946291560102,6000,0.0439999999999969,3,5.33333333333333,32.2285714285714,0.5,0.929923273657289,0.800946291560102,5,31.25,45.2142857142857
"distance",10,30,0.3,19,392731979,"outputs/wcrit/01_distance_sensitivity/designs/distance_m10_n030_lambda030_rep19.rds",0.829708901228336,6000,0.171999999999997,13,23.2758620689655,582.788505747126,0.571428571428571,0.940400471142521,0.829708901228336,22,556.034482758621,1004.93103448276
"distance",20,60,0.3,19,1603478842,"outputs/wcrit/01_distance_sensitivity/designs/distance_m20_n060_lambda030_rep19.rds",0.859589938036673,6000,0.741000000000014,58,96.6101694915254,9698.57401129944,0.606382978723404,0.968107206313789,0.859589938036673,95,9419.49152542373,18170.1355932203
"distance",5,20,0.3,19,1630750679,"outputs/wcrit/01_distance_sensitivity/designs/distance_m05_n020_lambda030_rep19.rds",0.746780104712042,6000,0.0499999999999972,2,5.26315789473684,31.2421052631579,0.25,0.959685863874345,0.746780104712042,5,30.7017543859649,44.1052631578947
"distance",10,40,0.3,19,1580645378,"outputs/wcrit/01_distance_sensitivity/designs/distance_m10_n040_lambda030_rep19.rds",0.816114298905158,6000,0.225999999999999,11,23.0769230769231,568.25641025641,0.476190476190476,0.96179593721145,0.816114298905158,22,551.282051282051,995.589743589744
"distance",20,80,0.3,19,1831822011,"outputs/wcrit/01_distance_sensitivity/designs/distance_m20_n080_lambda030_rep19.rds",0.859266575442423,6000,1.08500000000001,56,96.2025316455696,9582.1835443038,0.585106382978723,0.976763800784008,0.859266575442423,95,9379.74683544304,18091.8734177215
"distance",5,25,0.3,19,938405669,"outputs/wcrit/01_distance_sensitivity/designs/distance_m05_n025_lambda030_rep19.rds",0.745840148698885,6000,0.0810000000000031,2,5.2,30.9266666666667,0.25,0.958343069569835,0.745840148698885,5,30.3819444444444,43.4583333333333
"distance",10,50,0.3,19,621075148,"outputs/wcrit/01_distance_sensitivity/designs/distance_m10_n050_lambda030_rep19.rds",0.803739188992909,6000,0.300999999999988,10,22.9591836734694,564.134693877551,0.428571428571429,0.964525372030687,0.803739188992909,22,548.469387755102,990.061224489796
"distance",20,100,0.3,19,1828133687,"outputs/wcrit/01_distance_sensitivity/designs/distance_m20_n100_lambda030_rep19.rds",0.849329129071076,6000,1.47499999999999,52,95.959595959596,9522.85333333333,0.542553191489362,0.98080453089181,0.849329129071076,95,9356.06060606061,18045.2323232323
"distance",5,5,0.4,19,822867824,"outputs/wcrit/01_distance_sensitivity/designs/distance_m05_n005_lambda040_rep19.rds",0.783628509719222,6000,0.0130000000000052,4,6,40.2,0.75,0.806047516198704,0.783628509719222,5,36.4583333333333,55.75
"distance",10,10,0.4,19,166636901,"outputs/wcrit/01_distance_sensitivity/designs/distance_m10_n010_lambda040_rep19.rds",0.861986617293575,6000,0.0480000000000018,20,25,678.6,0.904761904761905,0.833469758981355,0.861986617293575,22,597.222222222222,1085.88888888889
"distance",20,20,0.4,19,1149040595,"outputs/wcrit/01_distance_sensitivity/designs/distance_m20_n020_lambda040_rep19.rds",0.860225619713504,6000,0.190000000000012,75,100,10576.4842105263,0.787234042553192,0.908886671153712,0.860225619713504,95,9750,18820.9473684211
"distance",5,10,0.4,19,445085371,"outputs/wcrit/01_distance_sensitivity/designs/distance_m05_n010_lambda040_rep19.rds",0.828117359413203,6000,0.0350000000000108,4,5.55555555555556,34.2222222222222,0.75,0.880195599022005,0.828117359413203,5,32.4074074074074,47.5555555555556
"distance",10,20,0.4,19,1354550300,"outputs/wcrit/01_distance_sensitivity/designs/distance_m10_n020_lambda040_rep19.rds",0.809395192160465,6000,0.0959999999999894,15,23.6842105263158,609.536842105263,0.666666666666667,0.904547542489665,0.809395192160465,22,565.789473684211,1024.10526315789
"distance",20,40,0.4,19,1377383764,"outputs/wcrit/01_distance_sensitivity/designs/distance_m20_n040_lambda040_rep19.rds",0.845953655162663,6000,0.457999999999998,65,97.4358974358974,9888.26666666667,0.680851063829787,0.956022049384581,0.845953655162663,95,9500,18328.6666666667
"distance",5,15,0.4,19,1900223990,"outputs/wcrit/01_distance_sensitivity/designs/distance_m05_n015_lambda040_rep19.rds",0.66613810741688,6000,0.0450000000000017,2,5.33333333333333,32.0380952380952,0.25,0.943563512361466,0.66613810741688,5,31.25,45.2142857142857
"distance",10,30,0.4,19,394980070,"outputs/wcrit/01_distance_sensitivity/designs/distance_m10_n030_lambda040_rep19.rds",0.798588328248798,6000,0.170999999999992,13,23.2758620689655,578.466666666667,0.571428571428571,0.95002816612895,0.798588328248798,22,556.034482758621,1004.93103448276
"distance",20,60,0.4,19,1605726933,"outputs/wcrit/01_distance_sensitivity/designs/distance_m20_n060_lambda040_rep19.rds",0.82309521454626,6000,0.744,58,96.6101694915254,9703.27457627119,0.606382978723404,0.967570038428164,0.82309521454626,95,9419.49152542373,18170.1355932203
"distance",5,20,0.4,19,1632998770,"outputs/wcrit/01_distance_sensitivity/designs/distance_m05_n020_lambda040_rep19.rds",0.669214659685864,6000,0.046999999999997,2,5.26315789473684,31.3894736842105,0.25,0.94869109947644,0.669214659685864,5,30.7017543859649,44.1052631578947
"distance",10,40,0.4,19,1582893469,"outputs/wcrit/01_distance_sensitivity/designs/distance_m10_n040_lambda040_rep19.rds",0.766528822055138,6000,0.221000000000004,11,23.0769230769231,569.015384615385,0.476190476190476,0.960087719298246,0.766528822055138,22,551.282051282051,995.589743589744
"distance",20,80,0.4,19,1834070102,"outputs/wcrit/01_distance_sensitivity/designs/distance_m20_n080_lambda040_rep19.rds",0.815881082570286,6000,1.092,55,96.2025316455696,9581.6670886076,0.574468085106383,0.976823080879554,0.815881082570286,95,9379.74683544304,18091.8734177215
"distance",5,25,0.4,19,940653760,"outputs/wcrit/01_distance_sensitivity/designs/distance_m05_n025_lambda040_rep19.rds",0.685406266595858,6000,0.061000000000007,2,5.2,30.7,0.25,0.975677110993096,0.685406266595858,5,30.3819444444444,43.4583333333333
"distance",10,50,0.4,19,623323239,"outputs/wcrit/01_distance_sensitivity/designs/distance_m10_n050_lambda040_rep19.rds",0.752300001320428,6000,0.289000000000001,10,22.9591836734694,562.547755102041,0.428571428571429,0.968119049819762,0.752300001320428,22,548.469387755102,990.061224489796
"distance",20,100,0.4,19,1830381778,"outputs/wcrit/01_distance_sensitivity/designs/distance_m20_n100_lambda040_rep19.rds",0.809663339724184,6000,1.498,53,95.959595959596,9524.24323232323,0.553191489361702,0.980644573299172,0.809663339724184,95,9356.06060606061,18045.2323232323
"distance",5,5,0.5,19,825115915,"outputs/wcrit/01_distance_sensitivity/designs/distance_m05_n005_lambda050_rep19.rds",0.778023758099352,6000,0.0130000000000052,4,6,40.2,0.75,0.806047516198704,0.778023758099352,5,36.4583333333333,55.75
"distance",10,10,0.5,19,168884992,"outputs/wcrit/01_distance_sensitivity/designs/distance_m10_n010_lambda050_rep19.rds",0.870207237055805,6000,0.0460000000000065,20,25,677.533333333333,0.904761904761905,0.835652569349704,0.870207237055805,22,597.222222222222,1085.88888888889
"distance",20,20,0.5,19,1151288686,"outputs/wcrit/01_distance_sensitivity/designs/distance_m20_n020_lambda050_rep19.rds",0.836019083605708,6000,0.191000000000003,73,100,10601.9368421053,0.765957446808511,0.906080720402906,0.836019083605708,95,9750,18820.9473684211
"distance",5,10,0.5,19,447333462,"outputs/wcrit/01_distance_sensitivity/designs/distance_m05_n010_lambda050_rep19.rds",0.826833740831296,6000,0.0180000000000007,4,5.55555555555556,33.8666666666667,0.75,0.903667481662591,0.826833740831296,5,32.4074074074074,47.5555555555556
"distance",10,20,0.5,19,1356798391,"outputs/wcrit/01_distance_sensitivity/designs/distance_m10_n020_lambda050_rep19.rds",0.79589649364569,6000,0.097999999999999,15,23.6842105263158,600.105263157895,0.666666666666667,0.925126320624713,0.79589649364569,22,565.789473684211,1024.10526315789
"distance",20,40,0.5,19,1379631855,"outputs/wcrit/01_distance_sensitivity/designs/distance_m20_n040_lambda050_rep19.rds",0.813370661930158,6000,0.442000000000007,64,97.4358974358974,9883.79487179487,0.670212765957447,0.956528557902869,0.813370661930158,95,9500,18328.6666666667
"distance",5,15,0.5,19,1902472081,"outputs/wcrit/01_distance_sensitivity/designs/distance_m05_n015_lambda050_rep19.rds",0.721099744245524,6000,0.0480000000000018,3,5.33333333333333,32.0571428571429,0.5,0.942199488491049,0.721099744245524,5,31.25,45.2142857142857
"distance",10,30,0.5,19,397228161,"outputs/wcrit/01_distance_sensitivity/designs/distance_m10_n030_lambda050_rep19.rds",0.758925736525982,6000,0.165000000000006,13,23.2758620689655,580.085057471264,0.571428571428571,0.946422901623393,0.758925736525982,22,556.034482758621,1004.93103448276
"distance",20,60,0.5,19,1607975024,"outputs/wcrit/01_distance_sensitivity/designs/distance_m20_n060_lambda050_rep19.rds",0.793726254388117,6000,0.748999999999995,59,96.6101694915254,9678.23728813559,0.617021276595745,0.970431232180488,0.793726254388117,95,9419.49152542373,18170.1355932203
"distance",5,20,0.5,19,1635246861,"outputs/wcrit/01_distance_sensitivity/designs/distance_m05_n020_lambda050_rep19.rds",0.604842931937173,6000,0.0499999999999972,2,5.26315789473684,31.2421052631579,0.25,0.959685863874345,0.604842931937173,5,30.7017543859649,44.1052631578947
"distance",10,40,0.5,19,1585141560,"outputs/wcrit/01_distance_sensitivity/designs/distance_m10_n040_lambda050_rep19.rds",0.719143252869015,6000,0.225999999999999,11,23.0769230769231,568.123076923077,0.476190476190476,0.962096029547553,0.719143252869015,22,551.282051282051,995.589743589744
"distance",20,80,0.5,19,1836318193,"outputs/wcrit/01_distance_sensitivity/designs/distance_m20_n080_lambda050_rep19.rds",0.780925865690025,6000,1.09100000000001,56,96.2025316455696,9582.34430379747,0.585106382978723,0.976745348401326,0.780925865690025,95,9379.74683544304,18091.8734177215
"distance",5,25,0.5,19,942901851,"outputs/wcrit/01_distance_sensitivity/designs/distance_m05_n025_lambda050_rep19.rds",0.610799256505576,6000,0.0840000000000032,2,5.2,30.7533333333333,0.25,0.971598513011152,0.610799256505576,5,30.3819444444444,43.4583333333333
"distance",10,50,0.5,19,625571330,"outputs/wcrit/01_distance_sensitivity/designs/distance_m10_n050_lambda050_rep19.rds",0.70063750280591,6000,0.300999999999988,10,22.9591836734694,560.523265306122,0.428571428571429,0.972703577040392,0.70063750280591,22,548.469387755102,990.061224489796
"distance",20,100,0.5,19,1832629869,"outputs/wcrit/01_distance_sensitivity/designs/distance_m20_n100_lambda050_rep19.rds",0.766891759225832,6000,1.49100000000001,53,95.959595959596,9524.6997979798,0.553191489361702,0.980592029089962,0.766891759225832,95,9356.06060606061,18045.2323232323
"distance",5,5,0.6,19,827364006,"outputs/wcrit/01_distance_sensitivity/designs/distance_m05_n005_lambda060_rep19.rds",0.772419006479482,6000,0.0119999999999862,4,6,40.2,0.75,0.806047516198704,0.772419006479482,5,36.4583333333333,55.75
"distance",10,10,0.6,19,171133083,"outputs/wcrit/01_distance_sensitivity/designs/distance_m10_n010_lambda060_rep19.rds",0.876245046449685,6000,0.0499999999999972,20,25,678.6,0.904761904761905,0.833469758981355,0.876245046449685,22,597.222222222222,1085.88888888889
"distance",20,20,0.6,19,1153536777,"outputs/wcrit/01_distance_sensitivity/designs/distance_m20_n020_lambda060_rep19.rds",0.830109047059166,6000,0.209000000000003,74,100,10562.9473684211,0.776595744680851,0.910379000626639,0.830109047059166,95,9750,18820.9473684211
"distance",5,10,0.6,19,449581553,"outputs/wcrit/01_distance_sensitivity/designs/distance_m05_n010_lambda060_rep19.rds",0.811466992665037,6000,0.0390000000000015,4,5.55555555555556,33.8666666666667,0.75,0.903667481662591,0.811466992665037,5,32.4074074074074,47.5555555555556
"distance",10,20,0.6,19,1359046482,"outputs/wcrit/01_distance_sensitivity/designs/distance_m10_n020_lambda060_rep19.rds",0.738906752411576,6000,0.0960000000000036,14,23.6842105263158,603.052631578947,0.619047619047619,0.91869545245751,0.738906752411576,22,565.789473684211,1024.10526315789
"distance",20,40,0.6,19,1381879946,"outputs/wcrit/01_distance_sensitivity/designs/distance_m20_n040_lambda060_rep19.rds",0.776644895187811,6000,0.420000000000002,63,97.4358974358974,9921.5641025641,0.659574468085106,0.952250535841867,0.776644895187811,95,9500,18328.6666666667
"distance",5,15,0.6,19,1904720172,"outputs/wcrit/01_distance_sensitivity/designs/distance_m05_n015_lambda060_rep19.rds",0.676334185848252,6000,0.0450000000000017,3,5.33333333333333,32.0761904761905,0.5,0.940835464620631,0.676334185848252,5,31.25,45.2142857142857
"distance",10,30,0.6,19,399476252,"outputs/wcrit/01_distance_sensitivity/designs/distance_m10_n030_lambda060_rep19.rds",0.694264205605425,6000,0.171999999999997,12,23.2758620689655,578.503448275862,0.523809523809524,0.949946228299278,0.694264205605425,22,556.034482758621,1004.93103448276
"distance",20,60,0.6,19,1610223115,"outputs/wcrit/01_distance_sensitivity/designs/distance_m20_n060_lambda060_rep19.rds",0.764277452048315,6000,0.740000000000009,60,96.6101694915254,9688.97401129944,0.627659574468085,0.96920426841866,0.764277452048315,95,9419.49152542373,18170.1355932203
"distance",5,20,0.6,19,1637494952,"outputs/wcrit/01_distance_sensitivity/designs/distance_m05_n020_lambda060_rep19.rds",0.531989528795812,6000,0.0480000000000018,2,5.26315789473684,31.3052631578947,0.25,0.954973821989529,0.531989528795812,5,30.7017543859649,44.1052631578947
"distance",10,40,0.6,19,1587389651,"outputs/wcrit/01_distance_sensitivity/designs/distance_m10_n040_lambda060_rep19.rds",0.669777074264609,6000,0.224000000000004,11,23.0769230769231,568.984615384615,0.476190476190476,0.960156971375808,0.669777074264609,22,551.282051282051,995.589743589744
"distance",20,80,0.6,19,1838566284,"outputs/wcrit/01_distance_sensitivity/designs/distance_m20_n080_lambda060_rep19.rds",0.742157111666994,6000,1.119,56,96.2025316455696,9573.73797468354,0.585106382978723,0.977733204699401,0.742157111666994,95,9379.74683544304,18091.8734177215
"distance",5,25,0.6,19,945149942,"outputs/wcrit/01_distance_sensitivity/designs/distance_m05_n025_lambda060_rep19.rds",0.534560807222517,6000,0.0829999999999984,2,5.2,30.8866666666667,0.25,0.961402018056293,0.534560807222517,5,30.3819444444444,43.4583333333333
"distance",10,50,0.6,19,627819421,"outputs/wcrit/01_distance_sensitivity/designs/distance_m10_n050_lambda060_rep19.rds",0.674133178403074,6000,0.302999999999997,11,22.9591836734694,561.254693877551,0.476190476190476,0.97104723172197,0.674133178403074,22,548.469387755102,990.061224489796
"distance",20,100,0.6,19,1834877960,"outputs/wcrit/01_distance_sensitivity/designs/distance_m20_n100_lambda060_rep19.rds",0.724612122723723,6000,1.52,53,95.959595959596,9514.69818181818,0.553191489361702,0.981743072766755,0.724612122723723,95,9356.06060606061,18045.2323232323
"distance",5,5,0.7,19,829612097,"outputs/wcrit/01_distance_sensitivity/designs/distance_m05_n005_lambda070_rep19.rds",0.766814254859611,6000,0.012999999999991,4,6,40.2,0.75,0.806047516198704,0.766814254859611,5,36.4583333333333,55.75
"distance",10,10,0.7,19,173381174,"outputs/wcrit/01_distance_sensitivity/designs/distance_m10_n010_lambda070_rep19.rds",0.850804911323329,6000,0.046999999999997,19,25,677.355555555556,0.857142857142857,0.836016371077762,0.850804911323329,22,597.222222222222,1085.88888888889
"distance",20,20,0.7,19,1155784868,"outputs/wcrit/01_distance_sensitivity/designs/distance_m20_n020_lambda070_rep19.rds",0.817115756393917,6000,0.188000000000002,74,100,10551.3052631579,0.776595744680851,0.911662450391069,0.817115756393917,95,9750,18820.9473684211
"distance",5,10,0.7,19,451829644,"outputs/wcrit/01_distance_sensitivity/designs/distance_m05_n010_lambda070_rep19.rds",0.789058679706601,6000,0.0180000000000007,4,5.55555555555556,34.2222222222222,0.75,0.880195599022005,0.789058679706601,5,32.4074074074074,47.5555555555556
"distance",10,20,0.7,19,1361294573,"outputs/wcrit/01_distance_sensitivity/designs/distance_m10_n020_lambda070_rep19.rds",0.742247741540346,6000,0.100999999999999,15,23.6842105263158,603.094736842105,0.666666666666667,0.918603582912265,0.742247741540346,22,565.789473684211,1024.10526315789
"distance",20,40,0.7,19,1384128037,"outputs/wcrit/01_distance_sensitivity/designs/distance_m20_n040_lambda070_rep19.rds",0.74791121344655,6000,0.436999999999998,63,97.4358974358974,9905.85128205128,0.659574468085106,0.954030285956587,0.74791121344655,95,9500,18328.6666666667
"distance",5,15,0.7,19,1906968263,"outputs/wcrit/01_distance_sensitivity/designs/distance_m05_n015_lambda070_rep19.rds",0.462570332480818,6000,0.0289999999999964,2,5.33333333333333,31.8285714285714,0.25,0.958567774936061,0.462570332480818,5,31.25,45.2142857142857
"distance",10,30,0.7,19,401724343,"outputs/wcrit/01_distance_sensitivity/designs/distance_m10_n030_lambda070_rep19.rds",0.650765606595995,6000,0.156999999999996,12,23.2758620689655,579.827586206897,0.523809523809524,0.946996466431095,0.650765606595995,22,556.034482758621,1004.93103448276
"distance",20,60,0.7,19,1612471206,"outputs/wcrit/01_distance_sensitivity/designs/distance_m20_n060_lambda070_rep19.rds",0.722459473386452,6000,0.765000000000001,59,96.6101694915254,9695.29491525424,0.617021276595745,0.96848193256477,0.722459473386452,95,9419.49152542373,18170.1355932203
"distance",5,20,0.7,19,1639743043,"outputs/wcrit/01_distance_sensitivity/designs/distance_m05_n020_lambda070_rep19.rds",0.461020942408377,6000,0.0510000000000019,2,5.26315789473684,31.3263157894737,0.25,0.953403141361256,0.461020942408377,5,30.7017543859649,44.1052631578947
"distance",10,40,0.7,19,1589637742,"outputs/wcrit/01_distance_sensitivity/designs/distance_m10_n040_lambda070_rep19.rds",0.6215189289012,6000,0.225999999999999,11,23.0769230769231,568.779487179487,0.476190476190476,0.96061865189289,0.6215189289012,22,551.282051282051,995.589743589744
"distance",20,80,0.7,19,1840814375,"outputs/wcrit/01_distance_sensitivity/designs/distance_m20_n080_lambda070_rep19.rds",0.70284299529438,6000,1.11,56,96.2025316455696,9575.23164556962,0.585106382978723,0.977561757364244,0.70284299529438,95,9379.74683544304,18091.8734177215
"distance",5,25,0.7,19,947398033,"outputs/wcrit/01_distance_sensitivity/designs/distance_m05_n025_lambda070_rep19.rds",0.465867764206054,6000,0.0859999999999985,2,5.2,30.78,0.25,0.96955921402018,0.465867764206054,5,30.3819444444444,43.4583333333333
"distance",10,50,0.7,19,630067512,"outputs/wcrit/01_distance_sensitivity/designs/distance_m10_n050_lambda070_rep19.rds",0.624434544166128,6000,0.301000000000002,11,22.9591836734694,561.568163265306,0.476190476190476,0.970337369442647,0.624434544166128,22,548.469387755102,990.061224489796
"distance",20,100,0.7,19,1837126051,"outputs/wcrit/01_distance_sensitivity/designs/distance_m20_n100_lambda070_rep19.rds",0.689044968483863,6000,1.511,54,95.959595959596,9519.29777777778,0.563829787234043,0.981213724733443,0.689044968483863,95,9356.06060606061,18045.2323232323
"distance",5,5,0.8,19,831860188,"outputs/wcrit/01_distance_sensitivity/designs/distance_m05_n005_lambda080_rep19.rds",0.761209503239741,6000,0.0109999999999957,4,6,40.2,0.75,0.806047516198704,0.761209503239741,5,36.4583333333333,55.75
"distance",10,10,0.8,19,175629265,"outputs/wcrit/01_distance_sensitivity/designs/distance_m10_n010_lambda080_rep19.rds",0.852699278893003,6000,0.0529999999999973,19,25,677.888888888889,0.857142857142857,0.834924965893588,0.852699278893003,22,597.222222222222,1085.88888888889
"distance",20,20,0.8,19,1158032959,"outputs/wcrit/01_distance_sensitivity/designs/distance_m20_n020_lambda080_rep19.rds",0.794708074558698,6000,0.209999999999994,73,100,10569.0105263158,0.765957446808511,0.90971058555945,0.794708074558698,95,9750,18820.9473684211
"distance",5,10,0.8,19,454077735,"outputs/wcrit/01_distance_sensitivity/designs/distance_m05_n010_lambda080_rep19.rds",0.776039119804401,6000,0.0349999999999966,4,5.55555555555556,34.2222222222222,0.75,0.880195599022005,0.776039119804401,5,32.4074074074074,47.5555555555556
"distance",10,20,0.8,19,1363542664,"outputs/wcrit/01_distance_sensitivity/designs/distance_m10_n020_lambda080_rep19.rds",0.718762823457357,6000,0.119,15,23.6842105263158,599.178947368421,0.666666666666667,0.927147450620119,0.718762823457357,22,565.789473684211,1024.10526315789
"distance",20,40,0.8,19,1386376128,"outputs/wcrit/01_distance_sensitivity/designs/distance_m20_n040_lambda080_rep19.rds",0.710038288455019,6000,0.430999999999997,62,97.4358974358974,9902.17435897436,0.648936170212766,0.954446761424033,0.710038288455019,95,9500,18328.6666666667
"distance",5,15,0.8,19,1909216354,"outputs/wcrit/01_distance_sensitivity/designs/distance_m05_n015_lambda080_rep19.rds",0.391440750213129,6000,0.046999999999997,2,5.33333333333333,31.847619047619,0.25,0.957203751065644,0.391440750213129,5,31.25,45.2142857142857
"distance",10,30,0.8,19,403972434,"outputs/wcrit/01_distance_sensitivity/designs/distance_m10_n030_lambda080_rep19.rds",0.646550344212043,6000,0.167000000000002,13,23.2758620689655,579.809195402299,0.571428571428571,0.947037435345931,0.646550344212043,22,556.034482758621,1004.93103448276
"distance",20,60,0.8,19,1614719297,"outputs/wcrit/01_distance_sensitivity/designs/distance_m20_n060_lambda080_rep19.rds",0.687820256680092,6000,0.844999999999999,59,96.6101694915254,9673.1186440678,0.617021276595745,0.971016177017479,0.687820256680092,95,9419.49152542373,18170.1355932203
"distance",5,20,0.8,19,1641991134,"outputs/wcrit/01_distance_sensitivity/designs/distance_m05_n020_lambda080_rep19.rds",0.389738219895288,6000,0.0490000000000066,2,5.26315789473684,31.3894736842105,0.25,0.94869109947644,0.389738219895288,5,30.7017543859649,44.1052631578947
"distance",10,40,0.8,19,1591885833,"outputs/wcrit/01_distance_sensitivity/designs/distance_m10_n040_lambda080_rep19.rds",0.610054082574858,6000,0.231999999999999,12,23.0769230769231,571.261538461538,0.523809523809524,0.955032317636196,0.610054082574858,22,551.282051282051,995.589743589744
"distance",20,80,0.8,19,1843062466,"outputs/wcrit/01_distance_sensitivity/designs/distance_m20_n080_lambda080_rep19.rds",0.663634101091358,6000,1.205,56,96.2025316455696,9573.63544303797,0.585106382978723,0.977744973541899,0.663634101091358,95,9379.74683544304,18091.8734177215
"distance",5,25,0.8,19,949646124,"outputs/wcrit/01_distance_sensitivity/designs/distance_m05_n025_lambda080_rep19.rds",0.39360594795539,6000,0.0629999999999882,2,5.2,30.8,0.25,0.968029739776952,0.39360594795539,5,30.3819444444444,43.4583333333333
"distance",10,50,0.8,19,632315603,"outputs/wcrit/01_distance_sensitivity/designs/distance_m10_n050_lambda080_rep19.rds",0.574842389271079,6000,0.312000000000012,11,22.9591836734694,561.96,0.476190476190476,0.969450041593493,0.574842389271079,22,548.469387755102,990.061224489796
"distance",20,100,0.8,19,1839374142,"outputs/wcrit/01_distance_sensitivity/designs/distance_m20_n100_lambda080_rep19.rds",0.647382219795464,6000,1.63,54,95.959595959596,9516.01131313131,0.563829787234043,0.981591950041152,0.647382219795464,95,9356.06060606061,18045.2323232323
"distance",5,5,0.9,19,834108279,"outputs/wcrit/01_distance_sensitivity/designs/distance_m05_n005_lambda090_rep19.rds",0.75560475161987,6000,0.0139999999999958,4,6,40.2,0.75,0.806047516198704,0.75560475161987,5,36.4583333333333,55.75
"distance",10,10,0.9,19,177877356,"outputs/wcrit/01_distance_sensitivity/designs/distance_m10_n010_lambda090_rep19.rds",0.854848307672318,6000,0.0480000000000018,19,25,678.244444444444,0.857142857142857,0.834197362437472,0.854848307672318,22,597.222222222222,1085.88888888889
"distance",20,20,0.9,19,1160281050,"outputs/wcrit/01_distance_sensitivity/designs/distance_m20_n020_lambda090_rep19.rds",0.789915583957051,6000,0.298999999999992,74,100,10568.2526315789,0.776595744680851,0.909794137442848,0.789915583957051,95,9750,18820.9473684211
"distance",5,10,0.9,19,456325826,"outputs/wcrit/01_distance_sensitivity/designs/distance_m05_n010_lambda090_rep19.rds",0.765366748166259,6000,0.0169999999999959,4,5.55555555555556,33.8666666666667,0.75,0.903667481662591,0.765366748166259,5,32.4074074074074,47.5555555555556
"distance",10,20,0.9,19,1365790755,"outputs/wcrit/01_distance_sensitivity/designs/distance_m10_n020_lambda090_rep19.rds",0.649820854386771,6000,0.0960000000000036,14,23.6842105263158,599.347368421053,0.619047619047619,0.926779972439137,0.649820854386771,22,565.789473684211,1024.10526315789
"distance",20,40,0.9,19,1388624219,"outputs/wcrit/01_distance_sensitivity/designs/distance_m20_n040_lambda090_rep19.rds",0.698580809699297,6000,0.557000000000002,64,97.4358974358974,9907.06153846154,0.670212765957447,0.953893203375949,0.698580809699297,95,9500,18328.6666666667
"distance",5,15,0.9,19,1911464445,"outputs/wcrit/01_distance_sensitivity/designs/distance_m05_n015_lambda090_rep19.rds",0.320447570332481,6000,0.046999999999997,2,5.33333333333333,31.8857142857143,0.25,0.954475703324808,0.320447570332481,5,31.25,45.2142857142857
"distance",10,30,0.9,19,406220525,"outputs/wcrit/01_distance_sensitivity/designs/distance_m10_n030_lambda090_rep19.rds",0.609235271309323,6000,0.171000000000006,13,23.2758620689655,578.705747126437,0.571428571428571,0.949495570236083,0.609235271309323,22,556.034482758621,1004.93103448276
"distance",20,60,0.9,19,1616967388,"outputs/wcrit/01_distance_sensitivity/designs/distance_m20_n060_lambda090_rep19.rds",0.642508166864039,6000,0.844000000000008,58,96.6101694915254,9702.70734463277,0.606382978723404,0.967634860129747,0.642508166864039,95,9419.49152542373,18170.1355932203
"distance",5,20,0.9,19,1644239225,"outputs/wcrit/01_distance_sensitivity/designs/distance_m05_n020_lambda090_rep19.rds",0.320968586387435,6000,0.0490000000000066,2,5.26315789473684,31.2421052631579,0.25,0.959685863874345,0.320968586387435,5,30.7017543859649,44.1052631578947
"distance",10,40,0.9,19,1594133924,"outputs/wcrit/01_distance_sensitivity/designs/distance_m10_n040_lambda090_rep19.rds",0.524540957657301,6000,0.231999999999999,11,23.0769230769231,569.189743589744,0.476190476190476,0.959695290858726,0.524540957657301,22,551.282051282051,995.589743589744
"distance",20,80,0.9,19,1845310557,"outputs/wcrit/01_distance_sensitivity/designs/distance_m20_n080_lambda090_rep19.rds",0.624261794330837,6000,1.217,56,96.2025316455696,9583.0835443038,0.585106382978723,0.976660496499859,0.624261794330837,95,9379.74683544304,18091.8734177215
"distance",5,25,0.9,19,951894215,"outputs/wcrit/01_distance_sensitivity/designs/distance_m05_n025_lambda090_rep19.rds",0.320987254381306,6000,0.0840000000000032,2,5.2,30.9066666666667,0.25,0.959872543813064,0.320987254381306,5,30.3819444444444,43.4583333333333
"distance",10,50,0.9,19,634563694,"outputs/wcrit/01_distance_sensitivity/designs/distance_m10_n050_lambda090_rep19.rds",0.482520275177267,6000,0.285999999999987,10,22.9591836734694,562.57387755102,0.428571428571429,0.968059894629818,0.482520275177267,22,548.469387755102,990.061224489796
"distance",20,100,0.9,19,1841622233,"outputs/wcrit/01_distance_sensitivity/designs/distance_m20_n100_lambda090_rep19.rds",0.586336922452721,6000,1.63,52,95.959595959596,9526.45090909091,0.542553191489362,0.980390501122958,0.586336922452721,95,9356.06060606061,18045.2323232323
"distance",5,5,1,19,1763567113,"outputs/wcrit/01_distance_sensitivity/designs/distance_m05_n005_lambda100_rep19.rds",0.75,6000,0.0120000000000005,4,6,40.2,0.75,0.806047516198704,0.75,5,36.4583333333333,55.75
"distance",10,10,1,19,1547041100,"outputs/wcrit/01_distance_sensitivity/designs/distance_m10_n010_lambda100_rep19.rds",0.857142857142857,6000,0.0480000000000018,19,25,678.6,0.857142857142857,0.833469758981355,0.857142857142857,22,597.222222222222,1085.88888888889
"distance",20,20,1,19,1281556696,"outputs/wcrit/01_distance_sensitivity/designs/distance_m20_n020_lambda100_rep19.rds",0.765957446808511,6000,0.206000000000003,73,100,10564.4421052632,0.765957446808511,0.910214217745492,0.765957446808511,95,9750,18820.9473684211
"distance",5,10,1,19,1724126805,"outputs/wcrit/01_distance_sensitivity/designs/distance_m05_n010_lambda100_rep19.rds",0.75,6000,0.0180000000000007,4,5.55555555555556,34.2222222222222,0.75,0.880195599022005,0.75,5,32.4074074074074,47.5555555555556
"distance",10,20,1,19,283722715,"outputs/wcrit/01_distance_sensitivity/designs/distance_m10_n020_lambda100_rep19.rds",0.619047619047619,6000,0.0970000000000084,14,23.6842105263158,602.715789473684,0.619047619047619,0.919430408819476,0.619047619047619,22,565.789473684211,1024.10526315789
"distance",20,40,1,19,902403555,"outputs/wcrit/01_distance_sensitivity/designs/distance_m20_n040_lambda100_rep19.rds",0.659574468085106,6000,0.453999999999994,63,97.4358974358974,9916.21025641026,0.659574468085106,0.952856952003671,0.659574468085106,95,9500,18328.6666666667
"distance",5,15,1,19,1348048450,"outputs/wcrit/01_distance_sensitivity/designs/distance_m05_n015_lambda100_rep19.rds",0.25,6000,0.0450000000000017,2,5.33333333333333,32.4761904761905,0.25,0.912190963341859,0.25,5,31.25,45.2142857142857
"distance",10,30,1,19,1167887959,"outputs/wcrit/01_distance_sensitivity/designs/distance_m10_n030_lambda100_rep19.rds",0.571428571428571,6000,0.152000000000001,13,23.2758620689655,580.931034482759,0.571428571428571,0.944538331540943,0.571428571428571,22,556.034482758621,1004.93103448276
"distance",20,60,1,19,523250414,"outputs/wcrit/01_distance_sensitivity/designs/distance_m20_n060_lambda100_rep19.rds",0.617021276595745,6000,0.733000000000004,59,96.6101694915254,9728.1988700565,0.617021276595745,0.964721757365398,0.617021276595745,95,9419.49152542373,18170.1355932203
"distance",5,20,1,19,460808420,"outputs/wcrit/01_distance_sensitivity/designs/distance_m05_n020_lambda100_rep19.rds",0.25,6000,0.0499999999999972,2,5.26315789473684,32,0.25,0.903141361256544,0.25,5,30.7017543859649,44.1052631578947
"distance",10,40,1,19,2052053203,"outputs/wcrit/01_distance_sensitivity/designs/distance_m10_n040_lambda100_rep19.rds",0.476190476190476,6000,0.222000000000008,11,23.0769230769231,570,0.476190476190476,0.957871652816251,0.476190476190476,22,551.282051282051,995.589743589744
"distance",20,80,1,19,144097273,"outputs/wcrit/01_distance_sensitivity/designs/distance_m20_n080_lambda100_rep19.rds",0.585106382978723,6000,1.09099999999999,56,96.2025316455696,9582.89620253165,0.585106382978723,0.97668200006393,0.585106382978723,95,9379.74683544304,18091.8734177215
"distance",5,25,1,19,84730065,"outputs/wcrit/01_distance_sensitivity/designs/distance_m05_n025_lambda100_rep19.rds",0.25,6000,0.0799999999999983,2,5.2,31.1066666666667,0.25,0.944577801380775,0.25,5,30.3819444444444,43.4583333333333
"distance",10,50,1,19,788734818,"outputs/wcrit/01_distance_sensitivity/designs/distance_m10_n050_lambda100_rep19.rds",0.476190476190476,6000,0.296000000000006,11,22.9591836734694,562.887346938776,0.476190476190476,0.967350032350494,0.476190476190476,22,548.469387755102,990.061224489796
"distance",20,100,1,19,237950139,"outputs/wcrit/01_distance_sensitivity/designs/distance_m20_n100_lambda100_rep19.rds",0.574468085106383,6000,1.509,55,95.959595959596,9514.88646464646,0.574468085106383,0.981721404092868,0.574468085106383,95,9356.06060606061,18045.2323232323
"distance",5,5,0,20,1761319144,"outputs/wcrit/01_distance_sensitivity/designs/distance_m05_n005_lambda000_rep20.rds",0.806047516198704,6000,0.0279999999999916,4,6,40.2,0.75,0.806047516198704,0.806047516198704,5,36.4583333333333,55.75
"distance",10,10,0,20,1544793131,"outputs/wcrit/01_distance_sensitivity/designs/distance_m10_n010_lambda000_rep20.rds",0.832014552069122,6000,0.0460000000000065,19,25,679.311111111111,0.857142857142857,0.832014552069122,0.832014552069122,22,597.222222222222,1085.88888888889
"distance",20,20,0,20,1279308727,"outputs/wcrit/01_distance_sensitivity/designs/distance_m20_n020_lambda000_rep20.rds",0.910508970223037,6000,0.185000000000002,65,100,10561.7684210526,0.680851063829787,0.910508970223037,0.910508970223037,95,9750,18820.9473684211
"distance",5,10,0,20,1721878836,"outputs/wcrit/01_distance_sensitivity/designs/distance_m05_n010_lambda000_rep20.rds",0.903667481662591,6000,0.0159999999999911,4,5.55555555555556,33.8666666666667,0.75,0.903667481662591,0.903667481662591,5,32.4074074074074,47.5555555555556
"distance",10,20,0,20,281474746,"outputs/wcrit/01_distance_sensitivity/designs/distance_m10_n020_lambda000_rep20.rds",0.92475884244373,6000,0.097999999999999,9,23.6842105263158,600.273684210526,0.380952380952381,0.92475884244373,0.92475884244373,22,565.789473684211,1024.10526315789
"distance",20,40,0,20,900155586,"outputs/wcrit/01_distance_sensitivity/designs/distance_m20_n040_lambda000_rep20.rds",0.956855581177865,6000,0.430000000000007,53,97.4358974358974,9880.90769230769,0.553191489361702,0.956855581177865,0.956855581177865,95,9500,18328.6666666667
"distance",5,15,0,20,1345800481,"outputs/wcrit/01_distance_sensitivity/designs/distance_m05_n015_lambda000_rep20.rds",0.950383631713555,6000,0.0439999999999969,2,5.33333333333333,31.9428571428571,0.25,0.950383631713555,0.950383631713555,5,31.25,45.2142857142857
"distance",10,30,0,20,1165639990,"outputs/wcrit/01_distance_sensitivity/designs/distance_m10_n030_lambda000_rep20.rds",0.950765606595995,6000,0.173000000000002,10,23.2758620689655,578.135632183908,0.428571428571429,0.950765606595995,0.950765606595995,22,556.034482758621,1004.93103448276
"distance",20,60,0,20,521002445,"outputs/wcrit/01_distance_sensitivity/designs/distance_m20_n060_lambda000_rep20.rds",0.970306495599356,6000,0.754000000000005,53,96.6101694915254,9679.32881355932,0.553191489361702,0.970306495599356,0.970306495599356,95,9419.49152542373,18170.1355932203
"distance",5,20,0,20,458560451,"outputs/wcrit/01_distance_sensitivity/designs/distance_m05_n020_lambda000_rep20.rds",0.959685863874345,6000,0.0479999999999876,2,5.26315789473684,31.2421052631579,0.25,0.959685863874345,0.959685863874345,5,30.7017543859649,44.1052631578947
"distance",10,40,0,20,2049805234,"outputs/wcrit/01_distance_sensitivity/designs/distance_m10_n040_lambda000_rep20.rds",0.963850415512465,6000,0.224999999999994,10,23.0769230769231,567.34358974359,0.428571428571429,0.963850415512465,0.963850415512465,22,551.282051282051,995.589743589744
"distance",20,80,0,20,141849304,"outputs/wcrit/01_distance_sensitivity/designs/distance_m20_n080_lambda000_rep20.rds",0.978251033769313,6000,1.102,52,96.2025316455696,9569.22658227848,0.542553191489362,0.978251033769313,0.978251033769313,95,9379.74683544304,18091.8734177215
"distance",5,25,0,20,82482096,"outputs/wcrit/01_distance_sensitivity/designs/distance_m05_n025_lambda000_rep20.rds",0.97465746149761,6000,0.0819999999999936,1,5.2,30.7133333333333,0,0.97465746149761,0.97465746149761,5,30.3819444444444,43.4583333333333
"distance",10,50,0,20,786486849,"outputs/wcrit/01_distance_sensitivity/designs/distance_m10_n050_lambda000_rep20.rds",0.969228209631204,6000,0.323000000000008,8,22.9591836734694,562.057959183673,0.333333333333333,0.969228209631204,0.969228209631204,22,548.469387755102,990.061224489796
"distance",20,100,0,20,235702170,"outputs/wcrit/01_distance_sensitivity/designs/distance_m20_n100_lambda000_rep20.rds",0.982361606457823,6000,1.514,53,95.959595959596,9509.32363636364,0.553191489361702,0.982361606457823,0.982361606457823,95,9356.06060606061,18045.2323232323
"distance",5,5,0.1,20,816123673,"outputs/wcrit/01_distance_sensitivity/designs/distance_m05_n005_lambda010_rep20.rds",0.800442764578834,6000,0.012999999999991,4,6,40.2,0.75,0.806047516198704,0.800442764578834,5,36.4583333333333,55.75
"distance",10,10,0.1,20,159892750,"outputs/wcrit/01_distance_sensitivity/designs/distance_m10_n010_lambda010_rep20.rds",0.835509647242253,6000,0.0460000000000065,19,25,678.777777777778,0.857142857142857,0.833105957253297,0.835509647242253,22,597.222222222222,1085.88888888889
"distance",20,20,0.1,20,1142296444,"outputs/wcrit/01_distance_sensitivity/designs/distance_m20_n020_lambda010_rep20.rds",0.895710623088664,6000,0.191000000000003,72,100,10554.5052631579,0.75531914893617,0.911309675772275,0.895710623088664,95,9750,18820.9473684211
"distance",5,10,0.1,20,438341220,"outputs/wcrit/01_distance_sensitivity/designs/distance_m05_n010_lambda010_rep20.rds",0.888300733496332,6000,0.0360000000000014,4,5.55555555555556,33.8666666666667,0.75,0.903667481662591,0.888300733496332,5,32.4074074074074,47.5555555555556
"distance",10,20,0.1,20,1347806149,"outputs/wcrit/01_distance_sensitivity/designs/distance_m10_n020_lambda010_rep20.rds",0.904406675853621,6000,0.097999999999999,15,23.6842105263158,597.494736842105,0.666666666666667,0.93082223242995,0.904406675853621,22,565.789473684211,1024.10526315789
"distance",20,40,0.1,20,1370639613,"outputs/wcrit/01_distance_sensitivity/designs/distance_m20_n040_lambda010_rep20.rds",0.923951091476175,6000,0.456999999999994,64,97.4358974358974,9922.50256410256,0.670212765957447,0.952144238756034,0.923951091476175,95,9500,18328.6666666667
"distance",5,15,0.1,20,1893479839,"outputs/wcrit/01_distance_sensitivity/designs/distance_m05_n015_lambda010_rep20.rds",0.884028132992327,6000,0.0489999999999924,2,5.33333333333333,31.8857142857143,0.25,0.954475703324808,0.884028132992327,5,31.25,45.2142857142857
"distance",10,30,0.1,20,388235919,"outputs/wcrit/01_distance_sensitivity/designs/distance_m10_n030_lambda010_rep20.rds",0.90276042695462,6000,0.173000000000002,12,23.2758620689655,580.783908045977,0.523809523809524,0.94486608285963,0.90276042695462,22,556.034482758621,1004.93103448276
"distance",20,60,0.1,20,1598982782,"outputs/wcrit/01_distance_sensitivity/designs/distance_m20_n060_lambda010_rep20.rds",0.932715743019235,6000,0.753999999999991,58,96.6101694915254,9690.98079096045,0.606382978723404,0.968974939052105,0.932715743019235,95,9419.49152542373,18170.1355932203
"distance",5,20,0.1,20,1626254619,"outputs/wcrit/01_distance_sensitivity/designs/distance_m05_n020_lambda010_rep20.rds",0.888717277486911,6000,0.0500000000000114,2,5.26315789473684,31.2421052631579,0.25,0.959685863874345,0.888717277486911,5,30.7017543859649,44.1052631578947
"distance",10,40,0.1,20,1576149318,"outputs/wcrit/01_distance_sensitivity/designs/distance_m10_n040_lambda010_rep20.rds",0.911427911884976,6000,0.233999999999995,11,23.0769230769231,569.148717948718,0.476190476190476,0.959787626962142,0.911427911884976,22,551.282051282051,995.589743589744
"distance",20,80,0.1,20,1827325951,"outputs/wcrit/01_distance_sensitivity/designs/distance_m20_n080_lambda010_rep20.rds",0.93937599600051,6000,1.119,57,96.2025316455696,9575.27088607595,0.595744680851064,0.977557253239338,0.93937599600051,95,9379.74683544304,18091.8734177215
"distance",5,25,0.1,20,933909609,"outputs/wcrit/01_distance_sensitivity/designs/distance_m05_n025_lambda010_rep20.rds",0.88108497079129,6000,0.0799999999999983,2,5.2,31.02,0.25,0.951205523101434,0.88108497079129,5,30.3819444444444,43.4583333333333
"distance",10,50,0.1,20,616579088,"outputs/wcrit/01_distance_sensitivity/designs/distance_m10_n050_lambda010_rep20.rds",0.920363663572463,6000,0.313999999999993,11,22.9591836734694,561.842448979592,0.476190476190476,0.969716239948239,0.920363663572463,22,548.469387755102,990.061224489796
"distance",20,100,0.1,20,1823637627,"outputs/wcrit/01_distance_sensitivity/designs/distance_m20_n100_lambda010_rep20.rds",0.937009444799345,6000,1.517,52,95.959595959596,9522.56323232323,0.542553191489362,0.980837917389343,0.937009444799345,95,9356.06060606061,18045.2323232323
"distance",5,5,0.2,20,818371764,"outputs/wcrit/01_distance_sensitivity/designs/distance_m05_n005_lambda020_rep20.rds",0.794838012958963,6000,0.0120000000000005,4,6,40.2,0.75,0.806047516198704,0.794838012958963,5,36.4583333333333,55.75
"distance",10,10,0.2,20,162140841,"outputs/wcrit/01_distance_sensitivity/designs/distance_m10_n010_lambda020_rep20.rds",0.83354771649451,6000,0.046999999999997,19,25,681.444444444444,0.857142857142857,0.827648931332424,0.83354771649451,22,597.222222222222,1085.88888888889
"distance",20,20,0.2,20,1144544535,"outputs/wcrit/01_distance_sensitivity/designs/distance_m20_n020_lambda020_rep20.rds",0.882183400334504,6000,0.194999999999993,74,100,10579.2631578947,0.776595744680851,0.908580314247917,0.882183400334504,95,9750,18820.9473684211
"distance",5,10,0.2,20,440589311,"outputs/wcrit/01_distance_sensitivity/designs/distance_m05_n010_lambda020_rep20.rds",0.854156479217604,6000,0.0349999999999966,4,5.55555555555556,34.2222222222222,0.75,0.880195599022005,0.854156479217604,5,32.4074074074074,47.5555555555556
"distance",10,20,0.2,20,1350054240,"outputs/wcrit/01_distance_sensitivity/designs/distance_m10_n020_lambda020_rep20.rds",0.856046547236258,6000,0.100999999999999,14,23.6842105263158,604.610526315789,0.619047619047619,0.915296279283418,0.856046547236258,22,565.789473684211,1024.10526315789
"distance",20,40,0.2,20,1372887704,"outputs/wcrit/01_distance_sensitivity/designs/distance_m20_n040_lambda020_rep20.rds",0.897752379572916,6000,0.450000000000003,64,97.4358974358974,9900.49230769231,0.670212765957447,0.954637282976783,0.897752379572916,95,9500,18328.6666666667
"distance",5,15,0.2,20,1895727930,"outputs/wcrit/01_distance_sensitivity/designs/distance_m05_n015_lambda020_rep20.rds",0.812489343563512,6000,0.0480000000000018,2,5.33333333333333,31.9047619047619,0.25,0.95311167945439,0.812489343563512,5,31.25,45.2142857142857
"distance",10,30,0.2,20,390484010,"outputs/wcrit/01_distance_sensitivity/designs/distance_m10_n030_lambda020_rep20.rds",0.8658987921486,6000,0.176999999999992,12,23.2758620689655,577.841379310345,0.523809523809524,0.951421109233369,0.8658987921486,22,556.034482758621,1004.93103448276
"distance",20,60,0.2,20,1601230873,"outputs/wcrit/01_distance_sensitivity/designs/distance_m20_n060_lambda020_rep20.rds",0.898917870459019,6000,0.769000000000005,59,96.6101694915254,9687.33107344633,0.617021276595745,0.969392018924838,0.898917870459019,95,9419.49152542373,18170.1355932203
"distance",5,20,0.2,20,1628502710,"outputs/wcrit/01_distance_sensitivity/designs/distance_m05_n020_lambda020_rep20.rds",0.819005235602094,6000,0.046999999999997,2,5.26315789473684,31.2210526315789,0.25,0.961256544502618,0.819005235602094,5,30.7017543859649,44.1052631578947
"distance",10,40,0.2,20,1578397409,"outputs/wcrit/01_distance_sensitivity/designs/distance_m10_n040_lambda020_rep20.rds",0.860335048146683,6000,0.230000000000004,11,23.0769230769231,570.666666666667,0.476190476190476,0.956371191135734,0.860335048146683,22,551.282051282051,995.589743589744
"distance",20,80,0.2,20,1829574042,"outputs/wcrit/01_distance_sensitivity/designs/distance_m20_n080_lambda020_rep20.rds",0.895177173478303,6000,1.128,55,96.2025316455696,9594.46202531646,0.574468085106383,0.975354445571283,0.895177173478303,95,9379.74683544304,18091.8734177215
"distance",5,25,0.2,20,936157700,"outputs/wcrit/01_distance_sensitivity/designs/distance_m05_n025_lambda020_rep20.rds",0.82523951141795,6000,0.0819999999999936,2,5.2,30.7866666666667,0.25,0.969049389272438,0.82523951141795,5,30.3819444444444,43.4583333333333
"distance",10,50,0.2,20,618827179,"outputs/wcrit/01_distance_sensitivity/designs/distance_m10_n050_lambda020_rep20.rds",0.854282175537744,6000,0.290000000000006,10,22.9591836734694,565.819591836735,0.428571428571429,0.960709862279323,0.854282175537744,22,548.469387755102,990.061224489796
"distance",20,100,0.2,20,1825885718,"outputs/wcrit/01_distance_sensitivity/designs/distance_m20_n100_lambda020_rep20.rds",0.894665750663431,6000,1.56699999999999,52,95.959595959596,9506.43636363636,0.542553191489362,0.982693890456949,0.894665750663431,95,9356.06060606061,18045.2323232323
"distance",5,5,0.3,20,820619855,"outputs/wcrit/01_distance_sensitivity/designs/distance_m05_n005_lambda030_rep20.rds",0.789233261339093,6000,0.0150000000000006,4,6,40.2,0.75,0.806047516198704,0.789233261339093,5,36.4583333333333,55.75
"distance",10,10,0.3,20,164388932,"outputs/wcrit/01_distance_sensitivity/designs/distance_m10_n010_lambda030_rep20.rds",0.840571688429806,6000,0.0480000000000018,19,25,678.6,0.857142857142857,0.833469758981355,0.840571688429806,22,597.222222222222,1085.88888888889
"distance",20,20,0.3,20,1146792626,"outputs/wcrit/01_distance_sensitivity/designs/distance_m20_n020_lambda030_rep20.rds",0.864784565024056,6000,0.194999999999993,73,100,10592.3368421053,0.765957446808511,0.907139044259289,0.864784565024056,95,9750,18820.9473684211
"distance",5,10,0.3,20,442837402,"outputs/wcrit/01_distance_sensitivity/designs/distance_m05_n010_lambda030_rep20.rds",0.841136919315403,6000,0.0349999999999966,4,5.55555555555556,34.2222222222222,0.75,0.880195599022005,0.841136919315403,5,32.4074074074074,47.5555555555556
"distance",10,20,0.3,20,1352302331,"outputs/wcrit/01_distance_sensitivity/designs/distance_m10_n020_lambda030_rep20.rds",0.832273771244832,6000,0.103999999999999,14,23.6842105263158,600.778947368421,0.619047619047619,0.923656407900781,0.832273771244832,22,565.789473684211,1024.10526315789
"distance",20,40,0.3,20,1375135795,"outputs/wcrit/01_distance_sensitivity/designs/distance_m20_n040_lambda030_rep20.rds",0.86838198557914,6000,0.466999999999999,63,97.4358974358974,9871.94358974359,0.659574468085106,0.957870921648011,0.86838198557914,95,9500,18328.6666666667
"distance",5,15,0.3,20,1897976021,"outputs/wcrit/01_distance_sensitivity/designs/distance_m05_n015_lambda030_rep20.rds",0.764138959931799,6000,0.0450000000000017,2,5.33333333333333,31.4666666666667,0.25,0.984484228473998,0.764138959931799,5,31.25,45.2142857142857
"distance",10,30,0.3,20,392732101,"outputs/wcrit/01_distance_sensitivity/designs/distance_m10_n030_lambda030_rep20.rds",0.821015443817718,6000,0.170000000000002,12,23.2758620689655,579.202298850575,0.523809523809524,0.948389409535515,0.821015443817718,22,556.034482758621,1004.93103448276
"distance",20,60,0.3,20,1603478964,"outputs/wcrit/01_distance_sensitivity/designs/distance_m20_n060_lambda030_rep20.rds",0.869028280548456,6000,0.760999999999996,61,96.6101694915254,9700.27570621469,0.638297872340426,0.967912741209041,0.869028280548456,95,9419.49152542373,18170.1355932203
"distance",5,20,0.3,20,1630750801,"outputs/wcrit/01_distance_sensitivity/designs/distance_m05_n020_lambda030_rep20.rds",0.742382198952879,6000,0.0510000000000019,2,5.26315789473684,31.3263157894737,0.25,0.953403141361256,0.742382198952879,5,30.7017543859649,44.1052631578947
"distance",10,40,0.3,20,1580645500,"outputs/wcrit/01_distance_sensitivity/designs/distance_m10_n040_lambda030_rep20.rds",0.814482258277272,6000,0.22999999999999,11,23.0769230769231,569.292307692308,0.476190476190476,0.959464450600185,0.814482258277272,22,551.282051282051,995.589743589744
"distance",20,80,0.3,20,1831822133,"outputs/wcrit/01_distance_sensitivity/designs/distance_m20_n080_lambda030_rep20.rds",0.859871116181506,6000,1.09400000000001,56,96.2025316455696,9574.65949367089,0.585106382978723,0.97762743041127,0.859871116181506,95,9379.74683544304,18091.8734177215
"distance",5,25,0.3,20,938405791,"outputs/wcrit/01_distance_sensitivity/designs/distance_m05_n025_lambda030_rep20.rds",0.740486988847583,6000,0.0829999999999984,2,5.2,31.0266666666667,0.25,0.950695698353691,0.740486988847583,5,30.3819444444444,43.4583333333333
"distance",10,50,0.3,20,621075270,"outputs/wcrit/01_distance_sensitivity/designs/distance_m10_n050_lambda030_rep20.rds",0.819412092482801,6000,0.295000000000002,11,22.9591836734694,563.259591836735,0.476190476190476,0.966507070893798,0.819412092482801,22,548.469387755102,990.061224489796
"distance",20,100,0.3,20,1828133809,"outputs/wcrit/01_distance_sensitivity/designs/distance_m20_n100_lambda030_rep20.rds",0.85537880081075,6000,1.571,54,95.959595959596,9526.99070707071,0.563829787234043,0.98032837805791,0.85537880081075,95,9356.06060606061,18045.2323232323
"distance",5,5,0.4,20,822867946,"outputs/wcrit/01_distance_sensitivity/designs/distance_m05_n005_lambda040_rep20.rds",0.783628509719222,6000,0.012999999999991,4,6,40.2,0.75,0.806047516198704,0.783628509719222,5,36.4583333333333,55.75
"distance",10,10,0.4,20,166637023,"outputs/wcrit/01_distance_sensitivity/designs/distance_m10_n010_lambda040_rep20.rds",0.86307802247775,6000,0.046999999999997,20,25,677.711111111111,0.904761904761905,0.835288767621646,0.86307802247775,22,597.222222222222,1085.88888888889
"distance",20,20,0.4,20,1149040717,"outputs/wcrit/01_distance_sensitivity/designs/distance_m20_n020_lambda040_rep20.rds",0.857245859317788,6000,0.191999999999993,74,100,10557.2,0.776595744680851,0.911012602409079,0.857245859317788,95,9750,18820.9473684211
"distance",5,10,0.4,20,445085493,"outputs/wcrit/01_distance_sensitivity/designs/distance_m05_n010_lambda040_rep20.rds",0.828117359413203,6000,0.0180000000000007,4,5.55555555555556,34.2222222222222,0.75,0.880195599022005,0.828117359413203,5,32.4074074074074,47.5555555555556
"distance",10,20,0.4,20,1354550422,"outputs/wcrit/01_distance_sensitivity/designs/distance_m10_n020_lambda040_rep20.rds",0.816946868779666,6000,0.11699999999999,15,23.6842105263158,603.768421052632,0.666666666666667,0.917133670188333,0.816946868779666,22,565.789473684211,1024.10526315789
"distance",20,40,0.4,20,1377383886,"outputs/wcrit/01_distance_sensitivity/designs/distance_m20_n040_lambda040_rep20.rds",0.841244917952516,6000,0.469999999999999,64,97.4358974358974,9894.93846153846,0.670212765957447,0.955266352615896,0.841244917952516,95,9500,18328.6666666667
"distance",5,15,0.4,20,1900224112,"outputs/wcrit/01_distance_sensitivity/designs/distance_m05_n015_lambda040_rep20.rds",0.677595907928389,6000,0.0490000000000066,2,5.33333333333333,31.7714285714286,0.25,0.962659846547315,0.677595907928389,5,31.25,45.2142857142857
"distance",10,30,0.4,20,394980192,"outputs/wcrit/01_distance_sensitivity/designs/distance_m10_n030_lambda040_rep20.rds",0.792295502930009,6000,0.173999999999992,13,23.2758620689655,583.174712643678,0.571428571428571,0.939540123930967,0.792295502930009,22,556.034482758621,1004.93103448276
"distance",20,60,0.4,20,1605727055,"outputs/wcrit/01_distance_sensitivity/designs/distance_m20_n060_lambda040_rep20.rds",0.823757170663776,6000,0.783000000000001,58,96.6101694915254,9693.62033898305,0.606382978723404,0.968673298624024,0.823757170663776,95,9419.49152542373,18170.1355932203
"distance",5,20,0.4,20,1632998892,"outputs/wcrit/01_distance_sensitivity/designs/distance_m05_n020_lambda040_rep20.rds",0.669214659685864,6000,0.0490000000000066,2,5.26315789473684,31.3894736842105,0.25,0.94869109947644,0.669214659685864,5,30.7017543859649,44.1052631578947
"distance",10,40,0.4,20,1582893591,"outputs/wcrit/01_distance_sensitivity/designs/distance_m10_n040_lambda040_rep20.rds",0.7664872708086,6000,0.234999999999999,11,23.0769230769231,569.046153846154,0.476190476190476,0.960018467220683,0.7664872708086,22,551.282051282051,995.589743589744
"distance",20,80,0.4,20,1834070224,"outputs/wcrit/01_distance_sensitivity/designs/distance_m20_n080_lambda040_rep20.rds",0.820310842118026,6000,1.134,56,96.2025316455696,9579.13417721519,0.585106382978723,0.97711381487756,0.820310842118026,95,9379.74683544304,18091.8734177215
"distance",5,25,0.4,20,940653882,"outputs/wcrit/01_distance_sensitivity/designs/distance_m05_n025_lambda040_rep20.rds",0.658793414763675,6000,0.0630000000000024,2,5.2,31.28,0.25,0.931322357939458,0.658793414763675,5,30.3819444444444,43.4583333333333
"distance",10,50,0.4,20,623323361,"outputs/wcrit/01_distance_sensitivity/designs/distance_m10_n050_lambda040_rep20.rds",0.750551965457595,6000,0.296000000000006,10,22.9591836734694,563.834285714286,0.428571428571429,0.965205656715038,0.750551965457595,22,548.469387755102,990.061224489796
"distance",20,100,0.4,20,1830381900,"outputs/wcrit/01_distance_sensitivity/designs/distance_m20_n100_lambda040_rep20.rds",0.810320430634966,6000,1.539,53,95.959595959596,9514.72727272727,0.553191489361702,0.981739724817142,0.810320430634966,95,9356.06060606061,18045.2323232323
"distance",5,5,0.5,20,825116037,"outputs/wcrit/01_distance_sensitivity/designs/distance_m05_n005_lambda050_rep20.rds",0.778023758099352,6000,0.0120000000000005,4,6,40.2,0.75,0.806047516198704,0.778023758099352,5,36.4583333333333,55.75
"distance",10,10,0.5,20,168885114,"outputs/wcrit/01_distance_sensitivity/designs/distance_m10_n010_lambda050_rep20.rds",0.870752939647892,6000,0.0489999999999924,20,25,677,0.904761904761905,0.836743974533879,0.870752939647892,22,597.222222222222,1085.88888888889
"distance",20,20,0.5,20,1151288808,"outputs/wcrit/01_distance_sensitivity/designs/distance_m20_n020_lambda050_rep20.rds",0.833740294870991,6000,0.189999999999998,72,100,10546.7789473684,0.75531914893617,0.912161440805812,0.833740294870991,95,9750,18820.9473684211
"distance",5,10,0.5,20,447333584,"outputs/wcrit/01_distance_sensitivity/designs/distance_m05_n010_lambda050_rep20.rds",0.815097799511002,6000,0.0350000000000108,4,5.55555555555556,34.2222222222222,0.75,0.880195599022005,0.815097799511002,5,32.4074074074074,47.5555555555556
"distance",10,20,0.5,20,1356798513,"outputs/wcrit/01_distance_sensitivity/designs/distance_m10_n020_lambda050_rep20.rds",0.768274383708467,6000,0.106999999999999,14,23.6842105263158,603.6,0.619047619047619,0.917501148369316,0.768274383708467,22,565.789473684211,1024.10526315789
"distance",20,40,0.5,20,1379631977,"outputs/wcrit/01_distance_sensitivity/designs/distance_m20_n040_lambda050_rep20.rds",0.807477334472969,6000,0.457000000000008,63,97.4358974358974,9893.93333333333,0.659574468085106,0.955380200860832,0.807477334472969,95,9500,18328.6666666667
"distance",5,15,0.5,20,1902472203,"outputs/wcrit/01_distance_sensitivity/designs/distance_m05_n015_lambda050_rep20.rds",0.601555839727195,6000,0.0459999999999923,2,5.33333333333333,31.9047619047619,0.25,0.95311167945439,0.601555839727195,5,31.25,45.2142857142857
"distance",10,30,0.5,20,397228283,"outputs/wcrit/01_distance_sensitivity/designs/distance_m10_n030_lambda050_rep20.rds",0.738332272531074,6000,0.171999999999997,12,23.2758620689655,577.197701149425,0.523809523809524,0.952855021252625,0.738332272531074,22,556.034482758621,1004.93103448276
"distance",20,60,0.5,20,1607975146,"outputs/wcrit/01_distance_sensitivity/designs/distance_m20_n060_lambda050_rep20.rds",0.787917456263896,6000,0.762,58,96.6101694915254,9686.80677966102,0.606382978723404,0.969451933804388,0.787917456263896,95,9419.49152542373,18170.1355932203
"distance",5,20,0.5,20,1635246983,"outputs/wcrit/01_distance_sensitivity/designs/distance_m05_n020_lambda050_rep20.rds",0.601701570680628,6000,0.0490000000000066,2,5.26315789473684,31.3263157894737,0.25,0.953403141361256,0.601701570680628,5,30.7017543859649,44.1052631578947
"distance",10,40,0.5,20,1585141682,"outputs/wcrit/01_distance_sensitivity/designs/distance_m10_n040_lambda050_rep20.rds",0.718404564041683,6000,0.229000000000013,11,23.0769230769231,568.779487179487,0.476190476190476,0.96061865189289,0.718404564041683,22,551.282051282051,995.589743589744
"distance",20,80,0.5,20,1836318315,"outputs/wcrit/01_distance_sensitivity/designs/distance_m20_n080_lambda050_rep20.rds",0.771056174938851,6000,1.12,54,96.2025316455696,9568.95189873418,0.563829787234043,0.97828256264366,0.771056174938851,95,9379.74683544304,18091.8734177215
"distance",5,25,0.5,20,942901973,"outputs/wcrit/01_distance_sensitivity/designs/distance_m05_n025_lambda050_rep20.rds",0.611054168879448,6000,0.0829999999999984,2,5.2,30.7466666666667,0.25,0.972108337758895,0.611054168879448,5,30.3819444444444,43.4583333333333
"distance",10,50,0.5,20,625571452,"outputs/wcrit/01_distance_sensitivity/designs/distance_m10_n050_lambda050_rep20.rds",0.719418835470227,6000,0.315000000000012,11,22.9591836734694,564.964081632653,0.476190476190476,0.962647194749977,0.719418835470227,22,548.469387755102,990.061224489796
"distance",20,100,0.5,20,1832629991,"outputs/wcrit/01_distance_sensitivity/designs/distance_m20_n100_lambda050_rep20.rds",0.772444195151033,6000,1.58800000000001,54,95.959595959596,9520.64565656566,0.563829787234043,0.981058603068024,0.772444195151033,95,9356.06060606061,18045.2323232323
"distance",5,5,0.6,20,827364128,"outputs/wcrit/01_distance_sensitivity/designs/distance_m05_n005_lambda060_rep20.rds",0.772419006479482,6000,0.0130000000000052,4,6,40.2,0.75,0.806047516198704,0.772419006479482,5,36.4583333333333,55.75
"distance",10,10,0.6,20,171133205,"outputs/wcrit/01_distance_sensitivity/designs/distance_m10_n010_lambda060_rep20.rds",0.877118170597025,6000,0.0499999999999972,20,25,677.533333333333,0.904761904761905,0.835652569349704,0.877118170597025,22,597.222222222222,1085.88888888889
"distance",20,20,0.6,20,1153536899,"outputs/wcrit/01_distance_sensitivity/designs/distance_m20_n020_lambda060_rep20.rds",0.843120090030611,6000,0.195999999999998,76,100,10557.3894736842,0.797872340425532,0.91099171443823,0.843120090030611,95,9750,18820.9473684211
"distance",5,10,0.6,20,449581675,"outputs/wcrit/01_distance_sensitivity/designs/distance_m05_n010_lambda060_rep20.rds",0.811466992665037,6000,0.0359999999999872,4,5.55555555555556,33.8666666666667,0.75,0.903667481662591,0.811466992665037,5,32.4074074074074,47.5555555555556
"distance",10,20,0.6,20,1359046604,"outputs/wcrit/01_distance_sensitivity/designs/distance_m10_n020_lambda060_rep20.rds",0.740707395498392,6000,0.0989999999999895,14,23.6842105263158,600.989473684211,0.619047619047619,0.923197060174552,0.740707395498392,22,565.789473684211,1024.10526315789
"distance",20,40,0.6,20,1381880068,"outputs/wcrit/01_distance_sensitivity/designs/distance_m20_n040_lambda060_rep20.rds",0.784314126735639,6000,0.456999999999994,64,97.4358974358974,9893.17435897436,0.670212765957447,0.955466167902927,0.784314126735639,95,9500,18328.6666666667
"distance",5,15,0.6,20,1904720294,"outputs/wcrit/01_distance_sensitivity/designs/distance_m05_n015_lambda060_rep20.rds",0.674151747655584,6000,0.0470000000000113,3,5.33333333333333,32.152380952381,0.5,0.93537936913896,0.674151747655584,5,31.25,45.2142857142857
"distance",10,30,0.6,20,399476374,"outputs/wcrit/01_distance_sensitivity/designs/distance_m10_n030_lambda060_rep20.rds",0.694706669885653,6000,0.159000000000006,12,23.2758620689655,578.006896551724,0.523809523809524,0.951052388999846,0.694706669885653,22,556.034482758621,1004.93103448276
"distance",20,60,0.6,20,1610223237,"outputs/wcrit/01_distance_sensitivity/designs/distance_m20_n060_lambda060_rep20.rds",0.76396041969428,6000,0.790999999999997,60,96.6101694915254,9695.90960451977,0.627659574468085,0.968411687533573,0.76396041969428,95,9419.49152542373,18170.1355932203
"distance",5,20,0.6,20,1637495074,"outputs/wcrit/01_distance_sensitivity/designs/distance_m05_n020_lambda060_rep20.rds",0.531989528795812,6000,0.0499999999999972,2,5.26315789473684,31.3052631578947,0.25,0.954973821989529,0.531989528795812,5,30.7017543859649,44.1052631578947
"distance",10,40,0.6,20,1587389773,"outputs/wcrit/01_distance_sensitivity/designs/distance_m10_n040_lambda060_rep20.rds",0.699382667194302,6000,0.231999999999999,12,23.0769230769231,567.835897435897,0.523809523809524,0.962742382271468,0.699382667194302,22,551.282051282051,995.589743589744
"distance",20,80,0.6,20,1838566406,"outputs/wcrit/01_distance_sensitivity/designs/distance_m20_n080_lambda060_rep20.rds",0.741467893379666,6000,1.14,56,96.2025316455696,9588.74936708861,0.585106382978723,0.97601015898108,0.741467893379666,95,9379.74683544304,18091.8734177215
"distance",5,25,0.6,20,945150064,"outputs/wcrit/01_distance_sensitivity/designs/distance_m05_n025_lambda060_rep20.rds",0.537007966011683,6000,0.085000000000008,2,5.2,30.8066666666667,0.25,0.967519915029208,0.537007966011683,5,30.3819444444444,43.4583333333333
"distance",10,50,0.6,20,627819543,"outputs/wcrit/01_distance_sensitivity/designs/distance_m10_n050_lambda060_rep20.rds",0.644650759906514,6000,0.298000000000002,10,22.9591836734694,562.260408163265,0.428571428571429,0.968769756909141,0.644650759906514,22,548.469387755102,990.061224489796
"distance",20,100,0.6,20,1834878082,"outputs/wcrit/01_distance_sensitivity/designs/distance_m20_n100_lambda060_rep20.rds",0.724459865415196,6000,1.554,53,95.959595959596,9518.00565656566,0.553191489361702,0.981362429495436,0.724459865415196,95,9356.06060606061,18045.2323232323
"distance",5,5,0.7,20,829612219,"outputs/wcrit/01_distance_sensitivity/designs/distance_m05_n005_lambda070_rep20.rds",0.766814254859611,6000,0.0330000000000013,4,6,40.2,0.75,0.806047516198704,0.766814254859611,5,36.4583333333333,55.75
"distance",10,10,0.7,20,173381296,"outputs/wcrit/01_distance_sensitivity/designs/distance_m10_n010_lambda070_rep20.rds",0.850695770804911,6000,0.0500000000000114,19,25,677.533333333333,0.857142857142857,0.835652569349704,0.850695770804911,22,597.222222222222,1085.88888888889
"distance",20,20,0.7,20,1155784990,"outputs/wcrit/01_distance_sensitivity/designs/distance_m20_n020_lambda070_rep20.rds",0.816166049985951,6000,0.192999999999998,74,100,10580.0210526316,0.776595744680851,0.908496762364518,0.816166049985951,95,9750,18820.9473684211
"distance",5,10,0.7,20,451829766,"outputs/wcrit/01_distance_sensitivity/designs/distance_m05_n010_lambda070_rep20.rds",0.789058679706601,6000,0.0370000000000061,4,5.55555555555556,34.2222222222222,0.75,0.880195599022005,0.789058679706601,5,32.4074074074074,47.5555555555556
"distance",10,20,0.7,20,1361294695,"outputs/wcrit/01_distance_sensitivity/designs/distance_m10_n020_lambda070_rep20.rds",0.743487980401164,6000,0.102999999999994,15,23.6842105263158,601.2,0.666666666666667,0.922737712448323,0.743487980401164,22,565.789473684211,1024.10526315789
"distance",20,40,0.7,20,1384128159,"outputs/wcrit/01_distance_sensitivity/designs/distance_m20_n040_lambda070_rep20.rds",0.755055510906358,6000,0.563999999999993,64,97.4358974358974,9914.75384615385,0.670212765957447,0.95302191578715,0.755055510906358,95,9500,18328.6666666667
"distance",5,15,0.7,20,1906968385,"outputs/wcrit/01_distance_sensitivity/designs/distance_m05_n015_lambda070_rep20.rds",0.460933503836317,6000,0.0480000000000018,2,5.33333333333333,31.9047619047619,0.25,0.95311167945439,0.460933503836317,5,31.25,45.2142857142857
"distance",10,30,0.7,20,401724465,"outputs/wcrit/01_distance_sensitivity/designs/distance_m10_n030_lambda070_rep20.rds",0.652191324832283,6000,0.180000000000007,12,23.2758620689655,577.694252873563,0.523809523809524,0.951748860552056,0.652191324832283,22,556.034482758621,1004.93103448276
"distance",20,60,0.7,20,1612471328,"outputs/wcrit/01_distance_sensitivity/designs/distance_m20_n060_lambda070_rep20.rds",0.715891011844948,6000,0.853999999999999,58,96.6101694915254,9669.67457627119,0.606382978723404,0.971409755795215,0.715891011844948,95,9419.49152542373,18170.1355932203
"distance",5,20,0.7,20,1639743165,"outputs/wcrit/01_distance_sensitivity/designs/distance_m05_n020_lambda070_rep20.rds",0.462905759162304,6000,0.0510000000000019,2,5.26315789473684,31.2421052631579,0.25,0.959685863874345,0.462905759162304,5,30.7017543859649,44.1052631578947
"distance",10,40,0.7,20,1589637864,"outputs/wcrit/01_distance_sensitivity/designs/distance_m10_n040_lambda070_rep20.rds",0.621200369344414,6000,0.335000000000008,11,23.0769230769231,569.251282051282,0.476190476190476,0.959556786703601,0.621200369344414,22,551.282051282051,995.589743589744
"distance",20,80,0.7,20,1840814497,"outputs/wcrit/01_distance_sensitivity/designs/distance_m20_n080_lambda070_rep20.rds",0.702350621794907,6000,1.23099999999999,56,96.2025316455696,9589.53037974684,0.585106382978723,0.975920512366002,0.702350621794907,95,9379.74683544304,18091.8734177215
"distance",5,25,0.7,20,947398155,"outputs/wcrit/01_distance_sensitivity/designs/distance_m05_n025_lambda070_rep20.rds",0.460208709506107,6000,0.085000000000008,2,5.2,31.0266666666667,0.25,0.950695698353691,0.460208709506107,5,30.3819444444444,43.4583333333333
"distance",10,50,0.7,20,630067634,"outputs/wcrit/01_distance_sensitivity/designs/distance_m10_n050_lambda070_rep20.rds",0.591052407801091,6000,0.317999999999998,10,22.9591836734694,561.64,0.428571428571429,0.970174692670302,0.591052407801091,22,548.469387755102,990.061224489796
"distance",20,100,0.7,20,1837126173,"outputs/wcrit/01_distance_sensitivity/designs/distance_m20_n100_lambda070_rep20.rds",0.681654517125049,6000,1.66800000000001,53,95.959595959596,9517.66545454545,0.553191489361702,0.981401581906192,0.681654517125049,95,9356.06060606061,18045.2323232323
"distance",5,5,0.8,20,831860310,"outputs/wcrit/01_distance_sensitivity/designs/distance_m05_n005_lambda080_rep20.rds",0.761209503239741,6000,0.0120000000000005,4,6,40.2,0.75,0.806047516198704,0.761209503239741,5,36.4583333333333,55.75
"distance",10,10,0.8,20,175629387,"outputs/wcrit/01_distance_sensitivity/designs/distance_m10_n010_lambda080_rep20.rds",0.852335477164945,6000,0.0480000000000018,19,25,678.777777777778,0.857142857142857,0.833105957253297,0.852335477164945,22,597.222222222222,1085.88888888889
"distance",20,20,0.8,20,1158033081,"outputs/wcrit/01_distance_sensitivity/designs/distance_m20_n020_lambda080_rep20.rds",0.80328230512338,6000,0.200000000000003,74,100,10566.1263157895,0.776595744680851,0.910028546893495,0.80328230512338,95,9750,18820.9473684211
"distance",5,10,0.8,20,454077857,"outputs/wcrit/01_distance_sensitivity/designs/distance_m05_n010_lambda080_rep20.rds",0.776039119804401,6000,0.0179999999999865,4,5.55555555555556,34.2222222222222,0.75,0.880195599022005,0.776039119804401,5,32.4074074074074,47.5555555555556
"distance",10,20,0.8,20,1363542786,"outputs/wcrit/01_distance_sensitivity/designs/distance_m10_n020_lambda080_rep20.rds",0.679877507273006,6000,0.0999999999999943,14,23.6842105263158,600.989473684211,0.619047619047619,0.923197060174552,0.679877507273006,22,565.789473684211,1024.10526315789
"distance",20,40,0.8,20,1386376250,"outputs/wcrit/01_distance_sensitivity/designs/distance_m20_n040_lambda080_rep20.rds",0.718650112284871,6000,0.572000000000003,63,97.4358974358974,9897.70769230769,0.659574468085106,0.954952689083928,0.718650112284871,95,9500,18328.6666666667
"distance",5,15,0.8,20,1909216476,"outputs/wcrit/01_distance_sensitivity/designs/distance_m05_n015_lambda080_rep20.rds",0.587075873827792,6000,0.0280000000000058,3,5.33333333333333,32.152380952381,0.5,0.93537936913896,0.587075873827792,5,31.25,45.2142857142857
"distance",10,30,0.8,20,403972556,"outputs/wcrit/01_distance_sensitivity/designs/distance_m10_n030_lambda080_rep20.rds",0.608504268814608,6000,0.165000000000006,12,23.2758620689655,579.698850574713,0.523809523809524,0.947283248834947,0.608504268814608,22,556.034482758621,1004.93103448276
"distance",20,60,0.8,20,1614719419,"outputs/wcrit/01_distance_sensitivity/designs/distance_m20_n060_lambda080_rep20.rds",0.696194950182294,6000,0.856999999999999,60,96.6101694915254,9679.06666666667,0.627659574468085,0.970336453039131,0.696194950182294,95,9419.49152542373,18170.1355932203
"distance",5,20,0.8,20,1641991256,"outputs/wcrit/01_distance_sensitivity/designs/distance_m05_n020_lambda080_rep20.rds",0.390994764397906,6000,0.0489999999999924,2,5.26315789473684,31.3052631578947,0.25,0.954973821989529,0.390994764397906,5,30.7017543859649,44.1052631578947
"distance",10,40,0.8,20,1591885955,"outputs/wcrit/01_distance_sensitivity/designs/distance_m10_n040_lambda080_rep20.rds",0.609329244163039,6000,0.347999999999999,12,23.0769230769231,572.871794871795,0.523809523809524,0.951408125577101,0.609329244163039,22,551.282051282051,995.589743589744
"distance",20,80,0.8,20,1843062588,"outputs/wcrit/01_distance_sensitivity/designs/distance_m20_n080_lambda080_rep20.rds",0.655061015281071,6000,1.09399999999999,55,96.2025316455696,9576.35569620253,0.574468085106383,0.977432735979821,0.655061015281071,95,9379.74683544304,18091.8734177215
"distance",5,25,0.8,20,949646246,"outputs/wcrit/01_distance_sensitivity/designs/distance_m05_n025_lambda080_rep20.rds",0.39360594795539,6000,0.0810000000000031,2,5.2,30.8,0.25,0.968029739776952,0.39360594795539,5,30.3819444444444,43.4583333333333
"distance",10,50,0.8,20,632315725,"outputs/wcrit/01_distance_sensitivity/designs/distance_m10_n050_lambda080_rep20.rds",0.537013349530588,6000,0.289000000000001,10,22.9591836734694,561.372244897959,0.428571428571429,0.970781033367224,0.537013349530588,22,548.469387755102,990.061224489796
"distance",20,100,0.8,20,1839374264,"outputs/wcrit/01_distance_sensitivity/designs/distance_m20_n100_lambda080_rep20.rds",0.64729346193127,6000,1.55199999999999,54,95.959595959596,9519.86747474747,0.563829787234043,0.981148160720181,0.64729346193127,95,9356.06060606061,18045.2323232323
"distance",5,5,0.9,20,834108401,"outputs/wcrit/01_distance_sensitivity/designs/distance_m05_n005_lambda090_rep20.rds",0.75560475161987,6000,0.0110000000000099,4,6,40.2,0.75,0.806047516198704,0.75560475161987,5,36.4583333333333,55.75
"distance",10,10,0.9,20,177877478,"outputs/wcrit/01_distance_sensitivity/designs/distance_m10_n010_lambda090_rep20.rds",0.855030208536348,6000,0.0459999999999923,19,25,677.355555555556,0.857142857142857,0.836016371077762,0.855030208536348,22,597.222222222222,1085.88888888889
"distance",20,20,0.9,20,1160281172,"outputs/wcrit/01_distance_sensitivity/designs/distance_m20_n020_lambda090_rep20.rds",0.780444163194803,6000,0.209000000000003,73,100,10558.9052631579,0.765957446808511,0.910824610671432,0.780444163194803,95,9750,18820.9473684211
"distance",5,10,0.9,20,456325948,"outputs/wcrit/01_distance_sensitivity/designs/distance_m05_n010_lambda090_rep20.rds",0.7630195599022,6000,0.0170000000000101,4,5.55555555555556,34.2222222222222,0.75,0.880195599022005,0.7630195599022,5,32.4074074074074,47.5555555555556
"distance",10,20,0.9,20,1365790877,"outputs/wcrit/01_distance_sensitivity/designs/distance_m10_n020_lambda090_rep20.rds",0.692439136426275,6000,0.119,15,23.6842105263158,600.442105263158,0.666666666666667,0.924391364262747,0.692439136426275,22,565.789473684211,1024.10526315789
"distance",20,40,0.9,20,1388624341,"outputs/wcrit/01_distance_sensitivity/designs/distance_m20_n040_lambda090_rep20.rds",0.698540440041016,6000,0.448999999999998,64,97.4358974358974,9910.62564102564,0.670212765957447,0.953489506793139,0.698540440041016,95,9500,18328.6666666667
"distance",5,15,0.9,20,1911464567,"outputs/wcrit/01_distance_sensitivity/designs/distance_m05_n015_lambda090_rep20.rds",0.542992327365729,6000,0.046999999999997,3,5.33333333333333,32.2285714285714,0.5,0.929923273657289,0.542992327365729,5,31.25,45.2142857142857
"distance",10,30,0.9,20,406220647,"outputs/wcrit/01_distance_sensitivity/designs/distance_m10_n030_lambda090_rep20.rds",0.608698578524973,6000,0.164000000000001,13,23.2758620689655,581.114942528736,0.571428571428571,0.944128642392585,0.608698578524973,22,556.034482758621,1004.93103448276
"distance",20,60,0.9,20,1616967510,"outputs/wcrit/01_distance_sensitivity/designs/distance_m20_n060_lambda090_rep20.rds",0.652338435329294,6000,0.724000000000004,59,96.6101694915254,9680.32316384181,0.617021276595745,0.970192863931243,0.652338435329294,95,9419.49152542373,18170.1355932203
"distance",5,20,0.9,20,1644239347,"outputs/wcrit/01_distance_sensitivity/designs/distance_m05_n020_lambda090_rep20.rds",0.319869109947644,6000,0.0489999999999924,2,5.26315789473684,31.3894736842105,0.25,0.94869109947644,0.319869109947644,5,30.7017543859649,44.1052631578947
"distance",10,40,0.9,20,1594134046,"outputs/wcrit/01_distance_sensitivity/designs/distance_m10_n040_lambda090_rep20.rds",0.52492876929165,6000,0.230000000000004,11,23.0769230769231,567.466666666667,0.476190476190476,0.963573407202216,0.52492876929165,22,551.282051282051,995.589743589744
"distance",20,80,0.9,20,1845310679,"outputs/wcrit/01_distance_sensitivity/designs/distance_m20_n080_lambda090_rep20.rds",0.653112171320218,6000,1.107,59,96.2025316455696,9572.02151898734,0.617021276595745,0.977930223840478,0.653112171320218,95,9379.74683544304,18091.8734177215
"distance",5,25,0.9,20,951894337,"outputs/wcrit/01_distance_sensitivity/designs/distance_m05_n025_lambda090_rep20.rds",0.321395114179501,6000,0.0669999999999931,2,5.2,30.8533333333333,0.25,0.963951141795008,0.321395114179501,5,30.3819444444444,43.4583333333333
"distance",10,50,0.9,20,634563816,"outputs/wcrit/01_distance_sensitivity/designs/distance_m10_n050_lambda090_rep20.rds",0.482739149380059,6000,0.271000000000001,10,22.9591836734694,561.607346938776,0.428571428571429,0.970248636657732,0.482739149380059,22,548.469387755102,990.061224489796
"distance",20,100,0.9,20,1841622355,"outputs/wcrit/01_distance_sensitivity/designs/distance_m20_n100_lambda090_rep20.rds",0.605565688621493,6000,1.495,54,95.959595959596,9519.51434343434,0.563829787234043,0.981188801108543,0.605565688621493,95,9356.06060606061,18045.2323232323
"distance",5,5,1,20,1763567235,"outputs/wcrit/01_distance_sensitivity/designs/distance_m05_n005_lambda100_rep20.rds",0.75,6000,0.012999999999991,4,6,40.8,0.75,0.774946004319655,0.75,5,36.4583333333333,55.75
"distance",10,10,1,20,1547041222,"outputs/wcrit/01_distance_sensitivity/designs/distance_m10_n010_lambda100_rep20.rds",0.857142857142857,6000,0.0439999999999969,19,25,680.2,0.857142857142857,0.830195543428831,0.857142857142857,22,597.222222222222,1085.88888888889
"distance",20,20,1,20,1281556818,"outputs/wcrit/01_distance_sensitivity/designs/distance_m20_n020_lambda100_rep20.rds",0.776595744680851,6000,0.212999999999994,74,100,10574.3789473684,0.776595744680851,0.909118759718709,0.776595744680851,95,9750,18820.9473684211
"distance",5,10,1,20,1724126927,"outputs/wcrit/01_distance_sensitivity/designs/distance_m05_n010_lambda100_rep20.rds",0.75,6000,0.0169999999999959,4,5.55555555555556,34.2222222222222,0.75,0.880195599022005,0.75,5,32.4074074074074,47.5555555555556
"distance",10,20,1,20,283722837,"outputs/wcrit/01_distance_sensitivity/designs/distance_m10_n020_lambda100_rep20.rds",0.714285714285714,6000,0.0969999999999942,16,23.6842105263158,601.663157894737,0.714285714285714,0.92172714745062,0.714285714285714,22,565.789473684211,1024.10526315789
"distance",20,40,1,20,902403677,"outputs/wcrit/01_distance_sensitivity/designs/distance_m20_n040_lambda100_rep20.rds",0.659574468085106,6000,0.442999999999998,63,97.4358974358974,9897.94871794872,0.659574468085106,0.954925388739479,0.659574468085106,95,9500,18328.6666666667
"distance",5,15,1,20,1348048572,"outputs/wcrit/01_distance_sensitivity/designs/distance_m05_n015_lambda100_rep20.rds",0.25,6000,0.0439999999999969,2,5.33333333333333,32.8952380952381,0.25,0.882182438192669,0.25,5,31.25,45.2142857142857
"distance",10,30,1,20,1167888081,"outputs/wcrit/01_distance_sensitivity/designs/distance_m10_n030_lambda100_rep20.rds",0.523809523809524,6000,0.158999999999992,12,23.2758620689655,582.144827586207,0.523809523809524,0.941834383161776,0.523809523809524,22,556.034482758621,1004.93103448276
"distance",20,60,1,20,523250536,"outputs/wcrit/01_distance_sensitivity/designs/distance_m20_n060_lambda100_rep20.rds",0.627659574468085,6000,0.686000000000007,60,96.6101694915254,9670.62598870057,0.627659574468085,0.971301030949134,0.627659574468085,95,9419.49152542373,18170.1355932203
"distance",5,20,1,20,460808542,"outputs/wcrit/01_distance_sensitivity/designs/distance_m05_n020_lambda100_rep20.rds",0.25,6000,0.0429999999999922,2,5.26315789473684,31.7263157894737,0.25,0.923560209424084,0.25,5,30.7017543859649,44.1052631578947
"distance",10,40,1,20,2052053325,"outputs/wcrit/01_distance_sensitivity/designs/distance_m10_n040_lambda100_rep20.rds",0.476190476190476,6000,0.230999999999995,11,23.0769230769231,573.076923076923,0.476190476190476,0.950946445060018,0.476190476190476,22,551.282051282051,995.589743589744
"distance",20,80,1,20,144097395,"outputs/wcrit/01_distance_sensitivity/designs/distance_m20_n080_lambda100_rep20.rds",0.574468085106383,6000,1.05999999999999,55,96.2025316455696,9585.54936708861,0.574468085106383,0.976377463102499,0.574468085106383,95,9379.74683544304,18091.8734177215
"distance",5,25,1,20,84730187,"outputs/wcrit/01_distance_sensitivity/designs/distance_m05_n025_lambda100_rep20.rds",0.25,6000,0.0799999999999983,2,5.2,31.1133333333333,0.25,0.944067976633032,0.25,5,30.3819444444444,43.4583333333333
"distance",10,50,1,20,788734940,"outputs/wcrit/01_distance_sensitivity/designs/distance_m10_n050_lambda100_rep20.rds",0.476190476190476,6000,0.290999999999997,11,22.9591836734694,563.821224489796,0.476190476190476,0.96523523431001,0.476190476190476,22,548.469387755102,990.061224489796
"distance",20,100,1,20,237950261,"outputs/wcrit/01_distance_sensitivity/designs/distance_m20_n100_lambda100_rep20.rds",0.542553191489362,6000,1.36799999999999,52,95.959595959596,9523.32606060606,0.542553191489362,0.980750126710593,0.542553191489362,95,9356.06060606061,18045.2323232323
