"experiment","protocol_hash","rep","m","n","scenario_id","model_family","source_fit_mode","source_c_true","method_id","loss_name","absolute_loss"
"29_pwo_gp_model_specific","db6cb901415724b9f55892557a81f2cbcc3e7f91cf2f712ea45b7b9a2b1eb5a5",1,6,48,"pwo_snr2","pwo","ols",NA,"FSA_lambda050","nrmse_common",0.26796871372356
"29_pwo_gp_model_specific","db6cb901415724b9f55892557a81f2cbcc3e7f91cf2f712ea45b7b9a2b1eb5a5",1,6,48,"pwo_snr5","pwo","ols",NA,"FSA_lambda050","nrmse_common",0.107187485489424
"29_pwo_gp_model_specific","db6cb901415724b9f55892557a81f2cbcc3e7f91cf2f712ea45b7b9a2b1eb5a5",1,6,48,"pwo_snr2","pwo","ols",NA,"SA_hamming_foldover","nrmse_common",0.418072395125507
"29_pwo_gp_model_specific","db6cb901415724b9f55892557a81f2cbcc3e7f91cf2f712ea45b7b9a2b1eb5a5",1,6,48,"pwo_snr5","pwo","ols",NA,"SA_hamming_foldover","nrmse_common",0.167228958050203
"29_pwo_gp_model_specific","db6cb901415724b9f55892557a81f2cbcc3e7f91cf2f712ea45b7b9a2b1eb5a5",1,6,48,"pwo_snr2","pwo","ols",NA,"SA_l2_position_foldover","nrmse_common",0.418005854614043
"29_pwo_gp_model_specific","db6cb901415724b9f55892557a81f2cbcc3e7f91cf2f712ea45b7b9a2b1eb5a5",1,6,48,"pwo_snr5","pwo","ols",NA,"SA_l2_position_foldover","nrmse_common",0.167202341845617
"29_pwo_gp_model_specific","db6cb901415724b9f55892557a81f2cbcc3e7f91cf2f712ea45b7b9a2b1eb5a5",1,6,48,"pwo_snr2","pwo","ols",NA,"random_foldover","nrmse_common",0.475788933560042
"29_pwo_gp_model_specific","db6cb901415724b9f55892557a81f2cbcc3e7f91cf2f712ea45b7b9a2b1eb5a5",1,6,48,"pwo_snr5","pwo","ols",NA,"random_foldover","nrmse_common",0.190315573424017
"29_pwo_gp_model_specific","db6cb901415724b9f55892557a81f2cbcc3e7f91cf2f712ea45b7b9a2b1eb5a5",1,6,60,"pwo_snr2","pwo","ols",NA,"FSA_lambda050","nrmse_common",0.361390020315842
"29_pwo_gp_model_specific","db6cb901415724b9f55892557a81f2cbcc3e7f91cf2f712ea45b7b9a2b1eb5a5",1,6,60,"pwo_snr5","pwo","ols",NA,"FSA_lambda050","nrmse_common",0.144556008126337
"29_pwo_gp_model_specific","db6cb901415724b9f55892557a81f2cbcc3e7f91cf2f712ea45b7b9a2b1eb5a5",1,6,60,"pwo_snr2","pwo","ols",NA,"SA_hamming_foldover","nrmse_common",0.369439634589083
"29_pwo_gp_model_specific","db6cb901415724b9f55892557a81f2cbcc3e7f91cf2f712ea45b7b9a2b1eb5a5",1,6,60,"pwo_snr5","pwo","ols",NA,"SA_hamming_foldover","nrmse_common",0.147775853835633
"29_pwo_gp_model_specific","db6cb901415724b9f55892557a81f2cbcc3e7f91cf2f712ea45b7b9a2b1eb5a5",1,6,60,"pwo_snr2","pwo","ols",NA,"SA_l2_position_foldover","nrmse_common",0.321068184860683
"29_pwo_gp_model_specific","db6cb901415724b9f55892557a81f2cbcc3e7f91cf2f712ea45b7b9a2b1eb5a5",1,6,60,"pwo_snr5","pwo","ols",NA,"SA_l2_position_foldover","nrmse_common",0.128427273944273
"29_pwo_gp_model_specific","db6cb901415724b9f55892557a81f2cbcc3e7f91cf2f712ea45b7b9a2b1eb5a5",1,6,60,"pwo_snr2","pwo","ols",NA,"random_foldover","nrmse_common",0.347400597896908
"29_pwo_gp_model_specific","db6cb901415724b9f55892557a81f2cbcc3e7f91cf2f712ea45b7b9a2b1eb5a5",1,6,60,"pwo_snr5","pwo","ols",NA,"random_foldover","nrmse_common",0.138960239158763
"29_pwo_gp_model_specific","db6cb901415724b9f55892557a81f2cbcc3e7f91cf2f712ea45b7b9a2b1eb5a5",2,6,48,"pwo_snr2","pwo","ols",NA,"FSA_lambda050","nrmse_common",0.288712708860419
"29_pwo_gp_model_specific","db6cb901415724b9f55892557a81f2cbcc3e7f91cf2f712ea45b7b9a2b1eb5a5",2,6,48,"pwo_snr5","pwo","ols",NA,"FSA_lambda050","nrmse_common",0.115485083544168
"29_pwo_gp_model_specific","db6cb901415724b9f55892557a81f2cbcc3e7f91cf2f712ea45b7b9a2b1eb5a5",2,6,48,"pwo_snr2","pwo","ols",NA,"SA_hamming_foldover","nrmse_common",0.306979912682705
"29_pwo_gp_model_specific","db6cb901415724b9f55892557a81f2cbcc3e7f91cf2f712ea45b7b9a2b1eb5a5",2,6,48,"pwo_snr5","pwo","ols",NA,"SA_hamming_foldover","nrmse_common",0.122791965073082
"29_pwo_gp_model_specific","db6cb901415724b9f55892557a81f2cbcc3e7f91cf2f712ea45b7b9a2b1eb5a5",2,6,48,"pwo_snr2","pwo","ols",NA,"SA_l2_position_foldover","nrmse_common",0.444868049280851
"29_pwo_gp_model_specific","db6cb901415724b9f55892557a81f2cbcc3e7f91cf2f712ea45b7b9a2b1eb5a5",2,6,48,"pwo_snr5","pwo","ols",NA,"SA_l2_position_foldover","nrmse_common",0.177947219712341
"29_pwo_gp_model_specific","db6cb901415724b9f55892557a81f2cbcc3e7f91cf2f712ea45b7b9a2b1eb5a5",2,6,48,"pwo_snr2","pwo","ols",NA,"random_foldover","nrmse_common",0.586994835688021
"29_pwo_gp_model_specific","db6cb901415724b9f55892557a81f2cbcc3e7f91cf2f712ea45b7b9a2b1eb5a5",2,6,48,"pwo_snr5","pwo","ols",NA,"random_foldover","nrmse_common",0.234797934275208
"29_pwo_gp_model_specific","db6cb901415724b9f55892557a81f2cbcc3e7f91cf2f712ea45b7b9a2b1eb5a5",2,6,60,"pwo_snr2","pwo","ols",NA,"FSA_lambda050","nrmse_common",0.236678001374649
"29_pwo_gp_model_specific","db6cb901415724b9f55892557a81f2cbcc3e7f91cf2f712ea45b7b9a2b1eb5a5",2,6,60,"pwo_snr5","pwo","ols",NA,"FSA_lambda050","nrmse_common",0.0946712005498597
"29_pwo_gp_model_specific","db6cb901415724b9f55892557a81f2cbcc3e7f91cf2f712ea45b7b9a2b1eb5a5",2,6,60,"pwo_snr2","pwo","ols",NA,"SA_hamming_foldover","nrmse_common",0.19421447092221
"29_pwo_gp_model_specific","db6cb901415724b9f55892557a81f2cbcc3e7f91cf2f712ea45b7b9a2b1eb5a5",2,6,60,"pwo_snr5","pwo","ols",NA,"SA_hamming_foldover","nrmse_common",0.0776857883688836
"29_pwo_gp_model_specific","db6cb901415724b9f55892557a81f2cbcc3e7f91cf2f712ea45b7b9a2b1eb5a5",2,6,60,"pwo_snr2","pwo","ols",NA,"SA_l2_position_foldover","nrmse_common",0.412999107536478
"29_pwo_gp_model_specific","db6cb901415724b9f55892557a81f2cbcc3e7f91cf2f712ea45b7b9a2b1eb5a5",2,6,60,"pwo_snr5","pwo","ols",NA,"SA_l2_position_foldover","nrmse_common",0.165199643014591
"29_pwo_gp_model_specific","db6cb901415724b9f55892557a81f2cbcc3e7f91cf2f712ea45b7b9a2b1eb5a5",2,6,60,"pwo_snr2","pwo","ols",NA,"random_foldover","nrmse_common",0.562529246528445
"29_pwo_gp_model_specific","db6cb901415724b9f55892557a81f2cbcc3e7f91cf2f712ea45b7b9a2b1eb5a5",2,6,60,"pwo_snr5","pwo","ols",NA,"random_foldover","nrmse_common",0.225011698611378
"29_pwo_gp_model_specific","db6cb901415724b9f55892557a81f2cbcc3e7f91cf2f712ea45b7b9a2b1eb5a5",3,6,48,"pwo_snr2","pwo","ols",NA,"FSA_lambda050","nrmse_common",0.362417603133004
"29_pwo_gp_model_specific","db6cb901415724b9f55892557a81f2cbcc3e7f91cf2f712ea45b7b9a2b1eb5a5",3,6,48,"pwo_snr5","pwo","ols",NA,"FSA_lambda050","nrmse_common",0.144967041253202
"29_pwo_gp_model_specific","db6cb901415724b9f55892557a81f2cbcc3e7f91cf2f712ea45b7b9a2b1eb5a5",3,6,48,"pwo_snr2","pwo","ols",NA,"SA_hamming_foldover","nrmse_common",0.433348604386356
"29_pwo_gp_model_specific","db6cb901415724b9f55892557a81f2cbcc3e7f91cf2f712ea45b7b9a2b1eb5a5",3,6,48,"pwo_snr5","pwo","ols",NA,"SA_hamming_foldover","nrmse_common",0.173339441754542
"29_pwo_gp_model_specific","db6cb901415724b9f55892557a81f2cbcc3e7f91cf2f712ea45b7b9a2b1eb5a5",3,6,48,"pwo_snr2","pwo","ols",NA,"SA_l2_position_foldover","nrmse_common",0.494618687598031
"29_pwo_gp_model_specific","db6cb901415724b9f55892557a81f2cbcc3e7f91cf2f712ea45b7b9a2b1eb5a5",3,6,48,"pwo_snr5","pwo","ols",NA,"SA_l2_position_foldover","nrmse_common",0.197847475039212
"29_pwo_gp_model_specific","db6cb901415724b9f55892557a81f2cbcc3e7f91cf2f712ea45b7b9a2b1eb5a5",3,6,48,"pwo_snr2","pwo","ols",NA,"random_foldover","nrmse_common",0.428996571354168
"29_pwo_gp_model_specific","db6cb901415724b9f55892557a81f2cbcc3e7f91cf2f712ea45b7b9a2b1eb5a5",3,6,48,"pwo_snr5","pwo","ols",NA,"random_foldover","nrmse_common",0.171598628541667
"29_pwo_gp_model_specific","db6cb901415724b9f55892557a81f2cbcc3e7f91cf2f712ea45b7b9a2b1eb5a5",3,6,60,"pwo_snr2","pwo","ols",NA,"FSA_lambda050","nrmse_common",0.24226685005189
"29_pwo_gp_model_specific","db6cb901415724b9f55892557a81f2cbcc3e7f91cf2f712ea45b7b9a2b1eb5a5",3,6,60,"pwo_snr5","pwo","ols",NA,"FSA_lambda050","nrmse_common",0.096906740020756
"29_pwo_gp_model_specific","db6cb901415724b9f55892557a81f2cbcc3e7f91cf2f712ea45b7b9a2b1eb5a5",3,6,60,"pwo_snr2","pwo","ols",NA,"SA_hamming_foldover","nrmse_common",0.198002186349834
"29_pwo_gp_model_specific","db6cb901415724b9f55892557a81f2cbcc3e7f91cf2f712ea45b7b9a2b1eb5a5",3,6,60,"pwo_snr5","pwo","ols",NA,"SA_hamming_foldover","nrmse_common",0.0792008745399337
"29_pwo_gp_model_specific","db6cb901415724b9f55892557a81f2cbcc3e7f91cf2f712ea45b7b9a2b1eb5a5",3,6,60,"pwo_snr2","pwo","ols",NA,"SA_l2_position_foldover","nrmse_common",0.281837050605569
"29_pwo_gp_model_specific","db6cb901415724b9f55892557a81f2cbcc3e7f91cf2f712ea45b7b9a2b1eb5a5",3,6,60,"pwo_snr5","pwo","ols",NA,"SA_l2_position_foldover","nrmse_common",0.112734820242228
"29_pwo_gp_model_specific","db6cb901415724b9f55892557a81f2cbcc3e7f91cf2f712ea45b7b9a2b1eb5a5",3,6,60,"pwo_snr2","pwo","ols",NA,"random_foldover","nrmse_common",0.305527957812262
"29_pwo_gp_model_specific","db6cb901415724b9f55892557a81f2cbcc3e7f91cf2f712ea45b7b9a2b1eb5a5",3,6,60,"pwo_snr5","pwo","ols",NA,"random_foldover","nrmse_common",0.122211183124905
"29_pwo_gp_model_specific","db6cb901415724b9f55892557a81f2cbcc3e7f91cf2f712ea45b7b9a2b1eb5a5",4,6,48,"pwo_snr2","pwo","ols",NA,"FSA_lambda050","nrmse_common",0.27097747736608
"29_pwo_gp_model_specific","db6cb901415724b9f55892557a81f2cbcc3e7f91cf2f712ea45b7b9a2b1eb5a5",4,6,48,"pwo_snr5","pwo","ols",NA,"FSA_lambda050","nrmse_common",0.108390990946432
"29_pwo_gp_model_specific","db6cb901415724b9f55892557a81f2cbcc3e7f91cf2f712ea45b7b9a2b1eb5a5",4,6,48,"pwo_snr2","pwo","ols",NA,"SA_hamming_foldover","nrmse_common",0.351593325568139
"29_pwo_gp_model_specific","db6cb901415724b9f55892557a81f2cbcc3e7f91cf2f712ea45b7b9a2b1eb5a5",4,6,48,"pwo_snr5","pwo","ols",NA,"SA_hamming_foldover","nrmse_common",0.140637330227255
"29_pwo_gp_model_specific","db6cb901415724b9f55892557a81f2cbcc3e7f91cf2f712ea45b7b9a2b1eb5a5",4,6,48,"pwo_snr2","pwo","ols",NA,"SA_l2_position_foldover","nrmse_common",0.298780785539389
"29_pwo_gp_model_specific","db6cb901415724b9f55892557a81f2cbcc3e7f91cf2f712ea45b7b9a2b1eb5a5",4,6,48,"pwo_snr5","pwo","ols",NA,"SA_l2_position_foldover","nrmse_common",0.119512314215756
"29_pwo_gp_model_specific","db6cb901415724b9f55892557a81f2cbcc3e7f91cf2f712ea45b7b9a2b1eb5a5",4,6,48,"pwo_snr2","pwo","ols",NA,"random_foldover","nrmse_common",0.57490667547713
"29_pwo_gp_model_specific","db6cb901415724b9f55892557a81f2cbcc3e7f91cf2f712ea45b7b9a2b1eb5a5",4,6,48,"pwo_snr5","pwo","ols",NA,"random_foldover","nrmse_common",0.229962670190852
"29_pwo_gp_model_specific","db6cb901415724b9f55892557a81f2cbcc3e7f91cf2f712ea45b7b9a2b1eb5a5",4,6,60,"pwo_snr2","pwo","ols",NA,"FSA_lambda050","nrmse_common",0.347621446378365
"29_pwo_gp_model_specific","db6cb901415724b9f55892557a81f2cbcc3e7f91cf2f712ea45b7b9a2b1eb5a5",4,6,60,"pwo_snr5","pwo","ols",NA,"FSA_lambda050","nrmse_common",0.139048578551346
"29_pwo_gp_model_specific","db6cb901415724b9f55892557a81f2cbcc3e7f91cf2f712ea45b7b9a2b1eb5a5",4,6,60,"pwo_snr2","pwo","ols",NA,"SA_hamming_foldover","nrmse_common",0.158971685807657
"29_pwo_gp_model_specific","db6cb901415724b9f55892557a81f2cbcc3e7f91cf2f712ea45b7b9a2b1eb5a5",4,6,60,"pwo_snr5","pwo","ols",NA,"SA_hamming_foldover","nrmse_common",0.0635886743230631
"29_pwo_gp_model_specific","db6cb901415724b9f55892557a81f2cbcc3e7f91cf2f712ea45b7b9a2b1eb5a5",4,6,60,"pwo_snr2","pwo","ols",NA,"SA_l2_position_foldover","nrmse_common",0.285071114819475
"29_pwo_gp_model_specific","db6cb901415724b9f55892557a81f2cbcc3e7f91cf2f712ea45b7b9a2b1eb5a5",4,6,60,"pwo_snr5","pwo","ols",NA,"SA_l2_position_foldover","nrmse_common",0.11402844592779
"29_pwo_gp_model_specific","db6cb901415724b9f55892557a81f2cbcc3e7f91cf2f712ea45b7b9a2b1eb5a5",4,6,60,"pwo_snr2","pwo","ols",NA,"random_foldover","nrmse_common",0.386959834871921
"29_pwo_gp_model_specific","db6cb901415724b9f55892557a81f2cbcc3e7f91cf2f712ea45b7b9a2b1eb5a5",4,6,60,"pwo_snr5","pwo","ols",NA,"random_foldover","nrmse_common",0.154783933948768
"29_pwo_gp_model_specific","db6cb901415724b9f55892557a81f2cbcc3e7f91cf2f712ea45b7b9a2b1eb5a5",5,6,48,"pwo_snr2","pwo","ols",NA,"FSA_lambda050","nrmse_common",0.43544676905142
"29_pwo_gp_model_specific","db6cb901415724b9f55892557a81f2cbcc3e7f91cf2f712ea45b7b9a2b1eb5a5",5,6,48,"pwo_snr5","pwo","ols",NA,"FSA_lambda050","nrmse_common",0.174178707620568
"29_pwo_gp_model_specific","db6cb901415724b9f55892557a81f2cbcc3e7f91cf2f712ea45b7b9a2b1eb5a5",5,6,48,"pwo_snr2","pwo","ols",NA,"SA_hamming_foldover","nrmse_common",0.407112280720404
"29_pwo_gp_model_specific","db6cb901415724b9f55892557a81f2cbcc3e7f91cf2f712ea45b7b9a2b1eb5a5",5,6,48,"pwo_snr5","pwo","ols",NA,"SA_hamming_foldover","nrmse_common",0.162844912288161
"29_pwo_gp_model_specific","db6cb901415724b9f55892557a81f2cbcc3e7f91cf2f712ea45b7b9a2b1eb5a5",5,6,48,"pwo_snr2","pwo","ols",NA,"SA_l2_position_foldover","nrmse_common",0.328548253052155
"29_pwo_gp_model_specific","db6cb901415724b9f55892557a81f2cbcc3e7f91cf2f712ea45b7b9a2b1eb5a5",5,6,48,"pwo_snr5","pwo","ols",NA,"SA_l2_position_foldover","nrmse_common",0.131419301220862
"29_pwo_gp_model_specific","db6cb901415724b9f55892557a81f2cbcc3e7f91cf2f712ea45b7b9a2b1eb5a5",5,6,48,"pwo_snr2","pwo","ols",NA,"random_foldover","nrmse_common",0.501069030586755
"29_pwo_gp_model_specific","db6cb901415724b9f55892557a81f2cbcc3e7f91cf2f712ea45b7b9a2b1eb5a5",5,6,48,"pwo_snr5","pwo","ols",NA,"random_foldover","nrmse_common",0.200427612234702
"29_pwo_gp_model_specific","db6cb901415724b9f55892557a81f2cbcc3e7f91cf2f712ea45b7b9a2b1eb5a5",5,6,60,"pwo_snr2","pwo","ols",NA,"FSA_lambda050","nrmse_common",0.321965518507724
"29_pwo_gp_model_specific","db6cb901415724b9f55892557a81f2cbcc3e7f91cf2f712ea45b7b9a2b1eb5a5",5,6,60,"pwo_snr5","pwo","ols",NA,"FSA_lambda050","nrmse_common",0.12878620740309
"29_pwo_gp_model_specific","db6cb901415724b9f55892557a81f2cbcc3e7f91cf2f712ea45b7b9a2b1eb5a5",5,6,60,"pwo_snr2","pwo","ols",NA,"SA_hamming_foldover","nrmse_common",0.370665121657501
"29_pwo_gp_model_specific","db6cb901415724b9f55892557a81f2cbcc3e7f91cf2f712ea45b7b9a2b1eb5a5",5,6,60,"pwo_snr5","pwo","ols",NA,"SA_hamming_foldover","nrmse_common",0.148266048663
"29_pwo_gp_model_specific","db6cb901415724b9f55892557a81f2cbcc3e7f91cf2f712ea45b7b9a2b1eb5a5",5,6,60,"pwo_snr2","pwo","ols",NA,"SA_l2_position_foldover","nrmse_common",0.201346905469857
"29_pwo_gp_model_specific","db6cb901415724b9f55892557a81f2cbcc3e7f91cf2f712ea45b7b9a2b1eb5a5",5,6,60,"pwo_snr5","pwo","ols",NA,"SA_l2_position_foldover","nrmse_common",0.0805387621879426
"29_pwo_gp_model_specific","db6cb901415724b9f55892557a81f2cbcc3e7f91cf2f712ea45b7b9a2b1eb5a5",5,6,60,"pwo_snr2","pwo","ols",NA,"random_foldover","nrmse_common",0.36581156584775
"29_pwo_gp_model_specific","db6cb901415724b9f55892557a81f2cbcc3e7f91cf2f712ea45b7b9a2b1eb5a5",5,6,60,"pwo_snr5","pwo","ols",NA,"random_foldover","nrmse_common",0.1463246263391
"29_pwo_gp_model_specific","db6cb901415724b9f55892557a81f2cbcc3e7f91cf2f712ea45b7b9a2b1eb5a5",6,6,48,"pwo_snr2","pwo","ols",NA,"FSA_lambda050","nrmse_common",0.260443003234851
"29_pwo_gp_model_specific","db6cb901415724b9f55892557a81f2cbcc3e7f91cf2f712ea45b7b9a2b1eb5a5",6,6,48,"pwo_snr5","pwo","ols",NA,"FSA_lambda050","nrmse_common",0.10417720129394
"29_pwo_gp_model_specific","db6cb901415724b9f55892557a81f2cbcc3e7f91cf2f712ea45b7b9a2b1eb5a5",6,6,48,"pwo_snr2","pwo","ols",NA,"SA_hamming_foldover","nrmse_common",0.401632092135717
"29_pwo_gp_model_specific","db6cb901415724b9f55892557a81f2cbcc3e7f91cf2f712ea45b7b9a2b1eb5a5",6,6,48,"pwo_snr5","pwo","ols",NA,"SA_hamming_foldover","nrmse_common",0.160652836854287
"29_pwo_gp_model_specific","db6cb901415724b9f55892557a81f2cbcc3e7f91cf2f712ea45b7b9a2b1eb5a5",6,6,48,"pwo_snr2","pwo","ols",NA,"SA_l2_position_foldover","nrmse_common",0.478467777988453
"29_pwo_gp_model_specific","db6cb901415724b9f55892557a81f2cbcc3e7f91cf2f712ea45b7b9a2b1eb5a5",6,6,48,"pwo_snr5","pwo","ols",NA,"SA_l2_position_foldover","nrmse_common",0.191387111195381
"29_pwo_gp_model_specific","db6cb901415724b9f55892557a81f2cbcc3e7f91cf2f712ea45b7b9a2b1eb5a5",6,6,48,"pwo_snr2","pwo","ols",NA,"random_foldover","nrmse_common",0.452594263128263
"29_pwo_gp_model_specific","db6cb901415724b9f55892557a81f2cbcc3e7f91cf2f712ea45b7b9a2b1eb5a5",6,6,48,"pwo_snr5","pwo","ols",NA,"random_foldover","nrmse_common",0.181037705251305
"29_pwo_gp_model_specific","db6cb901415724b9f55892557a81f2cbcc3e7f91cf2f712ea45b7b9a2b1eb5a5",6,6,60,"pwo_snr2","pwo","ols",NA,"FSA_lambda050","nrmse_common",0.27190285931097
"29_pwo_gp_model_specific","db6cb901415724b9f55892557a81f2cbcc3e7f91cf2f712ea45b7b9a2b1eb5a5",6,6,60,"pwo_snr5","pwo","ols",NA,"FSA_lambda050","nrmse_common",0.108761143724388
"29_pwo_gp_model_specific","db6cb901415724b9f55892557a81f2cbcc3e7f91cf2f712ea45b7b9a2b1eb5a5",6,6,60,"pwo_snr2","pwo","ols",NA,"SA_hamming_foldover","nrmse_common",0.489819260381581
"29_pwo_gp_model_specific","db6cb901415724b9f55892557a81f2cbcc3e7f91cf2f712ea45b7b9a2b1eb5a5",6,6,60,"pwo_snr5","pwo","ols",NA,"SA_hamming_foldover","nrmse_common",0.195927704152632
"29_pwo_gp_model_specific","db6cb901415724b9f55892557a81f2cbcc3e7f91cf2f712ea45b7b9a2b1eb5a5",6,6,60,"pwo_snr2","pwo","ols",NA,"SA_l2_position_foldover","nrmse_common",0.223105653526733
"29_pwo_gp_model_specific","db6cb901415724b9f55892557a81f2cbcc3e7f91cf2f712ea45b7b9a2b1eb5a5",6,6,60,"pwo_snr5","pwo","ols",NA,"SA_l2_position_foldover","nrmse_common",0.0892422614106931
"29_pwo_gp_model_specific","db6cb901415724b9f55892557a81f2cbcc3e7f91cf2f712ea45b7b9a2b1eb5a5",6,6,60,"pwo_snr2","pwo","ols",NA,"random_foldover","nrmse_common",0.267239756275092
"29_pwo_gp_model_specific","db6cb901415724b9f55892557a81f2cbcc3e7f91cf2f712ea45b7b9a2b1eb5a5",6,6,60,"pwo_snr5","pwo","ols",NA,"random_foldover","nrmse_common",0.106895902510036
"29_pwo_gp_model_specific","db6cb901415724b9f55892557a81f2cbcc3e7f91cf2f712ea45b7b9a2b1eb5a5",7,6,48,"pwo_snr2","pwo","ols",NA,"FSA_lambda050","nrmse_common",0.359486639384637
"29_pwo_gp_model_specific","db6cb901415724b9f55892557a81f2cbcc3e7f91cf2f712ea45b7b9a2b1eb5a5",7,6,48,"pwo_snr5","pwo","ols",NA,"FSA_lambda050","nrmse_common",0.143794655753854
"29_pwo_gp_model_specific","db6cb901415724b9f55892557a81f2cbcc3e7f91cf2f712ea45b7b9a2b1eb5a5",7,6,48,"pwo_snr2","pwo","ols",NA,"SA_hamming_foldover","nrmse_common",0.219680220843556
"29_pwo_gp_model_specific","db6cb901415724b9f55892557a81f2cbcc3e7f91cf2f712ea45b7b9a2b1eb5a5",7,6,48,"pwo_snr5","pwo","ols",NA,"SA_hamming_foldover","nrmse_common",0.0878720883374229
"29_pwo_gp_model_specific","db6cb901415724b9f55892557a81f2cbcc3e7f91cf2f712ea45b7b9a2b1eb5a5",7,6,48,"pwo_snr2","pwo","ols",NA,"SA_l2_position_foldover","nrmse_common",0.296011166511951
"29_pwo_gp_model_specific","db6cb901415724b9f55892557a81f2cbcc3e7f91cf2f712ea45b7b9a2b1eb5a5",7,6,48,"pwo_snr5","pwo","ols",NA,"SA_l2_position_foldover","nrmse_common",0.11840446660478
"29_pwo_gp_model_specific","db6cb901415724b9f55892557a81f2cbcc3e7f91cf2f712ea45b7b9a2b1eb5a5",7,6,48,"pwo_snr2","pwo","ols",NA,"random_foldover","nrmse_common",0.46612203447083
"29_pwo_gp_model_specific","db6cb901415724b9f55892557a81f2cbcc3e7f91cf2f712ea45b7b9a2b1eb5a5",7,6,48,"pwo_snr5","pwo","ols",NA,"random_foldover","nrmse_common",0.186448813788332
"29_pwo_gp_model_specific","db6cb901415724b9f55892557a81f2cbcc3e7f91cf2f712ea45b7b9a2b1eb5a5",7,6,60,"pwo_snr2","pwo","ols",NA,"FSA_lambda050","nrmse_common",0.394294040972036
"29_pwo_gp_model_specific","db6cb901415724b9f55892557a81f2cbcc3e7f91cf2f712ea45b7b9a2b1eb5a5",7,6,60,"pwo_snr5","pwo","ols",NA,"FSA_lambda050","nrmse_common",0.157717616388814
"29_pwo_gp_model_specific","db6cb901415724b9f55892557a81f2cbcc3e7f91cf2f712ea45b7b9a2b1eb5a5",7,6,60,"pwo_snr2","pwo","ols",NA,"SA_hamming_foldover","nrmse_common",0.381169794869996
"29_pwo_gp_model_specific","db6cb901415724b9f55892557a81f2cbcc3e7f91cf2f712ea45b7b9a2b1eb5a5",7,6,60,"pwo_snr5","pwo","ols",NA,"SA_hamming_foldover","nrmse_common",0.152467917947998
"29_pwo_gp_model_specific","db6cb901415724b9f55892557a81f2cbcc3e7f91cf2f712ea45b7b9a2b1eb5a5",7,6,60,"pwo_snr2","pwo","ols",NA,"SA_l2_position_foldover","nrmse_common",0.383543895844379
"29_pwo_gp_model_specific","db6cb901415724b9f55892557a81f2cbcc3e7f91cf2f712ea45b7b9a2b1eb5a5",7,6,60,"pwo_snr5","pwo","ols",NA,"SA_l2_position_foldover","nrmse_common",0.153417558337752
"29_pwo_gp_model_specific","db6cb901415724b9f55892557a81f2cbcc3e7f91cf2f712ea45b7b9a2b1eb5a5",7,6,60,"pwo_snr2","pwo","ols",NA,"random_foldover","nrmse_common",0.453815057085029
"29_pwo_gp_model_specific","db6cb901415724b9f55892557a81f2cbcc3e7f91cf2f712ea45b7b9a2b1eb5a5",7,6,60,"pwo_snr5","pwo","ols",NA,"random_foldover","nrmse_common",0.181526022834012
"29_pwo_gp_model_specific","db6cb901415724b9f55892557a81f2cbcc3e7f91cf2f712ea45b7b9a2b1eb5a5",8,6,48,"pwo_snr2","pwo","ols",NA,"FSA_lambda050","nrmse_common",0.320098448422811
"29_pwo_gp_model_specific","db6cb901415724b9f55892557a81f2cbcc3e7f91cf2f712ea45b7b9a2b1eb5a5",8,6,48,"pwo_snr5","pwo","ols",NA,"FSA_lambda050","nrmse_common",0.128039379369124
"29_pwo_gp_model_specific","db6cb901415724b9f55892557a81f2cbcc3e7f91cf2f712ea45b7b9a2b1eb5a5",8,6,48,"pwo_snr2","pwo","ols",NA,"SA_hamming_foldover","nrmse_common",0.326696238517441
"29_pwo_gp_model_specific","db6cb901415724b9f55892557a81f2cbcc3e7f91cf2f712ea45b7b9a2b1eb5a5",8,6,48,"pwo_snr5","pwo","ols",NA,"SA_hamming_foldover","nrmse_common",0.130678495406976
"29_pwo_gp_model_specific","db6cb901415724b9f55892557a81f2cbcc3e7f91cf2f712ea45b7b9a2b1eb5a5",8,6,48,"pwo_snr2","pwo","ols",NA,"SA_l2_position_foldover","nrmse_common",0.330772044632163
"29_pwo_gp_model_specific","db6cb901415724b9f55892557a81f2cbcc3e7f91cf2f712ea45b7b9a2b1eb5a5",8,6,48,"pwo_snr5","pwo","ols",NA,"SA_l2_position_foldover","nrmse_common",0.132308817852865
"29_pwo_gp_model_specific","db6cb901415724b9f55892557a81f2cbcc3e7f91cf2f712ea45b7b9a2b1eb5a5",8,6,48,"pwo_snr2","pwo","ols",NA,"random_foldover","nrmse_common",0.616704892879697
"29_pwo_gp_model_specific","db6cb901415724b9f55892557a81f2cbcc3e7f91cf2f712ea45b7b9a2b1eb5a5",8,6,48,"pwo_snr5","pwo","ols",NA,"random_foldover","nrmse_common",0.246681957151879
"29_pwo_gp_model_specific","db6cb901415724b9f55892557a81f2cbcc3e7f91cf2f712ea45b7b9a2b1eb5a5",8,6,60,"pwo_snr2","pwo","ols",NA,"FSA_lambda050","nrmse_common",0.253034893164369
"29_pwo_gp_model_specific","db6cb901415724b9f55892557a81f2cbcc3e7f91cf2f712ea45b7b9a2b1eb5a5",8,6,60,"pwo_snr5","pwo","ols",NA,"FSA_lambda050","nrmse_common",0.101213957265747
"29_pwo_gp_model_specific","db6cb901415724b9f55892557a81f2cbcc3e7f91cf2f712ea45b7b9a2b1eb5a5",8,6,60,"pwo_snr2","pwo","ols",NA,"SA_hamming_foldover","nrmse_common",0.372700541328166
"29_pwo_gp_model_specific","db6cb901415724b9f55892557a81f2cbcc3e7f91cf2f712ea45b7b9a2b1eb5a5",8,6,60,"pwo_snr5","pwo","ols",NA,"SA_hamming_foldover","nrmse_common",0.149080216531266
"29_pwo_gp_model_specific","db6cb901415724b9f55892557a81f2cbcc3e7f91cf2f712ea45b7b9a2b1eb5a5",8,6,60,"pwo_snr2","pwo","ols",NA,"SA_l2_position_foldover","nrmse_common",0.312482880959243
"29_pwo_gp_model_specific","db6cb901415724b9f55892557a81f2cbcc3e7f91cf2f712ea45b7b9a2b1eb5a5",8,6,60,"pwo_snr5","pwo","ols",NA,"SA_l2_position_foldover","nrmse_common",0.124993152383697
"29_pwo_gp_model_specific","db6cb901415724b9f55892557a81f2cbcc3e7f91cf2f712ea45b7b9a2b1eb5a5",8,6,60,"pwo_snr2","pwo","ols",NA,"random_foldover","nrmse_common",0.246219492367788
"29_pwo_gp_model_specific","db6cb901415724b9f55892557a81f2cbcc3e7f91cf2f712ea45b7b9a2b1eb5a5",8,6,60,"pwo_snr5","pwo","ols",NA,"random_foldover","nrmse_common",0.0984877969471151
"29_pwo_gp_model_specific","db6cb901415724b9f55892557a81f2cbcc3e7f91cf2f712ea45b7b9a2b1eb5a5",9,6,48,"pwo_snr2","pwo","ols",NA,"FSA_lambda050","nrmse_common",0.30389730504186
"29_pwo_gp_model_specific","db6cb901415724b9f55892557a81f2cbcc3e7f91cf2f712ea45b7b9a2b1eb5a5",9,6,48,"pwo_snr5","pwo","ols",NA,"FSA_lambda050","nrmse_common",0.121558922016744
"29_pwo_gp_model_specific","db6cb901415724b9f55892557a81f2cbcc3e7f91cf2f712ea45b7b9a2b1eb5a5",9,6,48,"pwo_snr2","pwo","ols",NA,"SA_hamming_foldover","nrmse_common",0.35613978124235
"29_pwo_gp_model_specific","db6cb901415724b9f55892557a81f2cbcc3e7f91cf2f712ea45b7b9a2b1eb5a5",9,6,48,"pwo_snr5","pwo","ols",NA,"SA_hamming_foldover","nrmse_common",0.14245591249694
"29_pwo_gp_model_specific","db6cb901415724b9f55892557a81f2cbcc3e7f91cf2f712ea45b7b9a2b1eb5a5",9,6,48,"pwo_snr2","pwo","ols",NA,"SA_l2_position_foldover","nrmse_common",0.488364793963724
"29_pwo_gp_model_specific","db6cb901415724b9f55892557a81f2cbcc3e7f91cf2f712ea45b7b9a2b1eb5a5",9,6,48,"pwo_snr5","pwo","ols",NA,"SA_l2_position_foldover","nrmse_common",0.19534591758549
"29_pwo_gp_model_specific","db6cb901415724b9f55892557a81f2cbcc3e7f91cf2f712ea45b7b9a2b1eb5a5",9,6,48,"pwo_snr2","pwo","ols",NA,"random_foldover","nrmse_common",0.564652546743883
"29_pwo_gp_model_specific","db6cb901415724b9f55892557a81f2cbcc3e7f91cf2f712ea45b7b9a2b1eb5a5",9,6,48,"pwo_snr5","pwo","ols",NA,"random_foldover","nrmse_common",0.225861018697553
"29_pwo_gp_model_specific","db6cb901415724b9f55892557a81f2cbcc3e7f91cf2f712ea45b7b9a2b1eb5a5",9,6,60,"pwo_snr2","pwo","ols",NA,"FSA_lambda050","nrmse_common",0.209724242782105
"29_pwo_gp_model_specific","db6cb901415724b9f55892557a81f2cbcc3e7f91cf2f712ea45b7b9a2b1eb5a5",9,6,60,"pwo_snr5","pwo","ols",NA,"FSA_lambda050","nrmse_common",0.0838896971128422
"29_pwo_gp_model_specific","db6cb901415724b9f55892557a81f2cbcc3e7f91cf2f712ea45b7b9a2b1eb5a5",9,6,60,"pwo_snr2","pwo","ols",NA,"SA_hamming_foldover","nrmse_common",0.276422926268709
"29_pwo_gp_model_specific","db6cb901415724b9f55892557a81f2cbcc3e7f91cf2f712ea45b7b9a2b1eb5a5",9,6,60,"pwo_snr5","pwo","ols",NA,"SA_hamming_foldover","nrmse_common",0.110569170507483
"29_pwo_gp_model_specific","db6cb901415724b9f55892557a81f2cbcc3e7f91cf2f712ea45b7b9a2b1eb5a5",9,6,60,"pwo_snr2","pwo","ols",NA,"SA_l2_position_foldover","nrmse_common",0.257588398979949
"29_pwo_gp_model_specific","db6cb901415724b9f55892557a81f2cbcc3e7f91cf2f712ea45b7b9a2b1eb5a5",9,6,60,"pwo_snr5","pwo","ols",NA,"SA_l2_position_foldover","nrmse_common",0.10303535959198
"29_pwo_gp_model_specific","db6cb901415724b9f55892557a81f2cbcc3e7f91cf2f712ea45b7b9a2b1eb5a5",9,6,60,"pwo_snr2","pwo","ols",NA,"random_foldover","nrmse_common",0.382903852512281
"29_pwo_gp_model_specific","db6cb901415724b9f55892557a81f2cbcc3e7f91cf2f712ea45b7b9a2b1eb5a5",9,6,60,"pwo_snr5","pwo","ols",NA,"random_foldover","nrmse_common",0.153161541004912
"29_pwo_gp_model_specific","db6cb901415724b9f55892557a81f2cbcc3e7f91cf2f712ea45b7b9a2b1eb5a5",10,6,48,"pwo_snr2","pwo","ols",NA,"FSA_lambda050","nrmse_common",0.399977549729588
"29_pwo_gp_model_specific","db6cb901415724b9f55892557a81f2cbcc3e7f91cf2f712ea45b7b9a2b1eb5a5",10,6,48,"pwo_snr5","pwo","ols",NA,"FSA_lambda050","nrmse_common",0.159991019891835
"29_pwo_gp_model_specific","db6cb901415724b9f55892557a81f2cbcc3e7f91cf2f712ea45b7b9a2b1eb5a5",10,6,48,"pwo_snr2","pwo","ols",NA,"SA_hamming_foldover","nrmse_common",0.300009539501457
"29_pwo_gp_model_specific","db6cb901415724b9f55892557a81f2cbcc3e7f91cf2f712ea45b7b9a2b1eb5a5",10,6,48,"pwo_snr5","pwo","ols",NA,"SA_hamming_foldover","nrmse_common",0.120003815800583
"29_pwo_gp_model_specific","db6cb901415724b9f55892557a81f2cbcc3e7f91cf2f712ea45b7b9a2b1eb5a5",10,6,48,"pwo_snr2","pwo","ols",NA,"SA_l2_position_foldover","nrmse_common",0.408948953835816
"29_pwo_gp_model_specific","db6cb901415724b9f55892557a81f2cbcc3e7f91cf2f712ea45b7b9a2b1eb5a5",10,6,48,"pwo_snr5","pwo","ols",NA,"SA_l2_position_foldover","nrmse_common",0.163579581534327
"29_pwo_gp_model_specific","db6cb901415724b9f55892557a81f2cbcc3e7f91cf2f712ea45b7b9a2b1eb5a5",10,6,48,"pwo_snr2","pwo","ols",NA,"random_foldover","nrmse_common",0.580251202113075
"29_pwo_gp_model_specific","db6cb901415724b9f55892557a81f2cbcc3e7f91cf2f712ea45b7b9a2b1eb5a5",10,6,48,"pwo_snr5","pwo","ols",NA,"random_foldover","nrmse_common",0.23210048084523
"29_pwo_gp_model_specific","db6cb901415724b9f55892557a81f2cbcc3e7f91cf2f712ea45b7b9a2b1eb5a5",10,6,60,"pwo_snr2","pwo","ols",NA,"FSA_lambda050","nrmse_common",0.290681262667556
"29_pwo_gp_model_specific","db6cb901415724b9f55892557a81f2cbcc3e7f91cf2f712ea45b7b9a2b1eb5a5",10,6,60,"pwo_snr5","pwo","ols",NA,"FSA_lambda050","nrmse_common",0.116272505067022
"29_pwo_gp_model_specific","db6cb901415724b9f55892557a81f2cbcc3e7f91cf2f712ea45b7b9a2b1eb5a5",10,6,60,"pwo_snr2","pwo","ols",NA,"SA_hamming_foldover","nrmse_common",0.265782341741764
"29_pwo_gp_model_specific","db6cb901415724b9f55892557a81f2cbcc3e7f91cf2f712ea45b7b9a2b1eb5a5",10,6,60,"pwo_snr5","pwo","ols",NA,"SA_hamming_foldover","nrmse_common",0.106312936696705
"29_pwo_gp_model_specific","db6cb901415724b9f55892557a81f2cbcc3e7f91cf2f712ea45b7b9a2b1eb5a5",10,6,60,"pwo_snr2","pwo","ols",NA,"SA_l2_position_foldover","nrmse_common",0.329456462301952
"29_pwo_gp_model_specific","db6cb901415724b9f55892557a81f2cbcc3e7f91cf2f712ea45b7b9a2b1eb5a5",10,6,60,"pwo_snr5","pwo","ols",NA,"SA_l2_position_foldover","nrmse_common",0.131782584920781
"29_pwo_gp_model_specific","db6cb901415724b9f55892557a81f2cbcc3e7f91cf2f712ea45b7b9a2b1eb5a5",10,6,60,"pwo_snr2","pwo","ols",NA,"random_foldover","nrmse_common",0.224335004604657
"29_pwo_gp_model_specific","db6cb901415724b9f55892557a81f2cbcc3e7f91cf2f712ea45b7b9a2b1eb5a5",10,6,60,"pwo_snr5","pwo","ols",NA,"random_foldover","nrmse_common",0.0897340018418629
"29_pwo_gp_model_specific","db6cb901415724b9f55892557a81f2cbcc3e7f91cf2f712ea45b7b9a2b1eb5a5",11,6,48,"pwo_snr2","pwo","ols",NA,"FSA_lambda050","nrmse_common",0.467530719903091
"29_pwo_gp_model_specific","db6cb901415724b9f55892557a81f2cbcc3e7f91cf2f712ea45b7b9a2b1eb5a5",11,6,48,"pwo_snr5","pwo","ols",NA,"FSA_lambda050","nrmse_common",0.187012287961236
"29_pwo_gp_model_specific","db6cb901415724b9f55892557a81f2cbcc3e7f91cf2f712ea45b7b9a2b1eb5a5",11,6,48,"pwo_snr2","pwo","ols",NA,"SA_hamming_foldover","nrmse_common",0.353002512736401
"29_pwo_gp_model_specific","db6cb901415724b9f55892557a81f2cbcc3e7f91cf2f712ea45b7b9a2b1eb5a5",11,6,48,"pwo_snr5","pwo","ols",NA,"SA_hamming_foldover","nrmse_common",0.14120100509456
"29_pwo_gp_model_specific","db6cb901415724b9f55892557a81f2cbcc3e7f91cf2f712ea45b7b9a2b1eb5a5",11,6,48,"pwo_snr2","pwo","ols",NA,"SA_l2_position_foldover","nrmse_common",0.355216171471207
"29_pwo_gp_model_specific","db6cb901415724b9f55892557a81f2cbcc3e7f91cf2f712ea45b7b9a2b1eb5a5",11,6,48,"pwo_snr5","pwo","ols",NA,"SA_l2_position_foldover","nrmse_common",0.142086468588483
"29_pwo_gp_model_specific","db6cb901415724b9f55892557a81f2cbcc3e7f91cf2f712ea45b7b9a2b1eb5a5",11,6,48,"pwo_snr2","pwo","ols",NA,"random_foldover","nrmse_common",0.297126442087444
"29_pwo_gp_model_specific","db6cb901415724b9f55892557a81f2cbcc3e7f91cf2f712ea45b7b9a2b1eb5a5",11,6,48,"pwo_snr5","pwo","ols",NA,"random_foldover","nrmse_common",0.118850576834978
"29_pwo_gp_model_specific","db6cb901415724b9f55892557a81f2cbcc3e7f91cf2f712ea45b7b9a2b1eb5a5",11,6,60,"pwo_snr2","pwo","ols",NA,"FSA_lambda050","nrmse_common",0.335348878741908
"29_pwo_gp_model_specific","db6cb901415724b9f55892557a81f2cbcc3e7f91cf2f712ea45b7b9a2b1eb5a5",11,6,60,"pwo_snr5","pwo","ols",NA,"FSA_lambda050","nrmse_common",0.134139551496763
"29_pwo_gp_model_specific","db6cb901415724b9f55892557a81f2cbcc3e7f91cf2f712ea45b7b9a2b1eb5a5",11,6,60,"pwo_snr2","pwo","ols",NA,"SA_hamming_foldover","nrmse_common",0.447877847074811
"29_pwo_gp_model_specific","db6cb901415724b9f55892557a81f2cbcc3e7f91cf2f712ea45b7b9a2b1eb5a5",11,6,60,"pwo_snr5","pwo","ols",NA,"SA_hamming_foldover","nrmse_common",0.179151138829924
"29_pwo_gp_model_specific","db6cb901415724b9f55892557a81f2cbcc3e7f91cf2f712ea45b7b9a2b1eb5a5",11,6,60,"pwo_snr2","pwo","ols",NA,"SA_l2_position_foldover","nrmse_common",0.226891156708653
"29_pwo_gp_model_specific","db6cb901415724b9f55892557a81f2cbcc3e7f91cf2f712ea45b7b9a2b1eb5a5",11,6,60,"pwo_snr5","pwo","ols",NA,"SA_l2_position_foldover","nrmse_common",0.090756462683461
"29_pwo_gp_model_specific","db6cb901415724b9f55892557a81f2cbcc3e7f91cf2f712ea45b7b9a2b1eb5a5",11,6,60,"pwo_snr2","pwo","ols",NA,"random_foldover","nrmse_common",0.358195763902865
"29_pwo_gp_model_specific","db6cb901415724b9f55892557a81f2cbcc3e7f91cf2f712ea45b7b9a2b1eb5a5",11,6,60,"pwo_snr5","pwo","ols",NA,"random_foldover","nrmse_common",0.143278305561146
"29_pwo_gp_model_specific","db6cb901415724b9f55892557a81f2cbcc3e7f91cf2f712ea45b7b9a2b1eb5a5",12,6,48,"pwo_snr2","pwo","ols",NA,"FSA_lambda050","nrmse_common",0.366530222889153
"29_pwo_gp_model_specific","db6cb901415724b9f55892557a81f2cbcc3e7f91cf2f712ea45b7b9a2b1eb5a5",12,6,48,"pwo_snr5","pwo","ols",NA,"FSA_lambda050","nrmse_common",0.146612089155661
"29_pwo_gp_model_specific","db6cb901415724b9f55892557a81f2cbcc3e7f91cf2f712ea45b7b9a2b1eb5a5",12,6,48,"pwo_snr2","pwo","ols",NA,"SA_hamming_foldover","nrmse_common",0.414140688417312
"29_pwo_gp_model_specific","db6cb901415724b9f55892557a81f2cbcc3e7f91cf2f712ea45b7b9a2b1eb5a5",12,6,48,"pwo_snr5","pwo","ols",NA,"SA_hamming_foldover","nrmse_common",0.165656275366925
"29_pwo_gp_model_specific","db6cb901415724b9f55892557a81f2cbcc3e7f91cf2f712ea45b7b9a2b1eb5a5",12,6,48,"pwo_snr2","pwo","ols",NA,"SA_l2_position_foldover","nrmse_common",0.365143539893733
"29_pwo_gp_model_specific","db6cb901415724b9f55892557a81f2cbcc3e7f91cf2f712ea45b7b9a2b1eb5a5",12,6,48,"pwo_snr5","pwo","ols",NA,"SA_l2_position_foldover","nrmse_common",0.146057415957493
"29_pwo_gp_model_specific","db6cb901415724b9f55892557a81f2cbcc3e7f91cf2f712ea45b7b9a2b1eb5a5",12,6,48,"pwo_snr2","pwo","ols",NA,"random_foldover","nrmse_common",0.408159730760723
"29_pwo_gp_model_specific","db6cb901415724b9f55892557a81f2cbcc3e7f91cf2f712ea45b7b9a2b1eb5a5",12,6,48,"pwo_snr5","pwo","ols",NA,"random_foldover","nrmse_common",0.163263892304289
"29_pwo_gp_model_specific","db6cb901415724b9f55892557a81f2cbcc3e7f91cf2f712ea45b7b9a2b1eb5a5",12,6,60,"pwo_snr2","pwo","ols",NA,"FSA_lambda050","nrmse_common",0.310385522778359
"29_pwo_gp_model_specific","db6cb901415724b9f55892557a81f2cbcc3e7f91cf2f712ea45b7b9a2b1eb5a5",12,6,60,"pwo_snr5","pwo","ols",NA,"FSA_lambda050","nrmse_common",0.124154209111344
"29_pwo_gp_model_specific","db6cb901415724b9f55892557a81f2cbcc3e7f91cf2f712ea45b7b9a2b1eb5a5",12,6,60,"pwo_snr2","pwo","ols",NA,"SA_hamming_foldover","nrmse_common",0.318556403988495
"29_pwo_gp_model_specific","db6cb901415724b9f55892557a81f2cbcc3e7f91cf2f712ea45b7b9a2b1eb5a5",12,6,60,"pwo_snr5","pwo","ols",NA,"SA_hamming_foldover","nrmse_common",0.127422561595398
"29_pwo_gp_model_specific","db6cb901415724b9f55892557a81f2cbcc3e7f91cf2f712ea45b7b9a2b1eb5a5",12,6,60,"pwo_snr2","pwo","ols",NA,"SA_l2_position_foldover","nrmse_common",0.344504260612271
"29_pwo_gp_model_specific","db6cb901415724b9f55892557a81f2cbcc3e7f91cf2f712ea45b7b9a2b1eb5a5",12,6,60,"pwo_snr5","pwo","ols",NA,"SA_l2_position_foldover","nrmse_common",0.137801704244908
"29_pwo_gp_model_specific","db6cb901415724b9f55892557a81f2cbcc3e7f91cf2f712ea45b7b9a2b1eb5a5",12,6,60,"pwo_snr2","pwo","ols",NA,"random_foldover","nrmse_common",0.425876294023402
"29_pwo_gp_model_specific","db6cb901415724b9f55892557a81f2cbcc3e7f91cf2f712ea45b7b9a2b1eb5a5",12,6,60,"pwo_snr5","pwo","ols",NA,"random_foldover","nrmse_common",0.170350517609361
"29_pwo_gp_model_specific","db6cb901415724b9f55892557a81f2cbcc3e7f91cf2f712ea45b7b9a2b1eb5a5",13,6,48,"pwo_snr2","pwo","ols",NA,"FSA_lambda050","nrmse_common",0.384790720664565
"29_pwo_gp_model_specific","db6cb901415724b9f55892557a81f2cbcc3e7f91cf2f712ea45b7b9a2b1eb5a5",13,6,48,"pwo_snr5","pwo","ols",NA,"FSA_lambda050","nrmse_common",0.153916288265826
"29_pwo_gp_model_specific","db6cb901415724b9f55892557a81f2cbcc3e7f91cf2f712ea45b7b9a2b1eb5a5",13,6,48,"pwo_snr2","pwo","ols",NA,"SA_hamming_foldover","nrmse_common",0.28333612843649
"29_pwo_gp_model_specific","db6cb901415724b9f55892557a81f2cbcc3e7f91cf2f712ea45b7b9a2b1eb5a5",13,6,48,"pwo_snr5","pwo","ols",NA,"SA_hamming_foldover","nrmse_common",0.113334451374596
"29_pwo_gp_model_specific","db6cb901415724b9f55892557a81f2cbcc3e7f91cf2f712ea45b7b9a2b1eb5a5",13,6,48,"pwo_snr2","pwo","ols",NA,"SA_l2_position_foldover","nrmse_common",0.429532926002213
"29_pwo_gp_model_specific","db6cb901415724b9f55892557a81f2cbcc3e7f91cf2f712ea45b7b9a2b1eb5a5",13,6,48,"pwo_snr5","pwo","ols",NA,"SA_l2_position_foldover","nrmse_common",0.171813170400885
"29_pwo_gp_model_specific","db6cb901415724b9f55892557a81f2cbcc3e7f91cf2f712ea45b7b9a2b1eb5a5",13,6,48,"pwo_snr2","pwo","ols",NA,"random_foldover","nrmse_common",0.603454329540903
"29_pwo_gp_model_specific","db6cb901415724b9f55892557a81f2cbcc3e7f91cf2f712ea45b7b9a2b1eb5a5",13,6,48,"pwo_snr5","pwo","ols",NA,"random_foldover","nrmse_common",0.241381731816361
"29_pwo_gp_model_specific","db6cb901415724b9f55892557a81f2cbcc3e7f91cf2f712ea45b7b9a2b1eb5a5",13,6,60,"pwo_snr2","pwo","ols",NA,"FSA_lambda050","nrmse_common",0.26138262756794
"29_pwo_gp_model_specific","db6cb901415724b9f55892557a81f2cbcc3e7f91cf2f712ea45b7b9a2b1eb5a5",13,6,60,"pwo_snr5","pwo","ols",NA,"FSA_lambda050","nrmse_common",0.104553051027176
"29_pwo_gp_model_specific","db6cb901415724b9f55892557a81f2cbcc3e7f91cf2f712ea45b7b9a2b1eb5a5",13,6,60,"pwo_snr2","pwo","ols",NA,"SA_hamming_foldover","nrmse_common",0.250081883141454
"29_pwo_gp_model_specific","db6cb901415724b9f55892557a81f2cbcc3e7f91cf2f712ea45b7b9a2b1eb5a5",13,6,60,"pwo_snr5","pwo","ols",NA,"SA_hamming_foldover","nrmse_common",0.100032753256582
"29_pwo_gp_model_specific","db6cb901415724b9f55892557a81f2cbcc3e7f91cf2f712ea45b7b9a2b1eb5a5",13,6,60,"pwo_snr2","pwo","ols",NA,"SA_l2_position_foldover","nrmse_common",0.181958139040721
"29_pwo_gp_model_specific","db6cb901415724b9f55892557a81f2cbcc3e7f91cf2f712ea45b7b9a2b1eb5a5",13,6,60,"pwo_snr5","pwo","ols",NA,"SA_l2_position_foldover","nrmse_common",0.0727832556162883
"29_pwo_gp_model_specific","db6cb901415724b9f55892557a81f2cbcc3e7f91cf2f712ea45b7b9a2b1eb5a5",13,6,60,"pwo_snr2","pwo","ols",NA,"random_foldover","nrmse_common",0.376805639712289
"29_pwo_gp_model_specific","db6cb901415724b9f55892557a81f2cbcc3e7f91cf2f712ea45b7b9a2b1eb5a5",13,6,60,"pwo_snr5","pwo","ols",NA,"random_foldover","nrmse_common",0.150722255884916
"29_pwo_gp_model_specific","db6cb901415724b9f55892557a81f2cbcc3e7f91cf2f712ea45b7b9a2b1eb5a5",14,6,48,"pwo_snr2","pwo","ols",NA,"FSA_lambda050","nrmse_common",0.311138018584803
"29_pwo_gp_model_specific","db6cb901415724b9f55892557a81f2cbcc3e7f91cf2f712ea45b7b9a2b1eb5a5",14,6,48,"pwo_snr5","pwo","ols",NA,"FSA_lambda050","nrmse_common",0.124455207433921
"29_pwo_gp_model_specific","db6cb901415724b9f55892557a81f2cbcc3e7f91cf2f712ea45b7b9a2b1eb5a5",14,6,48,"pwo_snr2","pwo","ols",NA,"SA_hamming_foldover","nrmse_common",0.308867129155153
"29_pwo_gp_model_specific","db6cb901415724b9f55892557a81f2cbcc3e7f91cf2f712ea45b7b9a2b1eb5a5",14,6,48,"pwo_snr5","pwo","ols",NA,"SA_hamming_foldover","nrmse_common",0.123546851662061
"29_pwo_gp_model_specific","db6cb901415724b9f55892557a81f2cbcc3e7f91cf2f712ea45b7b9a2b1eb5a5",14,6,48,"pwo_snr2","pwo","ols",NA,"SA_l2_position_foldover","nrmse_common",0.421370894783717
"29_pwo_gp_model_specific","db6cb901415724b9f55892557a81f2cbcc3e7f91cf2f712ea45b7b9a2b1eb5a5",14,6,48,"pwo_snr5","pwo","ols",NA,"SA_l2_position_foldover","nrmse_common",0.168548357913487
"29_pwo_gp_model_specific","db6cb901415724b9f55892557a81f2cbcc3e7f91cf2f712ea45b7b9a2b1eb5a5",14,6,48,"pwo_snr2","pwo","ols",NA,"random_foldover","nrmse_common",0.5895433712778
"29_pwo_gp_model_specific","db6cb901415724b9f55892557a81f2cbcc3e7f91cf2f712ea45b7b9a2b1eb5a5",14,6,48,"pwo_snr5","pwo","ols",NA,"random_foldover","nrmse_common",0.23581734851112
"29_pwo_gp_model_specific","db6cb901415724b9f55892557a81f2cbcc3e7f91cf2f712ea45b7b9a2b1eb5a5",14,6,60,"pwo_snr2","pwo","ols",NA,"FSA_lambda050","nrmse_common",0.193887515748139
"29_pwo_gp_model_specific","db6cb901415724b9f55892557a81f2cbcc3e7f91cf2f712ea45b7b9a2b1eb5a5",14,6,60,"pwo_snr5","pwo","ols",NA,"FSA_lambda050","nrmse_common",0.0775550062992561
"29_pwo_gp_model_specific","db6cb901415724b9f55892557a81f2cbcc3e7f91cf2f712ea45b7b9a2b1eb5a5",14,6,60,"pwo_snr2","pwo","ols",NA,"SA_hamming_foldover","nrmse_common",0.358340139595098
"29_pwo_gp_model_specific","db6cb901415724b9f55892557a81f2cbcc3e7f91cf2f712ea45b7b9a2b1eb5a5",14,6,60,"pwo_snr5","pwo","ols",NA,"SA_hamming_foldover","nrmse_common",0.143336055838039
"29_pwo_gp_model_specific","db6cb901415724b9f55892557a81f2cbcc3e7f91cf2f712ea45b7b9a2b1eb5a5",14,6,60,"pwo_snr2","pwo","ols",NA,"SA_l2_position_foldover","nrmse_common",0.282698003052513
"29_pwo_gp_model_specific","db6cb901415724b9f55892557a81f2cbcc3e7f91cf2f712ea45b7b9a2b1eb5a5",14,6,60,"pwo_snr5","pwo","ols",NA,"SA_l2_position_foldover","nrmse_common",0.113079201221005
"29_pwo_gp_model_specific","db6cb901415724b9f55892557a81f2cbcc3e7f91cf2f712ea45b7b9a2b1eb5a5",14,6,60,"pwo_snr2","pwo","ols",NA,"random_foldover","nrmse_common",0.494446882730673
"29_pwo_gp_model_specific","db6cb901415724b9f55892557a81f2cbcc3e7f91cf2f712ea45b7b9a2b1eb5a5",14,6,60,"pwo_snr5","pwo","ols",NA,"random_foldover","nrmse_common",0.197778753092269
"29_pwo_gp_model_specific","db6cb901415724b9f55892557a81f2cbcc3e7f91cf2f712ea45b7b9a2b1eb5a5",15,6,48,"pwo_snr2","pwo","ols",NA,"FSA_lambda050","nrmse_common",0.221907737879644
"29_pwo_gp_model_specific","db6cb901415724b9f55892557a81f2cbcc3e7f91cf2f712ea45b7b9a2b1eb5a5",15,6,48,"pwo_snr5","pwo","ols",NA,"FSA_lambda050","nrmse_common",0.0887630951518577
"29_pwo_gp_model_specific","db6cb901415724b9f55892557a81f2cbcc3e7f91cf2f712ea45b7b9a2b1eb5a5",15,6,48,"pwo_snr2","pwo","ols",NA,"SA_hamming_foldover","nrmse_common",0.512541991191629
"29_pwo_gp_model_specific","db6cb901415724b9f55892557a81f2cbcc3e7f91cf2f712ea45b7b9a2b1eb5a5",15,6,48,"pwo_snr5","pwo","ols",NA,"SA_hamming_foldover","nrmse_common",0.205016796476652
"29_pwo_gp_model_specific","db6cb901415724b9f55892557a81f2cbcc3e7f91cf2f712ea45b7b9a2b1eb5a5",15,6,48,"pwo_snr2","pwo","ols",NA,"SA_l2_position_foldover","nrmse_common",0.439915989657406
"29_pwo_gp_model_specific","db6cb901415724b9f55892557a81f2cbcc3e7f91cf2f712ea45b7b9a2b1eb5a5",15,6,48,"pwo_snr5","pwo","ols",NA,"SA_l2_position_foldover","nrmse_common",0.175966395862962
"29_pwo_gp_model_specific","db6cb901415724b9f55892557a81f2cbcc3e7f91cf2f712ea45b7b9a2b1eb5a5",15,6,48,"pwo_snr2","pwo","ols",NA,"random_foldover","nrmse_common",0.296333819845954
"29_pwo_gp_model_specific","db6cb901415724b9f55892557a81f2cbcc3e7f91cf2f712ea45b7b9a2b1eb5a5",15,6,48,"pwo_snr5","pwo","ols",NA,"random_foldover","nrmse_common",0.118533527938381
"29_pwo_gp_model_specific","db6cb901415724b9f55892557a81f2cbcc3e7f91cf2f712ea45b7b9a2b1eb5a5",15,6,60,"pwo_snr2","pwo","ols",NA,"FSA_lambda050","nrmse_common",0.136642770933802
"29_pwo_gp_model_specific","db6cb901415724b9f55892557a81f2cbcc3e7f91cf2f712ea45b7b9a2b1eb5a5",15,6,60,"pwo_snr5","pwo","ols",NA,"FSA_lambda050","nrmse_common",0.054657108373521
"29_pwo_gp_model_specific","db6cb901415724b9f55892557a81f2cbcc3e7f91cf2f712ea45b7b9a2b1eb5a5",15,6,60,"pwo_snr2","pwo","ols",NA,"SA_hamming_foldover","nrmse_common",0.327821485290123
"29_pwo_gp_model_specific","db6cb901415724b9f55892557a81f2cbcc3e7f91cf2f712ea45b7b9a2b1eb5a5",15,6,60,"pwo_snr5","pwo","ols",NA,"SA_hamming_foldover","nrmse_common",0.131128594116049
"29_pwo_gp_model_specific","db6cb901415724b9f55892557a81f2cbcc3e7f91cf2f712ea45b7b9a2b1eb5a5",15,6,60,"pwo_snr2","pwo","ols",NA,"SA_l2_position_foldover","nrmse_common",0.430345894771483
"29_pwo_gp_model_specific","db6cb901415724b9f55892557a81f2cbcc3e7f91cf2f712ea45b7b9a2b1eb5a5",15,6,60,"pwo_snr5","pwo","ols",NA,"SA_l2_position_foldover","nrmse_common",0.172138357908593
"29_pwo_gp_model_specific","db6cb901415724b9f55892557a81f2cbcc3e7f91cf2f712ea45b7b9a2b1eb5a5",15,6,60,"pwo_snr2","pwo","ols",NA,"random_foldover","nrmse_common",0.30534578017715
"29_pwo_gp_model_specific","db6cb901415724b9f55892557a81f2cbcc3e7f91cf2f712ea45b7b9a2b1eb5a5",15,6,60,"pwo_snr5","pwo","ols",NA,"random_foldover","nrmse_common",0.12213831207086
"29_pwo_gp_model_specific","db6cb901415724b9f55892557a81f2cbcc3e7f91cf2f712ea45b7b9a2b1eb5a5",16,6,48,"pwo_snr2","pwo","ols",NA,"FSA_lambda050","nrmse_common",0.399581855457035
"29_pwo_gp_model_specific","db6cb901415724b9f55892557a81f2cbcc3e7f91cf2f712ea45b7b9a2b1eb5a5",16,6,48,"pwo_snr5","pwo","ols",NA,"FSA_lambda050","nrmse_common",0.159832742182814
"29_pwo_gp_model_specific","db6cb901415724b9f55892557a81f2cbcc3e7f91cf2f712ea45b7b9a2b1eb5a5",16,6,48,"pwo_snr2","pwo","ols",NA,"SA_hamming_foldover","nrmse_common",0.32325441657472
"29_pwo_gp_model_specific","db6cb901415724b9f55892557a81f2cbcc3e7f91cf2f712ea45b7b9a2b1eb5a5",16,6,48,"pwo_snr5","pwo","ols",NA,"SA_hamming_foldover","nrmse_common",0.129301766629888
"29_pwo_gp_model_specific","db6cb901415724b9f55892557a81f2cbcc3e7f91cf2f712ea45b7b9a2b1eb5a5",16,6,48,"pwo_snr2","pwo","ols",NA,"SA_l2_position_foldover","nrmse_common",0.745758589579273
"29_pwo_gp_model_specific","db6cb901415724b9f55892557a81f2cbcc3e7f91cf2f712ea45b7b9a2b1eb5a5",16,6,48,"pwo_snr5","pwo","ols",NA,"SA_l2_position_foldover","nrmse_common",0.29830343583171
"29_pwo_gp_model_specific","db6cb901415724b9f55892557a81f2cbcc3e7f91cf2f712ea45b7b9a2b1eb5a5",16,6,48,"pwo_snr2","pwo","ols",NA,"random_foldover","nrmse_common",0.46033882759225
"29_pwo_gp_model_specific","db6cb901415724b9f55892557a81f2cbcc3e7f91cf2f712ea45b7b9a2b1eb5a5",16,6,48,"pwo_snr5","pwo","ols",NA,"random_foldover","nrmse_common",0.1841355310369
"29_pwo_gp_model_specific","db6cb901415724b9f55892557a81f2cbcc3e7f91cf2f712ea45b7b9a2b1eb5a5",16,6,60,"pwo_snr2","pwo","ols",NA,"FSA_lambda050","nrmse_common",0.247304295213753
"29_pwo_gp_model_specific","db6cb901415724b9f55892557a81f2cbcc3e7f91cf2f712ea45b7b9a2b1eb5a5",16,6,60,"pwo_snr5","pwo","ols",NA,"FSA_lambda050","nrmse_common",0.0989217180855013
"29_pwo_gp_model_specific","db6cb901415724b9f55892557a81f2cbcc3e7f91cf2f712ea45b7b9a2b1eb5a5",16,6,60,"pwo_snr2","pwo","ols",NA,"SA_hamming_foldover","nrmse_common",0.376038717294023
"29_pwo_gp_model_specific","db6cb901415724b9f55892557a81f2cbcc3e7f91cf2f712ea45b7b9a2b1eb5a5",16,6,60,"pwo_snr5","pwo","ols",NA,"SA_hamming_foldover","nrmse_common",0.15041548691761
"29_pwo_gp_model_specific","db6cb901415724b9f55892557a81f2cbcc3e7f91cf2f712ea45b7b9a2b1eb5a5",16,6,60,"pwo_snr2","pwo","ols",NA,"SA_l2_position_foldover","nrmse_common",0.304470615614957
"29_pwo_gp_model_specific","db6cb901415724b9f55892557a81f2cbcc3e7f91cf2f712ea45b7b9a2b1eb5a5",16,6,60,"pwo_snr5","pwo","ols",NA,"SA_l2_position_foldover","nrmse_common",0.121788246245983
"29_pwo_gp_model_specific","db6cb901415724b9f55892557a81f2cbcc3e7f91cf2f712ea45b7b9a2b1eb5a5",16,6,60,"pwo_snr2","pwo","ols",NA,"random_foldover","nrmse_common",0.387817527319282
"29_pwo_gp_model_specific","db6cb901415724b9f55892557a81f2cbcc3e7f91cf2f712ea45b7b9a2b1eb5a5",16,6,60,"pwo_snr5","pwo","ols",NA,"random_foldover","nrmse_common",0.155127010927713
"29_pwo_gp_model_specific","db6cb901415724b9f55892557a81f2cbcc3e7f91cf2f712ea45b7b9a2b1eb5a5",17,6,48,"pwo_snr2","pwo","ols",NA,"FSA_lambda050","nrmse_common",0.423052334785334
"29_pwo_gp_model_specific","db6cb901415724b9f55892557a81f2cbcc3e7f91cf2f712ea45b7b9a2b1eb5a5",17,6,48,"pwo_snr5","pwo","ols",NA,"FSA_lambda050","nrmse_common",0.169220933914134
"29_pwo_gp_model_specific","db6cb901415724b9f55892557a81f2cbcc3e7f91cf2f712ea45b7b9a2b1eb5a5",17,6,48,"pwo_snr2","pwo","ols",NA,"SA_hamming_foldover","nrmse_common",0.464771701522366
"29_pwo_gp_model_specific","db6cb901415724b9f55892557a81f2cbcc3e7f91cf2f712ea45b7b9a2b1eb5a5",17,6,48,"pwo_snr5","pwo","ols",NA,"SA_hamming_foldover","nrmse_common",0.185908680608946
"29_pwo_gp_model_specific","db6cb901415724b9f55892557a81f2cbcc3e7f91cf2f712ea45b7b9a2b1eb5a5",17,6,48,"pwo_snr2","pwo","ols",NA,"SA_l2_position_foldover","nrmse_common",0.435612454766654
"29_pwo_gp_model_specific","db6cb901415724b9f55892557a81f2cbcc3e7f91cf2f712ea45b7b9a2b1eb5a5",17,6,48,"pwo_snr5","pwo","ols",NA,"SA_l2_position_foldover","nrmse_common",0.174244981906661
"29_pwo_gp_model_specific","db6cb901415724b9f55892557a81f2cbcc3e7f91cf2f712ea45b7b9a2b1eb5a5",17,6,48,"pwo_snr2","pwo","ols",NA,"random_foldover","nrmse_common",0.611344210963891
"29_pwo_gp_model_specific","db6cb901415724b9f55892557a81f2cbcc3e7f91cf2f712ea45b7b9a2b1eb5a5",17,6,48,"pwo_snr5","pwo","ols",NA,"random_foldover","nrmse_common",0.244537684385556
"29_pwo_gp_model_specific","db6cb901415724b9f55892557a81f2cbcc3e7f91cf2f712ea45b7b9a2b1eb5a5",17,6,60,"pwo_snr2","pwo","ols",NA,"FSA_lambda050","nrmse_common",0.269413431365974
"29_pwo_gp_model_specific","db6cb901415724b9f55892557a81f2cbcc3e7f91cf2f712ea45b7b9a2b1eb5a5",17,6,60,"pwo_snr5","pwo","ols",NA,"FSA_lambda050","nrmse_common",0.10776537254639
"29_pwo_gp_model_specific","db6cb901415724b9f55892557a81f2cbcc3e7f91cf2f712ea45b7b9a2b1eb5a5",17,6,60,"pwo_snr2","pwo","ols",NA,"SA_hamming_foldover","nrmse_common",0.245221351438025
"29_pwo_gp_model_specific","db6cb901415724b9f55892557a81f2cbcc3e7f91cf2f712ea45b7b9a2b1eb5a5",17,6,60,"pwo_snr5","pwo","ols",NA,"SA_hamming_foldover","nrmse_common",0.0980885405752104
"29_pwo_gp_model_specific","db6cb901415724b9f55892557a81f2cbcc3e7f91cf2f712ea45b7b9a2b1eb5a5",17,6,60,"pwo_snr2","pwo","ols",NA,"SA_l2_position_foldover","nrmse_common",0.240841337655399
"29_pwo_gp_model_specific","db6cb901415724b9f55892557a81f2cbcc3e7f91cf2f712ea45b7b9a2b1eb5a5",17,6,60,"pwo_snr5","pwo","ols",NA,"SA_l2_position_foldover","nrmse_common",0.0963365350621596
"29_pwo_gp_model_specific","db6cb901415724b9f55892557a81f2cbcc3e7f91cf2f712ea45b7b9a2b1eb5a5",17,6,60,"pwo_snr2","pwo","ols",NA,"random_foldover","nrmse_common",0.472445835296569
"29_pwo_gp_model_specific","db6cb901415724b9f55892557a81f2cbcc3e7f91cf2f712ea45b7b9a2b1eb5a5",17,6,60,"pwo_snr5","pwo","ols",NA,"random_foldover","nrmse_common",0.188978334118627
"29_pwo_gp_model_specific","db6cb901415724b9f55892557a81f2cbcc3e7f91cf2f712ea45b7b9a2b1eb5a5",18,6,48,"pwo_snr2","pwo","ols",NA,"FSA_lambda050","nrmse_common",0.402159822394128
"29_pwo_gp_model_specific","db6cb901415724b9f55892557a81f2cbcc3e7f91cf2f712ea45b7b9a2b1eb5a5",18,6,48,"pwo_snr5","pwo","ols",NA,"FSA_lambda050","nrmse_common",0.160863928957652
"29_pwo_gp_model_specific","db6cb901415724b9f55892557a81f2cbcc3e7f91cf2f712ea45b7b9a2b1eb5a5",18,6,48,"pwo_snr2","pwo","ols",NA,"SA_hamming_foldover","nrmse_common",0.253882854112752
"29_pwo_gp_model_specific","db6cb901415724b9f55892557a81f2cbcc3e7f91cf2f712ea45b7b9a2b1eb5a5",18,6,48,"pwo_snr5","pwo","ols",NA,"SA_hamming_foldover","nrmse_common",0.101553141645101
"29_pwo_gp_model_specific","db6cb901415724b9f55892557a81f2cbcc3e7f91cf2f712ea45b7b9a2b1eb5a5",18,6,48,"pwo_snr2","pwo","ols",NA,"SA_l2_position_foldover","nrmse_common",0.387952291313012
"29_pwo_gp_model_specific","db6cb901415724b9f55892557a81f2cbcc3e7f91cf2f712ea45b7b9a2b1eb5a5",18,6,48,"pwo_snr5","pwo","ols",NA,"SA_l2_position_foldover","nrmse_common",0.155180916525205
"29_pwo_gp_model_specific","db6cb901415724b9f55892557a81f2cbcc3e7f91cf2f712ea45b7b9a2b1eb5a5",18,6,48,"pwo_snr2","pwo","ols",NA,"random_foldover","nrmse_common",0.285740241325284
"29_pwo_gp_model_specific","db6cb901415724b9f55892557a81f2cbcc3e7f91cf2f712ea45b7b9a2b1eb5a5",18,6,48,"pwo_snr5","pwo","ols",NA,"random_foldover","nrmse_common",0.114296096530113
"29_pwo_gp_model_specific","db6cb901415724b9f55892557a81f2cbcc3e7f91cf2f712ea45b7b9a2b1eb5a5",18,6,60,"pwo_snr2","pwo","ols",NA,"FSA_lambda050","nrmse_common",0.285357795210347
"29_pwo_gp_model_specific","db6cb901415724b9f55892557a81f2cbcc3e7f91cf2f712ea45b7b9a2b1eb5a5",18,6,60,"pwo_snr5","pwo","ols",NA,"FSA_lambda050","nrmse_common",0.114143118084139
"29_pwo_gp_model_specific","db6cb901415724b9f55892557a81f2cbcc3e7f91cf2f712ea45b7b9a2b1eb5a5",18,6,60,"pwo_snr2","pwo","ols",NA,"SA_hamming_foldover","nrmse_common",0.273164513735707
"29_pwo_gp_model_specific","db6cb901415724b9f55892557a81f2cbcc3e7f91cf2f712ea45b7b9a2b1eb5a5",18,6,60,"pwo_snr5","pwo","ols",NA,"SA_hamming_foldover","nrmse_common",0.109265805494283
"29_pwo_gp_model_specific","db6cb901415724b9f55892557a81f2cbcc3e7f91cf2f712ea45b7b9a2b1eb5a5",18,6,60,"pwo_snr2","pwo","ols",NA,"SA_l2_position_foldover","nrmse_common",0.308799871510703
"29_pwo_gp_model_specific","db6cb901415724b9f55892557a81f2cbcc3e7f91cf2f712ea45b7b9a2b1eb5a5",18,6,60,"pwo_snr5","pwo","ols",NA,"SA_l2_position_foldover","nrmse_common",0.123519948604281
"29_pwo_gp_model_specific","db6cb901415724b9f55892557a81f2cbcc3e7f91cf2f712ea45b7b9a2b1eb5a5",18,6,60,"pwo_snr2","pwo","ols",NA,"random_foldover","nrmse_common",0.268895452994276
"29_pwo_gp_model_specific","db6cb901415724b9f55892557a81f2cbcc3e7f91cf2f712ea45b7b9a2b1eb5a5",18,6,60,"pwo_snr5","pwo","ols",NA,"random_foldover","nrmse_common",0.10755818119771
"29_pwo_gp_model_specific","db6cb901415724b9f55892557a81f2cbcc3e7f91cf2f712ea45b7b9a2b1eb5a5",19,6,48,"pwo_snr2","pwo","ols",NA,"FSA_lambda050","nrmse_common",0.312208722793557
"29_pwo_gp_model_specific","db6cb901415724b9f55892557a81f2cbcc3e7f91cf2f712ea45b7b9a2b1eb5a5",19,6,48,"pwo_snr5","pwo","ols",NA,"FSA_lambda050","nrmse_common",0.124883489117423
"29_pwo_gp_model_specific","db6cb901415724b9f55892557a81f2cbcc3e7f91cf2f712ea45b7b9a2b1eb5a5",19,6,48,"pwo_snr2","pwo","ols",NA,"SA_hamming_foldover","nrmse_common",0.469611779338213
"29_pwo_gp_model_specific","db6cb901415724b9f55892557a81f2cbcc3e7f91cf2f712ea45b7b9a2b1eb5a5",19,6,48,"pwo_snr5","pwo","ols",NA,"SA_hamming_foldover","nrmse_common",0.187844711735285
"29_pwo_gp_model_specific","db6cb901415724b9f55892557a81f2cbcc3e7f91cf2f712ea45b7b9a2b1eb5a5",19,6,48,"pwo_snr2","pwo","ols",NA,"SA_l2_position_foldover","nrmse_common",0.508041642683512
"29_pwo_gp_model_specific","db6cb901415724b9f55892557a81f2cbcc3e7f91cf2f712ea45b7b9a2b1eb5a5",19,6,48,"pwo_snr5","pwo","ols",NA,"SA_l2_position_foldover","nrmse_common",0.203216657073405
"29_pwo_gp_model_specific","db6cb901415724b9f55892557a81f2cbcc3e7f91cf2f712ea45b7b9a2b1eb5a5",19,6,48,"pwo_snr2","pwo","ols",NA,"random_foldover","nrmse_common",0.183293314635373
"29_pwo_gp_model_specific","db6cb901415724b9f55892557a81f2cbcc3e7f91cf2f712ea45b7b9a2b1eb5a5",19,6,48,"pwo_snr5","pwo","ols",NA,"random_foldover","nrmse_common",0.0733173258541493
"29_pwo_gp_model_specific","db6cb901415724b9f55892557a81f2cbcc3e7f91cf2f712ea45b7b9a2b1eb5a5",19,6,60,"pwo_snr2","pwo","ols",NA,"FSA_lambda050","nrmse_common",0.240936166808358
"29_pwo_gp_model_specific","db6cb901415724b9f55892557a81f2cbcc3e7f91cf2f712ea45b7b9a2b1eb5a5",19,6,60,"pwo_snr5","pwo","ols",NA,"FSA_lambda050","nrmse_common",0.096374466723343
"29_pwo_gp_model_specific","db6cb901415724b9f55892557a81f2cbcc3e7f91cf2f712ea45b7b9a2b1eb5a5",19,6,60,"pwo_snr2","pwo","ols",NA,"SA_hamming_foldover","nrmse_common",0.402355152387232
"29_pwo_gp_model_specific","db6cb901415724b9f55892557a81f2cbcc3e7f91cf2f712ea45b7b9a2b1eb5a5",19,6,60,"pwo_snr5","pwo","ols",NA,"SA_hamming_foldover","nrmse_common",0.160942060954893
"29_pwo_gp_model_specific","db6cb901415724b9f55892557a81f2cbcc3e7f91cf2f712ea45b7b9a2b1eb5a5",19,6,60,"pwo_snr2","pwo","ols",NA,"SA_l2_position_foldover","nrmse_common",0.191302284586044
"29_pwo_gp_model_specific","db6cb901415724b9f55892557a81f2cbcc3e7f91cf2f712ea45b7b9a2b1eb5a5",19,6,60,"pwo_snr5","pwo","ols",NA,"SA_l2_position_foldover","nrmse_common",0.0765209138344175
"29_pwo_gp_model_specific","db6cb901415724b9f55892557a81f2cbcc3e7f91cf2f712ea45b7b9a2b1eb5a5",19,6,60,"pwo_snr2","pwo","ols",NA,"random_foldover","nrmse_common",0.311223770853145
"29_pwo_gp_model_specific","db6cb901415724b9f55892557a81f2cbcc3e7f91cf2f712ea45b7b9a2b1eb5a5",19,6,60,"pwo_snr5","pwo","ols",NA,"random_foldover","nrmse_common",0.124489508341258
"29_pwo_gp_model_specific","db6cb901415724b9f55892557a81f2cbcc3e7f91cf2f712ea45b7b9a2b1eb5a5",20,6,48,"pwo_snr2","pwo","ols",NA,"FSA_lambda050","nrmse_common",0.266461497255096
"29_pwo_gp_model_specific","db6cb901415724b9f55892557a81f2cbcc3e7f91cf2f712ea45b7b9a2b1eb5a5",20,6,48,"pwo_snr5","pwo","ols",NA,"FSA_lambda050","nrmse_common",0.106584598902038
"29_pwo_gp_model_specific","db6cb901415724b9f55892557a81f2cbcc3e7f91cf2f712ea45b7b9a2b1eb5a5",20,6,48,"pwo_snr2","pwo","ols",NA,"SA_hamming_foldover","nrmse_common",0.800846872347869
"29_pwo_gp_model_specific","db6cb901415724b9f55892557a81f2cbcc3e7f91cf2f712ea45b7b9a2b1eb5a5",20,6,48,"pwo_snr5","pwo","ols",NA,"SA_hamming_foldover","nrmse_common",0.320338748939148
"29_pwo_gp_model_specific","db6cb901415724b9f55892557a81f2cbcc3e7f91cf2f712ea45b7b9a2b1eb5a5",20,6,48,"pwo_snr2","pwo","ols",NA,"SA_l2_position_foldover","nrmse_common",0.472411820091889
"29_pwo_gp_model_specific","db6cb901415724b9f55892557a81f2cbcc3e7f91cf2f712ea45b7b9a2b1eb5a5",20,6,48,"pwo_snr5","pwo","ols",NA,"SA_l2_position_foldover","nrmse_common",0.188964728036756
"29_pwo_gp_model_specific","db6cb901415724b9f55892557a81f2cbcc3e7f91cf2f712ea45b7b9a2b1eb5a5",20,6,48,"pwo_snr2","pwo","ols",NA,"random_foldover","nrmse_common",0.709962767273564
"29_pwo_gp_model_specific","db6cb901415724b9f55892557a81f2cbcc3e7f91cf2f712ea45b7b9a2b1eb5a5",20,6,48,"pwo_snr5","pwo","ols",NA,"random_foldover","nrmse_common",0.283985106909426
"29_pwo_gp_model_specific","db6cb901415724b9f55892557a81f2cbcc3e7f91cf2f712ea45b7b9a2b1eb5a5",20,6,60,"pwo_snr2","pwo","ols",NA,"FSA_lambda050","nrmse_common",0.33117045775879
"29_pwo_gp_model_specific","db6cb901415724b9f55892557a81f2cbcc3e7f91cf2f712ea45b7b9a2b1eb5a5",20,6,60,"pwo_snr5","pwo","ols",NA,"FSA_lambda050","nrmse_common",0.132468183103516
"29_pwo_gp_model_specific","db6cb901415724b9f55892557a81f2cbcc3e7f91cf2f712ea45b7b9a2b1eb5a5",20,6,60,"pwo_snr2","pwo","ols",NA,"SA_hamming_foldover","nrmse_common",0.358747417094546
"29_pwo_gp_model_specific","db6cb901415724b9f55892557a81f2cbcc3e7f91cf2f712ea45b7b9a2b1eb5a5",20,6,60,"pwo_snr5","pwo","ols",NA,"SA_hamming_foldover","nrmse_common",0.143498966837819
"29_pwo_gp_model_specific","db6cb901415724b9f55892557a81f2cbcc3e7f91cf2f712ea45b7b9a2b1eb5a5",20,6,60,"pwo_snr2","pwo","ols",NA,"SA_l2_position_foldover","nrmse_common",0.35225567187264
"29_pwo_gp_model_specific","db6cb901415724b9f55892557a81f2cbcc3e7f91cf2f712ea45b7b9a2b1eb5a5",20,6,60,"pwo_snr5","pwo","ols",NA,"SA_l2_position_foldover","nrmse_common",0.140902268749056
"29_pwo_gp_model_specific","db6cb901415724b9f55892557a81f2cbcc3e7f91cf2f712ea45b7b9a2b1eb5a5",20,6,60,"pwo_snr2","pwo","ols",NA,"random_foldover","nrmse_common",0.295904074731733
"29_pwo_gp_model_specific","db6cb901415724b9f55892557a81f2cbcc3e7f91cf2f712ea45b7b9a2b1eb5a5",20,6,60,"pwo_snr5","pwo","ols",NA,"random_foldover","nrmse_common",0.118361629892693
"29_pwo_gp_model_specific","db6cb901415724b9f55892557a81f2cbcc3e7f91cf2f712ea45b7b9a2b1eb5a5",21,6,48,"pwo_snr2","pwo","ols",NA,"FSA_lambda050","nrmse_common",0.298157050533057
"29_pwo_gp_model_specific","db6cb901415724b9f55892557a81f2cbcc3e7f91cf2f712ea45b7b9a2b1eb5a5",21,6,48,"pwo_snr5","pwo","ols",NA,"FSA_lambda050","nrmse_common",0.119262820213223
"29_pwo_gp_model_specific","db6cb901415724b9f55892557a81f2cbcc3e7f91cf2f712ea45b7b9a2b1eb5a5",21,6,48,"pwo_snr2","pwo","ols",NA,"SA_hamming_foldover","nrmse_common",0.426746796946153
"29_pwo_gp_model_specific","db6cb901415724b9f55892557a81f2cbcc3e7f91cf2f712ea45b7b9a2b1eb5a5",21,6,48,"pwo_snr5","pwo","ols",NA,"SA_hamming_foldover","nrmse_common",0.170698718778461
"29_pwo_gp_model_specific","db6cb901415724b9f55892557a81f2cbcc3e7f91cf2f712ea45b7b9a2b1eb5a5",21,6,48,"pwo_snr2","pwo","ols",NA,"SA_l2_position_foldover","nrmse_common",0.558565552300726
"29_pwo_gp_model_specific","db6cb901415724b9f55892557a81f2cbcc3e7f91cf2f712ea45b7b9a2b1eb5a5",21,6,48,"pwo_snr5","pwo","ols",NA,"SA_l2_position_foldover","nrmse_common",0.223426220920291
"29_pwo_gp_model_specific","db6cb901415724b9f55892557a81f2cbcc3e7f91cf2f712ea45b7b9a2b1eb5a5",21,6,48,"pwo_snr2","pwo","ols",NA,"random_foldover","nrmse_common",0.425175176147999
"29_pwo_gp_model_specific","db6cb901415724b9f55892557a81f2cbcc3e7f91cf2f712ea45b7b9a2b1eb5a5",21,6,48,"pwo_snr5","pwo","ols",NA,"random_foldover","nrmse_common",0.1700700704592
"29_pwo_gp_model_specific","db6cb901415724b9f55892557a81f2cbcc3e7f91cf2f712ea45b7b9a2b1eb5a5",21,6,60,"pwo_snr2","pwo","ols",NA,"FSA_lambda050","nrmse_common",0.286897648135009
"29_pwo_gp_model_specific","db6cb901415724b9f55892557a81f2cbcc3e7f91cf2f712ea45b7b9a2b1eb5a5",21,6,60,"pwo_snr5","pwo","ols",NA,"FSA_lambda050","nrmse_common",0.114759059254003
"29_pwo_gp_model_specific","db6cb901415724b9f55892557a81f2cbcc3e7f91cf2f712ea45b7b9a2b1eb5a5",21,6,60,"pwo_snr2","pwo","ols",NA,"SA_hamming_foldover","nrmse_common",0.317079203963621
"29_pwo_gp_model_specific","db6cb901415724b9f55892557a81f2cbcc3e7f91cf2f712ea45b7b9a2b1eb5a5",21,6,60,"pwo_snr5","pwo","ols",NA,"SA_hamming_foldover","nrmse_common",0.126831681585448
"29_pwo_gp_model_specific","db6cb901415724b9f55892557a81f2cbcc3e7f91cf2f712ea45b7b9a2b1eb5a5",21,6,60,"pwo_snr2","pwo","ols",NA,"SA_l2_position_foldover","nrmse_common",0.145829908461212
"29_pwo_gp_model_specific","db6cb901415724b9f55892557a81f2cbcc3e7f91cf2f712ea45b7b9a2b1eb5a5",21,6,60,"pwo_snr5","pwo","ols",NA,"SA_l2_position_foldover","nrmse_common",0.0583319633844848
"29_pwo_gp_model_specific","db6cb901415724b9f55892557a81f2cbcc3e7f91cf2f712ea45b7b9a2b1eb5a5",21,6,60,"pwo_snr2","pwo","ols",NA,"random_foldover","nrmse_common",0.340536455320941
"29_pwo_gp_model_specific","db6cb901415724b9f55892557a81f2cbcc3e7f91cf2f712ea45b7b9a2b1eb5a5",21,6,60,"pwo_snr5","pwo","ols",NA,"random_foldover","nrmse_common",0.136214582128376
"29_pwo_gp_model_specific","db6cb901415724b9f55892557a81f2cbcc3e7f91cf2f712ea45b7b9a2b1eb5a5",22,6,48,"pwo_snr2","pwo","ols",NA,"FSA_lambda050","nrmse_common",0.210942698865938
"29_pwo_gp_model_specific","db6cb901415724b9f55892557a81f2cbcc3e7f91cf2f712ea45b7b9a2b1eb5a5",22,6,48,"pwo_snr5","pwo","ols",NA,"FSA_lambda050","nrmse_common",0.084377079546375
"29_pwo_gp_model_specific","db6cb901415724b9f55892557a81f2cbcc3e7f91cf2f712ea45b7b9a2b1eb5a5",22,6,48,"pwo_snr2","pwo","ols",NA,"SA_hamming_foldover","nrmse_common",0.376903619031666
"29_pwo_gp_model_specific","db6cb901415724b9f55892557a81f2cbcc3e7f91cf2f712ea45b7b9a2b1eb5a5",22,6,48,"pwo_snr5","pwo","ols",NA,"SA_hamming_foldover","nrmse_common",0.150761447612666
"29_pwo_gp_model_specific","db6cb901415724b9f55892557a81f2cbcc3e7f91cf2f712ea45b7b9a2b1eb5a5",22,6,48,"pwo_snr2","pwo","ols",NA,"SA_l2_position_foldover","nrmse_common",0.421316719141525
"29_pwo_gp_model_specific","db6cb901415724b9f55892557a81f2cbcc3e7f91cf2f712ea45b7b9a2b1eb5a5",22,6,48,"pwo_snr5","pwo","ols",NA,"SA_l2_position_foldover","nrmse_common",0.16852668765661
"29_pwo_gp_model_specific","db6cb901415724b9f55892557a81f2cbcc3e7f91cf2f712ea45b7b9a2b1eb5a5",22,6,48,"pwo_snr2","pwo","ols",NA,"random_foldover","nrmse_common",0.460928327680315
"29_pwo_gp_model_specific","db6cb901415724b9f55892557a81f2cbcc3e7f91cf2f712ea45b7b9a2b1eb5a5",22,6,48,"pwo_snr5","pwo","ols",NA,"random_foldover","nrmse_common",0.184371331072126
"29_pwo_gp_model_specific","db6cb901415724b9f55892557a81f2cbcc3e7f91cf2f712ea45b7b9a2b1eb5a5",22,6,60,"pwo_snr2","pwo","ols",NA,"FSA_lambda050","nrmse_common",0.314190474690227
"29_pwo_gp_model_specific","db6cb901415724b9f55892557a81f2cbcc3e7f91cf2f712ea45b7b9a2b1eb5a5",22,6,60,"pwo_snr5","pwo","ols",NA,"FSA_lambda050","nrmse_common",0.125676189876091
"29_pwo_gp_model_specific","db6cb901415724b9f55892557a81f2cbcc3e7f91cf2f712ea45b7b9a2b1eb5a5",22,6,60,"pwo_snr2","pwo","ols",NA,"SA_hamming_foldover","nrmse_common",0.3683455547288
"29_pwo_gp_model_specific","db6cb901415724b9f55892557a81f2cbcc3e7f91cf2f712ea45b7b9a2b1eb5a5",22,6,60,"pwo_snr5","pwo","ols",NA,"SA_hamming_foldover","nrmse_common",0.14733822189152
"29_pwo_gp_model_specific","db6cb901415724b9f55892557a81f2cbcc3e7f91cf2f712ea45b7b9a2b1eb5a5",22,6,60,"pwo_snr2","pwo","ols",NA,"SA_l2_position_foldover","nrmse_common",0.194837888904809
"29_pwo_gp_model_specific","db6cb901415724b9f55892557a81f2cbcc3e7f91cf2f712ea45b7b9a2b1eb5a5",22,6,60,"pwo_snr5","pwo","ols",NA,"SA_l2_position_foldover","nrmse_common",0.0779351555619235
"29_pwo_gp_model_specific","db6cb901415724b9f55892557a81f2cbcc3e7f91cf2f712ea45b7b9a2b1eb5a5",22,6,60,"pwo_snr2","pwo","ols",NA,"random_foldover","nrmse_common",0.522246130773428
"29_pwo_gp_model_specific","db6cb901415724b9f55892557a81f2cbcc3e7f91cf2f712ea45b7b9a2b1eb5a5",22,6,60,"pwo_snr5","pwo","ols",NA,"random_foldover","nrmse_common",0.208898452309371
"29_pwo_gp_model_specific","db6cb901415724b9f55892557a81f2cbcc3e7f91cf2f712ea45b7b9a2b1eb5a5",23,6,48,"pwo_snr2","pwo","ols",NA,"FSA_lambda050","nrmse_common",0.259587481920088
"29_pwo_gp_model_specific","db6cb901415724b9f55892557a81f2cbcc3e7f91cf2f712ea45b7b9a2b1eb5a5",23,6,48,"pwo_snr5","pwo","ols",NA,"FSA_lambda050","nrmse_common",0.103834992768035
"29_pwo_gp_model_specific","db6cb901415724b9f55892557a81f2cbcc3e7f91cf2f712ea45b7b9a2b1eb5a5",23,6,48,"pwo_snr2","pwo","ols",NA,"SA_hamming_foldover","nrmse_common",0.44843432049194
"29_pwo_gp_model_specific","db6cb901415724b9f55892557a81f2cbcc3e7f91cf2f712ea45b7b9a2b1eb5a5",23,6,48,"pwo_snr5","pwo","ols",NA,"SA_hamming_foldover","nrmse_common",0.179373728196776
"29_pwo_gp_model_specific","db6cb901415724b9f55892557a81f2cbcc3e7f91cf2f712ea45b7b9a2b1eb5a5",23,6,48,"pwo_snr2","pwo","ols",NA,"SA_l2_position_foldover","nrmse_common",0.395387034282239
"29_pwo_gp_model_specific","db6cb901415724b9f55892557a81f2cbcc3e7f91cf2f712ea45b7b9a2b1eb5a5",23,6,48,"pwo_snr5","pwo","ols",NA,"SA_l2_position_foldover","nrmse_common",0.158154813712895
"29_pwo_gp_model_specific","db6cb901415724b9f55892557a81f2cbcc3e7f91cf2f712ea45b7b9a2b1eb5a5",23,6,48,"pwo_snr2","pwo","ols",NA,"random_foldover","nrmse_common",0.308733821067865
"29_pwo_gp_model_specific","db6cb901415724b9f55892557a81f2cbcc3e7f91cf2f712ea45b7b9a2b1eb5a5",23,6,48,"pwo_snr5","pwo","ols",NA,"random_foldover","nrmse_common",0.123493528427146
"29_pwo_gp_model_specific","db6cb901415724b9f55892557a81f2cbcc3e7f91cf2f712ea45b7b9a2b1eb5a5",23,6,60,"pwo_snr2","pwo","ols",NA,"FSA_lambda050","nrmse_common",0.232269726136978
"29_pwo_gp_model_specific","db6cb901415724b9f55892557a81f2cbcc3e7f91cf2f712ea45b7b9a2b1eb5a5",23,6,60,"pwo_snr5","pwo","ols",NA,"FSA_lambda050","nrmse_common",0.0929078904547911
"29_pwo_gp_model_specific","db6cb901415724b9f55892557a81f2cbcc3e7f91cf2f712ea45b7b9a2b1eb5a5",23,6,60,"pwo_snr2","pwo","ols",NA,"SA_hamming_foldover","nrmse_common",0.257475816327757
"29_pwo_gp_model_specific","db6cb901415724b9f55892557a81f2cbcc3e7f91cf2f712ea45b7b9a2b1eb5a5",23,6,60,"pwo_snr5","pwo","ols",NA,"SA_hamming_foldover","nrmse_common",0.102990326531103
"29_pwo_gp_model_specific","db6cb901415724b9f55892557a81f2cbcc3e7f91cf2f712ea45b7b9a2b1eb5a5",23,6,60,"pwo_snr2","pwo","ols",NA,"SA_l2_position_foldover","nrmse_common",0.265095312889504
"29_pwo_gp_model_specific","db6cb901415724b9f55892557a81f2cbcc3e7f91cf2f712ea45b7b9a2b1eb5a5",23,6,60,"pwo_snr5","pwo","ols",NA,"SA_l2_position_foldover","nrmse_common",0.106038125155802
"29_pwo_gp_model_specific","db6cb901415724b9f55892557a81f2cbcc3e7f91cf2f712ea45b7b9a2b1eb5a5",23,6,60,"pwo_snr2","pwo","ols",NA,"random_foldover","nrmse_common",0.468556225623204
"29_pwo_gp_model_specific","db6cb901415724b9f55892557a81f2cbcc3e7f91cf2f712ea45b7b9a2b1eb5a5",23,6,60,"pwo_snr5","pwo","ols",NA,"random_foldover","nrmse_common",0.187422490249282
"29_pwo_gp_model_specific","db6cb901415724b9f55892557a81f2cbcc3e7f91cf2f712ea45b7b9a2b1eb5a5",24,6,48,"pwo_snr2","pwo","ols",NA,"FSA_lambda050","nrmse_common",0.479051190040987
"29_pwo_gp_model_specific","db6cb901415724b9f55892557a81f2cbcc3e7f91cf2f712ea45b7b9a2b1eb5a5",24,6,48,"pwo_snr5","pwo","ols",NA,"FSA_lambda050","nrmse_common",0.191620476016395
"29_pwo_gp_model_specific","db6cb901415724b9f55892557a81f2cbcc3e7f91cf2f712ea45b7b9a2b1eb5a5",24,6,48,"pwo_snr2","pwo","ols",NA,"SA_hamming_foldover","nrmse_common",0.563051017965967
"29_pwo_gp_model_specific","db6cb901415724b9f55892557a81f2cbcc3e7f91cf2f712ea45b7b9a2b1eb5a5",24,6,48,"pwo_snr5","pwo","ols",NA,"SA_hamming_foldover","nrmse_common",0.225220407186387
"29_pwo_gp_model_specific","db6cb901415724b9f55892557a81f2cbcc3e7f91cf2f712ea45b7b9a2b1eb5a5",24,6,48,"pwo_snr2","pwo","ols",NA,"SA_l2_position_foldover","nrmse_common",0.371321603209379
"29_pwo_gp_model_specific","db6cb901415724b9f55892557a81f2cbcc3e7f91cf2f712ea45b7b9a2b1eb5a5",24,6,48,"pwo_snr5","pwo","ols",NA,"SA_l2_position_foldover","nrmse_common",0.148528641283751
"29_pwo_gp_model_specific","db6cb901415724b9f55892557a81f2cbcc3e7f91cf2f712ea45b7b9a2b1eb5a5",24,6,48,"pwo_snr2","pwo","ols",NA,"random_foldover","nrmse_common",0.504947618735907
"29_pwo_gp_model_specific","db6cb901415724b9f55892557a81f2cbcc3e7f91cf2f712ea45b7b9a2b1eb5a5",24,6,48,"pwo_snr5","pwo","ols",NA,"random_foldover","nrmse_common",0.201979047494363
"29_pwo_gp_model_specific","db6cb901415724b9f55892557a81f2cbcc3e7f91cf2f712ea45b7b9a2b1eb5a5",24,6,60,"pwo_snr2","pwo","ols",NA,"FSA_lambda050","nrmse_common",0.291988986995952
"29_pwo_gp_model_specific","db6cb901415724b9f55892557a81f2cbcc3e7f91cf2f712ea45b7b9a2b1eb5a5",24,6,60,"pwo_snr5","pwo","ols",NA,"FSA_lambda050","nrmse_common",0.116795594798381
"29_pwo_gp_model_specific","db6cb901415724b9f55892557a81f2cbcc3e7f91cf2f712ea45b7b9a2b1eb5a5",24,6,60,"pwo_snr2","pwo","ols",NA,"SA_hamming_foldover","nrmse_common",0.459617790010438
"29_pwo_gp_model_specific","db6cb901415724b9f55892557a81f2cbcc3e7f91cf2f712ea45b7b9a2b1eb5a5",24,6,60,"pwo_snr5","pwo","ols",NA,"SA_hamming_foldover","nrmse_common",0.183847116004176
"29_pwo_gp_model_specific","db6cb901415724b9f55892557a81f2cbcc3e7f91cf2f712ea45b7b9a2b1eb5a5",24,6,60,"pwo_snr2","pwo","ols",NA,"SA_l2_position_foldover","nrmse_common",0.322934330835423
"29_pwo_gp_model_specific","db6cb901415724b9f55892557a81f2cbcc3e7f91cf2f712ea45b7b9a2b1eb5a5",24,6,60,"pwo_snr5","pwo","ols",NA,"SA_l2_position_foldover","nrmse_common",0.129173732334169
"29_pwo_gp_model_specific","db6cb901415724b9f55892557a81f2cbcc3e7f91cf2f712ea45b7b9a2b1eb5a5",24,6,60,"pwo_snr2","pwo","ols",NA,"random_foldover","nrmse_common",0.369006834921151
"29_pwo_gp_model_specific","db6cb901415724b9f55892557a81f2cbcc3e7f91cf2f712ea45b7b9a2b1eb5a5",24,6,60,"pwo_snr5","pwo","ols",NA,"random_foldover","nrmse_common",0.147602733968461
"29_pwo_gp_model_specific","db6cb901415724b9f55892557a81f2cbcc3e7f91cf2f712ea45b7b9a2b1eb5a5",25,6,48,"pwo_snr2","pwo","ols",NA,"FSA_lambda050","nrmse_common",0.248282813493192
"29_pwo_gp_model_specific","db6cb901415724b9f55892557a81f2cbcc3e7f91cf2f712ea45b7b9a2b1eb5a5",25,6,48,"pwo_snr5","pwo","ols",NA,"FSA_lambda050","nrmse_common",0.0993131253972765
"29_pwo_gp_model_specific","db6cb901415724b9f55892557a81f2cbcc3e7f91cf2f712ea45b7b9a2b1eb5a5",25,6,48,"pwo_snr2","pwo","ols",NA,"SA_hamming_foldover","nrmse_common",0.358387715487017
"29_pwo_gp_model_specific","db6cb901415724b9f55892557a81f2cbcc3e7f91cf2f712ea45b7b9a2b1eb5a5",25,6,48,"pwo_snr5","pwo","ols",NA,"SA_hamming_foldover","nrmse_common",0.143355086194807
"29_pwo_gp_model_specific","db6cb901415724b9f55892557a81f2cbcc3e7f91cf2f712ea45b7b9a2b1eb5a5",25,6,48,"pwo_snr2","pwo","ols",NA,"SA_l2_position_foldover","nrmse_common",0.454585301125145
"29_pwo_gp_model_specific","db6cb901415724b9f55892557a81f2cbcc3e7f91cf2f712ea45b7b9a2b1eb5a5",25,6,48,"pwo_snr5","pwo","ols",NA,"SA_l2_position_foldover","nrmse_common",0.181834120450058
"29_pwo_gp_model_specific","db6cb901415724b9f55892557a81f2cbcc3e7f91cf2f712ea45b7b9a2b1eb5a5",25,6,48,"pwo_snr2","pwo","ols",NA,"random_foldover","nrmse_common",0.262318845969238
"29_pwo_gp_model_specific","db6cb901415724b9f55892557a81f2cbcc3e7f91cf2f712ea45b7b9a2b1eb5a5",25,6,48,"pwo_snr5","pwo","ols",NA,"random_foldover","nrmse_common",0.104927538387695
"29_pwo_gp_model_specific","db6cb901415724b9f55892557a81f2cbcc3e7f91cf2f712ea45b7b9a2b1eb5a5",25,6,60,"pwo_snr2","pwo","ols",NA,"FSA_lambda050","nrmse_common",0.24397145742582
"29_pwo_gp_model_specific","db6cb901415724b9f55892557a81f2cbcc3e7f91cf2f712ea45b7b9a2b1eb5a5",25,6,60,"pwo_snr5","pwo","ols",NA,"FSA_lambda050","nrmse_common",0.0975885829703282
"29_pwo_gp_model_specific","db6cb901415724b9f55892557a81f2cbcc3e7f91cf2f712ea45b7b9a2b1eb5a5",25,6,60,"pwo_snr2","pwo","ols",NA,"SA_hamming_foldover","nrmse_common",0.234633696039192
"29_pwo_gp_model_specific","db6cb901415724b9f55892557a81f2cbcc3e7f91cf2f712ea45b7b9a2b1eb5a5",25,6,60,"pwo_snr5","pwo","ols",NA,"SA_hamming_foldover","nrmse_common",0.0938534784156767
"29_pwo_gp_model_specific","db6cb901415724b9f55892557a81f2cbcc3e7f91cf2f712ea45b7b9a2b1eb5a5",25,6,60,"pwo_snr2","pwo","ols",NA,"SA_l2_position_foldover","nrmse_common",0.180090659500234
"29_pwo_gp_model_specific","db6cb901415724b9f55892557a81f2cbcc3e7f91cf2f712ea45b7b9a2b1eb5a5",25,6,60,"pwo_snr5","pwo","ols",NA,"SA_l2_position_foldover","nrmse_common",0.0720362638000935
"29_pwo_gp_model_specific","db6cb901415724b9f55892557a81f2cbcc3e7f91cf2f712ea45b7b9a2b1eb5a5",25,6,60,"pwo_snr2","pwo","ols",NA,"random_foldover","nrmse_common",0.289988283331296
"29_pwo_gp_model_specific","db6cb901415724b9f55892557a81f2cbcc3e7f91cf2f712ea45b7b9a2b1eb5a5",25,6,60,"pwo_snr5","pwo","ols",NA,"random_foldover","nrmse_common",0.115995313332519
"29_pwo_gp_model_specific","db6cb901415724b9f55892557a81f2cbcc3e7f91cf2f712ea45b7b9a2b1eb5a5",26,6,48,"pwo_snr2","pwo","ols",NA,"FSA_lambda050","nrmse_common",0.278785155057521
"29_pwo_gp_model_specific","db6cb901415724b9f55892557a81f2cbcc3e7f91cf2f712ea45b7b9a2b1eb5a5",26,6,48,"pwo_snr5","pwo","ols",NA,"FSA_lambda050","nrmse_common",0.111514062023009
"29_pwo_gp_model_specific","db6cb901415724b9f55892557a81f2cbcc3e7f91cf2f712ea45b7b9a2b1eb5a5",26,6,48,"pwo_snr2","pwo","ols",NA,"SA_hamming_foldover","nrmse_common",0.398368766802237
"29_pwo_gp_model_specific","db6cb901415724b9f55892557a81f2cbcc3e7f91cf2f712ea45b7b9a2b1eb5a5",26,6,48,"pwo_snr5","pwo","ols",NA,"SA_hamming_foldover","nrmse_common",0.159347506720894
"29_pwo_gp_model_specific","db6cb901415724b9f55892557a81f2cbcc3e7f91cf2f712ea45b7b9a2b1eb5a5",26,6,48,"pwo_snr2","pwo","ols",NA,"SA_l2_position_foldover","nrmse_common",0.40918752981962
"29_pwo_gp_model_specific","db6cb901415724b9f55892557a81f2cbcc3e7f91cf2f712ea45b7b9a2b1eb5a5",26,6,48,"pwo_snr5","pwo","ols",NA,"SA_l2_position_foldover","nrmse_common",0.163675011927849
"29_pwo_gp_model_specific","db6cb901415724b9f55892557a81f2cbcc3e7f91cf2f712ea45b7b9a2b1eb5a5",26,6,48,"pwo_snr2","pwo","ols",NA,"random_foldover","nrmse_common",0.803360872537684
"29_pwo_gp_model_specific","db6cb901415724b9f55892557a81f2cbcc3e7f91cf2f712ea45b7b9a2b1eb5a5",26,6,48,"pwo_snr5","pwo","ols",NA,"random_foldover","nrmse_common",0.321344349015074
"29_pwo_gp_model_specific","db6cb901415724b9f55892557a81f2cbcc3e7f91cf2f712ea45b7b9a2b1eb5a5",26,6,60,"pwo_snr2","pwo","ols",NA,"FSA_lambda050","nrmse_common",0.270439372428682
"29_pwo_gp_model_specific","db6cb901415724b9f55892557a81f2cbcc3e7f91cf2f712ea45b7b9a2b1eb5a5",26,6,60,"pwo_snr5","pwo","ols",NA,"FSA_lambda050","nrmse_common",0.108175748971473
"29_pwo_gp_model_specific","db6cb901415724b9f55892557a81f2cbcc3e7f91cf2f712ea45b7b9a2b1eb5a5",26,6,60,"pwo_snr2","pwo","ols",NA,"SA_hamming_foldover","nrmse_common",0.342561469314231
"29_pwo_gp_model_specific","db6cb901415724b9f55892557a81f2cbcc3e7f91cf2f712ea45b7b9a2b1eb5a5",26,6,60,"pwo_snr5","pwo","ols",NA,"SA_hamming_foldover","nrmse_common",0.137024587725692
"29_pwo_gp_model_specific","db6cb901415724b9f55892557a81f2cbcc3e7f91cf2f712ea45b7b9a2b1eb5a5",26,6,60,"pwo_snr2","pwo","ols",NA,"SA_l2_position_foldover","nrmse_common",0.344327709832628
"29_pwo_gp_model_specific","db6cb901415724b9f55892557a81f2cbcc3e7f91cf2f712ea45b7b9a2b1eb5a5",26,6,60,"pwo_snr5","pwo","ols",NA,"SA_l2_position_foldover","nrmse_common",0.137731083933051
"29_pwo_gp_model_specific","db6cb901415724b9f55892557a81f2cbcc3e7f91cf2f712ea45b7b9a2b1eb5a5",26,6,60,"pwo_snr2","pwo","ols",NA,"random_foldover","nrmse_common",0.325259591317279
"29_pwo_gp_model_specific","db6cb901415724b9f55892557a81f2cbcc3e7f91cf2f712ea45b7b9a2b1eb5a5",26,6,60,"pwo_snr5","pwo","ols",NA,"random_foldover","nrmse_common",0.130103836526912
"29_pwo_gp_model_specific","db6cb901415724b9f55892557a81f2cbcc3e7f91cf2f712ea45b7b9a2b1eb5a5",27,6,48,"pwo_snr2","pwo","ols",NA,"FSA_lambda050","nrmse_common",0.386708063784096
"29_pwo_gp_model_specific","db6cb901415724b9f55892557a81f2cbcc3e7f91cf2f712ea45b7b9a2b1eb5a5",27,6,48,"pwo_snr5","pwo","ols",NA,"FSA_lambda050","nrmse_common",0.154683225513638
"29_pwo_gp_model_specific","db6cb901415724b9f55892557a81f2cbcc3e7f91cf2f712ea45b7b9a2b1eb5a5",27,6,48,"pwo_snr2","pwo","ols",NA,"SA_hamming_foldover","nrmse_common",0.455126107300112
"29_pwo_gp_model_specific","db6cb901415724b9f55892557a81f2cbcc3e7f91cf2f712ea45b7b9a2b1eb5a5",27,6,48,"pwo_snr5","pwo","ols",NA,"SA_hamming_foldover","nrmse_common",0.182050442920045
"29_pwo_gp_model_specific","db6cb901415724b9f55892557a81f2cbcc3e7f91cf2f712ea45b7b9a2b1eb5a5",27,6,48,"pwo_snr2","pwo","ols",NA,"SA_l2_position_foldover","nrmse_common",0.667737510839009
"29_pwo_gp_model_specific","db6cb901415724b9f55892557a81f2cbcc3e7f91cf2f712ea45b7b9a2b1eb5a5",27,6,48,"pwo_snr5","pwo","ols",NA,"SA_l2_position_foldover","nrmse_common",0.267095004335604
"29_pwo_gp_model_specific","db6cb901415724b9f55892557a81f2cbcc3e7f91cf2f712ea45b7b9a2b1eb5a5",27,6,48,"pwo_snr2","pwo","ols",NA,"random_foldover","nrmse_common",0.584898370562631
"29_pwo_gp_model_specific","db6cb901415724b9f55892557a81f2cbcc3e7f91cf2f712ea45b7b9a2b1eb5a5",27,6,48,"pwo_snr5","pwo","ols",NA,"random_foldover","nrmse_common",0.233959348225053
"29_pwo_gp_model_specific","db6cb901415724b9f55892557a81f2cbcc3e7f91cf2f712ea45b7b9a2b1eb5a5",27,6,60,"pwo_snr2","pwo","ols",NA,"FSA_lambda050","nrmse_common",0.22157898742462
"29_pwo_gp_model_specific","db6cb901415724b9f55892557a81f2cbcc3e7f91cf2f712ea45b7b9a2b1eb5a5",27,6,60,"pwo_snr5","pwo","ols",NA,"FSA_lambda050","nrmse_common",0.0886315949698478
"29_pwo_gp_model_specific","db6cb901415724b9f55892557a81f2cbcc3e7f91cf2f712ea45b7b9a2b1eb5a5",27,6,60,"pwo_snr2","pwo","ols",NA,"SA_hamming_foldover","nrmse_common",0.378306435204975
"29_pwo_gp_model_specific","db6cb901415724b9f55892557a81f2cbcc3e7f91cf2f712ea45b7b9a2b1eb5a5",27,6,60,"pwo_snr5","pwo","ols",NA,"SA_hamming_foldover","nrmse_common",0.15132257408199
"29_pwo_gp_model_specific","db6cb901415724b9f55892557a81f2cbcc3e7f91cf2f712ea45b7b9a2b1eb5a5",27,6,60,"pwo_snr2","pwo","ols",NA,"SA_l2_position_foldover","nrmse_common",0.328319749352375
"29_pwo_gp_model_specific","db6cb901415724b9f55892557a81f2cbcc3e7f91cf2f712ea45b7b9a2b1eb5a5",27,6,60,"pwo_snr5","pwo","ols",NA,"SA_l2_position_foldover","nrmse_common",0.13132789974095
"29_pwo_gp_model_specific","db6cb901415724b9f55892557a81f2cbcc3e7f91cf2f712ea45b7b9a2b1eb5a5",27,6,60,"pwo_snr2","pwo","ols",NA,"random_foldover","nrmse_common",0.323020985402961
"29_pwo_gp_model_specific","db6cb901415724b9f55892557a81f2cbcc3e7f91cf2f712ea45b7b9a2b1eb5a5",27,6,60,"pwo_snr5","pwo","ols",NA,"random_foldover","nrmse_common",0.129208394161184
"29_pwo_gp_model_specific","db6cb901415724b9f55892557a81f2cbcc3e7f91cf2f712ea45b7b9a2b1eb5a5",28,6,48,"pwo_snr2","pwo","ols",NA,"FSA_lambda050","nrmse_common",0.363177763073742
"29_pwo_gp_model_specific","db6cb901415724b9f55892557a81f2cbcc3e7f91cf2f712ea45b7b9a2b1eb5a5",28,6,48,"pwo_snr5","pwo","ols",NA,"FSA_lambda050","nrmse_common",0.145271105229497
"29_pwo_gp_model_specific","db6cb901415724b9f55892557a81f2cbcc3e7f91cf2f712ea45b7b9a2b1eb5a5",28,6,48,"pwo_snr2","pwo","ols",NA,"SA_hamming_foldover","nrmse_common",0.3354753963534
"29_pwo_gp_model_specific","db6cb901415724b9f55892557a81f2cbcc3e7f91cf2f712ea45b7b9a2b1eb5a5",28,6,48,"pwo_snr5","pwo","ols",NA,"SA_hamming_foldover","nrmse_common",0.13419015854136
"29_pwo_gp_model_specific","db6cb901415724b9f55892557a81f2cbcc3e7f91cf2f712ea45b7b9a2b1eb5a5",28,6,48,"pwo_snr2","pwo","ols",NA,"SA_l2_position_foldover","nrmse_common",0.344598311966692
"29_pwo_gp_model_specific","db6cb901415724b9f55892557a81f2cbcc3e7f91cf2f712ea45b7b9a2b1eb5a5",28,6,48,"pwo_snr5","pwo","ols",NA,"SA_l2_position_foldover","nrmse_common",0.137839324786677
"29_pwo_gp_model_specific","db6cb901415724b9f55892557a81f2cbcc3e7f91cf2f712ea45b7b9a2b1eb5a5",28,6,48,"pwo_snr2","pwo","ols",NA,"random_foldover","nrmse_common",0.457851154543568
"29_pwo_gp_model_specific","db6cb901415724b9f55892557a81f2cbcc3e7f91cf2f712ea45b7b9a2b1eb5a5",28,6,48,"pwo_snr5","pwo","ols",NA,"random_foldover","nrmse_common",0.183140461817427
"29_pwo_gp_model_specific","db6cb901415724b9f55892557a81f2cbcc3e7f91cf2f712ea45b7b9a2b1eb5a5",28,6,60,"pwo_snr2","pwo","ols",NA,"FSA_lambda050","nrmse_common",0.349964763292398
"29_pwo_gp_model_specific","db6cb901415724b9f55892557a81f2cbcc3e7f91cf2f712ea45b7b9a2b1eb5a5",28,6,60,"pwo_snr5","pwo","ols",NA,"FSA_lambda050","nrmse_common",0.139985905316959
"29_pwo_gp_model_specific","db6cb901415724b9f55892557a81f2cbcc3e7f91cf2f712ea45b7b9a2b1eb5a5",28,6,60,"pwo_snr2","pwo","ols",NA,"SA_hamming_foldover","nrmse_common",0.458283879704371
"29_pwo_gp_model_specific","db6cb901415724b9f55892557a81f2cbcc3e7f91cf2f712ea45b7b9a2b1eb5a5",28,6,60,"pwo_snr5","pwo","ols",NA,"SA_hamming_foldover","nrmse_common",0.183313551881749
"29_pwo_gp_model_specific","db6cb901415724b9f55892557a81f2cbcc3e7f91cf2f712ea45b7b9a2b1eb5a5",28,6,60,"pwo_snr2","pwo","ols",NA,"SA_l2_position_foldover","nrmse_common",0.291497873590929
"29_pwo_gp_model_specific","db6cb901415724b9f55892557a81f2cbcc3e7f91cf2f712ea45b7b9a2b1eb5a5",28,6,60,"pwo_snr5","pwo","ols",NA,"SA_l2_position_foldover","nrmse_common",0.116599149436371
"29_pwo_gp_model_specific","db6cb901415724b9f55892557a81f2cbcc3e7f91cf2f712ea45b7b9a2b1eb5a5",28,6,60,"pwo_snr2","pwo","ols",NA,"random_foldover","nrmse_common",0.371041096991129
"29_pwo_gp_model_specific","db6cb901415724b9f55892557a81f2cbcc3e7f91cf2f712ea45b7b9a2b1eb5a5",28,6,60,"pwo_snr5","pwo","ols",NA,"random_foldover","nrmse_common",0.148416438796452
"29_pwo_gp_model_specific","db6cb901415724b9f55892557a81f2cbcc3e7f91cf2f712ea45b7b9a2b1eb5a5",29,6,48,"pwo_snr2","pwo","ols",NA,"FSA_lambda050","nrmse_common",0.262645521672473
"29_pwo_gp_model_specific","db6cb901415724b9f55892557a81f2cbcc3e7f91cf2f712ea45b7b9a2b1eb5a5",29,6,48,"pwo_snr5","pwo","ols",NA,"FSA_lambda050","nrmse_common",0.10505820866899
"29_pwo_gp_model_specific","db6cb901415724b9f55892557a81f2cbcc3e7f91cf2f712ea45b7b9a2b1eb5a5",29,6,48,"pwo_snr2","pwo","ols",NA,"SA_hamming_foldover","nrmse_common",0.372659115516232
"29_pwo_gp_model_specific","db6cb901415724b9f55892557a81f2cbcc3e7f91cf2f712ea45b7b9a2b1eb5a5",29,6,48,"pwo_snr5","pwo","ols",NA,"SA_hamming_foldover","nrmse_common",0.149063646206493
"29_pwo_gp_model_specific","db6cb901415724b9f55892557a81f2cbcc3e7f91cf2f712ea45b7b9a2b1eb5a5",29,6,48,"pwo_snr2","pwo","ols",NA,"SA_l2_position_foldover","nrmse_common",0.496875041390616
"29_pwo_gp_model_specific","db6cb901415724b9f55892557a81f2cbcc3e7f91cf2f712ea45b7b9a2b1eb5a5",29,6,48,"pwo_snr5","pwo","ols",NA,"SA_l2_position_foldover","nrmse_common",0.198750016556246
"29_pwo_gp_model_specific","db6cb901415724b9f55892557a81f2cbcc3e7f91cf2f712ea45b7b9a2b1eb5a5",29,6,48,"pwo_snr2","pwo","ols",NA,"random_foldover","nrmse_common",0.874406690534172
"29_pwo_gp_model_specific","db6cb901415724b9f55892557a81f2cbcc3e7f91cf2f712ea45b7b9a2b1eb5a5",29,6,48,"pwo_snr5","pwo","ols",NA,"random_foldover","nrmse_common",0.349762676213668
"29_pwo_gp_model_specific","db6cb901415724b9f55892557a81f2cbcc3e7f91cf2f712ea45b7b9a2b1eb5a5",29,6,60,"pwo_snr2","pwo","ols",NA,"FSA_lambda050","nrmse_common",0.290492751616022
"29_pwo_gp_model_specific","db6cb901415724b9f55892557a81f2cbcc3e7f91cf2f712ea45b7b9a2b1eb5a5",29,6,60,"pwo_snr5","pwo","ols",NA,"FSA_lambda050","nrmse_common",0.116197100646409
"29_pwo_gp_model_specific","db6cb901415724b9f55892557a81f2cbcc3e7f91cf2f712ea45b7b9a2b1eb5a5",29,6,60,"pwo_snr2","pwo","ols",NA,"SA_hamming_foldover","nrmse_common",0.241786530115971
"29_pwo_gp_model_specific","db6cb901415724b9f55892557a81f2cbcc3e7f91cf2f712ea45b7b9a2b1eb5a5",29,6,60,"pwo_snr5","pwo","ols",NA,"SA_hamming_foldover","nrmse_common",0.0967146120463885
"29_pwo_gp_model_specific","db6cb901415724b9f55892557a81f2cbcc3e7f91cf2f712ea45b7b9a2b1eb5a5",29,6,60,"pwo_snr2","pwo","ols",NA,"SA_l2_position_foldover","nrmse_common",0.337752618542735
"29_pwo_gp_model_specific","db6cb901415724b9f55892557a81f2cbcc3e7f91cf2f712ea45b7b9a2b1eb5a5",29,6,60,"pwo_snr5","pwo","ols",NA,"SA_l2_position_foldover","nrmse_common",0.135101047417094
"29_pwo_gp_model_specific","db6cb901415724b9f55892557a81f2cbcc3e7f91cf2f712ea45b7b9a2b1eb5a5",29,6,60,"pwo_snr2","pwo","ols",NA,"random_foldover","nrmse_common",0.468599059493114
"29_pwo_gp_model_specific","db6cb901415724b9f55892557a81f2cbcc3e7f91cf2f712ea45b7b9a2b1eb5a5",29,6,60,"pwo_snr5","pwo","ols",NA,"random_foldover","nrmse_common",0.187439623797246
"29_pwo_gp_model_specific","db6cb901415724b9f55892557a81f2cbcc3e7f91cf2f712ea45b7b9a2b1eb5a5",30,6,48,"pwo_snr2","pwo","ols",NA,"FSA_lambda050","nrmse_common",0.349896281108098
"29_pwo_gp_model_specific","db6cb901415724b9f55892557a81f2cbcc3e7f91cf2f712ea45b7b9a2b1eb5a5",30,6,48,"pwo_snr5","pwo","ols",NA,"FSA_lambda050","nrmse_common",0.139958512443239
"29_pwo_gp_model_specific","db6cb901415724b9f55892557a81f2cbcc3e7f91cf2f712ea45b7b9a2b1eb5a5",30,6,48,"pwo_snr2","pwo","ols",NA,"SA_hamming_foldover","nrmse_common",0.308369285613016
"29_pwo_gp_model_specific","db6cb901415724b9f55892557a81f2cbcc3e7f91cf2f712ea45b7b9a2b1eb5a5",30,6,48,"pwo_snr5","pwo","ols",NA,"SA_hamming_foldover","nrmse_common",0.123347714245207
"29_pwo_gp_model_specific","db6cb901415724b9f55892557a81f2cbcc3e7f91cf2f712ea45b7b9a2b1eb5a5",30,6,48,"pwo_snr2","pwo","ols",NA,"SA_l2_position_foldover","nrmse_common",0.284529063712006
"29_pwo_gp_model_specific","db6cb901415724b9f55892557a81f2cbcc3e7f91cf2f712ea45b7b9a2b1eb5a5",30,6,48,"pwo_snr5","pwo","ols",NA,"SA_l2_position_foldover","nrmse_common",0.113811625484802
"29_pwo_gp_model_specific","db6cb901415724b9f55892557a81f2cbcc3e7f91cf2f712ea45b7b9a2b1eb5a5",30,6,48,"pwo_snr2","pwo","ols",NA,"random_foldover","nrmse_common",0.396888627843996
"29_pwo_gp_model_specific","db6cb901415724b9f55892557a81f2cbcc3e7f91cf2f712ea45b7b9a2b1eb5a5",30,6,48,"pwo_snr5","pwo","ols",NA,"random_foldover","nrmse_common",0.158755451137599
"29_pwo_gp_model_specific","db6cb901415724b9f55892557a81f2cbcc3e7f91cf2f712ea45b7b9a2b1eb5a5",30,6,60,"pwo_snr2","pwo","ols",NA,"FSA_lambda050","nrmse_common",0.330414537623043
"29_pwo_gp_model_specific","db6cb901415724b9f55892557a81f2cbcc3e7f91cf2f712ea45b7b9a2b1eb5a5",30,6,60,"pwo_snr5","pwo","ols",NA,"FSA_lambda050","nrmse_common",0.132165815049217
"29_pwo_gp_model_specific","db6cb901415724b9f55892557a81f2cbcc3e7f91cf2f712ea45b7b9a2b1eb5a5",30,6,60,"pwo_snr2","pwo","ols",NA,"SA_hamming_foldover","nrmse_common",0.440955972586876
"29_pwo_gp_model_specific","db6cb901415724b9f55892557a81f2cbcc3e7f91cf2f712ea45b7b9a2b1eb5a5",30,6,60,"pwo_snr5","pwo","ols",NA,"SA_hamming_foldover","nrmse_common",0.176382389034751
"29_pwo_gp_model_specific","db6cb901415724b9f55892557a81f2cbcc3e7f91cf2f712ea45b7b9a2b1eb5a5",30,6,60,"pwo_snr2","pwo","ols",NA,"SA_l2_position_foldover","nrmse_common",0.297329750510426
"29_pwo_gp_model_specific","db6cb901415724b9f55892557a81f2cbcc3e7f91cf2f712ea45b7b9a2b1eb5a5",30,6,60,"pwo_snr5","pwo","ols",NA,"SA_l2_position_foldover","nrmse_common",0.11893190020417
"29_pwo_gp_model_specific","db6cb901415724b9f55892557a81f2cbcc3e7f91cf2f712ea45b7b9a2b1eb5a5",30,6,60,"pwo_snr2","pwo","ols",NA,"random_foldover","nrmse_common",0.560325536973804
"29_pwo_gp_model_specific","db6cb901415724b9f55892557a81f2cbcc3e7f91cf2f712ea45b7b9a2b1eb5a5",30,6,60,"pwo_snr5","pwo","ols",NA,"random_foldover","nrmse_common",0.224130214789521
"29_pwo_gp_model_specific","db6cb901415724b9f55892557a81f2cbcc3e7f91cf2f712ea45b7b9a2b1eb5a5",31,6,48,"pwo_snr2","pwo","ols",NA,"FSA_lambda050","nrmse_common",0.304705955156799
"29_pwo_gp_model_specific","db6cb901415724b9f55892557a81f2cbcc3e7f91cf2f712ea45b7b9a2b1eb5a5",31,6,48,"pwo_snr5","pwo","ols",NA,"FSA_lambda050","nrmse_common",0.12188238206272
"29_pwo_gp_model_specific","db6cb901415724b9f55892557a81f2cbcc3e7f91cf2f712ea45b7b9a2b1eb5a5",31,6,48,"pwo_snr2","pwo","ols",NA,"SA_hamming_foldover","nrmse_common",0.490634401755262
"29_pwo_gp_model_specific","db6cb901415724b9f55892557a81f2cbcc3e7f91cf2f712ea45b7b9a2b1eb5a5",31,6,48,"pwo_snr5","pwo","ols",NA,"SA_hamming_foldover","nrmse_common",0.196253760702105
"29_pwo_gp_model_specific","db6cb901415724b9f55892557a81f2cbcc3e7f91cf2f712ea45b7b9a2b1eb5a5",31,6,48,"pwo_snr2","pwo","ols",NA,"SA_l2_position_foldover","nrmse_common",0.379720701834746
"29_pwo_gp_model_specific","db6cb901415724b9f55892557a81f2cbcc3e7f91cf2f712ea45b7b9a2b1eb5a5",31,6,48,"pwo_snr5","pwo","ols",NA,"SA_l2_position_foldover","nrmse_common",0.151888280733898
"29_pwo_gp_model_specific","db6cb901415724b9f55892557a81f2cbcc3e7f91cf2f712ea45b7b9a2b1eb5a5",31,6,48,"pwo_snr2","pwo","ols",NA,"random_foldover","nrmse_common",0.58964707294858
"29_pwo_gp_model_specific","db6cb901415724b9f55892557a81f2cbcc3e7f91cf2f712ea45b7b9a2b1eb5a5",31,6,48,"pwo_snr5","pwo","ols",NA,"random_foldover","nrmse_common",0.235858829179432
"29_pwo_gp_model_specific","db6cb901415724b9f55892557a81f2cbcc3e7f91cf2f712ea45b7b9a2b1eb5a5",31,6,60,"pwo_snr2","pwo","ols",NA,"FSA_lambda050","nrmse_common",0.242049555877913
"29_pwo_gp_model_specific","db6cb901415724b9f55892557a81f2cbcc3e7f91cf2f712ea45b7b9a2b1eb5a5",31,6,60,"pwo_snr5","pwo","ols",NA,"FSA_lambda050","nrmse_common",0.0968198223511651
"29_pwo_gp_model_specific","db6cb901415724b9f55892557a81f2cbcc3e7f91cf2f712ea45b7b9a2b1eb5a5",31,6,60,"pwo_snr2","pwo","ols",NA,"SA_hamming_foldover","nrmse_common",0.247835362610567
"29_pwo_gp_model_specific","db6cb901415724b9f55892557a81f2cbcc3e7f91cf2f712ea45b7b9a2b1eb5a5",31,6,60,"pwo_snr5","pwo","ols",NA,"SA_hamming_foldover","nrmse_common",0.0991341450442269
"29_pwo_gp_model_specific","db6cb901415724b9f55892557a81f2cbcc3e7f91cf2f712ea45b7b9a2b1eb5a5",31,6,60,"pwo_snr2","pwo","ols",NA,"SA_l2_position_foldover","nrmse_common",0.289719253136522
"29_pwo_gp_model_specific","db6cb901415724b9f55892557a81f2cbcc3e7f91cf2f712ea45b7b9a2b1eb5a5",31,6,60,"pwo_snr5","pwo","ols",NA,"SA_l2_position_foldover","nrmse_common",0.115887701254609
"29_pwo_gp_model_specific","db6cb901415724b9f55892557a81f2cbcc3e7f91cf2f712ea45b7b9a2b1eb5a5",31,6,60,"pwo_snr2","pwo","ols",NA,"random_foldover","nrmse_common",0.32997422515725
"29_pwo_gp_model_specific","db6cb901415724b9f55892557a81f2cbcc3e7f91cf2f712ea45b7b9a2b1eb5a5",31,6,60,"pwo_snr5","pwo","ols",NA,"random_foldover","nrmse_common",0.1319896900629
"29_pwo_gp_model_specific","db6cb901415724b9f55892557a81f2cbcc3e7f91cf2f712ea45b7b9a2b1eb5a5",32,6,48,"pwo_snr2","pwo","ols",NA,"FSA_lambda050","nrmse_common",0.278828604125425
"29_pwo_gp_model_specific","db6cb901415724b9f55892557a81f2cbcc3e7f91cf2f712ea45b7b9a2b1eb5a5",32,6,48,"pwo_snr5","pwo","ols",NA,"FSA_lambda050","nrmse_common",0.11153144165017
"29_pwo_gp_model_specific","db6cb901415724b9f55892557a81f2cbcc3e7f91cf2f712ea45b7b9a2b1eb5a5",32,6,48,"pwo_snr2","pwo","ols",NA,"SA_hamming_foldover","nrmse_common",0.501354899456817
"29_pwo_gp_model_specific","db6cb901415724b9f55892557a81f2cbcc3e7f91cf2f712ea45b7b9a2b1eb5a5",32,6,48,"pwo_snr5","pwo","ols",NA,"SA_hamming_foldover","nrmse_common",0.200541959782727
"29_pwo_gp_model_specific","db6cb901415724b9f55892557a81f2cbcc3e7f91cf2f712ea45b7b9a2b1eb5a5",32,6,48,"pwo_snr2","pwo","ols",NA,"SA_l2_position_foldover","nrmse_common",0.274084574823825
"29_pwo_gp_model_specific","db6cb901415724b9f55892557a81f2cbcc3e7f91cf2f712ea45b7b9a2b1eb5a5",32,6,48,"pwo_snr5","pwo","ols",NA,"SA_l2_position_foldover","nrmse_common",0.10963382992953
"29_pwo_gp_model_specific","db6cb901415724b9f55892557a81f2cbcc3e7f91cf2f712ea45b7b9a2b1eb5a5",32,6,48,"pwo_snr2","pwo","ols",NA,"random_foldover","nrmse_common",0.320791116393039
"29_pwo_gp_model_specific","db6cb901415724b9f55892557a81f2cbcc3e7f91cf2f712ea45b7b9a2b1eb5a5",32,6,48,"pwo_snr5","pwo","ols",NA,"random_foldover","nrmse_common",0.128316446557215
"29_pwo_gp_model_specific","db6cb901415724b9f55892557a81f2cbcc3e7f91cf2f712ea45b7b9a2b1eb5a5",32,6,60,"pwo_snr2","pwo","ols",NA,"FSA_lambda050","nrmse_common",0.225029945813318
"29_pwo_gp_model_specific","db6cb901415724b9f55892557a81f2cbcc3e7f91cf2f712ea45b7b9a2b1eb5a5",32,6,60,"pwo_snr5","pwo","ols",NA,"FSA_lambda050","nrmse_common",0.090011978325327
"29_pwo_gp_model_specific","db6cb901415724b9f55892557a81f2cbcc3e7f91cf2f712ea45b7b9a2b1eb5a5",32,6,60,"pwo_snr2","pwo","ols",NA,"SA_hamming_foldover","nrmse_common",0.386862844782142
"29_pwo_gp_model_specific","db6cb901415724b9f55892557a81f2cbcc3e7f91cf2f712ea45b7b9a2b1eb5a5",32,6,60,"pwo_snr5","pwo","ols",NA,"SA_hamming_foldover","nrmse_common",0.154745137912857
"29_pwo_gp_model_specific","db6cb901415724b9f55892557a81f2cbcc3e7f91cf2f712ea45b7b9a2b1eb5a5",32,6,60,"pwo_snr2","pwo","ols",NA,"SA_l2_position_foldover","nrmse_common",0.207483920930577
"29_pwo_gp_model_specific","db6cb901415724b9f55892557a81f2cbcc3e7f91cf2f712ea45b7b9a2b1eb5a5",32,6,60,"pwo_snr5","pwo","ols",NA,"SA_l2_position_foldover","nrmse_common",0.082993568372231
"29_pwo_gp_model_specific","db6cb901415724b9f55892557a81f2cbcc3e7f91cf2f712ea45b7b9a2b1eb5a5",32,6,60,"pwo_snr2","pwo","ols",NA,"random_foldover","nrmse_common",0.427031169463584
"29_pwo_gp_model_specific","db6cb901415724b9f55892557a81f2cbcc3e7f91cf2f712ea45b7b9a2b1eb5a5",32,6,60,"pwo_snr5","pwo","ols",NA,"random_foldover","nrmse_common",0.170812467785434
"29_pwo_gp_model_specific","db6cb901415724b9f55892557a81f2cbcc3e7f91cf2f712ea45b7b9a2b1eb5a5",33,6,48,"pwo_snr2","pwo","ols",NA,"FSA_lambda050","nrmse_common",0.352711701772587
"29_pwo_gp_model_specific","db6cb901415724b9f55892557a81f2cbcc3e7f91cf2f712ea45b7b9a2b1eb5a5",33,6,48,"pwo_snr5","pwo","ols",NA,"FSA_lambda050","nrmse_common",0.141084680709035
"29_pwo_gp_model_specific","db6cb901415724b9f55892557a81f2cbcc3e7f91cf2f712ea45b7b9a2b1eb5a5",33,6,48,"pwo_snr2","pwo","ols",NA,"SA_hamming_foldover","nrmse_common",0.295980357853753
"29_pwo_gp_model_specific","db6cb901415724b9f55892557a81f2cbcc3e7f91cf2f712ea45b7b9a2b1eb5a5",33,6,48,"pwo_snr5","pwo","ols",NA,"SA_hamming_foldover","nrmse_common",0.118392143141501
"29_pwo_gp_model_specific","db6cb901415724b9f55892557a81f2cbcc3e7f91cf2f712ea45b7b9a2b1eb5a5",33,6,48,"pwo_snr2","pwo","ols",NA,"SA_l2_position_foldover","nrmse_common",0.556175536138727
"29_pwo_gp_model_specific","db6cb901415724b9f55892557a81f2cbcc3e7f91cf2f712ea45b7b9a2b1eb5a5",33,6,48,"pwo_snr5","pwo","ols",NA,"SA_l2_position_foldover","nrmse_common",0.222470214455491
"29_pwo_gp_model_specific","db6cb901415724b9f55892557a81f2cbcc3e7f91cf2f712ea45b7b9a2b1eb5a5",33,6,48,"pwo_snr2","pwo","ols",NA,"random_foldover","nrmse_common",0.500491293297161
"29_pwo_gp_model_specific","db6cb901415724b9f55892557a81f2cbcc3e7f91cf2f712ea45b7b9a2b1eb5a5",33,6,48,"pwo_snr5","pwo","ols",NA,"random_foldover","nrmse_common",0.200196517318864
"29_pwo_gp_model_specific","db6cb901415724b9f55892557a81f2cbcc3e7f91cf2f712ea45b7b9a2b1eb5a5",33,6,60,"pwo_snr2","pwo","ols",NA,"FSA_lambda050","nrmse_common",0.359510162818078
"29_pwo_gp_model_specific","db6cb901415724b9f55892557a81f2cbcc3e7f91cf2f712ea45b7b9a2b1eb5a5",33,6,60,"pwo_snr5","pwo","ols",NA,"FSA_lambda050","nrmse_common",0.143804065127231
"29_pwo_gp_model_specific","db6cb901415724b9f55892557a81f2cbcc3e7f91cf2f712ea45b7b9a2b1eb5a5",33,6,60,"pwo_snr2","pwo","ols",NA,"SA_hamming_foldover","nrmse_common",0.419928365000063
"29_pwo_gp_model_specific","db6cb901415724b9f55892557a81f2cbcc3e7f91cf2f712ea45b7b9a2b1eb5a5",33,6,60,"pwo_snr5","pwo","ols",NA,"SA_hamming_foldover","nrmse_common",0.167971346000025
"29_pwo_gp_model_specific","db6cb901415724b9f55892557a81f2cbcc3e7f91cf2f712ea45b7b9a2b1eb5a5",33,6,60,"pwo_snr2","pwo","ols",NA,"SA_l2_position_foldover","nrmse_common",0.354338983990067
"29_pwo_gp_model_specific","db6cb901415724b9f55892557a81f2cbcc3e7f91cf2f712ea45b7b9a2b1eb5a5",33,6,60,"pwo_snr5","pwo","ols",NA,"SA_l2_position_foldover","nrmse_common",0.141735593596027
"29_pwo_gp_model_specific","db6cb901415724b9f55892557a81f2cbcc3e7f91cf2f712ea45b7b9a2b1eb5a5",33,6,60,"pwo_snr2","pwo","ols",NA,"random_foldover","nrmse_common",0.398089497814851
"29_pwo_gp_model_specific","db6cb901415724b9f55892557a81f2cbcc3e7f91cf2f712ea45b7b9a2b1eb5a5",33,6,60,"pwo_snr5","pwo","ols",NA,"random_foldover","nrmse_common",0.159235799125941
"29_pwo_gp_model_specific","db6cb901415724b9f55892557a81f2cbcc3e7f91cf2f712ea45b7b9a2b1eb5a5",34,6,48,"pwo_snr2","pwo","ols",NA,"FSA_lambda050","nrmse_common",0.186690185299848
"29_pwo_gp_model_specific","db6cb901415724b9f55892557a81f2cbcc3e7f91cf2f712ea45b7b9a2b1eb5a5",34,6,48,"pwo_snr5","pwo","ols",NA,"FSA_lambda050","nrmse_common",0.0746760741199392
"29_pwo_gp_model_specific","db6cb901415724b9f55892557a81f2cbcc3e7f91cf2f712ea45b7b9a2b1eb5a5",34,6,48,"pwo_snr2","pwo","ols",NA,"SA_hamming_foldover","nrmse_common",0.395953245447228
"29_pwo_gp_model_specific","db6cb901415724b9f55892557a81f2cbcc3e7f91cf2f712ea45b7b9a2b1eb5a5",34,6,48,"pwo_snr5","pwo","ols",NA,"SA_hamming_foldover","nrmse_common",0.158381298178891
"29_pwo_gp_model_specific","db6cb901415724b9f55892557a81f2cbcc3e7f91cf2f712ea45b7b9a2b1eb5a5",34,6,48,"pwo_snr2","pwo","ols",NA,"SA_l2_position_foldover","nrmse_common",0.338629764848037
"29_pwo_gp_model_specific","db6cb901415724b9f55892557a81f2cbcc3e7f91cf2f712ea45b7b9a2b1eb5a5",34,6,48,"pwo_snr5","pwo","ols",NA,"SA_l2_position_foldover","nrmse_common",0.135451905939215
"29_pwo_gp_model_specific","db6cb901415724b9f55892557a81f2cbcc3e7f91cf2f712ea45b7b9a2b1eb5a5",34,6,48,"pwo_snr2","pwo","ols",NA,"random_foldover","nrmse_common",0.321624343115293
"29_pwo_gp_model_specific","db6cb901415724b9f55892557a81f2cbcc3e7f91cf2f712ea45b7b9a2b1eb5a5",34,6,48,"pwo_snr5","pwo","ols",NA,"random_foldover","nrmse_common",0.128649737246117
"29_pwo_gp_model_specific","db6cb901415724b9f55892557a81f2cbcc3e7f91cf2f712ea45b7b9a2b1eb5a5",34,6,60,"pwo_snr2","pwo","ols",NA,"FSA_lambda050","nrmse_common",0.259480117386938
"29_pwo_gp_model_specific","db6cb901415724b9f55892557a81f2cbcc3e7f91cf2f712ea45b7b9a2b1eb5a5",34,6,60,"pwo_snr5","pwo","ols",NA,"FSA_lambda050","nrmse_common",0.103792046954775
"29_pwo_gp_model_specific","db6cb901415724b9f55892557a81f2cbcc3e7f91cf2f712ea45b7b9a2b1eb5a5",34,6,60,"pwo_snr2","pwo","ols",NA,"SA_hamming_foldover","nrmse_common",0.221903453374751
"29_pwo_gp_model_specific","db6cb901415724b9f55892557a81f2cbcc3e7f91cf2f712ea45b7b9a2b1eb5a5",34,6,60,"pwo_snr5","pwo","ols",NA,"SA_hamming_foldover","nrmse_common",0.0887613813499005
"29_pwo_gp_model_specific","db6cb901415724b9f55892557a81f2cbcc3e7f91cf2f712ea45b7b9a2b1eb5a5",34,6,60,"pwo_snr2","pwo","ols",NA,"SA_l2_position_foldover","nrmse_common",0.339746204475868
"29_pwo_gp_model_specific","db6cb901415724b9f55892557a81f2cbcc3e7f91cf2f712ea45b7b9a2b1eb5a5",34,6,60,"pwo_snr5","pwo","ols",NA,"SA_l2_position_foldover","nrmse_common",0.135898481790347
"29_pwo_gp_model_specific","db6cb901415724b9f55892557a81f2cbcc3e7f91cf2f712ea45b7b9a2b1eb5a5",34,6,60,"pwo_snr2","pwo","ols",NA,"random_foldover","nrmse_common",0.42395607212266
"29_pwo_gp_model_specific","db6cb901415724b9f55892557a81f2cbcc3e7f91cf2f712ea45b7b9a2b1eb5a5",34,6,60,"pwo_snr5","pwo","ols",NA,"random_foldover","nrmse_common",0.169582428849064
"29_pwo_gp_model_specific","db6cb901415724b9f55892557a81f2cbcc3e7f91cf2f712ea45b7b9a2b1eb5a5",35,6,48,"pwo_snr2","pwo","ols",NA,"FSA_lambda050","nrmse_common",0.283782287729936
"29_pwo_gp_model_specific","db6cb901415724b9f55892557a81f2cbcc3e7f91cf2f712ea45b7b9a2b1eb5a5",35,6,48,"pwo_snr5","pwo","ols",NA,"FSA_lambda050","nrmse_common",0.113512915091974
"29_pwo_gp_model_specific","db6cb901415724b9f55892557a81f2cbcc3e7f91cf2f712ea45b7b9a2b1eb5a5",35,6,48,"pwo_snr2","pwo","ols",NA,"SA_hamming_foldover","nrmse_common",0.421761241761455
"29_pwo_gp_model_specific","db6cb901415724b9f55892557a81f2cbcc3e7f91cf2f712ea45b7b9a2b1eb5a5",35,6,48,"pwo_snr5","pwo","ols",NA,"SA_hamming_foldover","nrmse_common",0.168704496704582
"29_pwo_gp_model_specific","db6cb901415724b9f55892557a81f2cbcc3e7f91cf2f712ea45b7b9a2b1eb5a5",35,6,48,"pwo_snr2","pwo","ols",NA,"SA_l2_position_foldover","nrmse_common",0.529209433113755
"29_pwo_gp_model_specific","db6cb901415724b9f55892557a81f2cbcc3e7f91cf2f712ea45b7b9a2b1eb5a5",35,6,48,"pwo_snr5","pwo","ols",NA,"SA_l2_position_foldover","nrmse_common",0.211683773245502
"29_pwo_gp_model_specific","db6cb901415724b9f55892557a81f2cbcc3e7f91cf2f712ea45b7b9a2b1eb5a5",35,6,48,"pwo_snr2","pwo","ols",NA,"random_foldover","nrmse_common",0.544597855559277
"29_pwo_gp_model_specific","db6cb901415724b9f55892557a81f2cbcc3e7f91cf2f712ea45b7b9a2b1eb5a5",35,6,48,"pwo_snr5","pwo","ols",NA,"random_foldover","nrmse_common",0.217839142223711
"29_pwo_gp_model_specific","db6cb901415724b9f55892557a81f2cbcc3e7f91cf2f712ea45b7b9a2b1eb5a5",35,6,60,"pwo_snr2","pwo","ols",NA,"FSA_lambda050","nrmse_common",0.348938081912935
"29_pwo_gp_model_specific","db6cb901415724b9f55892557a81f2cbcc3e7f91cf2f712ea45b7b9a2b1eb5a5",35,6,60,"pwo_snr5","pwo","ols",NA,"FSA_lambda050","nrmse_common",0.139575232765174
"29_pwo_gp_model_specific","db6cb901415724b9f55892557a81f2cbcc3e7f91cf2f712ea45b7b9a2b1eb5a5",35,6,60,"pwo_snr2","pwo","ols",NA,"SA_hamming_foldover","nrmse_common",0.342144857591185
"29_pwo_gp_model_specific","db6cb901415724b9f55892557a81f2cbcc3e7f91cf2f712ea45b7b9a2b1eb5a5",35,6,60,"pwo_snr5","pwo","ols",NA,"SA_hamming_foldover","nrmse_common",0.136857943036474
"29_pwo_gp_model_specific","db6cb901415724b9f55892557a81f2cbcc3e7f91cf2f712ea45b7b9a2b1eb5a5",35,6,60,"pwo_snr2","pwo","ols",NA,"SA_l2_position_foldover","nrmse_common",0.285557611344687
"29_pwo_gp_model_specific","db6cb901415724b9f55892557a81f2cbcc3e7f91cf2f712ea45b7b9a2b1eb5a5",35,6,60,"pwo_snr5","pwo","ols",NA,"SA_l2_position_foldover","nrmse_common",0.114223044537875
"29_pwo_gp_model_specific","db6cb901415724b9f55892557a81f2cbcc3e7f91cf2f712ea45b7b9a2b1eb5a5",35,6,60,"pwo_snr2","pwo","ols",NA,"random_foldover","nrmse_common",0.309253598887294
"29_pwo_gp_model_specific","db6cb901415724b9f55892557a81f2cbcc3e7f91cf2f712ea45b7b9a2b1eb5a5",35,6,60,"pwo_snr5","pwo","ols",NA,"random_foldover","nrmse_common",0.123701439554917
"29_pwo_gp_model_specific","db6cb901415724b9f55892557a81f2cbcc3e7f91cf2f712ea45b7b9a2b1eb5a5",36,6,48,"pwo_snr2","pwo","ols",NA,"FSA_lambda050","nrmse_common",0.261848575316945
"29_pwo_gp_model_specific","db6cb901415724b9f55892557a81f2cbcc3e7f91cf2f712ea45b7b9a2b1eb5a5",36,6,48,"pwo_snr5","pwo","ols",NA,"FSA_lambda050","nrmse_common",0.104739430126778
"29_pwo_gp_model_specific","db6cb901415724b9f55892557a81f2cbcc3e7f91cf2f712ea45b7b9a2b1eb5a5",36,6,48,"pwo_snr2","pwo","ols",NA,"SA_hamming_foldover","nrmse_common",0.282966133914071
"29_pwo_gp_model_specific","db6cb901415724b9f55892557a81f2cbcc3e7f91cf2f712ea45b7b9a2b1eb5a5",36,6,48,"pwo_snr5","pwo","ols",NA,"SA_hamming_foldover","nrmse_common",0.113186453565629
"29_pwo_gp_model_specific","db6cb901415724b9f55892557a81f2cbcc3e7f91cf2f712ea45b7b9a2b1eb5a5",36,6,48,"pwo_snr2","pwo","ols",NA,"SA_l2_position_foldover","nrmse_common",0.315365027922273
"29_pwo_gp_model_specific","db6cb901415724b9f55892557a81f2cbcc3e7f91cf2f712ea45b7b9a2b1eb5a5",36,6,48,"pwo_snr5","pwo","ols",NA,"SA_l2_position_foldover","nrmse_common",0.126146011168909
"29_pwo_gp_model_specific","db6cb901415724b9f55892557a81f2cbcc3e7f91cf2f712ea45b7b9a2b1eb5a5",36,6,48,"pwo_snr2","pwo","ols",NA,"random_foldover","nrmse_common",0.326068229970566
"29_pwo_gp_model_specific","db6cb901415724b9f55892557a81f2cbcc3e7f91cf2f712ea45b7b9a2b1eb5a5",36,6,48,"pwo_snr5","pwo","ols",NA,"random_foldover","nrmse_common",0.130427291988226
"29_pwo_gp_model_specific","db6cb901415724b9f55892557a81f2cbcc3e7f91cf2f712ea45b7b9a2b1eb5a5",36,6,60,"pwo_snr2","pwo","ols",NA,"FSA_lambda050","nrmse_common",0.263462219180203
"29_pwo_gp_model_specific","db6cb901415724b9f55892557a81f2cbcc3e7f91cf2f712ea45b7b9a2b1eb5a5",36,6,60,"pwo_snr5","pwo","ols",NA,"FSA_lambda050","nrmse_common",0.105384887672081
"29_pwo_gp_model_specific","db6cb901415724b9f55892557a81f2cbcc3e7f91cf2f712ea45b7b9a2b1eb5a5",36,6,60,"pwo_snr2","pwo","ols",NA,"SA_hamming_foldover","nrmse_common",0.425181602542081
"29_pwo_gp_model_specific","db6cb901415724b9f55892557a81f2cbcc3e7f91cf2f712ea45b7b9a2b1eb5a5",36,6,60,"pwo_snr5","pwo","ols",NA,"SA_hamming_foldover","nrmse_common",0.170072641016833
"29_pwo_gp_model_specific","db6cb901415724b9f55892557a81f2cbcc3e7f91cf2f712ea45b7b9a2b1eb5a5",36,6,60,"pwo_snr2","pwo","ols",NA,"SA_l2_position_foldover","nrmse_common",0.344335048861641
"29_pwo_gp_model_specific","db6cb901415724b9f55892557a81f2cbcc3e7f91cf2f712ea45b7b9a2b1eb5a5",36,6,60,"pwo_snr5","pwo","ols",NA,"SA_l2_position_foldover","nrmse_common",0.137734019544657
"29_pwo_gp_model_specific","db6cb901415724b9f55892557a81f2cbcc3e7f91cf2f712ea45b7b9a2b1eb5a5",36,6,60,"pwo_snr2","pwo","ols",NA,"random_foldover","nrmse_common",0.359387959880391
"29_pwo_gp_model_specific","db6cb901415724b9f55892557a81f2cbcc3e7f91cf2f712ea45b7b9a2b1eb5a5",36,6,60,"pwo_snr5","pwo","ols",NA,"random_foldover","nrmse_common",0.143755183952156
"29_pwo_gp_model_specific","db6cb901415724b9f55892557a81f2cbcc3e7f91cf2f712ea45b7b9a2b1eb5a5",37,6,48,"pwo_snr2","pwo","ols",NA,"FSA_lambda050","nrmse_common",0.448966115198281
"29_pwo_gp_model_specific","db6cb901415724b9f55892557a81f2cbcc3e7f91cf2f712ea45b7b9a2b1eb5a5",37,6,48,"pwo_snr5","pwo","ols",NA,"FSA_lambda050","nrmse_common",0.179586446079313
"29_pwo_gp_model_specific","db6cb901415724b9f55892557a81f2cbcc3e7f91cf2f712ea45b7b9a2b1eb5a5",37,6,48,"pwo_snr2","pwo","ols",NA,"SA_hamming_foldover","nrmse_common",0.304241935804315
"29_pwo_gp_model_specific","db6cb901415724b9f55892557a81f2cbcc3e7f91cf2f712ea45b7b9a2b1eb5a5",37,6,48,"pwo_snr5","pwo","ols",NA,"SA_hamming_foldover","nrmse_common",0.121696774321726
"29_pwo_gp_model_specific","db6cb901415724b9f55892557a81f2cbcc3e7f91cf2f712ea45b7b9a2b1eb5a5",37,6,48,"pwo_snr2","pwo","ols",NA,"SA_l2_position_foldover","nrmse_common",0.408937117150407
"29_pwo_gp_model_specific","db6cb901415724b9f55892557a81f2cbcc3e7f91cf2f712ea45b7b9a2b1eb5a5",37,6,48,"pwo_snr5","pwo","ols",NA,"SA_l2_position_foldover","nrmse_common",0.163574846860163
"29_pwo_gp_model_specific","db6cb901415724b9f55892557a81f2cbcc3e7f91cf2f712ea45b7b9a2b1eb5a5",37,6,48,"pwo_snr2","pwo","ols",NA,"random_foldover","nrmse_common",0.65037755736451
"29_pwo_gp_model_specific","db6cb901415724b9f55892557a81f2cbcc3e7f91cf2f712ea45b7b9a2b1eb5a5",37,6,48,"pwo_snr5","pwo","ols",NA,"random_foldover","nrmse_common",0.260151022945804
"29_pwo_gp_model_specific","db6cb901415724b9f55892557a81f2cbcc3e7f91cf2f712ea45b7b9a2b1eb5a5",37,6,60,"pwo_snr2","pwo","ols",NA,"FSA_lambda050","nrmse_common",0.26195902201176
"29_pwo_gp_model_specific","db6cb901415724b9f55892557a81f2cbcc3e7f91cf2f712ea45b7b9a2b1eb5a5",37,6,60,"pwo_snr5","pwo","ols",NA,"FSA_lambda050","nrmse_common",0.104783608804704
"29_pwo_gp_model_specific","db6cb901415724b9f55892557a81f2cbcc3e7f91cf2f712ea45b7b9a2b1eb5a5",37,6,60,"pwo_snr2","pwo","ols",NA,"SA_hamming_foldover","nrmse_common",0.244528647612053
"29_pwo_gp_model_specific","db6cb901415724b9f55892557a81f2cbcc3e7f91cf2f712ea45b7b9a2b1eb5a5",37,6,60,"pwo_snr5","pwo","ols",NA,"SA_hamming_foldover","nrmse_common",0.0978114590448209
"29_pwo_gp_model_specific","db6cb901415724b9f55892557a81f2cbcc3e7f91cf2f712ea45b7b9a2b1eb5a5",37,6,60,"pwo_snr2","pwo","ols",NA,"SA_l2_position_foldover","nrmse_common",0.390347137636573
"29_pwo_gp_model_specific","db6cb901415724b9f55892557a81f2cbcc3e7f91cf2f712ea45b7b9a2b1eb5a5",37,6,60,"pwo_snr5","pwo","ols",NA,"SA_l2_position_foldover","nrmse_common",0.156138855054629
"29_pwo_gp_model_specific","db6cb901415724b9f55892557a81f2cbcc3e7f91cf2f712ea45b7b9a2b1eb5a5",37,6,60,"pwo_snr2","pwo","ols",NA,"random_foldover","nrmse_common",0.362242598903219
"29_pwo_gp_model_specific","db6cb901415724b9f55892557a81f2cbcc3e7f91cf2f712ea45b7b9a2b1eb5a5",37,6,60,"pwo_snr5","pwo","ols",NA,"random_foldover","nrmse_common",0.144897039561288
"29_pwo_gp_model_specific","db6cb901415724b9f55892557a81f2cbcc3e7f91cf2f712ea45b7b9a2b1eb5a5",38,6,48,"pwo_snr2","pwo","ols",NA,"FSA_lambda050","nrmse_common",0.26065327467642
"29_pwo_gp_model_specific","db6cb901415724b9f55892557a81f2cbcc3e7f91cf2f712ea45b7b9a2b1eb5a5",38,6,48,"pwo_snr5","pwo","ols",NA,"FSA_lambda050","nrmse_common",0.104261309870568
"29_pwo_gp_model_specific","db6cb901415724b9f55892557a81f2cbcc3e7f91cf2f712ea45b7b9a2b1eb5a5",38,6,48,"pwo_snr2","pwo","ols",NA,"SA_hamming_foldover","nrmse_common",0.298765727557564
"29_pwo_gp_model_specific","db6cb901415724b9f55892557a81f2cbcc3e7f91cf2f712ea45b7b9a2b1eb5a5",38,6,48,"pwo_snr5","pwo","ols",NA,"SA_hamming_foldover","nrmse_common",0.119506291023026
"29_pwo_gp_model_specific","db6cb901415724b9f55892557a81f2cbcc3e7f91cf2f712ea45b7b9a2b1eb5a5",38,6,48,"pwo_snr2","pwo","ols",NA,"SA_l2_position_foldover","nrmse_common",0.278810574916772
"29_pwo_gp_model_specific","db6cb901415724b9f55892557a81f2cbcc3e7f91cf2f712ea45b7b9a2b1eb5a5",38,6,48,"pwo_snr5","pwo","ols",NA,"SA_l2_position_foldover","nrmse_common",0.111524229966709
"29_pwo_gp_model_specific","db6cb901415724b9f55892557a81f2cbcc3e7f91cf2f712ea45b7b9a2b1eb5a5",38,6,48,"pwo_snr2","pwo","ols",NA,"random_foldover","nrmse_common",0.47840866180764
"29_pwo_gp_model_specific","db6cb901415724b9f55892557a81f2cbcc3e7f91cf2f712ea45b7b9a2b1eb5a5",38,6,48,"pwo_snr5","pwo","ols",NA,"random_foldover","nrmse_common",0.191363464723056
"29_pwo_gp_model_specific","db6cb901415724b9f55892557a81f2cbcc3e7f91cf2f712ea45b7b9a2b1eb5a5",38,6,60,"pwo_snr2","pwo","ols",NA,"FSA_lambda050","nrmse_common",0.236079682015764
"29_pwo_gp_model_specific","db6cb901415724b9f55892557a81f2cbcc3e7f91cf2f712ea45b7b9a2b1eb5a5",38,6,60,"pwo_snr5","pwo","ols",NA,"FSA_lambda050","nrmse_common",0.0944318728063059
"29_pwo_gp_model_specific","db6cb901415724b9f55892557a81f2cbcc3e7f91cf2f712ea45b7b9a2b1eb5a5",38,6,60,"pwo_snr2","pwo","ols",NA,"SA_hamming_foldover","nrmse_common",0.311349249718383
"29_pwo_gp_model_specific","db6cb901415724b9f55892557a81f2cbcc3e7f91cf2f712ea45b7b9a2b1eb5a5",38,6,60,"pwo_snr5","pwo","ols",NA,"SA_hamming_foldover","nrmse_common",0.124539699887353
"29_pwo_gp_model_specific","db6cb901415724b9f55892557a81f2cbcc3e7f91cf2f712ea45b7b9a2b1eb5a5",38,6,60,"pwo_snr2","pwo","ols",NA,"SA_l2_position_foldover","nrmse_common",0.340908523115483
"29_pwo_gp_model_specific","db6cb901415724b9f55892557a81f2cbcc3e7f91cf2f712ea45b7b9a2b1eb5a5",38,6,60,"pwo_snr5","pwo","ols",NA,"SA_l2_position_foldover","nrmse_common",0.136363409246193
"29_pwo_gp_model_specific","db6cb901415724b9f55892557a81f2cbcc3e7f91cf2f712ea45b7b9a2b1eb5a5",38,6,60,"pwo_snr2","pwo","ols",NA,"random_foldover","nrmse_common",0.343826172078091
"29_pwo_gp_model_specific","db6cb901415724b9f55892557a81f2cbcc3e7f91cf2f712ea45b7b9a2b1eb5a5",38,6,60,"pwo_snr5","pwo","ols",NA,"random_foldover","nrmse_common",0.137530468831236
"29_pwo_gp_model_specific","db6cb901415724b9f55892557a81f2cbcc3e7f91cf2f712ea45b7b9a2b1eb5a5",39,6,48,"pwo_snr2","pwo","ols",NA,"FSA_lambda050","nrmse_common",0.451288806432652
"29_pwo_gp_model_specific","db6cb901415724b9f55892557a81f2cbcc3e7f91cf2f712ea45b7b9a2b1eb5a5",39,6,48,"pwo_snr5","pwo","ols",NA,"FSA_lambda050","nrmse_common",0.180515522573061
"29_pwo_gp_model_specific","db6cb901415724b9f55892557a81f2cbcc3e7f91cf2f712ea45b7b9a2b1eb5a5",39,6,48,"pwo_snr2","pwo","ols",NA,"SA_hamming_foldover","nrmse_common",0.411644394417205
"29_pwo_gp_model_specific","db6cb901415724b9f55892557a81f2cbcc3e7f91cf2f712ea45b7b9a2b1eb5a5",39,6,48,"pwo_snr5","pwo","ols",NA,"SA_hamming_foldover","nrmse_common",0.164657757766882
"29_pwo_gp_model_specific","db6cb901415724b9f55892557a81f2cbcc3e7f91cf2f712ea45b7b9a2b1eb5a5",39,6,48,"pwo_snr2","pwo","ols",NA,"SA_l2_position_foldover","nrmse_common",0.510621434235752
"29_pwo_gp_model_specific","db6cb901415724b9f55892557a81f2cbcc3e7f91cf2f712ea45b7b9a2b1eb5a5",39,6,48,"pwo_snr5","pwo","ols",NA,"SA_l2_position_foldover","nrmse_common",0.204248573694301
"29_pwo_gp_model_specific","db6cb901415724b9f55892557a81f2cbcc3e7f91cf2f712ea45b7b9a2b1eb5a5",39,6,48,"pwo_snr2","pwo","ols",NA,"random_foldover","nrmse_common",0.340851744960096
"29_pwo_gp_model_specific","db6cb901415724b9f55892557a81f2cbcc3e7f91cf2f712ea45b7b9a2b1eb5a5",39,6,48,"pwo_snr5","pwo","ols",NA,"random_foldover","nrmse_common",0.136340697984038
"29_pwo_gp_model_specific","db6cb901415724b9f55892557a81f2cbcc3e7f91cf2f712ea45b7b9a2b1eb5a5",39,6,60,"pwo_snr2","pwo","ols",NA,"FSA_lambda050","nrmse_common",0.210350452025844
"29_pwo_gp_model_specific","db6cb901415724b9f55892557a81f2cbcc3e7f91cf2f712ea45b7b9a2b1eb5a5",39,6,60,"pwo_snr5","pwo","ols",NA,"FSA_lambda050","nrmse_common",0.0841401808103381
"29_pwo_gp_model_specific","db6cb901415724b9f55892557a81f2cbcc3e7f91cf2f712ea45b7b9a2b1eb5a5",39,6,60,"pwo_snr2","pwo","ols",NA,"SA_hamming_foldover","nrmse_common",0.320108347542802
"29_pwo_gp_model_specific","db6cb901415724b9f55892557a81f2cbcc3e7f91cf2f712ea45b7b9a2b1eb5a5",39,6,60,"pwo_snr5","pwo","ols",NA,"SA_hamming_foldover","nrmse_common",0.128043339017121
"29_pwo_gp_model_specific","db6cb901415724b9f55892557a81f2cbcc3e7f91cf2f712ea45b7b9a2b1eb5a5",39,6,60,"pwo_snr2","pwo","ols",NA,"SA_l2_position_foldover","nrmse_common",0.547387023087967
"29_pwo_gp_model_specific","db6cb901415724b9f55892557a81f2cbcc3e7f91cf2f712ea45b7b9a2b1eb5a5",39,6,60,"pwo_snr5","pwo","ols",NA,"SA_l2_position_foldover","nrmse_common",0.218954809235187
"29_pwo_gp_model_specific","db6cb901415724b9f55892557a81f2cbcc3e7f91cf2f712ea45b7b9a2b1eb5a5",39,6,60,"pwo_snr2","pwo","ols",NA,"random_foldover","nrmse_common",0.375357861960991
"29_pwo_gp_model_specific","db6cb901415724b9f55892557a81f2cbcc3e7f91cf2f712ea45b7b9a2b1eb5a5",39,6,60,"pwo_snr5","pwo","ols",NA,"random_foldover","nrmse_common",0.150143144784396
"29_pwo_gp_model_specific","db6cb901415724b9f55892557a81f2cbcc3e7f91cf2f712ea45b7b9a2b1eb5a5",40,6,48,"pwo_snr2","pwo","ols",NA,"FSA_lambda050","nrmse_common",0.293456076777909
"29_pwo_gp_model_specific","db6cb901415724b9f55892557a81f2cbcc3e7f91cf2f712ea45b7b9a2b1eb5a5",40,6,48,"pwo_snr5","pwo","ols",NA,"FSA_lambda050","nrmse_common",0.117382430711164
"29_pwo_gp_model_specific","db6cb901415724b9f55892557a81f2cbcc3e7f91cf2f712ea45b7b9a2b1eb5a5",40,6,48,"pwo_snr2","pwo","ols",NA,"SA_hamming_foldover","nrmse_common",0.274612007973253
"29_pwo_gp_model_specific","db6cb901415724b9f55892557a81f2cbcc3e7f91cf2f712ea45b7b9a2b1eb5a5",40,6,48,"pwo_snr5","pwo","ols",NA,"SA_hamming_foldover","nrmse_common",0.109844803189301
"29_pwo_gp_model_specific","db6cb901415724b9f55892557a81f2cbcc3e7f91cf2f712ea45b7b9a2b1eb5a5",40,6,48,"pwo_snr2","pwo","ols",NA,"SA_l2_position_foldover","nrmse_common",0.369529549585996
"29_pwo_gp_model_specific","db6cb901415724b9f55892557a81f2cbcc3e7f91cf2f712ea45b7b9a2b1eb5a5",40,6,48,"pwo_snr5","pwo","ols",NA,"SA_l2_position_foldover","nrmse_common",0.147811819834399
"29_pwo_gp_model_specific","db6cb901415724b9f55892557a81f2cbcc3e7f91cf2f712ea45b7b9a2b1eb5a5",40,6,48,"pwo_snr2","pwo","ols",NA,"random_foldover","nrmse_common",0.416313520512539
"29_pwo_gp_model_specific","db6cb901415724b9f55892557a81f2cbcc3e7f91cf2f712ea45b7b9a2b1eb5a5",40,6,48,"pwo_snr5","pwo","ols",NA,"random_foldover","nrmse_common",0.166525408205016
"29_pwo_gp_model_specific","db6cb901415724b9f55892557a81f2cbcc3e7f91cf2f712ea45b7b9a2b1eb5a5",40,6,60,"pwo_snr2","pwo","ols",NA,"FSA_lambda050","nrmse_common",0.208628597173681
"29_pwo_gp_model_specific","db6cb901415724b9f55892557a81f2cbcc3e7f91cf2f712ea45b7b9a2b1eb5a5",40,6,60,"pwo_snr5","pwo","ols",NA,"FSA_lambda050","nrmse_common",0.0834514388694727
"29_pwo_gp_model_specific","db6cb901415724b9f55892557a81f2cbcc3e7f91cf2f712ea45b7b9a2b1eb5a5",40,6,60,"pwo_snr2","pwo","ols",NA,"SA_hamming_foldover","nrmse_common",0.248868508297215
"29_pwo_gp_model_specific","db6cb901415724b9f55892557a81f2cbcc3e7f91cf2f712ea45b7b9a2b1eb5a5",40,6,60,"pwo_snr5","pwo","ols",NA,"SA_hamming_foldover","nrmse_common",0.099547403318886
"29_pwo_gp_model_specific","db6cb901415724b9f55892557a81f2cbcc3e7f91cf2f712ea45b7b9a2b1eb5a5",40,6,60,"pwo_snr2","pwo","ols",NA,"SA_l2_position_foldover","nrmse_common",0.251731504955064
"29_pwo_gp_model_specific","db6cb901415724b9f55892557a81f2cbcc3e7f91cf2f712ea45b7b9a2b1eb5a5",40,6,60,"pwo_snr5","pwo","ols",NA,"SA_l2_position_foldover","nrmse_common",0.100692601982026
"29_pwo_gp_model_specific","db6cb901415724b9f55892557a81f2cbcc3e7f91cf2f712ea45b7b9a2b1eb5a5",40,6,60,"pwo_snr2","pwo","ols",NA,"random_foldover","nrmse_common",0.323354481489276
"29_pwo_gp_model_specific","db6cb901415724b9f55892557a81f2cbcc3e7f91cf2f712ea45b7b9a2b1eb5a5",40,6,60,"pwo_snr5","pwo","ols",NA,"random_foldover","nrmse_common",0.129341792595711
"29_pwo_gp_model_specific","db6cb901415724b9f55892557a81f2cbcc3e7f91cf2f712ea45b7b9a2b1eb5a5",41,6,48,"pwo_snr2","pwo","ols",NA,"FSA_lambda050","nrmse_common",0.310268454525907
"29_pwo_gp_model_specific","db6cb901415724b9f55892557a81f2cbcc3e7f91cf2f712ea45b7b9a2b1eb5a5",41,6,48,"pwo_snr5","pwo","ols",NA,"FSA_lambda050","nrmse_common",0.124107381810363
"29_pwo_gp_model_specific","db6cb901415724b9f55892557a81f2cbcc3e7f91cf2f712ea45b7b9a2b1eb5a5",41,6,48,"pwo_snr2","pwo","ols",NA,"SA_hamming_foldover","nrmse_common",0.30537951102748
"29_pwo_gp_model_specific","db6cb901415724b9f55892557a81f2cbcc3e7f91cf2f712ea45b7b9a2b1eb5a5",41,6,48,"pwo_snr5","pwo","ols",NA,"SA_hamming_foldover","nrmse_common",0.122151804410992
"29_pwo_gp_model_specific","db6cb901415724b9f55892557a81f2cbcc3e7f91cf2f712ea45b7b9a2b1eb5a5",41,6,48,"pwo_snr2","pwo","ols",NA,"SA_l2_position_foldover","nrmse_common",0.423906222050013
"29_pwo_gp_model_specific","db6cb901415724b9f55892557a81f2cbcc3e7f91cf2f712ea45b7b9a2b1eb5a5",41,6,48,"pwo_snr5","pwo","ols",NA,"SA_l2_position_foldover","nrmse_common",0.169562488820005
"29_pwo_gp_model_specific","db6cb901415724b9f55892557a81f2cbcc3e7f91cf2f712ea45b7b9a2b1eb5a5",41,6,48,"pwo_snr2","pwo","ols",NA,"random_foldover","nrmse_common",0.499997006537183
"29_pwo_gp_model_specific","db6cb901415724b9f55892557a81f2cbcc3e7f91cf2f712ea45b7b9a2b1eb5a5",41,6,48,"pwo_snr5","pwo","ols",NA,"random_foldover","nrmse_common",0.199998802614873
"29_pwo_gp_model_specific","db6cb901415724b9f55892557a81f2cbcc3e7f91cf2f712ea45b7b9a2b1eb5a5",41,6,60,"pwo_snr2","pwo","ols",NA,"FSA_lambda050","nrmse_common",0.258848489672796
"29_pwo_gp_model_specific","db6cb901415724b9f55892557a81f2cbcc3e7f91cf2f712ea45b7b9a2b1eb5a5",41,6,60,"pwo_snr5","pwo","ols",NA,"FSA_lambda050","nrmse_common",0.103539395869118
"29_pwo_gp_model_specific","db6cb901415724b9f55892557a81f2cbcc3e7f91cf2f712ea45b7b9a2b1eb5a5",41,6,60,"pwo_snr2","pwo","ols",NA,"SA_hamming_foldover","nrmse_common",0.359612504635987
"29_pwo_gp_model_specific","db6cb901415724b9f55892557a81f2cbcc3e7f91cf2f712ea45b7b9a2b1eb5a5",41,6,60,"pwo_snr5","pwo","ols",NA,"SA_hamming_foldover","nrmse_common",0.143845001854395
"29_pwo_gp_model_specific","db6cb901415724b9f55892557a81f2cbcc3e7f91cf2f712ea45b7b9a2b1eb5a5",41,6,60,"pwo_snr2","pwo","ols",NA,"SA_l2_position_foldover","nrmse_common",0.317279695734383
"29_pwo_gp_model_specific","db6cb901415724b9f55892557a81f2cbcc3e7f91cf2f712ea45b7b9a2b1eb5a5",41,6,60,"pwo_snr5","pwo","ols",NA,"SA_l2_position_foldover","nrmse_common",0.126911878293753
"29_pwo_gp_model_specific","db6cb901415724b9f55892557a81f2cbcc3e7f91cf2f712ea45b7b9a2b1eb5a5",41,6,60,"pwo_snr2","pwo","ols",NA,"random_foldover","nrmse_common",0.604551146880863
"29_pwo_gp_model_specific","db6cb901415724b9f55892557a81f2cbcc3e7f91cf2f712ea45b7b9a2b1eb5a5",41,6,60,"pwo_snr5","pwo","ols",NA,"random_foldover","nrmse_common",0.241820458752345
"29_pwo_gp_model_specific","db6cb901415724b9f55892557a81f2cbcc3e7f91cf2f712ea45b7b9a2b1eb5a5",42,6,48,"pwo_snr2","pwo","ols",NA,"FSA_lambda050","nrmse_common",0.237395551243722
"29_pwo_gp_model_specific","db6cb901415724b9f55892557a81f2cbcc3e7f91cf2f712ea45b7b9a2b1eb5a5",42,6,48,"pwo_snr5","pwo","ols",NA,"FSA_lambda050","nrmse_common",0.094958220497489
"29_pwo_gp_model_specific","db6cb901415724b9f55892557a81f2cbcc3e7f91cf2f712ea45b7b9a2b1eb5a5",42,6,48,"pwo_snr2","pwo","ols",NA,"SA_hamming_foldover","nrmse_common",0.318152657157257
"29_pwo_gp_model_specific","db6cb901415724b9f55892557a81f2cbcc3e7f91cf2f712ea45b7b9a2b1eb5a5",42,6,48,"pwo_snr5","pwo","ols",NA,"SA_hamming_foldover","nrmse_common",0.127261062862903
"29_pwo_gp_model_specific","db6cb901415724b9f55892557a81f2cbcc3e7f91cf2f712ea45b7b9a2b1eb5a5",42,6,48,"pwo_snr2","pwo","ols",NA,"SA_l2_position_foldover","nrmse_common",0.258529316417791
"29_pwo_gp_model_specific","db6cb901415724b9f55892557a81f2cbcc3e7f91cf2f712ea45b7b9a2b1eb5a5",42,6,48,"pwo_snr5","pwo","ols",NA,"SA_l2_position_foldover","nrmse_common",0.103411726567117
"29_pwo_gp_model_specific","db6cb901415724b9f55892557a81f2cbcc3e7f91cf2f712ea45b7b9a2b1eb5a5",42,6,48,"pwo_snr2","pwo","ols",NA,"random_foldover","nrmse_common",0.373272507466399
"29_pwo_gp_model_specific","db6cb901415724b9f55892557a81f2cbcc3e7f91cf2f712ea45b7b9a2b1eb5a5",42,6,48,"pwo_snr5","pwo","ols",NA,"random_foldover","nrmse_common",0.14930900298656
"29_pwo_gp_model_specific","db6cb901415724b9f55892557a81f2cbcc3e7f91cf2f712ea45b7b9a2b1eb5a5",42,6,60,"pwo_snr2","pwo","ols",NA,"FSA_lambda050","nrmse_common",0.27826998228774
"29_pwo_gp_model_specific","db6cb901415724b9f55892557a81f2cbcc3e7f91cf2f712ea45b7b9a2b1eb5a5",42,6,60,"pwo_snr5","pwo","ols",NA,"FSA_lambda050","nrmse_common",0.111307992915096
"29_pwo_gp_model_specific","db6cb901415724b9f55892557a81f2cbcc3e7f91cf2f712ea45b7b9a2b1eb5a5",42,6,60,"pwo_snr2","pwo","ols",NA,"SA_hamming_foldover","nrmse_common",0.226706756007388
"29_pwo_gp_model_specific","db6cb901415724b9f55892557a81f2cbcc3e7f91cf2f712ea45b7b9a2b1eb5a5",42,6,60,"pwo_snr5","pwo","ols",NA,"SA_hamming_foldover","nrmse_common",0.0906827024029551
"29_pwo_gp_model_specific","db6cb901415724b9f55892557a81f2cbcc3e7f91cf2f712ea45b7b9a2b1eb5a5",42,6,60,"pwo_snr2","pwo","ols",NA,"SA_l2_position_foldover","nrmse_common",0.313469304880724
"29_pwo_gp_model_specific","db6cb901415724b9f55892557a81f2cbcc3e7f91cf2f712ea45b7b9a2b1eb5a5",42,6,60,"pwo_snr5","pwo","ols",NA,"SA_l2_position_foldover","nrmse_common",0.12538772195229
"29_pwo_gp_model_specific","db6cb901415724b9f55892557a81f2cbcc3e7f91cf2f712ea45b7b9a2b1eb5a5",42,6,60,"pwo_snr2","pwo","ols",NA,"random_foldover","nrmse_common",0.352280637514114
"29_pwo_gp_model_specific","db6cb901415724b9f55892557a81f2cbcc3e7f91cf2f712ea45b7b9a2b1eb5a5",42,6,60,"pwo_snr5","pwo","ols",NA,"random_foldover","nrmse_common",0.140912255005646
"29_pwo_gp_model_specific","db6cb901415724b9f55892557a81f2cbcc3e7f91cf2f712ea45b7b9a2b1eb5a5",43,6,48,"pwo_snr2","pwo","ols",NA,"FSA_lambda050","nrmse_common",0.442545507156231
"29_pwo_gp_model_specific","db6cb901415724b9f55892557a81f2cbcc3e7f91cf2f712ea45b7b9a2b1eb5a5",43,6,48,"pwo_snr5","pwo","ols",NA,"FSA_lambda050","nrmse_common",0.177018202862492
"29_pwo_gp_model_specific","db6cb901415724b9f55892557a81f2cbcc3e7f91cf2f712ea45b7b9a2b1eb5a5",43,6,48,"pwo_snr2","pwo","ols",NA,"SA_hamming_foldover","nrmse_common",0.413078351707917
"29_pwo_gp_model_specific","db6cb901415724b9f55892557a81f2cbcc3e7f91cf2f712ea45b7b9a2b1eb5a5",43,6,48,"pwo_snr5","pwo","ols",NA,"SA_hamming_foldover","nrmse_common",0.165231340683167
"29_pwo_gp_model_specific","db6cb901415724b9f55892557a81f2cbcc3e7f91cf2f712ea45b7b9a2b1eb5a5",43,6,48,"pwo_snr2","pwo","ols",NA,"SA_l2_position_foldover","nrmse_common",0.373006274640584
"29_pwo_gp_model_specific","db6cb901415724b9f55892557a81f2cbcc3e7f91cf2f712ea45b7b9a2b1eb5a5",43,6,48,"pwo_snr5","pwo","ols",NA,"SA_l2_position_foldover","nrmse_common",0.149202509856234
"29_pwo_gp_model_specific","db6cb901415724b9f55892557a81f2cbcc3e7f91cf2f712ea45b7b9a2b1eb5a5",43,6,48,"pwo_snr2","pwo","ols",NA,"random_foldover","nrmse_common",0.476301332974416
"29_pwo_gp_model_specific","db6cb901415724b9f55892557a81f2cbcc3e7f91cf2f712ea45b7b9a2b1eb5a5",43,6,48,"pwo_snr5","pwo","ols",NA,"random_foldover","nrmse_common",0.190520533189766
"29_pwo_gp_model_specific","db6cb901415724b9f55892557a81f2cbcc3e7f91cf2f712ea45b7b9a2b1eb5a5",43,6,60,"pwo_snr2","pwo","ols",NA,"FSA_lambda050","nrmse_common",0.270444911591311
"29_pwo_gp_model_specific","db6cb901415724b9f55892557a81f2cbcc3e7f91cf2f712ea45b7b9a2b1eb5a5",43,6,60,"pwo_snr5","pwo","ols",NA,"FSA_lambda050","nrmse_common",0.108177964636524
"29_pwo_gp_model_specific","db6cb901415724b9f55892557a81f2cbcc3e7f91cf2f712ea45b7b9a2b1eb5a5",43,6,60,"pwo_snr2","pwo","ols",NA,"SA_hamming_foldover","nrmse_common",0.314259900609644
"29_pwo_gp_model_specific","db6cb901415724b9f55892557a81f2cbcc3e7f91cf2f712ea45b7b9a2b1eb5a5",43,6,60,"pwo_snr5","pwo","ols",NA,"SA_hamming_foldover","nrmse_common",0.125703960243858
"29_pwo_gp_model_specific","db6cb901415724b9f55892557a81f2cbcc3e7f91cf2f712ea45b7b9a2b1eb5a5",43,6,60,"pwo_snr2","pwo","ols",NA,"SA_l2_position_foldover","nrmse_common",0.231297326435439
"29_pwo_gp_model_specific","db6cb901415724b9f55892557a81f2cbcc3e7f91cf2f712ea45b7b9a2b1eb5a5",43,6,60,"pwo_snr5","pwo","ols",NA,"SA_l2_position_foldover","nrmse_common",0.0925189305741756
"29_pwo_gp_model_specific","db6cb901415724b9f55892557a81f2cbcc3e7f91cf2f712ea45b7b9a2b1eb5a5",43,6,60,"pwo_snr2","pwo","ols",NA,"random_foldover","nrmse_common",0.340379179076374
"29_pwo_gp_model_specific","db6cb901415724b9f55892557a81f2cbcc3e7f91cf2f712ea45b7b9a2b1eb5a5",43,6,60,"pwo_snr5","pwo","ols",NA,"random_foldover","nrmse_common",0.136151671630549
"29_pwo_gp_model_specific","db6cb901415724b9f55892557a81f2cbcc3e7f91cf2f712ea45b7b9a2b1eb5a5",44,6,48,"pwo_snr2","pwo","ols",NA,"FSA_lambda050","nrmse_common",0.308197503929515
"29_pwo_gp_model_specific","db6cb901415724b9f55892557a81f2cbcc3e7f91cf2f712ea45b7b9a2b1eb5a5",44,6,48,"pwo_snr5","pwo","ols",NA,"FSA_lambda050","nrmse_common",0.123279001571806
"29_pwo_gp_model_specific","db6cb901415724b9f55892557a81f2cbcc3e7f91cf2f712ea45b7b9a2b1eb5a5",44,6,48,"pwo_snr2","pwo","ols",NA,"SA_hamming_foldover","nrmse_common",0.462096116558864
"29_pwo_gp_model_specific","db6cb901415724b9f55892557a81f2cbcc3e7f91cf2f712ea45b7b9a2b1eb5a5",44,6,48,"pwo_snr5","pwo","ols",NA,"SA_hamming_foldover","nrmse_common",0.184838446623546
"29_pwo_gp_model_specific","db6cb901415724b9f55892557a81f2cbcc3e7f91cf2f712ea45b7b9a2b1eb5a5",44,6,48,"pwo_snr2","pwo","ols",NA,"SA_l2_position_foldover","nrmse_common",0.402331554358109
"29_pwo_gp_model_specific","db6cb901415724b9f55892557a81f2cbcc3e7f91cf2f712ea45b7b9a2b1eb5a5",44,6,48,"pwo_snr5","pwo","ols",NA,"SA_l2_position_foldover","nrmse_common",0.160932621743244
"29_pwo_gp_model_specific","db6cb901415724b9f55892557a81f2cbcc3e7f91cf2f712ea45b7b9a2b1eb5a5",44,6,48,"pwo_snr2","pwo","ols",NA,"random_foldover","nrmse_common",0.349937547015826
"29_pwo_gp_model_specific","db6cb901415724b9f55892557a81f2cbcc3e7f91cf2f712ea45b7b9a2b1eb5a5",44,6,48,"pwo_snr5","pwo","ols",NA,"random_foldover","nrmse_common",0.13997501880633
"29_pwo_gp_model_specific","db6cb901415724b9f55892557a81f2cbcc3e7f91cf2f712ea45b7b9a2b1eb5a5",44,6,60,"pwo_snr2","pwo","ols",NA,"FSA_lambda050","nrmse_common",0.256964768999806
"29_pwo_gp_model_specific","db6cb901415724b9f55892557a81f2cbcc3e7f91cf2f712ea45b7b9a2b1eb5a5",44,6,60,"pwo_snr5","pwo","ols",NA,"FSA_lambda050","nrmse_common",0.102785907599922
"29_pwo_gp_model_specific","db6cb901415724b9f55892557a81f2cbcc3e7f91cf2f712ea45b7b9a2b1eb5a5",44,6,60,"pwo_snr2","pwo","ols",NA,"SA_hamming_foldover","nrmse_common",0.352766367475542
"29_pwo_gp_model_specific","db6cb901415724b9f55892557a81f2cbcc3e7f91cf2f712ea45b7b9a2b1eb5a5",44,6,60,"pwo_snr5","pwo","ols",NA,"SA_hamming_foldover","nrmse_common",0.141106546990217
"29_pwo_gp_model_specific","db6cb901415724b9f55892557a81f2cbcc3e7f91cf2f712ea45b7b9a2b1eb5a5",44,6,60,"pwo_snr2","pwo","ols",NA,"SA_l2_position_foldover","nrmse_common",0.238392233469478
"29_pwo_gp_model_specific","db6cb901415724b9f55892557a81f2cbcc3e7f91cf2f712ea45b7b9a2b1eb5a5",44,6,60,"pwo_snr5","pwo","ols",NA,"SA_l2_position_foldover","nrmse_common",0.095356893387791
"29_pwo_gp_model_specific","db6cb901415724b9f55892557a81f2cbcc3e7f91cf2f712ea45b7b9a2b1eb5a5",44,6,60,"pwo_snr2","pwo","ols",NA,"random_foldover","nrmse_common",0.429837074491646
"29_pwo_gp_model_specific","db6cb901415724b9f55892557a81f2cbcc3e7f91cf2f712ea45b7b9a2b1eb5a5",44,6,60,"pwo_snr5","pwo","ols",NA,"random_foldover","nrmse_common",0.171934829796658
"29_pwo_gp_model_specific","db6cb901415724b9f55892557a81f2cbcc3e7f91cf2f712ea45b7b9a2b1eb5a5",45,6,48,"pwo_snr2","pwo","ols",NA,"FSA_lambda050","nrmse_common",0.284462962144292
"29_pwo_gp_model_specific","db6cb901415724b9f55892557a81f2cbcc3e7f91cf2f712ea45b7b9a2b1eb5a5",45,6,48,"pwo_snr5","pwo","ols",NA,"FSA_lambda050","nrmse_common",0.113785184857717
"29_pwo_gp_model_specific","db6cb901415724b9f55892557a81f2cbcc3e7f91cf2f712ea45b7b9a2b1eb5a5",45,6,48,"pwo_snr2","pwo","ols",NA,"SA_hamming_foldover","nrmse_common",0.431224925601359
"29_pwo_gp_model_specific","db6cb901415724b9f55892557a81f2cbcc3e7f91cf2f712ea45b7b9a2b1eb5a5",45,6,48,"pwo_snr5","pwo","ols",NA,"SA_hamming_foldover","nrmse_common",0.172489970240543
"29_pwo_gp_model_specific","db6cb901415724b9f55892557a81f2cbcc3e7f91cf2f712ea45b7b9a2b1eb5a5",45,6,48,"pwo_snr2","pwo","ols",NA,"SA_l2_position_foldover","nrmse_common",0.402734037845017
"29_pwo_gp_model_specific","db6cb901415724b9f55892557a81f2cbcc3e7f91cf2f712ea45b7b9a2b1eb5a5",45,6,48,"pwo_snr5","pwo","ols",NA,"SA_l2_position_foldover","nrmse_common",0.161093615138006
"29_pwo_gp_model_specific","db6cb901415724b9f55892557a81f2cbcc3e7f91cf2f712ea45b7b9a2b1eb5a5",45,6,48,"pwo_snr2","pwo","ols",NA,"random_foldover","nrmse_common",0.406161677120395
"29_pwo_gp_model_specific","db6cb901415724b9f55892557a81f2cbcc3e7f91cf2f712ea45b7b9a2b1eb5a5",45,6,48,"pwo_snr5","pwo","ols",NA,"random_foldover","nrmse_common",0.162464670848158
"29_pwo_gp_model_specific","db6cb901415724b9f55892557a81f2cbcc3e7f91cf2f712ea45b7b9a2b1eb5a5",45,6,60,"pwo_snr2","pwo","ols",NA,"FSA_lambda050","nrmse_common",0.293994317730664
"29_pwo_gp_model_specific","db6cb901415724b9f55892557a81f2cbcc3e7f91cf2f712ea45b7b9a2b1eb5a5",45,6,60,"pwo_snr5","pwo","ols",NA,"FSA_lambda050","nrmse_common",0.117597727092266
"29_pwo_gp_model_specific","db6cb901415724b9f55892557a81f2cbcc3e7f91cf2f712ea45b7b9a2b1eb5a5",45,6,60,"pwo_snr2","pwo","ols",NA,"SA_hamming_foldover","nrmse_common",0.285074524845864
"29_pwo_gp_model_specific","db6cb901415724b9f55892557a81f2cbcc3e7f91cf2f712ea45b7b9a2b1eb5a5",45,6,60,"pwo_snr5","pwo","ols",NA,"SA_hamming_foldover","nrmse_common",0.114029809938345
"29_pwo_gp_model_specific","db6cb901415724b9f55892557a81f2cbcc3e7f91cf2f712ea45b7b9a2b1eb5a5",45,6,60,"pwo_snr2","pwo","ols",NA,"SA_l2_position_foldover","nrmse_common",0.244779732974655
"29_pwo_gp_model_specific","db6cb901415724b9f55892557a81f2cbcc3e7f91cf2f712ea45b7b9a2b1eb5a5",45,6,60,"pwo_snr5","pwo","ols",NA,"SA_l2_position_foldover","nrmse_common",0.097911893189862
"29_pwo_gp_model_specific","db6cb901415724b9f55892557a81f2cbcc3e7f91cf2f712ea45b7b9a2b1eb5a5",45,6,60,"pwo_snr2","pwo","ols",NA,"random_foldover","nrmse_common",0.349589948444578
"29_pwo_gp_model_specific","db6cb901415724b9f55892557a81f2cbcc3e7f91cf2f712ea45b7b9a2b1eb5a5",45,6,60,"pwo_snr5","pwo","ols",NA,"random_foldover","nrmse_common",0.139835979377831
"29_pwo_gp_model_specific","db6cb901415724b9f55892557a81f2cbcc3e7f91cf2f712ea45b7b9a2b1eb5a5",46,6,48,"pwo_snr2","pwo","ols",NA,"FSA_lambda050","nrmse_common",0.282761105795576
"29_pwo_gp_model_specific","db6cb901415724b9f55892557a81f2cbcc3e7f91cf2f712ea45b7b9a2b1eb5a5",46,6,48,"pwo_snr5","pwo","ols",NA,"FSA_lambda050","nrmse_common",0.11310444231823
"29_pwo_gp_model_specific","db6cb901415724b9f55892557a81f2cbcc3e7f91cf2f712ea45b7b9a2b1eb5a5",46,6,48,"pwo_snr2","pwo","ols",NA,"SA_hamming_foldover","nrmse_common",0.754829342757408
"29_pwo_gp_model_specific","db6cb901415724b9f55892557a81f2cbcc3e7f91cf2f712ea45b7b9a2b1eb5a5",46,6,48,"pwo_snr5","pwo","ols",NA,"SA_hamming_foldover","nrmse_common",0.301931737102963
"29_pwo_gp_model_specific","db6cb901415724b9f55892557a81f2cbcc3e7f91cf2f712ea45b7b9a2b1eb5a5",46,6,48,"pwo_snr2","pwo","ols",NA,"SA_l2_position_foldover","nrmse_common",0.52886569660528
"29_pwo_gp_model_specific","db6cb901415724b9f55892557a81f2cbcc3e7f91cf2f712ea45b7b9a2b1eb5a5",46,6,48,"pwo_snr5","pwo","ols",NA,"SA_l2_position_foldover","nrmse_common",0.211546278642112
"29_pwo_gp_model_specific","db6cb901415724b9f55892557a81f2cbcc3e7f91cf2f712ea45b7b9a2b1eb5a5",46,6,48,"pwo_snr2","pwo","ols",NA,"random_foldover","nrmse_common",0.436592061882777
"29_pwo_gp_model_specific","db6cb901415724b9f55892557a81f2cbcc3e7f91cf2f712ea45b7b9a2b1eb5a5",46,6,48,"pwo_snr5","pwo","ols",NA,"random_foldover","nrmse_common",0.174636824753111
"29_pwo_gp_model_specific","db6cb901415724b9f55892557a81f2cbcc3e7f91cf2f712ea45b7b9a2b1eb5a5",46,6,60,"pwo_snr2","pwo","ols",NA,"FSA_lambda050","nrmse_common",0.376813719171169
"29_pwo_gp_model_specific","db6cb901415724b9f55892557a81f2cbcc3e7f91cf2f712ea45b7b9a2b1eb5a5",46,6,60,"pwo_snr5","pwo","ols",NA,"FSA_lambda050","nrmse_common",0.150725487668467
"29_pwo_gp_model_specific","db6cb901415724b9f55892557a81f2cbcc3e7f91cf2f712ea45b7b9a2b1eb5a5",46,6,60,"pwo_snr2","pwo","ols",NA,"SA_hamming_foldover","nrmse_common",0.249954619249093
"29_pwo_gp_model_specific","db6cb901415724b9f55892557a81f2cbcc3e7f91cf2f712ea45b7b9a2b1eb5a5",46,6,60,"pwo_snr5","pwo","ols",NA,"SA_hamming_foldover","nrmse_common",0.0999818476996372
"29_pwo_gp_model_specific","db6cb901415724b9f55892557a81f2cbcc3e7f91cf2f712ea45b7b9a2b1eb5a5",46,6,60,"pwo_snr2","pwo","ols",NA,"SA_l2_position_foldover","nrmse_common",0.386187431967175
"29_pwo_gp_model_specific","db6cb901415724b9f55892557a81f2cbcc3e7f91cf2f712ea45b7b9a2b1eb5a5",46,6,60,"pwo_snr5","pwo","ols",NA,"SA_l2_position_foldover","nrmse_common",0.15447497278687
"29_pwo_gp_model_specific","db6cb901415724b9f55892557a81f2cbcc3e7f91cf2f712ea45b7b9a2b1eb5a5",46,6,60,"pwo_snr2","pwo","ols",NA,"random_foldover","nrmse_common",0.301875004476777
"29_pwo_gp_model_specific","db6cb901415724b9f55892557a81f2cbcc3e7f91cf2f712ea45b7b9a2b1eb5a5",46,6,60,"pwo_snr5","pwo","ols",NA,"random_foldover","nrmse_common",0.120750001790711
"29_pwo_gp_model_specific","db6cb901415724b9f55892557a81f2cbcc3e7f91cf2f712ea45b7b9a2b1eb5a5",47,6,48,"pwo_snr2","pwo","ols",NA,"FSA_lambda050","nrmse_common",0.405134577041978
"29_pwo_gp_model_specific","db6cb901415724b9f55892557a81f2cbcc3e7f91cf2f712ea45b7b9a2b1eb5a5",47,6,48,"pwo_snr5","pwo","ols",NA,"FSA_lambda050","nrmse_common",0.162053830816791
"29_pwo_gp_model_specific","db6cb901415724b9f55892557a81f2cbcc3e7f91cf2f712ea45b7b9a2b1eb5a5",47,6,48,"pwo_snr2","pwo","ols",NA,"SA_hamming_foldover","nrmse_common",0.498888342985258
"29_pwo_gp_model_specific","db6cb901415724b9f55892557a81f2cbcc3e7f91cf2f712ea45b7b9a2b1eb5a5",47,6,48,"pwo_snr5","pwo","ols",NA,"SA_hamming_foldover","nrmse_common",0.199555337194103
"29_pwo_gp_model_specific","db6cb901415724b9f55892557a81f2cbcc3e7f91cf2f712ea45b7b9a2b1eb5a5",47,6,48,"pwo_snr2","pwo","ols",NA,"SA_l2_position_foldover","nrmse_common",0.473654815368631
"29_pwo_gp_model_specific","db6cb901415724b9f55892557a81f2cbcc3e7f91cf2f712ea45b7b9a2b1eb5a5",47,6,48,"pwo_snr5","pwo","ols",NA,"SA_l2_position_foldover","nrmse_common",0.189461926147453
"29_pwo_gp_model_specific","db6cb901415724b9f55892557a81f2cbcc3e7f91cf2f712ea45b7b9a2b1eb5a5",47,6,48,"pwo_snr2","pwo","ols",NA,"random_foldover","nrmse_common",0.661759992362245
"29_pwo_gp_model_specific","db6cb901415724b9f55892557a81f2cbcc3e7f91cf2f712ea45b7b9a2b1eb5a5",47,6,48,"pwo_snr5","pwo","ols",NA,"random_foldover","nrmse_common",0.264703996944898
"29_pwo_gp_model_specific","db6cb901415724b9f55892557a81f2cbcc3e7f91cf2f712ea45b7b9a2b1eb5a5",47,6,60,"pwo_snr2","pwo","ols",NA,"FSA_lambda050","nrmse_common",0.25214396974511
"29_pwo_gp_model_specific","db6cb901415724b9f55892557a81f2cbcc3e7f91cf2f712ea45b7b9a2b1eb5a5",47,6,60,"pwo_snr5","pwo","ols",NA,"FSA_lambda050","nrmse_common",0.100857587898044
"29_pwo_gp_model_specific","db6cb901415724b9f55892557a81f2cbcc3e7f91cf2f712ea45b7b9a2b1eb5a5",47,6,60,"pwo_snr2","pwo","ols",NA,"SA_hamming_foldover","nrmse_common",0.29417962404883
"29_pwo_gp_model_specific","db6cb901415724b9f55892557a81f2cbcc3e7f91cf2f712ea45b7b9a2b1eb5a5",47,6,60,"pwo_snr5","pwo","ols",NA,"SA_hamming_foldover","nrmse_common",0.117671849619532
"29_pwo_gp_model_specific","db6cb901415724b9f55892557a81f2cbcc3e7f91cf2f712ea45b7b9a2b1eb5a5",47,6,60,"pwo_snr2","pwo","ols",NA,"SA_l2_position_foldover","nrmse_common",0.247754707182953
"29_pwo_gp_model_specific","db6cb901415724b9f55892557a81f2cbcc3e7f91cf2f712ea45b7b9a2b1eb5a5",47,6,60,"pwo_snr5","pwo","ols",NA,"SA_l2_position_foldover","nrmse_common",0.0991018828731811
"29_pwo_gp_model_specific","db6cb901415724b9f55892557a81f2cbcc3e7f91cf2f712ea45b7b9a2b1eb5a5",47,6,60,"pwo_snr2","pwo","ols",NA,"random_foldover","nrmse_common",0.287677324557047
"29_pwo_gp_model_specific","db6cb901415724b9f55892557a81f2cbcc3e7f91cf2f712ea45b7b9a2b1eb5a5",47,6,60,"pwo_snr5","pwo","ols",NA,"random_foldover","nrmse_common",0.115070929822819
"29_pwo_gp_model_specific","db6cb901415724b9f55892557a81f2cbcc3e7f91cf2f712ea45b7b9a2b1eb5a5",48,6,48,"pwo_snr2","pwo","ols",NA,"FSA_lambda050","nrmse_common",0.290851325297251
"29_pwo_gp_model_specific","db6cb901415724b9f55892557a81f2cbcc3e7f91cf2f712ea45b7b9a2b1eb5a5",48,6,48,"pwo_snr5","pwo","ols",NA,"FSA_lambda050","nrmse_common",0.1163405301189
"29_pwo_gp_model_specific","db6cb901415724b9f55892557a81f2cbcc3e7f91cf2f712ea45b7b9a2b1eb5a5",48,6,48,"pwo_snr2","pwo","ols",NA,"SA_hamming_foldover","nrmse_common",0.484905499241759
"29_pwo_gp_model_specific","db6cb901415724b9f55892557a81f2cbcc3e7f91cf2f712ea45b7b9a2b1eb5a5",48,6,48,"pwo_snr5","pwo","ols",NA,"SA_hamming_foldover","nrmse_common",0.193962199696703
"29_pwo_gp_model_specific","db6cb901415724b9f55892557a81f2cbcc3e7f91cf2f712ea45b7b9a2b1eb5a5",48,6,48,"pwo_snr2","pwo","ols",NA,"SA_l2_position_foldover","nrmse_common",0.418519591667855
"29_pwo_gp_model_specific","db6cb901415724b9f55892557a81f2cbcc3e7f91cf2f712ea45b7b9a2b1eb5a5",48,6,48,"pwo_snr5","pwo","ols",NA,"SA_l2_position_foldover","nrmse_common",0.167407836667142
"29_pwo_gp_model_specific","db6cb901415724b9f55892557a81f2cbcc3e7f91cf2f712ea45b7b9a2b1eb5a5",48,6,48,"pwo_snr2","pwo","ols",NA,"random_foldover","nrmse_common",0.333770134097081
"29_pwo_gp_model_specific","db6cb901415724b9f55892557a81f2cbcc3e7f91cf2f712ea45b7b9a2b1eb5a5",48,6,48,"pwo_snr5","pwo","ols",NA,"random_foldover","nrmse_common",0.133508053638832
"29_pwo_gp_model_specific","db6cb901415724b9f55892557a81f2cbcc3e7f91cf2f712ea45b7b9a2b1eb5a5",48,6,60,"pwo_snr2","pwo","ols",NA,"FSA_lambda050","nrmse_common",0.251389578588384
"29_pwo_gp_model_specific","db6cb901415724b9f55892557a81f2cbcc3e7f91cf2f712ea45b7b9a2b1eb5a5",48,6,60,"pwo_snr5","pwo","ols",NA,"FSA_lambda050","nrmse_common",0.100555831435354
"29_pwo_gp_model_specific","db6cb901415724b9f55892557a81f2cbcc3e7f91cf2f712ea45b7b9a2b1eb5a5",48,6,60,"pwo_snr2","pwo","ols",NA,"SA_hamming_foldover","nrmse_common",0.308372230748495
"29_pwo_gp_model_specific","db6cb901415724b9f55892557a81f2cbcc3e7f91cf2f712ea45b7b9a2b1eb5a5",48,6,60,"pwo_snr5","pwo","ols",NA,"SA_hamming_foldover","nrmse_common",0.123348892299398
"29_pwo_gp_model_specific","db6cb901415724b9f55892557a81f2cbcc3e7f91cf2f712ea45b7b9a2b1eb5a5",48,6,60,"pwo_snr2","pwo","ols",NA,"SA_l2_position_foldover","nrmse_common",0.239444423140724
"29_pwo_gp_model_specific","db6cb901415724b9f55892557a81f2cbcc3e7f91cf2f712ea45b7b9a2b1eb5a5",48,6,60,"pwo_snr5","pwo","ols",NA,"SA_l2_position_foldover","nrmse_common",0.0957777692562894
"29_pwo_gp_model_specific","db6cb901415724b9f55892557a81f2cbcc3e7f91cf2f712ea45b7b9a2b1eb5a5",48,6,60,"pwo_snr2","pwo","ols",NA,"random_foldover","nrmse_common",0.346456680494748
"29_pwo_gp_model_specific","db6cb901415724b9f55892557a81f2cbcc3e7f91cf2f712ea45b7b9a2b1eb5a5",48,6,60,"pwo_snr5","pwo","ols",NA,"random_foldover","nrmse_common",0.138582672197899
"29_pwo_gp_model_specific","db6cb901415724b9f55892557a81f2cbcc3e7f91cf2f712ea45b7b9a2b1eb5a5",49,6,48,"pwo_snr2","pwo","ols",NA,"FSA_lambda050","nrmse_common",0.272788938287947
"29_pwo_gp_model_specific","db6cb901415724b9f55892557a81f2cbcc3e7f91cf2f712ea45b7b9a2b1eb5a5",49,6,48,"pwo_snr5","pwo","ols",NA,"FSA_lambda050","nrmse_common",0.109115575315179
"29_pwo_gp_model_specific","db6cb901415724b9f55892557a81f2cbcc3e7f91cf2f712ea45b7b9a2b1eb5a5",49,6,48,"pwo_snr2","pwo","ols",NA,"SA_hamming_foldover","nrmse_common",0.320193770092492
"29_pwo_gp_model_specific","db6cb901415724b9f55892557a81f2cbcc3e7f91cf2f712ea45b7b9a2b1eb5a5",49,6,48,"pwo_snr5","pwo","ols",NA,"SA_hamming_foldover","nrmse_common",0.128077508036997
"29_pwo_gp_model_specific","db6cb901415724b9f55892557a81f2cbcc3e7f91cf2f712ea45b7b9a2b1eb5a5",49,6,48,"pwo_snr2","pwo","ols",NA,"SA_l2_position_foldover","nrmse_common",0.409355807074775
"29_pwo_gp_model_specific","db6cb901415724b9f55892557a81f2cbcc3e7f91cf2f712ea45b7b9a2b1eb5a5",49,6,48,"pwo_snr5","pwo","ols",NA,"SA_l2_position_foldover","nrmse_common",0.16374232282991
"29_pwo_gp_model_specific","db6cb901415724b9f55892557a81f2cbcc3e7f91cf2f712ea45b7b9a2b1eb5a5",49,6,48,"pwo_snr2","pwo","ols",NA,"random_foldover","nrmse_common",0.530409546912724
"29_pwo_gp_model_specific","db6cb901415724b9f55892557a81f2cbcc3e7f91cf2f712ea45b7b9a2b1eb5a5",49,6,48,"pwo_snr5","pwo","ols",NA,"random_foldover","nrmse_common",0.21216381876509
"29_pwo_gp_model_specific","db6cb901415724b9f55892557a81f2cbcc3e7f91cf2f712ea45b7b9a2b1eb5a5",49,6,60,"pwo_snr2","pwo","ols",NA,"FSA_lambda050","nrmse_common",0.300922692967356
"29_pwo_gp_model_specific","db6cb901415724b9f55892557a81f2cbcc3e7f91cf2f712ea45b7b9a2b1eb5a5",49,6,60,"pwo_snr5","pwo","ols",NA,"FSA_lambda050","nrmse_common",0.120369077186942
"29_pwo_gp_model_specific","db6cb901415724b9f55892557a81f2cbcc3e7f91cf2f712ea45b7b9a2b1eb5a5",49,6,60,"pwo_snr2","pwo","ols",NA,"SA_hamming_foldover","nrmse_common",0.307509458529777
"29_pwo_gp_model_specific","db6cb901415724b9f55892557a81f2cbcc3e7f91cf2f712ea45b7b9a2b1eb5a5",49,6,60,"pwo_snr5","pwo","ols",NA,"SA_hamming_foldover","nrmse_common",0.123003783411911
"29_pwo_gp_model_specific","db6cb901415724b9f55892557a81f2cbcc3e7f91cf2f712ea45b7b9a2b1eb5a5",49,6,60,"pwo_snr2","pwo","ols",NA,"SA_l2_position_foldover","nrmse_common",0.299281359088869
"29_pwo_gp_model_specific","db6cb901415724b9f55892557a81f2cbcc3e7f91cf2f712ea45b7b9a2b1eb5a5",49,6,60,"pwo_snr5","pwo","ols",NA,"SA_l2_position_foldover","nrmse_common",0.119712543635548
"29_pwo_gp_model_specific","db6cb901415724b9f55892557a81f2cbcc3e7f91cf2f712ea45b7b9a2b1eb5a5",49,6,60,"pwo_snr2","pwo","ols",NA,"random_foldover","nrmse_common",0.258038709859821
"29_pwo_gp_model_specific","db6cb901415724b9f55892557a81f2cbcc3e7f91cf2f712ea45b7b9a2b1eb5a5",49,6,60,"pwo_snr5","pwo","ols",NA,"random_foldover","nrmse_common",0.103215483943928
"29_pwo_gp_model_specific","db6cb901415724b9f55892557a81f2cbcc3e7f91cf2f712ea45b7b9a2b1eb5a5",50,6,48,"pwo_snr2","pwo","ols",NA,"FSA_lambda050","nrmse_common",0.256515792755455
"29_pwo_gp_model_specific","db6cb901415724b9f55892557a81f2cbcc3e7f91cf2f712ea45b7b9a2b1eb5a5",50,6,48,"pwo_snr5","pwo","ols",NA,"FSA_lambda050","nrmse_common",0.102606317102182
"29_pwo_gp_model_specific","db6cb901415724b9f55892557a81f2cbcc3e7f91cf2f712ea45b7b9a2b1eb5a5",50,6,48,"pwo_snr2","pwo","ols",NA,"SA_hamming_foldover","nrmse_common",0.276717028142699
"29_pwo_gp_model_specific","db6cb901415724b9f55892557a81f2cbcc3e7f91cf2f712ea45b7b9a2b1eb5a5",50,6,48,"pwo_snr5","pwo","ols",NA,"SA_hamming_foldover","nrmse_common",0.11068681125708
"29_pwo_gp_model_specific","db6cb901415724b9f55892557a81f2cbcc3e7f91cf2f712ea45b7b9a2b1eb5a5",50,6,48,"pwo_snr2","pwo","ols",NA,"SA_l2_position_foldover","nrmse_common",0.811488872543569
"29_pwo_gp_model_specific","db6cb901415724b9f55892557a81f2cbcc3e7f91cf2f712ea45b7b9a2b1eb5a5",50,6,48,"pwo_snr5","pwo","ols",NA,"SA_l2_position_foldover","nrmse_common",0.324595549017428
"29_pwo_gp_model_specific","db6cb901415724b9f55892557a81f2cbcc3e7f91cf2f712ea45b7b9a2b1eb5a5",50,6,48,"pwo_snr2","pwo","ols",NA,"random_foldover","nrmse_common",0.306906016760571
"29_pwo_gp_model_specific","db6cb901415724b9f55892557a81f2cbcc3e7f91cf2f712ea45b7b9a2b1eb5a5",50,6,48,"pwo_snr5","pwo","ols",NA,"random_foldover","nrmse_common",0.122762406704228
"29_pwo_gp_model_specific","db6cb901415724b9f55892557a81f2cbcc3e7f91cf2f712ea45b7b9a2b1eb5a5",50,6,60,"pwo_snr2","pwo","ols",NA,"FSA_lambda050","nrmse_common",0.305449990718009
"29_pwo_gp_model_specific","db6cb901415724b9f55892557a81f2cbcc3e7f91cf2f712ea45b7b9a2b1eb5a5",50,6,60,"pwo_snr5","pwo","ols",NA,"FSA_lambda050","nrmse_common",0.122179996287204
"29_pwo_gp_model_specific","db6cb901415724b9f55892557a81f2cbcc3e7f91cf2f712ea45b7b9a2b1eb5a5",50,6,60,"pwo_snr2","pwo","ols",NA,"SA_hamming_foldover","nrmse_common",0.395296260710037
"29_pwo_gp_model_specific","db6cb901415724b9f55892557a81f2cbcc3e7f91cf2f712ea45b7b9a2b1eb5a5",50,6,60,"pwo_snr5","pwo","ols",NA,"SA_hamming_foldover","nrmse_common",0.158118504284015
"29_pwo_gp_model_specific","db6cb901415724b9f55892557a81f2cbcc3e7f91cf2f712ea45b7b9a2b1eb5a5",50,6,60,"pwo_snr2","pwo","ols",NA,"SA_l2_position_foldover","nrmse_common",0.343390774927065
"29_pwo_gp_model_specific","db6cb901415724b9f55892557a81f2cbcc3e7f91cf2f712ea45b7b9a2b1eb5a5",50,6,60,"pwo_snr5","pwo","ols",NA,"SA_l2_position_foldover","nrmse_common",0.137356309970826
"29_pwo_gp_model_specific","db6cb901415724b9f55892557a81f2cbcc3e7f91cf2f712ea45b7b9a2b1eb5a5",50,6,60,"pwo_snr2","pwo","ols",NA,"random_foldover","nrmse_common",0.400263135755947
"29_pwo_gp_model_specific","db6cb901415724b9f55892557a81f2cbcc3e7f91cf2f712ea45b7b9a2b1eb5a5",50,6,60,"pwo_snr5","pwo","ols",NA,"random_foldover","nrmse_common",0.160105254302379
"29_pwo_gp_model_specific","db6cb901415724b9f55892557a81f2cbcc3e7f91cf2f712ea45b7b9a2b1eb5a5",1,6,48,"gp_c1","mallows_gp","estimated_c",1,"FSA_lambda050","nrmse_common",0.300669706686503
"29_pwo_gp_model_specific","db6cb901415724b9f55892557a81f2cbcc3e7f91cf2f712ea45b7b9a2b1eb5a5",1,6,48,"gp_c1","mallows_gp","estimated_c",1,"SA_hamming_foldover","nrmse_common",0.354671049458322
"29_pwo_gp_model_specific","db6cb901415724b9f55892557a81f2cbcc3e7f91cf2f712ea45b7b9a2b1eb5a5",1,6,48,"gp_c1","mallows_gp","estimated_c",1,"SA_l2_position_foldover","nrmse_common",0.357566861881592
"29_pwo_gp_model_specific","db6cb901415724b9f55892557a81f2cbcc3e7f91cf2f712ea45b7b9a2b1eb5a5",1,6,48,"gp_c1","mallows_gp","estimated_c",1,"random_foldover","nrmse_common",0.314948010346101
"29_pwo_gp_model_specific","db6cb901415724b9f55892557a81f2cbcc3e7f91cf2f712ea45b7b9a2b1eb5a5",1,6,48,"gp_c4","mallows_gp","estimated_c",4,"FSA_lambda050","nrmse_common",0.685214889322185
"29_pwo_gp_model_specific","db6cb901415724b9f55892557a81f2cbcc3e7f91cf2f712ea45b7b9a2b1eb5a5",1,6,48,"gp_c4","mallows_gp","estimated_c",4,"SA_hamming_foldover","nrmse_common",0.777408059529377
"29_pwo_gp_model_specific","db6cb901415724b9f55892557a81f2cbcc3e7f91cf2f712ea45b7b9a2b1eb5a5",1,6,48,"gp_c4","mallows_gp","estimated_c",4,"SA_l2_position_foldover","nrmse_common",0.801142788863504
"29_pwo_gp_model_specific","db6cb901415724b9f55892557a81f2cbcc3e7f91cf2f712ea45b7b9a2b1eb5a5",1,6,48,"gp_c4","mallows_gp","estimated_c",4,"random_foldover","nrmse_common",0.666468854005153
"29_pwo_gp_model_specific","db6cb901415724b9f55892557a81f2cbcc3e7f91cf2f712ea45b7b9a2b1eb5a5",1,6,60,"gp_c1","mallows_gp","estimated_c",1,"FSA_lambda050","nrmse_common",0.271760308420875
"29_pwo_gp_model_specific","db6cb901415724b9f55892557a81f2cbcc3e7f91cf2f712ea45b7b9a2b1eb5a5",1,6,60,"gp_c1","mallows_gp","estimated_c",1,"SA_hamming_foldover","nrmse_common",0.260901827273366
"29_pwo_gp_model_specific","db6cb901415724b9f55892557a81f2cbcc3e7f91cf2f712ea45b7b9a2b1eb5a5",1,6,60,"gp_c1","mallows_gp","estimated_c",1,"SA_l2_position_foldover","nrmse_common",0.306662513238653
"29_pwo_gp_model_specific","db6cb901415724b9f55892557a81f2cbcc3e7f91cf2f712ea45b7b9a2b1eb5a5",1,6,60,"gp_c1","mallows_gp","estimated_c",1,"random_foldover","nrmse_common",0.270622703551303
"29_pwo_gp_model_specific","db6cb901415724b9f55892557a81f2cbcc3e7f91cf2f712ea45b7b9a2b1eb5a5",1,6,60,"gp_c4","mallows_gp","estimated_c",4,"FSA_lambda050","nrmse_common",0.587398673822857
"29_pwo_gp_model_specific","db6cb901415724b9f55892557a81f2cbcc3e7f91cf2f712ea45b7b9a2b1eb5a5",1,6,60,"gp_c4","mallows_gp","estimated_c",4,"SA_hamming_foldover","nrmse_common",0.714437160846591
"29_pwo_gp_model_specific","db6cb901415724b9f55892557a81f2cbcc3e7f91cf2f712ea45b7b9a2b1eb5a5",1,6,60,"gp_c4","mallows_gp","estimated_c",4,"SA_l2_position_foldover","nrmse_common",0.642416757434642
"29_pwo_gp_model_specific","db6cb901415724b9f55892557a81f2cbcc3e7f91cf2f712ea45b7b9a2b1eb5a5",1,6,60,"gp_c4","mallows_gp","estimated_c",4,"random_foldover","nrmse_common",0.669618796784327
"29_pwo_gp_model_specific","db6cb901415724b9f55892557a81f2cbcc3e7f91cf2f712ea45b7b9a2b1eb5a5",2,6,48,"gp_c1","mallows_gp","estimated_c",1,"FSA_lambda050","nrmse_common",0.305542425203091
"29_pwo_gp_model_specific","db6cb901415724b9f55892557a81f2cbcc3e7f91cf2f712ea45b7b9a2b1eb5a5",2,6,48,"gp_c1","mallows_gp","estimated_c",1,"SA_hamming_foldover","nrmse_common",0.312445470177806
"29_pwo_gp_model_specific","db6cb901415724b9f55892557a81f2cbcc3e7f91cf2f712ea45b7b9a2b1eb5a5",2,6,48,"gp_c1","mallows_gp","estimated_c",1,"SA_l2_position_foldover","nrmse_common",0.35358559562451
"29_pwo_gp_model_specific","db6cb901415724b9f55892557a81f2cbcc3e7f91cf2f712ea45b7b9a2b1eb5a5",2,6,48,"gp_c1","mallows_gp","estimated_c",1,"random_foldover","nrmse_common",0.39582512945522
"29_pwo_gp_model_specific","db6cb901415724b9f55892557a81f2cbcc3e7f91cf2f712ea45b7b9a2b1eb5a5",2,6,48,"gp_c4","mallows_gp","estimated_c",4,"FSA_lambda050","nrmse_common",0.843069262463197
"29_pwo_gp_model_specific","db6cb901415724b9f55892557a81f2cbcc3e7f91cf2f712ea45b7b9a2b1eb5a5",2,6,48,"gp_c4","mallows_gp","estimated_c",4,"SA_hamming_foldover","nrmse_common",0.731672491793599
"29_pwo_gp_model_specific","db6cb901415724b9f55892557a81f2cbcc3e7f91cf2f712ea45b7b9a2b1eb5a5",2,6,48,"gp_c4","mallows_gp","estimated_c",4,"SA_l2_position_foldover","nrmse_common",0.797181550514347
"29_pwo_gp_model_specific","db6cb901415724b9f55892557a81f2cbcc3e7f91cf2f712ea45b7b9a2b1eb5a5",2,6,48,"gp_c4","mallows_gp","estimated_c",4,"random_foldover","nrmse_common",0.917606041637077
"29_pwo_gp_model_specific","db6cb901415724b9f55892557a81f2cbcc3e7f91cf2f712ea45b7b9a2b1eb5a5",2,6,60,"gp_c1","mallows_gp","estimated_c",1,"FSA_lambda050","nrmse_common",0.288784051047553
"29_pwo_gp_model_specific","db6cb901415724b9f55892557a81f2cbcc3e7f91cf2f712ea45b7b9a2b1eb5a5",2,6,60,"gp_c1","mallows_gp","estimated_c",1,"SA_hamming_foldover","nrmse_common",0.293405556355301
"29_pwo_gp_model_specific","db6cb901415724b9f55892557a81f2cbcc3e7f91cf2f712ea45b7b9a2b1eb5a5",2,6,60,"gp_c1","mallows_gp","estimated_c",1,"SA_l2_position_foldover","nrmse_common",0.312786719460959
"29_pwo_gp_model_specific","db6cb901415724b9f55892557a81f2cbcc3e7f91cf2f712ea45b7b9a2b1eb5a5",2,6,60,"gp_c1","mallows_gp","estimated_c",1,"random_foldover","nrmse_common",0.379866807697724
"29_pwo_gp_model_specific","db6cb901415724b9f55892557a81f2cbcc3e7f91cf2f712ea45b7b9a2b1eb5a5",2,6,60,"gp_c4","mallows_gp","estimated_c",4,"FSA_lambda050","nrmse_common",0.795485066250841
"29_pwo_gp_model_specific","db6cb901415724b9f55892557a81f2cbcc3e7f91cf2f712ea45b7b9a2b1eb5a5",2,6,60,"gp_c4","mallows_gp","estimated_c",4,"SA_hamming_foldover","nrmse_common",0.75529993203069
"29_pwo_gp_model_specific","db6cb901415724b9f55892557a81f2cbcc3e7f91cf2f712ea45b7b9a2b1eb5a5",2,6,60,"gp_c4","mallows_gp","estimated_c",4,"SA_l2_position_foldover","nrmse_common",0.823563488172363
"29_pwo_gp_model_specific","db6cb901415724b9f55892557a81f2cbcc3e7f91cf2f712ea45b7b9a2b1eb5a5",2,6,60,"gp_c4","mallows_gp","estimated_c",4,"random_foldover","nrmse_common",0.798023864442472
"29_pwo_gp_model_specific","db6cb901415724b9f55892557a81f2cbcc3e7f91cf2f712ea45b7b9a2b1eb5a5",3,6,48,"gp_c1","mallows_gp","estimated_c",1,"FSA_lambda050","nrmse_common",0.495737367193105
"29_pwo_gp_model_specific","db6cb901415724b9f55892557a81f2cbcc3e7f91cf2f712ea45b7b9a2b1eb5a5",3,6,48,"gp_c1","mallows_gp","estimated_c",1,"SA_hamming_foldover","nrmse_common",0.591909803544913
"29_pwo_gp_model_specific","db6cb901415724b9f55892557a81f2cbcc3e7f91cf2f712ea45b7b9a2b1eb5a5",3,6,48,"gp_c1","mallows_gp","estimated_c",1,"SA_l2_position_foldover","nrmse_common",0.634343545658148
"29_pwo_gp_model_specific","db6cb901415724b9f55892557a81f2cbcc3e7f91cf2f712ea45b7b9a2b1eb5a5",3,6,48,"gp_c1","mallows_gp","estimated_c",1,"random_foldover","nrmse_common",0.561866208332623
"29_pwo_gp_model_specific","db6cb901415724b9f55892557a81f2cbcc3e7f91cf2f712ea45b7b9a2b1eb5a5",3,6,48,"gp_c4","mallows_gp","estimated_c",4,"FSA_lambda050","nrmse_common",0.629526387466807
"29_pwo_gp_model_specific","db6cb901415724b9f55892557a81f2cbcc3e7f91cf2f712ea45b7b9a2b1eb5a5",3,6,48,"gp_c4","mallows_gp","estimated_c",4,"SA_hamming_foldover","nrmse_common",0.747770615619519
"29_pwo_gp_model_specific","db6cb901415724b9f55892557a81f2cbcc3e7f91cf2f712ea45b7b9a2b1eb5a5",3,6,48,"gp_c4","mallows_gp","estimated_c",4,"SA_l2_position_foldover","nrmse_common",0.675711003236381
"29_pwo_gp_model_specific","db6cb901415724b9f55892557a81f2cbcc3e7f91cf2f712ea45b7b9a2b1eb5a5",3,6,48,"gp_c4","mallows_gp","estimated_c",4,"random_foldover","nrmse_common",0.708279485623686
"29_pwo_gp_model_specific","db6cb901415724b9f55892557a81f2cbcc3e7f91cf2f712ea45b7b9a2b1eb5a5",3,6,60,"gp_c1","mallows_gp","estimated_c",1,"FSA_lambda050","nrmse_common",0.393798258124507
"29_pwo_gp_model_specific","db6cb901415724b9f55892557a81f2cbcc3e7f91cf2f712ea45b7b9a2b1eb5a5",3,6,60,"gp_c1","mallows_gp","estimated_c",1,"SA_hamming_foldover","nrmse_common",0.532983820975952
"29_pwo_gp_model_specific","db6cb901415724b9f55892557a81f2cbcc3e7f91cf2f712ea45b7b9a2b1eb5a5",3,6,60,"gp_c1","mallows_gp","estimated_c",1,"SA_l2_position_foldover","nrmse_common",0.491970758490231
"29_pwo_gp_model_specific","db6cb901415724b9f55892557a81f2cbcc3e7f91cf2f712ea45b7b9a2b1eb5a5",3,6,60,"gp_c1","mallows_gp","estimated_c",1,"random_foldover","nrmse_common",0.509255141659671
"29_pwo_gp_model_specific","db6cb901415724b9f55892557a81f2cbcc3e7f91cf2f712ea45b7b9a2b1eb5a5",3,6,60,"gp_c4","mallows_gp","estimated_c",4,"FSA_lambda050","nrmse_common",0.603192234652525
"29_pwo_gp_model_specific","db6cb901415724b9f55892557a81f2cbcc3e7f91cf2f712ea45b7b9a2b1eb5a5",3,6,60,"gp_c4","mallows_gp","estimated_c",4,"SA_hamming_foldover","nrmse_common",0.670990756678001
"29_pwo_gp_model_specific","db6cb901415724b9f55892557a81f2cbcc3e7f91cf2f712ea45b7b9a2b1eb5a5",3,6,60,"gp_c4","mallows_gp","estimated_c",4,"SA_l2_position_foldover","nrmse_common",0.640662481706669
"29_pwo_gp_model_specific","db6cb901415724b9f55892557a81f2cbcc3e7f91cf2f712ea45b7b9a2b1eb5a5",3,6,60,"gp_c4","mallows_gp","estimated_c",4,"random_foldover","nrmse_common",0.582907063328185
"29_pwo_gp_model_specific","db6cb901415724b9f55892557a81f2cbcc3e7f91cf2f712ea45b7b9a2b1eb5a5",4,6,48,"gp_c1","mallows_gp","estimated_c",1,"FSA_lambda050","nrmse_common",0.325336016043362
"29_pwo_gp_model_specific","db6cb901415724b9f55892557a81f2cbcc3e7f91cf2f712ea45b7b9a2b1eb5a5",4,6,48,"gp_c1","mallows_gp","estimated_c",1,"SA_hamming_foldover","nrmse_common",0.405888368789129
"29_pwo_gp_model_specific","db6cb901415724b9f55892557a81f2cbcc3e7f91cf2f712ea45b7b9a2b1eb5a5",4,6,48,"gp_c1","mallows_gp","estimated_c",1,"SA_l2_position_foldover","nrmse_common",0.381249685088875
"29_pwo_gp_model_specific","db6cb901415724b9f55892557a81f2cbcc3e7f91cf2f712ea45b7b9a2b1eb5a5",4,6,48,"gp_c1","mallows_gp","estimated_c",1,"random_foldover","nrmse_common",0.344313809868397
"29_pwo_gp_model_specific","db6cb901415724b9f55892557a81f2cbcc3e7f91cf2f712ea45b7b9a2b1eb5a5",4,6,48,"gp_c4","mallows_gp","estimated_c",4,"FSA_lambda050","nrmse_common",0.563799858464946
"29_pwo_gp_model_specific","db6cb901415724b9f55892557a81f2cbcc3e7f91cf2f712ea45b7b9a2b1eb5a5",4,6,48,"gp_c4","mallows_gp","estimated_c",4,"SA_hamming_foldover","nrmse_common",0.647828579803982
"29_pwo_gp_model_specific","db6cb901415724b9f55892557a81f2cbcc3e7f91cf2f712ea45b7b9a2b1eb5a5",4,6,48,"gp_c4","mallows_gp","estimated_c",4,"SA_l2_position_foldover","nrmse_common",0.644527701328719
"29_pwo_gp_model_specific","db6cb901415724b9f55892557a81f2cbcc3e7f91cf2f712ea45b7b9a2b1eb5a5",4,6,48,"gp_c4","mallows_gp","estimated_c",4,"random_foldover","nrmse_common",0.63917594087885
"29_pwo_gp_model_specific","db6cb901415724b9f55892557a81f2cbcc3e7f91cf2f712ea45b7b9a2b1eb5a5",4,6,60,"gp_c1","mallows_gp","estimated_c",1,"FSA_lambda050","nrmse_common",0.384753253977197
"29_pwo_gp_model_specific","db6cb901415724b9f55892557a81f2cbcc3e7f91cf2f712ea45b7b9a2b1eb5a5",4,6,60,"gp_c1","mallows_gp","estimated_c",1,"SA_hamming_foldover","nrmse_common",0.381818219301372
"29_pwo_gp_model_specific","db6cb901415724b9f55892557a81f2cbcc3e7f91cf2f712ea45b7b9a2b1eb5a5",4,6,60,"gp_c1","mallows_gp","estimated_c",1,"SA_l2_position_foldover","nrmse_common",0.304389793500663
"29_pwo_gp_model_specific","db6cb901415724b9f55892557a81f2cbcc3e7f91cf2f712ea45b7b9a2b1eb5a5",4,6,60,"gp_c1","mallows_gp","estimated_c",1,"random_foldover","nrmse_common",0.386024011580912
"29_pwo_gp_model_specific","db6cb901415724b9f55892557a81f2cbcc3e7f91cf2f712ea45b7b9a2b1eb5a5",4,6,60,"gp_c4","mallows_gp","estimated_c",4,"FSA_lambda050","nrmse_common",0.489122585841539
"29_pwo_gp_model_specific","db6cb901415724b9f55892557a81f2cbcc3e7f91cf2f712ea45b7b9a2b1eb5a5",4,6,60,"gp_c4","mallows_gp","estimated_c",4,"SA_hamming_foldover","nrmse_common",0.525884280270204
"29_pwo_gp_model_specific","db6cb901415724b9f55892557a81f2cbcc3e7f91cf2f712ea45b7b9a2b1eb5a5",4,6,60,"gp_c4","mallows_gp","estimated_c",4,"SA_l2_position_foldover","nrmse_common",0.577924420053952
"29_pwo_gp_model_specific","db6cb901415724b9f55892557a81f2cbcc3e7f91cf2f712ea45b7b9a2b1eb5a5",4,6,60,"gp_c4","mallows_gp","estimated_c",4,"random_foldover","nrmse_common",0.522439015405462
"29_pwo_gp_model_specific","db6cb901415724b9f55892557a81f2cbcc3e7f91cf2f712ea45b7b9a2b1eb5a5",5,6,48,"gp_c1","mallows_gp","estimated_c",1,"FSA_lambda050","nrmse_common",0.377795156301872
"29_pwo_gp_model_specific","db6cb901415724b9f55892557a81f2cbcc3e7f91cf2f712ea45b7b9a2b1eb5a5",5,6,48,"gp_c1","mallows_gp","estimated_c",1,"SA_hamming_foldover","nrmse_common",0.309267784204699
"29_pwo_gp_model_specific","db6cb901415724b9f55892557a81f2cbcc3e7f91cf2f712ea45b7b9a2b1eb5a5",5,6,48,"gp_c1","mallows_gp","estimated_c",1,"SA_l2_position_foldover","nrmse_common",0.355612368120814
"29_pwo_gp_model_specific","db6cb901415724b9f55892557a81f2cbcc3e7f91cf2f712ea45b7b9a2b1eb5a5",5,6,48,"gp_c1","mallows_gp","estimated_c",1,"random_foldover","nrmse_common",0.400027163850514
"29_pwo_gp_model_specific","db6cb901415724b9f55892557a81f2cbcc3e7f91cf2f712ea45b7b9a2b1eb5a5",5,6,48,"gp_c4","mallows_gp","estimated_c",4,"FSA_lambda050","nrmse_common",0.732451935720267
"29_pwo_gp_model_specific","db6cb901415724b9f55892557a81f2cbcc3e7f91cf2f712ea45b7b9a2b1eb5a5",5,6,48,"gp_c4","mallows_gp","estimated_c",4,"SA_hamming_foldover","nrmse_common",0.749880458803239
"29_pwo_gp_model_specific","db6cb901415724b9f55892557a81f2cbcc3e7f91cf2f712ea45b7b9a2b1eb5a5",5,6,48,"gp_c4","mallows_gp","estimated_c",4,"SA_l2_position_foldover","nrmse_common",0.696348725186289
"29_pwo_gp_model_specific","db6cb901415724b9f55892557a81f2cbcc3e7f91cf2f712ea45b7b9a2b1eb5a5",5,6,48,"gp_c4","mallows_gp","estimated_c",4,"random_foldover","nrmse_common",0.755044713519275
"29_pwo_gp_model_specific","db6cb901415724b9f55892557a81f2cbcc3e7f91cf2f712ea45b7b9a2b1eb5a5",5,6,60,"gp_c1","mallows_gp","estimated_c",1,"FSA_lambda050","nrmse_common",0.31607610973538
"29_pwo_gp_model_specific","db6cb901415724b9f55892557a81f2cbcc3e7f91cf2f712ea45b7b9a2b1eb5a5",5,6,60,"gp_c1","mallows_gp","estimated_c",1,"SA_hamming_foldover","nrmse_common",0.323281091558166
"29_pwo_gp_model_specific","db6cb901415724b9f55892557a81f2cbcc3e7f91cf2f712ea45b7b9a2b1eb5a5",5,6,60,"gp_c1","mallows_gp","estimated_c",1,"SA_l2_position_foldover","nrmse_common",0.340960658788503
"29_pwo_gp_model_specific","db6cb901415724b9f55892557a81f2cbcc3e7f91cf2f712ea45b7b9a2b1eb5a5",5,6,60,"gp_c1","mallows_gp","estimated_c",1,"random_foldover","nrmse_common",0.358589454076746
"29_pwo_gp_model_specific","db6cb901415724b9f55892557a81f2cbcc3e7f91cf2f712ea45b7b9a2b1eb5a5",5,6,60,"gp_c4","mallows_gp","estimated_c",4,"FSA_lambda050","nrmse_common",0.697468343543806
"29_pwo_gp_model_specific","db6cb901415724b9f55892557a81f2cbcc3e7f91cf2f712ea45b7b9a2b1eb5a5",5,6,60,"gp_c4","mallows_gp","estimated_c",4,"SA_hamming_foldover","nrmse_common",0.74155413714128
"29_pwo_gp_model_specific","db6cb901415724b9f55892557a81f2cbcc3e7f91cf2f712ea45b7b9a2b1eb5a5",5,6,60,"gp_c4","mallows_gp","estimated_c",4,"SA_l2_position_foldover","nrmse_common",0.662575391387762
"29_pwo_gp_model_specific","db6cb901415724b9f55892557a81f2cbcc3e7f91cf2f712ea45b7b9a2b1eb5a5",5,6,60,"gp_c4","mallows_gp","estimated_c",4,"random_foldover","nrmse_common",0.639607791452775
"29_pwo_gp_model_specific","db6cb901415724b9f55892557a81f2cbcc3e7f91cf2f712ea45b7b9a2b1eb5a5",6,6,48,"gp_c1","mallows_gp","estimated_c",1,"FSA_lambda050","nrmse_common",0.253755948217003
"29_pwo_gp_model_specific","db6cb901415724b9f55892557a81f2cbcc3e7f91cf2f712ea45b7b9a2b1eb5a5",6,6,48,"gp_c1","mallows_gp","estimated_c",1,"SA_hamming_foldover","nrmse_common",0.275072700531784
"29_pwo_gp_model_specific","db6cb901415724b9f55892557a81f2cbcc3e7f91cf2f712ea45b7b9a2b1eb5a5",6,6,48,"gp_c1","mallows_gp","estimated_c",1,"SA_l2_position_foldover","nrmse_common",0.328162514585465
"29_pwo_gp_model_specific","db6cb901415724b9f55892557a81f2cbcc3e7f91cf2f712ea45b7b9a2b1eb5a5",6,6,48,"gp_c1","mallows_gp","estimated_c",1,"random_foldover","nrmse_common",0.282810546344776
"29_pwo_gp_model_specific","db6cb901415724b9f55892557a81f2cbcc3e7f91cf2f712ea45b7b9a2b1eb5a5",6,6,48,"gp_c4","mallows_gp","estimated_c",4,"FSA_lambda050","nrmse_common",0.627402730005213
"29_pwo_gp_model_specific","db6cb901415724b9f55892557a81f2cbcc3e7f91cf2f712ea45b7b9a2b1eb5a5",6,6,48,"gp_c4","mallows_gp","estimated_c",4,"SA_hamming_foldover","nrmse_common",0.720744865734959
"29_pwo_gp_model_specific","db6cb901415724b9f55892557a81f2cbcc3e7f91cf2f712ea45b7b9a2b1eb5a5",6,6,48,"gp_c4","mallows_gp","estimated_c",4,"SA_l2_position_foldover","nrmse_common",0.659861802949982
"29_pwo_gp_model_specific","db6cb901415724b9f55892557a81f2cbcc3e7f91cf2f712ea45b7b9a2b1eb5a5",6,6,48,"gp_c4","mallows_gp","estimated_c",4,"random_foldover","nrmse_common",0.68643073297259
"29_pwo_gp_model_specific","db6cb901415724b9f55892557a81f2cbcc3e7f91cf2f712ea45b7b9a2b1eb5a5",6,6,60,"gp_c1","mallows_gp","estimated_c",1,"FSA_lambda050","nrmse_common",0.224791443156181
"29_pwo_gp_model_specific","db6cb901415724b9f55892557a81f2cbcc3e7f91cf2f712ea45b7b9a2b1eb5a5",6,6,60,"gp_c1","mallows_gp","estimated_c",1,"SA_hamming_foldover","nrmse_common",0.241393775939825
"29_pwo_gp_model_specific","db6cb901415724b9f55892557a81f2cbcc3e7f91cf2f712ea45b7b9a2b1eb5a5",6,6,60,"gp_c1","mallows_gp","estimated_c",1,"SA_l2_position_foldover","nrmse_common",0.235486696506674
"29_pwo_gp_model_specific","db6cb901415724b9f55892557a81f2cbcc3e7f91cf2f712ea45b7b9a2b1eb5a5",6,6,60,"gp_c1","mallows_gp","estimated_c",1,"random_foldover","nrmse_common",0.238301319372722
"29_pwo_gp_model_specific","db6cb901415724b9f55892557a81f2cbcc3e7f91cf2f712ea45b7b9a2b1eb5a5",6,6,60,"gp_c4","mallows_gp","estimated_c",4,"FSA_lambda050","nrmse_common",0.606034953079923
"29_pwo_gp_model_specific","db6cb901415724b9f55892557a81f2cbcc3e7f91cf2f712ea45b7b9a2b1eb5a5",6,6,60,"gp_c4","mallows_gp","estimated_c",4,"SA_hamming_foldover","nrmse_common",0.54559073968279
"29_pwo_gp_model_specific","db6cb901415724b9f55892557a81f2cbcc3e7f91cf2f712ea45b7b9a2b1eb5a5",6,6,60,"gp_c4","mallows_gp","estimated_c",4,"SA_l2_position_foldover","nrmse_common",0.641918342347838
"29_pwo_gp_model_specific","db6cb901415724b9f55892557a81f2cbcc3e7f91cf2f712ea45b7b9a2b1eb5a5",6,6,60,"gp_c4","mallows_gp","estimated_c",4,"random_foldover","nrmse_common",0.664721429779406
"29_pwo_gp_model_specific","db6cb901415724b9f55892557a81f2cbcc3e7f91cf2f712ea45b7b9a2b1eb5a5",7,6,48,"gp_c1","mallows_gp","estimated_c",1,"FSA_lambda050","nrmse_common",0.39204207379054
"29_pwo_gp_model_specific","db6cb901415724b9f55892557a81f2cbcc3e7f91cf2f712ea45b7b9a2b1eb5a5",7,6,48,"gp_c1","mallows_gp","estimated_c",1,"SA_hamming_foldover","nrmse_common",0.405533156887953
"29_pwo_gp_model_specific","db6cb901415724b9f55892557a81f2cbcc3e7f91cf2f712ea45b7b9a2b1eb5a5",7,6,48,"gp_c1","mallows_gp","estimated_c",1,"SA_l2_position_foldover","nrmse_common",0.395193937864462
"29_pwo_gp_model_specific","db6cb901415724b9f55892557a81f2cbcc3e7f91cf2f712ea45b7b9a2b1eb5a5",7,6,48,"gp_c1","mallows_gp","estimated_c",1,"random_foldover","nrmse_common",0.476942396619739
"29_pwo_gp_model_specific","db6cb901415724b9f55892557a81f2cbcc3e7f91cf2f712ea45b7b9a2b1eb5a5",7,6,48,"gp_c4","mallows_gp","estimated_c",4,"FSA_lambda050","nrmse_common",0.597800400697981
"29_pwo_gp_model_specific","db6cb901415724b9f55892557a81f2cbcc3e7f91cf2f712ea45b7b9a2b1eb5a5",7,6,48,"gp_c4","mallows_gp","estimated_c",4,"SA_hamming_foldover","nrmse_common",0.605217098667805
"29_pwo_gp_model_specific","db6cb901415724b9f55892557a81f2cbcc3e7f91cf2f712ea45b7b9a2b1eb5a5",7,6,48,"gp_c4","mallows_gp","estimated_c",4,"SA_l2_position_foldover","nrmse_common",0.80559135402944
"29_pwo_gp_model_specific","db6cb901415724b9f55892557a81f2cbcc3e7f91cf2f712ea45b7b9a2b1eb5a5",7,6,48,"gp_c4","mallows_gp","estimated_c",4,"random_foldover","nrmse_common",0.723737162933722
"29_pwo_gp_model_specific","db6cb901415724b9f55892557a81f2cbcc3e7f91cf2f712ea45b7b9a2b1eb5a5",7,6,60,"gp_c1","mallows_gp","estimated_c",1,"FSA_lambda050","nrmse_common",0.34509525646938
"29_pwo_gp_model_specific","db6cb901415724b9f55892557a81f2cbcc3e7f91cf2f712ea45b7b9a2b1eb5a5",7,6,60,"gp_c1","mallows_gp","estimated_c",1,"SA_hamming_foldover","nrmse_common",0.330243784864149
"29_pwo_gp_model_specific","db6cb901415724b9f55892557a81f2cbcc3e7f91cf2f712ea45b7b9a2b1eb5a5",7,6,60,"gp_c1","mallows_gp","estimated_c",1,"SA_l2_position_foldover","nrmse_common",0.39236470745211
"29_pwo_gp_model_specific","db6cb901415724b9f55892557a81f2cbcc3e7f91cf2f712ea45b7b9a2b1eb5a5",7,6,60,"gp_c1","mallows_gp","estimated_c",1,"random_foldover","nrmse_common",0.380087715893799
"29_pwo_gp_model_specific","db6cb901415724b9f55892557a81f2cbcc3e7f91cf2f712ea45b7b9a2b1eb5a5",7,6,60,"gp_c4","mallows_gp","estimated_c",4,"FSA_lambda050","nrmse_common",0.597132870831968
"29_pwo_gp_model_specific","db6cb901415724b9f55892557a81f2cbcc3e7f91cf2f712ea45b7b9a2b1eb5a5",7,6,60,"gp_c4","mallows_gp","estimated_c",4,"SA_hamming_foldover","nrmse_common",0.541332481878448
"29_pwo_gp_model_specific","db6cb901415724b9f55892557a81f2cbcc3e7f91cf2f712ea45b7b9a2b1eb5a5",7,6,60,"gp_c4","mallows_gp","estimated_c",4,"SA_l2_position_foldover","nrmse_common",0.580761425246058
"29_pwo_gp_model_specific","db6cb901415724b9f55892557a81f2cbcc3e7f91cf2f712ea45b7b9a2b1eb5a5",7,6,60,"gp_c4","mallows_gp","estimated_c",4,"random_foldover","nrmse_common",0.532386980497142
"29_pwo_gp_model_specific","db6cb901415724b9f55892557a81f2cbcc3e7f91cf2f712ea45b7b9a2b1eb5a5",8,6,48,"gp_c1","mallows_gp","estimated_c",1,"FSA_lambda050","nrmse_common",0.335831636326019
"29_pwo_gp_model_specific","db6cb901415724b9f55892557a81f2cbcc3e7f91cf2f712ea45b7b9a2b1eb5a5",8,6,48,"gp_c1","mallows_gp","estimated_c",1,"SA_hamming_foldover","nrmse_common",0.331030475931935
"29_pwo_gp_model_specific","db6cb901415724b9f55892557a81f2cbcc3e7f91cf2f712ea45b7b9a2b1eb5a5",8,6,48,"gp_c1","mallows_gp","estimated_c",1,"SA_l2_position_foldover","nrmse_common",0.31975556394478
"29_pwo_gp_model_specific","db6cb901415724b9f55892557a81f2cbcc3e7f91cf2f712ea45b7b9a2b1eb5a5",8,6,48,"gp_c1","mallows_gp","estimated_c",1,"random_foldover","nrmse_common",0.352191112425211
"29_pwo_gp_model_specific","db6cb901415724b9f55892557a81f2cbcc3e7f91cf2f712ea45b7b9a2b1eb5a5",8,6,48,"gp_c4","mallows_gp","estimated_c",4,"FSA_lambda050","nrmse_common",0.555280518713312
"29_pwo_gp_model_specific","db6cb901415724b9f55892557a81f2cbcc3e7f91cf2f712ea45b7b9a2b1eb5a5",8,6,48,"gp_c4","mallows_gp","estimated_c",4,"SA_hamming_foldover","nrmse_common",0.538457874228676
"29_pwo_gp_model_specific","db6cb901415724b9f55892557a81f2cbcc3e7f91cf2f712ea45b7b9a2b1eb5a5",8,6,48,"gp_c4","mallows_gp","estimated_c",4,"SA_l2_position_foldover","nrmse_common",0.562699896721157
"29_pwo_gp_model_specific","db6cb901415724b9f55892557a81f2cbcc3e7f91cf2f712ea45b7b9a2b1eb5a5",8,6,48,"gp_c4","mallows_gp","estimated_c",4,"random_foldover","nrmse_common",0.656825091588541
"29_pwo_gp_model_specific","db6cb901415724b9f55892557a81f2cbcc3e7f91cf2f712ea45b7b9a2b1eb5a5",8,6,60,"gp_c1","mallows_gp","estimated_c",1,"FSA_lambda050","nrmse_common",0.326988250785318
"29_pwo_gp_model_specific","db6cb901415724b9f55892557a81f2cbcc3e7f91cf2f712ea45b7b9a2b1eb5a5",8,6,60,"gp_c1","mallows_gp","estimated_c",1,"SA_hamming_foldover","nrmse_common",0.297071585900463
"29_pwo_gp_model_specific","db6cb901415724b9f55892557a81f2cbcc3e7f91cf2f712ea45b7b9a2b1eb5a5",8,6,60,"gp_c1","mallows_gp","estimated_c",1,"SA_l2_position_foldover","nrmse_common",0.310741231790422
"29_pwo_gp_model_specific","db6cb901415724b9f55892557a81f2cbcc3e7f91cf2f712ea45b7b9a2b1eb5a5",8,6,60,"gp_c1","mallows_gp","estimated_c",1,"random_foldover","nrmse_common",0.294394363759413
"29_pwo_gp_model_specific","db6cb901415724b9f55892557a81f2cbcc3e7f91cf2f712ea45b7b9a2b1eb5a5",8,6,60,"gp_c4","mallows_gp","estimated_c",4,"FSA_lambda050","nrmse_common",0.497418061244693
"29_pwo_gp_model_specific","db6cb901415724b9f55892557a81f2cbcc3e7f91cf2f712ea45b7b9a2b1eb5a5",8,6,60,"gp_c4","mallows_gp","estimated_c",4,"SA_hamming_foldover","nrmse_common",0.568485429191207
"29_pwo_gp_model_specific","db6cb901415724b9f55892557a81f2cbcc3e7f91cf2f712ea45b7b9a2b1eb5a5",8,6,60,"gp_c4","mallows_gp","estimated_c",4,"SA_l2_position_foldover","nrmse_common",0.544022530728986
"29_pwo_gp_model_specific","db6cb901415724b9f55892557a81f2cbcc3e7f91cf2f712ea45b7b9a2b1eb5a5",8,6,60,"gp_c4","mallows_gp","estimated_c",4,"random_foldover","nrmse_common",0.577604316816005
"29_pwo_gp_model_specific","db6cb901415724b9f55892557a81f2cbcc3e7f91cf2f712ea45b7b9a2b1eb5a5",9,6,48,"gp_c1","mallows_gp","estimated_c",1,"FSA_lambda050","nrmse_common",0.361160284897167
"29_pwo_gp_model_specific","db6cb901415724b9f55892557a81f2cbcc3e7f91cf2f712ea45b7b9a2b1eb5a5",9,6,48,"gp_c1","mallows_gp","estimated_c",1,"SA_hamming_foldover","nrmse_common",0.319676021983087
"29_pwo_gp_model_specific","db6cb901415724b9f55892557a81f2cbcc3e7f91cf2f712ea45b7b9a2b1eb5a5",9,6,48,"gp_c1","mallows_gp","estimated_c",1,"SA_l2_position_foldover","nrmse_common",0.390697980908036
"29_pwo_gp_model_specific","db6cb901415724b9f55892557a81f2cbcc3e7f91cf2f712ea45b7b9a2b1eb5a5",9,6,48,"gp_c1","mallows_gp","estimated_c",1,"random_foldover","nrmse_common",0.473853050195775
"29_pwo_gp_model_specific","db6cb901415724b9f55892557a81f2cbcc3e7f91cf2f712ea45b7b9a2b1eb5a5",9,6,48,"gp_c4","mallows_gp","estimated_c",4,"FSA_lambda050","nrmse_common",0.708980758946577
"29_pwo_gp_model_specific","db6cb901415724b9f55892557a81f2cbcc3e7f91cf2f712ea45b7b9a2b1eb5a5",9,6,48,"gp_c4","mallows_gp","estimated_c",4,"SA_hamming_foldover","nrmse_common",0.772261872959051
"29_pwo_gp_model_specific","db6cb901415724b9f55892557a81f2cbcc3e7f91cf2f712ea45b7b9a2b1eb5a5",9,6,48,"gp_c4","mallows_gp","estimated_c",4,"SA_l2_position_foldover","nrmse_common",0.678863180581133
"29_pwo_gp_model_specific","db6cb901415724b9f55892557a81f2cbcc3e7f91cf2f712ea45b7b9a2b1eb5a5",9,6,48,"gp_c4","mallows_gp","estimated_c",4,"random_foldover","nrmse_common",0.727259043841346
"29_pwo_gp_model_specific","db6cb901415724b9f55892557a81f2cbcc3e7f91cf2f712ea45b7b9a2b1eb5a5",9,6,60,"gp_c1","mallows_gp","estimated_c",1,"FSA_lambda050","nrmse_common",0.324162807104759
"29_pwo_gp_model_specific","db6cb901415724b9f55892557a81f2cbcc3e7f91cf2f712ea45b7b9a2b1eb5a5",9,6,60,"gp_c1","mallows_gp","estimated_c",1,"SA_hamming_foldover","nrmse_common",0.342736411267717
"29_pwo_gp_model_specific","db6cb901415724b9f55892557a81f2cbcc3e7f91cf2f712ea45b7b9a2b1eb5a5",9,6,60,"gp_c1","mallows_gp","estimated_c",1,"SA_l2_position_foldover","nrmse_common",0.340424810957954
"29_pwo_gp_model_specific","db6cb901415724b9f55892557a81f2cbcc3e7f91cf2f712ea45b7b9a2b1eb5a5",9,6,60,"gp_c1","mallows_gp","estimated_c",1,"random_foldover","nrmse_common",0.418386404929968
"29_pwo_gp_model_specific","db6cb901415724b9f55892557a81f2cbcc3e7f91cf2f712ea45b7b9a2b1eb5a5",9,6,60,"gp_c4","mallows_gp","estimated_c",4,"FSA_lambda050","nrmse_common",0.638945467397452
"29_pwo_gp_model_specific","db6cb901415724b9f55892557a81f2cbcc3e7f91cf2f712ea45b7b9a2b1eb5a5",9,6,60,"gp_c4","mallows_gp","estimated_c",4,"SA_hamming_foldover","nrmse_common",0.660414489178148
"29_pwo_gp_model_specific","db6cb901415724b9f55892557a81f2cbcc3e7f91cf2f712ea45b7b9a2b1eb5a5",9,6,60,"gp_c4","mallows_gp","estimated_c",4,"SA_l2_position_foldover","nrmse_common",0.63884344943404
"29_pwo_gp_model_specific","db6cb901415724b9f55892557a81f2cbcc3e7f91cf2f712ea45b7b9a2b1eb5a5",9,6,60,"gp_c4","mallows_gp","estimated_c",4,"random_foldover","nrmse_common",0.797625135185074
"29_pwo_gp_model_specific","db6cb901415724b9f55892557a81f2cbcc3e7f91cf2f712ea45b7b9a2b1eb5a5",10,6,48,"gp_c1","mallows_gp","estimated_c",1,"FSA_lambda050","nrmse_common",0.24884730719813
"29_pwo_gp_model_specific","db6cb901415724b9f55892557a81f2cbcc3e7f91cf2f712ea45b7b9a2b1eb5a5",10,6,48,"gp_c1","mallows_gp","estimated_c",1,"SA_hamming_foldover","nrmse_common",0.293444481208644
"29_pwo_gp_model_specific","db6cb901415724b9f55892557a81f2cbcc3e7f91cf2f712ea45b7b9a2b1eb5a5",10,6,48,"gp_c1","mallows_gp","estimated_c",1,"SA_l2_position_foldover","nrmse_common",0.27444308938039
"29_pwo_gp_model_specific","db6cb901415724b9f55892557a81f2cbcc3e7f91cf2f712ea45b7b9a2b1eb5a5",10,6,48,"gp_c1","mallows_gp","estimated_c",1,"random_foldover","nrmse_common",0.282727470520823
"29_pwo_gp_model_specific","db6cb901415724b9f55892557a81f2cbcc3e7f91cf2f712ea45b7b9a2b1eb5a5",10,6,48,"gp_c4","mallows_gp","estimated_c",4,"FSA_lambda050","nrmse_common",0.567328289101854
"29_pwo_gp_model_specific","db6cb901415724b9f55892557a81f2cbcc3e7f91cf2f712ea45b7b9a2b1eb5a5",10,6,48,"gp_c4","mallows_gp","estimated_c",4,"SA_hamming_foldover","nrmse_common",0.611548212720429
"29_pwo_gp_model_specific","db6cb901415724b9f55892557a81f2cbcc3e7f91cf2f712ea45b7b9a2b1eb5a5",10,6,48,"gp_c4","mallows_gp","estimated_c",4,"SA_l2_position_foldover","nrmse_common",0.601879836905867
"29_pwo_gp_model_specific","db6cb901415724b9f55892557a81f2cbcc3e7f91cf2f712ea45b7b9a2b1eb5a5",10,6,48,"gp_c4","mallows_gp","estimated_c",4,"random_foldover","nrmse_common",0.594629778142073
"29_pwo_gp_model_specific","db6cb901415724b9f55892557a81f2cbcc3e7f91cf2f712ea45b7b9a2b1eb5a5",10,6,60,"gp_c1","mallows_gp","estimated_c",1,"FSA_lambda050","nrmse_common",0.202977329815861
"29_pwo_gp_model_specific","db6cb901415724b9f55892557a81f2cbcc3e7f91cf2f712ea45b7b9a2b1eb5a5",10,6,60,"gp_c1","mallows_gp","estimated_c",1,"SA_hamming_foldover","nrmse_common",0.235628249369827
"29_pwo_gp_model_specific","db6cb901415724b9f55892557a81f2cbcc3e7f91cf2f712ea45b7b9a2b1eb5a5",10,6,60,"gp_c1","mallows_gp","estimated_c",1,"SA_l2_position_foldover","nrmse_common",0.218933318344786
"29_pwo_gp_model_specific","db6cb901415724b9f55892557a81f2cbcc3e7f91cf2f712ea45b7b9a2b1eb5a5",10,6,60,"gp_c1","mallows_gp","estimated_c",1,"random_foldover","nrmse_common",0.21378308287757
"29_pwo_gp_model_specific","db6cb901415724b9f55892557a81f2cbcc3e7f91cf2f712ea45b7b9a2b1eb5a5",10,6,60,"gp_c4","mallows_gp","estimated_c",4,"FSA_lambda050","nrmse_common",0.491232742810705
"29_pwo_gp_model_specific","db6cb901415724b9f55892557a81f2cbcc3e7f91cf2f712ea45b7b9a2b1eb5a5",10,6,60,"gp_c4","mallows_gp","estimated_c",4,"SA_hamming_foldover","nrmse_common",0.551686868260942
"29_pwo_gp_model_specific","db6cb901415724b9f55892557a81f2cbcc3e7f91cf2f712ea45b7b9a2b1eb5a5",10,6,60,"gp_c4","mallows_gp","estimated_c",4,"SA_l2_position_foldover","nrmse_common",0.532391584063866
"29_pwo_gp_model_specific","db6cb901415724b9f55892557a81f2cbcc3e7f91cf2f712ea45b7b9a2b1eb5a5",10,6,60,"gp_c4","mallows_gp","estimated_c",4,"random_foldover","nrmse_common",0.490170142192103
"29_pwo_gp_model_specific","db6cb901415724b9f55892557a81f2cbcc3e7f91cf2f712ea45b7b9a2b1eb5a5",11,6,48,"gp_c1","mallows_gp","estimated_c",1,"FSA_lambda050","nrmse_common",0.263845437356813
"29_pwo_gp_model_specific","db6cb901415724b9f55892557a81f2cbcc3e7f91cf2f712ea45b7b9a2b1eb5a5",11,6,48,"gp_c1","mallows_gp","estimated_c",1,"SA_hamming_foldover","nrmse_common",0.306377022049205
"29_pwo_gp_model_specific","db6cb901415724b9f55892557a81f2cbcc3e7f91cf2f712ea45b7b9a2b1eb5a5",11,6,48,"gp_c1","mallows_gp","estimated_c",1,"SA_l2_position_foldover","nrmse_common",0.305650262874415
"29_pwo_gp_model_specific","db6cb901415724b9f55892557a81f2cbcc3e7f91cf2f712ea45b7b9a2b1eb5a5",11,6,48,"gp_c1","mallows_gp","estimated_c",1,"random_foldover","nrmse_common",0.306571949519283
"29_pwo_gp_model_specific","db6cb901415724b9f55892557a81f2cbcc3e7f91cf2f712ea45b7b9a2b1eb5a5",11,6,48,"gp_c4","mallows_gp","estimated_c",4,"FSA_lambda050","nrmse_common",0.656617626172501
"29_pwo_gp_model_specific","db6cb901415724b9f55892557a81f2cbcc3e7f91cf2f712ea45b7b9a2b1eb5a5",11,6,48,"gp_c4","mallows_gp","estimated_c",4,"SA_hamming_foldover","nrmse_common",0.673287737188719
"29_pwo_gp_model_specific","db6cb901415724b9f55892557a81f2cbcc3e7f91cf2f712ea45b7b9a2b1eb5a5",11,6,48,"gp_c4","mallows_gp","estimated_c",4,"SA_l2_position_foldover","nrmse_common",0.57890573229887
"29_pwo_gp_model_specific","db6cb901415724b9f55892557a81f2cbcc3e7f91cf2f712ea45b7b9a2b1eb5a5",11,6,48,"gp_c4","mallows_gp","estimated_c",4,"random_foldover","nrmse_common",0.737909754068766
"29_pwo_gp_model_specific","db6cb901415724b9f55892557a81f2cbcc3e7f91cf2f712ea45b7b9a2b1eb5a5",11,6,60,"gp_c1","mallows_gp","estimated_c",1,"FSA_lambda050","nrmse_common",0.240752799455221
"29_pwo_gp_model_specific","db6cb901415724b9f55892557a81f2cbcc3e7f91cf2f712ea45b7b9a2b1eb5a5",11,6,60,"gp_c1","mallows_gp","estimated_c",1,"SA_hamming_foldover","nrmse_common",0.249019592632484
"29_pwo_gp_model_specific","db6cb901415724b9f55892557a81f2cbcc3e7f91cf2f712ea45b7b9a2b1eb5a5",11,6,60,"gp_c1","mallows_gp","estimated_c",1,"SA_l2_position_foldover","nrmse_common",0.293039215556705
"29_pwo_gp_model_specific","db6cb901415724b9f55892557a81f2cbcc3e7f91cf2f712ea45b7b9a2b1eb5a5",11,6,60,"gp_c1","mallows_gp","estimated_c",1,"random_foldover","nrmse_common",0.279697808982999
"29_pwo_gp_model_specific","db6cb901415724b9f55892557a81f2cbcc3e7f91cf2f712ea45b7b9a2b1eb5a5",11,6,60,"gp_c4","mallows_gp","estimated_c",4,"FSA_lambda050","nrmse_common",0.614979022180344
"29_pwo_gp_model_specific","db6cb901415724b9f55892557a81f2cbcc3e7f91cf2f712ea45b7b9a2b1eb5a5",11,6,60,"gp_c4","mallows_gp","estimated_c",4,"SA_hamming_foldover","nrmse_common",0.638440489414661
"29_pwo_gp_model_specific","db6cb901415724b9f55892557a81f2cbcc3e7f91cf2f712ea45b7b9a2b1eb5a5",11,6,60,"gp_c4","mallows_gp","estimated_c",4,"SA_l2_position_foldover","nrmse_common",0.669163206491616
"29_pwo_gp_model_specific","db6cb901415724b9f55892557a81f2cbcc3e7f91cf2f712ea45b7b9a2b1eb5a5",11,6,60,"gp_c4","mallows_gp","estimated_c",4,"random_foldover","nrmse_common",0.679796384673696
"29_pwo_gp_model_specific","db6cb901415724b9f55892557a81f2cbcc3e7f91cf2f712ea45b7b9a2b1eb5a5",12,6,48,"gp_c1","mallows_gp","estimated_c",1,"FSA_lambda050","nrmse_common",0.222369680039593
"29_pwo_gp_model_specific","db6cb901415724b9f55892557a81f2cbcc3e7f91cf2f712ea45b7b9a2b1eb5a5",12,6,48,"gp_c1","mallows_gp","estimated_c",1,"SA_hamming_foldover","nrmse_common",0.25840737319192
"29_pwo_gp_model_specific","db6cb901415724b9f55892557a81f2cbcc3e7f91cf2f712ea45b7b9a2b1eb5a5",12,6,48,"gp_c1","mallows_gp","estimated_c",1,"SA_l2_position_foldover","nrmse_common",0.270243792790202
"29_pwo_gp_model_specific","db6cb901415724b9f55892557a81f2cbcc3e7f91cf2f712ea45b7b9a2b1eb5a5",12,6,48,"gp_c1","mallows_gp","estimated_c",1,"random_foldover","nrmse_common",0.269780708125355
"29_pwo_gp_model_specific","db6cb901415724b9f55892557a81f2cbcc3e7f91cf2f712ea45b7b9a2b1eb5a5",12,6,48,"gp_c4","mallows_gp","estimated_c",4,"FSA_lambda050","nrmse_common",0.710828988880858
"29_pwo_gp_model_specific","db6cb901415724b9f55892557a81f2cbcc3e7f91cf2f712ea45b7b9a2b1eb5a5",12,6,48,"gp_c4","mallows_gp","estimated_c",4,"SA_hamming_foldover","nrmse_common",0.794332510358657
"29_pwo_gp_model_specific","db6cb901415724b9f55892557a81f2cbcc3e7f91cf2f712ea45b7b9a2b1eb5a5",12,6,48,"gp_c4","mallows_gp","estimated_c",4,"SA_l2_position_foldover","nrmse_common",0.68238614276529
"29_pwo_gp_model_specific","db6cb901415724b9f55892557a81f2cbcc3e7f91cf2f712ea45b7b9a2b1eb5a5",12,6,48,"gp_c4","mallows_gp","estimated_c",4,"random_foldover","nrmse_common",0.753631018826628
"29_pwo_gp_model_specific","db6cb901415724b9f55892557a81f2cbcc3e7f91cf2f712ea45b7b9a2b1eb5a5",12,6,60,"gp_c1","mallows_gp","estimated_c",1,"FSA_lambda050","nrmse_common",0.228272162102369
"29_pwo_gp_model_specific","db6cb901415724b9f55892557a81f2cbcc3e7f91cf2f712ea45b7b9a2b1eb5a5",12,6,60,"gp_c1","mallows_gp","estimated_c",1,"SA_hamming_foldover","nrmse_common",0.240088557400338
"29_pwo_gp_model_specific","db6cb901415724b9f55892557a81f2cbcc3e7f91cf2f712ea45b7b9a2b1eb5a5",12,6,60,"gp_c1","mallows_gp","estimated_c",1,"SA_l2_position_foldover","nrmse_common",0.192976948611694
"29_pwo_gp_model_specific","db6cb901415724b9f55892557a81f2cbcc3e7f91cf2f712ea45b7b9a2b1eb5a5",12,6,60,"gp_c1","mallows_gp","estimated_c",1,"random_foldover","nrmse_common",0.275585543419025
"29_pwo_gp_model_specific","db6cb901415724b9f55892557a81f2cbcc3e7f91cf2f712ea45b7b9a2b1eb5a5",12,6,60,"gp_c4","mallows_gp","estimated_c",4,"FSA_lambda050","nrmse_common",0.685600210781987
"29_pwo_gp_model_specific","db6cb901415724b9f55892557a81f2cbcc3e7f91cf2f712ea45b7b9a2b1eb5a5",12,6,60,"gp_c4","mallows_gp","estimated_c",4,"SA_hamming_foldover","nrmse_common",0.653431043286663
"29_pwo_gp_model_specific","db6cb901415724b9f55892557a81f2cbcc3e7f91cf2f712ea45b7b9a2b1eb5a5",12,6,60,"gp_c4","mallows_gp","estimated_c",4,"SA_l2_position_foldover","nrmse_common",0.755735400003664
"29_pwo_gp_model_specific","db6cb901415724b9f55892557a81f2cbcc3e7f91cf2f712ea45b7b9a2b1eb5a5",12,6,60,"gp_c4","mallows_gp","estimated_c",4,"random_foldover","nrmse_common",0.678181083541183
"29_pwo_gp_model_specific","db6cb901415724b9f55892557a81f2cbcc3e7f91cf2f712ea45b7b9a2b1eb5a5",13,6,48,"gp_c1","mallows_gp","estimated_c",1,"FSA_lambda050","nrmse_common",0.399006704511032
"29_pwo_gp_model_specific","db6cb901415724b9f55892557a81f2cbcc3e7f91cf2f712ea45b7b9a2b1eb5a5",13,6,48,"gp_c1","mallows_gp","estimated_c",1,"SA_hamming_foldover","nrmse_common",0.507258680688562
"29_pwo_gp_model_specific","db6cb901415724b9f55892557a81f2cbcc3e7f91cf2f712ea45b7b9a2b1eb5a5",13,6,48,"gp_c1","mallows_gp","estimated_c",1,"SA_l2_position_foldover","nrmse_common",0.42024819100545
"29_pwo_gp_model_specific","db6cb901415724b9f55892557a81f2cbcc3e7f91cf2f712ea45b7b9a2b1eb5a5",13,6,48,"gp_c1","mallows_gp","estimated_c",1,"random_foldover","nrmse_common",0.498599297084744
"29_pwo_gp_model_specific","db6cb901415724b9f55892557a81f2cbcc3e7f91cf2f712ea45b7b9a2b1eb5a5",13,6,48,"gp_c4","mallows_gp","estimated_c",4,"FSA_lambda050","nrmse_common",0.643960089408896
"29_pwo_gp_model_specific","db6cb901415724b9f55892557a81f2cbcc3e7f91cf2f712ea45b7b9a2b1eb5a5",13,6,48,"gp_c4","mallows_gp","estimated_c",4,"SA_hamming_foldover","nrmse_common",0.715309600323414
"29_pwo_gp_model_specific","db6cb901415724b9f55892557a81f2cbcc3e7f91cf2f712ea45b7b9a2b1eb5a5",13,6,48,"gp_c4","mallows_gp","estimated_c",4,"SA_l2_position_foldover","nrmse_common",0.701795904086447
"29_pwo_gp_model_specific","db6cb901415724b9f55892557a81f2cbcc3e7f91cf2f712ea45b7b9a2b1eb5a5",13,6,48,"gp_c4","mallows_gp","estimated_c",4,"random_foldover","nrmse_common",0.680947718795293
"29_pwo_gp_model_specific","db6cb901415724b9f55892557a81f2cbcc3e7f91cf2f712ea45b7b9a2b1eb5a5",13,6,60,"gp_c1","mallows_gp","estimated_c",1,"FSA_lambda050","nrmse_common",0.365783292739902
"29_pwo_gp_model_specific","db6cb901415724b9f55892557a81f2cbcc3e7f91cf2f712ea45b7b9a2b1eb5a5",13,6,60,"gp_c1","mallows_gp","estimated_c",1,"SA_hamming_foldover","nrmse_common",0.390531856543967
"29_pwo_gp_model_specific","db6cb901415724b9f55892557a81f2cbcc3e7f91cf2f712ea45b7b9a2b1eb5a5",13,6,60,"gp_c1","mallows_gp","estimated_c",1,"SA_l2_position_foldover","nrmse_common",0.420955068874506
"29_pwo_gp_model_specific","db6cb901415724b9f55892557a81f2cbcc3e7f91cf2f712ea45b7b9a2b1eb5a5",13,6,60,"gp_c1","mallows_gp","estimated_c",1,"random_foldover","nrmse_common",0.43956386353968
"29_pwo_gp_model_specific","db6cb901415724b9f55892557a81f2cbcc3e7f91cf2f712ea45b7b9a2b1eb5a5",13,6,60,"gp_c4","mallows_gp","estimated_c",4,"FSA_lambda050","nrmse_common",0.696638302011666
"29_pwo_gp_model_specific","db6cb901415724b9f55892557a81f2cbcc3e7f91cf2f712ea45b7b9a2b1eb5a5",13,6,60,"gp_c4","mallows_gp","estimated_c",4,"SA_hamming_foldover","nrmse_common",0.613563468072589
"29_pwo_gp_model_specific","db6cb901415724b9f55892557a81f2cbcc3e7f91cf2f712ea45b7b9a2b1eb5a5",13,6,60,"gp_c4","mallows_gp","estimated_c",4,"SA_l2_position_foldover","nrmse_common",0.645010600170469
"29_pwo_gp_model_specific","db6cb901415724b9f55892557a81f2cbcc3e7f91cf2f712ea45b7b9a2b1eb5a5",13,6,60,"gp_c4","mallows_gp","estimated_c",4,"random_foldover","nrmse_common",0.716236746077024
"29_pwo_gp_model_specific","db6cb901415724b9f55892557a81f2cbcc3e7f91cf2f712ea45b7b9a2b1eb5a5",14,6,48,"gp_c1","mallows_gp","estimated_c",1,"FSA_lambda050","nrmse_common",0.365808602467211
"29_pwo_gp_model_specific","db6cb901415724b9f55892557a81f2cbcc3e7f91cf2f712ea45b7b9a2b1eb5a5",14,6,48,"gp_c1","mallows_gp","estimated_c",1,"SA_hamming_foldover","nrmse_common",0.380291070626948
"29_pwo_gp_model_specific","db6cb901415724b9f55892557a81f2cbcc3e7f91cf2f712ea45b7b9a2b1eb5a5",14,6,48,"gp_c1","mallows_gp","estimated_c",1,"SA_l2_position_foldover","nrmse_common",0.388377686106369
"29_pwo_gp_model_specific","db6cb901415724b9f55892557a81f2cbcc3e7f91cf2f712ea45b7b9a2b1eb5a5",14,6,48,"gp_c1","mallows_gp","estimated_c",1,"random_foldover","nrmse_common",0.407903152168855
"29_pwo_gp_model_specific","db6cb901415724b9f55892557a81f2cbcc3e7f91cf2f712ea45b7b9a2b1eb5a5",14,6,48,"gp_c4","mallows_gp","estimated_c",4,"FSA_lambda050","nrmse_common",0.655184492866918
"29_pwo_gp_model_specific","db6cb901415724b9f55892557a81f2cbcc3e7f91cf2f712ea45b7b9a2b1eb5a5",14,6,48,"gp_c4","mallows_gp","estimated_c",4,"SA_hamming_foldover","nrmse_common",0.707125908605364
"29_pwo_gp_model_specific","db6cb901415724b9f55892557a81f2cbcc3e7f91cf2f712ea45b7b9a2b1eb5a5",14,6,48,"gp_c4","mallows_gp","estimated_c",4,"SA_l2_position_foldover","nrmse_common",0.673467260754346
"29_pwo_gp_model_specific","db6cb901415724b9f55892557a81f2cbcc3e7f91cf2f712ea45b7b9a2b1eb5a5",14,6,48,"gp_c4","mallows_gp","estimated_c",4,"random_foldover","nrmse_common",0.783389995258183
"29_pwo_gp_model_specific","db6cb901415724b9f55892557a81f2cbcc3e7f91cf2f712ea45b7b9a2b1eb5a5",14,6,60,"gp_c1","mallows_gp","estimated_c",1,"FSA_lambda050","nrmse_common",0.330699533514443
"29_pwo_gp_model_specific","db6cb901415724b9f55892557a81f2cbcc3e7f91cf2f712ea45b7b9a2b1eb5a5",14,6,60,"gp_c1","mallows_gp","estimated_c",1,"SA_hamming_foldover","nrmse_common",0.300949143638856
"29_pwo_gp_model_specific","db6cb901415724b9f55892557a81f2cbcc3e7f91cf2f712ea45b7b9a2b1eb5a5",14,6,60,"gp_c1","mallows_gp","estimated_c",1,"SA_l2_position_foldover","nrmse_common",0.34168269554546
"29_pwo_gp_model_specific","db6cb901415724b9f55892557a81f2cbcc3e7f91cf2f712ea45b7b9a2b1eb5a5",14,6,60,"gp_c1","mallows_gp","estimated_c",1,"random_foldover","nrmse_common",0.304940154860845
"29_pwo_gp_model_specific","db6cb901415724b9f55892557a81f2cbcc3e7f91cf2f712ea45b7b9a2b1eb5a5",14,6,60,"gp_c4","mallows_gp","estimated_c",4,"FSA_lambda050","nrmse_common",0.720319182260716
"29_pwo_gp_model_specific","db6cb901415724b9f55892557a81f2cbcc3e7f91cf2f712ea45b7b9a2b1eb5a5",14,6,60,"gp_c4","mallows_gp","estimated_c",4,"SA_hamming_foldover","nrmse_common",0.650474678842172
"29_pwo_gp_model_specific","db6cb901415724b9f55892557a81f2cbcc3e7f91cf2f712ea45b7b9a2b1eb5a5",14,6,60,"gp_c4","mallows_gp","estimated_c",4,"SA_l2_position_foldover","nrmse_common",0.637189238338094
"29_pwo_gp_model_specific","db6cb901415724b9f55892557a81f2cbcc3e7f91cf2f712ea45b7b9a2b1eb5a5",14,6,60,"gp_c4","mallows_gp","estimated_c",4,"random_foldover","nrmse_common",0.724105938586968
"29_pwo_gp_model_specific","db6cb901415724b9f55892557a81f2cbcc3e7f91cf2f712ea45b7b9a2b1eb5a5",15,6,48,"gp_c1","mallows_gp","estimated_c",1,"FSA_lambda050","nrmse_common",0.440708344211748
"29_pwo_gp_model_specific","db6cb901415724b9f55892557a81f2cbcc3e7f91cf2f712ea45b7b9a2b1eb5a5",15,6,48,"gp_c1","mallows_gp","estimated_c",1,"SA_hamming_foldover","nrmse_common",0.507381150768608
"29_pwo_gp_model_specific","db6cb901415724b9f55892557a81f2cbcc3e7f91cf2f712ea45b7b9a2b1eb5a5",15,6,48,"gp_c1","mallows_gp","estimated_c",1,"SA_l2_position_foldover","nrmse_common",0.428017515429194
"29_pwo_gp_model_specific","db6cb901415724b9f55892557a81f2cbcc3e7f91cf2f712ea45b7b9a2b1eb5a5",15,6,48,"gp_c1","mallows_gp","estimated_c",1,"random_foldover","nrmse_common",0.546908100072657
"29_pwo_gp_model_specific","db6cb901415724b9f55892557a81f2cbcc3e7f91cf2f712ea45b7b9a2b1eb5a5",15,6,48,"gp_c4","mallows_gp","estimated_c",4,"FSA_lambda050","nrmse_common",0.770486500897375
"29_pwo_gp_model_specific","db6cb901415724b9f55892557a81f2cbcc3e7f91cf2f712ea45b7b9a2b1eb5a5",15,6,48,"gp_c4","mallows_gp","estimated_c",4,"SA_hamming_foldover","nrmse_common",0.78596065842744
"29_pwo_gp_model_specific","db6cb901415724b9f55892557a81f2cbcc3e7f91cf2f712ea45b7b9a2b1eb5a5",15,6,48,"gp_c4","mallows_gp","estimated_c",4,"SA_l2_position_foldover","nrmse_common",0.68078441025407
"29_pwo_gp_model_specific","db6cb901415724b9f55892557a81f2cbcc3e7f91cf2f712ea45b7b9a2b1eb5a5",15,6,48,"gp_c4","mallows_gp","estimated_c",4,"random_foldover","nrmse_common",0.748145467456254
"29_pwo_gp_model_specific","db6cb901415724b9f55892557a81f2cbcc3e7f91cf2f712ea45b7b9a2b1eb5a5",15,6,60,"gp_c1","mallows_gp","estimated_c",1,"FSA_lambda050","nrmse_common",0.340080259368797
"29_pwo_gp_model_specific","db6cb901415724b9f55892557a81f2cbcc3e7f91cf2f712ea45b7b9a2b1eb5a5",15,6,60,"gp_c1","mallows_gp","estimated_c",1,"SA_hamming_foldover","nrmse_common",0.459418768121883
"29_pwo_gp_model_specific","db6cb901415724b9f55892557a81f2cbcc3e7f91cf2f712ea45b7b9a2b1eb5a5",15,6,60,"gp_c1","mallows_gp","estimated_c",1,"SA_l2_position_foldover","nrmse_common",0.416831573504239
"29_pwo_gp_model_specific","db6cb901415724b9f55892557a81f2cbcc3e7f91cf2f712ea45b7b9a2b1eb5a5",15,6,60,"gp_c1","mallows_gp","estimated_c",1,"random_foldover","nrmse_common",0.453354945248141
"29_pwo_gp_model_specific","db6cb901415724b9f55892557a81f2cbcc3e7f91cf2f712ea45b7b9a2b1eb5a5",15,6,60,"gp_c4","mallows_gp","estimated_c",4,"FSA_lambda050","nrmse_common",0.767843235333701
"29_pwo_gp_model_specific","db6cb901415724b9f55892557a81f2cbcc3e7f91cf2f712ea45b7b9a2b1eb5a5",15,6,60,"gp_c4","mallows_gp","estimated_c",4,"SA_hamming_foldover","nrmse_common",0.736169432071461
"29_pwo_gp_model_specific","db6cb901415724b9f55892557a81f2cbcc3e7f91cf2f712ea45b7b9a2b1eb5a5",15,6,60,"gp_c4","mallows_gp","estimated_c",4,"SA_l2_position_foldover","nrmse_common",0.790895102944877
"29_pwo_gp_model_specific","db6cb901415724b9f55892557a81f2cbcc3e7f91cf2f712ea45b7b9a2b1eb5a5",15,6,60,"gp_c4","mallows_gp","estimated_c",4,"random_foldover","nrmse_common",0.779513598970808
"29_pwo_gp_model_specific","db6cb901415724b9f55892557a81f2cbcc3e7f91cf2f712ea45b7b9a2b1eb5a5",16,6,48,"gp_c1","mallows_gp","estimated_c",1,"FSA_lambda050","nrmse_common",0.265061838532993
"29_pwo_gp_model_specific","db6cb901415724b9f55892557a81f2cbcc3e7f91cf2f712ea45b7b9a2b1eb5a5",16,6,48,"gp_c1","mallows_gp","estimated_c",1,"SA_hamming_foldover","nrmse_common",0.304924472072943
"29_pwo_gp_model_specific","db6cb901415724b9f55892557a81f2cbcc3e7f91cf2f712ea45b7b9a2b1eb5a5",16,6,48,"gp_c1","mallows_gp","estimated_c",1,"SA_l2_position_foldover","nrmse_common",0.248514114993147
"29_pwo_gp_model_specific","db6cb901415724b9f55892557a81f2cbcc3e7f91cf2f712ea45b7b9a2b1eb5a5",16,6,48,"gp_c1","mallows_gp","estimated_c",1,"random_foldover","nrmse_common",0.282588514621148
"29_pwo_gp_model_specific","db6cb901415724b9f55892557a81f2cbcc3e7f91cf2f712ea45b7b9a2b1eb5a5",16,6,48,"gp_c4","mallows_gp","estimated_c",4,"FSA_lambda050","nrmse_common",0.581729609491508
"29_pwo_gp_model_specific","db6cb901415724b9f55892557a81f2cbcc3e7f91cf2f712ea45b7b9a2b1eb5a5",16,6,48,"gp_c4","mallows_gp","estimated_c",4,"SA_hamming_foldover","nrmse_common",0.685738096195151
"29_pwo_gp_model_specific","db6cb901415724b9f55892557a81f2cbcc3e7f91cf2f712ea45b7b9a2b1eb5a5",16,6,48,"gp_c4","mallows_gp","estimated_c",4,"SA_l2_position_foldover","nrmse_common",0.624869134957365
"29_pwo_gp_model_specific","db6cb901415724b9f55892557a81f2cbcc3e7f91cf2f712ea45b7b9a2b1eb5a5",16,6,48,"gp_c4","mallows_gp","estimated_c",4,"random_foldover","nrmse_common",0.612939356972562
"29_pwo_gp_model_specific","db6cb901415724b9f55892557a81f2cbcc3e7f91cf2f712ea45b7b9a2b1eb5a5",16,6,60,"gp_c1","mallows_gp","estimated_c",1,"FSA_lambda050","nrmse_common",0.239753969400115
"29_pwo_gp_model_specific","db6cb901415724b9f55892557a81f2cbcc3e7f91cf2f712ea45b7b9a2b1eb5a5",16,6,60,"gp_c1","mallows_gp","estimated_c",1,"SA_hamming_foldover","nrmse_common",0.25671409438503
"29_pwo_gp_model_specific","db6cb901415724b9f55892557a81f2cbcc3e7f91cf2f712ea45b7b9a2b1eb5a5",16,6,60,"gp_c1","mallows_gp","estimated_c",1,"SA_l2_position_foldover","nrmse_common",0.256251793717847
"29_pwo_gp_model_specific","db6cb901415724b9f55892557a81f2cbcc3e7f91cf2f712ea45b7b9a2b1eb5a5",16,6,60,"gp_c1","mallows_gp","estimated_c",1,"random_foldover","nrmse_common",0.261210025730356
"29_pwo_gp_model_specific","db6cb901415724b9f55892557a81f2cbcc3e7f91cf2f712ea45b7b9a2b1eb5a5",16,6,60,"gp_c4","mallows_gp","estimated_c",4,"FSA_lambda050","nrmse_common",0.609387278772078
"29_pwo_gp_model_specific","db6cb901415724b9f55892557a81f2cbcc3e7f91cf2f712ea45b7b9a2b1eb5a5",16,6,60,"gp_c4","mallows_gp","estimated_c",4,"SA_hamming_foldover","nrmse_common",0.605467720523756
"29_pwo_gp_model_specific","db6cb901415724b9f55892557a81f2cbcc3e7f91cf2f712ea45b7b9a2b1eb5a5",16,6,60,"gp_c4","mallows_gp","estimated_c",4,"SA_l2_position_foldover","nrmse_common",0.629865044706129
"29_pwo_gp_model_specific","db6cb901415724b9f55892557a81f2cbcc3e7f91cf2f712ea45b7b9a2b1eb5a5",16,6,60,"gp_c4","mallows_gp","estimated_c",4,"random_foldover","nrmse_common",0.662549589356457
"29_pwo_gp_model_specific","db6cb901415724b9f55892557a81f2cbcc3e7f91cf2f712ea45b7b9a2b1eb5a5",17,6,48,"gp_c1","mallows_gp","estimated_c",1,"FSA_lambda050","nrmse_common",0.345035851435725
"29_pwo_gp_model_specific","db6cb901415724b9f55892557a81f2cbcc3e7f91cf2f712ea45b7b9a2b1eb5a5",17,6,48,"gp_c1","mallows_gp","estimated_c",1,"SA_hamming_foldover","nrmse_common",0.461513868970138
"29_pwo_gp_model_specific","db6cb901415724b9f55892557a81f2cbcc3e7f91cf2f712ea45b7b9a2b1eb5a5",17,6,48,"gp_c1","mallows_gp","estimated_c",1,"SA_l2_position_foldover","nrmse_common",0.37758720012191
"29_pwo_gp_model_specific","db6cb901415724b9f55892557a81f2cbcc3e7f91cf2f712ea45b7b9a2b1eb5a5",17,6,48,"gp_c1","mallows_gp","estimated_c",1,"random_foldover","nrmse_common",0.389183800410939
"29_pwo_gp_model_specific","db6cb901415724b9f55892557a81f2cbcc3e7f91cf2f712ea45b7b9a2b1eb5a5",17,6,48,"gp_c4","mallows_gp","estimated_c",4,"FSA_lambda050","nrmse_common",0.712455228258961
"29_pwo_gp_model_specific","db6cb901415724b9f55892557a81f2cbcc3e7f91cf2f712ea45b7b9a2b1eb5a5",17,6,48,"gp_c4","mallows_gp","estimated_c",4,"SA_hamming_foldover","nrmse_common",0.68635529885073
"29_pwo_gp_model_specific","db6cb901415724b9f55892557a81f2cbcc3e7f91cf2f712ea45b7b9a2b1eb5a5",17,6,48,"gp_c4","mallows_gp","estimated_c",4,"SA_l2_position_foldover","nrmse_common",0.703896381712687
"29_pwo_gp_model_specific","db6cb901415724b9f55892557a81f2cbcc3e7f91cf2f712ea45b7b9a2b1eb5a5",17,6,48,"gp_c4","mallows_gp","estimated_c",4,"random_foldover","nrmse_common",0.70135867937427
"29_pwo_gp_model_specific","db6cb901415724b9f55892557a81f2cbcc3e7f91cf2f712ea45b7b9a2b1eb5a5",17,6,60,"gp_c1","mallows_gp","estimated_c",1,"FSA_lambda050","nrmse_common",0.304853378525804
"29_pwo_gp_model_specific","db6cb901415724b9f55892557a81f2cbcc3e7f91cf2f712ea45b7b9a2b1eb5a5",17,6,60,"gp_c1","mallows_gp","estimated_c",1,"SA_hamming_foldover","nrmse_common",0.297573637132314
"29_pwo_gp_model_specific","db6cb901415724b9f55892557a81f2cbcc3e7f91cf2f712ea45b7b9a2b1eb5a5",17,6,60,"gp_c1","mallows_gp","estimated_c",1,"SA_l2_position_foldover","nrmse_common",0.315549208450158
"29_pwo_gp_model_specific","db6cb901415724b9f55892557a81f2cbcc3e7f91cf2f712ea45b7b9a2b1eb5a5",17,6,60,"gp_c1","mallows_gp","estimated_c",1,"random_foldover","nrmse_common",0.281527403819419
"29_pwo_gp_model_specific","db6cb901415724b9f55892557a81f2cbcc3e7f91cf2f712ea45b7b9a2b1eb5a5",17,6,60,"gp_c4","mallows_gp","estimated_c",4,"FSA_lambda050","nrmse_common",0.655170993388731
"29_pwo_gp_model_specific","db6cb901415724b9f55892557a81f2cbcc3e7f91cf2f712ea45b7b9a2b1eb5a5",17,6,60,"gp_c4","mallows_gp","estimated_c",4,"SA_hamming_foldover","nrmse_common",0.731694068877779
"29_pwo_gp_model_specific","db6cb901415724b9f55892557a81f2cbcc3e7f91cf2f712ea45b7b9a2b1eb5a5",17,6,60,"gp_c4","mallows_gp","estimated_c",4,"SA_l2_position_foldover","nrmse_common",0.752124581171306
"29_pwo_gp_model_specific","db6cb901415724b9f55892557a81f2cbcc3e7f91cf2f712ea45b7b9a2b1eb5a5",17,6,60,"gp_c4","mallows_gp","estimated_c",4,"random_foldover","nrmse_common",0.749794110121991
"29_pwo_gp_model_specific","db6cb901415724b9f55892557a81f2cbcc3e7f91cf2f712ea45b7b9a2b1eb5a5",18,6,48,"gp_c1","mallows_gp","estimated_c",1,"FSA_lambda050","nrmse_common",0.400492544177057
"29_pwo_gp_model_specific","db6cb901415724b9f55892557a81f2cbcc3e7f91cf2f712ea45b7b9a2b1eb5a5",18,6,48,"gp_c1","mallows_gp","estimated_c",1,"SA_hamming_foldover","nrmse_common",0.419346601895364
"29_pwo_gp_model_specific","db6cb901415724b9f55892557a81f2cbcc3e7f91cf2f712ea45b7b9a2b1eb5a5",18,6,48,"gp_c1","mallows_gp","estimated_c",1,"SA_l2_position_foldover","nrmse_common",0.375987420257235
"29_pwo_gp_model_specific","db6cb901415724b9f55892557a81f2cbcc3e7f91cf2f712ea45b7b9a2b1eb5a5",18,6,48,"gp_c1","mallows_gp","estimated_c",1,"random_foldover","nrmse_common",0.485671887664449
"29_pwo_gp_model_specific","db6cb901415724b9f55892557a81f2cbcc3e7f91cf2f712ea45b7b9a2b1eb5a5",18,6,48,"gp_c4","mallows_gp","estimated_c",4,"FSA_lambda050","nrmse_common",0.615608751660804
"29_pwo_gp_model_specific","db6cb901415724b9f55892557a81f2cbcc3e7f91cf2f712ea45b7b9a2b1eb5a5",18,6,48,"gp_c4","mallows_gp","estimated_c",4,"SA_hamming_foldover","nrmse_common",0.591835164540967
"29_pwo_gp_model_specific","db6cb901415724b9f55892557a81f2cbcc3e7f91cf2f712ea45b7b9a2b1eb5a5",18,6,48,"gp_c4","mallows_gp","estimated_c",4,"SA_l2_position_foldover","nrmse_common",0.675430062424617
"29_pwo_gp_model_specific","db6cb901415724b9f55892557a81f2cbcc3e7f91cf2f712ea45b7b9a2b1eb5a5",18,6,48,"gp_c4","mallows_gp","estimated_c",4,"random_foldover","nrmse_common",0.690977431678974
"29_pwo_gp_model_specific","db6cb901415724b9f55892557a81f2cbcc3e7f91cf2f712ea45b7b9a2b1eb5a5",18,6,60,"gp_c1","mallows_gp","estimated_c",1,"FSA_lambda050","nrmse_common",0.381465251828896
"29_pwo_gp_model_specific","db6cb901415724b9f55892557a81f2cbcc3e7f91cf2f712ea45b7b9a2b1eb5a5",18,6,60,"gp_c1","mallows_gp","estimated_c",1,"SA_hamming_foldover","nrmse_common",0.368146287289124
"29_pwo_gp_model_specific","db6cb901415724b9f55892557a81f2cbcc3e7f91cf2f712ea45b7b9a2b1eb5a5",18,6,60,"gp_c1","mallows_gp","estimated_c",1,"SA_l2_position_foldover","nrmse_common",0.362797205181084
"29_pwo_gp_model_specific","db6cb901415724b9f55892557a81f2cbcc3e7f91cf2f712ea45b7b9a2b1eb5a5",18,6,60,"gp_c1","mallows_gp","estimated_c",1,"random_foldover","nrmse_common",0.410938515940618
"29_pwo_gp_model_specific","db6cb901415724b9f55892557a81f2cbcc3e7f91cf2f712ea45b7b9a2b1eb5a5",18,6,60,"gp_c4","mallows_gp","estimated_c",4,"FSA_lambda050","nrmse_common",0.631713343274485
"29_pwo_gp_model_specific","db6cb901415724b9f55892557a81f2cbcc3e7f91cf2f712ea45b7b9a2b1eb5a5",18,6,60,"gp_c4","mallows_gp","estimated_c",4,"SA_hamming_foldover","nrmse_common",0.619310146385983
"29_pwo_gp_model_specific","db6cb901415724b9f55892557a81f2cbcc3e7f91cf2f712ea45b7b9a2b1eb5a5",18,6,60,"gp_c4","mallows_gp","estimated_c",4,"SA_l2_position_foldover","nrmse_common",0.647283799214546
"29_pwo_gp_model_specific","db6cb901415724b9f55892557a81f2cbcc3e7f91cf2f712ea45b7b9a2b1eb5a5",18,6,60,"gp_c4","mallows_gp","estimated_c",4,"random_foldover","nrmse_common",0.624806572524441
"29_pwo_gp_model_specific","db6cb901415724b9f55892557a81f2cbcc3e7f91cf2f712ea45b7b9a2b1eb5a5",19,6,48,"gp_c1","mallows_gp","estimated_c",1,"FSA_lambda050","nrmse_common",0.364462471414869
"29_pwo_gp_model_specific","db6cb901415724b9f55892557a81f2cbcc3e7f91cf2f712ea45b7b9a2b1eb5a5",19,6,48,"gp_c1","mallows_gp","estimated_c",1,"SA_hamming_foldover","nrmse_common",0.327719880618782
"29_pwo_gp_model_specific","db6cb901415724b9f55892557a81f2cbcc3e7f91cf2f712ea45b7b9a2b1eb5a5",19,6,48,"gp_c1","mallows_gp","estimated_c",1,"SA_l2_position_foldover","nrmse_common",0.34267421544966
"29_pwo_gp_model_specific","db6cb901415724b9f55892557a81f2cbcc3e7f91cf2f712ea45b7b9a2b1eb5a5",19,6,48,"gp_c1","mallows_gp","estimated_c",1,"random_foldover","nrmse_common",0.388929159328126
"29_pwo_gp_model_specific","db6cb901415724b9f55892557a81f2cbcc3e7f91cf2f712ea45b7b9a2b1eb5a5",19,6,48,"gp_c4","mallows_gp","estimated_c",4,"FSA_lambda050","nrmse_common",0.653203516118706
"29_pwo_gp_model_specific","db6cb901415724b9f55892557a81f2cbcc3e7f91cf2f712ea45b7b9a2b1eb5a5",19,6,48,"gp_c4","mallows_gp","estimated_c",4,"SA_hamming_foldover","nrmse_common",0.668858275309172
"29_pwo_gp_model_specific","db6cb901415724b9f55892557a81f2cbcc3e7f91cf2f712ea45b7b9a2b1eb5a5",19,6,48,"gp_c4","mallows_gp","estimated_c",4,"SA_l2_position_foldover","nrmse_common",0.721297849961259
"29_pwo_gp_model_specific","db6cb901415724b9f55892557a81f2cbcc3e7f91cf2f712ea45b7b9a2b1eb5a5",19,6,48,"gp_c4","mallows_gp","estimated_c",4,"random_foldover","nrmse_common",0.692289058974696
"29_pwo_gp_model_specific","db6cb901415724b9f55892557a81f2cbcc3e7f91cf2f712ea45b7b9a2b1eb5a5",19,6,60,"gp_c1","mallows_gp","estimated_c",1,"FSA_lambda050","nrmse_common",0.317605527340783
"29_pwo_gp_model_specific","db6cb901415724b9f55892557a81f2cbcc3e7f91cf2f712ea45b7b9a2b1eb5a5",19,6,60,"gp_c1","mallows_gp","estimated_c",1,"SA_hamming_foldover","nrmse_common",0.35396291704837
"29_pwo_gp_model_specific","db6cb901415724b9f55892557a81f2cbcc3e7f91cf2f712ea45b7b9a2b1eb5a5",19,6,60,"gp_c1","mallows_gp","estimated_c",1,"SA_l2_position_foldover","nrmse_common",0.326622860776941
"29_pwo_gp_model_specific","db6cb901415724b9f55892557a81f2cbcc3e7f91cf2f712ea45b7b9a2b1eb5a5",19,6,60,"gp_c1","mallows_gp","estimated_c",1,"random_foldover","nrmse_common",0.356353663784165
"29_pwo_gp_model_specific","db6cb901415724b9f55892557a81f2cbcc3e7f91cf2f712ea45b7b9a2b1eb5a5",19,6,60,"gp_c4","mallows_gp","estimated_c",4,"FSA_lambda050","nrmse_common",0.666312628121956
"29_pwo_gp_model_specific","db6cb901415724b9f55892557a81f2cbcc3e7f91cf2f712ea45b7b9a2b1eb5a5",19,6,60,"gp_c4","mallows_gp","estimated_c",4,"SA_hamming_foldover","nrmse_common",0.624127744443905
"29_pwo_gp_model_specific","db6cb901415724b9f55892557a81f2cbcc3e7f91cf2f712ea45b7b9a2b1eb5a5",19,6,60,"gp_c4","mallows_gp","estimated_c",4,"SA_l2_position_foldover","nrmse_common",0.680128106725843
"29_pwo_gp_model_specific","db6cb901415724b9f55892557a81f2cbcc3e7f91cf2f712ea45b7b9a2b1eb5a5",19,6,60,"gp_c4","mallows_gp","estimated_c",4,"random_foldover","nrmse_common",0.737760311580578
"29_pwo_gp_model_specific","db6cb901415724b9f55892557a81f2cbcc3e7f91cf2f712ea45b7b9a2b1eb5a5",20,6,48,"gp_c1","mallows_gp","estimated_c",1,"FSA_lambda050","nrmse_common",0.451743382021275
"29_pwo_gp_model_specific","db6cb901415724b9f55892557a81f2cbcc3e7f91cf2f712ea45b7b9a2b1eb5a5",20,6,48,"gp_c1","mallows_gp","estimated_c",1,"SA_hamming_foldover","nrmse_common",0.471713004434838
"29_pwo_gp_model_specific","db6cb901415724b9f55892557a81f2cbcc3e7f91cf2f712ea45b7b9a2b1eb5a5",20,6,48,"gp_c1","mallows_gp","estimated_c",1,"SA_l2_position_foldover","nrmse_common",0.474907852897837
"29_pwo_gp_model_specific","db6cb901415724b9f55892557a81f2cbcc3e7f91cf2f712ea45b7b9a2b1eb5a5",20,6,48,"gp_c1","mallows_gp","estimated_c",1,"random_foldover","nrmse_common",0.549659533598142
"29_pwo_gp_model_specific","db6cb901415724b9f55892557a81f2cbcc3e7f91cf2f712ea45b7b9a2b1eb5a5",20,6,48,"gp_c4","mallows_gp","estimated_c",4,"FSA_lambda050","nrmse_common",0.89503283290951
"29_pwo_gp_model_specific","db6cb901415724b9f55892557a81f2cbcc3e7f91cf2f712ea45b7b9a2b1eb5a5",20,6,48,"gp_c4","mallows_gp","estimated_c",4,"SA_hamming_foldover","nrmse_common",0.874540446296095
"29_pwo_gp_model_specific","db6cb901415724b9f55892557a81f2cbcc3e7f91cf2f712ea45b7b9a2b1eb5a5",20,6,48,"gp_c4","mallows_gp","estimated_c",4,"SA_l2_position_foldover","nrmse_common",0.797268076066119
"29_pwo_gp_model_specific","db6cb901415724b9f55892557a81f2cbcc3e7f91cf2f712ea45b7b9a2b1eb5a5",20,6,48,"gp_c4","mallows_gp","estimated_c",4,"random_foldover","nrmse_common",0.960800046931136
"29_pwo_gp_model_specific","db6cb901415724b9f55892557a81f2cbcc3e7f91cf2f712ea45b7b9a2b1eb5a5",20,6,60,"gp_c1","mallows_gp","estimated_c",1,"FSA_lambda050","nrmse_common",0.429840196663989
"29_pwo_gp_model_specific","db6cb901415724b9f55892557a81f2cbcc3e7f91cf2f712ea45b7b9a2b1eb5a5",20,6,60,"gp_c1","mallows_gp","estimated_c",1,"SA_hamming_foldover","nrmse_common",0.495980435518494
"29_pwo_gp_model_specific","db6cb901415724b9f55892557a81f2cbcc3e7f91cf2f712ea45b7b9a2b1eb5a5",20,6,60,"gp_c1","mallows_gp","estimated_c",1,"SA_l2_position_foldover","nrmse_common",0.434837595936337
"29_pwo_gp_model_specific","db6cb901415724b9f55892557a81f2cbcc3e7f91cf2f712ea45b7b9a2b1eb5a5",20,6,60,"gp_c1","mallows_gp","estimated_c",1,"random_foldover","nrmse_common",0.390126427376837
"29_pwo_gp_model_specific","db6cb901415724b9f55892557a81f2cbcc3e7f91cf2f712ea45b7b9a2b1eb5a5",20,6,60,"gp_c4","mallows_gp","estimated_c",4,"FSA_lambda050","nrmse_common",0.680082626135936
"29_pwo_gp_model_specific","db6cb901415724b9f55892557a81f2cbcc3e7f91cf2f712ea45b7b9a2b1eb5a5",20,6,60,"gp_c4","mallows_gp","estimated_c",4,"SA_hamming_foldover","nrmse_common",0.712738160280688
"29_pwo_gp_model_specific","db6cb901415724b9f55892557a81f2cbcc3e7f91cf2f712ea45b7b9a2b1eb5a5",20,6,60,"gp_c4","mallows_gp","estimated_c",4,"SA_l2_position_foldover","nrmse_common",0.726534886846438
"29_pwo_gp_model_specific","db6cb901415724b9f55892557a81f2cbcc3e7f91cf2f712ea45b7b9a2b1eb5a5",20,6,60,"gp_c4","mallows_gp","estimated_c",4,"random_foldover","nrmse_common",0.633095259973453
"29_pwo_gp_model_specific","db6cb901415724b9f55892557a81f2cbcc3e7f91cf2f712ea45b7b9a2b1eb5a5",21,6,48,"gp_c1","mallows_gp","estimated_c",1,"FSA_lambda050","nrmse_common",0.365592258803312
"29_pwo_gp_model_specific","db6cb901415724b9f55892557a81f2cbcc3e7f91cf2f712ea45b7b9a2b1eb5a5",21,6,48,"gp_c1","mallows_gp","estimated_c",1,"SA_hamming_foldover","nrmse_common",0.306031279905102
"29_pwo_gp_model_specific","db6cb901415724b9f55892557a81f2cbcc3e7f91cf2f712ea45b7b9a2b1eb5a5",21,6,48,"gp_c1","mallows_gp","estimated_c",1,"SA_l2_position_foldover","nrmse_common",0.415712635337751
"29_pwo_gp_model_specific","db6cb901415724b9f55892557a81f2cbcc3e7f91cf2f712ea45b7b9a2b1eb5a5",21,6,48,"gp_c1","mallows_gp","estimated_c",1,"random_foldover","nrmse_common",0.352686677625555
"29_pwo_gp_model_specific","db6cb901415724b9f55892557a81f2cbcc3e7f91cf2f712ea45b7b9a2b1eb5a5",21,6,48,"gp_c4","mallows_gp","estimated_c",4,"FSA_lambda050","nrmse_common",0.696869771567588
"29_pwo_gp_model_specific","db6cb901415724b9f55892557a81f2cbcc3e7f91cf2f712ea45b7b9a2b1eb5a5",21,6,48,"gp_c4","mallows_gp","estimated_c",4,"SA_hamming_foldover","nrmse_common",0.759918259077391
"29_pwo_gp_model_specific","db6cb901415724b9f55892557a81f2cbcc3e7f91cf2f712ea45b7b9a2b1eb5a5",21,6,48,"gp_c4","mallows_gp","estimated_c",4,"SA_l2_position_foldover","nrmse_common",0.704166995308252
"29_pwo_gp_model_specific","db6cb901415724b9f55892557a81f2cbcc3e7f91cf2f712ea45b7b9a2b1eb5a5",21,6,48,"gp_c4","mallows_gp","estimated_c",4,"random_foldover","nrmse_common",0.750481859782006
"29_pwo_gp_model_specific","db6cb901415724b9f55892557a81f2cbcc3e7f91cf2f712ea45b7b9a2b1eb5a5",21,6,60,"gp_c1","mallows_gp","estimated_c",1,"FSA_lambda050","nrmse_common",0.331149876682141
"29_pwo_gp_model_specific","db6cb901415724b9f55892557a81f2cbcc3e7f91cf2f712ea45b7b9a2b1eb5a5",21,6,60,"gp_c1","mallows_gp","estimated_c",1,"SA_hamming_foldover","nrmse_common",0.335458089579902
"29_pwo_gp_model_specific","db6cb901415724b9f55892557a81f2cbcc3e7f91cf2f712ea45b7b9a2b1eb5a5",21,6,60,"gp_c1","mallows_gp","estimated_c",1,"SA_l2_position_foldover","nrmse_common",0.388053949257102
"29_pwo_gp_model_specific","db6cb901415724b9f55892557a81f2cbcc3e7f91cf2f712ea45b7b9a2b1eb5a5",21,6,60,"gp_c1","mallows_gp","estimated_c",1,"random_foldover","nrmse_common",0.381560429190315
"29_pwo_gp_model_specific","db6cb901415724b9f55892557a81f2cbcc3e7f91cf2f712ea45b7b9a2b1eb5a5",21,6,60,"gp_c4","mallows_gp","estimated_c",4,"FSA_lambda050","nrmse_common",0.700113414948125
"29_pwo_gp_model_specific","db6cb901415724b9f55892557a81f2cbcc3e7f91cf2f712ea45b7b9a2b1eb5a5",21,6,60,"gp_c4","mallows_gp","estimated_c",4,"SA_hamming_foldover","nrmse_common",0.698389196246952
"29_pwo_gp_model_specific","db6cb901415724b9f55892557a81f2cbcc3e7f91cf2f712ea45b7b9a2b1eb5a5",21,6,60,"gp_c4","mallows_gp","estimated_c",4,"SA_l2_position_foldover","nrmse_common",0.739149154115823
"29_pwo_gp_model_specific","db6cb901415724b9f55892557a81f2cbcc3e7f91cf2f712ea45b7b9a2b1eb5a5",21,6,60,"gp_c4","mallows_gp","estimated_c",4,"random_foldover","nrmse_common",0.712733422245267
"29_pwo_gp_model_specific","db6cb901415724b9f55892557a81f2cbcc3e7f91cf2f712ea45b7b9a2b1eb5a5",22,6,48,"gp_c1","mallows_gp","estimated_c",1,"FSA_lambda050","nrmse_common",0.319777691736589
"29_pwo_gp_model_specific","db6cb901415724b9f55892557a81f2cbcc3e7f91cf2f712ea45b7b9a2b1eb5a5",22,6,48,"gp_c1","mallows_gp","estimated_c",1,"SA_hamming_foldover","nrmse_common",0.361579871201666
"29_pwo_gp_model_specific","db6cb901415724b9f55892557a81f2cbcc3e7f91cf2f712ea45b7b9a2b1eb5a5",22,6,48,"gp_c1","mallows_gp","estimated_c",1,"SA_l2_position_foldover","nrmse_common",0.30419409265097
"29_pwo_gp_model_specific","db6cb901415724b9f55892557a81f2cbcc3e7f91cf2f712ea45b7b9a2b1eb5a5",22,6,48,"gp_c1","mallows_gp","estimated_c",1,"random_foldover","nrmse_common",0.429317390627472
"29_pwo_gp_model_specific","db6cb901415724b9f55892557a81f2cbcc3e7f91cf2f712ea45b7b9a2b1eb5a5",22,6,48,"gp_c4","mallows_gp","estimated_c",4,"FSA_lambda050","nrmse_common",0.558264681269835
"29_pwo_gp_model_specific","db6cb901415724b9f55892557a81f2cbcc3e7f91cf2f712ea45b7b9a2b1eb5a5",22,6,48,"gp_c4","mallows_gp","estimated_c",4,"SA_hamming_foldover","nrmse_common",0.588016464437362
"29_pwo_gp_model_specific","db6cb901415724b9f55892557a81f2cbcc3e7f91cf2f712ea45b7b9a2b1eb5a5",22,6,48,"gp_c4","mallows_gp","estimated_c",4,"SA_l2_position_foldover","nrmse_common",0.531263521016393
"29_pwo_gp_model_specific","db6cb901415724b9f55892557a81f2cbcc3e7f91cf2f712ea45b7b9a2b1eb5a5",22,6,48,"gp_c4","mallows_gp","estimated_c",4,"random_foldover","nrmse_common",0.59366783931017
"29_pwo_gp_model_specific","db6cb901415724b9f55892557a81f2cbcc3e7f91cf2f712ea45b7b9a2b1eb5a5",22,6,60,"gp_c1","mallows_gp","estimated_c",1,"FSA_lambda050","nrmse_common",0.286884009817289
"29_pwo_gp_model_specific","db6cb901415724b9f55892557a81f2cbcc3e7f91cf2f712ea45b7b9a2b1eb5a5",22,6,60,"gp_c1","mallows_gp","estimated_c",1,"SA_hamming_foldover","nrmse_common",0.36390140556702
"29_pwo_gp_model_specific","db6cb901415724b9f55892557a81f2cbcc3e7f91cf2f712ea45b7b9a2b1eb5a5",22,6,60,"gp_c1","mallows_gp","estimated_c",1,"SA_l2_position_foldover","nrmse_common",0.253355319611566
"29_pwo_gp_model_specific","db6cb901415724b9f55892557a81f2cbcc3e7f91cf2f712ea45b7b9a2b1eb5a5",22,6,60,"gp_c1","mallows_gp","estimated_c",1,"random_foldover","nrmse_common",0.350940501646435
"29_pwo_gp_model_specific","db6cb901415724b9f55892557a81f2cbcc3e7f91cf2f712ea45b7b9a2b1eb5a5",22,6,60,"gp_c4","mallows_gp","estimated_c",4,"FSA_lambda050","nrmse_common",0.533100495444912
"29_pwo_gp_model_specific","db6cb901415724b9f55892557a81f2cbcc3e7f91cf2f712ea45b7b9a2b1eb5a5",22,6,60,"gp_c4","mallows_gp","estimated_c",4,"SA_hamming_foldover","nrmse_common",0.559088416413081
"29_pwo_gp_model_specific","db6cb901415724b9f55892557a81f2cbcc3e7f91cf2f712ea45b7b9a2b1eb5a5",22,6,60,"gp_c4","mallows_gp","estimated_c",4,"SA_l2_position_foldover","nrmse_common",0.521075488560348
"29_pwo_gp_model_specific","db6cb901415724b9f55892557a81f2cbcc3e7f91cf2f712ea45b7b9a2b1eb5a5",22,6,60,"gp_c4","mallows_gp","estimated_c",4,"random_foldover","nrmse_common",0.550633514513124
"29_pwo_gp_model_specific","db6cb901415724b9f55892557a81f2cbcc3e7f91cf2f712ea45b7b9a2b1eb5a5",23,6,48,"gp_c1","mallows_gp","estimated_c",1,"FSA_lambda050","nrmse_common",0.21051042062566
"29_pwo_gp_model_specific","db6cb901415724b9f55892557a81f2cbcc3e7f91cf2f712ea45b7b9a2b1eb5a5",23,6,48,"gp_c1","mallows_gp","estimated_c",1,"SA_hamming_foldover","nrmse_common",0.275238060622405
"29_pwo_gp_model_specific","db6cb901415724b9f55892557a81f2cbcc3e7f91cf2f712ea45b7b9a2b1eb5a5",23,6,48,"gp_c1","mallows_gp","estimated_c",1,"SA_l2_position_foldover","nrmse_common",0.223701347252405
"29_pwo_gp_model_specific","db6cb901415724b9f55892557a81f2cbcc3e7f91cf2f712ea45b7b9a2b1eb5a5",23,6,48,"gp_c1","mallows_gp","estimated_c",1,"random_foldover","nrmse_common",0.228025978526837
"29_pwo_gp_model_specific","db6cb901415724b9f55892557a81f2cbcc3e7f91cf2f712ea45b7b9a2b1eb5a5",23,6,48,"gp_c4","mallows_gp","estimated_c",4,"FSA_lambda050","nrmse_common",0.96490501302831
"29_pwo_gp_model_specific","db6cb901415724b9f55892557a81f2cbcc3e7f91cf2f712ea45b7b9a2b1eb5a5",23,6,48,"gp_c4","mallows_gp","estimated_c",4,"SA_hamming_foldover","nrmse_common",0.80667914092286
"29_pwo_gp_model_specific","db6cb901415724b9f55892557a81f2cbcc3e7f91cf2f712ea45b7b9a2b1eb5a5",23,6,48,"gp_c4","mallows_gp","estimated_c",4,"SA_l2_position_foldover","nrmse_common",0.744122409746506
"29_pwo_gp_model_specific","db6cb901415724b9f55892557a81f2cbcc3e7f91cf2f712ea45b7b9a2b1eb5a5",23,6,48,"gp_c4","mallows_gp","estimated_c",4,"random_foldover","nrmse_common",0.860077187348155
"29_pwo_gp_model_specific","db6cb901415724b9f55892557a81f2cbcc3e7f91cf2f712ea45b7b9a2b1eb5a5",23,6,60,"gp_c1","mallows_gp","estimated_c",1,"FSA_lambda050","nrmse_common",0.196218458474183
"29_pwo_gp_model_specific","db6cb901415724b9f55892557a81f2cbcc3e7f91cf2f712ea45b7b9a2b1eb5a5",23,6,60,"gp_c1","mallows_gp","estimated_c",1,"SA_hamming_foldover","nrmse_common",0.208623558675145
"29_pwo_gp_model_specific","db6cb901415724b9f55892557a81f2cbcc3e7f91cf2f712ea45b7b9a2b1eb5a5",23,6,60,"gp_c1","mallows_gp","estimated_c",1,"SA_l2_position_foldover","nrmse_common",0.206247998057711
"29_pwo_gp_model_specific","db6cb901415724b9f55892557a81f2cbcc3e7f91cf2f712ea45b7b9a2b1eb5a5",23,6,60,"gp_c1","mallows_gp","estimated_c",1,"random_foldover","nrmse_common",0.20852608296858
"29_pwo_gp_model_specific","db6cb901415724b9f55892557a81f2cbcc3e7f91cf2f712ea45b7b9a2b1eb5a5",23,6,60,"gp_c4","mallows_gp","estimated_c",4,"FSA_lambda050","nrmse_common",0.718333164379398
"29_pwo_gp_model_specific","db6cb901415724b9f55892557a81f2cbcc3e7f91cf2f712ea45b7b9a2b1eb5a5",23,6,60,"gp_c4","mallows_gp","estimated_c",4,"SA_hamming_foldover","nrmse_common",0.75958261653122
"29_pwo_gp_model_specific","db6cb901415724b9f55892557a81f2cbcc3e7f91cf2f712ea45b7b9a2b1eb5a5",23,6,60,"gp_c4","mallows_gp","estimated_c",4,"SA_l2_position_foldover","nrmse_common",0.768626546639794
"29_pwo_gp_model_specific","db6cb901415724b9f55892557a81f2cbcc3e7f91cf2f712ea45b7b9a2b1eb5a5",23,6,60,"gp_c4","mallows_gp","estimated_c",4,"random_foldover","nrmse_common",0.669084812498011
"29_pwo_gp_model_specific","db6cb901415724b9f55892557a81f2cbcc3e7f91cf2f712ea45b7b9a2b1eb5a5",24,6,48,"gp_c1","mallows_gp","estimated_c",1,"FSA_lambda050","nrmse_common",0.459408129070565
"29_pwo_gp_model_specific","db6cb901415724b9f55892557a81f2cbcc3e7f91cf2f712ea45b7b9a2b1eb5a5",24,6,48,"gp_c1","mallows_gp","estimated_c",1,"SA_hamming_foldover","nrmse_common",0.480732112977771
"29_pwo_gp_model_specific","db6cb901415724b9f55892557a81f2cbcc3e7f91cf2f712ea45b7b9a2b1eb5a5",24,6,48,"gp_c1","mallows_gp","estimated_c",1,"SA_l2_position_foldover","nrmse_common",0.384343096611634
"29_pwo_gp_model_specific","db6cb901415724b9f55892557a81f2cbcc3e7f91cf2f712ea45b7b9a2b1eb5a5",24,6,48,"gp_c1","mallows_gp","estimated_c",1,"random_foldover","nrmse_common",0.443898258888078
"29_pwo_gp_model_specific","db6cb901415724b9f55892557a81f2cbcc3e7f91cf2f712ea45b7b9a2b1eb5a5",24,6,48,"gp_c4","mallows_gp","estimated_c",4,"FSA_lambda050","nrmse_common",0.687165230532501
"29_pwo_gp_model_specific","db6cb901415724b9f55892557a81f2cbcc3e7f91cf2f712ea45b7b9a2b1eb5a5",24,6,48,"gp_c4","mallows_gp","estimated_c",4,"SA_hamming_foldover","nrmse_common",0.643453816786952
"29_pwo_gp_model_specific","db6cb901415724b9f55892557a81f2cbcc3e7f91cf2f712ea45b7b9a2b1eb5a5",24,6,48,"gp_c4","mallows_gp","estimated_c",4,"SA_l2_position_foldover","nrmse_common",0.678448663827037
"29_pwo_gp_model_specific","db6cb901415724b9f55892557a81f2cbcc3e7f91cf2f712ea45b7b9a2b1eb5a5",24,6,48,"gp_c4","mallows_gp","estimated_c",4,"random_foldover","nrmse_common",0.704924543508024
"29_pwo_gp_model_specific","db6cb901415724b9f55892557a81f2cbcc3e7f91cf2f712ea45b7b9a2b1eb5a5",24,6,60,"gp_c1","mallows_gp","estimated_c",1,"FSA_lambda050","nrmse_common",0.330440229649572
"29_pwo_gp_model_specific","db6cb901415724b9f55892557a81f2cbcc3e7f91cf2f712ea45b7b9a2b1eb5a5",24,6,60,"gp_c1","mallows_gp","estimated_c",1,"SA_hamming_foldover","nrmse_common",0.333985325151612
"29_pwo_gp_model_specific","db6cb901415724b9f55892557a81f2cbcc3e7f91cf2f712ea45b7b9a2b1eb5a5",24,6,60,"gp_c1","mallows_gp","estimated_c",1,"SA_l2_position_foldover","nrmse_common",0.356277405397643
"29_pwo_gp_model_specific","db6cb901415724b9f55892557a81f2cbcc3e7f91cf2f712ea45b7b9a2b1eb5a5",24,6,60,"gp_c1","mallows_gp","estimated_c",1,"random_foldover","nrmse_common",0.371597133418661
"29_pwo_gp_model_specific","db6cb901415724b9f55892557a81f2cbcc3e7f91cf2f712ea45b7b9a2b1eb5a5",24,6,60,"gp_c4","mallows_gp","estimated_c",4,"FSA_lambda050","nrmse_common",0.635781381308911
"29_pwo_gp_model_specific","db6cb901415724b9f55892557a81f2cbcc3e7f91cf2f712ea45b7b9a2b1eb5a5",24,6,60,"gp_c4","mallows_gp","estimated_c",4,"SA_hamming_foldover","nrmse_common",0.647870003857713
"29_pwo_gp_model_specific","db6cb901415724b9f55892557a81f2cbcc3e7f91cf2f712ea45b7b9a2b1eb5a5",24,6,60,"gp_c4","mallows_gp","estimated_c",4,"SA_l2_position_foldover","nrmse_common",0.649973443156564
"29_pwo_gp_model_specific","db6cb901415724b9f55892557a81f2cbcc3e7f91cf2f712ea45b7b9a2b1eb5a5",24,6,60,"gp_c4","mallows_gp","estimated_c",4,"random_foldover","nrmse_common",0.667029642077653
"29_pwo_gp_model_specific","db6cb901415724b9f55892557a81f2cbcc3e7f91cf2f712ea45b7b9a2b1eb5a5",25,6,48,"gp_c1","mallows_gp","estimated_c",1,"FSA_lambda050","nrmse_common",0.248993216829134
"29_pwo_gp_model_specific","db6cb901415724b9f55892557a81f2cbcc3e7f91cf2f712ea45b7b9a2b1eb5a5",25,6,48,"gp_c1","mallows_gp","estimated_c",1,"SA_hamming_foldover","nrmse_common",0.271892554517829
"29_pwo_gp_model_specific","db6cb901415724b9f55892557a81f2cbcc3e7f91cf2f712ea45b7b9a2b1eb5a5",25,6,48,"gp_c1","mallows_gp","estimated_c",1,"SA_l2_position_foldover","nrmse_common",0.266872727190704
"29_pwo_gp_model_specific","db6cb901415724b9f55892557a81f2cbcc3e7f91cf2f712ea45b7b9a2b1eb5a5",25,6,48,"gp_c1","mallows_gp","estimated_c",1,"random_foldover","nrmse_common",0.276561317069487
"29_pwo_gp_model_specific","db6cb901415724b9f55892557a81f2cbcc3e7f91cf2f712ea45b7b9a2b1eb5a5",25,6,48,"gp_c4","mallows_gp","estimated_c",4,"FSA_lambda050","nrmse_common",0.614872429843726
"29_pwo_gp_model_specific","db6cb901415724b9f55892557a81f2cbcc3e7f91cf2f712ea45b7b9a2b1eb5a5",25,6,48,"gp_c4","mallows_gp","estimated_c",4,"SA_hamming_foldover","nrmse_common",0.766611955974936
"29_pwo_gp_model_specific","db6cb901415724b9f55892557a81f2cbcc3e7f91cf2f712ea45b7b9a2b1eb5a5",25,6,48,"gp_c4","mallows_gp","estimated_c",4,"SA_l2_position_foldover","nrmse_common",0.545924291008664
"29_pwo_gp_model_specific","db6cb901415724b9f55892557a81f2cbcc3e7f91cf2f712ea45b7b9a2b1eb5a5",25,6,48,"gp_c4","mallows_gp","estimated_c",4,"random_foldover","nrmse_common",0.627353521101585
"29_pwo_gp_model_specific","db6cb901415724b9f55892557a81f2cbcc3e7f91cf2f712ea45b7b9a2b1eb5a5",25,6,60,"gp_c1","mallows_gp","estimated_c",1,"FSA_lambda050","nrmse_common",0.197167818974482
"29_pwo_gp_model_specific","db6cb901415724b9f55892557a81f2cbcc3e7f91cf2f712ea45b7b9a2b1eb5a5",25,6,60,"gp_c1","mallows_gp","estimated_c",1,"SA_hamming_foldover","nrmse_common",0.247617832400842
"29_pwo_gp_model_specific","db6cb901415724b9f55892557a81f2cbcc3e7f91cf2f712ea45b7b9a2b1eb5a5",25,6,60,"gp_c1","mallows_gp","estimated_c",1,"SA_l2_position_foldover","nrmse_common",0.21988755732729
"29_pwo_gp_model_specific","db6cb901415724b9f55892557a81f2cbcc3e7f91cf2f712ea45b7b9a2b1eb5a5",25,6,60,"gp_c1","mallows_gp","estimated_c",1,"random_foldover","nrmse_common",0.239198765465283
"29_pwo_gp_model_specific","db6cb901415724b9f55892557a81f2cbcc3e7f91cf2f712ea45b7b9a2b1eb5a5",25,6,60,"gp_c4","mallows_gp","estimated_c",4,"FSA_lambda050","nrmse_common",0.49967193888659
"29_pwo_gp_model_specific","db6cb901415724b9f55892557a81f2cbcc3e7f91cf2f712ea45b7b9a2b1eb5a5",25,6,60,"gp_c4","mallows_gp","estimated_c",4,"SA_hamming_foldover","nrmse_common",0.584406307285341
"29_pwo_gp_model_specific","db6cb901415724b9f55892557a81f2cbcc3e7f91cf2f712ea45b7b9a2b1eb5a5",25,6,60,"gp_c4","mallows_gp","estimated_c",4,"SA_l2_position_foldover","nrmse_common",0.526440941434939
"29_pwo_gp_model_specific","db6cb901415724b9f55892557a81f2cbcc3e7f91cf2f712ea45b7b9a2b1eb5a5",25,6,60,"gp_c4","mallows_gp","estimated_c",4,"random_foldover","nrmse_common",0.583159240681798
"29_pwo_gp_model_specific","db6cb901415724b9f55892557a81f2cbcc3e7f91cf2f712ea45b7b9a2b1eb5a5",26,6,48,"gp_c1","mallows_gp","estimated_c",1,"FSA_lambda050","nrmse_common",0.292536379998359
"29_pwo_gp_model_specific","db6cb901415724b9f55892557a81f2cbcc3e7f91cf2f712ea45b7b9a2b1eb5a5",26,6,48,"gp_c1","mallows_gp","estimated_c",1,"SA_hamming_foldover","nrmse_common",0.306096497086561
"29_pwo_gp_model_specific","db6cb901415724b9f55892557a81f2cbcc3e7f91cf2f712ea45b7b9a2b1eb5a5",26,6,48,"gp_c1","mallows_gp","estimated_c",1,"SA_l2_position_foldover","nrmse_common",0.314155198928084
"29_pwo_gp_model_specific","db6cb901415724b9f55892557a81f2cbcc3e7f91cf2f712ea45b7b9a2b1eb5a5",26,6,48,"gp_c1","mallows_gp","estimated_c",1,"random_foldover","nrmse_common",0.317615876228678
"29_pwo_gp_model_specific","db6cb901415724b9f55892557a81f2cbcc3e7f91cf2f712ea45b7b9a2b1eb5a5",26,6,48,"gp_c4","mallows_gp","estimated_c",4,"FSA_lambda050","nrmse_common",0.780798695486829
"29_pwo_gp_model_specific","db6cb901415724b9f55892557a81f2cbcc3e7f91cf2f712ea45b7b9a2b1eb5a5",26,6,48,"gp_c4","mallows_gp","estimated_c",4,"SA_hamming_foldover","nrmse_common",0.909473897840674
"29_pwo_gp_model_specific","db6cb901415724b9f55892557a81f2cbcc3e7f91cf2f712ea45b7b9a2b1eb5a5",26,6,48,"gp_c4","mallows_gp","estimated_c",4,"SA_l2_position_foldover","nrmse_common",0.799046790365655
"29_pwo_gp_model_specific","db6cb901415724b9f55892557a81f2cbcc3e7f91cf2f712ea45b7b9a2b1eb5a5",26,6,48,"gp_c4","mallows_gp","estimated_c",4,"random_foldover","nrmse_common",0.821038700843096
"29_pwo_gp_model_specific","db6cb901415724b9f55892557a81f2cbcc3e7f91cf2f712ea45b7b9a2b1eb5a5",26,6,60,"gp_c1","mallows_gp","estimated_c",1,"FSA_lambda050","nrmse_common",0.248099033406638
"29_pwo_gp_model_specific","db6cb901415724b9f55892557a81f2cbcc3e7f91cf2f712ea45b7b9a2b1eb5a5",26,6,60,"gp_c1","mallows_gp","estimated_c",1,"SA_hamming_foldover","nrmse_common",0.25078862369064
"29_pwo_gp_model_specific","db6cb901415724b9f55892557a81f2cbcc3e7f91cf2f712ea45b7b9a2b1eb5a5",26,6,60,"gp_c1","mallows_gp","estimated_c",1,"SA_l2_position_foldover","nrmse_common",0.253249171945958
"29_pwo_gp_model_specific","db6cb901415724b9f55892557a81f2cbcc3e7f91cf2f712ea45b7b9a2b1eb5a5",26,6,60,"gp_c1","mallows_gp","estimated_c",1,"random_foldover","nrmse_common",0.279514820960473
"29_pwo_gp_model_specific","db6cb901415724b9f55892557a81f2cbcc3e7f91cf2f712ea45b7b9a2b1eb5a5",26,6,60,"gp_c4","mallows_gp","estimated_c",4,"FSA_lambda050","nrmse_common",0.738315045563502
"29_pwo_gp_model_specific","db6cb901415724b9f55892557a81f2cbcc3e7f91cf2f712ea45b7b9a2b1eb5a5",26,6,60,"gp_c4","mallows_gp","estimated_c",4,"SA_hamming_foldover","nrmse_common",0.772148122162932
"29_pwo_gp_model_specific","db6cb901415724b9f55892557a81f2cbcc3e7f91cf2f712ea45b7b9a2b1eb5a5",26,6,60,"gp_c4","mallows_gp","estimated_c",4,"SA_l2_position_foldover","nrmse_common",0.754364765933326
"29_pwo_gp_model_specific","db6cb901415724b9f55892557a81f2cbcc3e7f91cf2f712ea45b7b9a2b1eb5a5",26,6,60,"gp_c4","mallows_gp","estimated_c",4,"random_foldover","nrmse_common",0.766092269592931
"29_pwo_gp_model_specific","db6cb901415724b9f55892557a81f2cbcc3e7f91cf2f712ea45b7b9a2b1eb5a5",27,6,48,"gp_c1","mallows_gp","estimated_c",1,"FSA_lambda050","nrmse_common",0.434241084039271
"29_pwo_gp_model_specific","db6cb901415724b9f55892557a81f2cbcc3e7f91cf2f712ea45b7b9a2b1eb5a5",27,6,48,"gp_c1","mallows_gp","estimated_c",1,"SA_hamming_foldover","nrmse_common",0.456415437151203
"29_pwo_gp_model_specific","db6cb901415724b9f55892557a81f2cbcc3e7f91cf2f712ea45b7b9a2b1eb5a5",27,6,48,"gp_c1","mallows_gp","estimated_c",1,"SA_l2_position_foldover","nrmse_common",0.440333176791572
"29_pwo_gp_model_specific","db6cb901415724b9f55892557a81f2cbcc3e7f91cf2f712ea45b7b9a2b1eb5a5",27,6,48,"gp_c1","mallows_gp","estimated_c",1,"random_foldover","nrmse_common",0.494818685093284
"29_pwo_gp_model_specific","db6cb901415724b9f55892557a81f2cbcc3e7f91cf2f712ea45b7b9a2b1eb5a5",27,6,48,"gp_c4","mallows_gp","estimated_c",4,"FSA_lambda050","nrmse_common",0.974036491759295
"29_pwo_gp_model_specific","db6cb901415724b9f55892557a81f2cbcc3e7f91cf2f712ea45b7b9a2b1eb5a5",27,6,48,"gp_c4","mallows_gp","estimated_c",4,"SA_hamming_foldover","nrmse_common",0.773318051664502
"29_pwo_gp_model_specific","db6cb901415724b9f55892557a81f2cbcc3e7f91cf2f712ea45b7b9a2b1eb5a5",27,6,48,"gp_c4","mallows_gp","estimated_c",4,"SA_l2_position_foldover","nrmse_common",0.754783152387378
"29_pwo_gp_model_specific","db6cb901415724b9f55892557a81f2cbcc3e7f91cf2f712ea45b7b9a2b1eb5a5",27,6,48,"gp_c4","mallows_gp","estimated_c",4,"random_foldover","nrmse_common",0.679239615963611
"29_pwo_gp_model_specific","db6cb901415724b9f55892557a81f2cbcc3e7f91cf2f712ea45b7b9a2b1eb5a5",27,6,60,"gp_c1","mallows_gp","estimated_c",1,"FSA_lambda050","nrmse_common",0.406271996238795
"29_pwo_gp_model_specific","db6cb901415724b9f55892557a81f2cbcc3e7f91cf2f712ea45b7b9a2b1eb5a5",27,6,60,"gp_c1","mallows_gp","estimated_c",1,"SA_hamming_foldover","nrmse_common",0.50507920337822
"29_pwo_gp_model_specific","db6cb901415724b9f55892557a81f2cbcc3e7f91cf2f712ea45b7b9a2b1eb5a5",27,6,60,"gp_c1","mallows_gp","estimated_c",1,"SA_l2_position_foldover","nrmse_common",0.389697821125666
"29_pwo_gp_model_specific","db6cb901415724b9f55892557a81f2cbcc3e7f91cf2f712ea45b7b9a2b1eb5a5",27,6,60,"gp_c1","mallows_gp","estimated_c",1,"random_foldover","nrmse_common",0.424301455905465
"29_pwo_gp_model_specific","db6cb901415724b9f55892557a81f2cbcc3e7f91cf2f712ea45b7b9a2b1eb5a5",27,6,60,"gp_c4","mallows_gp","estimated_c",4,"FSA_lambda050","nrmse_common",0.741358276951475
"29_pwo_gp_model_specific","db6cb901415724b9f55892557a81f2cbcc3e7f91cf2f712ea45b7b9a2b1eb5a5",27,6,60,"gp_c4","mallows_gp","estimated_c",4,"SA_hamming_foldover","nrmse_common",0.706424363560896
"29_pwo_gp_model_specific","db6cb901415724b9f55892557a81f2cbcc3e7f91cf2f712ea45b7b9a2b1eb5a5",27,6,60,"gp_c4","mallows_gp","estimated_c",4,"SA_l2_position_foldover","nrmse_common",0.729696790147766
"29_pwo_gp_model_specific","db6cb901415724b9f55892557a81f2cbcc3e7f91cf2f712ea45b7b9a2b1eb5a5",27,6,60,"gp_c4","mallows_gp","estimated_c",4,"random_foldover","nrmse_common",0.833980923093629
"29_pwo_gp_model_specific","db6cb901415724b9f55892557a81f2cbcc3e7f91cf2f712ea45b7b9a2b1eb5a5",28,6,48,"gp_c1","mallows_gp","estimated_c",1,"FSA_lambda050","nrmse_common",0.336409229009033
"29_pwo_gp_model_specific","db6cb901415724b9f55892557a81f2cbcc3e7f91cf2f712ea45b7b9a2b1eb5a5",28,6,48,"gp_c1","mallows_gp","estimated_c",1,"SA_hamming_foldover","nrmse_common",0.460470782844095
"29_pwo_gp_model_specific","db6cb901415724b9f55892557a81f2cbcc3e7f91cf2f712ea45b7b9a2b1eb5a5",28,6,48,"gp_c1","mallows_gp","estimated_c",1,"SA_l2_position_foldover","nrmse_common",0.357777313879163
"29_pwo_gp_model_specific","db6cb901415724b9f55892557a81f2cbcc3e7f91cf2f712ea45b7b9a2b1eb5a5",28,6,48,"gp_c1","mallows_gp","estimated_c",1,"random_foldover","nrmse_common",0.341542712649877
"29_pwo_gp_model_specific","db6cb901415724b9f55892557a81f2cbcc3e7f91cf2f712ea45b7b9a2b1eb5a5",28,6,48,"gp_c4","mallows_gp","estimated_c",4,"FSA_lambda050","nrmse_common",0.624243404994653
"29_pwo_gp_model_specific","db6cb901415724b9f55892557a81f2cbcc3e7f91cf2f712ea45b7b9a2b1eb5a5",28,6,48,"gp_c4","mallows_gp","estimated_c",4,"SA_hamming_foldover","nrmse_common",0.633647515687205
"29_pwo_gp_model_specific","db6cb901415724b9f55892557a81f2cbcc3e7f91cf2f712ea45b7b9a2b1eb5a5",28,6,48,"gp_c4","mallows_gp","estimated_c",4,"SA_l2_position_foldover","nrmse_common",0.588888743487444
"29_pwo_gp_model_specific","db6cb901415724b9f55892557a81f2cbcc3e7f91cf2f712ea45b7b9a2b1eb5a5",28,6,48,"gp_c4","mallows_gp","estimated_c",4,"random_foldover","nrmse_common",0.553428105194871
"29_pwo_gp_model_specific","db6cb901415724b9f55892557a81f2cbcc3e7f91cf2f712ea45b7b9a2b1eb5a5",28,6,60,"gp_c1","mallows_gp","estimated_c",1,"FSA_lambda050","nrmse_common",0.327332103015565
"29_pwo_gp_model_specific","db6cb901415724b9f55892557a81f2cbcc3e7f91cf2f712ea45b7b9a2b1eb5a5",28,6,60,"gp_c1","mallows_gp","estimated_c",1,"SA_hamming_foldover","nrmse_common",0.325933271665517
"29_pwo_gp_model_specific","db6cb901415724b9f55892557a81f2cbcc3e7f91cf2f712ea45b7b9a2b1eb5a5",28,6,60,"gp_c1","mallows_gp","estimated_c",1,"SA_l2_position_foldover","nrmse_common",0.32838884337331
"29_pwo_gp_model_specific","db6cb901415724b9f55892557a81f2cbcc3e7f91cf2f712ea45b7b9a2b1eb5a5",28,6,60,"gp_c1","mallows_gp","estimated_c",1,"random_foldover","nrmse_common",0.314062231779402
"29_pwo_gp_model_specific","db6cb901415724b9f55892557a81f2cbcc3e7f91cf2f712ea45b7b9a2b1eb5a5",28,6,60,"gp_c4","mallows_gp","estimated_c",4,"FSA_lambda050","nrmse_common",0.53358534415703
"29_pwo_gp_model_specific","db6cb901415724b9f55892557a81f2cbcc3e7f91cf2f712ea45b7b9a2b1eb5a5",28,6,60,"gp_c4","mallows_gp","estimated_c",4,"SA_hamming_foldover","nrmse_common",0.520947754905011
"29_pwo_gp_model_specific","db6cb901415724b9f55892557a81f2cbcc3e7f91cf2f712ea45b7b9a2b1eb5a5",28,6,60,"gp_c4","mallows_gp","estimated_c",4,"SA_l2_position_foldover","nrmse_common",0.563565349445905
"29_pwo_gp_model_specific","db6cb901415724b9f55892557a81f2cbcc3e7f91cf2f712ea45b7b9a2b1eb5a5",28,6,60,"gp_c4","mallows_gp","estimated_c",4,"random_foldover","nrmse_common",0.557051665931997
"29_pwo_gp_model_specific","db6cb901415724b9f55892557a81f2cbcc3e7f91cf2f712ea45b7b9a2b1eb5a5",29,6,48,"gp_c1","mallows_gp","estimated_c",1,"FSA_lambda050","nrmse_common",0.285940480003126
"29_pwo_gp_model_specific","db6cb901415724b9f55892557a81f2cbcc3e7f91cf2f712ea45b7b9a2b1eb5a5",29,6,48,"gp_c1","mallows_gp","estimated_c",1,"SA_hamming_foldover","nrmse_common",0.240310504193053
"29_pwo_gp_model_specific","db6cb901415724b9f55892557a81f2cbcc3e7f91cf2f712ea45b7b9a2b1eb5a5",29,6,48,"gp_c1","mallows_gp","estimated_c",1,"SA_l2_position_foldover","nrmse_common",0.301826957063451
"29_pwo_gp_model_specific","db6cb901415724b9f55892557a81f2cbcc3e7f91cf2f712ea45b7b9a2b1eb5a5",29,6,48,"gp_c1","mallows_gp","estimated_c",1,"random_foldover","nrmse_common",0.293162361536992
"29_pwo_gp_model_specific","db6cb901415724b9f55892557a81f2cbcc3e7f91cf2f712ea45b7b9a2b1eb5a5",29,6,48,"gp_c4","mallows_gp","estimated_c",4,"FSA_lambda050","nrmse_common",0.55435773779578
"29_pwo_gp_model_specific","db6cb901415724b9f55892557a81f2cbcc3e7f91cf2f712ea45b7b9a2b1eb5a5",29,6,48,"gp_c4","mallows_gp","estimated_c",4,"SA_hamming_foldover","nrmse_common",0.597496582919705
"29_pwo_gp_model_specific","db6cb901415724b9f55892557a81f2cbcc3e7f91cf2f712ea45b7b9a2b1eb5a5",29,6,48,"gp_c4","mallows_gp","estimated_c",4,"SA_l2_position_foldover","nrmse_common",0.601427175613048
"29_pwo_gp_model_specific","db6cb901415724b9f55892557a81f2cbcc3e7f91cf2f712ea45b7b9a2b1eb5a5",29,6,48,"gp_c4","mallows_gp","estimated_c",4,"random_foldover","nrmse_common",0.620040257399197
"29_pwo_gp_model_specific","db6cb901415724b9f55892557a81f2cbcc3e7f91cf2f712ea45b7b9a2b1eb5a5",29,6,60,"gp_c1","mallows_gp","estimated_c",1,"FSA_lambda050","nrmse_common",0.251399694065881
"29_pwo_gp_model_specific","db6cb901415724b9f55892557a81f2cbcc3e7f91cf2f712ea45b7b9a2b1eb5a5",29,6,60,"gp_c1","mallows_gp","estimated_c",1,"SA_hamming_foldover","nrmse_common",0.269519646786999
"29_pwo_gp_model_specific","db6cb901415724b9f55892557a81f2cbcc3e7f91cf2f712ea45b7b9a2b1eb5a5",29,6,60,"gp_c1","mallows_gp","estimated_c",1,"SA_l2_position_foldover","nrmse_common",0.243941595499956
"29_pwo_gp_model_specific","db6cb901415724b9f55892557a81f2cbcc3e7f91cf2f712ea45b7b9a2b1eb5a5",29,6,60,"gp_c1","mallows_gp","estimated_c",1,"random_foldover","nrmse_common",0.243717152886216
"29_pwo_gp_model_specific","db6cb901415724b9f55892557a81f2cbcc3e7f91cf2f712ea45b7b9a2b1eb5a5",29,6,60,"gp_c4","mallows_gp","estimated_c",4,"FSA_lambda050","nrmse_common",0.532600724804916
"29_pwo_gp_model_specific","db6cb901415724b9f55892557a81f2cbcc3e7f91cf2f712ea45b7b9a2b1eb5a5",29,6,60,"gp_c4","mallows_gp","estimated_c",4,"SA_hamming_foldover","nrmse_common",0.689018736874536
"29_pwo_gp_model_specific","db6cb901415724b9f55892557a81f2cbcc3e7f91cf2f712ea45b7b9a2b1eb5a5",29,6,60,"gp_c4","mallows_gp","estimated_c",4,"SA_l2_position_foldover","nrmse_common",0.595237440693148
"29_pwo_gp_model_specific","db6cb901415724b9f55892557a81f2cbcc3e7f91cf2f712ea45b7b9a2b1eb5a5",29,6,60,"gp_c4","mallows_gp","estimated_c",4,"random_foldover","nrmse_common",0.628091302296702
"29_pwo_gp_model_specific","db6cb901415724b9f55892557a81f2cbcc3e7f91cf2f712ea45b7b9a2b1eb5a5",30,6,48,"gp_c1","mallows_gp","estimated_c",1,"FSA_lambda050","nrmse_common",0.332875431966426
"29_pwo_gp_model_specific","db6cb901415724b9f55892557a81f2cbcc3e7f91cf2f712ea45b7b9a2b1eb5a5",30,6,48,"gp_c1","mallows_gp","estimated_c",1,"SA_hamming_foldover","nrmse_common",0.327505457877834
"29_pwo_gp_model_specific","db6cb901415724b9f55892557a81f2cbcc3e7f91cf2f712ea45b7b9a2b1eb5a5",30,6,48,"gp_c1","mallows_gp","estimated_c",1,"SA_l2_position_foldover","nrmse_common",0.264957175726157
"29_pwo_gp_model_specific","db6cb901415724b9f55892557a81f2cbcc3e7f91cf2f712ea45b7b9a2b1eb5a5",30,6,48,"gp_c1","mallows_gp","estimated_c",1,"random_foldover","nrmse_common",0.321586415039668
"29_pwo_gp_model_specific","db6cb901415724b9f55892557a81f2cbcc3e7f91cf2f712ea45b7b9a2b1eb5a5",30,6,48,"gp_c4","mallows_gp","estimated_c",4,"FSA_lambda050","nrmse_common",0.827230537109421
"29_pwo_gp_model_specific","db6cb901415724b9f55892557a81f2cbcc3e7f91cf2f712ea45b7b9a2b1eb5a5",30,6,48,"gp_c4","mallows_gp","estimated_c",4,"SA_hamming_foldover","nrmse_common",0.744760460773037
"29_pwo_gp_model_specific","db6cb901415724b9f55892557a81f2cbcc3e7f91cf2f712ea45b7b9a2b1eb5a5",30,6,48,"gp_c4","mallows_gp","estimated_c",4,"SA_l2_position_foldover","nrmse_common",0.781764172984706
"29_pwo_gp_model_specific","db6cb901415724b9f55892557a81f2cbcc3e7f91cf2f712ea45b7b9a2b1eb5a5",30,6,48,"gp_c4","mallows_gp","estimated_c",4,"random_foldover","nrmse_common",0.837390755201954
"29_pwo_gp_model_specific","db6cb901415724b9f55892557a81f2cbcc3e7f91cf2f712ea45b7b9a2b1eb5a5",30,6,60,"gp_c1","mallows_gp","estimated_c",1,"FSA_lambda050","nrmse_common",0.279600659608154
"29_pwo_gp_model_specific","db6cb901415724b9f55892557a81f2cbcc3e7f91cf2f712ea45b7b9a2b1eb5a5",30,6,60,"gp_c1","mallows_gp","estimated_c",1,"SA_hamming_foldover","nrmse_common",0.291939450495854
"29_pwo_gp_model_specific","db6cb901415724b9f55892557a81f2cbcc3e7f91cf2f712ea45b7b9a2b1eb5a5",30,6,60,"gp_c1","mallows_gp","estimated_c",1,"SA_l2_position_foldover","nrmse_common",0.243770476536473
"29_pwo_gp_model_specific","db6cb901415724b9f55892557a81f2cbcc3e7f91cf2f712ea45b7b9a2b1eb5a5",30,6,60,"gp_c1","mallows_gp","estimated_c",1,"random_foldover","nrmse_common",0.298851061250384
"29_pwo_gp_model_specific","db6cb901415724b9f55892557a81f2cbcc3e7f91cf2f712ea45b7b9a2b1eb5a5",30,6,60,"gp_c4","mallows_gp","estimated_c",4,"FSA_lambda050","nrmse_common",0.717605592676668
"29_pwo_gp_model_specific","db6cb901415724b9f55892557a81f2cbcc3e7f91cf2f712ea45b7b9a2b1eb5a5",30,6,60,"gp_c4","mallows_gp","estimated_c",4,"SA_hamming_foldover","nrmse_common",0.795925860541542
"29_pwo_gp_model_specific","db6cb901415724b9f55892557a81f2cbcc3e7f91cf2f712ea45b7b9a2b1eb5a5",30,6,60,"gp_c4","mallows_gp","estimated_c",4,"SA_l2_position_foldover","nrmse_common",0.794401942692949
"29_pwo_gp_model_specific","db6cb901415724b9f55892557a81f2cbcc3e7f91cf2f712ea45b7b9a2b1eb5a5",30,6,60,"gp_c4","mallows_gp","estimated_c",4,"random_foldover","nrmse_common",0.747304133915239
"29_pwo_gp_model_specific","db6cb901415724b9f55892557a81f2cbcc3e7f91cf2f712ea45b7b9a2b1eb5a5",31,6,48,"gp_c1","mallows_gp","estimated_c",1,"FSA_lambda050","nrmse_common",0.282243506747212
"29_pwo_gp_model_specific","db6cb901415724b9f55892557a81f2cbcc3e7f91cf2f712ea45b7b9a2b1eb5a5",31,6,48,"gp_c1","mallows_gp","estimated_c",1,"SA_hamming_foldover","nrmse_common",0.284758805829658
"29_pwo_gp_model_specific","db6cb901415724b9f55892557a81f2cbcc3e7f91cf2f712ea45b7b9a2b1eb5a5",31,6,48,"gp_c1","mallows_gp","estimated_c",1,"SA_l2_position_foldover","nrmse_common",0.305375809376771
"29_pwo_gp_model_specific","db6cb901415724b9f55892557a81f2cbcc3e7f91cf2f712ea45b7b9a2b1eb5a5",31,6,48,"gp_c1","mallows_gp","estimated_c",1,"random_foldover","nrmse_common",0.306029682022512
"29_pwo_gp_model_specific","db6cb901415724b9f55892557a81f2cbcc3e7f91cf2f712ea45b7b9a2b1eb5a5",31,6,48,"gp_c4","mallows_gp","estimated_c",4,"FSA_lambda050","nrmse_common",0.82466753680159
"29_pwo_gp_model_specific","db6cb901415724b9f55892557a81f2cbcc3e7f91cf2f712ea45b7b9a2b1eb5a5",31,6,48,"gp_c4","mallows_gp","estimated_c",4,"SA_hamming_foldover","nrmse_common",0.841433071398024
"29_pwo_gp_model_specific","db6cb901415724b9f55892557a81f2cbcc3e7f91cf2f712ea45b7b9a2b1eb5a5",31,6,48,"gp_c4","mallows_gp","estimated_c",4,"SA_l2_position_foldover","nrmse_common",0.849940931374422
"29_pwo_gp_model_specific","db6cb901415724b9f55892557a81f2cbcc3e7f91cf2f712ea45b7b9a2b1eb5a5",31,6,48,"gp_c4","mallows_gp","estimated_c",4,"random_foldover","nrmse_common",0.849323099279458
"29_pwo_gp_model_specific","db6cb901415724b9f55892557a81f2cbcc3e7f91cf2f712ea45b7b9a2b1eb5a5",31,6,60,"gp_c1","mallows_gp","estimated_c",1,"FSA_lambda050","nrmse_common",0.282025340920866
"29_pwo_gp_model_specific","db6cb901415724b9f55892557a81f2cbcc3e7f91cf2f712ea45b7b9a2b1eb5a5",31,6,60,"gp_c1","mallows_gp","estimated_c",1,"SA_hamming_foldover","nrmse_common",0.265507563506925
"29_pwo_gp_model_specific","db6cb901415724b9f55892557a81f2cbcc3e7f91cf2f712ea45b7b9a2b1eb5a5",31,6,60,"gp_c1","mallows_gp","estimated_c",1,"SA_l2_position_foldover","nrmse_common",0.29222206571015
"29_pwo_gp_model_specific","db6cb901415724b9f55892557a81f2cbcc3e7f91cf2f712ea45b7b9a2b1eb5a5",31,6,60,"gp_c1","mallows_gp","estimated_c",1,"random_foldover","nrmse_common",0.337120253995979
"29_pwo_gp_model_specific","db6cb901415724b9f55892557a81f2cbcc3e7f91cf2f712ea45b7b9a2b1eb5a5",31,6,60,"gp_c4","mallows_gp","estimated_c",4,"FSA_lambda050","nrmse_common",0.759224112612633
"29_pwo_gp_model_specific","db6cb901415724b9f55892557a81f2cbcc3e7f91cf2f712ea45b7b9a2b1eb5a5",31,6,60,"gp_c4","mallows_gp","estimated_c",4,"SA_hamming_foldover","nrmse_common",0.824597701227938
"29_pwo_gp_model_specific","db6cb901415724b9f55892557a81f2cbcc3e7f91cf2f712ea45b7b9a2b1eb5a5",31,6,60,"gp_c4","mallows_gp","estimated_c",4,"SA_l2_position_foldover","nrmse_common",0.753953767350902
"29_pwo_gp_model_specific","db6cb901415724b9f55892557a81f2cbcc3e7f91cf2f712ea45b7b9a2b1eb5a5",31,6,60,"gp_c4","mallows_gp","estimated_c",4,"random_foldover","nrmse_common",0.831784393154296
"29_pwo_gp_model_specific","db6cb901415724b9f55892557a81f2cbcc3e7f91cf2f712ea45b7b9a2b1eb5a5",32,6,48,"gp_c1","mallows_gp","estimated_c",1,"FSA_lambda050","nrmse_common",0.444096930239677
"29_pwo_gp_model_specific","db6cb901415724b9f55892557a81f2cbcc3e7f91cf2f712ea45b7b9a2b1eb5a5",32,6,48,"gp_c1","mallows_gp","estimated_c",1,"SA_hamming_foldover","nrmse_common",0.383253168618971
"29_pwo_gp_model_specific","db6cb901415724b9f55892557a81f2cbcc3e7f91cf2f712ea45b7b9a2b1eb5a5",32,6,48,"gp_c1","mallows_gp","estimated_c",1,"SA_l2_position_foldover","nrmse_common",0.381841433367321
"29_pwo_gp_model_specific","db6cb901415724b9f55892557a81f2cbcc3e7f91cf2f712ea45b7b9a2b1eb5a5",32,6,48,"gp_c1","mallows_gp","estimated_c",1,"random_foldover","nrmse_common",0.451488700587044
"29_pwo_gp_model_specific","db6cb901415724b9f55892557a81f2cbcc3e7f91cf2f712ea45b7b9a2b1eb5a5",32,6,48,"gp_c4","mallows_gp","estimated_c",4,"FSA_lambda050","nrmse_common",0.666683227843823
"29_pwo_gp_model_specific","db6cb901415724b9f55892557a81f2cbcc3e7f91cf2f712ea45b7b9a2b1eb5a5",32,6,48,"gp_c4","mallows_gp","estimated_c",4,"SA_hamming_foldover","nrmse_common",0.743587128547346
"29_pwo_gp_model_specific","db6cb901415724b9f55892557a81f2cbcc3e7f91cf2f712ea45b7b9a2b1eb5a5",32,6,48,"gp_c4","mallows_gp","estimated_c",4,"SA_l2_position_foldover","nrmse_common",0.667725024701074
"29_pwo_gp_model_specific","db6cb901415724b9f55892557a81f2cbcc3e7f91cf2f712ea45b7b9a2b1eb5a5",32,6,48,"gp_c4","mallows_gp","estimated_c",4,"random_foldover","nrmse_common",0.746612228024564
"29_pwo_gp_model_specific","db6cb901415724b9f55892557a81f2cbcc3e7f91cf2f712ea45b7b9a2b1eb5a5",32,6,60,"gp_c1","mallows_gp","estimated_c",1,"FSA_lambda050","nrmse_common",0.398329374438716
"29_pwo_gp_model_specific","db6cb901415724b9f55892557a81f2cbcc3e7f91cf2f712ea45b7b9a2b1eb5a5",32,6,60,"gp_c1","mallows_gp","estimated_c",1,"SA_hamming_foldover","nrmse_common",0.391214729158695
"29_pwo_gp_model_specific","db6cb901415724b9f55892557a81f2cbcc3e7f91cf2f712ea45b7b9a2b1eb5a5",32,6,60,"gp_c1","mallows_gp","estimated_c",1,"SA_l2_position_foldover","nrmse_common",0.385428961989145
"29_pwo_gp_model_specific","db6cb901415724b9f55892557a81f2cbcc3e7f91cf2f712ea45b7b9a2b1eb5a5",32,6,60,"gp_c1","mallows_gp","estimated_c",1,"random_foldover","nrmse_common",0.3945109755195
"29_pwo_gp_model_specific","db6cb901415724b9f55892557a81f2cbcc3e7f91cf2f712ea45b7b9a2b1eb5a5",32,6,60,"gp_c4","mallows_gp","estimated_c",4,"FSA_lambda050","nrmse_common",0.642978130221755
"29_pwo_gp_model_specific","db6cb901415724b9f55892557a81f2cbcc3e7f91cf2f712ea45b7b9a2b1eb5a5",32,6,60,"gp_c4","mallows_gp","estimated_c",4,"SA_hamming_foldover","nrmse_common",0.735008948567082
"29_pwo_gp_model_specific","db6cb901415724b9f55892557a81f2cbcc3e7f91cf2f712ea45b7b9a2b1eb5a5",32,6,60,"gp_c4","mallows_gp","estimated_c",4,"SA_l2_position_foldover","nrmse_common",0.619203887790899
"29_pwo_gp_model_specific","db6cb901415724b9f55892557a81f2cbcc3e7f91cf2f712ea45b7b9a2b1eb5a5",32,6,60,"gp_c4","mallows_gp","estimated_c",4,"random_foldover","nrmse_common",0.665976754484733
"29_pwo_gp_model_specific","db6cb901415724b9f55892557a81f2cbcc3e7f91cf2f712ea45b7b9a2b1eb5a5",33,6,48,"gp_c1","mallows_gp","estimated_c",1,"FSA_lambda050","nrmse_common",0.354572174861685
"29_pwo_gp_model_specific","db6cb901415724b9f55892557a81f2cbcc3e7f91cf2f712ea45b7b9a2b1eb5a5",33,6,48,"gp_c1","mallows_gp","estimated_c",1,"SA_hamming_foldover","nrmse_common",0.347898136233022
"29_pwo_gp_model_specific","db6cb901415724b9f55892557a81f2cbcc3e7f91cf2f712ea45b7b9a2b1eb5a5",33,6,48,"gp_c1","mallows_gp","estimated_c",1,"SA_l2_position_foldover","nrmse_common",0.377926601388471
"29_pwo_gp_model_specific","db6cb901415724b9f55892557a81f2cbcc3e7f91cf2f712ea45b7b9a2b1eb5a5",33,6,48,"gp_c1","mallows_gp","estimated_c",1,"random_foldover","nrmse_common",0.43848618596185
"29_pwo_gp_model_specific","db6cb901415724b9f55892557a81f2cbcc3e7f91cf2f712ea45b7b9a2b1eb5a5",33,6,48,"gp_c4","mallows_gp","estimated_c",4,"FSA_lambda050","nrmse_common",0.716009430661907
"29_pwo_gp_model_specific","db6cb901415724b9f55892557a81f2cbcc3e7f91cf2f712ea45b7b9a2b1eb5a5",33,6,48,"gp_c4","mallows_gp","estimated_c",4,"SA_hamming_foldover","nrmse_common",0.824165992025254
"29_pwo_gp_model_specific","db6cb901415724b9f55892557a81f2cbcc3e7f91cf2f712ea45b7b9a2b1eb5a5",33,6,48,"gp_c4","mallows_gp","estimated_c",4,"SA_l2_position_foldover","nrmse_common",0.65593904427681
"29_pwo_gp_model_specific","db6cb901415724b9f55892557a81f2cbcc3e7f91cf2f712ea45b7b9a2b1eb5a5",33,6,48,"gp_c4","mallows_gp","estimated_c",4,"random_foldover","nrmse_common",0.760811193475962
"29_pwo_gp_model_specific","db6cb901415724b9f55892557a81f2cbcc3e7f91cf2f712ea45b7b9a2b1eb5a5",33,6,60,"gp_c1","mallows_gp","estimated_c",1,"FSA_lambda050","nrmse_common",0.299173602490275
"29_pwo_gp_model_specific","db6cb901415724b9f55892557a81f2cbcc3e7f91cf2f712ea45b7b9a2b1eb5a5",33,6,60,"gp_c1","mallows_gp","estimated_c",1,"SA_hamming_foldover","nrmse_common",0.373055883514583
"29_pwo_gp_model_specific","db6cb901415724b9f55892557a81f2cbcc3e7f91cf2f712ea45b7b9a2b1eb5a5",33,6,60,"gp_c1","mallows_gp","estimated_c",1,"SA_l2_position_foldover","nrmse_common",0.338651712262423
"29_pwo_gp_model_specific","db6cb901415724b9f55892557a81f2cbcc3e7f91cf2f712ea45b7b9a2b1eb5a5",33,6,60,"gp_c1","mallows_gp","estimated_c",1,"random_foldover","nrmse_common",0.326662502567043
"29_pwo_gp_model_specific","db6cb901415724b9f55892557a81f2cbcc3e7f91cf2f712ea45b7b9a2b1eb5a5",33,6,60,"gp_c4","mallows_gp","estimated_c",4,"FSA_lambda050","nrmse_common",0.666405539001438
"29_pwo_gp_model_specific","db6cb901415724b9f55892557a81f2cbcc3e7f91cf2f712ea45b7b9a2b1eb5a5",33,6,60,"gp_c4","mallows_gp","estimated_c",4,"SA_hamming_foldover","nrmse_common",0.683430712760781
"29_pwo_gp_model_specific","db6cb901415724b9f55892557a81f2cbcc3e7f91cf2f712ea45b7b9a2b1eb5a5",33,6,60,"gp_c4","mallows_gp","estimated_c",4,"SA_l2_position_foldover","nrmse_common",0.647090307069724
"29_pwo_gp_model_specific","db6cb901415724b9f55892557a81f2cbcc3e7f91cf2f712ea45b7b9a2b1eb5a5",33,6,60,"gp_c4","mallows_gp","estimated_c",4,"random_foldover","nrmse_common",0.752221209145466
"29_pwo_gp_model_specific","db6cb901415724b9f55892557a81f2cbcc3e7f91cf2f712ea45b7b9a2b1eb5a5",34,6,48,"gp_c1","mallows_gp","estimated_c",1,"FSA_lambda050","nrmse_common",0.48136176774492
"29_pwo_gp_model_specific","db6cb901415724b9f55892557a81f2cbcc3e7f91cf2f712ea45b7b9a2b1eb5a5",34,6,48,"gp_c1","mallows_gp","estimated_c",1,"SA_hamming_foldover","nrmse_common",0.496869850038623
"29_pwo_gp_model_specific","db6cb901415724b9f55892557a81f2cbcc3e7f91cf2f712ea45b7b9a2b1eb5a5",34,6,48,"gp_c1","mallows_gp","estimated_c",1,"SA_l2_position_foldover","nrmse_common",0.46903238215262
"29_pwo_gp_model_specific","db6cb901415724b9f55892557a81f2cbcc3e7f91cf2f712ea45b7b9a2b1eb5a5",34,6,48,"gp_c1","mallows_gp","estimated_c",1,"random_foldover","nrmse_common",0.473165135419908
"29_pwo_gp_model_specific","db6cb901415724b9f55892557a81f2cbcc3e7f91cf2f712ea45b7b9a2b1eb5a5",34,6,48,"gp_c4","mallows_gp","estimated_c",4,"FSA_lambda050","nrmse_common",0.622691192393153
"29_pwo_gp_model_specific","db6cb901415724b9f55892557a81f2cbcc3e7f91cf2f712ea45b7b9a2b1eb5a5",34,6,48,"gp_c4","mallows_gp","estimated_c",4,"SA_hamming_foldover","nrmse_common",0.783408785075354
"29_pwo_gp_model_specific","db6cb901415724b9f55892557a81f2cbcc3e7f91cf2f712ea45b7b9a2b1eb5a5",34,6,48,"gp_c4","mallows_gp","estimated_c",4,"SA_l2_position_foldover","nrmse_common",0.726017159289493
"29_pwo_gp_model_specific","db6cb901415724b9f55892557a81f2cbcc3e7f91cf2f712ea45b7b9a2b1eb5a5",34,6,48,"gp_c4","mallows_gp","estimated_c",4,"random_foldover","nrmse_common",0.69398774534108
"29_pwo_gp_model_specific","db6cb901415724b9f55892557a81f2cbcc3e7f91cf2f712ea45b7b9a2b1eb5a5",34,6,60,"gp_c1","mallows_gp","estimated_c",1,"FSA_lambda050","nrmse_common",0.396249911219038
"29_pwo_gp_model_specific","db6cb901415724b9f55892557a81f2cbcc3e7f91cf2f712ea45b7b9a2b1eb5a5",34,6,60,"gp_c1","mallows_gp","estimated_c",1,"SA_hamming_foldover","nrmse_common",0.441990011147101
"29_pwo_gp_model_specific","db6cb901415724b9f55892557a81f2cbcc3e7f91cf2f712ea45b7b9a2b1eb5a5",34,6,60,"gp_c1","mallows_gp","estimated_c",1,"SA_l2_position_foldover","nrmse_common",0.387071983831456
"29_pwo_gp_model_specific","db6cb901415724b9f55892557a81f2cbcc3e7f91cf2f712ea45b7b9a2b1eb5a5",34,6,60,"gp_c1","mallows_gp","estimated_c",1,"random_foldover","nrmse_common",0.522238192495476
"29_pwo_gp_model_specific","db6cb901415724b9f55892557a81f2cbcc3e7f91cf2f712ea45b7b9a2b1eb5a5",34,6,60,"gp_c4","mallows_gp","estimated_c",4,"FSA_lambda050","nrmse_common",0.574410975874583
"29_pwo_gp_model_specific","db6cb901415724b9f55892557a81f2cbcc3e7f91cf2f712ea45b7b9a2b1eb5a5",34,6,60,"gp_c4","mallows_gp","estimated_c",4,"SA_hamming_foldover","nrmse_common",0.652799058938224
"29_pwo_gp_model_specific","db6cb901415724b9f55892557a81f2cbcc3e7f91cf2f712ea45b7b9a2b1eb5a5",34,6,60,"gp_c4","mallows_gp","estimated_c",4,"SA_l2_position_foldover","nrmse_common",0.61202282067376
"29_pwo_gp_model_specific","db6cb901415724b9f55892557a81f2cbcc3e7f91cf2f712ea45b7b9a2b1eb5a5",34,6,60,"gp_c4","mallows_gp","estimated_c",4,"random_foldover","nrmse_common",0.606180569436809
"29_pwo_gp_model_specific","db6cb901415724b9f55892557a81f2cbcc3e7f91cf2f712ea45b7b9a2b1eb5a5",35,6,48,"gp_c1","mallows_gp","estimated_c",1,"FSA_lambda050","nrmse_common",0.364629274325622
"29_pwo_gp_model_specific","db6cb901415724b9f55892557a81f2cbcc3e7f91cf2f712ea45b7b9a2b1eb5a5",35,6,48,"gp_c1","mallows_gp","estimated_c",1,"SA_hamming_foldover","nrmse_common",0.366988313575378
"29_pwo_gp_model_specific","db6cb901415724b9f55892557a81f2cbcc3e7f91cf2f712ea45b7b9a2b1eb5a5",35,6,48,"gp_c1","mallows_gp","estimated_c",1,"SA_l2_position_foldover","nrmse_common",0.340165393057011
"29_pwo_gp_model_specific","db6cb901415724b9f55892557a81f2cbcc3e7f91cf2f712ea45b7b9a2b1eb5a5",35,6,48,"gp_c1","mallows_gp","estimated_c",1,"random_foldover","nrmse_common",0.32953635626702
"29_pwo_gp_model_specific","db6cb901415724b9f55892557a81f2cbcc3e7f91cf2f712ea45b7b9a2b1eb5a5",35,6,48,"gp_c4","mallows_gp","estimated_c",4,"FSA_lambda050","nrmse_common",0.560846110058042
"29_pwo_gp_model_specific","db6cb901415724b9f55892557a81f2cbcc3e7f91cf2f712ea45b7b9a2b1eb5a5",35,6,48,"gp_c4","mallows_gp","estimated_c",4,"SA_hamming_foldover","nrmse_common",0.628401347051672
"29_pwo_gp_model_specific","db6cb901415724b9f55892557a81f2cbcc3e7f91cf2f712ea45b7b9a2b1eb5a5",35,6,48,"gp_c4","mallows_gp","estimated_c",4,"SA_l2_position_foldover","nrmse_common",0.608748566870508
"29_pwo_gp_model_specific","db6cb901415724b9f55892557a81f2cbcc3e7f91cf2f712ea45b7b9a2b1eb5a5",35,6,48,"gp_c4","mallows_gp","estimated_c",4,"random_foldover","nrmse_common",0.650881825848155
"29_pwo_gp_model_specific","db6cb901415724b9f55892557a81f2cbcc3e7f91cf2f712ea45b7b9a2b1eb5a5",35,6,60,"gp_c1","mallows_gp","estimated_c",1,"FSA_lambda050","nrmse_common",0.322945266246647
"29_pwo_gp_model_specific","db6cb901415724b9f55892557a81f2cbcc3e7f91cf2f712ea45b7b9a2b1eb5a5",35,6,60,"gp_c1","mallows_gp","estimated_c",1,"SA_hamming_foldover","nrmse_common",0.327658810552578
"29_pwo_gp_model_specific","db6cb901415724b9f55892557a81f2cbcc3e7f91cf2f712ea45b7b9a2b1eb5a5",35,6,60,"gp_c1","mallows_gp","estimated_c",1,"SA_l2_position_foldover","nrmse_common",0.334505914666668
"29_pwo_gp_model_specific","db6cb901415724b9f55892557a81f2cbcc3e7f91cf2f712ea45b7b9a2b1eb5a5",35,6,60,"gp_c1","mallows_gp","estimated_c",1,"random_foldover","nrmse_common",0.319969601016641
"29_pwo_gp_model_specific","db6cb901415724b9f55892557a81f2cbcc3e7f91cf2f712ea45b7b9a2b1eb5a5",35,6,60,"gp_c4","mallows_gp","estimated_c",4,"FSA_lambda050","nrmse_common",0.557175527580928
"29_pwo_gp_model_specific","db6cb901415724b9f55892557a81f2cbcc3e7f91cf2f712ea45b7b9a2b1eb5a5",35,6,60,"gp_c4","mallows_gp","estimated_c",4,"SA_hamming_foldover","nrmse_common",0.657755032221016
"29_pwo_gp_model_specific","db6cb901415724b9f55892557a81f2cbcc3e7f91cf2f712ea45b7b9a2b1eb5a5",35,6,60,"gp_c4","mallows_gp","estimated_c",4,"SA_l2_position_foldover","nrmse_common",0.653207692672886
"29_pwo_gp_model_specific","db6cb901415724b9f55892557a81f2cbcc3e7f91cf2f712ea45b7b9a2b1eb5a5",35,6,60,"gp_c4","mallows_gp","estimated_c",4,"random_foldover","nrmse_common",0.568616802222428
"29_pwo_gp_model_specific","db6cb901415724b9f55892557a81f2cbcc3e7f91cf2f712ea45b7b9a2b1eb5a5",36,6,48,"gp_c1","mallows_gp","estimated_c",1,"FSA_lambda050","nrmse_common",0.334234676224103
"29_pwo_gp_model_specific","db6cb901415724b9f55892557a81f2cbcc3e7f91cf2f712ea45b7b9a2b1eb5a5",36,6,48,"gp_c1","mallows_gp","estimated_c",1,"SA_hamming_foldover","nrmse_common",0.338145030049938
"29_pwo_gp_model_specific","db6cb901415724b9f55892557a81f2cbcc3e7f91cf2f712ea45b7b9a2b1eb5a5",36,6,48,"gp_c1","mallows_gp","estimated_c",1,"SA_l2_position_foldover","nrmse_common",0.332347502691963
"29_pwo_gp_model_specific","db6cb901415724b9f55892557a81f2cbcc3e7f91cf2f712ea45b7b9a2b1eb5a5",36,6,48,"gp_c1","mallows_gp","estimated_c",1,"random_foldover","nrmse_common",0.31811830348771
"29_pwo_gp_model_specific","db6cb901415724b9f55892557a81f2cbcc3e7f91cf2f712ea45b7b9a2b1eb5a5",36,6,48,"gp_c4","mallows_gp","estimated_c",4,"FSA_lambda050","nrmse_common",0.692954173213548
"29_pwo_gp_model_specific","db6cb901415724b9f55892557a81f2cbcc3e7f91cf2f712ea45b7b9a2b1eb5a5",36,6,48,"gp_c4","mallows_gp","estimated_c",4,"SA_hamming_foldover","nrmse_common",0.787535581687179
"29_pwo_gp_model_specific","db6cb901415724b9f55892557a81f2cbcc3e7f91cf2f712ea45b7b9a2b1eb5a5",36,6,48,"gp_c4","mallows_gp","estimated_c",4,"SA_l2_position_foldover","nrmse_common",0.633302102457441
"29_pwo_gp_model_specific","db6cb901415724b9f55892557a81f2cbcc3e7f91cf2f712ea45b7b9a2b1eb5a5",36,6,48,"gp_c4","mallows_gp","estimated_c",4,"random_foldover","nrmse_common",0.68520468466463
"29_pwo_gp_model_specific","db6cb901415724b9f55892557a81f2cbcc3e7f91cf2f712ea45b7b9a2b1eb5a5",36,6,60,"gp_c1","mallows_gp","estimated_c",1,"FSA_lambda050","nrmse_common",0.314492092696351
"29_pwo_gp_model_specific","db6cb901415724b9f55892557a81f2cbcc3e7f91cf2f712ea45b7b9a2b1eb5a5",36,6,60,"gp_c1","mallows_gp","estimated_c",1,"SA_hamming_foldover","nrmse_common",0.299860028119424
"29_pwo_gp_model_specific","db6cb901415724b9f55892557a81f2cbcc3e7f91cf2f712ea45b7b9a2b1eb5a5",36,6,60,"gp_c1","mallows_gp","estimated_c",1,"SA_l2_position_foldover","nrmse_common",0.319032911299145
"29_pwo_gp_model_specific","db6cb901415724b9f55892557a81f2cbcc3e7f91cf2f712ea45b7b9a2b1eb5a5",36,6,60,"gp_c1","mallows_gp","estimated_c",1,"random_foldover","nrmse_common",0.277629262808962
"29_pwo_gp_model_specific","db6cb901415724b9f55892557a81f2cbcc3e7f91cf2f712ea45b7b9a2b1eb5a5",36,6,60,"gp_c4","mallows_gp","estimated_c",4,"FSA_lambda050","nrmse_common",0.614439158535725
"29_pwo_gp_model_specific","db6cb901415724b9f55892557a81f2cbcc3e7f91cf2f712ea45b7b9a2b1eb5a5",36,6,60,"gp_c4","mallows_gp","estimated_c",4,"SA_hamming_foldover","nrmse_common",0.661131056789667
"29_pwo_gp_model_specific","db6cb901415724b9f55892557a81f2cbcc3e7f91cf2f712ea45b7b9a2b1eb5a5",36,6,60,"gp_c4","mallows_gp","estimated_c",4,"SA_l2_position_foldover","nrmse_common",0.6407388405113
"29_pwo_gp_model_specific","db6cb901415724b9f55892557a81f2cbcc3e7f91cf2f712ea45b7b9a2b1eb5a5",36,6,60,"gp_c4","mallows_gp","estimated_c",4,"random_foldover","nrmse_common",0.644567835440676
"29_pwo_gp_model_specific","db6cb901415724b9f55892557a81f2cbcc3e7f91cf2f712ea45b7b9a2b1eb5a5",37,6,48,"gp_c1","mallows_gp","estimated_c",1,"FSA_lambda050","nrmse_common",0.292995979444012
"29_pwo_gp_model_specific","db6cb901415724b9f55892557a81f2cbcc3e7f91cf2f712ea45b7b9a2b1eb5a5",37,6,48,"gp_c1","mallows_gp","estimated_c",1,"SA_hamming_foldover","nrmse_common",0.265499735921044
"29_pwo_gp_model_specific","db6cb901415724b9f55892557a81f2cbcc3e7f91cf2f712ea45b7b9a2b1eb5a5",37,6,48,"gp_c1","mallows_gp","estimated_c",1,"SA_l2_position_foldover","nrmse_common",0.273252112518488
"29_pwo_gp_model_specific","db6cb901415724b9f55892557a81f2cbcc3e7f91cf2f712ea45b7b9a2b1eb5a5",37,6,48,"gp_c1","mallows_gp","estimated_c",1,"random_foldover","nrmse_common",0.271128294506087
"29_pwo_gp_model_specific","db6cb901415724b9f55892557a81f2cbcc3e7f91cf2f712ea45b7b9a2b1eb5a5",37,6,48,"gp_c4","mallows_gp","estimated_c",4,"FSA_lambda050","nrmse_common",0.672286526808343
"29_pwo_gp_model_specific","db6cb901415724b9f55892557a81f2cbcc3e7f91cf2f712ea45b7b9a2b1eb5a5",37,6,48,"gp_c4","mallows_gp","estimated_c",4,"SA_hamming_foldover","nrmse_common",0.601580899555959
"29_pwo_gp_model_specific","db6cb901415724b9f55892557a81f2cbcc3e7f91cf2f712ea45b7b9a2b1eb5a5",37,6,48,"gp_c4","mallows_gp","estimated_c",4,"SA_l2_position_foldover","nrmse_common",0.619662630128852
"29_pwo_gp_model_specific","db6cb901415724b9f55892557a81f2cbcc3e7f91cf2f712ea45b7b9a2b1eb5a5",37,6,48,"gp_c4","mallows_gp","estimated_c",4,"random_foldover","nrmse_common",0.625438525007039
"29_pwo_gp_model_specific","db6cb901415724b9f55892557a81f2cbcc3e7f91cf2f712ea45b7b9a2b1eb5a5",37,6,60,"gp_c1","mallows_gp","estimated_c",1,"FSA_lambda050","nrmse_common",0.25393396262057
"29_pwo_gp_model_specific","db6cb901415724b9f55892557a81f2cbcc3e7f91cf2f712ea45b7b9a2b1eb5a5",37,6,60,"gp_c1","mallows_gp","estimated_c",1,"SA_hamming_foldover","nrmse_common",0.293533257694047
"29_pwo_gp_model_specific","db6cb901415724b9f55892557a81f2cbcc3e7f91cf2f712ea45b7b9a2b1eb5a5",37,6,60,"gp_c1","mallows_gp","estimated_c",1,"SA_l2_position_foldover","nrmse_common",0.250485586570863
"29_pwo_gp_model_specific","db6cb901415724b9f55892557a81f2cbcc3e7f91cf2f712ea45b7b9a2b1eb5a5",37,6,60,"gp_c1","mallows_gp","estimated_c",1,"random_foldover","nrmse_common",0.271029887951124
"29_pwo_gp_model_specific","db6cb901415724b9f55892557a81f2cbcc3e7f91cf2f712ea45b7b9a2b1eb5a5",37,6,60,"gp_c4","mallows_gp","estimated_c",4,"FSA_lambda050","nrmse_common",0.521133476686437
"29_pwo_gp_model_specific","db6cb901415724b9f55892557a81f2cbcc3e7f91cf2f712ea45b7b9a2b1eb5a5",37,6,60,"gp_c4","mallows_gp","estimated_c",4,"SA_hamming_foldover","nrmse_common",0.55231223851607
"29_pwo_gp_model_specific","db6cb901415724b9f55892557a81f2cbcc3e7f91cf2f712ea45b7b9a2b1eb5a5",37,6,60,"gp_c4","mallows_gp","estimated_c",4,"SA_l2_position_foldover","nrmse_common",0.573822411061939
"29_pwo_gp_model_specific","db6cb901415724b9f55892557a81f2cbcc3e7f91cf2f712ea45b7b9a2b1eb5a5",37,6,60,"gp_c4","mallows_gp","estimated_c",4,"random_foldover","nrmse_common",0.585254876922316
"29_pwo_gp_model_specific","db6cb901415724b9f55892557a81f2cbcc3e7f91cf2f712ea45b7b9a2b1eb5a5",38,6,48,"gp_c1","mallows_gp","estimated_c",1,"FSA_lambda050","nrmse_common",0.313526295002243
"29_pwo_gp_model_specific","db6cb901415724b9f55892557a81f2cbcc3e7f91cf2f712ea45b7b9a2b1eb5a5",38,6,48,"gp_c1","mallows_gp","estimated_c",1,"SA_hamming_foldover","nrmse_common",0.285091903583865
"29_pwo_gp_model_specific","db6cb901415724b9f55892557a81f2cbcc3e7f91cf2f712ea45b7b9a2b1eb5a5",38,6,48,"gp_c1","mallows_gp","estimated_c",1,"SA_l2_position_foldover","nrmse_common",0.33710025330494
"29_pwo_gp_model_specific","db6cb901415724b9f55892557a81f2cbcc3e7f91cf2f712ea45b7b9a2b1eb5a5",38,6,48,"gp_c1","mallows_gp","estimated_c",1,"random_foldover","nrmse_common",0.302097490636474
"29_pwo_gp_model_specific","db6cb901415724b9f55892557a81f2cbcc3e7f91cf2f712ea45b7b9a2b1eb5a5",38,6,48,"gp_c4","mallows_gp","estimated_c",4,"FSA_lambda050","nrmse_common",0.782255525677361
"29_pwo_gp_model_specific","db6cb901415724b9f55892557a81f2cbcc3e7f91cf2f712ea45b7b9a2b1eb5a5",38,6,48,"gp_c4","mallows_gp","estimated_c",4,"SA_hamming_foldover","nrmse_common",0.8263949773222
"29_pwo_gp_model_specific","db6cb901415724b9f55892557a81f2cbcc3e7f91cf2f712ea45b7b9a2b1eb5a5",38,6,48,"gp_c4","mallows_gp","estimated_c",4,"SA_l2_position_foldover","nrmse_common",0.670428730022836
"29_pwo_gp_model_specific","db6cb901415724b9f55892557a81f2cbcc3e7f91cf2f712ea45b7b9a2b1eb5a5",38,6,48,"gp_c4","mallows_gp","estimated_c",4,"random_foldover","nrmse_common",0.775791823593301
"29_pwo_gp_model_specific","db6cb901415724b9f55892557a81f2cbcc3e7f91cf2f712ea45b7b9a2b1eb5a5",38,6,60,"gp_c1","mallows_gp","estimated_c",1,"FSA_lambda050","nrmse_common",0.248383181381269
"29_pwo_gp_model_specific","db6cb901415724b9f55892557a81f2cbcc3e7f91cf2f712ea45b7b9a2b1eb5a5",38,6,60,"gp_c1","mallows_gp","estimated_c",1,"SA_hamming_foldover","nrmse_common",0.314637882004664
"29_pwo_gp_model_specific","db6cb901415724b9f55892557a81f2cbcc3e7f91cf2f712ea45b7b9a2b1eb5a5",38,6,60,"gp_c1","mallows_gp","estimated_c",1,"SA_l2_position_foldover","nrmse_common",0.258525565669627
"29_pwo_gp_model_specific","db6cb901415724b9f55892557a81f2cbcc3e7f91cf2f712ea45b7b9a2b1eb5a5",38,6,60,"gp_c1","mallows_gp","estimated_c",1,"random_foldover","nrmse_common",0.296681654485818
"29_pwo_gp_model_specific","db6cb901415724b9f55892557a81f2cbcc3e7f91cf2f712ea45b7b9a2b1eb5a5",38,6,60,"gp_c4","mallows_gp","estimated_c",4,"FSA_lambda050","nrmse_common",0.717423626149965
"29_pwo_gp_model_specific","db6cb901415724b9f55892557a81f2cbcc3e7f91cf2f712ea45b7b9a2b1eb5a5",38,6,60,"gp_c4","mallows_gp","estimated_c",4,"SA_hamming_foldover","nrmse_common",0.61392717724994
"29_pwo_gp_model_specific","db6cb901415724b9f55892557a81f2cbcc3e7f91cf2f712ea45b7b9a2b1eb5a5",38,6,60,"gp_c4","mallows_gp","estimated_c",4,"SA_l2_position_foldover","nrmse_common",0.6033013376561
"29_pwo_gp_model_specific","db6cb901415724b9f55892557a81f2cbcc3e7f91cf2f712ea45b7b9a2b1eb5a5",38,6,60,"gp_c4","mallows_gp","estimated_c",4,"random_foldover","nrmse_common",0.691400669519581
"29_pwo_gp_model_specific","db6cb901415724b9f55892557a81f2cbcc3e7f91cf2f712ea45b7b9a2b1eb5a5",39,6,48,"gp_c1","mallows_gp","estimated_c",1,"FSA_lambda050","nrmse_common",0.250039797931132
"29_pwo_gp_model_specific","db6cb901415724b9f55892557a81f2cbcc3e7f91cf2f712ea45b7b9a2b1eb5a5",39,6,48,"gp_c1","mallows_gp","estimated_c",1,"SA_hamming_foldover","nrmse_common",0.297571222890033
"29_pwo_gp_model_specific","db6cb901415724b9f55892557a81f2cbcc3e7f91cf2f712ea45b7b9a2b1eb5a5",39,6,48,"gp_c1","mallows_gp","estimated_c",1,"SA_l2_position_foldover","nrmse_common",0.275265103964899
"29_pwo_gp_model_specific","db6cb901415724b9f55892557a81f2cbcc3e7f91cf2f712ea45b7b9a2b1eb5a5",39,6,48,"gp_c1","mallows_gp","estimated_c",1,"random_foldover","nrmse_common",0.312217117244507
"29_pwo_gp_model_specific","db6cb901415724b9f55892557a81f2cbcc3e7f91cf2f712ea45b7b9a2b1eb5a5",39,6,48,"gp_c4","mallows_gp","estimated_c",4,"FSA_lambda050","nrmse_common",0.708409160104396
"29_pwo_gp_model_specific","db6cb901415724b9f55892557a81f2cbcc3e7f91cf2f712ea45b7b9a2b1eb5a5",39,6,48,"gp_c4","mallows_gp","estimated_c",4,"SA_hamming_foldover","nrmse_common",0.723300750357477
"29_pwo_gp_model_specific","db6cb901415724b9f55892557a81f2cbcc3e7f91cf2f712ea45b7b9a2b1eb5a5",39,6,48,"gp_c4","mallows_gp","estimated_c",4,"SA_l2_position_foldover","nrmse_common",0.724059394235122
"29_pwo_gp_model_specific","db6cb901415724b9f55892557a81f2cbcc3e7f91cf2f712ea45b7b9a2b1eb5a5",39,6,48,"gp_c4","mallows_gp","estimated_c",4,"random_foldover","nrmse_common",0.711703083583112
"29_pwo_gp_model_specific","db6cb901415724b9f55892557a81f2cbcc3e7f91cf2f712ea45b7b9a2b1eb5a5",39,6,60,"gp_c1","mallows_gp","estimated_c",1,"FSA_lambda050","nrmse_common",0.251487510667483
"29_pwo_gp_model_specific","db6cb901415724b9f55892557a81f2cbcc3e7f91cf2f712ea45b7b9a2b1eb5a5",39,6,60,"gp_c1","mallows_gp","estimated_c",1,"SA_hamming_foldover","nrmse_common",0.267939748418395
"29_pwo_gp_model_specific","db6cb901415724b9f55892557a81f2cbcc3e7f91cf2f712ea45b7b9a2b1eb5a5",39,6,60,"gp_c1","mallows_gp","estimated_c",1,"SA_l2_position_foldover","nrmse_common",0.237059759521333
"29_pwo_gp_model_specific","db6cb901415724b9f55892557a81f2cbcc3e7f91cf2f712ea45b7b9a2b1eb5a5",39,6,60,"gp_c1","mallows_gp","estimated_c",1,"random_foldover","nrmse_common",0.309120854874446
"29_pwo_gp_model_specific","db6cb901415724b9f55892557a81f2cbcc3e7f91cf2f712ea45b7b9a2b1eb5a5",39,6,60,"gp_c4","mallows_gp","estimated_c",4,"FSA_lambda050","nrmse_common",0.707149411320169
"29_pwo_gp_model_specific","db6cb901415724b9f55892557a81f2cbcc3e7f91cf2f712ea45b7b9a2b1eb5a5",39,6,60,"gp_c4","mallows_gp","estimated_c",4,"SA_hamming_foldover","nrmse_common",0.757223733798708
"29_pwo_gp_model_specific","db6cb901415724b9f55892557a81f2cbcc3e7f91cf2f712ea45b7b9a2b1eb5a5",39,6,60,"gp_c4","mallows_gp","estimated_c",4,"SA_l2_position_foldover","nrmse_common",0.665158189281386
"29_pwo_gp_model_specific","db6cb901415724b9f55892557a81f2cbcc3e7f91cf2f712ea45b7b9a2b1eb5a5",39,6,60,"gp_c4","mallows_gp","estimated_c",4,"random_foldover","nrmse_common",0.725996646390037
"29_pwo_gp_model_specific","db6cb901415724b9f55892557a81f2cbcc3e7f91cf2f712ea45b7b9a2b1eb5a5",40,6,48,"gp_c1","mallows_gp","estimated_c",1,"FSA_lambda050","nrmse_common",0.444010531847442
"29_pwo_gp_model_specific","db6cb901415724b9f55892557a81f2cbcc3e7f91cf2f712ea45b7b9a2b1eb5a5",40,6,48,"gp_c1","mallows_gp","estimated_c",1,"SA_hamming_foldover","nrmse_common",0.54627847972944
"29_pwo_gp_model_specific","db6cb901415724b9f55892557a81f2cbcc3e7f91cf2f712ea45b7b9a2b1eb5a5",40,6,48,"gp_c1","mallows_gp","estimated_c",1,"SA_l2_position_foldover","nrmse_common",0.478880524263235
"29_pwo_gp_model_specific","db6cb901415724b9f55892557a81f2cbcc3e7f91cf2f712ea45b7b9a2b1eb5a5",40,6,48,"gp_c1","mallows_gp","estimated_c",1,"random_foldover","nrmse_common",0.572446565219793
"29_pwo_gp_model_specific","db6cb901415724b9f55892557a81f2cbcc3e7f91cf2f712ea45b7b9a2b1eb5a5",40,6,48,"gp_c4","mallows_gp","estimated_c",4,"FSA_lambda050","nrmse_common",0.714932939163844
"29_pwo_gp_model_specific","db6cb901415724b9f55892557a81f2cbcc3e7f91cf2f712ea45b7b9a2b1eb5a5",40,6,48,"gp_c4","mallows_gp","estimated_c",4,"SA_hamming_foldover","nrmse_common",0.667320562559266
"29_pwo_gp_model_specific","db6cb901415724b9f55892557a81f2cbcc3e7f91cf2f712ea45b7b9a2b1eb5a5",40,6,48,"gp_c4","mallows_gp","estimated_c",4,"SA_l2_position_foldover","nrmse_common",0.638716460291715
"29_pwo_gp_model_specific","db6cb901415724b9f55892557a81f2cbcc3e7f91cf2f712ea45b7b9a2b1eb5a5",40,6,48,"gp_c4","mallows_gp","estimated_c",4,"random_foldover","nrmse_common",0.659244404995539
"29_pwo_gp_model_specific","db6cb901415724b9f55892557a81f2cbcc3e7f91cf2f712ea45b7b9a2b1eb5a5",40,6,60,"gp_c1","mallows_gp","estimated_c",1,"FSA_lambda050","nrmse_common",0.453316242366217
"29_pwo_gp_model_specific","db6cb901415724b9f55892557a81f2cbcc3e7f91cf2f712ea45b7b9a2b1eb5a5",40,6,60,"gp_c1","mallows_gp","estimated_c",1,"SA_hamming_foldover","nrmse_common",0.493007330655462
"29_pwo_gp_model_specific","db6cb901415724b9f55892557a81f2cbcc3e7f91cf2f712ea45b7b9a2b1eb5a5",40,6,60,"gp_c1","mallows_gp","estimated_c",1,"SA_l2_position_foldover","nrmse_common",0.527450062778804
"29_pwo_gp_model_specific","db6cb901415724b9f55892557a81f2cbcc3e7f91cf2f712ea45b7b9a2b1eb5a5",40,6,60,"gp_c1","mallows_gp","estimated_c",1,"random_foldover","nrmse_common",0.481580000798202
"29_pwo_gp_model_specific","db6cb901415724b9f55892557a81f2cbcc3e7f91cf2f712ea45b7b9a2b1eb5a5",40,6,60,"gp_c4","mallows_gp","estimated_c",4,"FSA_lambda050","nrmse_common",0.63368711499122
"29_pwo_gp_model_specific","db6cb901415724b9f55892557a81f2cbcc3e7f91cf2f712ea45b7b9a2b1eb5a5",40,6,60,"gp_c4","mallows_gp","estimated_c",4,"SA_hamming_foldover","nrmse_common",0.649573912511077
"29_pwo_gp_model_specific","db6cb901415724b9f55892557a81f2cbcc3e7f91cf2f712ea45b7b9a2b1eb5a5",40,6,60,"gp_c4","mallows_gp","estimated_c",4,"SA_l2_position_foldover","nrmse_common",0.680390906507932
"29_pwo_gp_model_specific","db6cb901415724b9f55892557a81f2cbcc3e7f91cf2f712ea45b7b9a2b1eb5a5",40,6,60,"gp_c4","mallows_gp","estimated_c",4,"random_foldover","nrmse_common",0.659018901193033
"29_pwo_gp_model_specific","db6cb901415724b9f55892557a81f2cbcc3e7f91cf2f712ea45b7b9a2b1eb5a5",41,6,48,"gp_c1","mallows_gp","estimated_c",1,"FSA_lambda050","nrmse_common",0.23489675113416
"29_pwo_gp_model_specific","db6cb901415724b9f55892557a81f2cbcc3e7f91cf2f712ea45b7b9a2b1eb5a5",41,6,48,"gp_c1","mallows_gp","estimated_c",1,"SA_hamming_foldover","nrmse_common",0.237117486622003
"29_pwo_gp_model_specific","db6cb901415724b9f55892557a81f2cbcc3e7f91cf2f712ea45b7b9a2b1eb5a5",41,6,48,"gp_c1","mallows_gp","estimated_c",1,"SA_l2_position_foldover","nrmse_common",0.208929417788665
"29_pwo_gp_model_specific","db6cb901415724b9f55892557a81f2cbcc3e7f91cf2f712ea45b7b9a2b1eb5a5",41,6,48,"gp_c1","mallows_gp","estimated_c",1,"random_foldover","nrmse_common",0.281205461732545
"29_pwo_gp_model_specific","db6cb901415724b9f55892557a81f2cbcc3e7f91cf2f712ea45b7b9a2b1eb5a5",41,6,48,"gp_c4","mallows_gp","estimated_c",4,"FSA_lambda050","nrmse_common",0.784577553968162
"29_pwo_gp_model_specific","db6cb901415724b9f55892557a81f2cbcc3e7f91cf2f712ea45b7b9a2b1eb5a5",41,6,48,"gp_c4","mallows_gp","estimated_c",4,"SA_hamming_foldover","nrmse_common",0.773327848134597
"29_pwo_gp_model_specific","db6cb901415724b9f55892557a81f2cbcc3e7f91cf2f712ea45b7b9a2b1eb5a5",41,6,48,"gp_c4","mallows_gp","estimated_c",4,"SA_l2_position_foldover","nrmse_common",0.840376144130099
"29_pwo_gp_model_specific","db6cb901415724b9f55892557a81f2cbcc3e7f91cf2f712ea45b7b9a2b1eb5a5",41,6,48,"gp_c4","mallows_gp","estimated_c",4,"random_foldover","nrmse_common",0.842940512877024
"29_pwo_gp_model_specific","db6cb901415724b9f55892557a81f2cbcc3e7f91cf2f712ea45b7b9a2b1eb5a5",41,6,60,"gp_c1","mallows_gp","estimated_c",1,"FSA_lambda050","nrmse_common",0.202420651505619
"29_pwo_gp_model_specific","db6cb901415724b9f55892557a81f2cbcc3e7f91cf2f712ea45b7b9a2b1eb5a5",41,6,60,"gp_c1","mallows_gp","estimated_c",1,"SA_hamming_foldover","nrmse_common",0.230315697537828
"29_pwo_gp_model_specific","db6cb901415724b9f55892557a81f2cbcc3e7f91cf2f712ea45b7b9a2b1eb5a5",41,6,60,"gp_c1","mallows_gp","estimated_c",1,"SA_l2_position_foldover","nrmse_common",0.227593098382979
"29_pwo_gp_model_specific","db6cb901415724b9f55892557a81f2cbcc3e7f91cf2f712ea45b7b9a2b1eb5a5",41,6,60,"gp_c1","mallows_gp","estimated_c",1,"random_foldover","nrmse_common",0.276115016588659
"29_pwo_gp_model_specific","db6cb901415724b9f55892557a81f2cbcc3e7f91cf2f712ea45b7b9a2b1eb5a5",41,6,60,"gp_c4","mallows_gp","estimated_c",4,"FSA_lambda050","nrmse_common",0.678449155121225
"29_pwo_gp_model_specific","db6cb901415724b9f55892557a81f2cbcc3e7f91cf2f712ea45b7b9a2b1eb5a5",41,6,60,"gp_c4","mallows_gp","estimated_c",4,"SA_hamming_foldover","nrmse_common",0.715090735710244
"29_pwo_gp_model_specific","db6cb901415724b9f55892557a81f2cbcc3e7f91cf2f712ea45b7b9a2b1eb5a5",41,6,60,"gp_c4","mallows_gp","estimated_c",4,"SA_l2_position_foldover","nrmse_common",0.680510465101971
"29_pwo_gp_model_specific","db6cb901415724b9f55892557a81f2cbcc3e7f91cf2f712ea45b7b9a2b1eb5a5",41,6,60,"gp_c4","mallows_gp","estimated_c",4,"random_foldover","nrmse_common",0.656978387606303
"29_pwo_gp_model_specific","db6cb901415724b9f55892557a81f2cbcc3e7f91cf2f712ea45b7b9a2b1eb5a5",42,6,48,"gp_c1","mallows_gp","estimated_c",1,"FSA_lambda050","nrmse_common",0.560628393866798
"29_pwo_gp_model_specific","db6cb901415724b9f55892557a81f2cbcc3e7f91cf2f712ea45b7b9a2b1eb5a5",42,6,48,"gp_c1","mallows_gp","estimated_c",1,"SA_hamming_foldover","nrmse_common",0.552505155677138
"29_pwo_gp_model_specific","db6cb901415724b9f55892557a81f2cbcc3e7f91cf2f712ea45b7b9a2b1eb5a5",42,6,48,"gp_c1","mallows_gp","estimated_c",1,"SA_l2_position_foldover","nrmse_common",0.611419255051877
"29_pwo_gp_model_specific","db6cb901415724b9f55892557a81f2cbcc3e7f91cf2f712ea45b7b9a2b1eb5a5",42,6,48,"gp_c1","mallows_gp","estimated_c",1,"random_foldover","nrmse_common",0.632837305829239
"29_pwo_gp_model_specific","db6cb901415724b9f55892557a81f2cbcc3e7f91cf2f712ea45b7b9a2b1eb5a5",42,6,48,"gp_c4","mallows_gp","estimated_c",4,"FSA_lambda050","nrmse_common",0.861081900875933
"29_pwo_gp_model_specific","db6cb901415724b9f55892557a81f2cbcc3e7f91cf2f712ea45b7b9a2b1eb5a5",42,6,48,"gp_c4","mallows_gp","estimated_c",4,"SA_hamming_foldover","nrmse_common",0.892244210530006
"29_pwo_gp_model_specific","db6cb901415724b9f55892557a81f2cbcc3e7f91cf2f712ea45b7b9a2b1eb5a5",42,6,48,"gp_c4","mallows_gp","estimated_c",4,"SA_l2_position_foldover","nrmse_common",0.903813888830812
"29_pwo_gp_model_specific","db6cb901415724b9f55892557a81f2cbcc3e7f91cf2f712ea45b7b9a2b1eb5a5",42,6,48,"gp_c4","mallows_gp","estimated_c",4,"random_foldover","nrmse_common",0.776467380904747
"29_pwo_gp_model_specific","db6cb901415724b9f55892557a81f2cbcc3e7f91cf2f712ea45b7b9a2b1eb5a5",42,6,60,"gp_c1","mallows_gp","estimated_c",1,"FSA_lambda050","nrmse_common",0.48570177496396
"29_pwo_gp_model_specific","db6cb901415724b9f55892557a81f2cbcc3e7f91cf2f712ea45b7b9a2b1eb5a5",42,6,60,"gp_c1","mallows_gp","estimated_c",1,"SA_hamming_foldover","nrmse_common",0.505984479928046
"29_pwo_gp_model_specific","db6cb901415724b9f55892557a81f2cbcc3e7f91cf2f712ea45b7b9a2b1eb5a5",42,6,60,"gp_c1","mallows_gp","estimated_c",1,"SA_l2_position_foldover","nrmse_common",0.463655486910415
"29_pwo_gp_model_specific","db6cb901415724b9f55892557a81f2cbcc3e7f91cf2f712ea45b7b9a2b1eb5a5",42,6,60,"gp_c1","mallows_gp","estimated_c",1,"random_foldover","nrmse_common",0.611813981978965
"29_pwo_gp_model_specific","db6cb901415724b9f55892557a81f2cbcc3e7f91cf2f712ea45b7b9a2b1eb5a5",42,6,60,"gp_c4","mallows_gp","estimated_c",4,"FSA_lambda050","nrmse_common",0.793775144792843
"29_pwo_gp_model_specific","db6cb901415724b9f55892557a81f2cbcc3e7f91cf2f712ea45b7b9a2b1eb5a5",42,6,60,"gp_c4","mallows_gp","estimated_c",4,"SA_hamming_foldover","nrmse_common",0.860790523057013
"29_pwo_gp_model_specific","db6cb901415724b9f55892557a81f2cbcc3e7f91cf2f712ea45b7b9a2b1eb5a5",42,6,60,"gp_c4","mallows_gp","estimated_c",4,"SA_l2_position_foldover","nrmse_common",0.763104282835944
"29_pwo_gp_model_specific","db6cb901415724b9f55892557a81f2cbcc3e7f91cf2f712ea45b7b9a2b1eb5a5",42,6,60,"gp_c4","mallows_gp","estimated_c",4,"random_foldover","nrmse_common",0.822923186478823
"29_pwo_gp_model_specific","db6cb901415724b9f55892557a81f2cbcc3e7f91cf2f712ea45b7b9a2b1eb5a5",43,6,48,"gp_c1","mallows_gp","estimated_c",1,"FSA_lambda050","nrmse_common",0.212504301945954
"29_pwo_gp_model_specific","db6cb901415724b9f55892557a81f2cbcc3e7f91cf2f712ea45b7b9a2b1eb5a5",43,6,48,"gp_c1","mallows_gp","estimated_c",1,"SA_hamming_foldover","nrmse_common",0.281759279359439
"29_pwo_gp_model_specific","db6cb901415724b9f55892557a81f2cbcc3e7f91cf2f712ea45b7b9a2b1eb5a5",43,6,48,"gp_c1","mallows_gp","estimated_c",1,"SA_l2_position_foldover","nrmse_common",0.247772241692477
"29_pwo_gp_model_specific","db6cb901415724b9f55892557a81f2cbcc3e7f91cf2f712ea45b7b9a2b1eb5a5",43,6,48,"gp_c1","mallows_gp","estimated_c",1,"random_foldover","nrmse_common",0.291422515854974
"29_pwo_gp_model_specific","db6cb901415724b9f55892557a81f2cbcc3e7f91cf2f712ea45b7b9a2b1eb5a5",43,6,48,"gp_c4","mallows_gp","estimated_c",4,"FSA_lambda050","nrmse_common",0.673886444013435
"29_pwo_gp_model_specific","db6cb901415724b9f55892557a81f2cbcc3e7f91cf2f712ea45b7b9a2b1eb5a5",43,6,48,"gp_c4","mallows_gp","estimated_c",4,"SA_hamming_foldover","nrmse_common",0.67356763988527
"29_pwo_gp_model_specific","db6cb901415724b9f55892557a81f2cbcc3e7f91cf2f712ea45b7b9a2b1eb5a5",43,6,48,"gp_c4","mallows_gp","estimated_c",4,"SA_l2_position_foldover","nrmse_common",0.705644442886118
"29_pwo_gp_model_specific","db6cb901415724b9f55892557a81f2cbcc3e7f91cf2f712ea45b7b9a2b1eb5a5",43,6,48,"gp_c4","mallows_gp","estimated_c",4,"random_foldover","nrmse_common",0.695719069523759
"29_pwo_gp_model_specific","db6cb901415724b9f55892557a81f2cbcc3e7f91cf2f712ea45b7b9a2b1eb5a5",43,6,60,"gp_c1","mallows_gp","estimated_c",1,"FSA_lambda050","nrmse_common",0.20322007023759
"29_pwo_gp_model_specific","db6cb901415724b9f55892557a81f2cbcc3e7f91cf2f712ea45b7b9a2b1eb5a5",43,6,60,"gp_c1","mallows_gp","estimated_c",1,"SA_hamming_foldover","nrmse_common",0.232241385028988
"29_pwo_gp_model_specific","db6cb901415724b9f55892557a81f2cbcc3e7f91cf2f712ea45b7b9a2b1eb5a5",43,6,60,"gp_c1","mallows_gp","estimated_c",1,"SA_l2_position_foldover","nrmse_common",0.203553077469295
"29_pwo_gp_model_specific","db6cb901415724b9f55892557a81f2cbcc3e7f91cf2f712ea45b7b9a2b1eb5a5",43,6,60,"gp_c1","mallows_gp","estimated_c",1,"random_foldover","nrmse_common",0.219792154914245
"29_pwo_gp_model_specific","db6cb901415724b9f55892557a81f2cbcc3e7f91cf2f712ea45b7b9a2b1eb5a5",43,6,60,"gp_c4","mallows_gp","estimated_c",4,"FSA_lambda050","nrmse_common",0.665213089518646
"29_pwo_gp_model_specific","db6cb901415724b9f55892557a81f2cbcc3e7f91cf2f712ea45b7b9a2b1eb5a5",43,6,60,"gp_c4","mallows_gp","estimated_c",4,"SA_hamming_foldover","nrmse_common",0.655472448596901
"29_pwo_gp_model_specific","db6cb901415724b9f55892557a81f2cbcc3e7f91cf2f712ea45b7b9a2b1eb5a5",43,6,60,"gp_c4","mallows_gp","estimated_c",4,"SA_l2_position_foldover","nrmse_common",0.62609864028049
"29_pwo_gp_model_specific","db6cb901415724b9f55892557a81f2cbcc3e7f91cf2f712ea45b7b9a2b1eb5a5",43,6,60,"gp_c4","mallows_gp","estimated_c",4,"random_foldover","nrmse_common",0.675027058963522
"29_pwo_gp_model_specific","db6cb901415724b9f55892557a81f2cbcc3e7f91cf2f712ea45b7b9a2b1eb5a5",44,6,48,"gp_c1","mallows_gp","estimated_c",1,"FSA_lambda050","nrmse_common",0.396509023389106
"29_pwo_gp_model_specific","db6cb901415724b9f55892557a81f2cbcc3e7f91cf2f712ea45b7b9a2b1eb5a5",44,6,48,"gp_c1","mallows_gp","estimated_c",1,"SA_hamming_foldover","nrmse_common",0.436900753436707
"29_pwo_gp_model_specific","db6cb901415724b9f55892557a81f2cbcc3e7f91cf2f712ea45b7b9a2b1eb5a5",44,6,48,"gp_c1","mallows_gp","estimated_c",1,"SA_l2_position_foldover","nrmse_common",0.418714686309723
"29_pwo_gp_model_specific","db6cb901415724b9f55892557a81f2cbcc3e7f91cf2f712ea45b7b9a2b1eb5a5",44,6,48,"gp_c1","mallows_gp","estimated_c",1,"random_foldover","nrmse_common",0.435017271659593
"29_pwo_gp_model_specific","db6cb901415724b9f55892557a81f2cbcc3e7f91cf2f712ea45b7b9a2b1eb5a5",44,6,48,"gp_c4","mallows_gp","estimated_c",4,"FSA_lambda050","nrmse_common",0.767374469408712
"29_pwo_gp_model_specific","db6cb901415724b9f55892557a81f2cbcc3e7f91cf2f712ea45b7b9a2b1eb5a5",44,6,48,"gp_c4","mallows_gp","estimated_c",4,"SA_hamming_foldover","nrmse_common",0.778818624328389
"29_pwo_gp_model_specific","db6cb901415724b9f55892557a81f2cbcc3e7f91cf2f712ea45b7b9a2b1eb5a5",44,6,48,"gp_c4","mallows_gp","estimated_c",4,"SA_l2_position_foldover","nrmse_common",0.712173590333985
"29_pwo_gp_model_specific","db6cb901415724b9f55892557a81f2cbcc3e7f91cf2f712ea45b7b9a2b1eb5a5",44,6,48,"gp_c4","mallows_gp","estimated_c",4,"random_foldover","nrmse_common",0.89138255544831
"29_pwo_gp_model_specific","db6cb901415724b9f55892557a81f2cbcc3e7f91cf2f712ea45b7b9a2b1eb5a5",44,6,60,"gp_c1","mallows_gp","estimated_c",1,"FSA_lambda050","nrmse_common",0.375898768518165
"29_pwo_gp_model_specific","db6cb901415724b9f55892557a81f2cbcc3e7f91cf2f712ea45b7b9a2b1eb5a5",44,6,60,"gp_c1","mallows_gp","estimated_c",1,"SA_hamming_foldover","nrmse_common",0.356372286729755
"29_pwo_gp_model_specific","db6cb901415724b9f55892557a81f2cbcc3e7f91cf2f712ea45b7b9a2b1eb5a5",44,6,60,"gp_c1","mallows_gp","estimated_c",1,"SA_l2_position_foldover","nrmse_common",0.384040920608725
"29_pwo_gp_model_specific","db6cb901415724b9f55892557a81f2cbcc3e7f91cf2f712ea45b7b9a2b1eb5a5",44,6,60,"gp_c1","mallows_gp","estimated_c",1,"random_foldover","nrmse_common",0.359164230209511
"29_pwo_gp_model_specific","db6cb901415724b9f55892557a81f2cbcc3e7f91cf2f712ea45b7b9a2b1eb5a5",44,6,60,"gp_c4","mallows_gp","estimated_c",4,"FSA_lambda050","nrmse_common",0.743531594521614
"29_pwo_gp_model_specific","db6cb901415724b9f55892557a81f2cbcc3e7f91cf2f712ea45b7b9a2b1eb5a5",44,6,60,"gp_c4","mallows_gp","estimated_c",4,"SA_hamming_foldover","nrmse_common",0.80024775548071
"29_pwo_gp_model_specific","db6cb901415724b9f55892557a81f2cbcc3e7f91cf2f712ea45b7b9a2b1eb5a5",44,6,60,"gp_c4","mallows_gp","estimated_c",4,"SA_l2_position_foldover","nrmse_common",0.670634712538494
"29_pwo_gp_model_specific","db6cb901415724b9f55892557a81f2cbcc3e7f91cf2f712ea45b7b9a2b1eb5a5",44,6,60,"gp_c4","mallows_gp","estimated_c",4,"random_foldover","nrmse_common",0.821279957486242
"29_pwo_gp_model_specific","db6cb901415724b9f55892557a81f2cbcc3e7f91cf2f712ea45b7b9a2b1eb5a5",45,6,48,"gp_c1","mallows_gp","estimated_c",1,"FSA_lambda050","nrmse_common",0.42861504598881
"29_pwo_gp_model_specific","db6cb901415724b9f55892557a81f2cbcc3e7f91cf2f712ea45b7b9a2b1eb5a5",45,6,48,"gp_c1","mallows_gp","estimated_c",1,"SA_hamming_foldover","nrmse_common",0.41797714924874
"29_pwo_gp_model_specific","db6cb901415724b9f55892557a81f2cbcc3e7f91cf2f712ea45b7b9a2b1eb5a5",45,6,48,"gp_c1","mallows_gp","estimated_c",1,"SA_l2_position_foldover","nrmse_common",0.450439446625913
"29_pwo_gp_model_specific","db6cb901415724b9f55892557a81f2cbcc3e7f91cf2f712ea45b7b9a2b1eb5a5",45,6,48,"gp_c1","mallows_gp","estimated_c",1,"random_foldover","nrmse_common",0.440857588013983
"29_pwo_gp_model_specific","db6cb901415724b9f55892557a81f2cbcc3e7f91cf2f712ea45b7b9a2b1eb5a5",45,6,48,"gp_c4","mallows_gp","estimated_c",4,"FSA_lambda050","nrmse_common",0.714563371347904
"29_pwo_gp_model_specific","db6cb901415724b9f55892557a81f2cbcc3e7f91cf2f712ea45b7b9a2b1eb5a5",45,6,48,"gp_c4","mallows_gp","estimated_c",4,"SA_hamming_foldover","nrmse_common",0.719615899894032
"29_pwo_gp_model_specific","db6cb901415724b9f55892557a81f2cbcc3e7f91cf2f712ea45b7b9a2b1eb5a5",45,6,48,"gp_c4","mallows_gp","estimated_c",4,"SA_l2_position_foldover","nrmse_common",0.661183531229479
"29_pwo_gp_model_specific","db6cb901415724b9f55892557a81f2cbcc3e7f91cf2f712ea45b7b9a2b1eb5a5",45,6,48,"gp_c4","mallows_gp","estimated_c",4,"random_foldover","nrmse_common",0.762598647506643
"29_pwo_gp_model_specific","db6cb901415724b9f55892557a81f2cbcc3e7f91cf2f712ea45b7b9a2b1eb5a5",45,6,60,"gp_c1","mallows_gp","estimated_c",1,"FSA_lambda050","nrmse_common",0.369456670949528
"29_pwo_gp_model_specific","db6cb901415724b9f55892557a81f2cbcc3e7f91cf2f712ea45b7b9a2b1eb5a5",45,6,60,"gp_c1","mallows_gp","estimated_c",1,"SA_hamming_foldover","nrmse_common",0.357855148745001
"29_pwo_gp_model_specific","db6cb901415724b9f55892557a81f2cbcc3e7f91cf2f712ea45b7b9a2b1eb5a5",45,6,60,"gp_c1","mallows_gp","estimated_c",1,"SA_l2_position_foldover","nrmse_common",0.391098411925943
"29_pwo_gp_model_specific","db6cb901415724b9f55892557a81f2cbcc3e7f91cf2f712ea45b7b9a2b1eb5a5",45,6,60,"gp_c1","mallows_gp","estimated_c",1,"random_foldover","nrmse_common",0.452173187587941
"29_pwo_gp_model_specific","db6cb901415724b9f55892557a81f2cbcc3e7f91cf2f712ea45b7b9a2b1eb5a5",45,6,60,"gp_c4","mallows_gp","estimated_c",4,"FSA_lambda050","nrmse_common",0.644237032385991
"29_pwo_gp_model_specific","db6cb901415724b9f55892557a81f2cbcc3e7f91cf2f712ea45b7b9a2b1eb5a5",45,6,60,"gp_c4","mallows_gp","estimated_c",4,"SA_hamming_foldover","nrmse_common",0.691844936456233
"29_pwo_gp_model_specific","db6cb901415724b9f55892557a81f2cbcc3e7f91cf2f712ea45b7b9a2b1eb5a5",45,6,60,"gp_c4","mallows_gp","estimated_c",4,"SA_l2_position_foldover","nrmse_common",0.624531931155134
"29_pwo_gp_model_specific","db6cb901415724b9f55892557a81f2cbcc3e7f91cf2f712ea45b7b9a2b1eb5a5",45,6,60,"gp_c4","mallows_gp","estimated_c",4,"random_foldover","nrmse_common",0.645793184841581
"29_pwo_gp_model_specific","db6cb901415724b9f55892557a81f2cbcc3e7f91cf2f712ea45b7b9a2b1eb5a5",46,6,48,"gp_c1","mallows_gp","estimated_c",1,"FSA_lambda050","nrmse_common",0.301224258825186
"29_pwo_gp_model_specific","db6cb901415724b9f55892557a81f2cbcc3e7f91cf2f712ea45b7b9a2b1eb5a5",46,6,48,"gp_c1","mallows_gp","estimated_c",1,"SA_hamming_foldover","nrmse_common",0.38447656737414
"29_pwo_gp_model_specific","db6cb901415724b9f55892557a81f2cbcc3e7f91cf2f712ea45b7b9a2b1eb5a5",46,6,48,"gp_c1","mallows_gp","estimated_c",1,"SA_l2_position_foldover","nrmse_common",0.345795175489544
"29_pwo_gp_model_specific","db6cb901415724b9f55892557a81f2cbcc3e7f91cf2f712ea45b7b9a2b1eb5a5",46,6,48,"gp_c1","mallows_gp","estimated_c",1,"random_foldover","nrmse_common",0.31810305806756
"29_pwo_gp_model_specific","db6cb901415724b9f55892557a81f2cbcc3e7f91cf2f712ea45b7b9a2b1eb5a5",46,6,48,"gp_c4","mallows_gp","estimated_c",4,"FSA_lambda050","nrmse_common",0.609314057448725
"29_pwo_gp_model_specific","db6cb901415724b9f55892557a81f2cbcc3e7f91cf2f712ea45b7b9a2b1eb5a5",46,6,48,"gp_c4","mallows_gp","estimated_c",4,"SA_hamming_foldover","nrmse_common",0.577605234179403
"29_pwo_gp_model_specific","db6cb901415724b9f55892557a81f2cbcc3e7f91cf2f712ea45b7b9a2b1eb5a5",46,6,48,"gp_c4","mallows_gp","estimated_c",4,"SA_l2_position_foldover","nrmse_common",0.710820457582001
"29_pwo_gp_model_specific","db6cb901415724b9f55892557a81f2cbcc3e7f91cf2f712ea45b7b9a2b1eb5a5",46,6,48,"gp_c4","mallows_gp","estimated_c",4,"random_foldover","nrmse_common",0.745186293242468
"29_pwo_gp_model_specific","db6cb901415724b9f55892557a81f2cbcc3e7f91cf2f712ea45b7b9a2b1eb5a5",46,6,60,"gp_c1","mallows_gp","estimated_c",1,"FSA_lambda050","nrmse_common",0.312293536959935
"29_pwo_gp_model_specific","db6cb901415724b9f55892557a81f2cbcc3e7f91cf2f712ea45b7b9a2b1eb5a5",46,6,60,"gp_c1","mallows_gp","estimated_c",1,"SA_hamming_foldover","nrmse_common",0.316836670443885
"29_pwo_gp_model_specific","db6cb901415724b9f55892557a81f2cbcc3e7f91cf2f712ea45b7b9a2b1eb5a5",46,6,60,"gp_c1","mallows_gp","estimated_c",1,"SA_l2_position_foldover","nrmse_common",0.281982863511587
"29_pwo_gp_model_specific","db6cb901415724b9f55892557a81f2cbcc3e7f91cf2f712ea45b7b9a2b1eb5a5",46,6,60,"gp_c1","mallows_gp","estimated_c",1,"random_foldover","nrmse_common",0.327869659497739
"29_pwo_gp_model_specific","db6cb901415724b9f55892557a81f2cbcc3e7f91cf2f712ea45b7b9a2b1eb5a5",46,6,60,"gp_c4","mallows_gp","estimated_c",4,"FSA_lambda050","nrmse_common",0.566373841685877
"29_pwo_gp_model_specific","db6cb901415724b9f55892557a81f2cbcc3e7f91cf2f712ea45b7b9a2b1eb5a5",46,6,60,"gp_c4","mallows_gp","estimated_c",4,"SA_hamming_foldover","nrmse_common",0.563095267337322
"29_pwo_gp_model_specific","db6cb901415724b9f55892557a81f2cbcc3e7f91cf2f712ea45b7b9a2b1eb5a5",46,6,60,"gp_c4","mallows_gp","estimated_c",4,"SA_l2_position_foldover","nrmse_common",0.60315695931431
"29_pwo_gp_model_specific","db6cb901415724b9f55892557a81f2cbcc3e7f91cf2f712ea45b7b9a2b1eb5a5",46,6,60,"gp_c4","mallows_gp","estimated_c",4,"random_foldover","nrmse_common",0.656301181046027
"29_pwo_gp_model_specific","db6cb901415724b9f55892557a81f2cbcc3e7f91cf2f712ea45b7b9a2b1eb5a5",47,6,48,"gp_c1","mallows_gp","estimated_c",1,"FSA_lambda050","nrmse_common",0.397069825611069
"29_pwo_gp_model_specific","db6cb901415724b9f55892557a81f2cbcc3e7f91cf2f712ea45b7b9a2b1eb5a5",47,6,48,"gp_c1","mallows_gp","estimated_c",1,"SA_hamming_foldover","nrmse_common",0.447994609588072
"29_pwo_gp_model_specific","db6cb901415724b9f55892557a81f2cbcc3e7f91cf2f712ea45b7b9a2b1eb5a5",47,6,48,"gp_c1","mallows_gp","estimated_c",1,"SA_l2_position_foldover","nrmse_common",0.416233586392546
"29_pwo_gp_model_specific","db6cb901415724b9f55892557a81f2cbcc3e7f91cf2f712ea45b7b9a2b1eb5a5",47,6,48,"gp_c1","mallows_gp","estimated_c",1,"random_foldover","nrmse_common",0.397109721367244
"29_pwo_gp_model_specific","db6cb901415724b9f55892557a81f2cbcc3e7f91cf2f712ea45b7b9a2b1eb5a5",47,6,48,"gp_c4","mallows_gp","estimated_c",4,"FSA_lambda050","nrmse_common",0.769454810496425
"29_pwo_gp_model_specific","db6cb901415724b9f55892557a81f2cbcc3e7f91cf2f712ea45b7b9a2b1eb5a5",47,6,48,"gp_c4","mallows_gp","estimated_c",4,"SA_hamming_foldover","nrmse_common",0.792407102990163
"29_pwo_gp_model_specific","db6cb901415724b9f55892557a81f2cbcc3e7f91cf2f712ea45b7b9a2b1eb5a5",47,6,48,"gp_c4","mallows_gp","estimated_c",4,"SA_l2_position_foldover","nrmse_common",0.759723988149687
"29_pwo_gp_model_specific","db6cb901415724b9f55892557a81f2cbcc3e7f91cf2f712ea45b7b9a2b1eb5a5",47,6,48,"gp_c4","mallows_gp","estimated_c",4,"random_foldover","nrmse_common",0.864582761151306
"29_pwo_gp_model_specific","db6cb901415724b9f55892557a81f2cbcc3e7f91cf2f712ea45b7b9a2b1eb5a5",47,6,60,"gp_c1","mallows_gp","estimated_c",1,"FSA_lambda050","nrmse_common",0.325960160084597
"29_pwo_gp_model_specific","db6cb901415724b9f55892557a81f2cbcc3e7f91cf2f712ea45b7b9a2b1eb5a5",47,6,60,"gp_c1","mallows_gp","estimated_c",1,"SA_hamming_foldover","nrmse_common",0.421930361902921
"29_pwo_gp_model_specific","db6cb901415724b9f55892557a81f2cbcc3e7f91cf2f712ea45b7b9a2b1eb5a5",47,6,60,"gp_c1","mallows_gp","estimated_c",1,"SA_l2_position_foldover","nrmse_common",0.319752951420225
"29_pwo_gp_model_specific","db6cb901415724b9f55892557a81f2cbcc3e7f91cf2f712ea45b7b9a2b1eb5a5",47,6,60,"gp_c1","mallows_gp","estimated_c",1,"random_foldover","nrmse_common",0.353920804355699
"29_pwo_gp_model_specific","db6cb901415724b9f55892557a81f2cbcc3e7f91cf2f712ea45b7b9a2b1eb5a5",47,6,60,"gp_c4","mallows_gp","estimated_c",4,"FSA_lambda050","nrmse_common",0.763239161204451
"29_pwo_gp_model_specific","db6cb901415724b9f55892557a81f2cbcc3e7f91cf2f712ea45b7b9a2b1eb5a5",47,6,60,"gp_c4","mallows_gp","estimated_c",4,"SA_hamming_foldover","nrmse_common",0.788883378490767
"29_pwo_gp_model_specific","db6cb901415724b9f55892557a81f2cbcc3e7f91cf2f712ea45b7b9a2b1eb5a5",47,6,60,"gp_c4","mallows_gp","estimated_c",4,"SA_l2_position_foldover","nrmse_common",0.714291111870824
"29_pwo_gp_model_specific","db6cb901415724b9f55892557a81f2cbcc3e7f91cf2f712ea45b7b9a2b1eb5a5",47,6,60,"gp_c4","mallows_gp","estimated_c",4,"random_foldover","nrmse_common",0.729499988041773
"29_pwo_gp_model_specific","db6cb901415724b9f55892557a81f2cbcc3e7f91cf2f712ea45b7b9a2b1eb5a5",48,6,48,"gp_c1","mallows_gp","estimated_c",1,"FSA_lambda050","nrmse_common",0.410248871331131
"29_pwo_gp_model_specific","db6cb901415724b9f55892557a81f2cbcc3e7f91cf2f712ea45b7b9a2b1eb5a5",48,6,48,"gp_c1","mallows_gp","estimated_c",1,"SA_hamming_foldover","nrmse_common",0.432077056032483
"29_pwo_gp_model_specific","db6cb901415724b9f55892557a81f2cbcc3e7f91cf2f712ea45b7b9a2b1eb5a5",48,6,48,"gp_c1","mallows_gp","estimated_c",1,"SA_l2_position_foldover","nrmse_common",0.407301014850612
"29_pwo_gp_model_specific","db6cb901415724b9f55892557a81f2cbcc3e7f91cf2f712ea45b7b9a2b1eb5a5",48,6,48,"gp_c1","mallows_gp","estimated_c",1,"random_foldover","nrmse_common",0.43989836275909
"29_pwo_gp_model_specific","db6cb901415724b9f55892557a81f2cbcc3e7f91cf2f712ea45b7b9a2b1eb5a5",48,6,48,"gp_c4","mallows_gp","estimated_c",4,"FSA_lambda050","nrmse_common",0.674573783207801
"29_pwo_gp_model_specific","db6cb901415724b9f55892557a81f2cbcc3e7f91cf2f712ea45b7b9a2b1eb5a5",48,6,48,"gp_c4","mallows_gp","estimated_c",4,"SA_hamming_foldover","nrmse_common",0.756016469143336
"29_pwo_gp_model_specific","db6cb901415724b9f55892557a81f2cbcc3e7f91cf2f712ea45b7b9a2b1eb5a5",48,6,48,"gp_c4","mallows_gp","estimated_c",4,"SA_l2_position_foldover","nrmse_common",0.724457591275598
"29_pwo_gp_model_specific","db6cb901415724b9f55892557a81f2cbcc3e7f91cf2f712ea45b7b9a2b1eb5a5",48,6,48,"gp_c4","mallows_gp","estimated_c",4,"random_foldover","nrmse_common",0.684579860963138
"29_pwo_gp_model_specific","db6cb901415724b9f55892557a81f2cbcc3e7f91cf2f712ea45b7b9a2b1eb5a5",48,6,60,"gp_c1","mallows_gp","estimated_c",1,"FSA_lambda050","nrmse_common",0.349561644212049
"29_pwo_gp_model_specific","db6cb901415724b9f55892557a81f2cbcc3e7f91cf2f712ea45b7b9a2b1eb5a5",48,6,60,"gp_c1","mallows_gp","estimated_c",1,"SA_hamming_foldover","nrmse_common",0.372535016338072
"29_pwo_gp_model_specific","db6cb901415724b9f55892557a81f2cbcc3e7f91cf2f712ea45b7b9a2b1eb5a5",48,6,60,"gp_c1","mallows_gp","estimated_c",1,"SA_l2_position_foldover","nrmse_common",0.342265593281958
"29_pwo_gp_model_specific","db6cb901415724b9f55892557a81f2cbcc3e7f91cf2f712ea45b7b9a2b1eb5a5",48,6,60,"gp_c1","mallows_gp","estimated_c",1,"random_foldover","nrmse_common",0.355917655099002
"29_pwo_gp_model_specific","db6cb901415724b9f55892557a81f2cbcc3e7f91cf2f712ea45b7b9a2b1eb5a5",48,6,60,"gp_c4","mallows_gp","estimated_c",4,"FSA_lambda050","nrmse_common",0.626182805061195
"29_pwo_gp_model_specific","db6cb901415724b9f55892557a81f2cbcc3e7f91cf2f712ea45b7b9a2b1eb5a5",48,6,60,"gp_c4","mallows_gp","estimated_c",4,"SA_hamming_foldover","nrmse_common",0.648937498743747
"29_pwo_gp_model_specific","db6cb901415724b9f55892557a81f2cbcc3e7f91cf2f712ea45b7b9a2b1eb5a5",48,6,60,"gp_c4","mallows_gp","estimated_c",4,"SA_l2_position_foldover","nrmse_common",0.681446226748992
"29_pwo_gp_model_specific","db6cb901415724b9f55892557a81f2cbcc3e7f91cf2f712ea45b7b9a2b1eb5a5",48,6,60,"gp_c4","mallows_gp","estimated_c",4,"random_foldover","nrmse_common",0.64664007203119
"29_pwo_gp_model_specific","db6cb901415724b9f55892557a81f2cbcc3e7f91cf2f712ea45b7b9a2b1eb5a5",49,6,48,"gp_c1","mallows_gp","estimated_c",1,"FSA_lambda050","nrmse_common",0.386849993041062
"29_pwo_gp_model_specific","db6cb901415724b9f55892557a81f2cbcc3e7f91cf2f712ea45b7b9a2b1eb5a5",49,6,48,"gp_c1","mallows_gp","estimated_c",1,"SA_hamming_foldover","nrmse_common",0.352501931788944
"29_pwo_gp_model_specific","db6cb901415724b9f55892557a81f2cbcc3e7f91cf2f712ea45b7b9a2b1eb5a5",49,6,48,"gp_c1","mallows_gp","estimated_c",1,"SA_l2_position_foldover","nrmse_common",0.351323127357871
"29_pwo_gp_model_specific","db6cb901415724b9f55892557a81f2cbcc3e7f91cf2f712ea45b7b9a2b1eb5a5",49,6,48,"gp_c1","mallows_gp","estimated_c",1,"random_foldover","nrmse_common",0.451015144720666
"29_pwo_gp_model_specific","db6cb901415724b9f55892557a81f2cbcc3e7f91cf2f712ea45b7b9a2b1eb5a5",49,6,48,"gp_c4","mallows_gp","estimated_c",4,"FSA_lambda050","nrmse_common",0.600459530557494
"29_pwo_gp_model_specific","db6cb901415724b9f55892557a81f2cbcc3e7f91cf2f712ea45b7b9a2b1eb5a5",49,6,48,"gp_c4","mallows_gp","estimated_c",4,"SA_hamming_foldover","nrmse_common",0.621402419797981
"29_pwo_gp_model_specific","db6cb901415724b9f55892557a81f2cbcc3e7f91cf2f712ea45b7b9a2b1eb5a5",49,6,48,"gp_c4","mallows_gp","estimated_c",4,"SA_l2_position_foldover","nrmse_common",0.627123189066252
"29_pwo_gp_model_specific","db6cb901415724b9f55892557a81f2cbcc3e7f91cf2f712ea45b7b9a2b1eb5a5",49,6,48,"gp_c4","mallows_gp","estimated_c",4,"random_foldover","nrmse_common",0.692196266396879
"29_pwo_gp_model_specific","db6cb901415724b9f55892557a81f2cbcc3e7f91cf2f712ea45b7b9a2b1eb5a5",49,6,60,"gp_c1","mallows_gp","estimated_c",1,"FSA_lambda050","nrmse_common",0.32016960881018
"29_pwo_gp_model_specific","db6cb901415724b9f55892557a81f2cbcc3e7f91cf2f712ea45b7b9a2b1eb5a5",49,6,60,"gp_c1","mallows_gp","estimated_c",1,"SA_hamming_foldover","nrmse_common",0.324152293952133
"29_pwo_gp_model_specific","db6cb901415724b9f55892557a81f2cbcc3e7f91cf2f712ea45b7b9a2b1eb5a5",49,6,60,"gp_c1","mallows_gp","estimated_c",1,"SA_l2_position_foldover","nrmse_common",0.32856452881077
"29_pwo_gp_model_specific","db6cb901415724b9f55892557a81f2cbcc3e7f91cf2f712ea45b7b9a2b1eb5a5",49,6,60,"gp_c1","mallows_gp","estimated_c",1,"random_foldover","nrmse_common",0.335831947815136
"29_pwo_gp_model_specific","db6cb901415724b9f55892557a81f2cbcc3e7f91cf2f712ea45b7b9a2b1eb5a5",49,6,60,"gp_c4","mallows_gp","estimated_c",4,"FSA_lambda050","nrmse_common",0.575076562963249
"29_pwo_gp_model_specific","db6cb901415724b9f55892557a81f2cbcc3e7f91cf2f712ea45b7b9a2b1eb5a5",49,6,60,"gp_c4","mallows_gp","estimated_c",4,"SA_hamming_foldover","nrmse_common",0.670745485452049
"29_pwo_gp_model_specific","db6cb901415724b9f55892557a81f2cbcc3e7f91cf2f712ea45b7b9a2b1eb5a5",49,6,60,"gp_c4","mallows_gp","estimated_c",4,"SA_l2_position_foldover","nrmse_common",0.591795300317442
"29_pwo_gp_model_specific","db6cb901415724b9f55892557a81f2cbcc3e7f91cf2f712ea45b7b9a2b1eb5a5",49,6,60,"gp_c4","mallows_gp","estimated_c",4,"random_foldover","nrmse_common",0.659832587097205
"29_pwo_gp_model_specific","db6cb901415724b9f55892557a81f2cbcc3e7f91cf2f712ea45b7b9a2b1eb5a5",50,6,48,"gp_c1","mallows_gp","estimated_c",1,"FSA_lambda050","nrmse_common",0.357571899355841
"29_pwo_gp_model_specific","db6cb901415724b9f55892557a81f2cbcc3e7f91cf2f712ea45b7b9a2b1eb5a5",50,6,48,"gp_c1","mallows_gp","estimated_c",1,"SA_hamming_foldover","nrmse_common",0.382228721754971
"29_pwo_gp_model_specific","db6cb901415724b9f55892557a81f2cbcc3e7f91cf2f712ea45b7b9a2b1eb5a5",50,6,48,"gp_c1","mallows_gp","estimated_c",1,"SA_l2_position_foldover","nrmse_common",0.36016909225576
"29_pwo_gp_model_specific","db6cb901415724b9f55892557a81f2cbcc3e7f91cf2f712ea45b7b9a2b1eb5a5",50,6,48,"gp_c1","mallows_gp","estimated_c",1,"random_foldover","nrmse_common",0.292853143678904
"29_pwo_gp_model_specific","db6cb901415724b9f55892557a81f2cbcc3e7f91cf2f712ea45b7b9a2b1eb5a5",50,6,48,"gp_c4","mallows_gp","estimated_c",4,"FSA_lambda050","nrmse_common",0.647466949820065
"29_pwo_gp_model_specific","db6cb901415724b9f55892557a81f2cbcc3e7f91cf2f712ea45b7b9a2b1eb5a5",50,6,48,"gp_c4","mallows_gp","estimated_c",4,"SA_hamming_foldover","nrmse_common",0.812059260640156
"29_pwo_gp_model_specific","db6cb901415724b9f55892557a81f2cbcc3e7f91cf2f712ea45b7b9a2b1eb5a5",50,6,48,"gp_c4","mallows_gp","estimated_c",4,"SA_l2_position_foldover","nrmse_common",0.685822412552231
"29_pwo_gp_model_specific","db6cb901415724b9f55892557a81f2cbcc3e7f91cf2f712ea45b7b9a2b1eb5a5",50,6,48,"gp_c4","mallows_gp","estimated_c",4,"random_foldover","nrmse_common",0.793392759971775
"29_pwo_gp_model_specific","db6cb901415724b9f55892557a81f2cbcc3e7f91cf2f712ea45b7b9a2b1eb5a5",50,6,60,"gp_c1","mallows_gp","estimated_c",1,"FSA_lambda050","nrmse_common",0.307663768920049
"29_pwo_gp_model_specific","db6cb901415724b9f55892557a81f2cbcc3e7f91cf2f712ea45b7b9a2b1eb5a5",50,6,60,"gp_c1","mallows_gp","estimated_c",1,"SA_hamming_foldover","nrmse_common",0.318344477403773
"29_pwo_gp_model_specific","db6cb901415724b9f55892557a81f2cbcc3e7f91cf2f712ea45b7b9a2b1eb5a5",50,6,60,"gp_c1","mallows_gp","estimated_c",1,"SA_l2_position_foldover","nrmse_common",0.285724475384978
"29_pwo_gp_model_specific","db6cb901415724b9f55892557a81f2cbcc3e7f91cf2f712ea45b7b9a2b1eb5a5",50,6,60,"gp_c1","mallows_gp","estimated_c",1,"random_foldover","nrmse_common",0.305879723620896
"29_pwo_gp_model_specific","db6cb901415724b9f55892557a81f2cbcc3e7f91cf2f712ea45b7b9a2b1eb5a5",50,6,60,"gp_c4","mallows_gp","estimated_c",4,"FSA_lambda050","nrmse_common",0.644059296723688
"29_pwo_gp_model_specific","db6cb901415724b9f55892557a81f2cbcc3e7f91cf2f712ea45b7b9a2b1eb5a5",50,6,60,"gp_c4","mallows_gp","estimated_c",4,"SA_hamming_foldover","nrmse_common",0.722393917945217
"29_pwo_gp_model_specific","db6cb901415724b9f55892557a81f2cbcc3e7f91cf2f712ea45b7b9a2b1eb5a5",50,6,60,"gp_c4","mallows_gp","estimated_c",4,"SA_l2_position_foldover","nrmse_common",0.746862867133876
"29_pwo_gp_model_specific","db6cb901415724b9f55892557a81f2cbcc3e7f91cf2f712ea45b7b9a2b1eb5a5",50,6,60,"gp_c4","mallows_gp","estimated_c",4,"random_foldover","nrmse_common",0.753131947000709
