"experiment","protocol_hash","source_bundle_hash","rep","m","n","method_id","internal_method","method_label","lambda","objective","l2_variant","strict_foldover","unique_run_n","reversal_orbit_n","pwo_rank","initial_seed","initial_actual_seed","initial_sampling_attempt","proposal_tape_seed","initial_H_sha256","proposal_tape_sha256","design_sha256","design_set_sha256","proposals","proposal_budget_requested","proposal_budget_exhausted","initial_objective_evals","candidate_objective_evals","invalid_proposals","rank_invalid_proposals","accepted_proposals","improving_accepts","proposal_partition_pass","budget_pass","k_min","k_m2","A","B","phi_05","kendall_min_norm","hamming_min_norm","l2_min_norm"
"29_pwo_gp_model_specific","db6cb901415724b9f55892557a81f2cbcc3e7f91cf2f712ea45b7b9a2b1eb5a5","b1d5697d50014504fea8964eae8d6ad099291a4087058c07ada854c160fad766",1,6,48,"FSA_lambda050","FSA_lambda050","FSA-KD (lambda=0.5)",0.5,"phi",NA,TRUE,48,24,16,656276457,656276457,1,69210613,"85718b3831997c684d51fc1fee8c8b9c381996df34333f54cba2bdee90cfc0b8","acf44fedfb6183ab0bfd5588b19f869bc120754d83d7ce9cc5157f5a39c2f078","6c09fd4e4c879a6b5b383097df83a785602594cce7c40eed2e4abf25389a08d5","8faf474c85249a77fd067d2ed6f101b146ddaed05b3be4adadf0f070ef05e55b",6000,6000,TRUE,1,5703,297,5,1983,933,TRUE,TRUE,2,64.8439716312057,0.166666666666667,0.995532245532246,0.581099456099456,0.133333333333333,0.333333333333333,0.239045721866879
"29_pwo_gp_model_specific","db6cb901415724b9f55892557a81f2cbcc3e7f91cf2f712ea45b7b9a2b1eb5a5","b1d5697d50014504fea8964eae8d6ad099291a4087058c07ada854c160fad766",1,6,48,"SA_hamming_foldover","Hamming","Hamming",NA,"hamming",NA,TRUE,48,24,16,656276457,656276457,1,69210613,"85718b3831997c684d51fc1fee8c8b9c381996df34333f54cba2bdee90cfc0b8","acf44fedfb6183ab0bfd5588b19f869bc120754d83d7ce9cc5157f5a39c2f078","c7e8cb878ee91e35e6bbbbad2d8e49085080dead97a92551fe0cef375b5f0b85","93152d40da88589a478102cf8351f8b229efd69f8ddec87121d7ebeb9358b770",6000,6000,TRUE,1,5619,381,3,5606,2728,TRUE,TRUE,1,66.113475177305,0,0.960761460761461,0.48038073038073,0.0666666666666667,0.333333333333333,0.169030850945703
"29_pwo_gp_model_specific","db6cb901415724b9f55892557a81f2cbcc3e7f91cf2f712ea45b7b9a2b1eb5a5","b1d5697d50014504fea8964eae8d6ad099291a4087058c07ada854c160fad766",1,6,48,"SA_l2_position_foldover","L2","L2",NA,"l2","component_position",TRUE,48,24,16,656276457,656276457,1,69210613,"85718b3831997c684d51fc1fee8c8b9c381996df34333f54cba2bdee90cfc0b8","acf44fedfb6183ab0bfd5588b19f869bc120754d83d7ce9cc5157f5a39c2f078","ef6e5c7ead423c59d0ce0cc01b5e963f36e164a81476ced2088d86f6932e42f5","16153a37ff11d9eeb5108510e624a50ba608ea13f7024608045b9a1ab897310d",6000,6000,TRUE,1,5737,263,1,3773,12,TRUE,TRUE,2,65.6808510638298,0.166666666666667,0.972610722610723,0.569638694638695,0.133333333333333,0.333333333333333,0.29277002188456
"29_pwo_gp_model_specific","db6cb901415724b9f55892557a81f2cbcc3e7f91cf2f712ea45b7b9a2b1eb5a5","b1d5697d50014504fea8964eae8d6ad099291a4087058c07ada854c160fad766",1,6,48,"random_foldover","RandomFoldover","Random foldover",NA,"none",NA,TRUE,48,24,16,656276457,656276457,1,69210613,"85718b3831997c684d51fc1fee8c8b9c381996df34333f54cba2bdee90cfc0b8","acf44fedfb6183ab0bfd5588b19f869bc120754d83d7ce9cc5157f5a39c2f078","17b91b910ae76a8291c0c1dde0257fc05a088086d4d5c4d057ec2f02ec69d818","1cf20920b09334d871c4667f136d038dffe19c346cac6c1a5d011b3f3c8cadea",0,6000,NA,0,0,0,0,0,0,TRUE,TRUE,1,66.177304964539,0,0.959013209013209,0.479506604506605,0.0666666666666667,0.333333333333333,0.169030850945703
"29_pwo_gp_model_specific","db6cb901415724b9f55892557a81f2cbcc3e7f91cf2f712ea45b7b9a2b1eb5a5","b1d5697d50014504fea8964eae8d6ad099291a4087058c07ada854c160fad766",1,6,60,"FSA_lambda050","FSA_lambda050","FSA-KD (lambda=0.5)",0.5,"phi",NA,TRUE,60,30,16,660635351,660635351,1,73569507,"d29a5442667fa42950db4614a8138682f5ee261ee570a53f2bb038c3fc9b7d3c","a691bc0549a5778400445824ce2ea412428b3b5ffaf65d35ded168a4ef042227","152a78c74d30d672ab9618d0964be4823c91e951a974c524ee8efc1ed6b8f874","c56f6a4d1facf8ed16ec68c84ef6375a38dee95c0ffc90e8e79976deef1a2792",6000,6000,TRUE,1,5644,356,0,2231,1081,TRUE,TRUE,2,64.4949152542373,0.166666666666667,0.997567820392891,0.582117243529779,0.133333333333333,0.333333333333333,0.239045721866879
"29_pwo_gp_model_specific","db6cb901415724b9f55892557a81f2cbcc3e7f91cf2f712ea45b7b9a2b1eb5a5","b1d5697d50014504fea8964eae8d6ad099291a4087058c07ada854c160fad766",1,6,60,"SA_hamming_foldover","Hamming","Hamming",NA,"hamming",NA,TRUE,60,30,16,660635351,660635351,1,73569507,"d29a5442667fa42950db4614a8138682f5ee261ee570a53f2bb038c3fc9b7d3c","a691bc0549a5778400445824ce2ea412428b3b5ffaf65d35ded168a4ef042227","91f4530291b1ffb4efa5a9ee679e3409f32f8d92836091d539100892680b782c","3d952b06de14667a092d133aa6f2888642af1527dfd6626310c59f24a99feb6c",6000,6000,TRUE,1,5518,482,0,5507,2717,TRUE,TRUE,1,65.7966101694915,0,0.961646398503274,0.480823199251637,0.0666666666666667,0.333333333333333,0.169030850945703
"29_pwo_gp_model_specific","db6cb901415724b9f55892557a81f2cbcc3e7f91cf2f712ea45b7b9a2b1eb5a5","b1d5697d50014504fea8964eae8d6ad099291a4087058c07ada854c160fad766",1,6,60,"SA_l2_position_foldover","L2","L2",NA,"l2","component_position",TRUE,60,30,16,660635351,660635351,1,73569507,"d29a5442667fa42950db4614a8138682f5ee261ee570a53f2bb038c3fc9b7d3c","a691bc0549a5778400445824ce2ea412428b3b5ffaf65d35ded168a4ef042227","ed7824d49908876ffcda704d04f968b049e9ee12a14d12ff9e4cd5bcf5fd17ec","d981161f37582137f708787b543ec29c9fe6e947a4a4252106bbdb646b538dcc",6000,6000,TRUE,1,5627,373,0,4198,3,TRUE,TRUE,2,65.2813559322034,0.166666666666667,0.975865294667914,0.57126598066729,0.133333333333333,0.333333333333333,0.239045721866879
"29_pwo_gp_model_specific","db6cb901415724b9f55892557a81f2cbcc3e7f91cf2f712ea45b7b9a2b1eb5a5","b1d5697d50014504fea8964eae8d6ad099291a4087058c07ada854c160fad766",1,6,60,"random_foldover","RandomFoldover","Random foldover",NA,"none",NA,TRUE,60,30,16,660635351,660635351,1,73569507,"d29a5442667fa42950db4614a8138682f5ee261ee570a53f2bb038c3fc9b7d3c","a691bc0549a5778400445824ce2ea412428b3b5ffaf65d35ded168a4ef042227","213db20fb34b9887a52d208106f1c3c7b228283c6fa5af5cb65f9a2240c47103","568174fad2b5656999e05f24870a1b492d141c7b3182ac21174abc813aeba825",0,6000,NA,0,0,0,0,0,0,TRUE,TRUE,1,65.7559322033898,0,0.962768942937325,0.481384471468662,0.0666666666666667,0.333333333333333,0.169030850945703
"29_pwo_gp_model_specific","db6cb901415724b9f55892557a81f2cbcc3e7f91cf2f712ea45b7b9a2b1eb5a5","b1d5697d50014504fea8964eae8d6ad099291a4087058c07ada854c160fad766",2,6,48,"FSA_lambda050","FSA_lambda050","FSA-KD (lambda=0.5)",0.5,"phi",NA,TRUE,48,24,16,656276458,656276458,1,69210614,"d2c706a032615d808a647a152b39156ae7b1153466b624c8374f53d323e91635","f2d44e0c72f59397418522d2999b8692b9ef1fc81a06ea539ed9bcdfe8ad4be8","71be0d99a57ef73b8a31793966c07041be84d430c352fcefb0fb23d2f91f21b9","7e47930be5df284354d656ce194b0525c547dea8ee1380ce15fab35b1fd85bfc",6000,6000,TRUE,1,5631,369,0,2068,1022,TRUE,TRUE,2,64.8368794326241,0.166666666666667,0.995726495726496,0.581196581196581,0.133333333333333,0.333333333333333,0.239045721866879
"29_pwo_gp_model_specific","db6cb901415724b9f55892557a81f2cbcc3e7f91cf2f712ea45b7b9a2b1eb5a5","b1d5697d50014504fea8964eae8d6ad099291a4087058c07ada854c160fad766",2,6,48,"SA_hamming_foldover","Hamming","Hamming",NA,"hamming",NA,TRUE,48,24,16,656276458,656276458,1,69210614,"d2c706a032615d808a647a152b39156ae7b1153466b624c8374f53d323e91635","f2d44e0c72f59397418522d2999b8692b9ef1fc81a06ea539ed9bcdfe8ad4be8","40115e1935c7ec137be9c8f64976f014dd8894b3b11dcddb5673a36107c5f458","c79924f911ab67899ce10f36496f9e357a9967a6f313954d8fbea5c6843f219c",6000,6000,TRUE,1,5554,446,7,5543,2776,TRUE,TRUE,2,66.5106382978723,0.166666666666667,0.94988344988345,0.558275058275058,0.133333333333333,0.333333333333333,0.239045721866879
"29_pwo_gp_model_specific","db6cb901415724b9f55892557a81f2cbcc3e7f91cf2f712ea45b7b9a2b1eb5a5","b1d5697d50014504fea8964eae8d6ad099291a4087058c07ada854c160fad766",2,6,48,"SA_l2_position_foldover","L2","L2",NA,"l2","component_position",TRUE,48,24,16,656276458,656276458,1,69210614,"d2c706a032615d808a647a152b39156ae7b1153466b624c8374f53d323e91635","f2d44e0c72f59397418522d2999b8692b9ef1fc81a06ea539ed9bcdfe8ad4be8","78329d745c86bff7ba0069e1c13c423ed0dcdc2714f9315638cd3fbbd1b5e0c0","5fc02f880d624d75c84258e6d70cd9509b93aba4dc11613f3d911449ade4e651",6000,6000,TRUE,1,5692,308,4,4385,8,TRUE,TRUE,2,65.9503546099291,0.166666666666667,0.965229215229215,0.565947940947941,0.133333333333333,0.333333333333333,0.239045721866879
"29_pwo_gp_model_specific","db6cb901415724b9f55892557a81f2cbcc3e7f91cf2f712ea45b7b9a2b1eb5a5","b1d5697d50014504fea8964eae8d6ad099291a4087058c07ada854c160fad766",2,6,48,"random_foldover","RandomFoldover","Random foldover",NA,"none",NA,TRUE,48,24,16,656276458,656276458,1,69210614,"d2c706a032615d808a647a152b39156ae7b1153466b624c8374f53d323e91635","f2d44e0c72f59397418522d2999b8692b9ef1fc81a06ea539ed9bcdfe8ad4be8","b9607c497e3bfbefd759d86e819d665aa8c32a32092c0c550def228d2657fc25","5cc41b53050a025e655430e4b6df691dcac5b70711e4627ee5da721df61ac5ba",0,6000,NA,0,0,0,0,0,0,TRUE,TRUE,1,66.822695035461,0,0.941336441336441,0.470668220668221,0.0666666666666667,0.333333333333333,0.169030850945703
"29_pwo_gp_model_specific","db6cb901415724b9f55892557a81f2cbcc3e7f91cf2f712ea45b7b9a2b1eb5a5","b1d5697d50014504fea8964eae8d6ad099291a4087058c07ada854c160fad766",2,6,60,"FSA_lambda050","FSA_lambda050","FSA-KD (lambda=0.5)",0.5,"phi",NA,TRUE,60,30,16,660635352,660635352,1,73569508,"c1b23ca70b734d943e3bc28aa982eb3339e20dc9322eef1782e9e9b477fd9216","951941c0f99916a561c5ce684b328f48490190315c611bac87888a453e014b9e","84322022b7df258e774cd1ce7a24a948b973442770575ca8a4dca7e2199b80a0","314b2a5c359cfa233ca780190d3584474822890ba982cecc5854c4242ae01084",6000,6000,TRUE,1,5640,360,0,2158,1029,TRUE,TRUE,2,64.5446327683616,0.166666666666667,0.996195821640162,0.581431244153415,0.133333333333333,0.333333333333333,0.239045721866879
"29_pwo_gp_model_specific","db6cb901415724b9f55892557a81f2cbcc3e7f91cf2f712ea45b7b9a2b1eb5a5","b1d5697d50014504fea8964eae8d6ad099291a4087058c07ada854c160fad766",2,6,60,"SA_hamming_foldover","Hamming","Hamming",NA,"hamming",NA,TRUE,60,30,16,660635352,660635352,1,73569508,"c1b23ca70b734d943e3bc28aa982eb3339e20dc9322eef1782e9e9b477fd9216","951941c0f99916a561c5ce684b328f48490190315c611bac87888a453e014b9e","1fd7f0f6f3f84c133717c5dc4bc79315f200eda42c4b45eae997e31acabafd12","f1bfd261dce124b17066e0d4c521413aa9ec9c49fb3b9f02937b44b97822ae68",6000,6000,TRUE,1,5517,483,0,5503,2687,TRUE,TRUE,1,65.5028248587571,0,0.969753663860306,0.484876831930153,0.0666666666666667,0.333333333333333,0.169030850945703
"29_pwo_gp_model_specific","db6cb901415724b9f55892557a81f2cbcc3e7f91cf2f712ea45b7b9a2b1eb5a5","b1d5697d50014504fea8964eae8d6ad099291a4087058c07ada854c160fad766",2,6,60,"SA_l2_position_foldover","L2","L2",NA,"l2","component_position",TRUE,60,30,16,660635352,660635352,1,73569508,"c1b23ca70b734d943e3bc28aa982eb3339e20dc9322eef1782e9e9b477fd9216","951941c0f99916a561c5ce684b328f48490190315c611bac87888a453e014b9e","93c611f4612b81882502c3857cd6ab739b5c1378453231e21547a86b528213f3","d598f2163106851e97a0f705a3339fdfca42efe025fb18b29ee72c8300ba6a2c",6000,6000,TRUE,1,5559,441,0,5109,2,TRUE,TRUE,2,65.3084745762712,0.166666666666667,0.975116931711881,0.570891799189274,0.133333333333333,0.333333333333333,0.239045721866879
"29_pwo_gp_model_specific","db6cb901415724b9f55892557a81f2cbcc3e7f91cf2f712ea45b7b9a2b1eb5a5","b1d5697d50014504fea8964eae8d6ad099291a4087058c07ada854c160fad766",2,6,60,"random_foldover","RandomFoldover","Random foldover",NA,"none",NA,TRUE,60,30,16,660635352,660635352,1,73569508,"c1b23ca70b734d943e3bc28aa982eb3339e20dc9322eef1782e9e9b477fd9216","951941c0f99916a561c5ce684b328f48490190315c611bac87888a453e014b9e","b28b3a6295bcb00306b553182db7323a7b05549a8a4b5777e9b2fa252f59a130","8822ba96173d3d1b7447d3e7ca275397573434aa905cd05f44a8631ee5209aac",0,6000,NA,0,0,0,0,0,0,TRUE,TRUE,1,66.0949152542373,0,0.953414405986904,0.476707202993452,0.0666666666666667,0.333333333333333,0.169030850945703
"29_pwo_gp_model_specific","db6cb901415724b9f55892557a81f2cbcc3e7f91cf2f712ea45b7b9a2b1eb5a5","b1d5697d50014504fea8964eae8d6ad099291a4087058c07ada854c160fad766",3,6,48,"FSA_lambda050","FSA_lambda050","FSA-KD (lambda=0.5)",0.5,"phi",NA,TRUE,48,24,16,656276459,656276459,1,69210615,"602666ce3df1034f6df695fdb78e6e70d4d4fca5499d53ca4200f9f2da562874","c86c7c8a57f7ce15938c35f2c45a87b905df95ce6f3ea3e1e670d5ec8ef49c74","e88a5f3d1164aab7fa699541be0ce19a68c4698edb80381e878753c25aa7dcf8","df0bac4b66dda1a0fc40d9a39a3c0651d9d3387b1781141508d05f786c339458",6000,6000,TRUE,1,5606,394,1,1988,976,TRUE,TRUE,3,64.8439716312057,0.333333333333333,0.995532245532246,0.664432789432789,0.2,0.333333333333333,0.29277002188456
"29_pwo_gp_model_specific","db6cb901415724b9f55892557a81f2cbcc3e7f91cf2f712ea45b7b9a2b1eb5a5","b1d5697d50014504fea8964eae8d6ad099291a4087058c07ada854c160fad766",3,6,48,"SA_hamming_foldover","Hamming","Hamming",NA,"hamming",NA,TRUE,48,24,16,656276459,656276459,1,69210615,"602666ce3df1034f6df695fdb78e6e70d4d4fca5499d53ca4200f9f2da562874","c86c7c8a57f7ce15938c35f2c45a87b905df95ce6f3ea3e1e670d5ec8ef49c74","9afb6203e9be8fa44895321e194e3473540adac974bf3524a7406ce93cef19d9","95c0bef69dc4856323071304127fc57fd2fabeee27ab86ba38aa1e5669a6b73a",6000,6000,TRUE,1,5602,398,6,5585,2723,TRUE,TRUE,2,66.7021276595745,0.166666666666667,0.944638694638695,0.555652680652681,0.133333333333333,0.333333333333333,0.239045721866879
"29_pwo_gp_model_specific","db6cb901415724b9f55892557a81f2cbcc3e7f91cf2f712ea45b7b9a2b1eb5a5","b1d5697d50014504fea8964eae8d6ad099291a4087058c07ada854c160fad766",3,6,48,"SA_l2_position_foldover","L2","L2",NA,"l2","component_position",TRUE,48,24,16,656276459,656276459,1,69210615,"602666ce3df1034f6df695fdb78e6e70d4d4fca5499d53ca4200f9f2da562874","c86c7c8a57f7ce15938c35f2c45a87b905df95ce6f3ea3e1e670d5ec8ef49c74","97d1b6703571f78614d9f5a5db20d0ba94e6036531cae3b255ac6cb8808dee7d","2fb3fd37d10ce0df7cad2cce491d00a3538f4c55b5ceb9f764e9ea179c3d1de9",6000,6000,TRUE,1,5746,254,2,3790,9,TRUE,TRUE,2,65.5886524822695,0.166666666666667,0.975135975135975,0.570901320901321,0.133333333333333,0.333333333333333,0.29277002188456
"29_pwo_gp_model_specific","db6cb901415724b9f55892557a81f2cbcc3e7f91cf2f712ea45b7b9a2b1eb5a5","b1d5697d50014504fea8964eae8d6ad099291a4087058c07ada854c160fad766",3,6,48,"random_foldover","RandomFoldover","Random foldover",NA,"none",NA,TRUE,48,24,16,656276459,656276459,1,69210615,"602666ce3df1034f6df695fdb78e6e70d4d4fca5499d53ca4200f9f2da562874","c86c7c8a57f7ce15938c35f2c45a87b905df95ce6f3ea3e1e670d5ec8ef49c74","a8c75fbfe2be872fe030b67a36465e7a240c5d028c4b6d60ba705bbcb5d1e7ae","b6091c3f33f0dd1aeab6ff4a295805440a5a878776af5f480872aa8ab8417701",0,6000,NA,0,0,0,0,0,0,TRUE,TRUE,1,66.886524822695,0,0.93958818958819,0.469794094794095,0.0666666666666667,0.333333333333333,0.169030850945703
"29_pwo_gp_model_specific","db6cb901415724b9f55892557a81f2cbcc3e7f91cf2f712ea45b7b9a2b1eb5a5","b1d5697d50014504fea8964eae8d6ad099291a4087058c07ada854c160fad766",3,6,60,"FSA_lambda050","FSA_lambda050","FSA-KD (lambda=0.5)",0.5,"phi",NA,TRUE,60,30,16,660635353,660635353,1,73569509,"4a893a8ce6c0156d68ba7acf53ee46d9dcac263fea733c5ab9f8d47347185e12","4b17a569df1d3bccf192f77db1e0df931d0d348b8eb7a4fd1c29178e519d899c","9a0824c9e7004aedcb7452fa09f39a7811b266fb69595ef27ce76bdf099d91d3","b09af8c20aad8644cb941059c29ac955a169137731e712a484022d5899fdfe49",6000,6000,TRUE,1,5636,364,0,2063,988,TRUE,TRUE,2,64.5310734463277,0.166666666666667,0.996570003118179,0.581618334892423,0.133333333333333,0.333333333333333,0.239045721866879
"29_pwo_gp_model_specific","db6cb901415724b9f55892557a81f2cbcc3e7f91cf2f712ea45b7b9a2b1eb5a5","b1d5697d50014504fea8964eae8d6ad099291a4087058c07ada854c160fad766",3,6,60,"SA_hamming_foldover","Hamming","Hamming",NA,"hamming",NA,TRUE,60,30,16,660635353,660635353,1,73569509,"4a893a8ce6c0156d68ba7acf53ee46d9dcac263fea733c5ab9f8d47347185e12","4b17a569df1d3bccf192f77db1e0df931d0d348b8eb7a4fd1c29178e519d899c","3b619a7dfe68d2eb3a43de3589bbb600e8955c2852fa76c05dd1fb63e9107e35","2f8240664638c02e8cd4231f909238f4764db9b1df0d7ba5c03f53669eb062fe",6000,6000,TRUE,1,5496,504,0,5491,2674,TRUE,TRUE,1,65.3446327683616,0,0.974119114437169,0.487059557218584,0.0666666666666667,0.333333333333333,0.169030850945703
"29_pwo_gp_model_specific","db6cb901415724b9f55892557a81f2cbcc3e7f91cf2f712ea45b7b9a2b1eb5a5","b1d5697d50014504fea8964eae8d6ad099291a4087058c07ada854c160fad766",3,6,60,"SA_l2_position_foldover","L2","L2",NA,"l2","component_position",TRUE,60,30,16,660635353,660635353,1,73569509,"4a893a8ce6c0156d68ba7acf53ee46d9dcac263fea733c5ab9f8d47347185e12","4b17a569df1d3bccf192f77db1e0df931d0d348b8eb7a4fd1c29178e519d899c","71ce1a7419d89cecab0858a8789f8fc39168cc7629d7f4aea8a57911be685aa4","1cef75b9669447231285f15bd194af28127c56e24a6de530df6165a1f712262b",6000,6000,TRUE,1,5612,388,0,4126,1,TRUE,TRUE,2,65.3898305084746,0.166666666666667,0.972871842843779,0.569769254755223,0.133333333333333,0.333333333333333,0.239045721866879
"29_pwo_gp_model_specific","db6cb901415724b9f55892557a81f2cbcc3e7f91cf2f712ea45b7b9a2b1eb5a5","b1d5697d50014504fea8964eae8d6ad099291a4087058c07ada854c160fad766",3,6,60,"random_foldover","RandomFoldover","Random foldover",NA,"none",NA,TRUE,60,30,16,660635353,660635353,1,73569509,"4a893a8ce6c0156d68ba7acf53ee46d9dcac263fea733c5ab9f8d47347185e12","4b17a569df1d3bccf192f77db1e0df931d0d348b8eb7a4fd1c29178e519d899c","07b3ad70927031129ea01e73e455222421a21429b3e7e27b6f50b87cf35ee3ca","e35e0e9d026b7e3272de303cc4b0c372f6a0469d49e771cb68eb9c879475ef38",0,6000,NA,0,0,0,0,0,0,TRUE,TRUE,1,66.0180790960452,0,0.955534767695666,0.477767383847833,0.0666666666666667,0.333333333333333,0.169030850945703
"29_pwo_gp_model_specific","db6cb901415724b9f55892557a81f2cbcc3e7f91cf2f712ea45b7b9a2b1eb5a5","b1d5697d50014504fea8964eae8d6ad099291a4087058c07ada854c160fad766",4,6,48,"FSA_lambda050","FSA_lambda050","FSA-KD (lambda=0.5)",0.5,"phi",NA,TRUE,48,24,16,656276460,656276460,1,69210616,"567ead98cfb3a5344b05a434f5a9b45eb801d310ec3afbef63f20a9004030799","1dbd7b2168bd4409dff2d198e4dede2559e3722151feee7ec26b5a47f88bb6d4","c5c85a4adacf1f57486fce9236be506084bc420926443893cdbf385f5a5493a5","95e7d280a782320ff365c6f5a26f034160d37cc58b8446f1f473d6841b72b208",6000,6000,TRUE,1,5579,421,2,2016,966,TRUE,TRUE,2,64.8794326241135,0.166666666666667,0.994560994560995,0.580613830613831,0.133333333333333,0.333333333333333,0.239045721866879
"29_pwo_gp_model_specific","db6cb901415724b9f55892557a81f2cbcc3e7f91cf2f712ea45b7b9a2b1eb5a5","b1d5697d50014504fea8964eae8d6ad099291a4087058c07ada854c160fad766",4,6,48,"SA_hamming_foldover","Hamming","Hamming",NA,"hamming",NA,TRUE,48,24,16,656276460,656276460,1,69210616,"567ead98cfb3a5344b05a434f5a9b45eb801d310ec3afbef63f20a9004030799","1dbd7b2168bd4409dff2d198e4dede2559e3722151feee7ec26b5a47f88bb6d4","71aca51b1791c3a9bef14f43eb85141a65606e036cbfd62582e080b75c7d40b5","eca146dc8f7f1032a78097e92cbcf810a344005b921d1a55a19ac5d45bd84bbc",6000,6000,TRUE,1,5636,364,10,5626,2779,TRUE,TRUE,2,66.3829787234042,0.166666666666667,0.953379953379954,0.56002331002331,0.133333333333333,0.333333333333333,0.239045721866879
"29_pwo_gp_model_specific","db6cb901415724b9f55892557a81f2cbcc3e7f91cf2f712ea45b7b9a2b1eb5a5","b1d5697d50014504fea8964eae8d6ad099291a4087058c07ada854c160fad766",4,6,48,"SA_l2_position_foldover","L2","L2",NA,"l2","component_position",TRUE,48,24,16,656276460,656276460,1,69210616,"567ead98cfb3a5344b05a434f5a9b45eb801d310ec3afbef63f20a9004030799","1dbd7b2168bd4409dff2d198e4dede2559e3722151feee7ec26b5a47f88bb6d4","46cb7f52ef384b00d2e546590318f7ffe446ff486adfad43e1f78c0e4eb6cbc3","f478209425b882ba013e9c54eec4ba678d4543d0ed1aa403125aade843aa65bf",6000,6000,TRUE,1,5729,271,5,3892,6,TRUE,TRUE,2,65.7021276595745,0.166666666666667,0.972027972027972,0.569347319347319,0.133333333333333,0.333333333333333,0.29277002188456
"29_pwo_gp_model_specific","db6cb901415724b9f55892557a81f2cbcc3e7f91cf2f712ea45b7b9a2b1eb5a5","b1d5697d50014504fea8964eae8d6ad099291a4087058c07ada854c160fad766",4,6,48,"random_foldover","RandomFoldover","Random foldover",NA,"none",NA,TRUE,48,24,16,656276460,656276460,1,69210616,"567ead98cfb3a5344b05a434f5a9b45eb801d310ec3afbef63f20a9004030799","1dbd7b2168bd4409dff2d198e4dede2559e3722151feee7ec26b5a47f88bb6d4","fe922b56a5516fe43e595ddc130d8a85e8a81210ca06f742136582a66ee6730e","8979f7892a9ab2d67a1278887b7986c898666c2a366d72b26ba554614f7a2937",0,6000,NA,0,0,0,0,0,0,TRUE,TRUE,1,66.5602836879433,0,0.948523698523698,0.474261849261849,0.0666666666666667,0.333333333333333,0.169030850945703
"29_pwo_gp_model_specific","db6cb901415724b9f55892557a81f2cbcc3e7f91cf2f712ea45b7b9a2b1eb5a5","b1d5697d50014504fea8964eae8d6ad099291a4087058c07ada854c160fad766",4,6,60,"FSA_lambda050","FSA_lambda050","FSA-KD (lambda=0.5)",0.5,"phi",NA,TRUE,60,30,16,660635354,660635354,1,73569510,"d60fed200017fccf7a80f9a9a5969f7f634d58e237b516270de2f751d78396ec","cfc83a81a7edfcbc12dd5782d552ac844baa09f372d805b5188ca39385515a04","521ad59390e90b066edd3578db3092ebcf63791aca5d7ab872d33ea4f236cf65","6c5a412037873d5350d4af001ada49ed771771b0b64dace5894a4b5aec5de068",6000,6000,TRUE,1,5554,446,0,2206,1116,TRUE,TRUE,2,64.5129943502825,0.166666666666667,0.997068911755535,0.581867789211101,0.133333333333333,0.333333333333333,0.239045721866879
"29_pwo_gp_model_specific","db6cb901415724b9f55892557a81f2cbcc3e7f91cf2f712ea45b7b9a2b1eb5a5","b1d5697d50014504fea8964eae8d6ad099291a4087058c07ada854c160fad766",4,6,60,"SA_hamming_foldover","Hamming","Hamming",NA,"hamming",NA,TRUE,60,30,16,660635354,660635354,1,73569510,"d60fed200017fccf7a80f9a9a5969f7f634d58e237b516270de2f751d78396ec","cfc83a81a7edfcbc12dd5782d552ac844baa09f372d805b5188ca39385515a04","6ff7bac4ad89063e200bbacb2b249233075d7e12eeb9bebf52f39f6f631a4af8","2d90a684f016f0cc0336ef6c411e9505609934031a45fe12c2bb3b36607a2020",6000,6000,TRUE,1,5479,521,0,5463,2697,TRUE,TRUE,1,65.3446327683616,0,0.974119114437169,0.487059557218584,0.0666666666666667,0.333333333333333,0.169030850945703
"29_pwo_gp_model_specific","db6cb901415724b9f55892557a81f2cbcc3e7f91cf2f712ea45b7b9a2b1eb5a5","b1d5697d50014504fea8964eae8d6ad099291a4087058c07ada854c160fad766",4,6,60,"SA_l2_position_foldover","L2","L2",NA,"l2","component_position",TRUE,60,30,16,660635354,660635354,1,73569510,"d60fed200017fccf7a80f9a9a5969f7f634d58e237b516270de2f751d78396ec","cfc83a81a7edfcbc12dd5782d552ac844baa09f372d805b5188ca39385515a04","aafc82074cff23f815fb46708ffd5158e5f19161a37251f2e74f5264a72593d0","4ef403e760f465176d633be33c612dfe0b2610246d116cc294024e445db569cb",6000,6000,TRUE,1,5588,412,0,4410,3,TRUE,TRUE,2,65.3762711864407,0.166666666666667,0.973246024321796,0.569956345494231,0.133333333333333,0.333333333333333,0.239045721866879
"29_pwo_gp_model_specific","db6cb901415724b9f55892557a81f2cbcc3e7f91cf2f712ea45b7b9a2b1eb5a5","b1d5697d50014504fea8964eae8d6ad099291a4087058c07ada854c160fad766",4,6,60,"random_foldover","RandomFoldover","Random foldover",NA,"none",NA,TRUE,60,30,16,660635354,660635354,1,73569510,"d60fed200017fccf7a80f9a9a5969f7f634d58e237b516270de2f751d78396ec","cfc83a81a7edfcbc12dd5782d552ac844baa09f372d805b5188ca39385515a04","58b012e2450860f4aa04f91404ed5ddb7d0c21d74d274f24a013a61fd968dc03","dcd2ee923a63d2a9b39d42033a6679cc724d74985756562bb4acb2538476e2a5",0,6000,NA,0,0,0,0,0,0,TRUE,TRUE,1,65.8327683615819,0,0.960648581228563,0.480324290614281,0.0666666666666667,0.333333333333333,0.169030850945703
"29_pwo_gp_model_specific","db6cb901415724b9f55892557a81f2cbcc3e7f91cf2f712ea45b7b9a2b1eb5a5","b1d5697d50014504fea8964eae8d6ad099291a4087058c07ada854c160fad766",5,6,48,"FSA_lambda050","FSA_lambda050","FSA-KD (lambda=0.5)",0.5,"phi",NA,TRUE,48,24,16,656276461,656276461,1,69210617,"eb6ba528f68d071e88bd0222e9897ffa7d2ce5d1ab99b9b6a293473909ab406c","4c59f9296027b5ecec41abe206f2a79a3c8a0da1e028d697fb690c358ccdb278","aba7fa9b5c9659d05330cd0c3da7a1bd040f8f23e733e7d6f7270d07847be806","6bd85afdf994330b49ea7544b02cfc2662ab53e4f8c721acf25bf7a8b9457133",6000,6000,TRUE,1,5672,328,6,2005,974,TRUE,TRUE,2,64.8723404255319,0.166666666666667,0.994755244755245,0.580710955710956,0.133333333333333,0.333333333333333,0.239045721866879
"29_pwo_gp_model_specific","db6cb901415724b9f55892557a81f2cbcc3e7f91cf2f712ea45b7b9a2b1eb5a5","b1d5697d50014504fea8964eae8d6ad099291a4087058c07ada854c160fad766",5,6,48,"SA_hamming_foldover","Hamming","Hamming",NA,"hamming",NA,TRUE,48,24,16,656276461,656276461,1,69210617,"eb6ba528f68d071e88bd0222e9897ffa7d2ce5d1ab99b9b6a293473909ab406c","4c59f9296027b5ecec41abe206f2a79a3c8a0da1e028d697fb690c358ccdb278","24349b77f6388278009134534313e9f301703da3dc8bda512d9f917049d4f549","c962ffe56aaa76139d3eabc01acf30995c35fc872f6f0359c3d35f3efef296af",6000,6000,TRUE,1,5596,404,10,5581,2766,TRUE,TRUE,1,66.0780141843972,0,0.961732711732712,0.480866355866356,0.0666666666666667,0.333333333333333,0.169030850945703
"29_pwo_gp_model_specific","db6cb901415724b9f55892557a81f2cbcc3e7f91cf2f712ea45b7b9a2b1eb5a5","b1d5697d50014504fea8964eae8d6ad099291a4087058c07ada854c160fad766",5,6,48,"SA_l2_position_foldover","L2","L2",NA,"l2","component_position",TRUE,48,24,16,656276461,656276461,1,69210617,"eb6ba528f68d071e88bd0222e9897ffa7d2ce5d1ab99b9b6a293473909ab406c","4c59f9296027b5ecec41abe206f2a79a3c8a0da1e028d697fb690c358ccdb278","d8c0b81c2e09b47370d39e6dba5be6f8c7a623ec42c9c1ce3f5d4d2bd75b7f1c","adfde33bfd92b5fdbbb97887ee0aae18ed8651236cf485dcdf4a39206c16db60",6000,6000,TRUE,1,5705,295,3,3621,4,TRUE,TRUE,2,65.5531914893617,0.166666666666667,0.976107226107226,0.571386946386946,0.133333333333333,0.333333333333333,0.29277002188456
"29_pwo_gp_model_specific","db6cb901415724b9f55892557a81f2cbcc3e7f91cf2f712ea45b7b9a2b1eb5a5","b1d5697d50014504fea8964eae8d6ad099291a4087058c07ada854c160fad766",5,6,48,"random_foldover","RandomFoldover","Random foldover",NA,"none",NA,TRUE,48,24,16,656276461,656276461,1,69210617,"eb6ba528f68d071e88bd0222e9897ffa7d2ce5d1ab99b9b6a293473909ab406c","4c59f9296027b5ecec41abe206f2a79a3c8a0da1e028d697fb690c358ccdb278","a628b5371d06e6641b18be95c92b5ad26802aea743dd4ff61e2c3368dbc8ef81","b085d03884106b655219194bdfcc3160fcfbeb431a24eb73846d16097a61e8d6",0,6000,NA,0,0,0,0,0,0,TRUE,TRUE,1,67.2482269503546,0,0.92968142968143,0.464840714840715,0.0666666666666667,0.333333333333333,0.169030850945703
"29_pwo_gp_model_specific","db6cb901415724b9f55892557a81f2cbcc3e7f91cf2f712ea45b7b9a2b1eb5a5","b1d5697d50014504fea8964eae8d6ad099291a4087058c07ada854c160fad766",5,6,60,"FSA_lambda050","FSA_lambda050","FSA-KD (lambda=0.5)",0.5,"phi",NA,TRUE,60,30,16,660635355,660635355,1,73569511,"d83c222630a42384899afd26d6148ac780a1ce5569ca1dd28664b48ddf46fa7a","26a80ec4856299625fd00ef38d1ee2c64e198474ae33b1588f36820f699c1022","6b65a80f01c404bf3fff214939792f537f74d513e140c5416a8dc99d8a90d490","60117111e8c8cea82cd732662ddcaf2594ca714c17e004791f515fc37e3593ae",6000,6000,TRUE,1,5525,475,0,2206,1102,TRUE,TRUE,2,64.5310734463277,0.166666666666667,0.996570003118179,0.581618334892423,0.133333333333333,0.333333333333333,0.239045721866879
"29_pwo_gp_model_specific","db6cb901415724b9f55892557a81f2cbcc3e7f91cf2f712ea45b7b9a2b1eb5a5","b1d5697d50014504fea8964eae8d6ad099291a4087058c07ada854c160fad766",5,6,60,"SA_hamming_foldover","Hamming","Hamming",NA,"hamming",NA,TRUE,60,30,16,660635355,660635355,1,73569511,"d83c222630a42384899afd26d6148ac780a1ce5569ca1dd28664b48ddf46fa7a","26a80ec4856299625fd00ef38d1ee2c64e198474ae33b1588f36820f699c1022","125514094ec1fbb877834e829f683a17ae500c021eaf82c7819a2f2c1e80b620","54b7bd42dd0a7391a5786976900a0e5f43984e3970486ae10e444109b45519ce",6000,6000,TRUE,1,5494,506,0,5486,2686,TRUE,TRUE,1,65.5977401129943,0,0.967134393514188,0.483567196757094,0.0666666666666667,0.333333333333333,0.169030850945703
"29_pwo_gp_model_specific","db6cb901415724b9f55892557a81f2cbcc3e7f91cf2f712ea45b7b9a2b1eb5a5","b1d5697d50014504fea8964eae8d6ad099291a4087058c07ada854c160fad766",5,6,60,"SA_l2_position_foldover","L2","L2",NA,"l2","component_position",TRUE,60,30,16,660635355,660635355,1,73569511,"d83c222630a42384899afd26d6148ac780a1ce5569ca1dd28664b48ddf46fa7a","26a80ec4856299625fd00ef38d1ee2c64e198474ae33b1588f36820f699c1022","69f6cc7ced0fbc37dd471fd5975c64d09b970c80a10575e46fb20edfc7d7b89e","4d4d499dfff783424364a60979c0d47f2ad4c9c1adefd73a49383b8561b355f3",6000,6000,TRUE,1,5613,387,0,4640,1,TRUE,TRUE,2,65.1864406779661,0.166666666666667,0.978484565014032,0.572575615840349,0.133333333333333,0.333333333333333,0.239045721866879
"29_pwo_gp_model_specific","db6cb901415724b9f55892557a81f2cbcc3e7f91cf2f712ea45b7b9a2b1eb5a5","b1d5697d50014504fea8964eae8d6ad099291a4087058c07ada854c160fad766",5,6,60,"random_foldover","RandomFoldover","Random foldover",NA,"none",NA,TRUE,60,30,16,660635355,660635355,1,73569511,"d83c222630a42384899afd26d6148ac780a1ce5569ca1dd28664b48ddf46fa7a","26a80ec4856299625fd00ef38d1ee2c64e198474ae33b1588f36820f699c1022","b26580bb0b5480e97f930025789423ace03a8b124734c5ddb4e3dd162790b62d","79a895ead94ceac0c5a72c96a60a3ba59973c563ecf479fadc7532de3c05763f",0,6000,NA,0,0,0,0,0,0,TRUE,TRUE,1,66.3073446327684,0,0.947552229497973,0.473776114748987,0.0666666666666667,0.333333333333333,0.169030850945703
"29_pwo_gp_model_specific","db6cb901415724b9f55892557a81f2cbcc3e7f91cf2f712ea45b7b9a2b1eb5a5","b1d5697d50014504fea8964eae8d6ad099291a4087058c07ada854c160fad766",6,6,48,"FSA_lambda050","FSA_lambda050","FSA-KD (lambda=0.5)",0.5,"phi",NA,TRUE,48,24,16,656276462,656276462,1,69210618,"b999fd8ef353483db2bf986c4623c5847fcf725817fb65ef9bc3aae9234f616d","44db248a024a251811f595059b6df77ac1ebe5642dd31b011661c1be97315f93","c76ab4c23866a242940a477593fd9f354f29a7acddddbfe8cfa3c2ca0e0f6abc","0fb223aff0d7ac1e07de0ef48a32b3275447e52c7ce4001812e3669929e2efe6",6000,6000,TRUE,1,5711,289,5,1991,984,TRUE,TRUE,2,64.886524822695,0.166666666666667,0.994366744366744,0.580516705516706,0.133333333333333,0.333333333333333,0.239045721866879
"29_pwo_gp_model_specific","db6cb901415724b9f55892557a81f2cbcc3e7f91cf2f712ea45b7b9a2b1eb5a5","b1d5697d50014504fea8964eae8d6ad099291a4087058c07ada854c160fad766",6,6,48,"SA_hamming_foldover","Hamming","Hamming",NA,"hamming",NA,TRUE,48,24,16,656276462,656276462,1,69210618,"b999fd8ef353483db2bf986c4623c5847fcf725817fb65ef9bc3aae9234f616d","44db248a024a251811f595059b6df77ac1ebe5642dd31b011661c1be97315f93","3c0b0eae4837503b8e3a139666f4dafc040aea5b377b35dd0f29a1f44a11b716","cd51da2d695a84ee9f901b9fca4020f4cb2d8e100702dfde4aa61a7db6b3e10f",6000,6000,TRUE,1,5631,369,8,5605,2772,TRUE,TRUE,2,66.6382978723404,0.166666666666667,0.946386946386946,0.556526806526807,0.133333333333333,0.333333333333333,0.239045721866879
"29_pwo_gp_model_specific","db6cb901415724b9f55892557a81f2cbcc3e7f91cf2f712ea45b7b9a2b1eb5a5","b1d5697d50014504fea8964eae8d6ad099291a4087058c07ada854c160fad766",6,6,48,"SA_l2_position_foldover","L2","L2",NA,"l2","component_position",TRUE,48,24,16,656276462,656276462,1,69210618,"b999fd8ef353483db2bf986c4623c5847fcf725817fb65ef9bc3aae9234f616d","44db248a024a251811f595059b6df77ac1ebe5642dd31b011661c1be97315f93","c8741bcba55c6ff4a4b6d1324809d812a99bec0e543fee27e20b66605eac2b12","4ea06966a9b40893fbfc0247837fa6063e6bd6b0959f7339f26c6e3f81c64aba",6000,6000,TRUE,1,5736,264,4,3700,11,TRUE,TRUE,2,65.6170212765958,0.166666666666667,0.974358974358974,0.57051282051282,0.133333333333333,0.333333333333333,0.29277002188456
"29_pwo_gp_model_specific","db6cb901415724b9f55892557a81f2cbcc3e7f91cf2f712ea45b7b9a2b1eb5a5","b1d5697d50014504fea8964eae8d6ad099291a4087058c07ada854c160fad766",6,6,48,"random_foldover","RandomFoldover","Random foldover",NA,"none",NA,TRUE,48,24,16,656276462,656276462,1,69210618,"b999fd8ef353483db2bf986c4623c5847fcf725817fb65ef9bc3aae9234f616d","44db248a024a251811f595059b6df77ac1ebe5642dd31b011661c1be97315f93","defd79d25b171bc3ce67ffef324792c51fa717412e4cd8c2b80c9490001cdda7","432b3301985610ea325d1f14b2db9a2a11dd4a1915fe302ac03c9d5cea0f4cad",0,6000,NA,0,0,0,0,0,0,TRUE,TRUE,1,66.7872340425532,0,0.942307692307692,0.471153846153846,0.0666666666666667,0.333333333333333,0.169030850945703
"29_pwo_gp_model_specific","db6cb901415724b9f55892557a81f2cbcc3e7f91cf2f712ea45b7b9a2b1eb5a5","b1d5697d50014504fea8964eae8d6ad099291a4087058c07ada854c160fad766",6,6,60,"FSA_lambda050","FSA_lambda050","FSA-KD (lambda=0.5)",0.5,"phi",NA,TRUE,60,30,16,660635356,660635356,1,73569512,"92dd575d2d01a204d3a412a951414143895c51023f17c6adbf5d7cb2205ac2d1","105b4bc1e30178c42b036ad6692be10227a17b8183d56463a672d07d8fadda0e","ffedc04031a81a0246127828d6fc2367a1b426690dbabea1138657cf5f490a4e","70755277fba29bd4d15dee9314111f36dd7222686d15f218fe90665692248625",6000,6000,TRUE,1,5542,458,0,2031,1004,TRUE,TRUE,2,64.5220338983051,0.166666666666667,0.996819457436857,0.581743062051762,0.133333333333333,0.333333333333333,0.239045721866879
"29_pwo_gp_model_specific","db6cb901415724b9f55892557a81f2cbcc3e7f91cf2f712ea45b7b9a2b1eb5a5","b1d5697d50014504fea8964eae8d6ad099291a4087058c07ada854c160fad766",6,6,60,"SA_hamming_foldover","Hamming","Hamming",NA,"hamming",NA,TRUE,60,30,16,660635356,660635356,1,73569512,"92dd575d2d01a204d3a412a951414143895c51023f17c6adbf5d7cb2205ac2d1","105b4bc1e30178c42b036ad6692be10227a17b8183d56463a672d07d8fadda0e","a342247a46bc857931d5f161981b83f8cf85981e10292e110910306c5c3151fc","282a34da454cfce57effb1991ddf7d5fb480701946c95ba0fa617fcd92dfdef1",6000,6000,TRUE,1,5522,478,0,5508,2701,TRUE,TRUE,1,65.2994350282486,0,0.975366386030558,0.487683193015279,0.0666666666666667,0.333333333333333,0.169030850945703
"29_pwo_gp_model_specific","db6cb901415724b9f55892557a81f2cbcc3e7f91cf2f712ea45b7b9a2b1eb5a5","b1d5697d50014504fea8964eae8d6ad099291a4087058c07ada854c160fad766",6,6,60,"SA_l2_position_foldover","L2","L2",NA,"l2","component_position",TRUE,60,30,16,660635356,660635356,1,73569512,"92dd575d2d01a204d3a412a951414143895c51023f17c6adbf5d7cb2205ac2d1","105b4bc1e30178c42b036ad6692be10227a17b8183d56463a672d07d8fadda0e","3327f9da73aa485af81e95605a68be7ba7c40dd02d368486858fc9650ee34686","2fb95ee03a29d41925b8f1f077be0804897584f594bfd7092995fbbaefe51319",6000,6000,TRUE,1,5582,418,0,4733,3,TRUE,TRUE,2,65.3446327683616,0.166666666666667,0.974119114437169,0.570392890551918,0.133333333333333,0.333333333333333,0.239045721866879
"29_pwo_gp_model_specific","db6cb901415724b9f55892557a81f2cbcc3e7f91cf2f712ea45b7b9a2b1eb5a5","b1d5697d50014504fea8964eae8d6ad099291a4087058c07ada854c160fad766",6,6,60,"random_foldover","RandomFoldover","Random foldover",NA,"none",NA,TRUE,60,30,16,660635356,660635356,1,73569512,"92dd575d2d01a204d3a412a951414143895c51023f17c6adbf5d7cb2205ac2d1","105b4bc1e30178c42b036ad6692be10227a17b8183d56463a672d07d8fadda0e","8c7486fb20ff5238aa13b2184b9368b6672a597b7937dfe49c57db714610e9ca","f773463e524f25be35315c9e3f34df5322dc24e720c41d12b73685d53255dba5",0,6000,NA,0,0,0,0,0,0,TRUE,TRUE,1,66.2350282485876,0,0.949547864047397,0.474773932023698,0.0666666666666667,0.333333333333333,0.169030850945703
"29_pwo_gp_model_specific","db6cb901415724b9f55892557a81f2cbcc3e7f91cf2f712ea45b7b9a2b1eb5a5","b1d5697d50014504fea8964eae8d6ad099291a4087058c07ada854c160fad766",7,6,48,"FSA_lambda050","FSA_lambda050","FSA-KD (lambda=0.5)",0.5,"phi",NA,TRUE,48,24,16,656276463,656276463,1,69210619,"c5d8e1c0aba72256a66768db5ef4c6801fa770917dec72acec568f1ac17af7f3","df34007e28e28d77bdc546422b33b207ee5ea60f2494b3cac1e16159331a1713","557d7572bb711cebb1256282b5cfff58529194c3184788d1a8a5e0bf4deafc6a","35c2dcd4a70cd99ca23828571941bc158da8a765e26a57be5c01753a1ce75190",6000,6000,TRUE,1,5753,247,1,2060,1023,TRUE,TRUE,2,64.8156028368794,0.166666666666667,0.996309246309246,0.581487956487956,0.133333333333333,0.333333333333333,0.239045721866879
"29_pwo_gp_model_specific","db6cb901415724b9f55892557a81f2cbcc3e7f91cf2f712ea45b7b9a2b1eb5a5","b1d5697d50014504fea8964eae8d6ad099291a4087058c07ada854c160fad766",7,6,48,"SA_hamming_foldover","Hamming","Hamming",NA,"hamming",NA,TRUE,48,24,16,656276463,656276463,1,69210619,"c5d8e1c0aba72256a66768db5ef4c6801fa770917dec72acec568f1ac17af7f3","df34007e28e28d77bdc546422b33b207ee5ea60f2494b3cac1e16159331a1713","705e9fff6a6ed94e18c8ccd77834e3e2285fabd6f6d637d90e48df238c656539","70562cd0ca555cd29a5b6f34cf0c9dd17abe7a49f82790bcea3ae761fbf6d89a",6000,6000,TRUE,1,5632,368,4,5610,2741,TRUE,TRUE,2,65.6737588652482,0.166666666666667,0.972804972804973,0.56973581973582,0.133333333333333,0.333333333333333,0.239045721866879
"29_pwo_gp_model_specific","db6cb901415724b9f55892557a81f2cbcc3e7f91cf2f712ea45b7b9a2b1eb5a5","b1d5697d50014504fea8964eae8d6ad099291a4087058c07ada854c160fad766",7,6,48,"SA_l2_position_foldover","L2","L2",NA,"l2","component_position",TRUE,48,24,16,656276463,656276463,1,69210619,"c5d8e1c0aba72256a66768db5ef4c6801fa770917dec72acec568f1ac17af7f3","df34007e28e28d77bdc546422b33b207ee5ea60f2494b3cac1e16159331a1713","7f004bd003affe78fee4afd6f7536c4cd26a82c3480ddc85f3e601e7111d59ea","1533b7414886ba8c8695e73e19008e19019a6f97faea29b41e6661972aa07009",6000,6000,TRUE,1,5766,234,1,3465,6,TRUE,TRUE,3,65.5106382978723,0.333333333333333,0.977272727272727,0.65530303030303,0.2,0.333333333333333,0.338061701891407
"29_pwo_gp_model_specific","db6cb901415724b9f55892557a81f2cbcc3e7f91cf2f712ea45b7b9a2b1eb5a5","b1d5697d50014504fea8964eae8d6ad099291a4087058c07ada854c160fad766",7,6,48,"random_foldover","RandomFoldover","Random foldover",NA,"none",NA,TRUE,48,24,16,656276463,656276463,1,69210619,"c5d8e1c0aba72256a66768db5ef4c6801fa770917dec72acec568f1ac17af7f3","df34007e28e28d77bdc546422b33b207ee5ea60f2494b3cac1e16159331a1713","0b865bfdca427322dd6425709e5c10c334a2e777a2b95f5a5c9e7162796f441d","e9f1d011ba0975a7f7780b1ad5777abe05897b8ece39d70658bca14ccd12b84c",0,6000,NA,0,0,0,0,0,0,TRUE,TRUE,1,67.2269503546099,0,0.93026418026418,0.46513209013209,0.0666666666666667,0.333333333333333,0.169030850945703
"29_pwo_gp_model_specific","db6cb901415724b9f55892557a81f2cbcc3e7f91cf2f712ea45b7b9a2b1eb5a5","b1d5697d50014504fea8964eae8d6ad099291a4087058c07ada854c160fad766",7,6,60,"FSA_lambda050","FSA_lambda050","FSA-KD (lambda=0.5)",0.5,"phi",NA,TRUE,60,30,16,660635357,660635357,1,73569513,"4151f874f8a6a6803f1b62acb2bb6ecc8e982d067e9ee7a331bfbb96a42c0d02","ab93bb7ffeeaf4ea5142a868a5bebd09526d7d5078d7105e0fadc8b9ed29c866","ee737b2e3c52bbf461c293a4d6050198a29c350b44a384261a8877f463aec15f","94ac07140bf01e3837cd3470fb93fbff84752920fbcb2e83e579b9a48cef7b20",6000,6000,TRUE,1,5582,418,0,2206,1081,TRUE,TRUE,2,64.4994350282486,0.166666666666667,0.997443093233552,0.582054879950109,0.133333333333333,0.333333333333333,0.239045721866879
"29_pwo_gp_model_specific","db6cb901415724b9f55892557a81f2cbcc3e7f91cf2f712ea45b7b9a2b1eb5a5","b1d5697d50014504fea8964eae8d6ad099291a4087058c07ada854c160fad766",7,6,60,"SA_hamming_foldover","Hamming","Hamming",NA,"hamming",NA,TRUE,60,30,16,660635357,660635357,1,73569513,"4151f874f8a6a6803f1b62acb2bb6ecc8e982d067e9ee7a331bfbb96a42c0d02","ab93bb7ffeeaf4ea5142a868a5bebd09526d7d5078d7105e0fadc8b9ed29c866","00ca31156032d5140fd450ea72c585bf205ed3970dc20d6c84c4f06eb7ba9d54","20cae1020d3cc4795e1bcc5b481ebfef19b968bd48f43478289ca5e59c673cda",6000,6000,TRUE,1,5520,480,0,5499,2730,TRUE,TRUE,1,65.3717514124294,0,0.973370751481135,0.486685375740568,0.0666666666666667,0.333333333333333,0.169030850945703
"29_pwo_gp_model_specific","db6cb901415724b9f55892557a81f2cbcc3e7f91cf2f712ea45b7b9a2b1eb5a5","b1d5697d50014504fea8964eae8d6ad099291a4087058c07ada854c160fad766",7,6,60,"SA_l2_position_foldover","L2","L2",NA,"l2","component_position",TRUE,60,30,16,660635357,660635357,1,73569513,"4151f874f8a6a6803f1b62acb2bb6ecc8e982d067e9ee7a331bfbb96a42c0d02","ab93bb7ffeeaf4ea5142a868a5bebd09526d7d5078d7105e0fadc8b9ed29c866","a66597ab94efd33b1b93670ea7be72a752e78d26e3181eb1a7f2466baf377d31","91bc98d54e806a71ce61d7a24a83c5dff2060793731ab31934bb136632890421",6000,6000,TRUE,1,5630,370,0,4219,1,TRUE,TRUE,2,65.1186440677966,0.166666666666667,0.980355472404116,0.573511069535391,0.133333333333333,0.333333333333333,0.239045721866879
"29_pwo_gp_model_specific","db6cb901415724b9f55892557a81f2cbcc3e7f91cf2f712ea45b7b9a2b1eb5a5","b1d5697d50014504fea8964eae8d6ad099291a4087058c07ada854c160fad766",7,6,60,"random_foldover","RandomFoldover","Random foldover",NA,"none",NA,TRUE,60,30,16,660635357,660635357,1,73569513,"4151f874f8a6a6803f1b62acb2bb6ecc8e982d067e9ee7a331bfbb96a42c0d02","ab93bb7ffeeaf4ea5142a868a5bebd09526d7d5078d7105e0fadc8b9ed29c866","09dcd86614544edd24323de94fa69f117ace2e29509a3a1b503c30bc31682b3b","504f9da7a1c3ef043bffeb3d6a7c3343fb3342c97ff3d6d6489c214b2dddd8d3",0,6000,NA,0,0,0,0,0,0,TRUE,TRUE,1,65.5887005649717,0,0.967383847832866,0.483691923916433,0.0666666666666667,0.333333333333333,0.169030850945703
"29_pwo_gp_model_specific","db6cb901415724b9f55892557a81f2cbcc3e7f91cf2f712ea45b7b9a2b1eb5a5","b1d5697d50014504fea8964eae8d6ad099291a4087058c07ada854c160fad766",8,6,48,"FSA_lambda050","FSA_lambda050","FSA-KD (lambda=0.5)",0.5,"phi",NA,TRUE,48,24,16,656276464,656276464,1,69210620,"23801b5a888963803ea04f3279a2df08887d23c290e8cc3f6d6a38dab67a7b4a","80245d6d3c56a2535ae8bd8c1c2ddca89ee6e6c6c8960bf13d535c5d8542c9b2","57fa0b62a6813c7267748720975c284e8827cc2ad3bb5370653b22a361c9ddd4","3dff14db2ca51f752f987ec9e38a99de425bb9cae53c91664d771116227868e2",6000,6000,TRUE,1,5669,331,4,2062,1022,TRUE,TRUE,3,64.9007092198582,0.333333333333333,0.993978243978244,0.663655788655789,0.2,0.333333333333333,0.338061701891407
"29_pwo_gp_model_specific","db6cb901415724b9f55892557a81f2cbcc3e7f91cf2f712ea45b7b9a2b1eb5a5","b1d5697d50014504fea8964eae8d6ad099291a4087058c07ada854c160fad766",8,6,48,"SA_hamming_foldover","Hamming","Hamming",NA,"hamming",NA,TRUE,48,24,16,656276464,656276464,1,69210620,"23801b5a888963803ea04f3279a2df08887d23c290e8cc3f6d6a38dab67a7b4a","80245d6d3c56a2535ae8bd8c1c2ddca89ee6e6c6c8960bf13d535c5d8542c9b2","db60863facbbe9ee9b7f3bb869639513141f5315f3d3ee2f55fa16e250049dda","dca0994101676b27eb33500ce41689dea4a76b4c35481899176ea07418512e85",6000,6000,TRUE,1,5620,380,11,5598,2709,TRUE,TRUE,1,66.0921985815603,0,0.961344211344211,0.480672105672106,0.0666666666666667,0.333333333333333,0.169030850945703
"29_pwo_gp_model_specific","db6cb901415724b9f55892557a81f2cbcc3e7f91cf2f712ea45b7b9a2b1eb5a5","b1d5697d50014504fea8964eae8d6ad099291a4087058c07ada854c160fad766",8,6,48,"SA_l2_position_foldover","L2","L2",NA,"l2","component_position",TRUE,48,24,16,656276464,656276464,1,69210620,"23801b5a888963803ea04f3279a2df08887d23c290e8cc3f6d6a38dab67a7b4a","80245d6d3c56a2535ae8bd8c1c2ddca89ee6e6c6c8960bf13d535c5d8542c9b2","2e4724fce6b86a97c5d3b68a5ec07cf3e2ac52c875f90ce2a6f657a944f96120","c96bc6a95d579f496af847783d18530cec7946eff5be8f032fb73203f07e7331",6000,6000,TRUE,1,5719,281,3,3570,2,TRUE,TRUE,2,65.7872340425532,0.166666666666667,0.96969696969697,0.568181818181818,0.133333333333333,0.333333333333333,0.29277002188456
"29_pwo_gp_model_specific","db6cb901415724b9f55892557a81f2cbcc3e7f91cf2f712ea45b7b9a2b1eb5a5","b1d5697d50014504fea8964eae8d6ad099291a4087058c07ada854c160fad766",8,6,48,"random_foldover","RandomFoldover","Random foldover",NA,"none",NA,TRUE,48,24,16,656276464,656276464,1,69210620,"23801b5a888963803ea04f3279a2df08887d23c290e8cc3f6d6a38dab67a7b4a","80245d6d3c56a2535ae8bd8c1c2ddca89ee6e6c6c8960bf13d535c5d8542c9b2","13eb3553e3088e9cae0530925fe60c4c88952ab370effcde86ab7f8e3d5067bd","7a5abd376f6358982ac7f5d467cc791e4d8ca21429383abea8a3d79770724b8b",0,6000,NA,0,0,0,0,0,0,TRUE,TRUE,1,66.3262411347518,0,0.954933954933955,0.477466977466978,0.0666666666666667,0.333333333333333,0.169030850945703
"29_pwo_gp_model_specific","db6cb901415724b9f55892557a81f2cbcc3e7f91cf2f712ea45b7b9a2b1eb5a5","b1d5697d50014504fea8964eae8d6ad099291a4087058c07ada854c160fad766",8,6,60,"FSA_lambda050","FSA_lambda050","FSA-KD (lambda=0.5)",0.5,"phi",NA,TRUE,60,30,16,660635358,660635358,1,73569514,"f2f163ac6bfb8e882ce5d351dc20bbc82c67172e50bc60ea77a4ea475b36a6ce","51a6778dd253b1f6c309a3362bd3e62ef68647cb2dfc5698945e3a7d692c8228","1cbb1043bed1e48fe9e67ed8af30d3cc5f5cb7a8c7f3d7f388b7290aa0b4a242","4405afe978246f51daaf01717b40e507531480d2d47806f0095fc9a007a582c1",6000,6000,TRUE,1,5586,414,0,2305,1122,TRUE,TRUE,2,64.5310734463277,0.166666666666667,0.996570003118179,0.581618334892423,0.133333333333333,0.333333333333333,0.239045721866879
"29_pwo_gp_model_specific","db6cb901415724b9f55892557a81f2cbcc3e7f91cf2f712ea45b7b9a2b1eb5a5","b1d5697d50014504fea8964eae8d6ad099291a4087058c07ada854c160fad766",8,6,60,"SA_hamming_foldover","Hamming","Hamming",NA,"hamming",NA,TRUE,60,30,16,660635358,660635358,1,73569514,"f2f163ac6bfb8e882ce5d351dc20bbc82c67172e50bc60ea77a4ea475b36a6ce","51a6778dd253b1f6c309a3362bd3e62ef68647cb2dfc5698945e3a7d692c8228","46505e8ac56a9a49f4c03d8befb20df5141d84a319ee97ceca419747303278b2","9fda686dab36f753f582fb8b03112666427aa5fb64a13858fd9edaf3c0fee4a5",6000,6000,TRUE,1,5531,469,0,5518,2735,TRUE,TRUE,1,65.6158192090395,0,0.966635484876832,0.483317742438416,0.0666666666666667,0.333333333333333,0.169030850945703
"29_pwo_gp_model_specific","db6cb901415724b9f55892557a81f2cbcc3e7f91cf2f712ea45b7b9a2b1eb5a5","b1d5697d50014504fea8964eae8d6ad099291a4087058c07ada854c160fad766",8,6,60,"SA_l2_position_foldover","L2","L2",NA,"l2","component_position",TRUE,60,30,16,660635358,660635358,1,73569514,"f2f163ac6bfb8e882ce5d351dc20bbc82c67172e50bc60ea77a4ea475b36a6ce","51a6778dd253b1f6c309a3362bd3e62ef68647cb2dfc5698945e3a7d692c8228","e1ad7f23c54a8d1dafbdf86bb2f465e633cc1133d197df158b02d189dacf3430","d462bccbba80a7173df5d6c154d4a6fae5668fcff3facbd5ecf345f5ecc26766",6000,6000,TRUE,1,5539,461,0,5194,1,TRUE,TRUE,2,65.2135593220339,0.166666666666667,0.977736202057998,0.572201434362332,0.133333333333333,0.333333333333333,0.239045721866879
"29_pwo_gp_model_specific","db6cb901415724b9f55892557a81f2cbcc3e7f91cf2f712ea45b7b9a2b1eb5a5","b1d5697d50014504fea8964eae8d6ad099291a4087058c07ada854c160fad766",8,6,60,"random_foldover","RandomFoldover","Random foldover",NA,"none",NA,TRUE,60,30,16,660635358,660635358,1,73569514,"f2f163ac6bfb8e882ce5d351dc20bbc82c67172e50bc60ea77a4ea475b36a6ce","51a6778dd253b1f6c309a3362bd3e62ef68647cb2dfc5698945e3a7d692c8228","8323f807cf3e42b5d44dd6a54a73dfcc87363f4e37a3fc245995203e50e23db9","957e6c9a700f7614863c265d5ba230f329fb66b797e7af525a7d9ba5a5c58f38",0,6000,NA,0,0,0,0,0,0,TRUE,TRUE,1,65.7875706214689,0,0.961895852821952,0.480947926410976,0.0666666666666667,0.333333333333333,0.169030850945703
"29_pwo_gp_model_specific","db6cb901415724b9f55892557a81f2cbcc3e7f91cf2f712ea45b7b9a2b1eb5a5","b1d5697d50014504fea8964eae8d6ad099291a4087058c07ada854c160fad766",9,6,48,"FSA_lambda050","FSA_lambda050","FSA-KD (lambda=0.5)",0.5,"phi",NA,TRUE,48,24,16,656276465,656276465,1,69210621,"368a6dd93a6377fbb519d08950365152e61e4b78c9fcdcc020dbcb22fb51fc57","9777d72202a8f9b43cac90c3007ae16dfa3a7c0fba1f10436bcc3c7139421851","de6970cee0d22c18410d52e813907b54f6ad9780195d0dd6648ded0efaff242b","26ee53b65ef7c3aafe9bded208c4abc53367af033575b85c7f50e7fabe04b1de",6000,6000,TRUE,1,5692,308,0,1980,975,TRUE,TRUE,3,64.8652482269504,0.333333333333333,0.994949494949495,0.664141414141414,0.2,0.333333333333333,0.29277002188456
"29_pwo_gp_model_specific","db6cb901415724b9f55892557a81f2cbcc3e7f91cf2f712ea45b7b9a2b1eb5a5","b1d5697d50014504fea8964eae8d6ad099291a4087058c07ada854c160fad766",9,6,48,"SA_hamming_foldover","Hamming","Hamming",NA,"hamming",NA,TRUE,48,24,16,656276465,656276465,1,69210621,"368a6dd93a6377fbb519d08950365152e61e4b78c9fcdcc020dbcb22fb51fc57","9777d72202a8f9b43cac90c3007ae16dfa3a7c0fba1f10436bcc3c7139421851","238b1adb769b15772d33f54b09f96d188213b6b680df0bbe9d9383113e7d1595","342949e02dbde7e1e4a7c5e75ea73d6c3a49ccbf3326242650d23dca1bf9900a",6000,6000,TRUE,1,5592,408,4,5572,2750,TRUE,TRUE,1,66.6666666666667,0,0.945609945609946,0.472804972804973,0.0666666666666667,0.333333333333333,0.169030850945703
"29_pwo_gp_model_specific","db6cb901415724b9f55892557a81f2cbcc3e7f91cf2f712ea45b7b9a2b1eb5a5","b1d5697d50014504fea8964eae8d6ad099291a4087058c07ada854c160fad766",9,6,48,"SA_l2_position_foldover","L2","L2",NA,"l2","component_position",TRUE,48,24,16,656276465,656276465,1,69210621,"368a6dd93a6377fbb519d08950365152e61e4b78c9fcdcc020dbcb22fb51fc57","9777d72202a8f9b43cac90c3007ae16dfa3a7c0fba1f10436bcc3c7139421851","84022e4aba3f4f99c698ec20180273cfa860485c91f3c93e6dcf7ba4067df49a","d53ee0f08147dcd7b6ddaab8e4cb56166a6ccdb221a008363f2295eee58d7446",6000,6000,TRUE,1,5711,289,1,4031,7,TRUE,TRUE,2,65.6879432624114,0.166666666666667,0.972416472416472,0.56954156954157,0.133333333333333,0.333333333333333,0.29277002188456
"29_pwo_gp_model_specific","db6cb901415724b9f55892557a81f2cbcc3e7f91cf2f712ea45b7b9a2b1eb5a5","b1d5697d50014504fea8964eae8d6ad099291a4087058c07ada854c160fad766",9,6,48,"random_foldover","RandomFoldover","Random foldover",NA,"none",NA,TRUE,48,24,16,656276465,656276465,1,69210621,"368a6dd93a6377fbb519d08950365152e61e4b78c9fcdcc020dbcb22fb51fc57","9777d72202a8f9b43cac90c3007ae16dfa3a7c0fba1f10436bcc3c7139421851","e8d6421e01401b47b4e89e513783ad7841a0b43bd3ed17f130174955fb59511d","891d85d5113878350e9415cb5b36b7df3dbd765b4c2cdfe668a275a37b4735ad",0,6000,NA,0,0,0,0,0,0,TRUE,TRUE,1,67.3617021276596,0,0.926573426573427,0.463286713286713,0.0666666666666667,0.333333333333333,0.169030850945703
"29_pwo_gp_model_specific","db6cb901415724b9f55892557a81f2cbcc3e7f91cf2f712ea45b7b9a2b1eb5a5","b1d5697d50014504fea8964eae8d6ad099291a4087058c07ada854c160fad766",9,6,60,"FSA_lambda050","FSA_lambda050","FSA-KD (lambda=0.5)",0.5,"phi",NA,TRUE,60,30,16,660635359,660635359,1,73569515,"bae16928cbf89bcdda15090a8be77ad8e2f57cd379b720bcce7564b2fee205f0","87361c910208f893348687be0d8e031f877d9af5ab775c28933ae275e8fc7688","148926fec8016479c14e9d4823044cab3c4050a6e87096f5de08aced5e43d9a8","caa739e5b17b0c481ca2190edacd9a293b30e54d6f3a012aea0be4408a31648a",6000,6000,TRUE,1,5616,384,0,2160,1057,TRUE,TRUE,2,64.5129943502825,0.166666666666667,0.997068911755535,0.581867789211101,0.133333333333333,0.333333333333333,0.239045721866879
"29_pwo_gp_model_specific","db6cb901415724b9f55892557a81f2cbcc3e7f91cf2f712ea45b7b9a2b1eb5a5","b1d5697d50014504fea8964eae8d6ad099291a4087058c07ada854c160fad766",9,6,60,"SA_hamming_foldover","Hamming","Hamming",NA,"hamming",NA,TRUE,60,30,16,660635359,660635359,1,73569515,"bae16928cbf89bcdda15090a8be77ad8e2f57cd379b720bcce7564b2fee205f0","87361c910208f893348687be0d8e031f877d9af5ab775c28933ae275e8fc7688","28f03e5c0ed96c1ce14413d57c45aa242e8b7e21667de9706e2ef4b4f6e59b22","5e0e6d03b8a89018e4885ac6c24f1785f173f6691372dc3262ff3fe8a3dc170d",6000,6000,TRUE,1,5517,483,0,5504,2703,TRUE,TRUE,1,65.380790960452,0,0.973121297162457,0.486560648581229,0.0666666666666667,0.333333333333333,0.169030850945703
"29_pwo_gp_model_specific","db6cb901415724b9f55892557a81f2cbcc3e7f91cf2f712ea45b7b9a2b1eb5a5","b1d5697d50014504fea8964eae8d6ad099291a4087058c07ada854c160fad766",9,6,60,"SA_l2_position_foldover","L2","L2",NA,"l2","component_position",TRUE,60,30,16,660635359,660635359,1,73569515,"bae16928cbf89bcdda15090a8be77ad8e2f57cd379b720bcce7564b2fee205f0","87361c910208f893348687be0d8e031f877d9af5ab775c28933ae275e8fc7688","f78dd833aa2f200f97a773e2d3f4c76d3f1ca3b6b6c2f33be08411f1a38addba","02239d792c32e5506f2d769aec0abb7f5e5393d2ddb7e0b757f2f862f29e5959",6000,6000,TRUE,1,5607,393,0,4151,1,TRUE,TRUE,2,65.3627118644068,0.166666666666667,0.973620205799813,0.57014343623324,0.133333333333333,0.333333333333333,0.239045721866879
"29_pwo_gp_model_specific","db6cb901415724b9f55892557a81f2cbcc3e7f91cf2f712ea45b7b9a2b1eb5a5","b1d5697d50014504fea8964eae8d6ad099291a4087058c07ada854c160fad766",9,6,60,"random_foldover","RandomFoldover","Random foldover",NA,"none",NA,TRUE,60,30,16,660635359,660635359,1,73569515,"bae16928cbf89bcdda15090a8be77ad8e2f57cd379b720bcce7564b2fee205f0","87361c910208f893348687be0d8e031f877d9af5ab775c28933ae275e8fc7688","c1b8bb2ace53b802eb66e9c48b4a1ad501d738b40577d1d0789525d0a8f0ad3b","abbe4b867c3a9f3fb7a7ffca1f724ed5d6ef3fb2a8df7c6f422248bc28a12aff",0,6000,NA,0,0,0,0,0,0,TRUE,TRUE,1,65.638418079096,0,0.966011849080137,0.483005924540069,0.0666666666666667,0.333333333333333,0.169030850945703
"29_pwo_gp_model_specific","db6cb901415724b9f55892557a81f2cbcc3e7f91cf2f712ea45b7b9a2b1eb5a5","b1d5697d50014504fea8964eae8d6ad099291a4087058c07ada854c160fad766",10,6,48,"FSA_lambda050","FSA_lambda050","FSA-KD (lambda=0.5)",0.5,"phi",NA,TRUE,48,24,16,72870625,72870625,1,476655705,"ae2b88bdb9fe45adf9ac363c5cf3c02b08849c3a8eebab0e055aaffe8f687366","38b64a4683ac778dd980bbd4354cc60ebd2856fb555f30446cc0104b54b3691d","60a4a27965e8377e69e9d7104ce3c1ea492922ca8391916d2e895b32311853ff","05ccedc1f4d241a560eb8dae37d4aa7ec0a3891066ace48379b3e85566f01383",6000,6000,TRUE,1,5729,271,3,1946,937,TRUE,TRUE,2,64.8510638297872,0.166666666666667,0.995337995337995,0.581002331002331,0.133333333333333,0.333333333333333,0.239045721866879
"29_pwo_gp_model_specific","db6cb901415724b9f55892557a81f2cbcc3e7f91cf2f712ea45b7b9a2b1eb5a5","b1d5697d50014504fea8964eae8d6ad099291a4087058c07ada854c160fad766",10,6,48,"SA_hamming_foldover","Hamming","Hamming",NA,"hamming",NA,TRUE,48,24,16,72870625,72870625,1,476655705,"ae2b88bdb9fe45adf9ac363c5cf3c02b08849c3a8eebab0e055aaffe8f687366","38b64a4683ac778dd980bbd4354cc60ebd2856fb555f30446cc0104b54b3691d","611d1507295108b584e118a39164ca4b6a2cfa3580b32b85a39250fe44e60cf1","f31d0454099a76431da9771e6e3560369807be9e03202902564de4d4667a0ae1",6000,6000,TRUE,1,5612,388,5,5598,2745,TRUE,TRUE,1,66.0496453900709,0,0.962509712509713,0.481254856254856,0.0666666666666667,0.333333333333333,0.169030850945703
"29_pwo_gp_model_specific","db6cb901415724b9f55892557a81f2cbcc3e7f91cf2f712ea45b7b9a2b1eb5a5","b1d5697d50014504fea8964eae8d6ad099291a4087058c07ada854c160fad766",10,6,48,"SA_l2_position_foldover","L2","L2",NA,"l2","component_position",TRUE,48,24,16,72870625,72870625,1,476655705,"ae2b88bdb9fe45adf9ac363c5cf3c02b08849c3a8eebab0e055aaffe8f687366","38b64a4683ac778dd980bbd4354cc60ebd2856fb555f30446cc0104b54b3691d","4623007188fb0ef7a4eaaabb8c3c85b391dd29b61a2e4ec894261b97aca99039","71ce6ed63e1b55c0ad761d04955c051b3510f65ff664700e146542842735ce30",6000,6000,TRUE,1,5721,279,1,3634,8,TRUE,TRUE,2,65.5815602836879,0.166666666666667,0.975330225330225,0.570998445998446,0.133333333333333,0.333333333333333,0.29277002188456
"29_pwo_gp_model_specific","db6cb901415724b9f55892557a81f2cbcc3e7f91cf2f712ea45b7b9a2b1eb5a5","b1d5697d50014504fea8964eae8d6ad099291a4087058c07ada854c160fad766",10,6,48,"random_foldover","RandomFoldover","Random foldover",NA,"none",NA,TRUE,48,24,16,72870625,72870625,1,476655705,"ae2b88bdb9fe45adf9ac363c5cf3c02b08849c3a8eebab0e055aaffe8f687366","38b64a4683ac778dd980bbd4354cc60ebd2856fb555f30446cc0104b54b3691d","e6122cc400f8c5fb03f5cdc34553f5f8889d9de9845e50f808ec85b4da3b90cf","25b1842a59f5ea6a357fdb0fc46216aed8044e996487b29c8ebd8ad4d7411a61",0,6000,NA,0,0,0,0,0,0,TRUE,TRUE,2,66.5957446808511,0.166666666666667,0.947552447552447,0.557109557109557,0.133333333333333,0.333333333333333,0.239045721866879
"29_pwo_gp_model_specific","db6cb901415724b9f55892557a81f2cbcc3e7f91cf2f712ea45b7b9a2b1eb5a5","b1d5697d50014504fea8964eae8d6ad099291a4087058c07ada854c160fad766",10,6,60,"FSA_lambda050","FSA_lambda050","FSA-KD (lambda=0.5)",0.5,"phi",NA,TRUE,60,30,16,643885739,643885739,1,1047670819,"11ad09c2f721ca770ec7a14e5cff97a5cf42a7cbec00f7b0950ac7e40a7b4ca9","0ed4a69e01251bcde5f8c4b03c641583dc02b6ca0adafac06891290e6c473244","a454f9ed058b4273f486026023319b17bd70511b384f035ee88bb7bf6399e7ba","5ecbb9cc5afc711d5e0587b757c0693c995ce826e5680559eb72407a3b7423dc",6000,6000,TRUE,1,5581,419,0,2280,1114,TRUE,TRUE,2,64.5401129943503,0.166666666666667,0.996320548799501,0.581493607733084,0.133333333333333,0.333333333333333,0.239045721866879
"29_pwo_gp_model_specific","db6cb901415724b9f55892557a81f2cbcc3e7f91cf2f712ea45b7b9a2b1eb5a5","b1d5697d50014504fea8964eae8d6ad099291a4087058c07ada854c160fad766",10,6,60,"SA_hamming_foldover","Hamming","Hamming",NA,"hamming",NA,TRUE,60,30,16,643885739,643885739,1,1047670819,"11ad09c2f721ca770ec7a14e5cff97a5cf42a7cbec00f7b0950ac7e40a7b4ca9","0ed4a69e01251bcde5f8c4b03c641583dc02b6ca0adafac06891290e6c473244","905fdb9b81cbfbb856615f8a39e3054acb6f4c0acbafb4963d1c10a1db3fb569","e1b1b11a3afa5c49e84ff3f11b5e28230495af43682fb1a2dc4b6a925bfcb3b8",6000,6000,TRUE,1,5529,471,0,5513,2703,TRUE,TRUE,1,65.0689265536723,0,0.981727471156845,0.490863735578422,0.0666666666666667,0.333333333333333,0.169030850945703
"29_pwo_gp_model_specific","db6cb901415724b9f55892557a81f2cbcc3e7f91cf2f712ea45b7b9a2b1eb5a5","b1d5697d50014504fea8964eae8d6ad099291a4087058c07ada854c160fad766",10,6,60,"SA_l2_position_foldover","L2","L2",NA,"l2","component_position",TRUE,60,30,16,643885739,643885739,1,1047670819,"11ad09c2f721ca770ec7a14e5cff97a5cf42a7cbec00f7b0950ac7e40a7b4ca9","0ed4a69e01251bcde5f8c4b03c641583dc02b6ca0adafac06891290e6c473244","15ebd67110474d6e9a91a4358ae8fb9d5a17e7d74e005f27840a11c40e532a65","8c7e9df5de86596efb112631a0a19e37450eb6b17df732443c0feceb0a920892",6000,6000,TRUE,1,5579,421,0,4647,2,TRUE,TRUE,2,65.0418079096045,0.166666666666667,0.982475834112878,0.574571250389773,0.133333333333333,0.333333333333333,0.239045721866879
"29_pwo_gp_model_specific","db6cb901415724b9f55892557a81f2cbcc3e7f91cf2f712ea45b7b9a2b1eb5a5","b1d5697d50014504fea8964eae8d6ad099291a4087058c07ada854c160fad766",10,6,60,"random_foldover","RandomFoldover","Random foldover",NA,"none",NA,TRUE,60,30,16,643885739,643885739,1,1047670819,"11ad09c2f721ca770ec7a14e5cff97a5cf42a7cbec00f7b0950ac7e40a7b4ca9","0ed4a69e01251bcde5f8c4b03c641583dc02b6ca0adafac06891290e6c473244","f03fb99d5f1337c21e7e746f3df4637b471d8db6d3a4387b5348fd34b94f20d1","039c033a39122db19bf7c0da0f55a81440a58b98034a37a2bf75af404178ecf4",0,6000,NA,0,0,0,0,0,0,TRUE,TRUE,1,65.3581920903955,0,0.973744932959152,0.486872466479576,0.0666666666666667,0.333333333333333,0.169030850945703
"29_pwo_gp_model_specific","db6cb901415724b9f55892557a81f2cbcc3e7f91cf2f712ea45b7b9a2b1eb5a5","b1d5697d50014504fea8964eae8d6ad099291a4087058c07ada854c160fad766",11,6,48,"FSA_lambda050","FSA_lambda050","FSA-KD (lambda=0.5)",0.5,"phi",NA,TRUE,48,24,16,72870626,72870626,1,476655706,"3fe37f2b6f0e4e78f9e5703e192b59923548173b2a92353cfcada9ffa3bd05a7","bbcefb26f6f8989bf65db1775121127421cf78f74b6ac3dd74872610c97e80ba","a0247dc10e4fb7d8e9c7b42432fe7e46fd913a18660efd4fbe416b0e5832e2aa","19b9c662a8546d9721077e8e41ab1bd180d9d2b8098d5272143eec6159b6e6fe",6000,6000,TRUE,1,5702,298,2,2026,1012,TRUE,TRUE,2,64.8439716312057,0.166666666666667,0.995532245532246,0.581099456099456,0.133333333333333,0.333333333333333,0.239045721866879
"29_pwo_gp_model_specific","db6cb901415724b9f55892557a81f2cbcc3e7f91cf2f712ea45b7b9a2b1eb5a5","b1d5697d50014504fea8964eae8d6ad099291a4087058c07ada854c160fad766",11,6,48,"SA_hamming_foldover","Hamming","Hamming",NA,"hamming",NA,TRUE,48,24,16,72870626,72870626,1,476655706,"3fe37f2b6f0e4e78f9e5703e192b59923548173b2a92353cfcada9ffa3bd05a7","bbcefb26f6f8989bf65db1775121127421cf78f74b6ac3dd74872610c97e80ba","f7cf03b5d00a53d843653a4b747314c0325c8e1e7d8b22e26aed0ba8a13ce1a9","b9d34acc5d4af13eaeba0f7a0a88f81377ea23d091c846e867d0a2b74b6c590a",6000,6000,TRUE,1,5607,393,3,5590,2710,TRUE,TRUE,1,65.8368794326241,0,0.968337218337218,0.484168609168609,0.0666666666666667,0.333333333333333,0.169030850945703
"29_pwo_gp_model_specific","db6cb901415724b9f55892557a81f2cbcc3e7f91cf2f712ea45b7b9a2b1eb5a5","b1d5697d50014504fea8964eae8d6ad099291a4087058c07ada854c160fad766",11,6,48,"SA_l2_position_foldover","L2","L2",NA,"l2","component_position",TRUE,48,24,16,72870626,72870626,1,476655706,"3fe37f2b6f0e4e78f9e5703e192b59923548173b2a92353cfcada9ffa3bd05a7","bbcefb26f6f8989bf65db1775121127421cf78f74b6ac3dd74872610c97e80ba","d89bf7a921b75b6ae21d0f2657c25bebf5b34660e4849d737ad93f5bc4806535","3f07b042b87ae6e35eafd5a8fb5dbe5c068e52ec04fa4eaddaeada4e3894f274",6000,6000,TRUE,1,5721,279,3,3685,6,TRUE,TRUE,2,65.6737588652482,0.166666666666667,0.972804972804973,0.56973581973582,0.133333333333333,0.333333333333333,0.29277002188456
"29_pwo_gp_model_specific","db6cb901415724b9f55892557a81f2cbcc3e7f91cf2f712ea45b7b9a2b1eb5a5","b1d5697d50014504fea8964eae8d6ad099291a4087058c07ada854c160fad766",11,6,48,"random_foldover","RandomFoldover","Random foldover",NA,"none",NA,TRUE,48,24,16,72870626,72870626,1,476655706,"3fe37f2b6f0e4e78f9e5703e192b59923548173b2a92353cfcada9ffa3bd05a7","bbcefb26f6f8989bf65db1775121127421cf78f74b6ac3dd74872610c97e80ba","75ea0b384a8e8e26ab25f61dab047234bf84c4e1ebec27d2b66c20ef8c7a3fcf","2255bfad9df90ced0fd0c3913054981eda8e5610e9cad50b04e8bfb14bd0bc7a",0,6000,NA,0,0,0,0,0,0,TRUE,TRUE,1,66.5673758865248,0,0.948329448329448,0.474164724164724,0.0666666666666667,0.333333333333333,0.169030850945703
"29_pwo_gp_model_specific","db6cb901415724b9f55892557a81f2cbcc3e7f91cf2f712ea45b7b9a2b1eb5a5","b1d5697d50014504fea8964eae8d6ad099291a4087058c07ada854c160fad766",11,6,60,"FSA_lambda050","FSA_lambda050","FSA-KD (lambda=0.5)",0.5,"phi",NA,TRUE,60,30,16,643885740,643885740,1,1047670820,"28f572cbdf2b6491c6878c62943fc08768f07fa57beb7d797df6539f91241267","f5fd946373f4c8f8379bbd2d1a245efd1836f98f7c8621b8cf497c3fb689c710","030d40583b5cd4cb54b86ead26cb60b87a65f34fe31734804488da270c5ae5f3","441400b0089ef37c7af8dfd942c8f292180195bd0d0c9336dfd96523ca67cc36",6000,6000,TRUE,1,5644,356,1,2197,1065,TRUE,TRUE,2,64.5310734463277,0.166666666666667,0.996570003118179,0.581618334892423,0.133333333333333,0.333333333333333,0.239045721866879
"29_pwo_gp_model_specific","db6cb901415724b9f55892557a81f2cbcc3e7f91cf2f712ea45b7b9a2b1eb5a5","b1d5697d50014504fea8964eae8d6ad099291a4087058c07ada854c160fad766",11,6,60,"SA_hamming_foldover","Hamming","Hamming",NA,"hamming",NA,TRUE,60,30,16,643885740,643885740,1,1047670820,"28f572cbdf2b6491c6878c62943fc08768f07fa57beb7d797df6539f91241267","f5fd946373f4c8f8379bbd2d1a245efd1836f98f7c8621b8cf497c3fb689c710","0175c0ddb1d1168a010a41759ad48deb8cbd3d5ea581e531a30ca686c4ca953c","c413c6fabe3541854f49d60bb0fa7357b563d0a80411d4854c882caeef25e162",6000,6000,TRUE,1,5494,506,1,5482,2671,TRUE,TRUE,2,65.4214689265537,0.166666666666667,0.971998752728407,0.569332709697537,0.133333333333333,0.333333333333333,0.239045721866879
"29_pwo_gp_model_specific","db6cb901415724b9f55892557a81f2cbcc3e7f91cf2f712ea45b7b9a2b1eb5a5","b1d5697d50014504fea8964eae8d6ad099291a4087058c07ada854c160fad766",11,6,60,"SA_l2_position_foldover","L2","L2",NA,"l2","component_position",TRUE,60,30,16,643885740,643885740,1,1047670820,"28f572cbdf2b6491c6878c62943fc08768f07fa57beb7d797df6539f91241267","f5fd946373f4c8f8379bbd2d1a245efd1836f98f7c8621b8cf497c3fb689c710","ca7d87a14a409c2efb610500b5002a620ba50613b8d88cec06b87515cbb96678","f9f017bde330b3d50423f8d05dabb3802136546c9e4b95b3fb255a8022f08789",6000,6000,TRUE,1,5574,426,0,4655,1,TRUE,TRUE,2,65.516384180791,0.166666666666667,0.969379482382289,0.568023074524478,0.133333333333333,0.333333333333333,0.239045721866879
"29_pwo_gp_model_specific","db6cb901415724b9f55892557a81f2cbcc3e7f91cf2f712ea45b7b9a2b1eb5a5","b1d5697d50014504fea8964eae8d6ad099291a4087058c07ada854c160fad766",11,6,60,"random_foldover","RandomFoldover","Random foldover",NA,"none",NA,TRUE,60,30,16,643885740,643885740,1,1047670820,"28f572cbdf2b6491c6878c62943fc08768f07fa57beb7d797df6539f91241267","f5fd946373f4c8f8379bbd2d1a245efd1836f98f7c8621b8cf497c3fb689c710","01eb02c30041d3d1f1663bb6690288f6beebf57de94644c91736203f144fbe80","0c0f8edfae6a582f5f513bdcbc47f331bd2569665b6fe39b1ea67b2ca48871b0",0,6000,NA,0,0,0,0,0,0,TRUE,TRUE,1,65.4124293785311,0,0.972248207047085,0.486124103523542,0.0666666666666667,0.333333333333333,0.169030850945703
"29_pwo_gp_model_specific","db6cb901415724b9f55892557a81f2cbcc3e7f91cf2f712ea45b7b9a2b1eb5a5","b1d5697d50014504fea8964eae8d6ad099291a4087058c07ada854c160fad766",12,6,48,"FSA_lambda050","FSA_lambda050","FSA-KD (lambda=0.5)",0.5,"phi",NA,TRUE,48,24,16,72870627,72870627,1,476655707,"0f5827c5f5abb6c241ec04cd64f2f9782c160e88d07c2896dd8f0083fc5a2241","186a542ac6084b90893fe9ad1492a6221b1ade2814025d9418691405570abb28","43825d57eb978116e58e3cc793595735e6cd0547dd4c9df1f67abb2189c1e0ec","92ba8cc2838758c71d48c8e9a2f7f5265be1b00ffa3e8097b3a6b664da24036a",6000,6000,TRUE,1,5626,374,1,1973,934,TRUE,TRUE,2,64.8581560283688,0.166666666666667,0.995143745143745,0.580905205905206,0.133333333333333,0.333333333333333,0.239045721866879
"29_pwo_gp_model_specific","db6cb901415724b9f55892557a81f2cbcc3e7f91cf2f712ea45b7b9a2b1eb5a5","b1d5697d50014504fea8964eae8d6ad099291a4087058c07ada854c160fad766",12,6,48,"SA_hamming_foldover","Hamming","Hamming",NA,"hamming",NA,TRUE,48,24,16,72870627,72870627,1,476655707,"0f5827c5f5abb6c241ec04cd64f2f9782c160e88d07c2896dd8f0083fc5a2241","186a542ac6084b90893fe9ad1492a6221b1ade2814025d9418691405570abb28","a75a0239198ce0a361270e032c2ea3eb5d9ea8d7d89494360ae1a3b6b7b226a6","3abb15466c62183b5658d587da4383ab2e260e502357207750a4997a22a71a32",6000,6000,TRUE,1,5631,369,5,5617,2763,TRUE,TRUE,2,66.2836879432624,0.166666666666667,0.956099456099456,0.561383061383061,0.133333333333333,0.333333333333333,0.239045721866879
"29_pwo_gp_model_specific","db6cb901415724b9f55892557a81f2cbcc3e7f91cf2f712ea45b7b9a2b1eb5a5","b1d5697d50014504fea8964eae8d6ad099291a4087058c07ada854c160fad766",12,6,48,"SA_l2_position_foldover","L2","L2",NA,"l2","component_position",TRUE,48,24,16,72870627,72870627,1,476655707,"0f5827c5f5abb6c241ec04cd64f2f9782c160e88d07c2896dd8f0083fc5a2241","186a542ac6084b90893fe9ad1492a6221b1ade2814025d9418691405570abb28","861cf8c7ae2194ed2cb5e32b579b2d255308e02866d83d68d59b2c9981f02984","46a4640ac69d60915e696211243c8401747897113cf0c02336d401f795cba976",6000,6000,TRUE,1,5714,286,1,4408,8,TRUE,TRUE,2,65.758865248227,0.166666666666667,0.970473970473971,0.568570318570319,0.133333333333333,0.333333333333333,0.239045721866879
"29_pwo_gp_model_specific","db6cb901415724b9f55892557a81f2cbcc3e7f91cf2f712ea45b7b9a2b1eb5a5","b1d5697d50014504fea8964eae8d6ad099291a4087058c07ada854c160fad766",12,6,48,"random_foldover","RandomFoldover","Random foldover",NA,"none",NA,TRUE,48,24,16,72870627,72870627,1,476655707,"0f5827c5f5abb6c241ec04cd64f2f9782c160e88d07c2896dd8f0083fc5a2241","186a542ac6084b90893fe9ad1492a6221b1ade2814025d9418691405570abb28","c1a3ddf6c2b7e3fe44ea9d80e1548aee10c281c7d6accdbb83ca2059bdbcc5bc","e274f0bcef463d1563c8482a245769ad9ae6da68cf1c3408d2d5925ce22f3391",0,6000,NA,0,0,0,0,0,0,TRUE,TRUE,1,66.5177304964539,0,0.9496891996892,0.4748445998446,0.0666666666666667,0.333333333333333,0.169030850945703
"29_pwo_gp_model_specific","db6cb901415724b9f55892557a81f2cbcc3e7f91cf2f712ea45b7b9a2b1eb5a5","b1d5697d50014504fea8964eae8d6ad099291a4087058c07ada854c160fad766",12,6,60,"FSA_lambda050","FSA_lambda050","FSA-KD (lambda=0.5)",0.5,"phi",NA,TRUE,60,30,16,643885741,643885741,1,1047670821,"073eb13f19db4e3b98731d135ee431ef9407c6981d9602c7c38e0ce96e102ec2","2481ccb2860070a70d42b4e31ee7e962ce96aaca34046b1fcf0f7f97093911af","5961957b6bce158bdbc3f1a3dd5840b211b7a50e93be667bef3cbec4defb318c","4cef1c2116effe2ec518c716e09507f3e94e15dd67554b66a0ce0900df15c7a2",6000,6000,TRUE,1,5594,406,1,2285,1124,TRUE,TRUE,2,64.5129943502825,0.166666666666667,0.997068911755535,0.581867789211101,0.133333333333333,0.333333333333333,0.239045721866879
"29_pwo_gp_model_specific","db6cb901415724b9f55892557a81f2cbcc3e7f91cf2f712ea45b7b9a2b1eb5a5","b1d5697d50014504fea8964eae8d6ad099291a4087058c07ada854c160fad766",12,6,60,"SA_hamming_foldover","Hamming","Hamming",NA,"hamming",NA,TRUE,60,30,16,643885741,643885741,1,1047670821,"073eb13f19db4e3b98731d135ee431ef9407c6981d9602c7c38e0ce96e102ec2","2481ccb2860070a70d42b4e31ee7e962ce96aaca34046b1fcf0f7f97093911af","fccee33f7173ccac56ef0a9326312bff67bc68abb44d7bcabe98b8b599bcb849","087ebdd151f535c08ba94e8718c488ee26136b892c37ebb7b88cc81bb8be4110",6000,6000,TRUE,1,5510,490,1,5497,2723,TRUE,TRUE,1,65.4169491525424,0,0.972123479887746,0.486061739943873,0.0666666666666667,0.333333333333333,0.169030850945703
"29_pwo_gp_model_specific","db6cb901415724b9f55892557a81f2cbcc3e7f91cf2f712ea45b7b9a2b1eb5a5","b1d5697d50014504fea8964eae8d6ad099291a4087058c07ada854c160fad766",12,6,60,"SA_l2_position_foldover","L2","L2",NA,"l2","component_position",TRUE,60,30,16,643885741,643885741,1,1047670821,"073eb13f19db4e3b98731d135ee431ef9407c6981d9602c7c38e0ce96e102ec2","2481ccb2860070a70d42b4e31ee7e962ce96aaca34046b1fcf0f7f97093911af","f38608c9ed47afc875eafa47b0226f2be55ce24456d79f1bb03a95bb28f99628","8489bc48553d0f4e026de63638d8c3567abb54b6ecd809060c7e525d5d8bda28",6000,6000,TRUE,1,5548,452,0,5088,2,TRUE,TRUE,2,65.4033898305085,0.166666666666667,0.972497661365763,0.569582164016215,0.133333333333333,0.333333333333333,0.239045721866879
"29_pwo_gp_model_specific","db6cb901415724b9f55892557a81f2cbcc3e7f91cf2f712ea45b7b9a2b1eb5a5","b1d5697d50014504fea8964eae8d6ad099291a4087058c07ada854c160fad766",12,6,60,"random_foldover","RandomFoldover","Random foldover",NA,"none",NA,TRUE,60,30,16,643885741,643885741,1,1047670821,"073eb13f19db4e3b98731d135ee431ef9407c6981d9602c7c38e0ce96e102ec2","2481ccb2860070a70d42b4e31ee7e962ce96aaca34046b1fcf0f7f97093911af","c995cea13c20066ab43d1f48f9e12d19e73c9614b161da030657103de392eed1","e63c82a0c78bb3e6b974d2e3eee97092712854b778e99338b23df078ee8e03b9",0,6000,NA,0,0,0,0,0,0,TRUE,TRUE,1,66.5694915254237,0,0.940318054256314,0.470159027128157,0.0666666666666667,0.333333333333333,0.169030850945703
"29_pwo_gp_model_specific","db6cb901415724b9f55892557a81f2cbcc3e7f91cf2f712ea45b7b9a2b1eb5a5","b1d5697d50014504fea8964eae8d6ad099291a4087058c07ada854c160fad766",13,6,48,"FSA_lambda050","FSA_lambda050","FSA-KD (lambda=0.5)",0.5,"phi",NA,TRUE,48,24,16,72870628,72870628,1,476655708,"0f94c087395e5ab6c2642983583f3f7034fa766ff354fd4aa8d2a1c20a6db249","a618b3d2ec1759e7f99c117e632bdde660fabef4beda5f77398796160cd8a62e","f2df86b244b17157cbb2773d87b97cb205b1cbbbecf6e8cd1b9c330c83854744","9ff13cc52cdf591d5996014fb7391c49386c9ee1e87e5d9c41953b82b2008fa3",6000,6000,TRUE,1,5765,235,3,2020,972,TRUE,TRUE,3,64.8794326241135,0.333333333333333,0.994560994560995,0.663947163947164,0.2,0.333333333333333,0.338061701891407
"29_pwo_gp_model_specific","db6cb901415724b9f55892557a81f2cbcc3e7f91cf2f712ea45b7b9a2b1eb5a5","b1d5697d50014504fea8964eae8d6ad099291a4087058c07ada854c160fad766",13,6,48,"SA_hamming_foldover","Hamming","Hamming",NA,"hamming",NA,TRUE,48,24,16,72870628,72870628,1,476655708,"0f94c087395e5ab6c2642983583f3f7034fa766ff354fd4aa8d2a1c20a6db249","a618b3d2ec1759e7f99c117e632bdde660fabef4beda5f77398796160cd8a62e","c233cccda1308ebb8005c15a92435d145b002fb201d480bdd2c3c7cec606cc37","849bbd12d13b709798039fe978577f2b82e3c4378b333a8f56d20f515da8673c",6000,6000,TRUE,1,5630,370,8,5619,2760,TRUE,TRUE,1,67.4326241134752,0,0.924630924630925,0.462315462315462,0.0666666666666667,0.333333333333333,0.169030850945703
"29_pwo_gp_model_specific","db6cb901415724b9f55892557a81f2cbcc3e7f91cf2f712ea45b7b9a2b1eb5a5","b1d5697d50014504fea8964eae8d6ad099291a4087058c07ada854c160fad766",13,6,48,"SA_l2_position_foldover","L2","L2",NA,"l2","component_position",TRUE,48,24,16,72870628,72870628,1,476655708,"0f94c087395e5ab6c2642983583f3f7034fa766ff354fd4aa8d2a1c20a6db249","a618b3d2ec1759e7f99c117e632bdde660fabef4beda5f77398796160cd8a62e","7cf67b1342123c04886231257b8a6b27ea9110e4bf7f454df22d587c2e4a2113","57277495b23edcddd3904a0a5cbcdf816affa03ab81bb1ed21e1a1c7fc314466",6000,6000,TRUE,1,5718,282,3,4183,7,TRUE,TRUE,2,65.5673758865248,0.166666666666667,0.975718725718726,0.571192696192696,0.133333333333333,0.333333333333333,0.29277002188456
"29_pwo_gp_model_specific","db6cb901415724b9f55892557a81f2cbcc3e7f91cf2f712ea45b7b9a2b1eb5a5","b1d5697d50014504fea8964eae8d6ad099291a4087058c07ada854c160fad766",13,6,48,"random_foldover","RandomFoldover","Random foldover",NA,"none",NA,TRUE,48,24,16,72870628,72870628,1,476655708,"0f94c087395e5ab6c2642983583f3f7034fa766ff354fd4aa8d2a1c20a6db249","a618b3d2ec1759e7f99c117e632bdde660fabef4beda5f77398796160cd8a62e","c4992ffb05a38853982991885cea2e0a1a074fa5ad57162f253cf83524de92e0","8610861a9be344a22b55a6c34720b7f15a18d50d69adbe36aba9ddd804c6ca8d",0,6000,NA,0,0,0,0,0,0,TRUE,TRUE,1,66.7021276595745,0,0.944638694638695,0.472319347319347,0.0666666666666667,0.333333333333333,0.169030850945703
"29_pwo_gp_model_specific","db6cb901415724b9f55892557a81f2cbcc3e7f91cf2f712ea45b7b9a2b1eb5a5","b1d5697d50014504fea8964eae8d6ad099291a4087058c07ada854c160fad766",13,6,60,"FSA_lambda050","FSA_lambda050","FSA-KD (lambda=0.5)",0.5,"phi",NA,TRUE,60,30,16,643885742,643885742,1,1047670822,"2ec6848651d85cd67c7126b2dfef1551e67887bd1f585dc7b9338d68d09cf394","ae72b11e0380ef67eb81ccb7f6596518d1c530630b1f54885dedeb111c84354a","8d45219664eb58e67b35ee89d7e0e9b48b3b5f9a3430e0db5ecbf3976c1096c5","f6b496f01df8c7ab72a1319c513fb0c88fce368854bc22af2a0076b94251ad5b",6000,6000,TRUE,1,5508,492,0,2252,1081,TRUE,TRUE,2,64.5265536723164,0.166666666666667,0.996694730277518,0.581680698472092,0.133333333333333,0.333333333333333,0.239045721866879
"29_pwo_gp_model_specific","db6cb901415724b9f55892557a81f2cbcc3e7f91cf2f712ea45b7b9a2b1eb5a5","b1d5697d50014504fea8964eae8d6ad099291a4087058c07ada854c160fad766",13,6,60,"SA_hamming_foldover","Hamming","Hamming",NA,"hamming",NA,TRUE,60,30,16,643885742,643885742,1,1047670822,"2ec6848651d85cd67c7126b2dfef1551e67887bd1f585dc7b9338d68d09cf394","ae72b11e0380ef67eb81ccb7f6596518d1c530630b1f54885dedeb111c84354a","bf6059e47884ac748efc36c9092e1fe19010eacb79ac41e56fd6d4a07bfc5d17","2be1496bd25632af4e1039ecaba2b9e0baf6c30939eeaf67a8122c62e77f3e80",6000,6000,TRUE,1,5548,452,1,5529,2693,TRUE,TRUE,1,65.245197740113,0,0.976863111942626,0.488431555971313,0.0666666666666667,0.333333333333333,0.169030850945703
"29_pwo_gp_model_specific","db6cb901415724b9f55892557a81f2cbcc3e7f91cf2f712ea45b7b9a2b1eb5a5","b1d5697d50014504fea8964eae8d6ad099291a4087058c07ada854c160fad766",13,6,60,"SA_l2_position_foldover","L2","L2",NA,"l2","component_position",TRUE,60,30,16,643885742,643885742,1,1047670822,"2ec6848651d85cd67c7126b2dfef1551e67887bd1f585dc7b9338d68d09cf394","ae72b11e0380ef67eb81ccb7f6596518d1c530630b1f54885dedeb111c84354a","cb09fc01f4c0ab4e65154b7bc5f036e37439ee880deb4f8b656cfe1a996da216","3d9e3c4f21249ac195bb748f9d42ffe057beb798df61446183edd14c2429e7ca",6000,6000,TRUE,1,5577,423,0,5160,1,TRUE,TRUE,2,65.4531073446328,0.166666666666667,0.971125662613034,0.56889616463985,0.133333333333333,0.333333333333333,0.239045721866879
"29_pwo_gp_model_specific","db6cb901415724b9f55892557a81f2cbcc3e7f91cf2f712ea45b7b9a2b1eb5a5","b1d5697d50014504fea8964eae8d6ad099291a4087058c07ada854c160fad766",13,6,60,"random_foldover","RandomFoldover","Random foldover",NA,"none",NA,TRUE,60,30,16,643885742,643885742,1,1047670822,"2ec6848651d85cd67c7126b2dfef1551e67887bd1f585dc7b9338d68d09cf394","ae72b11e0380ef67eb81ccb7f6596518d1c530630b1f54885dedeb111c84354a","e5174c1f5361465a59b8e81368a8d9575b71b0e2dedcb691c48016905a38bb00","5c49deffec6ed69656f12622b470e725db11cceacf5075bc5775f9e2660426f5",0,6000,NA,0,0,0,0,0,0,TRUE,TRUE,1,66.3389830508475,0,0.946679139382601,0.4733395696913,0.0666666666666667,0.333333333333333,0.169030850945703
"29_pwo_gp_model_specific","db6cb901415724b9f55892557a81f2cbcc3e7f91cf2f712ea45b7b9a2b1eb5a5","b1d5697d50014504fea8964eae8d6ad099291a4087058c07ada854c160fad766",14,6,48,"FSA_lambda050","FSA_lambda050","FSA-KD (lambda=0.5)",0.5,"phi",NA,TRUE,48,24,16,72870629,72870629,1,476655709,"afa323899e2728835ed60a9f6b87bf20bd2d0f1803889408b53e1d6f5d2e2d2f","5a30aa86150c0e33afda9ef02da7e2215b8904b894f94b349fbe4c80f0bc74e0","b1b1f90173a6424cf4090f912afdcf0386760fa83f26e1fa806c893278c253b0","a416f87e1bdd4dde459daead707768ea309405c9f5ddf3ff651e1510b8c06dda",6000,6000,TRUE,1,5689,311,1,1945,953,TRUE,TRUE,2,64.8794326241135,0.166666666666667,0.994560994560995,0.580613830613831,0.133333333333333,0.333333333333333,0.239045721866879
"29_pwo_gp_model_specific","db6cb901415724b9f55892557a81f2cbcc3e7f91cf2f712ea45b7b9a2b1eb5a5","b1d5697d50014504fea8964eae8d6ad099291a4087058c07ada854c160fad766",14,6,48,"SA_hamming_foldover","Hamming","Hamming",NA,"hamming",NA,TRUE,48,24,16,72870629,72870629,1,476655709,"afa323899e2728835ed60a9f6b87bf20bd2d0f1803889408b53e1d6f5d2e2d2f","5a30aa86150c0e33afda9ef02da7e2215b8904b894f94b349fbe4c80f0bc74e0","0a6d69c2453c105c26a1bc6113c70df816bcaa51e76f2772d63d7ccbf0acb6c7","80e040fe0a2aec0ccd33a8f0c0fdfb71dbab2ee27975eab5390f83b9bbe95437",6000,6000,TRUE,1,5634,366,11,5616,2748,TRUE,TRUE,2,65.8794326241135,0.166666666666667,0.967171717171717,0.566919191919192,0.133333333333333,0.333333333333333,0.239045721866879
"29_pwo_gp_model_specific","db6cb901415724b9f55892557a81f2cbcc3e7f91cf2f712ea45b7b9a2b1eb5a5","b1d5697d50014504fea8964eae8d6ad099291a4087058c07ada854c160fad766",14,6,48,"SA_l2_position_foldover","L2","L2",NA,"l2","component_position",TRUE,48,24,16,72870629,72870629,1,476655709,"afa323899e2728835ed60a9f6b87bf20bd2d0f1803889408b53e1d6f5d2e2d2f","5a30aa86150c0e33afda9ef02da7e2215b8904b894f94b349fbe4c80f0bc74e0","694cdc6306a9af027ab593425a58953d6de875bc15465a156afc74acc1a3279e","ccbe3b269ecac0c9004024a499f3cfd8875a1328482981ae5660e504dad8e2ec",6000,6000,TRUE,1,5717,283,3,3764,8,TRUE,TRUE,2,65.8794326241135,0.166666666666667,0.967171717171717,0.566919191919192,0.133333333333333,0.333333333333333,0.29277002188456
"29_pwo_gp_model_specific","db6cb901415724b9f55892557a81f2cbcc3e7f91cf2f712ea45b7b9a2b1eb5a5","b1d5697d50014504fea8964eae8d6ad099291a4087058c07ada854c160fad766",14,6,48,"random_foldover","RandomFoldover","Random foldover",NA,"none",NA,TRUE,48,24,16,72870629,72870629,1,476655709,"afa323899e2728835ed60a9f6b87bf20bd2d0f1803889408b53e1d6f5d2e2d2f","5a30aa86150c0e33afda9ef02da7e2215b8904b894f94b349fbe4c80f0bc74e0","cfbad2a0e75ee6ec57d6c7bedb82e75315eb843a8c5539bbdfe30cd17801bb35","23fef0aa6c2bf06cba7678cfb7da15471eca1b1170fef454a1fd928c9b6eb422",0,6000,NA,0,0,0,0,0,0,TRUE,TRUE,1,65.9858156028369,0,0.964257964257964,0.482128982128982,0.0666666666666667,0.333333333333333,0.169030850945703
"29_pwo_gp_model_specific","db6cb901415724b9f55892557a81f2cbcc3e7f91cf2f712ea45b7b9a2b1eb5a5","b1d5697d50014504fea8964eae8d6ad099291a4087058c07ada854c160fad766",14,6,60,"FSA_lambda050","FSA_lambda050","FSA-KD (lambda=0.5)",0.5,"phi",NA,TRUE,60,30,16,643885743,643885743,1,1047670823,"a3c0d4b46b307ecdd8f5fa923625154fc18542a52999d57a1f027d79fad5771b","b2176f339e9c90a11a640526d6d834e2b3ad5d08d58b0cc72d91a458012048ba","6c7bfcd08e6a4fc565a461ca19bd9782d0985df838ca2c48e5bb4fee3c6da466","ba7bd5f808ad9980e23848c6b1b5917686cc16ac9432dd8d245bbbdc1ceb7288",6000,6000,TRUE,1,5604,396,0,2185,1064,TRUE,TRUE,2,64.5175141242938,0.166666666666667,0.996944184596196,0.581805425631431,0.133333333333333,0.333333333333333,0.239045721866879
"29_pwo_gp_model_specific","db6cb901415724b9f55892557a81f2cbcc3e7f91cf2f712ea45b7b9a2b1eb5a5","b1d5697d50014504fea8964eae8d6ad099291a4087058c07ada854c160fad766",14,6,60,"SA_hamming_foldover","Hamming","Hamming",NA,"hamming",NA,TRUE,60,30,16,643885743,643885743,1,1047670823,"a3c0d4b46b307ecdd8f5fa923625154fc18542a52999d57a1f027d79fad5771b","b2176f339e9c90a11a640526d6d834e2b3ad5d08d58b0cc72d91a458012048ba","eda4766b8dd4ba352a1b8845f90a74710b6c792a05b7ffc858755f5d63a539a1","9d467dc8f5122f71d35bafdd0ed29a09bdcfd07bf88cddb3bc66ef958495c12d",6000,6000,TRUE,1,5541,459,1,5531,2695,TRUE,TRUE,1,65.1819209039548,0,0.978609292173371,0.489304646086685,0.0666666666666667,0.333333333333333,0.169030850945703
"29_pwo_gp_model_specific","db6cb901415724b9f55892557a81f2cbcc3e7f91cf2f712ea45b7b9a2b1eb5a5","b1d5697d50014504fea8964eae8d6ad099291a4087058c07ada854c160fad766",14,6,60,"SA_l2_position_foldover","L2","L2",NA,"l2","component_position",TRUE,60,30,16,643885743,643885743,1,1047670823,"a3c0d4b46b307ecdd8f5fa923625154fc18542a52999d57a1f027d79fad5771b","b2176f339e9c90a11a640526d6d834e2b3ad5d08d58b0cc72d91a458012048ba","2f02570d82bca8d244baa3e6def78f2037d89a4886f773923e17710a215e9281","a6976160f8987d2e13e24249d6136a658e09d378fbb80a39450c55b9664c8a51",6000,6000,TRUE,1,5625,375,1,4456,1,TRUE,TRUE,2,65.8689265536723,0.166666666666667,0.959650763953851,0.563158715310259,0.133333333333333,0.333333333333333,0.239045721866879
"29_pwo_gp_model_specific","db6cb901415724b9f55892557a81f2cbcc3e7f91cf2f712ea45b7b9a2b1eb5a5","b1d5697d50014504fea8964eae8d6ad099291a4087058c07ada854c160fad766",14,6,60,"random_foldover","RandomFoldover","Random foldover",NA,"none",NA,TRUE,60,30,16,643885743,643885743,1,1047670823,"a3c0d4b46b307ecdd8f5fa923625154fc18542a52999d57a1f027d79fad5771b","b2176f339e9c90a11a640526d6d834e2b3ad5d08d58b0cc72d91a458012048ba","3747bd8e9c96c0be949419b2febe44c21c7c861a68b19c23ea1bcb9f522e44c6","6bbdf3c699eac171e1025932e25cfb7c139b4e52009f114aadb10994aac728f1",0,6000,NA,0,0,0,0,0,0,TRUE,TRUE,1,66.7322033898305,0,0.935827876520113,0.467913938260056,0.0666666666666667,0.333333333333333,0.169030850945703
"29_pwo_gp_model_specific","db6cb901415724b9f55892557a81f2cbcc3e7f91cf2f712ea45b7b9a2b1eb5a5","b1d5697d50014504fea8964eae8d6ad099291a4087058c07ada854c160fad766",15,6,48,"FSA_lambda050","FSA_lambda050","FSA-KD (lambda=0.5)",0.5,"phi",NA,TRUE,48,24,16,72870630,72870630,1,476655710,"bff0dd88245d2b7383e1e38dfac3d51d5d5f3d5e33ab5917263ea659c4aa756b","f9d7403aa01c9d95079cb678faa1617b04ce8081b467ef04ed6b535b4042ce1d","a815d16fcca2ce7bf371fcb65c8e5aa9a34e11875aeda5a7b272dc2599010bf8","d6687494b010eee862def4c5eb4a4fab5bc05b2cfda54582638690098f422144",6000,6000,TRUE,1,5661,339,5,1990,961,TRUE,TRUE,2,64.8368794326241,0.166666666666667,0.995726495726496,0.581196581196581,0.133333333333333,0.333333333333333,0.239045721866879
"29_pwo_gp_model_specific","db6cb901415724b9f55892557a81f2cbcc3e7f91cf2f712ea45b7b9a2b1eb5a5","b1d5697d50014504fea8964eae8d6ad099291a4087058c07ada854c160fad766",15,6,48,"SA_hamming_foldover","Hamming","Hamming",NA,"hamming",NA,TRUE,48,24,16,72870630,72870630,1,476655710,"bff0dd88245d2b7383e1e38dfac3d51d5d5f3d5e33ab5917263ea659c4aa756b","f9d7403aa01c9d95079cb678faa1617b04ce8081b467ef04ed6b535b4042ce1d","882027bdd481d39ea3c6aa94120ae9cc8e090e4179bc89a66cb2a415cb23c020","856458d6c1b45d34501775b1e23348b0326697a8e175c36fe300e8b2a8bcc6bf",6000,6000,TRUE,1,5661,339,5,5636,2760,TRUE,TRUE,1,66.4609929078014,0,0.951243201243201,0.475621600621601,0.0666666666666667,0.333333333333333,0.169030850945703
"29_pwo_gp_model_specific","db6cb901415724b9f55892557a81f2cbcc3e7f91cf2f712ea45b7b9a2b1eb5a5","b1d5697d50014504fea8964eae8d6ad099291a4087058c07ada854c160fad766",15,6,48,"SA_l2_position_foldover","L2","L2",NA,"l2","component_position",TRUE,48,24,16,72870630,72870630,1,476655710,"bff0dd88245d2b7383e1e38dfac3d51d5d5f3d5e33ab5917263ea659c4aa756b","f9d7403aa01c9d95079cb678faa1617b04ce8081b467ef04ed6b535b4042ce1d","f8e56a8f49af1203e6f4d6288972715738c5d67ccb794dd0058a1b5b47deddc8","f57028256d3f656ec1d14d1d3151f1fd68dacb2e2b47bb8c21a622c327aeece7",6000,6000,TRUE,1,5699,301,7,3736,14,TRUE,TRUE,2,65.9716312056738,0.166666666666667,0.964646464646465,0.565656565656566,0.133333333333333,0.333333333333333,0.29277002188456
"29_pwo_gp_model_specific","db6cb901415724b9f55892557a81f2cbcc3e7f91cf2f712ea45b7b9a2b1eb5a5","b1d5697d50014504fea8964eae8d6ad099291a4087058c07ada854c160fad766",15,6,48,"random_foldover","RandomFoldover","Random foldover",NA,"none",NA,TRUE,48,24,16,72870630,72870630,1,476655710,"bff0dd88245d2b7383e1e38dfac3d51d5d5f3d5e33ab5917263ea659c4aa756b","f9d7403aa01c9d95079cb678faa1617b04ce8081b467ef04ed6b535b4042ce1d","de8538620cc907634a49348d97085b08606decebbf777f8617cf2a17c2fa4c91","4d587893dfd0648260969f59b3bc79d778a710c43eae48580ed8d4d411fba2d7",0,6000,NA,0,0,0,0,0,0,TRUE,TRUE,1,66.0921985815603,0,0.961344211344211,0.480672105672106,0.0666666666666667,0.333333333333333,0.169030850945703
"29_pwo_gp_model_specific","db6cb901415724b9f55892557a81f2cbcc3e7f91cf2f712ea45b7b9a2b1eb5a5","b1d5697d50014504fea8964eae8d6ad099291a4087058c07ada854c160fad766",15,6,60,"FSA_lambda050","FSA_lambda050","FSA-KD (lambda=0.5)",0.5,"phi",NA,TRUE,60,30,16,643885744,643885744,1,1047670824,"29b6536c05b379edbab26f48e1ccfca1a2e3bf78e5b812079f192909b30747ec","9dbd5c36c54d416c93fed68b3a567751ba4275005db18980c4c2a484ee786ca0","5ec9c508714751d7c491080acb67f76663c0ba6cc8ce1576acff244145f52291","2e6c89da336231e5849b8636c1a8e81ddf5e195ed8b0f9baaa62870df90cd1b4",6000,6000,TRUE,1,5618,382,0,1996,970,TRUE,TRUE,2,64.5401129943503,0.166666666666667,0.996320548799501,0.581493607733084,0.133333333333333,0.333333333333333,0.239045721866879
"29_pwo_gp_model_specific","db6cb901415724b9f55892557a81f2cbcc3e7f91cf2f712ea45b7b9a2b1eb5a5","b1d5697d50014504fea8964eae8d6ad099291a4087058c07ada854c160fad766",15,6,60,"SA_hamming_foldover","Hamming","Hamming",NA,"hamming",NA,TRUE,60,30,16,643885744,643885744,1,1047670824,"29b6536c05b379edbab26f48e1ccfca1a2e3bf78e5b812079f192909b30747ec","9dbd5c36c54d416c93fed68b3a567751ba4275005db18980c4c2a484ee786ca0","f5112ddae2b6eaf11c5bda25f10247e662bd276b5e2a9c592254fbecb76d7618","c98e5c838aafb6303b00b3ef5421e67819008dc6ba5b30946a9ae2b824d156fc",6000,6000,TRUE,1,5541,459,0,5534,2724,TRUE,TRUE,1,65.5887005649717,0,0.967383847832866,0.483691923916433,0.0666666666666667,0.333333333333333,0.169030850945703
"29_pwo_gp_model_specific","db6cb901415724b9f55892557a81f2cbcc3e7f91cf2f712ea45b7b9a2b1eb5a5","b1d5697d50014504fea8964eae8d6ad099291a4087058c07ada854c160fad766",15,6,60,"SA_l2_position_foldover","L2","L2",NA,"l2","component_position",TRUE,60,30,16,643885744,643885744,1,1047670824,"29b6536c05b379edbab26f48e1ccfca1a2e3bf78e5b812079f192909b30747ec","9dbd5c36c54d416c93fed68b3a567751ba4275005db18980c4c2a484ee786ca0","c3dd8eea7e5d8cc3b6d95e5a6ad747ecb005bfe7c7f38f75527d60a59e9e5808","0b13a43d4abcbd47cd4fc6d0c913ece4c541810dc46e008f7cc856a565254ccf",6000,6000,TRUE,1,5648,352,0,4282,1,TRUE,TRUE,2,65.7468926553672,0.166666666666667,0.963018397256003,0.564842531961335,0.133333333333333,0.333333333333333,0.239045721866879
"29_pwo_gp_model_specific","db6cb901415724b9f55892557a81f2cbcc3e7f91cf2f712ea45b7b9a2b1eb5a5","b1d5697d50014504fea8964eae8d6ad099291a4087058c07ada854c160fad766",15,6,60,"random_foldover","RandomFoldover","Random foldover",NA,"none",NA,TRUE,60,30,16,643885744,643885744,1,1047670824,"29b6536c05b379edbab26f48e1ccfca1a2e3bf78e5b812079f192909b30747ec","9dbd5c36c54d416c93fed68b3a567751ba4275005db18980c4c2a484ee786ca0","956bad81f28e757ebd19ab7d1503fde42c7cd3e3e7903a100e7108a6be638837","735a62afb938291deb41eb0f440c4712b411318268a7bb0fe0a089eaabbcd97f",0,6000,NA,0,0,0,0,0,0,TRUE,TRUE,1,66.0858757062147,0,0.953663860305582,0.476831930152791,0.0666666666666667,0.333333333333333,0.169030850945703
"29_pwo_gp_model_specific","db6cb901415724b9f55892557a81f2cbcc3e7f91cf2f712ea45b7b9a2b1eb5a5","b1d5697d50014504fea8964eae8d6ad099291a4087058c07ada854c160fad766",16,6,48,"FSA_lambda050","FSA_lambda050","FSA-KD (lambda=0.5)",0.5,"phi",NA,TRUE,48,24,16,72870631,72870631,1,476655711,"21f9f1a4307ad32daa503edcb5fa93fb1e8357bd944eab1fbb0f30a2e0ef29b7","8f752a0f58dcb9185de9d0b36131de57fde14bd9b1648c601da9464f2f42b8f9","3eaae2553e9febc04c1b7fa2adec7b4759f2c10c28c6393fee5e241dc63ff784","54c4febd63e6e808f4b33ab237667276ee1a926bc5d9bd41a3f8d0265cf05cb2",6000,6000,TRUE,1,5730,270,2,1988,986,TRUE,TRUE,3,64.886524822695,0.333333333333333,0.994366744366744,0.663850038850039,0.2,0.333333333333333,0.29277002188456
"29_pwo_gp_model_specific","db6cb901415724b9f55892557a81f2cbcc3e7f91cf2f712ea45b7b9a2b1eb5a5","b1d5697d50014504fea8964eae8d6ad099291a4087058c07ada854c160fad766",16,6,48,"SA_hamming_foldover","Hamming","Hamming",NA,"hamming",NA,TRUE,48,24,16,72870631,72870631,1,476655711,"21f9f1a4307ad32daa503edcb5fa93fb1e8357bd944eab1fbb0f30a2e0ef29b7","8f752a0f58dcb9185de9d0b36131de57fde14bd9b1648c601da9464f2f42b8f9","5fa1046dc045198c2690341a35509f0a1fbdcfe9f569ce8c10c2a0558aaf42a2","b907d33551c7a92b501548e18dc0fe279eaec676d4ca5058008161a03411bb01",6000,6000,TRUE,1,5582,418,8,5559,2710,TRUE,TRUE,2,65.9574468085106,0.166666666666667,0.965034965034965,0.565850815850816,0.133333333333333,0.333333333333333,0.239045721866879
"29_pwo_gp_model_specific","db6cb901415724b9f55892557a81f2cbcc3e7f91cf2f712ea45b7b9a2b1eb5a5","b1d5697d50014504fea8964eae8d6ad099291a4087058c07ada854c160fad766",16,6,48,"SA_l2_position_foldover","L2","L2",NA,"l2","component_position",TRUE,48,24,16,72870631,72870631,1,476655711,"21f9f1a4307ad32daa503edcb5fa93fb1e8357bd944eab1fbb0f30a2e0ef29b7","8f752a0f58dcb9185de9d0b36131de57fde14bd9b1648c601da9464f2f42b8f9","ccd065e7b323c465d4c8705534739c4fa39c841a164ed6060af018dbbea76ee6","2519e72e8d00be593cca0cfbd173d656bfe9b0bd6a5007da8134c0a404b66464",6000,6000,TRUE,1,5705,295,1,3830,8,TRUE,TRUE,2,65.5744680851064,0.166666666666667,0.975524475524476,0.571095571095571,0.133333333333333,0.333333333333333,0.29277002188456
"29_pwo_gp_model_specific","db6cb901415724b9f55892557a81f2cbcc3e7f91cf2f712ea45b7b9a2b1eb5a5","b1d5697d50014504fea8964eae8d6ad099291a4087058c07ada854c160fad766",16,6,48,"random_foldover","RandomFoldover","Random foldover",NA,"none",NA,TRUE,48,24,16,72870631,72870631,1,476655711,"21f9f1a4307ad32daa503edcb5fa93fb1e8357bd944eab1fbb0f30a2e0ef29b7","8f752a0f58dcb9185de9d0b36131de57fde14bd9b1648c601da9464f2f42b8f9","a4e9b26b76f152b133d80d82282c1a9fa6fe7fc5267eeff3ece07bea14c7e000","82ce04f60533a50540bf1ee86a32e3139a175967f8e0579e000d7724f1b8af6a",0,6000,NA,0,0,0,0,0,0,TRUE,TRUE,1,67,0,0.936480186480187,0.468240093240093,0.0666666666666667,0.333333333333333,0.169030850945703
"29_pwo_gp_model_specific","db6cb901415724b9f55892557a81f2cbcc3e7f91cf2f712ea45b7b9a2b1eb5a5","b1d5697d50014504fea8964eae8d6ad099291a4087058c07ada854c160fad766",16,6,60,"FSA_lambda050","FSA_lambda050","FSA-KD (lambda=0.5)",0.5,"phi",NA,TRUE,60,30,16,643885745,643885745,1,1047670825,"b85186e581564fd1d37a974ae0afc379b5ced113a849dcbdfd8cb1a6b220ba4b","98e29adc67ece7511de6410fdc144bffb0f17fa20cf972ee3164ef9e7619533a","8b946d1c8fc4adf7cd7be10cd08ca8c2ab8a48707587954eb6108fdb35a25fe9","1d3dfc1d948d18870def69bc4aafe344aea1e90b70bc115a8b48ecd542b36278",6000,6000,TRUE,1,5616,384,0,2225,1077,TRUE,TRUE,2,64.5129943502825,0.166666666666667,0.997068911755535,0.581867789211101,0.133333333333333,0.333333333333333,0.239045721866879
"29_pwo_gp_model_specific","db6cb901415724b9f55892557a81f2cbcc3e7f91cf2f712ea45b7b9a2b1eb5a5","b1d5697d50014504fea8964eae8d6ad099291a4087058c07ada854c160fad766",16,6,60,"SA_hamming_foldover","Hamming","Hamming",NA,"hamming",NA,TRUE,60,30,16,643885745,643885745,1,1047670825,"b85186e581564fd1d37a974ae0afc379b5ced113a849dcbdfd8cb1a6b220ba4b","98e29adc67ece7511de6410fdc144bffb0f17fa20cf972ee3164ef9e7619533a","b07499ccb74df014bafb6e8d063470c7c64a6665009c55dce372f6accb291149","009c778d336478c137cd12bbea6f71aac527dcbebd8f831b2e9ac51c4bb7fbec",6000,6000,TRUE,1,5504,496,0,5494,2659,TRUE,TRUE,1,65.2858757062147,0,0.975740567508575,0.487870283754288,0.0666666666666667,0.333333333333333,0.169030850945703
"29_pwo_gp_model_specific","db6cb901415724b9f55892557a81f2cbcc3e7f91cf2f712ea45b7b9a2b1eb5a5","b1d5697d50014504fea8964eae8d6ad099291a4087058c07ada854c160fad766",16,6,60,"SA_l2_position_foldover","L2","L2",NA,"l2","component_position",TRUE,60,30,16,643885745,643885745,1,1047670825,"b85186e581564fd1d37a974ae0afc379b5ced113a849dcbdfd8cb1a6b220ba4b","98e29adc67ece7511de6410fdc144bffb0f17fa20cf972ee3164ef9e7619533a","23cfe642af744d4e90ffa27b07d5087f952b0176f4944fbcd0fa0a03e707b890","8c0e4f626dcfdc4070e6b851ddb53070d685f4dd5e705173e87b9bb575add692",6000,6000,TRUE,1,5628,372,0,4391,1,TRUE,TRUE,2,65.1954802259887,0.166666666666667,0.978235110695354,0.57245088868101,0.133333333333333,0.333333333333333,0.239045721866879
"29_pwo_gp_model_specific","db6cb901415724b9f55892557a81f2cbcc3e7f91cf2f712ea45b7b9a2b1eb5a5","b1d5697d50014504fea8964eae8d6ad099291a4087058c07ada854c160fad766",16,6,60,"random_foldover","RandomFoldover","Random foldover",NA,"none",NA,TRUE,60,30,16,643885745,643885745,1,1047670825,"b85186e581564fd1d37a974ae0afc379b5ced113a849dcbdfd8cb1a6b220ba4b","98e29adc67ece7511de6410fdc144bffb0f17fa20cf972ee3164ef9e7619533a","f5313fff28400298a0ae53e5a65e4ea298172a9991191d03a424b978260320c1","200ebef2ba4657280c7d534e184cef6e6ade3ecb5b77c744934bffd0c418627f",0,6000,NA,0,0,0,0,0,0,TRUE,TRUE,1,65.819209039548,0,0.961022762706579,0.48051138135329,0.0666666666666667,0.333333333333333,0.169030850945703
"29_pwo_gp_model_specific","db6cb901415724b9f55892557a81f2cbcc3e7f91cf2f712ea45b7b9a2b1eb5a5","b1d5697d50014504fea8964eae8d6ad099291a4087058c07ada854c160fad766",17,6,48,"FSA_lambda050","FSA_lambda050","FSA-KD (lambda=0.5)",0.5,"phi",NA,TRUE,48,24,16,72870632,72870632,1,476655712,"63f4a472107a6bceb974cf33db675b80a1af57656ad1ae55ce9325230ced7cdb","84f9ae2036f20a5f68ac403ef78cc5c7e6dadcadd1368dfa0d42400f9aa96469","2d25b968a172ce3fc44a3c9bccadde496e86ca4e1558492ad60ab239ff6fc5d9","8cafe3346c94e3b164dacbeafb37c002a49ef8f4bd2e529af25c41d80bc5e2bd",6000,6000,TRUE,1,5659,341,2,2066,1024,TRUE,TRUE,3,64.9078014184397,0.333333333333333,0.993783993783994,0.663558663558664,0.2,0.333333333333333,0.29277002188456
"29_pwo_gp_model_specific","db6cb901415724b9f55892557a81f2cbcc3e7f91cf2f712ea45b7b9a2b1eb5a5","b1d5697d50014504fea8964eae8d6ad099291a4087058c07ada854c160fad766",17,6,48,"SA_hamming_foldover","Hamming","Hamming",NA,"hamming",NA,TRUE,48,24,16,72870632,72870632,1,476655712,"63f4a472107a6bceb974cf33db675b80a1af57656ad1ae55ce9325230ced7cdb","84f9ae2036f20a5f68ac403ef78cc5c7e6dadcadd1368dfa0d42400f9aa96469","9ad925f9f69847c61823c35543257b77cf766e465f8c67f03f04e21f07bd2f46","b632262d242c3a8e58cce8fd21d79bab81bf87847fd83320075e25e0fe73aa33",6000,6000,TRUE,1,5604,396,6,5585,2745,TRUE,TRUE,1,66.177304964539,0,0.959013209013209,0.479506604506605,0.0666666666666667,0.333333333333333,0.169030850945703
"29_pwo_gp_model_specific","db6cb901415724b9f55892557a81f2cbcc3e7f91cf2f712ea45b7b9a2b1eb5a5","b1d5697d50014504fea8964eae8d6ad099291a4087058c07ada854c160fad766",17,6,48,"SA_l2_position_foldover","L2","L2",NA,"l2","component_position",TRUE,48,24,16,72870632,72870632,1,476655712,"63f4a472107a6bceb974cf33db675b80a1af57656ad1ae55ce9325230ced7cdb","84f9ae2036f20a5f68ac403ef78cc5c7e6dadcadd1368dfa0d42400f9aa96469","2350c0e7b52fa689cfa22b2dc01e4921ec6f5fda756be66194c05ec833416fbd","692022a132c5e830643dd568c3032f1d7d74af774083c7c37998ed8a2aec56ed",6000,6000,TRUE,1,5684,316,3,3841,9,TRUE,TRUE,2,65.7801418439716,0.166666666666667,0.96989121989122,0.568278943278943,0.133333333333333,0.333333333333333,0.29277002188456
"29_pwo_gp_model_specific","db6cb901415724b9f55892557a81f2cbcc3e7f91cf2f712ea45b7b9a2b1eb5a5","b1d5697d50014504fea8964eae8d6ad099291a4087058c07ada854c160fad766",17,6,48,"random_foldover","RandomFoldover","Random foldover",NA,"none",NA,TRUE,48,24,16,72870632,72870632,1,476655712,"63f4a472107a6bceb974cf33db675b80a1af57656ad1ae55ce9325230ced7cdb","84f9ae2036f20a5f68ac403ef78cc5c7e6dadcadd1368dfa0d42400f9aa96469","ba155f67b6c42315167d9b4840cba0ce47bb1b7940d2111eed7185d4d2f223c8","0e075a747dc74f3339baec0f145921fb0e80cfbff889768b1a9824ba83fc710b",0,6000,NA,0,0,0,0,0,0,TRUE,TRUE,1,66.2340425531915,0,0.957459207459208,0.478729603729604,0.0666666666666667,0.333333333333333,0.169030850945703
"29_pwo_gp_model_specific","db6cb901415724b9f55892557a81f2cbcc3e7f91cf2f712ea45b7b9a2b1eb5a5","b1d5697d50014504fea8964eae8d6ad099291a4087058c07ada854c160fad766",17,6,60,"FSA_lambda050","FSA_lambda050","FSA-KD (lambda=0.5)",0.5,"phi",NA,TRUE,60,30,16,643885746,643885746,1,1047670826,"950f6fa91d1307bbb63b90806782c6a4c7900ba77b88f40bec911d6cf517f8d1","23f9a022898bb6713890f283629719008ff5347b2b37f89245582078a376d566","6b9b32ef507c5c730a97852f33dd88da5948f008769e2ed5c456ee2cdc922f9e","a35b163f65c151ae06cf8f0cd268c3c4db133ceb6282db8b5ee56730fcb77b3c",6000,6000,TRUE,1,5584,416,0,2253,1101,TRUE,TRUE,2,64.5581920903955,0.166666666666667,0.995821640162145,0.581244153414406,0.133333333333333,0.333333333333333,0.239045721866879
"29_pwo_gp_model_specific","db6cb901415724b9f55892557a81f2cbcc3e7f91cf2f712ea45b7b9a2b1eb5a5","b1d5697d50014504fea8964eae8d6ad099291a4087058c07ada854c160fad766",17,6,60,"SA_hamming_foldover","Hamming","Hamming",NA,"hamming",NA,TRUE,60,30,16,643885746,643885746,1,1047670826,"950f6fa91d1307bbb63b90806782c6a4c7900ba77b88f40bec911d6cf517f8d1","23f9a022898bb6713890f283629719008ff5347b2b37f89245582078a376d566","0f310ffe426145411f108c5f5f06de75499c6b5fa6edd173d2e405af911e2ec5","2357fa05c41f8204225fe71809db2e55e2758dc592f5e9f6a8c2ae58272ee641",6000,6000,TRUE,1,5517,483,0,5507,2721,TRUE,TRUE,1,65.6700564971751,0,0.965138758964765,0.482569379482382,0.0666666666666667,0.333333333333333,0.169030850945703
"29_pwo_gp_model_specific","db6cb901415724b9f55892557a81f2cbcc3e7f91cf2f712ea45b7b9a2b1eb5a5","b1d5697d50014504fea8964eae8d6ad099291a4087058c07ada854c160fad766",17,6,60,"SA_l2_position_foldover","L2","L2",NA,"l2","component_position",TRUE,60,30,16,643885746,643885746,1,1047670826,"950f6fa91d1307bbb63b90806782c6a4c7900ba77b88f40bec911d6cf517f8d1","23f9a022898bb6713890f283629719008ff5347b2b37f89245582078a376d566","30daf793da6db18bc9f3483dfcf306d79c5acfc5d38d69dd429fe14480de4fb9","73b4c233db8ef32aeea6cf97c7588c14bca3b91a4aec28ea51385101576df394",6000,6000,TRUE,1,5531,469,0,5341,1,TRUE,TRUE,2,65.4079096045198,0.166666666666667,0.972372934206424,0.569519800436545,0.133333333333333,0.333333333333333,0.239045721866879
"29_pwo_gp_model_specific","db6cb901415724b9f55892557a81f2cbcc3e7f91cf2f712ea45b7b9a2b1eb5a5","b1d5697d50014504fea8964eae8d6ad099291a4087058c07ada854c160fad766",17,6,60,"random_foldover","RandomFoldover","Random foldover",NA,"none",NA,TRUE,60,30,16,643885746,643885746,1,1047670826,"950f6fa91d1307bbb63b90806782c6a4c7900ba77b88f40bec911d6cf517f8d1","23f9a022898bb6713890f283629719008ff5347b2b37f89245582078a376d566","38095b39dff1835305d8572b8f0a8ca5260bc1eaf90dfc44ede1b3624f56e31f","144960dd4fe3ceef1e9c30f85ef4b70d081bea7f04ad6f921a9fb24250ae6104",0,6000,NA,0,0,0,0,0,0,TRUE,TRUE,1,65.8915254237288,0,0.959027128157157,0.479513564078578,0.0666666666666667,0.333333333333333,0.169030850945703
"29_pwo_gp_model_specific","db6cb901415724b9f55892557a81f2cbcc3e7f91cf2f712ea45b7b9a2b1eb5a5","b1d5697d50014504fea8964eae8d6ad099291a4087058c07ada854c160fad766",18,6,48,"FSA_lambda050","FSA_lambda050","FSA-KD (lambda=0.5)",0.5,"phi",NA,TRUE,48,24,16,72870633,72870633,1,476655713,"f696296087b258ac21c40607c592239b0dae97179837b86c8dbdea84f98edae1","b4c5e4028897fb243aba4ab52f3c705a17f5e9be89cfca20e1c530b088748961","7d63b455bba96e08fea9cac414a6658a30b9c3839b14145ee26051145cf8566e","1486cd473473e37bcb66ef1eb084bfc57d8ce600ccf03b40c72ad087a81c6f3f",6000,6000,TRUE,1,5624,376,1,1994,980,TRUE,TRUE,2,64.8723404255319,0.166666666666667,0.994755244755245,0.580710955710956,0.133333333333333,0.333333333333333,0.239045721866879
"29_pwo_gp_model_specific","db6cb901415724b9f55892557a81f2cbcc3e7f91cf2f712ea45b7b9a2b1eb5a5","b1d5697d50014504fea8964eae8d6ad099291a4087058c07ada854c160fad766",18,6,48,"SA_hamming_foldover","Hamming","Hamming",NA,"hamming",NA,TRUE,48,24,16,72870633,72870633,1,476655713,"f696296087b258ac21c40607c592239b0dae97179837b86c8dbdea84f98edae1","b4c5e4028897fb243aba4ab52f3c705a17f5e9be89cfca20e1c530b088748961","3ba048fda31b79508b1f3b56c7a1931a4fff1a0088b63dc06e8945fbdf351cf6","b8146ecda71b887864f578972d3d24fff9e53a27ba01a5073397a67dc2ffd419",6000,6000,TRUE,1,5613,387,3,5591,2723,TRUE,TRUE,1,65.8794326241135,0,0.967171717171717,0.483585858585859,0.0666666666666667,0.333333333333333,0.169030850945703
"29_pwo_gp_model_specific","db6cb901415724b9f55892557a81f2cbcc3e7f91cf2f712ea45b7b9a2b1eb5a5","b1d5697d50014504fea8964eae8d6ad099291a4087058c07ada854c160fad766",18,6,48,"SA_l2_position_foldover","L2","L2",NA,"l2","component_position",TRUE,48,24,16,72870633,72870633,1,476655713,"f696296087b258ac21c40607c592239b0dae97179837b86c8dbdea84f98edae1","b4c5e4028897fb243aba4ab52f3c705a17f5e9be89cfca20e1c530b088748961","2ab399534bcf81b6cd52398f0255f7c95dde3b48e846f117926e936295af862f","b16fb080e900e6537bb2000a34cc167559a4be0553a9261fee45e9eee91c40d6",6000,6000,TRUE,1,5707,293,0,3744,6,TRUE,TRUE,2,66.0496453900709,0.166666666666667,0.962509712509713,0.56458818958819,0.133333333333333,0.333333333333333,0.29277002188456
"29_pwo_gp_model_specific","db6cb901415724b9f55892557a81f2cbcc3e7f91cf2f712ea45b7b9a2b1eb5a5","b1d5697d50014504fea8964eae8d6ad099291a4087058c07ada854c160fad766",18,6,48,"random_foldover","RandomFoldover","Random foldover",NA,"none",NA,TRUE,48,24,16,72870633,72870633,1,476655713,"f696296087b258ac21c40607c592239b0dae97179837b86c8dbdea84f98edae1","b4c5e4028897fb243aba4ab52f3c705a17f5e9be89cfca20e1c530b088748961","97d2588a7c1a9a39c108e31bcc6bb7bb3a482de1e7cff873eb1910681913a159","e1c7b47dce23ae7dcde82eb2f42ae8b4e2cc8c9467ffc23a3b156771e00f04a8",0,6000,NA,0,0,0,0,0,0,TRUE,TRUE,1,67.4893617021277,0,0.923076923076923,0.461538461538462,0.0666666666666667,0.333333333333333,0.169030850945703
"29_pwo_gp_model_specific","db6cb901415724b9f55892557a81f2cbcc3e7f91cf2f712ea45b7b9a2b1eb5a5","b1d5697d50014504fea8964eae8d6ad099291a4087058c07ada854c160fad766",18,6,60,"FSA_lambda050","FSA_lambda050","FSA-KD (lambda=0.5)",0.5,"phi",NA,TRUE,60,30,16,643885747,643885747,1,1047670827,"c889fa58c9b9d6efb75c18a40bc2f021db3a8af2191f15a65f3dd1e301bc4643","1ac157b1dd0b715a1b492a6b98e0b72cabb62c545ccfa715440c088712018dfb","8633e54a6cbea6ce6182412cbc3c018bf24f8006ac84d797ad63959862d8b682","e153440ffd367b98ea4a884d7698e08e91807dc0a259e26499e38e9e326210f9",6000,6000,TRUE,1,5574,426,0,2273,1102,TRUE,TRUE,2,64.5401129943503,0.166666666666667,0.996320548799501,0.581493607733084,0.133333333333333,0.333333333333333,0.239045721866879
"29_pwo_gp_model_specific","db6cb901415724b9f55892557a81f2cbcc3e7f91cf2f712ea45b7b9a2b1eb5a5","b1d5697d50014504fea8964eae8d6ad099291a4087058c07ada854c160fad766",18,6,60,"SA_hamming_foldover","Hamming","Hamming",NA,"hamming",NA,TRUE,60,30,16,643885747,643885747,1,1047670827,"c889fa58c9b9d6efb75c18a40bc2f021db3a8af2191f15a65f3dd1e301bc4643","1ac157b1dd0b715a1b492a6b98e0b72cabb62c545ccfa715440c088712018dfb","4100fd02bf6a5616fe4db5754db25ba0def18d8557a74a35fe09ef9feaf2aaa4","30d9e9a2853d6b2b306831879914d3a846dc838c8393d8f57029b52b87984d50",6000,6000,TRUE,1,5515,485,0,5503,2722,TRUE,TRUE,1,65.3401129943503,0,0.974243841596508,0.487121920798254,0.0666666666666667,0.333333333333333,0.169030850945703
"29_pwo_gp_model_specific","db6cb901415724b9f55892557a81f2cbcc3e7f91cf2f712ea45b7b9a2b1eb5a5","b1d5697d50014504fea8964eae8d6ad099291a4087058c07ada854c160fad766",18,6,60,"SA_l2_position_foldover","L2","L2",NA,"l2","component_position",TRUE,60,30,16,643885747,643885747,1,1047670827,"c889fa58c9b9d6efb75c18a40bc2f021db3a8af2191f15a65f3dd1e301bc4643","1ac157b1dd0b715a1b492a6b98e0b72cabb62c545ccfa715440c088712018dfb","af808fa4197cf3eb8d91da82a993065a078740f81ae73eb704a224b025e7cf4f","f0e7d1b47d1f34bb80c7e20e4a981121f4378b15b70d905c7b9d1fc781931187",6000,6000,TRUE,1,5626,374,0,4295,1,TRUE,TRUE,2,65.2497175141243,0.166666666666667,0.976738384783287,0.571702525724977,0.133333333333333,0.333333333333333,0.239045721866879
"29_pwo_gp_model_specific","db6cb901415724b9f55892557a81f2cbcc3e7f91cf2f712ea45b7b9a2b1eb5a5","b1d5697d50014504fea8964eae8d6ad099291a4087058c07ada854c160fad766",18,6,60,"random_foldover","RandomFoldover","Random foldover",NA,"none",NA,TRUE,60,30,16,643885747,643885747,1,1047670827,"c889fa58c9b9d6efb75c18a40bc2f021db3a8af2191f15a65f3dd1e301bc4643","1ac157b1dd0b715a1b492a6b98e0b72cabb62c545ccfa715440c088712018dfb","ddaeaddd1297c498719b3f07d1be6f79b94d2009b66c0e8ae094ccee7cbc4cc1","8834a46ba04e91954c48c4737c24f3426aed88d5509cd4e7c6c15547ae6bc193",0,6000,NA,0,0,0,0,0,0,TRUE,TRUE,1,65.5751412429378,0,0.967758029310883,0.483879014655441,0.0666666666666667,0.333333333333333,0.169030850945703
"29_pwo_gp_model_specific","db6cb901415724b9f55892557a81f2cbcc3e7f91cf2f712ea45b7b9a2b1eb5a5","b1d5697d50014504fea8964eae8d6ad099291a4087058c07ada854c160fad766",19,6,48,"FSA_lambda050","FSA_lambda050","FSA-KD (lambda=0.5)",0.5,"phi",NA,TRUE,48,24,16,72870634,72870634,1,476655714,"067a7b19284a96df86542b32e874046ebc804a92ca1861e2fec2fd5f0024a702","2f3dd1c9543f51e11976a4cc220df845093ed182132e1accdab2f2ac6c25c5cd","ce6cbbce972be2926df40b2400355c4c65581e27a033e9d7e9811be1613431c0","39a123aa417485dddbf9d0f35c8dad2d552ec1d553bd0f4b237ac651afb013da",6000,6000,TRUE,1,5647,353,0,1988,957,TRUE,TRUE,2,64.8723404255319,0.166666666666667,0.994755244755245,0.580710955710956,0.133333333333333,0.333333333333333,0.239045721866879
"29_pwo_gp_model_specific","db6cb901415724b9f55892557a81f2cbcc3e7f91cf2f712ea45b7b9a2b1eb5a5","b1d5697d50014504fea8964eae8d6ad099291a4087058c07ada854c160fad766",19,6,48,"SA_hamming_foldover","Hamming","Hamming",NA,"hamming",NA,TRUE,48,24,16,72870634,72870634,1,476655714,"067a7b19284a96df86542b32e874046ebc804a92ca1861e2fec2fd5f0024a702","2f3dd1c9543f51e11976a4cc220df845093ed182132e1accdab2f2ac6c25c5cd","986f4817d077260fbe18ef5d0b784a2cb96f8a56bda0d423b97e5846c18ffc0b","8a8fd5a0f3d14b3ad106992f72c9806c7f64f8b3ac0c435f5f163540a2d696a4",6000,6000,TRUE,1,5614,386,4,5594,2746,TRUE,TRUE,2,65.822695035461,0.166666666666667,0.968725718725719,0.567696192696193,0.133333333333333,0.333333333333333,0.239045721866879
"29_pwo_gp_model_specific","db6cb901415724b9f55892557a81f2cbcc3e7f91cf2f712ea45b7b9a2b1eb5a5","b1d5697d50014504fea8964eae8d6ad099291a4087058c07ada854c160fad766",19,6,48,"SA_l2_position_foldover","L2","L2",NA,"l2","component_position",TRUE,48,24,16,72870634,72870634,1,476655714,"067a7b19284a96df86542b32e874046ebc804a92ca1861e2fec2fd5f0024a702","2f3dd1c9543f51e11976a4cc220df845093ed182132e1accdab2f2ac6c25c5cd","60b7605a69b0a960c35f962a730e7819a0ccb60a989bf681526e51d42aeb0372","47726f0465a665c149fe4a9f5e3024818f6d0afbaa82a300ef377ad4557bb9f9",6000,6000,TRUE,1,5733,267,3,4110,11,TRUE,TRUE,2,65.6595744680851,0.166666666666667,0.973193473193473,0.56993006993007,0.133333333333333,0.333333333333333,0.29277002188456
"29_pwo_gp_model_specific","db6cb901415724b9f55892557a81f2cbcc3e7f91cf2f712ea45b7b9a2b1eb5a5","b1d5697d50014504fea8964eae8d6ad099291a4087058c07ada854c160fad766",19,6,48,"random_foldover","RandomFoldover","Random foldover",NA,"none",NA,TRUE,48,24,16,72870634,72870634,1,476655714,"067a7b19284a96df86542b32e874046ebc804a92ca1861e2fec2fd5f0024a702","2f3dd1c9543f51e11976a4cc220df845093ed182132e1accdab2f2ac6c25c5cd","79405a1a7993fed212ab3a4e860e02ddf3b2cd5f6e0dbdae21c5799fab37b183","8246b8241403adcea18bccb68fd002235c34ec98436e87faad3a7bd2155aae9e",0,6000,NA,0,0,0,0,0,0,TRUE,TRUE,1,66.6737588652482,0,0.945415695415695,0.472707847707848,0.0666666666666667,0.333333333333333,0.169030850945703
"29_pwo_gp_model_specific","db6cb901415724b9f55892557a81f2cbcc3e7f91cf2f712ea45b7b9a2b1eb5a5","b1d5697d50014504fea8964eae8d6ad099291a4087058c07ada854c160fad766",19,6,60,"FSA_lambda050","FSA_lambda050","FSA-KD (lambda=0.5)",0.5,"phi",NA,TRUE,60,30,16,643885748,643885748,1,1047670828,"2e24bf72512615c420be7c1bf058d216fc2b1cb1058c3a30eeebe1ced0f750ef","28b99d7cee49ea5208d4fedf5909aef3fb9bdc06498132d49c8b8d248233c3d6","726e22618a7e38eb6f730ccd1cffac349ab188135d4c9f237567e1aee8b51a7d","21f0195794c855b18a2af97683c963db6debd0e6f05ade94887854968074f9dc",6000,6000,TRUE,1,5571,429,0,2180,1069,TRUE,TRUE,2,64.5265536723164,0.166666666666667,0.996694730277518,0.581680698472092,0.133333333333333,0.333333333333333,0.239045721866879
"29_pwo_gp_model_specific","db6cb901415724b9f55892557a81f2cbcc3e7f91cf2f712ea45b7b9a2b1eb5a5","b1d5697d50014504fea8964eae8d6ad099291a4087058c07ada854c160fad766",19,6,60,"SA_hamming_foldover","Hamming","Hamming",NA,"hamming",NA,TRUE,60,30,16,643885748,643885748,1,1047670828,"2e24bf72512615c420be7c1bf058d216fc2b1cb1058c3a30eeebe1ced0f750ef","28b99d7cee49ea5208d4fedf5909aef3fb9bdc06498132d49c8b8d248233c3d6","b4eb58d226bb4b5677d164cf0258fb7e9c2a8c77703d178a3ca5294539f51c46","8672b5c901823617713517d0ebefe402d01943f0d4b802f1459922e2a651c80d",6000,6000,TRUE,1,5479,521,1,5467,2679,TRUE,TRUE,1,65.5706214689266,0,0.967882756470221,0.483941378235111,0.0666666666666667,0.333333333333333,0.169030850945703
"29_pwo_gp_model_specific","db6cb901415724b9f55892557a81f2cbcc3e7f91cf2f712ea45b7b9a2b1eb5a5","b1d5697d50014504fea8964eae8d6ad099291a4087058c07ada854c160fad766",19,6,60,"SA_l2_position_foldover","L2","L2",NA,"l2","component_position",TRUE,60,30,16,643885748,643885748,1,1047670828,"2e24bf72512615c420be7c1bf058d216fc2b1cb1058c3a30eeebe1ced0f750ef","28b99d7cee49ea5208d4fedf5909aef3fb9bdc06498132d49c8b8d248233c3d6","4076e82ef8821c41a5de8e6a590962a8dfe1112c61a9d6575ef3bc605cc07104","0f1aa479c6b8378eea30f2d77cb47bbc492781767549ebc36bd011cd9362dc57",6000,6000,TRUE,1,5620,380,0,4380,1,TRUE,TRUE,2,65.7152542372881,0.166666666666667,0.963891487371375,0.565279077019021,0.133333333333333,0.333333333333333,0.239045721866879
"29_pwo_gp_model_specific","db6cb901415724b9f55892557a81f2cbcc3e7f91cf2f712ea45b7b9a2b1eb5a5","b1d5697d50014504fea8964eae8d6ad099291a4087058c07ada854c160fad766",19,6,60,"random_foldover","RandomFoldover","Random foldover",NA,"none",NA,TRUE,60,30,16,643885748,643885748,1,1047670828,"2e24bf72512615c420be7c1bf058d216fc2b1cb1058c3a30eeebe1ced0f750ef","28b99d7cee49ea5208d4fedf5909aef3fb9bdc06498132d49c8b8d248233c3d6","d74b163d970f75f10095e7ba91bdcd6a73e98ec0b6fb6a9b54ee15d80e8a0f7f","86674f81baea70bdf4e32e52dfba7cc72c2cd3f7e6201fb75e17a463f6aaa104",0,6000,NA,0,0,0,0,0,0,TRUE,TRUE,1,65.8689265536723,0,0.959650763953851,0.479825381976926,0.0666666666666667,0.333333333333333,0.169030850945703
"29_pwo_gp_model_specific","db6cb901415724b9f55892557a81f2cbcc3e7f91cf2f712ea45b7b9a2b1eb5a5","b1d5697d50014504fea8964eae8d6ad099291a4087058c07ada854c160fad766",20,6,48,"FSA_lambda050","FSA_lambda050","FSA-KD (lambda=0.5)",0.5,"phi",NA,TRUE,48,24,16,72870756,72870756,1,476655836,"f1d9613ec67b3cf630d6686743c7585e52c98c04253786f338dc728550ebd403","b050e1dd357a9392ac37e2c72d7172591be5bcf1fb636837e8ef2337d204fd7e","ee7f1b23b45f28dec6d3af863f84f82dfbec1feb4e78e79d56ece1848214b06c","8ad2914bc62b74366e857812343fe34e138070e76bc87e8c059143d99c3235f1",6000,6000,TRUE,1,5718,282,0,1934,922,TRUE,TRUE,2,64.8510638297872,0.166666666666667,0.995337995337995,0.581002331002331,0.133333333333333,0.333333333333333,0.239045721866879
"29_pwo_gp_model_specific","db6cb901415724b9f55892557a81f2cbcc3e7f91cf2f712ea45b7b9a2b1eb5a5","b1d5697d50014504fea8964eae8d6ad099291a4087058c07ada854c160fad766",20,6,48,"SA_hamming_foldover","Hamming","Hamming",NA,"hamming",NA,TRUE,48,24,16,72870756,72870756,1,476655836,"f1d9613ec67b3cf630d6686743c7585e52c98c04253786f338dc728550ebd403","b050e1dd357a9392ac37e2c72d7172591be5bcf1fb636837e8ef2337d204fd7e","91af8792c55839d7931ac03b040573fbd0b9c7b76677fa4793d019fe3e1e54e7","4be8ea9ae932ff3cc9cdb7a3030711e6fd347b732538ec7a026b37ba51f3112c",6000,6000,TRUE,1,5599,401,8,5583,2725,TRUE,TRUE,1,66.3191489361702,0,0.955128205128205,0.477564102564103,0.0666666666666667,0.333333333333333,0.169030850945703
"29_pwo_gp_model_specific","db6cb901415724b9f55892557a81f2cbcc3e7f91cf2f712ea45b7b9a2b1eb5a5","b1d5697d50014504fea8964eae8d6ad099291a4087058c07ada854c160fad766",20,6,48,"SA_l2_position_foldover","L2","L2",NA,"l2","component_position",TRUE,48,24,16,72870756,72870756,1,476655836,"f1d9613ec67b3cf630d6686743c7585e52c98c04253786f338dc728550ebd403","b050e1dd357a9392ac37e2c72d7172591be5bcf1fb636837e8ef2337d204fd7e","ea58a39a08f4310ad6f3604b4f47a3b1b962f2ce8470ce1149c7e85c45dee497","85bec1e218316417fc18b8df01e153b665560e94d06b930f7f78076e56dec8d4",6000,6000,TRUE,1,5732,268,2,3526,10,TRUE,TRUE,2,65.7872340425532,0.166666666666667,0.96969696969697,0.568181818181818,0.133333333333333,0.333333333333333,0.29277002188456
"29_pwo_gp_model_specific","db6cb901415724b9f55892557a81f2cbcc3e7f91cf2f712ea45b7b9a2b1eb5a5","b1d5697d50014504fea8964eae8d6ad099291a4087058c07ada854c160fad766",20,6,48,"random_foldover","RandomFoldover","Random foldover",NA,"none",NA,TRUE,48,24,16,72870756,72870756,1,476655836,"f1d9613ec67b3cf630d6686743c7585e52c98c04253786f338dc728550ebd403","b050e1dd357a9392ac37e2c72d7172591be5bcf1fb636837e8ef2337d204fd7e","774d98c9fb843ac4daa991fd961afc522700b4d68e485a3713bfe0bd4d425c22","e420feb322950937c40c8bc35f0611b00b22c9899d1acc541ebbebf928f0bb23",0,6000,NA,0,0,0,0,0,0,TRUE,TRUE,1,67.936170212766,0,0.910839160839161,0.45541958041958,0.0666666666666667,0.333333333333333,0.169030850945703
"29_pwo_gp_model_specific","db6cb901415724b9f55892557a81f2cbcc3e7f91cf2f712ea45b7b9a2b1eb5a5","b1d5697d50014504fea8964eae8d6ad099291a4087058c07ada854c160fad766",20,6,60,"FSA_lambda050","FSA_lambda050","FSA-KD (lambda=0.5)",0.5,"phi",NA,TRUE,60,30,16,643885870,643885870,1,1047670950,"3d3e404cf44c4cb8eea545aa9bf163017c1a8d0536d8990a90e258e386f96d99","6aa175cd1165cb83649210424a1f3d55d31c2404cb5ac193eb73144f15cd1b6b","d0f6323849aeea0ec737a3dfdfd572c8ed01d4aa323412e8786bd6227cd5617f","a834d02568dcfcb4409f8ab8b4c3298fd03ef6077fb2bb95d33ae81b2c6eb6c7",6000,6000,TRUE,1,5584,416,0,2079,1012,TRUE,TRUE,2,64.5310734463277,0.166666666666667,0.996570003118179,0.581618334892423,0.133333333333333,0.333333333333333,0.239045721866879
"29_pwo_gp_model_specific","db6cb901415724b9f55892557a81f2cbcc3e7f91cf2f712ea45b7b9a2b1eb5a5","b1d5697d50014504fea8964eae8d6ad099291a4087058c07ada854c160fad766",20,6,60,"SA_hamming_foldover","Hamming","Hamming",NA,"hamming",NA,TRUE,60,30,16,643885870,643885870,1,1047670950,"3d3e404cf44c4cb8eea545aa9bf163017c1a8d0536d8990a90e258e386f96d99","6aa175cd1165cb83649210424a1f3d55d31c2404cb5ac193eb73144f15cd1b6b","3260041dc0e7979913317b4b712188964c64cdd2ce4826a919ce5334bac781b0","8c9ffb1fec91fbe05a09af3d65a8c5355f775ffcb3f5f1c30dfd51e02f5a693f",6000,6000,TRUE,1,5512,488,0,5497,2707,TRUE,TRUE,1,65.380790960452,0,0.973121297162457,0.486560648581229,0.0666666666666667,0.333333333333333,0.169030850945703
"29_pwo_gp_model_specific","db6cb901415724b9f55892557a81f2cbcc3e7f91cf2f712ea45b7b9a2b1eb5a5","b1d5697d50014504fea8964eae8d6ad099291a4087058c07ada854c160fad766",20,6,60,"SA_l2_position_foldover","L2","L2",NA,"l2","component_position",TRUE,60,30,16,643885870,643885870,1,1047670950,"3d3e404cf44c4cb8eea545aa9bf163017c1a8d0536d8990a90e258e386f96d99","6aa175cd1165cb83649210424a1f3d55d31c2404cb5ac193eb73144f15cd1b6b","5ee2fa42cb56795544fdcf44063489bb08c58260fb51d182775d69c2accf8bc2","8c94bd4c61a0f3ab24a60e25dcebc4fac4e8034efbfb5a508702da87e67381dd",6000,6000,TRUE,1,5582,418,1,4611,1,TRUE,TRUE,2,65.2225988700565,0.166666666666667,0.97748674773932,0.572076707202994,0.133333333333333,0.333333333333333,0.239045721866879
"29_pwo_gp_model_specific","db6cb901415724b9f55892557a81f2cbcc3e7f91cf2f712ea45b7b9a2b1eb5a5","b1d5697d50014504fea8964eae8d6ad099291a4087058c07ada854c160fad766",20,6,60,"random_foldover","RandomFoldover","Random foldover",NA,"none",NA,TRUE,60,30,16,643885870,643885870,1,1047670950,"3d3e404cf44c4cb8eea545aa9bf163017c1a8d0536d8990a90e258e386f96d99","6aa175cd1165cb83649210424a1f3d55d31c2404cb5ac193eb73144f15cd1b6b","0a92727d4761fecac510964b7b4f2f2cf34a9f0f2ea4b866d6990ff1b443a57f","83a494298fab98bba7b927dcd53d4b36bcda3cf93d97fbad02985256791c7049",0,6000,NA,0,0,0,0,0,0,TRUE,TRUE,1,65.7920903954802,0,0.961771125662613,0.480885562831307,0.0666666666666667,0.333333333333333,0.169030850945703
"29_pwo_gp_model_specific","db6cb901415724b9f55892557a81f2cbcc3e7f91cf2f712ea45b7b9a2b1eb5a5","b1d5697d50014504fea8964eae8d6ad099291a4087058c07ada854c160fad766",21,6,48,"FSA_lambda050","FSA_lambda050","FSA-KD (lambda=0.5)",0.5,"phi",NA,TRUE,48,24,16,72870757,72870757,1,476655837,"47645456f57f563cdb00091c1984649d0a2d5a2ab41c4e25efaa8cffad47f2ef","5c725eab84dd2590acdd167ab5659852ba4e2d670ae086a80621e129147acd07","91ad5ae7cc3ff47279bd70dbef7e1132645ea57e44b272ed9592d704ae2ca36a","0ab5f48090aa64ef0ff8981c2affc63effc1f62c2dd3b1426cb450b5f0746c7e",6000,6000,TRUE,1,5689,311,1,2016,994,TRUE,TRUE,2,64.8297872340426,0.166666666666667,0.995920745920746,0.581293706293706,0.133333333333333,0.333333333333333,0.239045721866879
"29_pwo_gp_model_specific","db6cb901415724b9f55892557a81f2cbcc3e7f91cf2f712ea45b7b9a2b1eb5a5","b1d5697d50014504fea8964eae8d6ad099291a4087058c07ada854c160fad766",21,6,48,"SA_hamming_foldover","Hamming","Hamming",NA,"hamming",NA,TRUE,48,24,16,72870757,72870757,1,476655837,"47645456f57f563cdb00091c1984649d0a2d5a2ab41c4e25efaa8cffad47f2ef","5c725eab84dd2590acdd167ab5659852ba4e2d670ae086a80621e129147acd07","de85e1846ba2cb0eba675e6e4422815be8e761cf542da763f9df060037bee32b","3a7fb81813451f4f05ded7d829678dbf210fbc9e9694d99b9520ae8773ec086f",6000,6000,TRUE,1,5613,387,5,5596,2719,TRUE,TRUE,1,66.063829787234,0,0.962121212121212,0.481060606060606,0.0666666666666667,0.333333333333333,0.169030850945703
"29_pwo_gp_model_specific","db6cb901415724b9f55892557a81f2cbcc3e7f91cf2f712ea45b7b9a2b1eb5a5","b1d5697d50014504fea8964eae8d6ad099291a4087058c07ada854c160fad766",21,6,48,"SA_l2_position_foldover","L2","L2",NA,"l2","component_position",TRUE,48,24,16,72870757,72870757,1,476655837,"47645456f57f563cdb00091c1984649d0a2d5a2ab41c4e25efaa8cffad47f2ef","5c725eab84dd2590acdd167ab5659852ba4e2d670ae086a80621e129147acd07","ee0ffdd6d2118120663202cd8563fbd543dbd0594f29ab116cf599ed2e01f016","f5d64657ec453a1f52372d3040ba4a3f61508b1f787c4303c177cc4797b68d6e",6000,6000,TRUE,1,5678,322,6,3956,9,TRUE,TRUE,2,65.6312056737589,0.166666666666667,0.973970473970474,0.57031857031857,0.133333333333333,0.333333333333333,0.29277002188456
"29_pwo_gp_model_specific","db6cb901415724b9f55892557a81f2cbcc3e7f91cf2f712ea45b7b9a2b1eb5a5","b1d5697d50014504fea8964eae8d6ad099291a4087058c07ada854c160fad766",21,6,48,"random_foldover","RandomFoldover","Random foldover",NA,"none",NA,TRUE,48,24,16,72870757,72870757,1,476655837,"47645456f57f563cdb00091c1984649d0a2d5a2ab41c4e25efaa8cffad47f2ef","5c725eab84dd2590acdd167ab5659852ba4e2d670ae086a80621e129147acd07","94a9803c4cad6da6df52f01c0cbe5788e1e9344591d4f85702ed1ff2c71e2f75","cd79ae4ecd62021d606ea5715b9ad6fd45a6217c223d16c3afa073fb8b657ea3",0,6000,NA,0,0,0,0,0,0,TRUE,TRUE,1,66.0141843971631,0,0.963480963480964,0.481740481740482,0.0666666666666667,0.333333333333333,0.169030850945703
"29_pwo_gp_model_specific","db6cb901415724b9f55892557a81f2cbcc3e7f91cf2f712ea45b7b9a2b1eb5a5","b1d5697d50014504fea8964eae8d6ad099291a4087058c07ada854c160fad766",21,6,60,"FSA_lambda050","FSA_lambda050","FSA-KD (lambda=0.5)",0.5,"phi",NA,TRUE,60,30,16,643885871,643885871,1,1047670951,"8a50bd438a56faad6fb95e6a17bcf5cf1aa14ccd0078bc9fa4da85067bb70e1e","5d8d372155d10120c96afa333d9b4c1c2713f4b3e5d82532833e998f10100b0d","c33e5d342b8c6c6bad1a840f64ef973ff68acd1129655c8cf2098e1d8ae3a4f7","270f781e4875acbd4d6e3a4bbfb2a90974417378243765fe9825ebc21bcc0f76",6000,6000,TRUE,1,5684,316,0,2313,1132,TRUE,TRUE,2,64.5401129943503,0.166666666666667,0.996320548799501,0.581493607733084,0.133333333333333,0.333333333333333,0.239045721866879
"29_pwo_gp_model_specific","db6cb901415724b9f55892557a81f2cbcc3e7f91cf2f712ea45b7b9a2b1eb5a5","b1d5697d50014504fea8964eae8d6ad099291a4087058c07ada854c160fad766",21,6,60,"SA_hamming_foldover","Hamming","Hamming",NA,"hamming",NA,TRUE,60,30,16,643885871,643885871,1,1047670951,"8a50bd438a56faad6fb95e6a17bcf5cf1aa14ccd0078bc9fa4da85067bb70e1e","5d8d372155d10120c96afa333d9b4c1c2713f4b3e5d82532833e998f10100b0d","b71828a3ba59babc69a23df4e835b34cdeab38adf257a142a75e586ac3f9e260","f9f89982c1506ec3838574bdf5a8436e5c1a86d8f3522d794e224d176b4bf50d",6000,6000,TRUE,1,5552,448,2,5542,2720,TRUE,TRUE,1,65.5209039548023,0,0.96925475522295,0.484627377611475,0.0666666666666667,0.333333333333333,0.169030850945703
"29_pwo_gp_model_specific","db6cb901415724b9f55892557a81f2cbcc3e7f91cf2f712ea45b7b9a2b1eb5a5","b1d5697d50014504fea8964eae8d6ad099291a4087058c07ada854c160fad766",21,6,60,"SA_l2_position_foldover","L2","L2",NA,"l2","component_position",TRUE,60,30,16,643885871,643885871,1,1047670951,"8a50bd438a56faad6fb95e6a17bcf5cf1aa14ccd0078bc9fa4da85067bb70e1e","5d8d372155d10120c96afa333d9b4c1c2713f4b3e5d82532833e998f10100b0d","f743aba3d44609e1b6b26b59034fc33c9f6fba862791752c0fc7b3a370492678","88ff510bc9e708bad49b07db3934a1263a01bd8188069bc5b69fa5eb9a034de9",6000,6000,TRUE,1,5551,449,2,5551,0,TRUE,TRUE,1,66.5514124293785,0,0.94081696289367,0.470408481446835,0.0666666666666667,0.333333333333333,0.169030850945703
"29_pwo_gp_model_specific","db6cb901415724b9f55892557a81f2cbcc3e7f91cf2f712ea45b7b9a2b1eb5a5","b1d5697d50014504fea8964eae8d6ad099291a4087058c07ada854c160fad766",21,6,60,"random_foldover","RandomFoldover","Random foldover",NA,"none",NA,TRUE,60,30,16,643885871,643885871,1,1047670951,"8a50bd438a56faad6fb95e6a17bcf5cf1aa14ccd0078bc9fa4da85067bb70e1e","5d8d372155d10120c96afa333d9b4c1c2713f4b3e5d82532833e998f10100b0d","f7c632d629b76efa6cb38682a5deb0baab8132d539e760593fffe385c9240b7e","c05b69a7601e474e5bc4d698c84810f40607afcadd6e85828c48a3762fa487a2",0,6000,NA,0,0,0,0,0,0,TRUE,TRUE,1,65.7966101694915,0,0.961646398503274,0.480823199251637,0.0666666666666667,0.333333333333333,0.169030850945703
"29_pwo_gp_model_specific","db6cb901415724b9f55892557a81f2cbcc3e7f91cf2f712ea45b7b9a2b1eb5a5","b1d5697d50014504fea8964eae8d6ad099291a4087058c07ada854c160fad766",22,6,48,"FSA_lambda050","FSA_lambda050","FSA-KD (lambda=0.5)",0.5,"phi",NA,TRUE,48,24,16,72870758,72870758,1,476655838,"96cb08ccbad4a42af99388f92feac03a10201664eca3907bbfb15d53533d6236","9ec39c337df711a6e4c0ee4b28e2520e2668aaca6fbd004418d4eff48b006391","d23f59953832d8b7892d5c002042b8f167f66f00e15f9b8127dbaf3fa9619b52","cf1b20c041dcb5a0dd8372daf6e043498bff4d478144e9a25d7d0b69576ef421",6000,6000,TRUE,1,5709,291,1,2006,1008,TRUE,TRUE,3,64.8936170212766,0.333333333333333,0.994172494172494,0.663752913752914,0.2,0.333333333333333,0.29277002188456
"29_pwo_gp_model_specific","db6cb901415724b9f55892557a81f2cbcc3e7f91cf2f712ea45b7b9a2b1eb5a5","b1d5697d50014504fea8964eae8d6ad099291a4087058c07ada854c160fad766",22,6,48,"SA_hamming_foldover","Hamming","Hamming",NA,"hamming",NA,TRUE,48,24,16,72870758,72870758,1,476655838,"96cb08ccbad4a42af99388f92feac03a10201664eca3907bbfb15d53533d6236","9ec39c337df711a6e4c0ee4b28e2520e2668aaca6fbd004418d4eff48b006391","02b7aa579cb83628032f1fd3bc96a4df2d09553078bd115632b8692f43adc47a","0e377eb457e45f25aaaa426e62126eb13e4e5610245e5e314e8144060f101307",6000,6000,TRUE,1,5625,375,4,5601,2719,TRUE,TRUE,1,66.241134751773,0,0.957264957264958,0.478632478632479,0.0666666666666667,0.333333333333333,0.169030850945703
"29_pwo_gp_model_specific","db6cb901415724b9f55892557a81f2cbcc3e7f91cf2f712ea45b7b9a2b1eb5a5","b1d5697d50014504fea8964eae8d6ad099291a4087058c07ada854c160fad766",22,6,48,"SA_l2_position_foldover","L2","L2",NA,"l2","component_position",TRUE,48,24,16,72870758,72870758,1,476655838,"96cb08ccbad4a42af99388f92feac03a10201664eca3907bbfb15d53533d6236","9ec39c337df711a6e4c0ee4b28e2520e2668aaca6fbd004418d4eff48b006391","f21baf44180e0e9b461b8485be59455ae5d34c2e4c9cf061ccbb4ed692f727a2","830d5768a65e9936755f6530f1d47dab05448876d78d5762cb7bdb3e20288dee",6000,6000,TRUE,1,5716,284,2,3413,8,TRUE,TRUE,2,65.645390070922,0.166666666666667,0.973581973581974,0.57012432012432,0.133333333333333,0.333333333333333,0.29277002188456
"29_pwo_gp_model_specific","db6cb901415724b9f55892557a81f2cbcc3e7f91cf2f712ea45b7b9a2b1eb5a5","b1d5697d50014504fea8964eae8d6ad099291a4087058c07ada854c160fad766",22,6,48,"random_foldover","RandomFoldover","Random foldover",NA,"none",NA,TRUE,48,24,16,72870758,72870758,1,476655838,"96cb08ccbad4a42af99388f92feac03a10201664eca3907bbfb15d53533d6236","9ec39c337df711a6e4c0ee4b28e2520e2668aaca6fbd004418d4eff48b006391","165a6732b20955824797c846b112139216935789c11dae02551ef17acef0e23f","e1af9d408827b00efd799f052286d92921c3bf948dd7a88f121edead360c14bd",0,6000,NA,0,0,0,0,0,0,TRUE,TRUE,1,66.4113475177305,0,0.952602952602953,0.476301476301476,0.0666666666666667,0.333333333333333,0.169030850945703
"29_pwo_gp_model_specific","db6cb901415724b9f55892557a81f2cbcc3e7f91cf2f712ea45b7b9a2b1eb5a5","b1d5697d50014504fea8964eae8d6ad099291a4087058c07ada854c160fad766",22,6,60,"FSA_lambda050","FSA_lambda050","FSA-KD (lambda=0.5)",0.5,"phi",NA,TRUE,60,30,16,643885872,643885872,1,1047670952,"848a59ad98f0a10be7137ca66f9f88a79156e40b5d72df987b981520c13beb7a","af8defba2c8f9c255590a192ee8d8964f37ee50fc3747ea72b40941583f1c1ff","70c08af57abf31ac4c52d313d309afc3b9d108bc3255b10048c0159afd5c73f6","7af10b52af5a16c8490f09c0b84da2e53a11968b14239c64775e5cba4335c495",6000,6000,TRUE,1,5593,407,0,2163,1047,TRUE,TRUE,2,64.5175141242938,0.166666666666667,0.996944184596196,0.581805425631431,0.133333333333333,0.333333333333333,0.239045721866879
"29_pwo_gp_model_specific","db6cb901415724b9f55892557a81f2cbcc3e7f91cf2f712ea45b7b9a2b1eb5a5","b1d5697d50014504fea8964eae8d6ad099291a4087058c07ada854c160fad766",22,6,60,"SA_hamming_foldover","Hamming","Hamming",NA,"hamming",NA,TRUE,60,30,16,643885872,643885872,1,1047670952,"848a59ad98f0a10be7137ca66f9f88a79156e40b5d72df987b981520c13beb7a","af8defba2c8f9c255590a192ee8d8964f37ee50fc3747ea72b40941583f1c1ff","4ca0dfd61fba813ead8a83a350c069fedea2511bf10e7751e695092ae03a9c49","3165e3c50be1709f273302cddd0c9e07623ca8bc05c1b712e28fea94cebcfb67",6000,6000,TRUE,1,5489,511,0,5479,2670,TRUE,TRUE,1,65.7920903954802,0,0.961771125662613,0.480885562831307,0.0666666666666667,0.333333333333333,0.169030850945703
"29_pwo_gp_model_specific","db6cb901415724b9f55892557a81f2cbcc3e7f91cf2f712ea45b7b9a2b1eb5a5","b1d5697d50014504fea8964eae8d6ad099291a4087058c07ada854c160fad766",22,6,60,"SA_l2_position_foldover","L2","L2",NA,"l2","component_position",TRUE,60,30,16,643885872,643885872,1,1047670952,"848a59ad98f0a10be7137ca66f9f88a79156e40b5d72df987b981520c13beb7a","af8defba2c8f9c255590a192ee8d8964f37ee50fc3747ea72b40941583f1c1ff","01381ece2398a8ca104b7fb10543a25a14a538ce6d528f2faadd32121012b506","3278f268ce286b4076af3bd5b28c182037d4ef9f2073408ed2bcc76541822d4d",6000,6000,TRUE,1,5632,368,0,4058,1,TRUE,TRUE,2,64.9333333333333,0.166666666666667,0.985469285937013,0.57606797630184,0.133333333333333,0.333333333333333,0.239045721866879
"29_pwo_gp_model_specific","db6cb901415724b9f55892557a81f2cbcc3e7f91cf2f712ea45b7b9a2b1eb5a5","b1d5697d50014504fea8964eae8d6ad099291a4087058c07ada854c160fad766",22,6,60,"random_foldover","RandomFoldover","Random foldover",NA,"none",NA,TRUE,60,30,16,643885872,643885872,1,1047670952,"848a59ad98f0a10be7137ca66f9f88a79156e40b5d72df987b981520c13beb7a","af8defba2c8f9c255590a192ee8d8964f37ee50fc3747ea72b40941583f1c1ff","9ddbea6408ca52d604e0237929b724a6810b1e1f2295f4abba8d2cf4a1f4298e","1205b8d9df00df09aa1a4f29638d729adcf9d575975d31600b873f8b4e414306",0,6000,NA,0,0,0,0,0,0,TRUE,TRUE,1,65.5751412429378,0,0.967758029310883,0.483879014655441,0.0666666666666667,0.333333333333333,0.169030850945703
"29_pwo_gp_model_specific","db6cb901415724b9f55892557a81f2cbcc3e7f91cf2f712ea45b7b9a2b1eb5a5","b1d5697d50014504fea8964eae8d6ad099291a4087058c07ada854c160fad766",23,6,48,"FSA_lambda050","FSA_lambda050","FSA-KD (lambda=0.5)",0.5,"phi",NA,TRUE,48,24,16,72870759,72870759,1,476655839,"03018dff27caddf89039728386363db5ab132818ac31628bb4731c41c3ac908b","edf800472b502c5b21049cb2ccff64de01a5fbf7e25f41aebcab2644b4447602","82e8c366d5d517e8bc5f9b4ee52a17f2977abcd63b11f8957576c8842b7335ab","bc3f5a4d4c88e0ccc45ea932d804a0315365e40ca8c0efe67a88b33ee17ff3b6",6000,6000,TRUE,1,5646,354,4,2033,989,TRUE,TRUE,3,64.8085106382979,0.333333333333333,0.996503496503497,0.664918414918415,0.2,0.333333333333333,0.29277002188456
"29_pwo_gp_model_specific","db6cb901415724b9f55892557a81f2cbcc3e7f91cf2f712ea45b7b9a2b1eb5a5","b1d5697d50014504fea8964eae8d6ad099291a4087058c07ada854c160fad766",23,6,48,"SA_hamming_foldover","Hamming","Hamming",NA,"hamming",NA,TRUE,48,24,16,72870759,72870759,1,476655839,"03018dff27caddf89039728386363db5ab132818ac31628bb4731c41c3ac908b","edf800472b502c5b21049cb2ccff64de01a5fbf7e25f41aebcab2644b4447602","b47f238509ee769117718bd30bf36f852cd402ff498798010428eb4e723209aa","a780fe764a5d739cb27ec4d922f6a1febf9ba2214b4627bc110a53475fe113c8",6000,6000,TRUE,1,5593,407,4,5580,2731,TRUE,TRUE,1,66.7659574468085,0,0.942890442890443,0.471445221445221,0.0666666666666667,0.333333333333333,0.169030850945703
"29_pwo_gp_model_specific","db6cb901415724b9f55892557a81f2cbcc3e7f91cf2f712ea45b7b9a2b1eb5a5","b1d5697d50014504fea8964eae8d6ad099291a4087058c07ada854c160fad766",23,6,48,"SA_l2_position_foldover","L2","L2",NA,"l2","component_position",TRUE,48,24,16,72870759,72870759,1,476655839,"03018dff27caddf89039728386363db5ab132818ac31628bb4731c41c3ac908b","edf800472b502c5b21049cb2ccff64de01a5fbf7e25f41aebcab2644b4447602","551e6921b94db94e76ae5be20ff0b3e4c5c60c2dff977045b72c50676cd74a74","e88c584ca7cfb1a420fea08c2ab0b546f5c86e53c0ad6c78960ae73b7414175b",6000,6000,TRUE,1,5697,303,4,3415,7,TRUE,TRUE,2,65.4964539007092,0.166666666666667,0.977661227661228,0.572163947163947,0.133333333333333,0.333333333333333,0.29277002188456
"29_pwo_gp_model_specific","db6cb901415724b9f55892557a81f2cbcc3e7f91cf2f712ea45b7b9a2b1eb5a5","b1d5697d50014504fea8964eae8d6ad099291a4087058c07ada854c160fad766",23,6,48,"random_foldover","RandomFoldover","Random foldover",NA,"none",NA,TRUE,48,24,16,72870759,72870759,1,476655839,"03018dff27caddf89039728386363db5ab132818ac31628bb4731c41c3ac908b","edf800472b502c5b21049cb2ccff64de01a5fbf7e25f41aebcab2644b4447602","30ef627e302da2d3a0a04e28972317c92bbb62024efc379f5d97d8444877887e","e75729398f84cb1824f0ac9a6eb0e730f5adec4b768296ccb6a211a2a9262816",0,6000,NA,0,0,0,0,0,0,TRUE,TRUE,1,66.2198581560284,0,0.957847707847708,0.478923853923854,0.0666666666666667,0.333333333333333,0.169030850945703
"29_pwo_gp_model_specific","db6cb901415724b9f55892557a81f2cbcc3e7f91cf2f712ea45b7b9a2b1eb5a5","b1d5697d50014504fea8964eae8d6ad099291a4087058c07ada854c160fad766",23,6,60,"FSA_lambda050","FSA_lambda050","FSA-KD (lambda=0.5)",0.5,"phi",NA,TRUE,60,30,16,643885873,643885873,1,1047670953,"ecf163ad69260a1785c5b20bef297da647f43847999c48e700f7f1bd28b99cc1","badfbee6c4ba56855114b75ad8c5c6b1c64250ccfe140314313e9f980afc98e9","21492315cde0ea4bee211357be277bfc9ec71ae817e0f03805e3f1fa8d3d45dd","7798dd390ac36c2fa767af2713e5506b5c343dc913a6cfa7d7f337f5e2196f19",6000,6000,TRUE,1,5695,305,1,2221,1111,TRUE,TRUE,2,64.5310734463277,0.166666666666667,0.996570003118179,0.581618334892423,0.133333333333333,0.333333333333333,0.239045721866879
"29_pwo_gp_model_specific","db6cb901415724b9f55892557a81f2cbcc3e7f91cf2f712ea45b7b9a2b1eb5a5","b1d5697d50014504fea8964eae8d6ad099291a4087058c07ada854c160fad766",23,6,60,"SA_hamming_foldover","Hamming","Hamming",NA,"hamming",NA,TRUE,60,30,16,643885873,643885873,1,1047670953,"ecf163ad69260a1785c5b20bef297da647f43847999c48e700f7f1bd28b99cc1","badfbee6c4ba56855114b75ad8c5c6b1c64250ccfe140314313e9f980afc98e9","c7252d01fb7fc635d6956b39a1a63689473152e2e36b14b285864f7a08c4a7b3","789046dd7350b9c168c6f5ddc4c94529276573d88a57fd7c52eef251d663a9d3",6000,6000,TRUE,1,5573,427,0,5554,2732,TRUE,TRUE,2,65.7378531073446,0.166666666666667,0.963267851574681,0.564967259120674,0.133333333333333,0.333333333333333,0.239045721866879
"29_pwo_gp_model_specific","db6cb901415724b9f55892557a81f2cbcc3e7f91cf2f712ea45b7b9a2b1eb5a5","b1d5697d50014504fea8964eae8d6ad099291a4087058c07ada854c160fad766",23,6,60,"SA_l2_position_foldover","L2","L2",NA,"l2","component_position",TRUE,60,30,16,643885873,643885873,1,1047670953,"ecf163ad69260a1785c5b20bef297da647f43847999c48e700f7f1bd28b99cc1","badfbee6c4ba56855114b75ad8c5c6b1c64250ccfe140314313e9f980afc98e9","3ba0d353c75698141c4ee0609d13df2db7d99e5b4e62204f73950cb24d2db481","df142540b9c70c3e618f7aef0ff39c6a985dd6cbe49e59737051fde30139d5b8",6000,6000,TRUE,1,5500,500,1,5490,2,TRUE,TRUE,2,65.9141242937853,0.166666666666667,0.958403492360462,0.562535079513564,0.133333333333333,0.333333333333333,0.239045721866879
"29_pwo_gp_model_specific","db6cb901415724b9f55892557a81f2cbcc3e7f91cf2f712ea45b7b9a2b1eb5a5","b1d5697d50014504fea8964eae8d6ad099291a4087058c07ada854c160fad766",23,6,60,"random_foldover","RandomFoldover","Random foldover",NA,"none",NA,TRUE,60,30,16,643885873,643885873,1,1047670953,"ecf163ad69260a1785c5b20bef297da647f43847999c48e700f7f1bd28b99cc1","badfbee6c4ba56855114b75ad8c5c6b1c64250ccfe140314313e9f980afc98e9","fe602e7d07b17d3c45db3ee4956ebc9be3bbaa11e93e0358b9fadd0b15cbfb7b","23980ad0ae855d999d040df1bd40c79f39c689c54dee8a29f147df008f74f07f",0,6000,NA,0,0,0,0,0,0,TRUE,TRUE,1,65.7107344632768,0,0.964016214530714,0.482008107265357,0.0666666666666667,0.333333333333333,0.169030850945703
"29_pwo_gp_model_specific","db6cb901415724b9f55892557a81f2cbcc3e7f91cf2f712ea45b7b9a2b1eb5a5","b1d5697d50014504fea8964eae8d6ad099291a4087058c07ada854c160fad766",24,6,48,"FSA_lambda050","FSA_lambda050","FSA-KD (lambda=0.5)",0.5,"phi",NA,TRUE,48,24,16,72870760,72870760,1,476655840,"a9d3ecc9707bc4a1204fad6552a25c8c1dbdabb4d0b36746519138b97786e0d1","2e2983d1d8fb985df98f13400c3906e9ec3b126e0fe8b9eb2e93c7b4f09e242e","1139bb879601a6fc9f4a9e71d39225c19334f3cc35373c474106a92fe2eab41b","de34c197c81c5b7e41286f398eea77ad3527b59635b546fbfb362338f8b7a217",6000,6000,TRUE,1,5678,322,2,1920,960,TRUE,TRUE,3,64.9290780141844,0.333333333333333,0.993201243201243,0.663267288267288,0.2,0.333333333333333,0.29277002188456
"29_pwo_gp_model_specific","db6cb901415724b9f55892557a81f2cbcc3e7f91cf2f712ea45b7b9a2b1eb5a5","b1d5697d50014504fea8964eae8d6ad099291a4087058c07ada854c160fad766",24,6,48,"SA_hamming_foldover","Hamming","Hamming",NA,"hamming",NA,TRUE,48,24,16,72870760,72870760,1,476655840,"a9d3ecc9707bc4a1204fad6552a25c8c1dbdabb4d0b36746519138b97786e0d1","2e2983d1d8fb985df98f13400c3906e9ec3b126e0fe8b9eb2e93c7b4f09e242e","9d4d535f50bde9c2da4b00c81cb0cf7d8e71637593ecb799cae4b3b151366375","0a8bb21dde470c99275842a4431e390616b19683dbc1793f9e469b2732a91661",6000,6000,TRUE,1,5632,368,6,5620,2749,TRUE,TRUE,1,67.0425531914894,0,0.935314685314685,0.467657342657343,0.0666666666666667,0.333333333333333,0.169030850945703
"29_pwo_gp_model_specific","db6cb901415724b9f55892557a81f2cbcc3e7f91cf2f712ea45b7b9a2b1eb5a5","b1d5697d50014504fea8964eae8d6ad099291a4087058c07ada854c160fad766",24,6,48,"SA_l2_position_foldover","L2","L2",NA,"l2","component_position",TRUE,48,24,16,72870760,72870760,1,476655840,"a9d3ecc9707bc4a1204fad6552a25c8c1dbdabb4d0b36746519138b97786e0d1","2e2983d1d8fb985df98f13400c3906e9ec3b126e0fe8b9eb2e93c7b4f09e242e","c800d5f591d5966689140d2b8aee0d33f90b19e21d5ad652651c15b783a77126","95ef8526e051320e60439ac42ff85a0506aad470d3b2f8acd616501f1ab5343e",6000,6000,TRUE,1,5711,289,2,3983,15,TRUE,TRUE,2,65.6241134751773,0.166666666666667,0.974164724164724,0.570415695415695,0.133333333333333,0.333333333333333,0.29277002188456
"29_pwo_gp_model_specific","db6cb901415724b9f55892557a81f2cbcc3e7f91cf2f712ea45b7b9a2b1eb5a5","b1d5697d50014504fea8964eae8d6ad099291a4087058c07ada854c160fad766",24,6,48,"random_foldover","RandomFoldover","Random foldover",NA,"none",NA,TRUE,48,24,16,72870760,72870760,1,476655840,"a9d3ecc9707bc4a1204fad6552a25c8c1dbdabb4d0b36746519138b97786e0d1","2e2983d1d8fb985df98f13400c3906e9ec3b126e0fe8b9eb2e93c7b4f09e242e","fb14436a2717ce259eaedf33f90f33c4b8b29a67459c4c143ed9dde5fb404300","455085143688250ad4313f47d2182cc0f725a0b914a70cb5f89d477dc8dc7f84",0,6000,NA,0,0,0,0,0,0,TRUE,TRUE,1,66.5602836879433,0,0.948523698523698,0.474261849261849,0.0666666666666667,0.333333333333333,0.169030850945703
"29_pwo_gp_model_specific","db6cb901415724b9f55892557a81f2cbcc3e7f91cf2f712ea45b7b9a2b1eb5a5","b1d5697d50014504fea8964eae8d6ad099291a4087058c07ada854c160fad766",24,6,60,"FSA_lambda050","FSA_lambda050","FSA-KD (lambda=0.5)",0.5,"phi",NA,TRUE,60,30,16,643885874,643885874,1,1047670954,"d0b584a7fdbfcbcb4cbe847c63aeafc264386805f4788f9c931ee04aa00df035","76e0b7f92e335c3244fc0de2ff3a9a59c3eb7f56c5daaabf51a8fd0f0106ea28","74877d05ef1a0a10afe3cd07d3aef005c91cf8118537055cf07881c1825b3ed7","1227319aaa35dbd5c430f9c85aeb118c8a4494afd570fd6513c09b8cf08eb541",6000,6000,TRUE,1,5652,348,0,1954,960,TRUE,TRUE,2,64.5220338983051,0.166666666666667,0.996819457436857,0.581743062051762,0.133333333333333,0.333333333333333,0.239045721866879
"29_pwo_gp_model_specific","db6cb901415724b9f55892557a81f2cbcc3e7f91cf2f712ea45b7b9a2b1eb5a5","b1d5697d50014504fea8964eae8d6ad099291a4087058c07ada854c160fad766",24,6,60,"SA_hamming_foldover","Hamming","Hamming",NA,"hamming",NA,TRUE,60,30,16,643885874,643885874,1,1047670954,"d0b584a7fdbfcbcb4cbe847c63aeafc264386805f4788f9c931ee04aa00df035","76e0b7f92e335c3244fc0de2ff3a9a59c3eb7f56c5daaabf51a8fd0f0106ea28","726b0461c306d4c0eabf7a274a814a004e5bc120ad2acc23c8d89c5e14045284","fbe8b6fa5777bac94298e32465c120909e6fbea49537399b709d69932ef1d042",6000,6000,TRUE,1,5531,469,0,5521,2725,TRUE,TRUE,1,65.9231638418079,0,0.958154038041784,0.479077019020892,0.0666666666666667,0.333333333333333,0.169030850945703
"29_pwo_gp_model_specific","db6cb901415724b9f55892557a81f2cbcc3e7f91cf2f712ea45b7b9a2b1eb5a5","b1d5697d50014504fea8964eae8d6ad099291a4087058c07ada854c160fad766",24,6,60,"SA_l2_position_foldover","L2","L2",NA,"l2","component_position",TRUE,60,30,16,643885874,643885874,1,1047670954,"d0b584a7fdbfcbcb4cbe847c63aeafc264386805f4788f9c931ee04aa00df035","76e0b7f92e335c3244fc0de2ff3a9a59c3eb7f56c5daaabf51a8fd0f0106ea28","c56feb8557db91cc016ea9e9853e624f99487693d548ad80dafc1e90218d84bd","290d3e6ec2b3739040836d93534b66b9c94aa10b215aa3ee2c5a4aeaa8ce2328",6000,6000,TRUE,1,5548,452,0,5041,2,TRUE,TRUE,2,65.2768361581921,0.166666666666667,0.975990021827253,0.57132834424696,0.133333333333333,0.333333333333333,0.239045721866879
"29_pwo_gp_model_specific","db6cb901415724b9f55892557a81f2cbcc3e7f91cf2f712ea45b7b9a2b1eb5a5","b1d5697d50014504fea8964eae8d6ad099291a4087058c07ada854c160fad766",24,6,60,"random_foldover","RandomFoldover","Random foldover",NA,"none",NA,TRUE,60,30,16,643885874,643885874,1,1047670954,"d0b584a7fdbfcbcb4cbe847c63aeafc264386805f4788f9c931ee04aa00df035","76e0b7f92e335c3244fc0de2ff3a9a59c3eb7f56c5daaabf51a8fd0f0106ea28","af2ed911c09a6b9e380ed5697886b29c41d4733cd1af0e5ae49147e51600f7d1","c6a31eb20f03b3fe61673ea5071110431709731f79d702345e428d18336297df",0,6000,NA,0,0,0,0,0,0,TRUE,TRUE,1,66.0271186440678,0,0.955285313376988,0.477642656688494,0.0666666666666667,0.333333333333333,0.169030850945703
"29_pwo_gp_model_specific","db6cb901415724b9f55892557a81f2cbcc3e7f91cf2f712ea45b7b9a2b1eb5a5","b1d5697d50014504fea8964eae8d6ad099291a4087058c07ada854c160fad766",25,6,48,"FSA_lambda050","FSA_lambda050","FSA-KD (lambda=0.5)",0.5,"phi",NA,TRUE,48,24,16,72870761,72870761,1,476655841,"514cb46bdb2f1a03dc111f52a47c2057cc5ffd0f1de1010c86e495beeb565619","5f68dd67886be7b41def003a4ac7d765b0c7e995a312d2be30ba2a96ef10158f","a30e84713f938a577327f51060c828414a353e9fe7db76b965e79a2a9b458dca","f68486639c1d458c89ca98af9b8e5fbf96527b48418d42ad713586b0adbec8e8",6000,6000,TRUE,1,5654,346,1,2066,979,TRUE,TRUE,3,64.886524822695,0.333333333333333,0.994366744366744,0.663850038850039,0.2,0.333333333333333,0.29277002188456
"29_pwo_gp_model_specific","db6cb901415724b9f55892557a81f2cbcc3e7f91cf2f712ea45b7b9a2b1eb5a5","b1d5697d50014504fea8964eae8d6ad099291a4087058c07ada854c160fad766",25,6,48,"SA_hamming_foldover","Hamming","Hamming",NA,"hamming",NA,TRUE,48,24,16,72870761,72870761,1,476655841,"514cb46bdb2f1a03dc111f52a47c2057cc5ffd0f1de1010c86e495beeb565619","5f68dd67886be7b41def003a4ac7d765b0c7e995a312d2be30ba2a96ef10158f","868365126dbaf8d6215aca3066a849633b7758b679a9665c2d7447cb261c2463","c284205616ea7827453140e3053ed99f6d98046d2772ca12ba86aaef5e54a5f7",6000,6000,TRUE,1,5910,90,2,2955,1428,TRUE,TRUE,2,66.7730496453901,0.166666666666667,0.942696192696193,0.55468142968143,0.133333333333333,0.5,0.239045721866879
"29_pwo_gp_model_specific","db6cb901415724b9f55892557a81f2cbcc3e7f91cf2f712ea45b7b9a2b1eb5a5","b1d5697d50014504fea8964eae8d6ad099291a4087058c07ada854c160fad766",25,6,48,"SA_l2_position_foldover","L2","L2",NA,"l2","component_position",TRUE,48,24,16,72870761,72870761,1,476655841,"514cb46bdb2f1a03dc111f52a47c2057cc5ffd0f1de1010c86e495beeb565619","5f68dd67886be7b41def003a4ac7d765b0c7e995a312d2be30ba2a96ef10158f","28354a743d79582e09edc6da553af8ebed266ce51fa1d7488fc8bc7ca1a31209","8e0994e1b561c8907b9f20dfa3d9dab05e510ef6ece12f549ccc5829befa7d40",6000,6000,TRUE,1,5714,286,1,3605,7,TRUE,TRUE,2,65.7304964539007,0.166666666666667,0.971250971250971,0.568958818958819,0.133333333333333,0.333333333333333,0.29277002188456
"29_pwo_gp_model_specific","db6cb901415724b9f55892557a81f2cbcc3e7f91cf2f712ea45b7b9a2b1eb5a5","b1d5697d50014504fea8964eae8d6ad099291a4087058c07ada854c160fad766",25,6,48,"random_foldover","RandomFoldover","Random foldover",NA,"none",NA,TRUE,48,24,16,72870761,72870761,1,476655841,"514cb46bdb2f1a03dc111f52a47c2057cc5ffd0f1de1010c86e495beeb565619","5f68dd67886be7b41def003a4ac7d765b0c7e995a312d2be30ba2a96ef10158f","f16f07c1a8d7b688a995870a1a46ee45d33f06b26efb9787ad32ed5b8fc3b540","0aaa148342e1a53b221f6286bdcd2bd112c719b7873d486e408ce8a409bc50ac",0,6000,NA,0,0,0,0,0,0,TRUE,TRUE,1,66.9432624113475,0,0.938034188034188,0.469017094017094,0.0666666666666667,0.333333333333333,0.169030850945703
"29_pwo_gp_model_specific","db6cb901415724b9f55892557a81f2cbcc3e7f91cf2f712ea45b7b9a2b1eb5a5","b1d5697d50014504fea8964eae8d6ad099291a4087058c07ada854c160fad766",25,6,60,"FSA_lambda050","FSA_lambda050","FSA-KD (lambda=0.5)",0.5,"phi",NA,TRUE,60,30,16,643885875,643885875,1,1047670955,"15316f5891afc2df6e0ed98ce649a0b4c42cf2c49efaba3667fc9ce2d24b31d2","5589a22d50cd129e439be7973eccc2c97b7964defe375315e007635ac4bd825e","eae573559d01a866b771468ddeca401322f35fe33519593ad477b889f736c444","435f61916a7825498d3a73181aae98a10622237f1f7fac59086fb942f4b8fe13",6000,6000,TRUE,1,5686,314,0,2256,1081,TRUE,TRUE,2,64.5084745762712,0.166666666666667,0.997193638914874,0.58193015279077,0.133333333333333,0.333333333333333,0.239045721866879
"29_pwo_gp_model_specific","db6cb901415724b9f55892557a81f2cbcc3e7f91cf2f712ea45b7b9a2b1eb5a5","b1d5697d50014504fea8964eae8d6ad099291a4087058c07ada854c160fad766",25,6,60,"SA_hamming_foldover","Hamming","Hamming",NA,"hamming",NA,TRUE,60,30,16,643885875,643885875,1,1047670955,"15316f5891afc2df6e0ed98ce649a0b4c42cf2c49efaba3667fc9ce2d24b31d2","5589a22d50cd129e439be7973eccc2c97b7964defe375315e007635ac4bd825e","b2f594c56bcaf6cb73fef05a9fa4220a1b024146e4a40862f519192f987e3bf2","4240ac1065c7612b4f754023ebfca3653e7205639e3576c2ac96a46d8fd4edf6",6000,6000,TRUE,1,5502,498,1,5486,2693,TRUE,TRUE,1,65.3265536723164,0,0.974618023074525,0.487309011537262,0.0666666666666667,0.333333333333333,0.169030850945703
"29_pwo_gp_model_specific","db6cb901415724b9f55892557a81f2cbcc3e7f91cf2f712ea45b7b9a2b1eb5a5","b1d5697d50014504fea8964eae8d6ad099291a4087058c07ada854c160fad766",25,6,60,"SA_l2_position_foldover","L2","L2",NA,"l2","component_position",TRUE,60,30,16,643885875,643885875,1,1047670955,"15316f5891afc2df6e0ed98ce649a0b4c42cf2c49efaba3667fc9ce2d24b31d2","5589a22d50cd129e439be7973eccc2c97b7964defe375315e007635ac4bd825e","44acac42b241e0cf6c7d03e5bbc323c9f93fb0932c0c11e11015d9b9a6f04971","824f663f24ad932e321933288b07f495e8a1d3adf5cbe1cfeeba1693ab072014",6000,6000,TRUE,1,5592,408,0,4563,2,TRUE,TRUE,2,65.1186440677966,0.166666666666667,0.980355472404116,0.573511069535391,0.133333333333333,0.333333333333333,0.29277002188456
"29_pwo_gp_model_specific","db6cb901415724b9f55892557a81f2cbcc3e7f91cf2f712ea45b7b9a2b1eb5a5","b1d5697d50014504fea8964eae8d6ad099291a4087058c07ada854c160fad766",25,6,60,"random_foldover","RandomFoldover","Random foldover",NA,"none",NA,TRUE,60,30,16,643885875,643885875,1,1047670955,"15316f5891afc2df6e0ed98ce649a0b4c42cf2c49efaba3667fc9ce2d24b31d2","5589a22d50cd129e439be7973eccc2c97b7964defe375315e007635ac4bd825e","74281753cda2955874fd1e7878b1034f7704054c0220c3c2fdc8de627ca3be00","9d311b4a69e17c381907371e84e0d85c2531906a1ccecdf35d51727f0beec387",0,6000,NA,0,0,0,0,0,0,TRUE,TRUE,1,65.4937853107345,0,0.970003118178984,0.485001559089492,0.0666666666666667,0.333333333333333,0.169030850945703
"29_pwo_gp_model_specific","db6cb901415724b9f55892557a81f2cbcc3e7f91cf2f712ea45b7b9a2b1eb5a5","b1d5697d50014504fea8964eae8d6ad099291a4087058c07ada854c160fad766",26,6,48,"FSA_lambda050","FSA_lambda050","FSA-KD (lambda=0.5)",0.5,"phi",NA,TRUE,48,24,16,72870762,72870762,1,476655842,"7aa8b1fd4e287d843733e1d1a9424e0df7eaf3e470e297c977ead0ea20cbf3d8","834241675d792d45cab21c1dddff1fc191d57dcd0569ff95359bcee068b36244","564feaa77cef58dccc26cd481025a711fe0df92077328dc5a3d55c9cd788eae9","5140c6d693d6c46ebc0e20a49a8fe84ca70d8cb6ce3244da822062614e4de98d",6000,6000,TRUE,1,5648,352,2,1995,980,TRUE,TRUE,2,64.8439716312057,0.166666666666667,0.995532245532246,0.581099456099456,0.133333333333333,0.333333333333333,0.239045721866879
"29_pwo_gp_model_specific","db6cb901415724b9f55892557a81f2cbcc3e7f91cf2f712ea45b7b9a2b1eb5a5","b1d5697d50014504fea8964eae8d6ad099291a4087058c07ada854c160fad766",26,6,48,"SA_hamming_foldover","Hamming","Hamming",NA,"hamming",NA,TRUE,48,24,16,72870762,72870762,1,476655842,"7aa8b1fd4e287d843733e1d1a9424e0df7eaf3e470e297c977ead0ea20cbf3d8","834241675d792d45cab21c1dddff1fc191d57dcd0569ff95359bcee068b36244","4a4d0539e4f070ef859f455a93019c6482ec08b2664990f77f01b6764035ccba","39a58e438a622baa72e7478b6056d00b9fd33dfa5fb9896d8bccbc7b3ca465bc",6000,6000,TRUE,1,5625,375,3,5599,2725,TRUE,TRUE,2,65.7446808510638,0.166666666666667,0.970862470862471,0.568764568764569,0.133333333333333,0.333333333333333,0.239045721866879
"29_pwo_gp_model_specific","db6cb901415724b9f55892557a81f2cbcc3e7f91cf2f712ea45b7b9a2b1eb5a5","b1d5697d50014504fea8964eae8d6ad099291a4087058c07ada854c160fad766",26,6,48,"SA_l2_position_foldover","L2","L2",NA,"l2","component_position",TRUE,48,24,16,72870762,72870762,1,476655842,"7aa8b1fd4e287d843733e1d1a9424e0df7eaf3e470e297c977ead0ea20cbf3d8","834241675d792d45cab21c1dddff1fc191d57dcd0569ff95359bcee068b36244","f4bc9e37308c63c8fd6db31384f792c991c0672897e04b5a4f1633804e4ec4ec","06befaa5f59955acd1ae5c4c8f3a7a5ce44f10a7ea098c1660e987ba3891dab2",6000,6000,TRUE,1,5729,271,0,3843,6,TRUE,TRUE,2,65.6737588652482,0.166666666666667,0.972804972804973,0.56973581973582,0.133333333333333,0.333333333333333,0.29277002188456
"29_pwo_gp_model_specific","db6cb901415724b9f55892557a81f2cbcc3e7f91cf2f712ea45b7b9a2b1eb5a5","b1d5697d50014504fea8964eae8d6ad099291a4087058c07ada854c160fad766",26,6,48,"random_foldover","RandomFoldover","Random foldover",NA,"none",NA,TRUE,48,24,16,72870762,72870762,1,476655842,"7aa8b1fd4e287d843733e1d1a9424e0df7eaf3e470e297c977ead0ea20cbf3d8","834241675d792d45cab21c1dddff1fc191d57dcd0569ff95359bcee068b36244","fb4afc953c466c216f8b3d8b30b5157e5d8deaed1a8676b4226efc05f06a9259","e603c32ce6cbb815d10036a4c652cef0783390a1354f8712237fa565ffb36095",0,6000,NA,0,0,0,0,0,0,TRUE,TRUE,1,66.6808510638298,0,0.945221445221445,0.472610722610723,0.0666666666666667,0.333333333333333,0.169030850945703
"29_pwo_gp_model_specific","db6cb901415724b9f55892557a81f2cbcc3e7f91cf2f712ea45b7b9a2b1eb5a5","b1d5697d50014504fea8964eae8d6ad099291a4087058c07ada854c160fad766",26,6,60,"FSA_lambda050","FSA_lambda050","FSA-KD (lambda=0.5)",0.5,"phi",NA,TRUE,60,30,16,643885876,643885876,1,1047670956,"c8122a4bca47520586f7b9a259b0e132b1d7ff8dce75b3909f89256c11d55bd4","95131e9fb4efba4e927560435629d79256c60645e7ed713f66860537222c9dbe","3cab86e957bee64c2281797d2a06a1cbe388bc7b508baa36b95b161822cb079c","a18506a0a1342a0bb26b25fdeb4cfd869b40f3b12e50c7aa5ffa8337476b1596",6000,6000,TRUE,1,5574,426,0,2144,1020,TRUE,TRUE,2,64.5310734463277,0.166666666666667,0.996570003118179,0.581618334892423,0.133333333333333,0.333333333333333,0.239045721866879
"29_pwo_gp_model_specific","db6cb901415724b9f55892557a81f2cbcc3e7f91cf2f712ea45b7b9a2b1eb5a5","b1d5697d50014504fea8964eae8d6ad099291a4087058c07ada854c160fad766",26,6,60,"SA_hamming_foldover","Hamming","Hamming",NA,"hamming",NA,TRUE,60,30,16,643885876,643885876,1,1047670956,"c8122a4bca47520586f7b9a259b0e132b1d7ff8dce75b3909f89256c11d55bd4","95131e9fb4efba4e927560435629d79256c60645e7ed713f66860537222c9dbe","72e92ba08ef089ecd351c31a580d8b0c7c49b0482727f3dd9da49435e357c365","5daeb19d855f3015163d7d19e0a6e4fa542571d82b7df0f9b26ade0c245073c3",6000,6000,TRUE,1,5534,466,0,5525,2728,TRUE,TRUE,2,65.638418079096,0.166666666666667,0.966011849080137,0.566339257873402,0.133333333333333,0.333333333333333,0.239045721866879
"29_pwo_gp_model_specific","db6cb901415724b9f55892557a81f2cbcc3e7f91cf2f712ea45b7b9a2b1eb5a5","b1d5697d50014504fea8964eae8d6ad099291a4087058c07ada854c160fad766",26,6,60,"SA_l2_position_foldover","L2","L2",NA,"l2","component_position",TRUE,60,30,16,643885876,643885876,1,1047670956,"c8122a4bca47520586f7b9a259b0e132b1d7ff8dce75b3909f89256c11d55bd4","95131e9fb4efba4e927560435629d79256c60645e7ed713f66860537222c9dbe","e23c804009ee08c1963d754339ea5f05521167cabd4d70625832989edc0be8cd","0898a0818535f7819b74ac7499e3a3323fe5c71d152a3c62a6a4b53f2c2e71be",6000,6000,TRUE,1,5609,391,0,4552,2,TRUE,TRUE,2,65.2677966101695,0.166666666666667,0.976239476145931,0.571453071406299,0.133333333333333,0.333333333333333,0.239045721866879
"29_pwo_gp_model_specific","db6cb901415724b9f55892557a81f2cbcc3e7f91cf2f712ea45b7b9a2b1eb5a5","b1d5697d50014504fea8964eae8d6ad099291a4087058c07ada854c160fad766",26,6,60,"random_foldover","RandomFoldover","Random foldover",NA,"none",NA,TRUE,60,30,16,643885876,643885876,1,1047670956,"c8122a4bca47520586f7b9a259b0e132b1d7ff8dce75b3909f89256c11d55bd4","95131e9fb4efba4e927560435629d79256c60645e7ed713f66860537222c9dbe","8cad2e45b30589f5581894c10f67f6209bc235c1a9fc2c8e856167f1b9f802ab","ca6373ca0063daf4bfc36652cde4ac9b368200ac34ebd0dc171b3ad9e66def6b",0,6000,NA,0,0,0,0,0,0,TRUE,TRUE,1,65.6112994350282,0,0.966760212036171,0.483380106018086,0.0666666666666667,0.333333333333333,0.169030850945703
"29_pwo_gp_model_specific","db6cb901415724b9f55892557a81f2cbcc3e7f91cf2f712ea45b7b9a2b1eb5a5","b1d5697d50014504fea8964eae8d6ad099291a4087058c07ada854c160fad766",27,6,48,"FSA_lambda050","FSA_lambda050","FSA-KD (lambda=0.5)",0.5,"phi",NA,TRUE,48,24,16,72870763,72870763,1,476655843,"194efd1636422dfbca9b53b1aacb93fe1867075c2eb060ade589ea6fba497f0f","dd2fbdd14372924035c8028cbe89f563698899b8c598349cd3cb683e131dd869","9bfc3e32d41298a709174f5d32d7e5e52c2f11c48a5657f543abc096d56e6c2e","c13a9471487f700136b587cc4f1cd0f322a049172957ce1bc8e790b79e7b9134",6000,6000,TRUE,1,5607,393,2,2021,998,TRUE,TRUE,2,64.8723404255319,0.166666666666667,0.994755244755245,0.580710955710956,0.133333333333333,0.333333333333333,0.239045721866879
"29_pwo_gp_model_specific","db6cb901415724b9f55892557a81f2cbcc3e7f91cf2f712ea45b7b9a2b1eb5a5","b1d5697d50014504fea8964eae8d6ad099291a4087058c07ada854c160fad766",27,6,48,"SA_hamming_foldover","Hamming","Hamming",NA,"hamming",NA,TRUE,48,24,16,72870763,72870763,1,476655843,"194efd1636422dfbca9b53b1aacb93fe1867075c2eb060ade589ea6fba497f0f","dd2fbdd14372924035c8028cbe89f563698899b8c598349cd3cb683e131dd869","e198d8009d30346d39a592a236f4ec4f0e0b0f64728f198c095a204b3613b365","08dbc4ef21cf4a76b94e4f9b6c43707908d5305c420bf636ba5fe0669cfa46bd",6000,6000,TRUE,1,5597,403,4,5580,2714,TRUE,TRUE,2,66.2198581560284,0.166666666666667,0.957847707847708,0.562257187257187,0.133333333333333,0.333333333333333,0.239045721866879
"29_pwo_gp_model_specific","db6cb901415724b9f55892557a81f2cbcc3e7f91cf2f712ea45b7b9a2b1eb5a5","b1d5697d50014504fea8964eae8d6ad099291a4087058c07ada854c160fad766",27,6,48,"SA_l2_position_foldover","L2","L2",NA,"l2","component_position",TRUE,48,24,16,72870763,72870763,1,476655843,"194efd1636422dfbca9b53b1aacb93fe1867075c2eb060ade589ea6fba497f0f","dd2fbdd14372924035c8028cbe89f563698899b8c598349cd3cb683e131dd869","3dbaaacc6f1422fb710bed50aeabb4dae64e9f1bc7e1ac81917f927088dbdfa7","a8baf5f4900435077b33bbcd912bf11343b2b82a5418d7f92c35d1cce5815810",6000,6000,TRUE,1,5702,298,3,4399,10,TRUE,TRUE,2,65.3900709219858,0.166666666666667,0.980574980574981,0.573620823620824,0.133333333333333,0.333333333333333,0.29277002188456
"29_pwo_gp_model_specific","db6cb901415724b9f55892557a81f2cbcc3e7f91cf2f712ea45b7b9a2b1eb5a5","b1d5697d50014504fea8964eae8d6ad099291a4087058c07ada854c160fad766",27,6,48,"random_foldover","RandomFoldover","Random foldover",NA,"none",NA,TRUE,48,24,16,72870763,72870763,1,476655843,"194efd1636422dfbca9b53b1aacb93fe1867075c2eb060ade589ea6fba497f0f","dd2fbdd14372924035c8028cbe89f563698899b8c598349cd3cb683e131dd869","90637c7d2632ef9b9e178ce70b9ca0db42c95755a541657df36122b54974d946","17184859e4e43b363eacc9d071f139bf020093e86bfef1e20e0649ddce63e99e",0,6000,NA,0,0,0,0,0,0,TRUE,TRUE,1,66.0567375886525,0,0.962315462315462,0.481157731157731,0.0666666666666667,0.333333333333333,0.169030850945703
"29_pwo_gp_model_specific","db6cb901415724b9f55892557a81f2cbcc3e7f91cf2f712ea45b7b9a2b1eb5a5","b1d5697d50014504fea8964eae8d6ad099291a4087058c07ada854c160fad766",27,6,60,"FSA_lambda050","FSA_lambda050","FSA-KD (lambda=0.5)",0.5,"phi",NA,TRUE,60,30,16,643885877,643885877,1,1047670957,"ccd50aa3ad99e1453a1dcd213c97ddbf6c77a816aac29760a8ebca21939a989f","5b065c15f0bac5295e3b921869a15466ff8c5530c7f39176d654736a3871fcc7","0fc6153573641b7b6f5860fa21ca349fc3b15a464bc2f4b5371af8e00cbb5d4c","6953693b1c92eb29882ceb5010e13b321ce479e082785df5aaac36bd26c2379c",6000,6000,TRUE,1,5549,451,0,2237,1089,TRUE,TRUE,2,64.535593220339,0.166666666666667,0.99644527595884,0.581555971312753,0.133333333333333,0.333333333333333,0.239045721866879
"29_pwo_gp_model_specific","db6cb901415724b9f55892557a81f2cbcc3e7f91cf2f712ea45b7b9a2b1eb5a5","b1d5697d50014504fea8964eae8d6ad099291a4087058c07ada854c160fad766",27,6,60,"SA_hamming_foldover","Hamming","Hamming",NA,"hamming",NA,TRUE,60,30,16,643885877,643885877,1,1047670957,"ccd50aa3ad99e1453a1dcd213c97ddbf6c77a816aac29760a8ebca21939a989f","5b065c15f0bac5295e3b921869a15466ff8c5530c7f39176d654736a3871fcc7","87a604dc24e92e63b8e99a9507b591167ab9bad90822d7ab351b32ef424d0839","d0de2544464d54242dd8589df3aa192de067cdf070ef23eaecee1d0a38e04d82",6000,6000,TRUE,1,5547,453,0,5533,2696,TRUE,TRUE,1,66.0271186440678,0,0.955285313376988,0.477642656688494,0.0666666666666667,0.333333333333333,0.169030850945703
"29_pwo_gp_model_specific","db6cb901415724b9f55892557a81f2cbcc3e7f91cf2f712ea45b7b9a2b1eb5a5","b1d5697d50014504fea8964eae8d6ad099291a4087058c07ada854c160fad766",27,6,60,"SA_l2_position_foldover","L2","L2",NA,"l2","component_position",TRUE,60,30,16,643885877,643885877,1,1047670957,"ccd50aa3ad99e1453a1dcd213c97ddbf6c77a816aac29760a8ebca21939a989f","5b065c15f0bac5295e3b921869a15466ff8c5530c7f39176d654736a3871fcc7","5803c2e562517ca44139d2282eee1ae5c21de8e8b341a0e4aa78ffce03990e1b","63e7605cba141abbbc6419903fd57304a86285271e6c3987ad137f5a3c66b86d",6000,6000,TRUE,1,5649,351,0,4199,2,TRUE,TRUE,2,65.2361581920904,0.166666666666667,0.977112566261303,0.571889616463985,0.133333333333333,0.333333333333333,0.239045721866879
"29_pwo_gp_model_specific","db6cb901415724b9f55892557a81f2cbcc3e7f91cf2f712ea45b7b9a2b1eb5a5","b1d5697d50014504fea8964eae8d6ad099291a4087058c07ada854c160fad766",27,6,60,"random_foldover","RandomFoldover","Random foldover",NA,"none",NA,TRUE,60,30,16,643885877,643885877,1,1047670957,"ccd50aa3ad99e1453a1dcd213c97ddbf6c77a816aac29760a8ebca21939a989f","5b065c15f0bac5295e3b921869a15466ff8c5530c7f39176d654736a3871fcc7","4f3d5d762d173722d0d35cd94636ce21e27f53b38294e834181b9bf43b534d32","70f6131195fa793506fb078c2adc25b8a7907bc2767ba5244e2da081c8057096",0,6000,NA,0,0,0,0,0,0,TRUE,TRUE,1,65.7378531073446,0,0.963267851574681,0.48163392578734,0.0666666666666667,0.333333333333333,0.169030850945703
"29_pwo_gp_model_specific","db6cb901415724b9f55892557a81f2cbcc3e7f91cf2f712ea45b7b9a2b1eb5a5","b1d5697d50014504fea8964eae8d6ad099291a4087058c07ada854c160fad766",28,6,48,"FSA_lambda050","FSA_lambda050","FSA-KD (lambda=0.5)",0.5,"phi",NA,TRUE,48,24,16,72870764,72870764,1,476655844,"667f8bb180fabe988de58cc062d01f1d99d87ff187b035124674e0f8ead3e765","1cb2b8fa0b251704f9bf96944a619bff9287038dabdb6257c63d23c9c0e5b237","4ac581323b18f934a2e5bdedb2adc85ecd6153bbab86ce7443fb14a290b20e32","44172f50f82e535d261909801861d285c5071ab22991ff113abd828406e43b09",6000,6000,TRUE,1,5710,290,2,2005,982,TRUE,TRUE,2,64.8723404255319,0.166666666666667,0.994755244755245,0.580710955710956,0.133333333333333,0.333333333333333,0.239045721866879
"29_pwo_gp_model_specific","db6cb901415724b9f55892557a81f2cbcc3e7f91cf2f712ea45b7b9a2b1eb5a5","b1d5697d50014504fea8964eae8d6ad099291a4087058c07ada854c160fad766",28,6,48,"SA_hamming_foldover","Hamming","Hamming",NA,"hamming",NA,TRUE,48,24,16,72870764,72870764,1,476655844,"667f8bb180fabe988de58cc062d01f1d99d87ff187b035124674e0f8ead3e765","1cb2b8fa0b251704f9bf96944a619bff9287038dabdb6257c63d23c9c0e5b237","ac7be8eb8f41e37bd46a24975bbe919080ce222d7d229f2723b420e3e4d130f9","b5225b60dc5d57737b9e7e4c7c629ed0616aefd0f0e57083f1f23d558c9a1144",6000,6000,TRUE,1,5610,390,8,5594,2751,TRUE,TRUE,2,66.1418439716312,0.166666666666667,0.95998445998446,0.563325563325563,0.133333333333333,0.333333333333333,0.239045721866879
"29_pwo_gp_model_specific","db6cb901415724b9f55892557a81f2cbcc3e7f91cf2f712ea45b7b9a2b1eb5a5","b1d5697d50014504fea8964eae8d6ad099291a4087058c07ada854c160fad766",28,6,48,"SA_l2_position_foldover","L2","L2",NA,"l2","component_position",TRUE,48,24,16,72870764,72870764,1,476655844,"667f8bb180fabe988de58cc062d01f1d99d87ff187b035124674e0f8ead3e765","1cb2b8fa0b251704f9bf96944a619bff9287038dabdb6257c63d23c9c0e5b237","650ab0dc30d346d81cda61e53ad30d31f92aee63c8a94c1ca1e7be6372d6004f","93b386f33b68cead441076b95bd89f923326e7c24dc4b02e1d6dfe99f3b3621a",6000,6000,TRUE,1,5739,261,6,3953,8,TRUE,TRUE,2,65.3758865248227,0.166666666666667,0.980963480963481,0.573815073815074,0.133333333333333,0.333333333333333,0.29277002188456
"29_pwo_gp_model_specific","db6cb901415724b9f55892557a81f2cbcc3e7f91cf2f712ea45b7b9a2b1eb5a5","b1d5697d50014504fea8964eae8d6ad099291a4087058c07ada854c160fad766",28,6,48,"random_foldover","RandomFoldover","Random foldover",NA,"none",NA,TRUE,48,24,16,72870764,72870764,1,476655844,"667f8bb180fabe988de58cc062d01f1d99d87ff187b035124674e0f8ead3e765","1cb2b8fa0b251704f9bf96944a619bff9287038dabdb6257c63d23c9c0e5b237","1b8656f3c4ec4e2f68cf46ebe8d5580fbea0728df31a35eb9a09d4e3a4d74642","973aa8c05a77847070c53f1e77898966a5b331bdd7a08fd6b83d239ebe448111",0,6000,NA,0,0,0,0,0,0,TRUE,TRUE,1,65.9787234042553,0,0.964452214452215,0.482226107226107,0.0666666666666667,0.333333333333333,0.169030850945703
"29_pwo_gp_model_specific","db6cb901415724b9f55892557a81f2cbcc3e7f91cf2f712ea45b7b9a2b1eb5a5","b1d5697d50014504fea8964eae8d6ad099291a4087058c07ada854c160fad766",28,6,60,"FSA_lambda050","FSA_lambda050","FSA-KD (lambda=0.5)",0.5,"phi",NA,TRUE,60,30,16,643885878,643885878,1,1047670958,"0ffb434b9f7e5124bc88a84e14920c08ccf253320933d8daa778d0767944ba28","55f68b0174b28064bee54fd20de721438f31d15f758c3e5741b34ebe8084a231","4a46a75260fdf914cd1ca62ad9218ea68a16fffeecdff621e8ed1c53a8bb2aa4","00d2fcebf82fe953e1f0db7ca1c8e49726683a3f8b5dfe195163d442e217d26d",6000,6000,TRUE,1,5684,316,0,2124,1047,TRUE,TRUE,2,64.5265536723164,0.166666666666667,0.996694730277518,0.581680698472092,0.133333333333333,0.333333333333333,0.239045721866879
"29_pwo_gp_model_specific","db6cb901415724b9f55892557a81f2cbcc3e7f91cf2f712ea45b7b9a2b1eb5a5","b1d5697d50014504fea8964eae8d6ad099291a4087058c07ada854c160fad766",28,6,60,"SA_hamming_foldover","Hamming","Hamming",NA,"hamming",NA,TRUE,60,30,16,643885878,643885878,1,1047670958,"0ffb434b9f7e5124bc88a84e14920c08ccf253320933d8daa778d0767944ba28","55f68b0174b28064bee54fd20de721438f31d15f758c3e5741b34ebe8084a231","1ba55607c9762df98d2b1576d3965841a11bf17dba93d9e71ad37598041f5afd","8ef63e5ada797b197ba8fc3f0c5d5d5c606a95c5de8b214c93401c1aecff172a",6000,6000,TRUE,1,5472,528,0,5461,2705,TRUE,TRUE,1,65.5841807909604,0,0.967508574992205,0.483754287496102,0.0666666666666667,0.333333333333333,0.169030850945703
"29_pwo_gp_model_specific","db6cb901415724b9f55892557a81f2cbcc3e7f91cf2f712ea45b7b9a2b1eb5a5","b1d5697d50014504fea8964eae8d6ad099291a4087058c07ada854c160fad766",28,6,60,"SA_l2_position_foldover","L2","L2",NA,"l2","component_position",TRUE,60,30,16,643885878,643885878,1,1047670958,"0ffb434b9f7e5124bc88a84e14920c08ccf253320933d8daa778d0767944ba28","55f68b0174b28064bee54fd20de721438f31d15f758c3e5741b34ebe8084a231","c77d552ec13295c4ada9d5f46583ae40b8353e8869e8b2651b88794d12f6338f","975e6ca32a5934a09990ebad22072d419237c2be944e2cd08356929fa6bd22ce",6000,6000,TRUE,1,5529,471,0,4918,1,TRUE,TRUE,2,65.2677966101695,0.166666666666667,0.976239476145931,0.571453071406299,0.133333333333333,0.333333333333333,0.239045721866879
"29_pwo_gp_model_specific","db6cb901415724b9f55892557a81f2cbcc3e7f91cf2f712ea45b7b9a2b1eb5a5","b1d5697d50014504fea8964eae8d6ad099291a4087058c07ada854c160fad766",28,6,60,"random_foldover","RandomFoldover","Random foldover",NA,"none",NA,TRUE,60,30,16,643885878,643885878,1,1047670958,"0ffb434b9f7e5124bc88a84e14920c08ccf253320933d8daa778d0767944ba28","55f68b0174b28064bee54fd20de721438f31d15f758c3e5741b34ebe8084a231","1978731edcc1a6082f8c4b09eda7be97df9b2dae864fbe57dcf8dbe0877e25b8","950ef9579684f7b2f3316465cf6b48b8ffc41e3a20dca588bea015605c96f0ff",0,6000,NA,0,0,0,0,0,0,TRUE,TRUE,1,65.683615819209,0,0.964764577486748,0.482382288743374,0.0666666666666667,0.333333333333333,0.169030850945703
"29_pwo_gp_model_specific","db6cb901415724b9f55892557a81f2cbcc3e7f91cf2f712ea45b7b9a2b1eb5a5","b1d5697d50014504fea8964eae8d6ad099291a4087058c07ada854c160fad766",29,6,48,"FSA_lambda050","FSA_lambda050","FSA-KD (lambda=0.5)",0.5,"phi",NA,TRUE,48,24,16,72870765,72870765,1,476655845,"584bb93eb4f4cb5c7b49a62a67da18b1c1dac89fb96d06b6cdc0a752483dba55","27e566efdc06f78f51fe585ca9f509f14ac74e6b3983a4931554c84f4052ae4c","c93166d410c8a97c4460746f46166536dd12e2b1049e4e775f26829a4887bfe4","d39fe17c51af25337b010383c8a0c5bed49532a1537b7482634dfadffc8d3bfc",6000,6000,TRUE,1,5773,227,4,2004,992,TRUE,TRUE,3,64.8794326241135,0.333333333333333,0.994560994560995,0.663947163947164,0.2,0.333333333333333,0.338061701891407
"29_pwo_gp_model_specific","db6cb901415724b9f55892557a81f2cbcc3e7f91cf2f712ea45b7b9a2b1eb5a5","b1d5697d50014504fea8964eae8d6ad099291a4087058c07ada854c160fad766",29,6,48,"SA_hamming_foldover","Hamming","Hamming",NA,"hamming",NA,TRUE,48,24,16,72870765,72870765,1,476655845,"584bb93eb4f4cb5c7b49a62a67da18b1c1dac89fb96d06b6cdc0a752483dba55","27e566efdc06f78f51fe585ca9f509f14ac74e6b3983a4931554c84f4052ae4c","7d8f9697c2fc93a149d81831960fd319a7e2619c0dd122f4c08a8dee40ca6fa6","a105a479588a93fd6dd1b5895cc747cab599d2beb181724fee02e41b05b409a7",6000,6000,TRUE,1,5588,412,3,5567,2726,TRUE,TRUE,1,66.3333333333333,0,0.954739704739705,0.477369852369852,0.0666666666666667,0.333333333333333,0.169030850945703
"29_pwo_gp_model_specific","db6cb901415724b9f55892557a81f2cbcc3e7f91cf2f712ea45b7b9a2b1eb5a5","b1d5697d50014504fea8964eae8d6ad099291a4087058c07ada854c160fad766",29,6,48,"SA_l2_position_foldover","L2","L2",NA,"l2","component_position",TRUE,48,24,16,72870765,72870765,1,476655845,"584bb93eb4f4cb5c7b49a62a67da18b1c1dac89fb96d06b6cdc0a752483dba55","27e566efdc06f78f51fe585ca9f509f14ac74e6b3983a4931554c84f4052ae4c","b0a69d38f41a9a97c2861818289b77cf1ae8578b924552149162478dea106f07","7363f5ff2b8e9d301b1ed11fccc0214f8e6ca519380a882d54ea02e92708ddb7",6000,6000,TRUE,1,5727,273,2,3619,8,TRUE,TRUE,2,65.468085106383,0.166666666666667,0.978438228438229,0.572552447552448,0.133333333333333,0.333333333333333,0.29277002188456
"29_pwo_gp_model_specific","db6cb901415724b9f55892557a81f2cbcc3e7f91cf2f712ea45b7b9a2b1eb5a5","b1d5697d50014504fea8964eae8d6ad099291a4087058c07ada854c160fad766",29,6,48,"random_foldover","RandomFoldover","Random foldover",NA,"none",NA,TRUE,48,24,16,72870765,72870765,1,476655845,"584bb93eb4f4cb5c7b49a62a67da18b1c1dac89fb96d06b6cdc0a752483dba55","27e566efdc06f78f51fe585ca9f509f14ac74e6b3983a4931554c84f4052ae4c","6a056a5e9ab7600562f8bee0fc4df00ac17d8357ce0f844461b7d76a0df8153f","8728fbb8287628424898ab69659ca39e2b90b9b0b64762bb150cb95578c0ea43",0,6000,NA,0,0,0,0,0,0,TRUE,TRUE,1,67.4539007092199,0,0.924048174048174,0.462024087024087,0.0666666666666667,0.333333333333333,0.169030850945703
"29_pwo_gp_model_specific","db6cb901415724b9f55892557a81f2cbcc3e7f91cf2f712ea45b7b9a2b1eb5a5","b1d5697d50014504fea8964eae8d6ad099291a4087058c07ada854c160fad766",29,6,60,"FSA_lambda050","FSA_lambda050","FSA-KD (lambda=0.5)",0.5,"phi",NA,TRUE,60,30,16,643885879,643885879,1,1047670959,"9cee74121fb6bb00b3be2bfbb5fc5312a10999a441a64c21007fe700e742f84a","21691958370467315126abffedc9f80370ebc2514dd959b30f6cf1a75902407b","8f4e367dee9e8f4258d316a739e7f8fa572da4380540ea23921da71d7377f091","e551ff08f4775fbae5d4ce74de243d10b815900e2432349e81262fef17238def",6000,6000,TRUE,1,5645,355,0,2256,1091,TRUE,TRUE,2,64.5129943502825,0.166666666666667,0.997068911755535,0.581867789211101,0.133333333333333,0.333333333333333,0.239045721866879
"29_pwo_gp_model_specific","db6cb901415724b9f55892557a81f2cbcc3e7f91cf2f712ea45b7b9a2b1eb5a5","b1d5697d50014504fea8964eae8d6ad099291a4087058c07ada854c160fad766",29,6,60,"SA_hamming_foldover","Hamming","Hamming",NA,"hamming",NA,TRUE,60,30,16,643885879,643885879,1,1047670959,"9cee74121fb6bb00b3be2bfbb5fc5312a10999a441a64c21007fe700e742f84a","21691958370467315126abffedc9f80370ebc2514dd959b30f6cf1a75902407b","cf44448c14b37f36e56f90918de9ab263b1501f8b6f4271225535f882cf644dd","91389f9d5c7090c1e50f0832c2cea626bd46d8b381a1d07c5c4e47461a41c44c",6000,6000,TRUE,1,5527,473,1,5513,2722,TRUE,TRUE,1,65.819209039548,0,0.961022762706579,0.48051138135329,0.0666666666666667,0.333333333333333,0.169030850945703
"29_pwo_gp_model_specific","db6cb901415724b9f55892557a81f2cbcc3e7f91cf2f712ea45b7b9a2b1eb5a5","b1d5697d50014504fea8964eae8d6ad099291a4087058c07ada854c160fad766",29,6,60,"SA_l2_position_foldover","L2","L2",NA,"l2","component_position",TRUE,60,30,16,643885879,643885879,1,1047670959,"9cee74121fb6bb00b3be2bfbb5fc5312a10999a441a64c21007fe700e742f84a","21691958370467315126abffedc9f80370ebc2514dd959b30f6cf1a75902407b","6dcf035ab5411cafe95a562bac7934f3535302ccbfbc6ca16b210b056f436ab5","9d9b3f44bb040d0f3200d437fcedbded089a59c21e63615eec13a22804cd3dc3",6000,6000,TRUE,1,5622,378,2,4437,1,TRUE,TRUE,2,65.5796610169491,0.166666666666667,0.967633302151544,0.567149984409105,0.133333333333333,0.333333333333333,0.239045721866879
"29_pwo_gp_model_specific","db6cb901415724b9f55892557a81f2cbcc3e7f91cf2f712ea45b7b9a2b1eb5a5","b1d5697d50014504fea8964eae8d6ad099291a4087058c07ada854c160fad766",29,6,60,"random_foldover","RandomFoldover","Random foldover",NA,"none",NA,TRUE,60,30,16,643885879,643885879,1,1047670959,"9cee74121fb6bb00b3be2bfbb5fc5312a10999a441a64c21007fe700e742f84a","21691958370467315126abffedc9f80370ebc2514dd959b30f6cf1a75902407b","bfee49a0de2a0d7ddfcdf01cb893162d48b0d25e060d578406df04dc3e4adfe4","de48ce5b956ebd35ca221aed5dcfe9852cf2e31122b7a7a397c7dc25eed86a25",0,6000,NA,0,0,0,0,0,0,TRUE,TRUE,1,65.6745762711864,0,0.965014031805426,0.482507015902713,0.0666666666666667,0.333333333333333,0.169030850945703
"29_pwo_gp_model_specific","db6cb901415724b9f55892557a81f2cbcc3e7f91cf2f712ea45b7b9a2b1eb5a5","b1d5697d50014504fea8964eae8d6ad099291a4087058c07ada854c160fad766",30,6,48,"FSA_lambda050","FSA_lambda050","FSA-KD (lambda=0.5)",0.5,"phi",NA,TRUE,48,24,16,72870887,72870887,1,476655967,"7a381b873c9964420365106415e6b588d3de857eda93a6e6b26ab1c1dbeb0fd8","331cc5adc7aea18fbecbcbf778db83fafbb9b7b1ffe7e9f0a33e22fa43768930","6fd4d4574a2db27ddff3ab50c1916c6ca3adfe748ed0631ee2458ad51e6e56ea","54497f617be17602cd7171de97c1638281a4a267acf088c371cd7ed00bcedd0d",6000,6000,TRUE,1,5650,350,1,2078,1012,TRUE,TRUE,2,64.8936170212766,0.166666666666667,0.994172494172494,0.58041958041958,0.133333333333333,0.333333333333333,0.239045721866879
"29_pwo_gp_model_specific","db6cb901415724b9f55892557a81f2cbcc3e7f91cf2f712ea45b7b9a2b1eb5a5","b1d5697d50014504fea8964eae8d6ad099291a4087058c07ada854c160fad766",30,6,48,"SA_hamming_foldover","Hamming","Hamming",NA,"hamming",NA,TRUE,48,24,16,72870887,72870887,1,476655967,"7a381b873c9964420365106415e6b588d3de857eda93a6e6b26ab1c1dbeb0fd8","331cc5adc7aea18fbecbcbf778db83fafbb9b7b1ffe7e9f0a33e22fa43768930","37cee460a7292e8bfc2400913b3c78d06968da05bef435306a8b9046649e0219","8e1ddd269cde2a87ab6078482b2fc899f2eda2b5283821b0fbb7e1e89d2834f4",6000,6000,TRUE,1,5621,379,8,5604,2756,TRUE,TRUE,2,66.0425531914894,0.166666666666667,0.962703962703963,0.564685314685315,0.133333333333333,0.333333333333333,0.239045721866879
"29_pwo_gp_model_specific","db6cb901415724b9f55892557a81f2cbcc3e7f91cf2f712ea45b7b9a2b1eb5a5","b1d5697d50014504fea8964eae8d6ad099291a4087058c07ada854c160fad766",30,6,48,"SA_l2_position_foldover","L2","L2",NA,"l2","component_position",TRUE,48,24,16,72870887,72870887,1,476655967,"7a381b873c9964420365106415e6b588d3de857eda93a6e6b26ab1c1dbeb0fd8","331cc5adc7aea18fbecbcbf778db83fafbb9b7b1ffe7e9f0a33e22fa43768930","2c1fe9423ff6ef864f239336aa5c2329ec8f338cfd9d121ba462d8db2f438e1b","d45a05d8af0dca42ed7db1245e2f38cd7169d626571da7bf4031142b34cfae4f",6000,6000,TRUE,1,5678,322,6,3936,7,TRUE,TRUE,2,65.6241134751773,0.166666666666667,0.974164724164724,0.570415695415695,0.133333333333333,0.333333333333333,0.29277002188456
"29_pwo_gp_model_specific","db6cb901415724b9f55892557a81f2cbcc3e7f91cf2f712ea45b7b9a2b1eb5a5","b1d5697d50014504fea8964eae8d6ad099291a4087058c07ada854c160fad766",30,6,48,"random_foldover","RandomFoldover","Random foldover",NA,"none",NA,TRUE,48,24,16,72870887,72870887,1,476655967,"7a381b873c9964420365106415e6b588d3de857eda93a6e6b26ab1c1dbeb0fd8","331cc5adc7aea18fbecbcbf778db83fafbb9b7b1ffe7e9f0a33e22fa43768930","840df9d6d2f1907e044cfd28cd979a15315b638534e1aff53e1cfb2babacdb65","e2180096fc861224943ccb0f89515ef13c111a7f1b5bdc164162df4cba20f7df",0,6000,NA,0,0,0,0,0,0,TRUE,TRUE,1,66.3475177304964,0,0.954351204351205,0.477175602175602,0.0666666666666667,0.333333333333333,0.169030850945703
"29_pwo_gp_model_specific","db6cb901415724b9f55892557a81f2cbcc3e7f91cf2f712ea45b7b9a2b1eb5a5","b1d5697d50014504fea8964eae8d6ad099291a4087058c07ada854c160fad766",30,6,60,"FSA_lambda050","FSA_lambda050","FSA-KD (lambda=0.5)",0.5,"phi",NA,TRUE,60,30,16,643886001,643886001,1,1047671081,"9a883eb33f5109b04f268fad21fa68ebac0a3604b160835207e3f7e7c95b0ab0","e88018a5ce0f9c9bcbabc1964f3d92ea688879788219199a1ce35d35613b724f","9f4b86d39c37c9926f255e2739988ee46abdc96bae82e06cc8b65e5a6849a2ee","fe02e6bc5d278943aef68f8c14bcb7070bd927a591addb6783bbbb3145b1ccfc",6000,6000,TRUE,1,5593,407,0,2029,1006,TRUE,TRUE,2,64.5265536723164,0.166666666666667,0.996694730277518,0.581680698472092,0.133333333333333,0.333333333333333,0.239045721866879
"29_pwo_gp_model_specific","db6cb901415724b9f55892557a81f2cbcc3e7f91cf2f712ea45b7b9a2b1eb5a5","b1d5697d50014504fea8964eae8d6ad099291a4087058c07ada854c160fad766",30,6,60,"SA_hamming_foldover","Hamming","Hamming",NA,"hamming",NA,TRUE,60,30,16,643886001,643886001,1,1047671081,"9a883eb33f5109b04f268fad21fa68ebac0a3604b160835207e3f7e7c95b0ab0","e88018a5ce0f9c9bcbabc1964f3d92ea688879788219199a1ce35d35613b724f","e04ea1cb9038caf5044f4b76fe30c41c79f6cd8b73c34a16e4f3ad3e3c78b49a","7760d36b58afe9d5d986faad192b38e22a8def6c432a4176132edc5da5986676",6000,6000,TRUE,1,5485,515,0,5473,2707,TRUE,TRUE,2,65.2225988700565,0.166666666666667,0.97748674773932,0.572076707202994,0.133333333333333,0.333333333333333,0.239045721866879
"29_pwo_gp_model_specific","db6cb901415724b9f55892557a81f2cbcc3e7f91cf2f712ea45b7b9a2b1eb5a5","b1d5697d50014504fea8964eae8d6ad099291a4087058c07ada854c160fad766",30,6,60,"SA_l2_position_foldover","L2","L2",NA,"l2","component_position",TRUE,60,30,16,643886001,643886001,1,1047671081,"9a883eb33f5109b04f268fad21fa68ebac0a3604b160835207e3f7e7c95b0ab0","e88018a5ce0f9c9bcbabc1964f3d92ea688879788219199a1ce35d35613b724f","d68cf8efacd6ce89184ba5bb9e3e4b82de182eaa4028478d90c49551f2cbfb5d","461027af4cff5cc811de6c09b79630098e480aca9dab94bdd7ccd213d1b28727",6000,6000,TRUE,1,5637,363,0,4199,1,TRUE,TRUE,2,65.0553672316384,0.166666666666667,0.982101652634861,0.574384159650764,0.133333333333333,0.333333333333333,0.239045721866879
"29_pwo_gp_model_specific","db6cb901415724b9f55892557a81f2cbcc3e7f91cf2f712ea45b7b9a2b1eb5a5","b1d5697d50014504fea8964eae8d6ad099291a4087058c07ada854c160fad766",30,6,60,"random_foldover","RandomFoldover","Random foldover",NA,"none",NA,TRUE,60,30,16,643886001,643886001,1,1047671081,"9a883eb33f5109b04f268fad21fa68ebac0a3604b160835207e3f7e7c95b0ab0","e88018a5ce0f9c9bcbabc1964f3d92ea688879788219199a1ce35d35613b724f","e3704e2515848f6e177d7cd26f5a5748b90bba0eefc0ad6947646e9c0525b1ec","fed55288426d28cb3b47989a633f7b7c4d8dffc3b3e8f07a2008e8bc40455461",0,6000,NA,0,0,0,0,0,0,TRUE,TRUE,1,65.8824858757062,0,0.959276582475834,0.479638291237917,0.0666666666666667,0.333333333333333,0.169030850945703
"29_pwo_gp_model_specific","db6cb901415724b9f55892557a81f2cbcc3e7f91cf2f712ea45b7b9a2b1eb5a5","b1d5697d50014504fea8964eae8d6ad099291a4087058c07ada854c160fad766",31,6,48,"FSA_lambda050","FSA_lambda050","FSA-KD (lambda=0.5)",0.5,"phi",NA,TRUE,48,24,16,72870888,72870888,1,476655968,"1c0887c1e3c11b9a1d21753f4f0e474c24bf246672c2882dd5250e43b775adfd","cf5da9476c89f51c0755e02baae4f43ace6f0f2c8bce970331a43426ddcfb50f","eb33540f27cd1aed85572ab968a10e3281a167a2417be7c22eaee68dbc0281b3","20ffcde3c2e4d1b065cc7e49b3f45e97ed6391e3f22fe3925ee3b1dc9f3d4c27",6000,6000,TRUE,1,5665,335,1,1939,944,TRUE,TRUE,3,64.8510638297872,0.333333333333333,0.995337995337995,0.664335664335664,0.2,0.333333333333333,0.338061701891407
"29_pwo_gp_model_specific","db6cb901415724b9f55892557a81f2cbcc3e7f91cf2f712ea45b7b9a2b1eb5a5","b1d5697d50014504fea8964eae8d6ad099291a4087058c07ada854c160fad766",31,6,48,"SA_hamming_foldover","Hamming","Hamming",NA,"hamming",NA,TRUE,48,24,16,72870888,72870888,1,476655968,"1c0887c1e3c11b9a1d21753f4f0e474c24bf246672c2882dd5250e43b775adfd","cf5da9476c89f51c0755e02baae4f43ace6f0f2c8bce970331a43426ddcfb50f","37b3a2ee2f98825c6fc5fd1485d52c7881c07c8c9496b917831492df27333dba","70f0030c8deaba233a48b9a05230ec5efeadc5b5a267332794e59148291e2ecd",6000,6000,TRUE,1,5583,417,10,5571,2747,TRUE,TRUE,1,66.3191489361702,0,0.955128205128205,0.477564102564103,0.0666666666666667,0.333333333333333,0.169030850945703
"29_pwo_gp_model_specific","db6cb901415724b9f55892557a81f2cbcc3e7f91cf2f712ea45b7b9a2b1eb5a5","b1d5697d50014504fea8964eae8d6ad099291a4087058c07ada854c160fad766",31,6,48,"SA_l2_position_foldover","L2","L2",NA,"l2","component_position",TRUE,48,24,16,72870888,72870888,1,476655968,"1c0887c1e3c11b9a1d21753f4f0e474c24bf246672c2882dd5250e43b775adfd","cf5da9476c89f51c0755e02baae4f43ace6f0f2c8bce970331a43426ddcfb50f","586fe6367822fc00741cd5c5aad7db126e25df9f3db3db883352523a19fea27b","3c3499e4a6ea9b8a2eb6ab54aba349fdaea23081a04000eef44243335775bf3b",6000,6000,TRUE,1,5684,316,4,4279,7,TRUE,TRUE,2,65.5460992907801,0.166666666666667,0.976301476301476,0.571484071484071,0.133333333333333,0.333333333333333,0.29277002188456
"29_pwo_gp_model_specific","db6cb901415724b9f55892557a81f2cbcc3e7f91cf2f712ea45b7b9a2b1eb5a5","b1d5697d50014504fea8964eae8d6ad099291a4087058c07ada854c160fad766",31,6,48,"random_foldover","RandomFoldover","Random foldover",NA,"none",NA,TRUE,48,24,16,72870888,72870888,1,476655968,"1c0887c1e3c11b9a1d21753f4f0e474c24bf246672c2882dd5250e43b775adfd","cf5da9476c89f51c0755e02baae4f43ace6f0f2c8bce970331a43426ddcfb50f","ff95844f58c06d3d33ea4dfa7ad11756288a7399e573200700ab6defad3ec2aa","250436085253fac58367e4838ea5994a0801f4236482f81cbb4cd8a8c6f24c85",0,6000,NA,0,0,0,0,0,0,TRUE,TRUE,1,66.0354609929078,0,0.962898212898213,0.481449106449106,0.0666666666666667,0.333333333333333,0.169030850945703
"29_pwo_gp_model_specific","db6cb901415724b9f55892557a81f2cbcc3e7f91cf2f712ea45b7b9a2b1eb5a5","b1d5697d50014504fea8964eae8d6ad099291a4087058c07ada854c160fad766",31,6,60,"FSA_lambda050","FSA_lambda050","FSA-KD (lambda=0.5)",0.5,"phi",NA,TRUE,60,30,16,643886002,643886002,1,1047671082,"b2252cd6dde7cee67dffebc77ab268d4c5198ddb6c6ecdeb7553c501f87dcd31","6235a9304c18a810f99a6f297b8571b84313f25cae736b2850c6d41d6929b543","e1fac850ffa55eca760eeaf76185716768ad4eb907f0f9ed22eedd8c721e521c","a83814f2cff534c114764e4eb12d0089f41953a58ae8530e056947e59cc3d0d2",6000,6000,TRUE,1,5604,396,0,2294,1151,TRUE,TRUE,2,64.5401129943503,0.166666666666667,0.996320548799501,0.581493607733084,0.133333333333333,0.333333333333333,0.239045721866879
"29_pwo_gp_model_specific","db6cb901415724b9f55892557a81f2cbcc3e7f91cf2f712ea45b7b9a2b1eb5a5","b1d5697d50014504fea8964eae8d6ad099291a4087058c07ada854c160fad766",31,6,60,"SA_hamming_foldover","Hamming","Hamming",NA,"hamming",NA,TRUE,60,30,16,643886002,643886002,1,1047671082,"b2252cd6dde7cee67dffebc77ab268d4c5198ddb6c6ecdeb7553c501f87dcd31","6235a9304c18a810f99a6f297b8571b84313f25cae736b2850c6d41d6929b543","d95c158bb088585958ed2411b5cd205b4c00cd4f344dbb0623fee3930066b4e0","3386b8ba1dec485a11241d56cad026ef645ca99b4606f4a17b04c7bb314e973e",6000,6000,TRUE,1,5569,431,0,5559,2768,TRUE,TRUE,1,65.909604519774,0,0.958528219519801,0.4792641097599,0.0666666666666667,0.333333333333333,0.169030850945703
"29_pwo_gp_model_specific","db6cb901415724b9f55892557a81f2cbcc3e7f91cf2f712ea45b7b9a2b1eb5a5","b1d5697d50014504fea8964eae8d6ad099291a4087058c07ada854c160fad766",31,6,60,"SA_l2_position_foldover","L2","L2",NA,"l2","component_position",TRUE,60,30,16,643886002,643886002,1,1047671082,"b2252cd6dde7cee67dffebc77ab268d4c5198ddb6c6ecdeb7553c501f87dcd31","6235a9304c18a810f99a6f297b8571b84313f25cae736b2850c6d41d6929b543","839f7326a34636800cb1a0d4ef5b054bd52ac22b2760570ac974b5263d81e101","2008fd8425362626cd92f4d85097a93a78aa38b3e257965ac34a03db34e5cefe",6000,6000,TRUE,1,5601,399,0,4901,2,TRUE,TRUE,2,65.3039548022599,0.166666666666667,0.975241658871219,0.570954162768943,0.133333333333333,0.333333333333333,0.239045721866879
"29_pwo_gp_model_specific","db6cb901415724b9f55892557a81f2cbcc3e7f91cf2f712ea45b7b9a2b1eb5a5","b1d5697d50014504fea8964eae8d6ad099291a4087058c07ada854c160fad766",31,6,60,"random_foldover","RandomFoldover","Random foldover",NA,"none",NA,TRUE,60,30,16,643886002,643886002,1,1047671082,"b2252cd6dde7cee67dffebc77ab268d4c5198ddb6c6ecdeb7553c501f87dcd31","6235a9304c18a810f99a6f297b8571b84313f25cae736b2850c6d41d6929b543","be3c333bed7baf374c62b165150705ea36830188b3d308f77d9121683decd656","66d5bc5c04886609a89314e510eb19a708a69e8f2da5dfcfbac3ce8f698fea3d",0,6000,NA,0,0,0,0,0,0,TRUE,TRUE,1,66.3706214689266,0,0.945806049267228,0.472903024633614,0.0666666666666667,0.333333333333333,0.169030850945703
"29_pwo_gp_model_specific","db6cb901415724b9f55892557a81f2cbcc3e7f91cf2f712ea45b7b9a2b1eb5a5","b1d5697d50014504fea8964eae8d6ad099291a4087058c07ada854c160fad766",32,6,48,"FSA_lambda050","FSA_lambda050","FSA-KD (lambda=0.5)",0.5,"phi",NA,TRUE,48,24,16,72870889,72870889,1,476655969,"a04d61b3f4592839544d4cce3418181f19ae6884355c53069ea69c2f5c07a3d2","cd98f750e00afe5657a7932d3d829f8cdacfa3ff5a8fd958c7325b2c4a11c929","8fb58a22e9285539a7a69b43d183fb220ec4320162630b59493be4d1fd6e7053","dba5bb7b0c38ce9214e224f2a728be65a2a20b0028cb0f52ec018115810543bc",6000,6000,TRUE,1,5725,275,3,2040,1015,TRUE,TRUE,3,64.8936170212766,0.333333333333333,0.994172494172494,0.663752913752914,0.2,0.333333333333333,0.338061701891407
"29_pwo_gp_model_specific","db6cb901415724b9f55892557a81f2cbcc3e7f91cf2f712ea45b7b9a2b1eb5a5","b1d5697d50014504fea8964eae8d6ad099291a4087058c07ada854c160fad766",32,6,48,"SA_hamming_foldover","Hamming","Hamming",NA,"hamming",NA,TRUE,48,24,16,72870889,72870889,1,476655969,"a04d61b3f4592839544d4cce3418181f19ae6884355c53069ea69c2f5c07a3d2","cd98f750e00afe5657a7932d3d829f8cdacfa3ff5a8fd958c7325b2c4a11c929","1c10d09dff28a32255cd43b8283d05e25487fd723f9ddd6ba04bd63b1ae2a750","83e9c8f3a5ffbea6fa2767ffd990204c358ed1167ee2a27506f99d4eb97e4efb",6000,6000,TRUE,1,5602,398,3,5585,2756,TRUE,TRUE,2,66.3687943262411,0.166666666666667,0.953768453768454,0.56021756021756,0.133333333333333,0.333333333333333,0.239045721866879
"29_pwo_gp_model_specific","db6cb901415724b9f55892557a81f2cbcc3e7f91cf2f712ea45b7b9a2b1eb5a5","b1d5697d50014504fea8964eae8d6ad099291a4087058c07ada854c160fad766",32,6,48,"SA_l2_position_foldover","L2","L2",NA,"l2","component_position",TRUE,48,24,16,72870889,72870889,1,476655969,"a04d61b3f4592839544d4cce3418181f19ae6884355c53069ea69c2f5c07a3d2","cd98f750e00afe5657a7932d3d829f8cdacfa3ff5a8fd958c7325b2c4a11c929","cbed9f391a17fa91e00cedf3ba6f25d4c14cde06747f3b7470c60b76f27f1bb6","96965b2d896b0aaca0dbb87fee51d258940d359babb9702f27f485690b5eeba1",6000,6000,TRUE,1,5732,268,1,3419,7,TRUE,TRUE,2,65.4326241134752,0.166666666666667,0.97940947940948,0.573038073038073,0.133333333333333,0.333333333333333,0.29277002188456
"29_pwo_gp_model_specific","db6cb901415724b9f55892557a81f2cbcc3e7f91cf2f712ea45b7b9a2b1eb5a5","b1d5697d50014504fea8964eae8d6ad099291a4087058c07ada854c160fad766",32,6,48,"random_foldover","RandomFoldover","Random foldover",NA,"none",NA,TRUE,48,24,16,72870889,72870889,1,476655969,"a04d61b3f4592839544d4cce3418181f19ae6884355c53069ea69c2f5c07a3d2","cd98f750e00afe5657a7932d3d829f8cdacfa3ff5a8fd958c7325b2c4a11c929","4b7297337e4d6b566729347a1d36a5de37dacd62146bbece65d43e9b62a1af6e","2dcc90ffb180f716a64077b0547ae9416d9824df4126668f38964731a6bcef92",0,6000,NA,0,0,0,0,0,0,TRUE,TRUE,2,65.7304964539007,0.166666666666667,0.971250971250971,0.568958818958819,0.133333333333333,0.333333333333333,0.239045721866879
"29_pwo_gp_model_specific","db6cb901415724b9f55892557a81f2cbcc3e7f91cf2f712ea45b7b9a2b1eb5a5","b1d5697d50014504fea8964eae8d6ad099291a4087058c07ada854c160fad766",32,6,60,"FSA_lambda050","FSA_lambda050","FSA-KD (lambda=0.5)",0.5,"phi",NA,TRUE,60,30,16,643886003,643886003,1,1047671083,"99526ed428be481beedd65a105ac12c49788dfec273e739cd3c0c2ac382323cc","dfcabe50fcf8b8e87ccf9c474dcd4d1362cc9d2a28e956ff2b3973f0f621299e","bdd62a3732287a33da7145295e2af5a0f98cef51656ce49075182476eddb43ae","a460e656a4b09da975d0cf7ae62769ed668e32ad834b31a7598424b9e91c475b",6000,6000,TRUE,1,5574,426,0,2270,1111,TRUE,TRUE,2,64.5129943502825,0.166666666666667,0.997068911755535,0.581867789211101,0.133333333333333,0.333333333333333,0.239045721866879
"29_pwo_gp_model_specific","db6cb901415724b9f55892557a81f2cbcc3e7f91cf2f712ea45b7b9a2b1eb5a5","b1d5697d50014504fea8964eae8d6ad099291a4087058c07ada854c160fad766",32,6,60,"SA_hamming_foldover","Hamming","Hamming",NA,"hamming",NA,TRUE,60,30,16,643886003,643886003,1,1047671083,"99526ed428be481beedd65a105ac12c49788dfec273e739cd3c0c2ac382323cc","dfcabe50fcf8b8e87ccf9c474dcd4d1362cc9d2a28e956ff2b3973f0f621299e","a35e9e7b04635236c72dd965c1fa99582276ba6eaf88d4411063723907eff07b","e5aef4900f9537b8b6dc046c7fdd72470893f96f6d96b20c3a45e9ae1a3df8c3",6000,6000,TRUE,1,5512,488,1,5503,2682,TRUE,TRUE,1,65.9005649717514,0,0.958777673838479,0.479388836919239,0.0666666666666667,0.333333333333333,0.169030850945703
"29_pwo_gp_model_specific","db6cb901415724b9f55892557a81f2cbcc3e7f91cf2f712ea45b7b9a2b1eb5a5","b1d5697d50014504fea8964eae8d6ad099291a4087058c07ada854c160fad766",32,6,60,"SA_l2_position_foldover","L2","L2",NA,"l2","component_position",TRUE,60,30,16,643886003,643886003,1,1047671083,"99526ed428be481beedd65a105ac12c49788dfec273e739cd3c0c2ac382323cc","dfcabe50fcf8b8e87ccf9c474dcd4d1362cc9d2a28e956ff2b3973f0f621299e","dda573f092ea832d51e68145cd5bd5d66a6262f84aaefcaaa5c35f5723804912","f869efb20aa5e0055306b4bf83b47d66974a81898c6badcae38801b3b8bf01e5",6000,6000,TRUE,1,5553,447,1,5011,2,TRUE,TRUE,2,65.0734463276836,0.166666666666667,0.981602743997506,0.574134705332086,0.133333333333333,0.333333333333333,0.239045721866879
"29_pwo_gp_model_specific","db6cb901415724b9f55892557a81f2cbcc3e7f91cf2f712ea45b7b9a2b1eb5a5","b1d5697d50014504fea8964eae8d6ad099291a4087058c07ada854c160fad766",32,6,60,"random_foldover","RandomFoldover","Random foldover",NA,"none",NA,TRUE,60,30,16,643886003,643886003,1,1047671083,"99526ed428be481beedd65a105ac12c49788dfec273e739cd3c0c2ac382323cc","dfcabe50fcf8b8e87ccf9c474dcd4d1362cc9d2a28e956ff2b3973f0f621299e","abc86e3df43502eb56c3eaeedb137c772d22098a253817f9e39018f32bfcbbaa","5bb9b4fdf0b2bd0bd2c2d3910c48ec589be6a855d35af4557937f51d44a47eb0",0,6000,NA,0,0,0,0,0,0,TRUE,TRUE,1,65.7559322033898,0,0.962768942937325,0.481384471468662,0.0666666666666667,0.333333333333333,0.169030850945703
"29_pwo_gp_model_specific","db6cb901415724b9f55892557a81f2cbcc3e7f91cf2f712ea45b7b9a2b1eb5a5","b1d5697d50014504fea8964eae8d6ad099291a4087058c07ada854c160fad766",33,6,48,"FSA_lambda050","FSA_lambda050","FSA-KD (lambda=0.5)",0.5,"phi",NA,TRUE,48,24,16,72870890,72870890,1,476655970,"89d37bae0f1cd3e563e26517adc64f341a7ac8a74a2b95a0e3bcc920d6d68be8","5894debea09f59c37da50af6da5b882c2058b8912f20ce8144ec34526622a46e","a5c7e517e82e208830956f68fd9d4752a9a1cd5075e92deafee92b4e3135937f","9c36ae96b6ea27a82a3175aa08b4da845c4b5fc9aa3cc22d21b842d273a645da",6000,6000,TRUE,1,5599,401,2,1984,972,TRUE,TRUE,3,64.8439716312057,0.333333333333333,0.995532245532246,0.664432789432789,0.2,0.333333333333333,0.29277002188456
"29_pwo_gp_model_specific","db6cb901415724b9f55892557a81f2cbcc3e7f91cf2f712ea45b7b9a2b1eb5a5","b1d5697d50014504fea8964eae8d6ad099291a4087058c07ada854c160fad766",33,6,48,"SA_hamming_foldover","Hamming","Hamming",NA,"hamming",NA,TRUE,48,24,16,72870890,72870890,1,476655970,"89d37bae0f1cd3e563e26517adc64f341a7ac8a74a2b95a0e3bcc920d6d68be8","5894debea09f59c37da50af6da5b882c2058b8912f20ce8144ec34526622a46e","f6e3135372598febf376891ea245455d73cddf74754bb47eeec9633ed953d686","bbcb3fda29aa5437de3b8376de1a6f272d1c9920a551bd0fa8f6767a5b1ffde4",6000,6000,TRUE,1,5603,397,7,5582,2725,TRUE,TRUE,1,67.0141843971631,0,0.936091686091686,0.468045843045843,0.0666666666666667,0.333333333333333,0.169030850945703
"29_pwo_gp_model_specific","db6cb901415724b9f55892557a81f2cbcc3e7f91cf2f712ea45b7b9a2b1eb5a5","b1d5697d50014504fea8964eae8d6ad099291a4087058c07ada854c160fad766",33,6,48,"SA_l2_position_foldover","L2","L2",NA,"l2","component_position",TRUE,48,24,16,72870890,72870890,1,476655970,"89d37bae0f1cd3e563e26517adc64f341a7ac8a74a2b95a0e3bcc920d6d68be8","5894debea09f59c37da50af6da5b882c2058b8912f20ce8144ec34526622a46e","0642998aa2bf104fc30b672a80d5bcac2f09542b8bfb9c65d7954117042b8c30","d281c7d0748534a648b64506bf22fd216343f5d9bb7256262b64741ef24fa811",6000,6000,TRUE,1,5735,265,3,3570,6,TRUE,TRUE,2,65.6737588652482,0.166666666666667,0.972804972804973,0.56973581973582,0.133333333333333,0.333333333333333,0.29277002188456
"29_pwo_gp_model_specific","db6cb901415724b9f55892557a81f2cbcc3e7f91cf2f712ea45b7b9a2b1eb5a5","b1d5697d50014504fea8964eae8d6ad099291a4087058c07ada854c160fad766",33,6,48,"random_foldover","RandomFoldover","Random foldover",NA,"none",NA,TRUE,48,24,16,72870890,72870890,1,476655970,"89d37bae0f1cd3e563e26517adc64f341a7ac8a74a2b95a0e3bcc920d6d68be8","5894debea09f59c37da50af6da5b882c2058b8912f20ce8144ec34526622a46e","94fedb47f7b5869804a21285d074200f5bcd823f9196a2e91616a81bf126c4b2","f3d417be4934a2ba8339651c1a162f9b40c065f19da4d418e70bfe6adf77bfa8",0,6000,NA,0,0,0,0,0,0,TRUE,TRUE,1,67.0921985815603,0,0.933954933954934,0.466977466977467,0.0666666666666667,0.333333333333333,0.169030850945703
"29_pwo_gp_model_specific","db6cb901415724b9f55892557a81f2cbcc3e7f91cf2f712ea45b7b9a2b1eb5a5","b1d5697d50014504fea8964eae8d6ad099291a4087058c07ada854c160fad766",33,6,60,"FSA_lambda050","FSA_lambda050","FSA-KD (lambda=0.5)",0.5,"phi",NA,TRUE,60,30,16,643886004,643886004,1,1047671084,"1f70dfed72a3dbc0f4c5efd85fc86f5dccb7213d19c7eaaebb2f14a67ffc3d3b","c246e2042f74f14f27c4c907156662e3d53b225053ddc1c4a152843f75ced9be","1b668103f70470b2a88854358555d66b36d5ec80ffe5a9ec7d34ae21bdb97512","47c8a153f4df2f9414d1edcbcea8ee0431485776b6271c12509036423c4ce0b7",6000,6000,TRUE,1,5597,403,0,2259,1126,TRUE,TRUE,2,64.5310734463277,0.166666666666667,0.996570003118179,0.581618334892423,0.133333333333333,0.333333333333333,0.239045721866879
"29_pwo_gp_model_specific","db6cb901415724b9f55892557a81f2cbcc3e7f91cf2f712ea45b7b9a2b1eb5a5","b1d5697d50014504fea8964eae8d6ad099291a4087058c07ada854c160fad766",33,6,60,"SA_hamming_foldover","Hamming","Hamming",NA,"hamming",NA,TRUE,60,30,16,643886004,643886004,1,1047671084,"1f70dfed72a3dbc0f4c5efd85fc86f5dccb7213d19c7eaaebb2f14a67ffc3d3b","c246e2042f74f14f27c4c907156662e3d53b225053ddc1c4a152843f75ced9be","b84a4c2ac69ce55a021bf6cdce13d5177fe2aef972f2e38c8a4ec031d165775c","c74bba4c2c232b0014088c2a6725f97b80babb530e186ce855857c2a437ef43b",6000,6000,TRUE,1,5554,446,0,5542,2736,TRUE,TRUE,1,65.8011299435028,0,0.961521671343935,0.480760835671968,0.0666666666666667,0.333333333333333,0.169030850945703
"29_pwo_gp_model_specific","db6cb901415724b9f55892557a81f2cbcc3e7f91cf2f712ea45b7b9a2b1eb5a5","b1d5697d50014504fea8964eae8d6ad099291a4087058c07ada854c160fad766",33,6,60,"SA_l2_position_foldover","L2","L2",NA,"l2","component_position",TRUE,60,30,16,643886004,643886004,1,1047671084,"1f70dfed72a3dbc0f4c5efd85fc86f5dccb7213d19c7eaaebb2f14a67ffc3d3b","c246e2042f74f14f27c4c907156662e3d53b225053ddc1c4a152843f75ced9be","516c6f6fe869ad8238932aa306553f16e5eab8e3608d432fc8b4a643042b828e","0c310329c3c2dbdd1930fc8bb1dd3b3f4be0d2ed439d1cfb82b21ff54146f7e6",6000,6000,TRUE,1,5549,451,0,5549,0,TRUE,TRUE,1,66.0406779661017,0,0.954911131898971,0.477455565949486,0.0666666666666667,0.333333333333333,0.169030850945703
"29_pwo_gp_model_specific","db6cb901415724b9f55892557a81f2cbcc3e7f91cf2f712ea45b7b9a2b1eb5a5","b1d5697d50014504fea8964eae8d6ad099291a4087058c07ada854c160fad766",33,6,60,"random_foldover","RandomFoldover","Random foldover",NA,"none",NA,TRUE,60,30,16,643886004,643886004,1,1047671084,"1f70dfed72a3dbc0f4c5efd85fc86f5dccb7213d19c7eaaebb2f14a67ffc3d3b","c246e2042f74f14f27c4c907156662e3d53b225053ddc1c4a152843f75ced9be","24e1bcb7394c5cd41284b5b8e0f365e1b34e4b96e6c1b368ec848aac2b8be87f","2ecad641cd2de95abf70d4c4c78f8c8bc1b1be17c6ebfbfc693e504dfd2b9d64",0,6000,NA,0,0,0,0,0,0,TRUE,TRUE,1,66.2214689265537,0,0.949922045525413,0.474961022762707,0.0666666666666667,0.333333333333333,0.169030850945703
"29_pwo_gp_model_specific","db6cb901415724b9f55892557a81f2cbcc3e7f91cf2f712ea45b7b9a2b1eb5a5","b1d5697d50014504fea8964eae8d6ad099291a4087058c07ada854c160fad766",34,6,48,"FSA_lambda050","FSA_lambda050","FSA-KD (lambda=0.5)",0.5,"phi",NA,TRUE,48,24,16,72870891,72870891,1,476655971,"3e7b95506ae762ee0c506e4ad81378664f6de75bd1a73d8b5bfb3d782995fe66","feb27739474d65c544179198423b8730cb93eb204bef6690548d4c63440664cd","642eb8ffe9a56dce550199dce0f3adb0d1c7e395db11ae79b6cb3f287318849e","45a337452973e93a6eef34f4a71b092f3d4c086e2aefd9e8cd3aef39a706a0a5",6000,6000,TRUE,1,5756,244,3,1948,955,TRUE,TRUE,2,64.8794326241135,0.166666666666667,0.994560994560995,0.580613830613831,0.133333333333333,0.333333333333333,0.239045721866879
"29_pwo_gp_model_specific","db6cb901415724b9f55892557a81f2cbcc3e7f91cf2f712ea45b7b9a2b1eb5a5","b1d5697d50014504fea8964eae8d6ad099291a4087058c07ada854c160fad766",34,6,48,"SA_hamming_foldover","Hamming","Hamming",NA,"hamming",NA,TRUE,48,24,16,72870891,72870891,1,476655971,"3e7b95506ae762ee0c506e4ad81378664f6de75bd1a73d8b5bfb3d782995fe66","feb27739474d65c544179198423b8730cb93eb204bef6690548d4c63440664cd","b7e52548d850e309072c6526fb3c3acbe9c91219aaca1cbfd8d345294c9b9915","5b61acc0055a6da0ad58f1ca0ad3331f82555a6a07f84d9d99b36497f2674c35",6000,6000,TRUE,1,5614,386,9,5596,2702,TRUE,TRUE,1,66.7801418439716,0,0.942501942501943,0.471250971250971,0.0666666666666667,0.333333333333333,0.169030850945703
"29_pwo_gp_model_specific","db6cb901415724b9f55892557a81f2cbcc3e7f91cf2f712ea45b7b9a2b1eb5a5","b1d5697d50014504fea8964eae8d6ad099291a4087058c07ada854c160fad766",34,6,48,"SA_l2_position_foldover","L2","L2",NA,"l2","component_position",TRUE,48,24,16,72870891,72870891,1,476655971,"3e7b95506ae762ee0c506e4ad81378664f6de75bd1a73d8b5bfb3d782995fe66","feb27739474d65c544179198423b8730cb93eb204bef6690548d4c63440664cd","3a79d4b1feee3f90dadb3929b4a9d41e9c96ff159daa707297f96d8fd7e83cd5","b493e14abdd1063f58fe925a9d57c8be95efa4aa217b3abca9e8aaad40e08ac6",6000,6000,TRUE,1,5695,305,6,4139,4,TRUE,TRUE,2,65.6170212765958,0.166666666666667,0.974358974358974,0.57051282051282,0.133333333333333,0.333333333333333,0.29277002188456
"29_pwo_gp_model_specific","db6cb901415724b9f55892557a81f2cbcc3e7f91cf2f712ea45b7b9a2b1eb5a5","b1d5697d50014504fea8964eae8d6ad099291a4087058c07ada854c160fad766",34,6,48,"random_foldover","RandomFoldover","Random foldover",NA,"none",NA,TRUE,48,24,16,72870891,72870891,1,476655971,"3e7b95506ae762ee0c506e4ad81378664f6de75bd1a73d8b5bfb3d782995fe66","feb27739474d65c544179198423b8730cb93eb204bef6690548d4c63440664cd","830368b337bd48f77b83f58bf38dee7dfc03d4595332cbb9aa920e0bc90cfbf3","da3c20062bf4d593ab153acc2ec4478163243f36416e68b37ff9676c377ac3b7",0,6000,NA,0,0,0,0,0,0,TRUE,TRUE,1,65.9290780141844,0,0.965811965811966,0.482905982905983,0.0666666666666667,0.333333333333333,0.169030850945703
"29_pwo_gp_model_specific","db6cb901415724b9f55892557a81f2cbcc3e7f91cf2f712ea45b7b9a2b1eb5a5","b1d5697d50014504fea8964eae8d6ad099291a4087058c07ada854c160fad766",34,6,60,"FSA_lambda050","FSA_lambda050","FSA-KD (lambda=0.5)",0.5,"phi",NA,TRUE,60,30,16,643886005,643886005,1,1047671085,"db9193d2e8d4642a12c5c40e6ef7dcd522eb6ce13bfa7efe23cdebc1712bd529","ff89ec053e3e8a4c63040290fc4ac2306ac9c0447d188bb149b415caa94dcd5d","33ed0594fd1d669a6d2de189cff604ffeea33ff0ddc5dce0236b591af6e7375e","f3f35f7183ee432c395f8961665463b7416b17d9c2f872574f8e6de18ef167a0",6000,6000,TRUE,1,5574,426,0,2155,1079,TRUE,TRUE,2,64.535593220339,0.166666666666667,0.99644527595884,0.581555971312753,0.133333333333333,0.333333333333333,0.239045721866879
"29_pwo_gp_model_specific","db6cb901415724b9f55892557a81f2cbcc3e7f91cf2f712ea45b7b9a2b1eb5a5","b1d5697d50014504fea8964eae8d6ad099291a4087058c07ada854c160fad766",34,6,60,"SA_hamming_foldover","Hamming","Hamming",NA,"hamming",NA,TRUE,60,30,16,643886005,643886005,1,1047671085,"db9193d2e8d4642a12c5c40e6ef7dcd522eb6ce13bfa7efe23cdebc1712bd529","ff89ec053e3e8a4c63040290fc4ac2306ac9c0447d188bb149b415caa94dcd5d","41c49c84350ebf0041e12ccb932afab97246de79d91b6e8ff07e5da4005f307b","f0564927e3905250980fa779f2684feb3f1cf5a542294111458725b31ef20db9",6000,6000,TRUE,1,5497,503,0,5485,2702,TRUE,TRUE,1,65.7378531073446,0,0.963267851574681,0.48163392578734,0.0666666666666667,0.333333333333333,0.169030850945703
"29_pwo_gp_model_specific","db6cb901415724b9f55892557a81f2cbcc3e7f91cf2f712ea45b7b9a2b1eb5a5","b1d5697d50014504fea8964eae8d6ad099291a4087058c07ada854c160fad766",34,6,60,"SA_l2_position_foldover","L2","L2",NA,"l2","component_position",TRUE,60,30,16,643886005,643886005,1,1047671085,"db9193d2e8d4642a12c5c40e6ef7dcd522eb6ce13bfa7efe23cdebc1712bd529","ff89ec053e3e8a4c63040290fc4ac2306ac9c0447d188bb149b415caa94dcd5d","af8b263d11bf703df10608302e786002420ec87a765f7a98d22c9076c551d7e6","3234b81f5c96ef0128eb7ae35b8256c79f0e540d97f6f85e5bf073d74da3d746",6000,6000,TRUE,1,5634,366,0,4122,1,TRUE,TRUE,2,65.1909604519774,0.166666666666667,0.978359837854693,0.57251325226068,0.133333333333333,0.333333333333333,0.239045721866879
"29_pwo_gp_model_specific","db6cb901415724b9f55892557a81f2cbcc3e7f91cf2f712ea45b7b9a2b1eb5a5","b1d5697d50014504fea8964eae8d6ad099291a4087058c07ada854c160fad766",34,6,60,"random_foldover","RandomFoldover","Random foldover",NA,"none",NA,TRUE,60,30,16,643886005,643886005,1,1047671085,"db9193d2e8d4642a12c5c40e6ef7dcd522eb6ce13bfa7efe23cdebc1712bd529","ff89ec053e3e8a4c63040290fc4ac2306ac9c0447d188bb149b415caa94dcd5d","98087644fe4cca4db9000be8cff538d40449725b86bb37e3131e0f37903af590","26c1ce6cf04511ef6bfd0035e8ed091b916b0949d56758682cd81af060639afd",0,6000,NA,0,0,0,0,0,0,TRUE,TRUE,1,66.135593220339,0,0.952291861552853,0.476145930776427,0.0666666666666667,0.333333333333333,0.169030850945703
"29_pwo_gp_model_specific","db6cb901415724b9f55892557a81f2cbcc3e7f91cf2f712ea45b7b9a2b1eb5a5","b1d5697d50014504fea8964eae8d6ad099291a4087058c07ada854c160fad766",35,6,48,"FSA_lambda050","FSA_lambda050","FSA-KD (lambda=0.5)",0.5,"phi",NA,TRUE,48,24,16,72870892,72870892,1,476655972,"fb8cc3f9485e0c8c97fe3918c3d579bb01c2bb3bef9eccc2b879c498b8d45986","94333716660eaef868368abbd84ba23b4cc9af739f1bb214677fbe07e2a5e421","17f7e169dba6754a7c969c9800f9524e02fbad4dbdfa2f39a887b0cc15c10ea5","af98f11783d72ea544690af35a1a6f79c3876a28c48361e27f55aab4e5d2d9c5",6000,6000,TRUE,1,5670,330,0,2019,992,TRUE,TRUE,3,64.9290780141844,0.333333333333333,0.993201243201243,0.663267288267288,0.2,0.333333333333333,0.29277002188456
"29_pwo_gp_model_specific","db6cb901415724b9f55892557a81f2cbcc3e7f91cf2f712ea45b7b9a2b1eb5a5","b1d5697d50014504fea8964eae8d6ad099291a4087058c07ada854c160fad766",35,6,48,"SA_hamming_foldover","Hamming","Hamming",NA,"hamming",NA,TRUE,48,24,16,72870892,72870892,1,476655972,"fb8cc3f9485e0c8c97fe3918c3d579bb01c2bb3bef9eccc2b879c498b8d45986","94333716660eaef868368abbd84ba23b4cc9af739f1bb214677fbe07e2a5e421","b1a355855fcf1efb355e128fbc0afd7b669a81bf67e084f9d2157d7989ffe075","ee5641affbfc28317025eed811e38eeb47d8b4a725ccfa7632e0b0ff9d8277e7",6000,6000,TRUE,1,5615,385,7,5600,2765,TRUE,TRUE,2,66.1276595744681,0.166666666666667,0.96037296037296,0.563519813519814,0.133333333333333,0.333333333333333,0.239045721866879
"29_pwo_gp_model_specific","db6cb901415724b9f55892557a81f2cbcc3e7f91cf2f712ea45b7b9a2b1eb5a5","b1d5697d50014504fea8964eae8d6ad099291a4087058c07ada854c160fad766",35,6,48,"SA_l2_position_foldover","L2","L2",NA,"l2","component_position",TRUE,48,24,16,72870892,72870892,1,476655972,"fb8cc3f9485e0c8c97fe3918c3d579bb01c2bb3bef9eccc2b879c498b8d45986","94333716660eaef868368abbd84ba23b4cc9af739f1bb214677fbe07e2a5e421","f04c4906019779b8a57af0d494583789e1047e660fb485f977aa7b0339edfdc5","48cf85dc29f7416cedc96972f2db2ae37e228b58f64a45580688645d2d43fe20",6000,6000,TRUE,1,5732,268,3,3527,9,TRUE,TRUE,2,65.5460992907801,0.166666666666667,0.976301476301476,0.571484071484071,0.133333333333333,0.333333333333333,0.29277002188456
"29_pwo_gp_model_specific","db6cb901415724b9f55892557a81f2cbcc3e7f91cf2f712ea45b7b9a2b1eb5a5","b1d5697d50014504fea8964eae8d6ad099291a4087058c07ada854c160fad766",35,6,48,"random_foldover","RandomFoldover","Random foldover",NA,"none",NA,TRUE,48,24,16,72870892,72870892,1,476655972,"fb8cc3f9485e0c8c97fe3918c3d579bb01c2bb3bef9eccc2b879c498b8d45986","94333716660eaef868368abbd84ba23b4cc9af739f1bb214677fbe07e2a5e421","087f5d8aa4fbdd075c431e1f76f6979b5f221a7342fb193c095d59c6c13eade5","c405336139f1dc16858c04a5aa9d25b3c933f3df279deac59d2d7974244dafb5",0,6000,NA,0,0,0,0,0,0,TRUE,TRUE,1,66.8014184397163,0,0.941919191919192,0.470959595959596,0.0666666666666667,0.333333333333333,0.169030850945703
"29_pwo_gp_model_specific","db6cb901415724b9f55892557a81f2cbcc3e7f91cf2f712ea45b7b9a2b1eb5a5","b1d5697d50014504fea8964eae8d6ad099291a4087058c07ada854c160fad766",35,6,60,"FSA_lambda050","FSA_lambda050","FSA-KD (lambda=0.5)",0.5,"phi",NA,TRUE,60,30,16,643886006,643886006,1,1047671086,"39ec59d971bc53ba4d37d68c230fb280de8677ff0eff8cac18d3359f0713cc19","b98193bc14b7c4faa36e14d0145bb642b559a189f4491cc5a6929fcd431b2189","b6df61874614986d7fc29eff1baaf59b58ed4f263695e05363d754dbd06f2780","4a8505e8ba9fdc5ff130ff8d35ee5e79ec0d071a64266fb7e61cb42e221ffd47",6000,6000,TRUE,1,5543,457,0,2211,1080,TRUE,TRUE,2,64.5446327683616,0.166666666666667,0.996195821640162,0.581431244153415,0.133333333333333,0.333333333333333,0.239045721866879
"29_pwo_gp_model_specific","db6cb901415724b9f55892557a81f2cbcc3e7f91cf2f712ea45b7b9a2b1eb5a5","b1d5697d50014504fea8964eae8d6ad099291a4087058c07ada854c160fad766",35,6,60,"SA_hamming_foldover","Hamming","Hamming",NA,"hamming",NA,TRUE,60,30,16,643886006,643886006,1,1047671086,"39ec59d971bc53ba4d37d68c230fb280de8677ff0eff8cac18d3359f0713cc19","b98193bc14b7c4faa36e14d0145bb642b559a189f4491cc5a6929fcd431b2189","75af5abc2a34af8af23e9f0d55df0f39a235c5384e5b986a45506e4a722b0991","1a8cb2ead38764973ae4027bfbee3acd8704b0acc6e9350bf1346fd2529bd04a",6000,6000,TRUE,1,5492,508,1,5475,2683,TRUE,TRUE,1,65.5570621468927,0,0.968256937948238,0.484128468974119,0.0666666666666667,0.333333333333333,0.169030850945703
"29_pwo_gp_model_specific","db6cb901415724b9f55892557a81f2cbcc3e7f91cf2f712ea45b7b9a2b1eb5a5","b1d5697d50014504fea8964eae8d6ad099291a4087058c07ada854c160fad766",35,6,60,"SA_l2_position_foldover","L2","L2",NA,"l2","component_position",TRUE,60,30,16,643886006,643886006,1,1047671086,"39ec59d971bc53ba4d37d68c230fb280de8677ff0eff8cac18d3359f0713cc19","b98193bc14b7c4faa36e14d0145bb642b559a189f4491cc5a6929fcd431b2189","9c9e5561652c47a2e6be5996779c9309aec20951892d8a46dc0d260ca888c8ea","a939fcdb6432baecfc0357b5c87c1f625c122f0d35789b20b3bff2dc8ef090cd",6000,6000,TRUE,1,5511,489,0,5480,3,TRUE,TRUE,2,65.5977401129943,0.166666666666667,0.967134393514188,0.566900530090427,0.133333333333333,0.333333333333333,0.239045721866879
"29_pwo_gp_model_specific","db6cb901415724b9f55892557a81f2cbcc3e7f91cf2f712ea45b7b9a2b1eb5a5","b1d5697d50014504fea8964eae8d6ad099291a4087058c07ada854c160fad766",35,6,60,"random_foldover","RandomFoldover","Random foldover",NA,"none",NA,TRUE,60,30,16,643886006,643886006,1,1047671086,"39ec59d971bc53ba4d37d68c230fb280de8677ff0eff8cac18d3359f0713cc19","b98193bc14b7c4faa36e14d0145bb642b559a189f4491cc5a6929fcd431b2189","294b894ffa4e728ea2b2b33ff67b48d9799c99322058969a917bc8329b5cc048","3580655a6a6f5d1b4febff0ad81bb1c39238254cf44c41ef57256e035166a035",0,6000,NA,0,0,0,0,0,0,TRUE,TRUE,1,65.864406779661,0,0.95977549111319,0.479887745556595,0.0666666666666667,0.333333333333333,0.169030850945703
"29_pwo_gp_model_specific","db6cb901415724b9f55892557a81f2cbcc3e7f91cf2f712ea45b7b9a2b1eb5a5","b1d5697d50014504fea8964eae8d6ad099291a4087058c07ada854c160fad766",36,6,48,"FSA_lambda050","FSA_lambda050","FSA-KD (lambda=0.5)",0.5,"phi",NA,TRUE,48,24,16,72870893,72870893,1,476655973,"740ab5273cac8ba3c874466577496f38f33f6df083b329d009cac338d8ab4ecc","80e63c1bf7bd85769abdcc70ebdae121075059d58d4429f454660fc0abce31d5","d59a00dbd1f0ea9b19c07424405f4bc149fde82898eb34d75735512944ded29b","1e53849124e9f14e2553bc825da44a4d54de5577b5a603a2c63da7c15daca4e6",6000,6000,TRUE,1,5704,296,2,2063,997,TRUE,TRUE,3,64.8510638297872,0.333333333333333,0.995337995337995,0.664335664335664,0.2,0.333333333333333,0.29277002188456
"29_pwo_gp_model_specific","db6cb901415724b9f55892557a81f2cbcc3e7f91cf2f712ea45b7b9a2b1eb5a5","b1d5697d50014504fea8964eae8d6ad099291a4087058c07ada854c160fad766",36,6,48,"SA_hamming_foldover","Hamming","Hamming",NA,"hamming",NA,TRUE,48,24,16,72870893,72870893,1,476655973,"740ab5273cac8ba3c874466577496f38f33f6df083b329d009cac338d8ab4ecc","80e63c1bf7bd85769abdcc70ebdae121075059d58d4429f454660fc0abce31d5","ee366990594da1d1e51c22fabd2fe7b5754af15474719791711a4bab577ba57c","634d68ce6066f954566e6547795599ef41945274e280a4a07f4feaba180bed03",6000,6000,TRUE,1,5605,395,8,5589,2739,TRUE,TRUE,1,66.3758865248227,0,0.953574203574204,0.476787101787102,0.0666666666666667,0.333333333333333,0.169030850945703
"29_pwo_gp_model_specific","db6cb901415724b9f55892557a81f2cbcc3e7f91cf2f712ea45b7b9a2b1eb5a5","b1d5697d50014504fea8964eae8d6ad099291a4087058c07ada854c160fad766",36,6,48,"SA_l2_position_foldover","L2","L2",NA,"l2","component_position",TRUE,48,24,16,72870893,72870893,1,476655973,"740ab5273cac8ba3c874466577496f38f33f6df083b329d009cac338d8ab4ecc","80e63c1bf7bd85769abdcc70ebdae121075059d58d4429f454660fc0abce31d5","b83a1cfc2f84961b4fbd4a1c2ef5b7ea9db876a29f683c80f97cc77af9a8908e","5047dd09e4a02986e2cd9d0b29af82e24733317c8455609f1ea9d25374cf559b",6000,6000,TRUE,1,5701,299,4,3804,8,TRUE,TRUE,2,65.6808510638298,0.166666666666667,0.972610722610723,0.569638694638695,0.133333333333333,0.333333333333333,0.29277002188456
"29_pwo_gp_model_specific","db6cb901415724b9f55892557a81f2cbcc3e7f91cf2f712ea45b7b9a2b1eb5a5","b1d5697d50014504fea8964eae8d6ad099291a4087058c07ada854c160fad766",36,6,48,"random_foldover","RandomFoldover","Random foldover",NA,"none",NA,TRUE,48,24,16,72870893,72870893,1,476655973,"740ab5273cac8ba3c874466577496f38f33f6df083b329d009cac338d8ab4ecc","80e63c1bf7bd85769abdcc70ebdae121075059d58d4429f454660fc0abce31d5","4b2963313fb6fcb5f012dfd062dc5dd2b1215c7222ffd0735279e97c17e4b05a","c77207b7d313f5dd7e86be74bfefe4d7476fd400adf4d1bc88d9573f0467fa2e",0,6000,NA,0,0,0,0,0,0,TRUE,TRUE,1,67.7801418439716,0,0.915112665112665,0.457556332556333,0.0666666666666667,0.333333333333333,0.169030850945703
"29_pwo_gp_model_specific","db6cb901415724b9f55892557a81f2cbcc3e7f91cf2f712ea45b7b9a2b1eb5a5","b1d5697d50014504fea8964eae8d6ad099291a4087058c07ada854c160fad766",36,6,60,"FSA_lambda050","FSA_lambda050","FSA-KD (lambda=0.5)",0.5,"phi",NA,TRUE,60,30,16,643886007,643886007,1,1047671087,"f9fef1f3ebedf5a2917924ea438c8f4e77deb43cb7453f5047e7449128af2308","2cc48e48e7c6ddb88e326ca24e57d67baae8fb95bf04ebf33da99db7b6adf3b5","9438fb7fff12d29e7235e7440db368e03f0c7c77cc229ee3ea7c6c3f0c7bd238","171e2d9c671827ea91b7356275e3bc4bd4f85440b9c991b0370f177fcfcf4b98",6000,6000,TRUE,1,5598,402,0,2243,1102,TRUE,TRUE,2,64.5310734463277,0.166666666666667,0.996570003118179,0.581618334892423,0.133333333333333,0.333333333333333,0.239045721866879
"29_pwo_gp_model_specific","db6cb901415724b9f55892557a81f2cbcc3e7f91cf2f712ea45b7b9a2b1eb5a5","b1d5697d50014504fea8964eae8d6ad099291a4087058c07ada854c160fad766",36,6,60,"SA_hamming_foldover","Hamming","Hamming",NA,"hamming",NA,TRUE,60,30,16,643886007,643886007,1,1047671087,"f9fef1f3ebedf5a2917924ea438c8f4e77deb43cb7453f5047e7449128af2308","2cc48e48e7c6ddb88e326ca24e57d67baae8fb95bf04ebf33da99db7b6adf3b5","bb8c8aa06cd57d3e8d70835f19e445a656f3baa89309c1477d6174005da2668e","a30caf215f43ecc33e91d71f2f1dc2002349a18b60dcbb1a5e6e89d318357eb3",6000,6000,TRUE,1,5554,446,1,5537,2640,TRUE,TRUE,1,65.6022598870056,0,0.967009666354849,0.483504833177425,0.0666666666666667,0.333333333333333,0.169030850945703
"29_pwo_gp_model_specific","db6cb901415724b9f55892557a81f2cbcc3e7f91cf2f712ea45b7b9a2b1eb5a5","b1d5697d50014504fea8964eae8d6ad099291a4087058c07ada854c160fad766",36,6,60,"SA_l2_position_foldover","L2","L2",NA,"l2","component_position",TRUE,60,30,16,643886007,643886007,1,1047671087,"f9fef1f3ebedf5a2917924ea438c8f4e77deb43cb7453f5047e7449128af2308","2cc48e48e7c6ddb88e326ca24e57d67baae8fb95bf04ebf33da99db7b6adf3b5","a1fc7ead3d97aae68f864961ed0264ee7a3539cfc4c07eaf797c510fe7c03d2f","0d3c0390ea9656ddc282ce5cfdaca584814e2e3bddbd08f787bc0c823ab4d17f",6000,6000,TRUE,1,5576,424,0,5240,1,TRUE,TRUE,2,65.4937853107345,0.166666666666667,0.970003118178984,0.568334892422825,0.133333333333333,0.333333333333333,0.239045721866879
"29_pwo_gp_model_specific","db6cb901415724b9f55892557a81f2cbcc3e7f91cf2f712ea45b7b9a2b1eb5a5","b1d5697d50014504fea8964eae8d6ad099291a4087058c07ada854c160fad766",36,6,60,"random_foldover","RandomFoldover","Random foldover",NA,"none",NA,TRUE,60,30,16,643886007,643886007,1,1047671087,"f9fef1f3ebedf5a2917924ea438c8f4e77deb43cb7453f5047e7449128af2308","2cc48e48e7c6ddb88e326ca24e57d67baae8fb95bf04ebf33da99db7b6adf3b5","0d3c3e042101c6fdd4ea7d13aa63a6c88691a0b02a671474528efa557b83ffa8","9cf2af0ef95e1c6c29f54b0409a78e4a839d24a261810a58a2c88371e4a9d3fd",0,6000,NA,0,0,0,0,0,0,TRUE,TRUE,1,65.5344632768362,0,0.968880573744933,0.484440286872466,0.0666666666666667,0.333333333333333,0.169030850945703
"29_pwo_gp_model_specific","db6cb901415724b9f55892557a81f2cbcc3e7f91cf2f712ea45b7b9a2b1eb5a5","b1d5697d50014504fea8964eae8d6ad099291a4087058c07ada854c160fad766",37,6,48,"FSA_lambda050","FSA_lambda050","FSA-KD (lambda=0.5)",0.5,"phi",NA,TRUE,48,24,16,72870894,72870894,1,476655974,"d2e3fa0c5b2630a2604aacab68222557e28f0ffdcfd4f02a3fca38cbafa8ef6f","d31f81438962f49b5b02ce4829256a094181276b57798c3d8f284967155a67cb","26061e41ba6dc45c61920b790ebd71d64c07048697974ad48069db41c69ecd3c","c7e52003b37bceb8b2ffe48fc78f557a6cd3cfc6b26df59520eb7be343e58e46",6000,6000,TRUE,1,5728,272,2,2022,993,TRUE,TRUE,3,64.886524822695,0.333333333333333,0.994366744366744,0.663850038850039,0.2,0.333333333333333,0.29277002188456
"29_pwo_gp_model_specific","db6cb901415724b9f55892557a81f2cbcc3e7f91cf2f712ea45b7b9a2b1eb5a5","b1d5697d50014504fea8964eae8d6ad099291a4087058c07ada854c160fad766",37,6,48,"SA_hamming_foldover","Hamming","Hamming",NA,"hamming",NA,TRUE,48,24,16,72870894,72870894,1,476655974,"d2e3fa0c5b2630a2604aacab68222557e28f0ffdcfd4f02a3fca38cbafa8ef6f","d31f81438962f49b5b02ce4829256a094181276b57798c3d8f284967155a67cb","b7697fdd38109f4031993ae74559f4404a62cc1d2d8eacb72f00f3510ccd225c","a85e25305c99b78c105a1af158756878642fbeeb707fdce9bd616b0653d31061",6000,6000,TRUE,1,5621,379,6,5596,2745,TRUE,TRUE,2,65.7943262411348,0.166666666666667,0.969502719502719,0.568084693084693,0.133333333333333,0.333333333333333,0.239045721866879
"29_pwo_gp_model_specific","db6cb901415724b9f55892557a81f2cbcc3e7f91cf2f712ea45b7b9a2b1eb5a5","b1d5697d50014504fea8964eae8d6ad099291a4087058c07ada854c160fad766",37,6,48,"SA_l2_position_foldover","L2","L2",NA,"l2","component_position",TRUE,48,24,16,72870894,72870894,1,476655974,"d2e3fa0c5b2630a2604aacab68222557e28f0ffdcfd4f02a3fca38cbafa8ef6f","d31f81438962f49b5b02ce4829256a094181276b57798c3d8f284967155a67cb","d03779be4d535c1fafa3bd5445b52772a118f27f99d848535eeb8ce307fad946","458916b1f11a86658a59800dba9d611d401cda95aa6128e5467cf2f1288e3a44",6000,6000,TRUE,1,5694,306,6,3573,5,TRUE,TRUE,2,65.5390070921986,0.166666666666667,0.976495726495726,0.571581196581197,0.133333333333333,0.333333333333333,0.29277002188456
"29_pwo_gp_model_specific","db6cb901415724b9f55892557a81f2cbcc3e7f91cf2f712ea45b7b9a2b1eb5a5","b1d5697d50014504fea8964eae8d6ad099291a4087058c07ada854c160fad766",37,6,48,"random_foldover","RandomFoldover","Random foldover",NA,"none",NA,TRUE,48,24,16,72870894,72870894,1,476655974,"d2e3fa0c5b2630a2604aacab68222557e28f0ffdcfd4f02a3fca38cbafa8ef6f","d31f81438962f49b5b02ce4829256a094181276b57798c3d8f284967155a67cb","8d56ffdf8b197090a576c9c4fa0fb60946b93aa2b2871ba33b4fb8ddfb12e5e0","4aee2a8bd7a5c493ac59a1b3d9b896b02e58c9a4413fa7d611dbf39fd34b28c9",0,6000,NA,0,0,0,0,0,0,TRUE,TRUE,1,66.7730496453901,0,0.942696192696193,0.471348096348096,0.0666666666666667,0.333333333333333,0.169030850945703
"29_pwo_gp_model_specific","db6cb901415724b9f55892557a81f2cbcc3e7f91cf2f712ea45b7b9a2b1eb5a5","b1d5697d50014504fea8964eae8d6ad099291a4087058c07ada854c160fad766",37,6,60,"FSA_lambda050","FSA_lambda050","FSA-KD (lambda=0.5)",0.5,"phi",NA,TRUE,60,30,16,643886008,643886008,1,1047671088,"737dae937bd93a0beb22df399878c0168d5cb2451104cab2d277bd976d736de6","e8d68f2217c593bb9fa99af929ee5ec99275fc3ecc161f7a986cf4a5e3adb12c","d6b0cc5dc0143108098ca7c635d5a24da80526dcdfc5caf2618c4ce25cc38380","5c85bffc4a9c6d80b3cab6f09439be07438538369d82965889df4caac50ea894",6000,6000,TRUE,1,5621,379,0,2102,1048,TRUE,TRUE,2,64.5039548022599,0.166666666666667,0.997318366074213,0.58199251637044,0.133333333333333,0.333333333333333,0.239045721866879
"29_pwo_gp_model_specific","db6cb901415724b9f55892557a81f2cbcc3e7f91cf2f712ea45b7b9a2b1eb5a5","b1d5697d50014504fea8964eae8d6ad099291a4087058c07ada854c160fad766",37,6,60,"SA_hamming_foldover","Hamming","Hamming",NA,"hamming",NA,TRUE,60,30,16,643886008,643886008,1,1047671088,"737dae937bd93a0beb22df399878c0168d5cb2451104cab2d277bd976d736de6","e8d68f2217c593bb9fa99af929ee5ec99275fc3ecc161f7a986cf4a5e3adb12c","a2541b81f208139d7f905d5a885f863736d2ee09908b6a54c6e55287e47b11ac","1903fb2930eaf00087b97eafb2d67f766993eca7bdca918275a31e2195312962",6000,6000,TRUE,1,5531,469,0,5522,2729,TRUE,TRUE,1,65.2723163841808,0,0.976114748986592,0.488057374493296,0.0666666666666667,0.333333333333333,0.169030850945703
"29_pwo_gp_model_specific","db6cb901415724b9f55892557a81f2cbcc3e7f91cf2f712ea45b7b9a2b1eb5a5","b1d5697d50014504fea8964eae8d6ad099291a4087058c07ada854c160fad766",37,6,60,"SA_l2_position_foldover","L2","L2",NA,"l2","component_position",TRUE,60,30,16,643886008,643886008,1,1047671088,"737dae937bd93a0beb22df399878c0168d5cb2451104cab2d277bd976d736de6","e8d68f2217c593bb9fa99af929ee5ec99275fc3ecc161f7a986cf4a5e3adb12c","bde4b9ce4a7013b0fff1907c123615de6cfd9ce50fa92cb0f55850387711f513","99099964f11a231b6fddb568c92ecef44a25ed049a714bc93532665a299c678c",6000,6000,TRUE,1,5606,394,0,4690,1,TRUE,TRUE,2,65.3401129943503,0.166666666666667,0.974243841596508,0.570455254131587,0.133333333333333,0.333333333333333,0.239045721866879
"29_pwo_gp_model_specific","db6cb901415724b9f55892557a81f2cbcc3e7f91cf2f712ea45b7b9a2b1eb5a5","b1d5697d50014504fea8964eae8d6ad099291a4087058c07ada854c160fad766",37,6,60,"random_foldover","RandomFoldover","Random foldover",NA,"none",NA,TRUE,60,30,16,643886008,643886008,1,1047671088,"737dae937bd93a0beb22df399878c0168d5cb2451104cab2d277bd976d736de6","e8d68f2217c593bb9fa99af929ee5ec99275fc3ecc161f7a986cf4a5e3adb12c","b17dd3c9da8bb2eefeddd5a48a0a333a17a0a2aaec304489a5deed24da00b290","07ca08c543d1f66f2ad572019d05d9884a57c542baf23157f6d4a5a24297f691",0,6000,NA,0,0,0,0,0,0,TRUE,TRUE,1,65.7649717514124,0,0.962519488618647,0.481259744309323,0.0666666666666667,0.333333333333333,0.169030850945703
"29_pwo_gp_model_specific","db6cb901415724b9f55892557a81f2cbcc3e7f91cf2f712ea45b7b9a2b1eb5a5","b1d5697d50014504fea8964eae8d6ad099291a4087058c07ada854c160fad766",38,6,48,"FSA_lambda050","FSA_lambda050","FSA-KD (lambda=0.5)",0.5,"phi",NA,TRUE,48,24,16,72870895,72870895,1,476655975,"cc1db83e299702bde1db4f50f9ea218ea877f42a7df7c0d112bff58f26043a6e","ec001ca84db01ffb911ebd0ba145fec7caa33aa1b3855b1e2da8f3ed07fa7be5","f3bff5b572892b66331ee29485b59f007fb1b01e8c76ed3e5bea418f011ecc13","1db2c465f4b244c8e36ae503df7648f4f8eb35d1db7da96d81c9ffd3e4c1179f",6000,6000,TRUE,1,5642,358,2,2064,976,TRUE,TRUE,3,64.8723404255319,0.333333333333333,0.994755244755245,0.664044289044289,0.2,0.333333333333333,0.29277002188456
"29_pwo_gp_model_specific","db6cb901415724b9f55892557a81f2cbcc3e7f91cf2f712ea45b7b9a2b1eb5a5","b1d5697d50014504fea8964eae8d6ad099291a4087058c07ada854c160fad766",38,6,48,"SA_hamming_foldover","Hamming","Hamming",NA,"hamming",NA,TRUE,48,24,16,72870895,72870895,1,476655975,"cc1db83e299702bde1db4f50f9ea218ea877f42a7df7c0d112bff58f26043a6e","ec001ca84db01ffb911ebd0ba145fec7caa33aa1b3855b1e2da8f3ed07fa7be5","89fb13a15c047418a4978b0071262cc172824e9c6ad3522b80a0ec271f4e16b7","3cd2d6191ca367f15c0945fb53839db07680d12d4ea26df21305780932e0578a",6000,6000,TRUE,1,5590,410,4,5576,2689,TRUE,TRUE,2,66.0921985815603,0.166666666666667,0.961344211344211,0.564005439005439,0.133333333333333,0.333333333333333,0.239045721866879
"29_pwo_gp_model_specific","db6cb901415724b9f55892557a81f2cbcc3e7f91cf2f712ea45b7b9a2b1eb5a5","b1d5697d50014504fea8964eae8d6ad099291a4087058c07ada854c160fad766",38,6,48,"SA_l2_position_foldover","L2","L2",NA,"l2","component_position",TRUE,48,24,16,72870895,72870895,1,476655975,"cc1db83e299702bde1db4f50f9ea218ea877f42a7df7c0d112bff58f26043a6e","ec001ca84db01ffb911ebd0ba145fec7caa33aa1b3855b1e2da8f3ed07fa7be5","6cb5db1f64bfa072877d35c64b1cbf607949ce192313b24e91ef18fa9b0cbaa8","89abbd66abf226f20fca9eae2c07da9d80940d12dac0c41d9045f2f155d5a799",6000,6000,TRUE,1,5688,312,3,4010,9,TRUE,TRUE,2,65.5177304964539,0.166666666666667,0.977078477078477,0.571872571872572,0.133333333333333,0.333333333333333,0.29277002188456
"29_pwo_gp_model_specific","db6cb901415724b9f55892557a81f2cbcc3e7f91cf2f712ea45b7b9a2b1eb5a5","b1d5697d50014504fea8964eae8d6ad099291a4087058c07ada854c160fad766",38,6,48,"random_foldover","RandomFoldover","Random foldover",NA,"none",NA,TRUE,48,24,16,72870895,72870895,1,476655975,"cc1db83e299702bde1db4f50f9ea218ea877f42a7df7c0d112bff58f26043a6e","ec001ca84db01ffb911ebd0ba145fec7caa33aa1b3855b1e2da8f3ed07fa7be5","ab2c7d9126c5b1090901e0e26182f61b5ef5b057d9e78bb00cb69671bfafffbf","4aa21e9045d4ab29204f98a7c2633619c6af7cdbaee620bad5227b51936177cd",0,6000,NA,0,0,0,0,0,0,TRUE,TRUE,2,66.2836879432624,0.166666666666667,0.956099456099456,0.561383061383061,0.133333333333333,0.333333333333333,0.239045721866879
"29_pwo_gp_model_specific","db6cb901415724b9f55892557a81f2cbcc3e7f91cf2f712ea45b7b9a2b1eb5a5","b1d5697d50014504fea8964eae8d6ad099291a4087058c07ada854c160fad766",38,6,60,"FSA_lambda050","FSA_lambda050","FSA-KD (lambda=0.5)",0.5,"phi",NA,TRUE,60,30,16,643886009,643886009,1,1047671089,"fb755dbb9260fa747a2a27c0d5665d5e87c8a498511af48ee7e48b11541f613a","1bdabe322c97859fbc58f6857bf5c5c883e4642177d365dc29a0b6629bbfd3da","9f35a3bc00a0b23eadacb9a8c2f086c0fd61e7d01f9ccd8b4d179fd016a09bb4","2abc8faf6e5f0628cb2c2859536bdd80327b60a37ccd70549380435fc9d92308",6000,6000,TRUE,1,5621,379,0,2204,1104,TRUE,TRUE,2,64.4994350282486,0.166666666666667,0.997443093233552,0.582054879950109,0.133333333333333,0.333333333333333,0.239045721866879
"29_pwo_gp_model_specific","db6cb901415724b9f55892557a81f2cbcc3e7f91cf2f712ea45b7b9a2b1eb5a5","b1d5697d50014504fea8964eae8d6ad099291a4087058c07ada854c160fad766",38,6,60,"SA_hamming_foldover","Hamming","Hamming",NA,"hamming",NA,TRUE,60,30,16,643886009,643886009,1,1047671089,"fb755dbb9260fa747a2a27c0d5665d5e87c8a498511af48ee7e48b11541f613a","1bdabe322c97859fbc58f6857bf5c5c883e4642177d365dc29a0b6629bbfd3da","2e683ed68ac869eca3c5c9aac8e94c5c417173386a97770ed4e86605293b8a41","8ddd6e1d0b97e3bb673fe91c5e4f87cab42947398f1a5a4b0accda65bac44a49",6000,6000,TRUE,1,5519,481,1,5505,2769,TRUE,TRUE,1,65.4485875706215,0,0.971250389772373,0.485625194886187,0.0666666666666667,0.333333333333333,0.169030850945703
"29_pwo_gp_model_specific","db6cb901415724b9f55892557a81f2cbcc3e7f91cf2f712ea45b7b9a2b1eb5a5","b1d5697d50014504fea8964eae8d6ad099291a4087058c07ada854c160fad766",38,6,60,"SA_l2_position_foldover","L2","L2",NA,"l2","component_position",TRUE,60,30,16,643886009,643886009,1,1047671089,"fb755dbb9260fa747a2a27c0d5665d5e87c8a498511af48ee7e48b11541f613a","1bdabe322c97859fbc58f6857bf5c5c883e4642177d365dc29a0b6629bbfd3da","19842b5a4ac4ed7dc4c7f4acbf28584aeaac8687670173239c06f73585f20942","fa3a44737259315f68c997bb450791722326416d7dfa11e384f071a09f75c2f3",6000,6000,TRUE,1,5599,401,1,4594,1,TRUE,TRUE,2,65.109604519774,0.166666666666667,0.980604926722794,0.57363579669473,0.133333333333333,0.333333333333333,0.239045721866879
"29_pwo_gp_model_specific","db6cb901415724b9f55892557a81f2cbcc3e7f91cf2f712ea45b7b9a2b1eb5a5","b1d5697d50014504fea8964eae8d6ad099291a4087058c07ada854c160fad766",38,6,60,"random_foldover","RandomFoldover","Random foldover",NA,"none",NA,TRUE,60,30,16,643886009,643886009,1,1047671089,"fb755dbb9260fa747a2a27c0d5665d5e87c8a498511af48ee7e48b11541f613a","1bdabe322c97859fbc58f6857bf5c5c883e4642177d365dc29a0b6629bbfd3da","ec0fe851ded9a8d69f46aa6155df594bf9eb06a3c10f8d553009cc99a86a7838","84a54333e985b76539d803fd9efcabc60428f60b0f94816ea02829dc72f9777d",0,6000,NA,0,0,0,0,0,0,TRUE,TRUE,1,65.7604519774011,0,0.962644215777986,0.481322107888993,0.0666666666666667,0.333333333333333,0.169030850945703
"29_pwo_gp_model_specific","db6cb901415724b9f55892557a81f2cbcc3e7f91cf2f712ea45b7b9a2b1eb5a5","b1d5697d50014504fea8964eae8d6ad099291a4087058c07ada854c160fad766",39,6,48,"FSA_lambda050","FSA_lambda050","FSA-KD (lambda=0.5)",0.5,"phi",NA,TRUE,48,24,16,72870896,72870896,1,476655976,"a3884adc96a097bd4f997c06db7a0f4e57d64de7e5ccf90442a873a8101d6e8a","309edac6fbdec1e873759c64b04bca491a86b9c11609f78516e348a10021f86a","0bd8b8678dba6619cb1a7105cb1478f5402cf052b63932a4b325d360c4cbfcb1","a7ae0dfe17b711a81246d58a41ec4d252609e87d3488398cf85a2b300e6e95e0",6000,6000,TRUE,1,5719,281,4,1996,936,TRUE,TRUE,3,64.9078014184397,0.333333333333333,0.993783993783994,0.663558663558664,0.2,0.333333333333333,0.29277002188456
"29_pwo_gp_model_specific","db6cb901415724b9f55892557a81f2cbcc3e7f91cf2f712ea45b7b9a2b1eb5a5","b1d5697d50014504fea8964eae8d6ad099291a4087058c07ada854c160fad766",39,6,48,"SA_hamming_foldover","Hamming","Hamming",NA,"hamming",NA,TRUE,48,24,16,72870896,72870896,1,476655976,"a3884adc96a097bd4f997c06db7a0f4e57d64de7e5ccf90442a873a8101d6e8a","309edac6fbdec1e873759c64b04bca491a86b9c11609f78516e348a10021f86a","b8862555dcd924b5fd91f73cce2d5db6d6b86a71b5a5529597ef3d71555c3593","3b7ba64c462d19c685c307723016d86bbd3eb4427f61679157bad5283916940a",6000,6000,TRUE,1,5599,401,7,5587,2740,TRUE,TRUE,2,66.2340425531915,0.166666666666667,0.957459207459208,0.562062937062937,0.133333333333333,0.333333333333333,0.239045721866879
"29_pwo_gp_model_specific","db6cb901415724b9f55892557a81f2cbcc3e7f91cf2f712ea45b7b9a2b1eb5a5","b1d5697d50014504fea8964eae8d6ad099291a4087058c07ada854c160fad766",39,6,48,"SA_l2_position_foldover","L2","L2",NA,"l2","component_position",TRUE,48,24,16,72870896,72870896,1,476655976,"a3884adc96a097bd4f997c06db7a0f4e57d64de7e5ccf90442a873a8101d6e8a","309edac6fbdec1e873759c64b04bca491a86b9c11609f78516e348a10021f86a","b6eebf3a678673372bc494bb27a8efdc6a872f65114e77a4bca70e3ec9800588","8e7ef52d2624abadd29afd7e7bc6300ef41014f43d60409cd43282338fcc4eb2",6000,6000,TRUE,1,5706,294,3,4100,7,TRUE,TRUE,2,65.4468085106383,0.166666666666667,0.979020979020979,0.572843822843823,0.133333333333333,0.333333333333333,0.29277002188456
"29_pwo_gp_model_specific","db6cb901415724b9f55892557a81f2cbcc3e7f91cf2f712ea45b7b9a2b1eb5a5","b1d5697d50014504fea8964eae8d6ad099291a4087058c07ada854c160fad766",39,6,48,"random_foldover","RandomFoldover","Random foldover",NA,"none",NA,TRUE,48,24,16,72870896,72870896,1,476655976,"a3884adc96a097bd4f997c06db7a0f4e57d64de7e5ccf90442a873a8101d6e8a","309edac6fbdec1e873759c64b04bca491a86b9c11609f78516e348a10021f86a","16fe55d4f756aed21ea70a8de67450b2d671f6a6a0576b0ef65929800ae1c812","8ae84879c774d04c8f3c6c80a7b27c4be7e5cb1390e9ea3741e59cffe1923dee",0,6000,NA,0,0,0,0,0,0,TRUE,TRUE,1,65.3971631205674,0,0.980380730380731,0.490190365190365,0.0666666666666667,0.333333333333333,0.169030850945703
"29_pwo_gp_model_specific","db6cb901415724b9f55892557a81f2cbcc3e7f91cf2f712ea45b7b9a2b1eb5a5","b1d5697d50014504fea8964eae8d6ad099291a4087058c07ada854c160fad766",39,6,60,"FSA_lambda050","FSA_lambda050","FSA-KD (lambda=0.5)",0.5,"phi",NA,TRUE,60,30,16,643886010,643886010,1,1047671090,"3e2e0e50595c5afe52e1bcc6673c864ee109e1b1029dd3a143a7d1b44168d10a","7d7670522f3385a739db4de2af9e66211adc6c7885964ccae936b15ad4348b4a","73d3952adeff6543ebce5157edc507dcc5508ed3abc698ca055f264e8201436a","340d09c074818075737972d061b206481b4914623ff684bf2937a78f3ee3e988",6000,6000,TRUE,1,5563,437,0,2171,1072,TRUE,TRUE,2,64.5129943502825,0.166666666666667,0.997068911755535,0.581867789211101,0.133333333333333,0.333333333333333,0.239045721866879
"29_pwo_gp_model_specific","db6cb901415724b9f55892557a81f2cbcc3e7f91cf2f712ea45b7b9a2b1eb5a5","b1d5697d50014504fea8964eae8d6ad099291a4087058c07ada854c160fad766",39,6,60,"SA_hamming_foldover","Hamming","Hamming",NA,"hamming",NA,TRUE,60,30,16,643886010,643886010,1,1047671090,"3e2e0e50595c5afe52e1bcc6673c864ee109e1b1029dd3a143a7d1b44168d10a","7d7670522f3385a739db4de2af9e66211adc6c7885964ccae936b15ad4348b4a","18cbb0ae4cee1282576ce8e61f8aa65a3b978468ba0ebd5cd9664219b658e2ad","470870b8d826b0d985058e3e41c0e66a86c85caafe1c8b1f68f23d3825428d1d",6000,6000,TRUE,1,5529,471,0,5519,2713,TRUE,TRUE,1,65.6338983050847,0,0.966136576239476,0.483068288119738,0.0666666666666667,0.333333333333333,0.169030850945703
"29_pwo_gp_model_specific","db6cb901415724b9f55892557a81f2cbcc3e7f91cf2f712ea45b7b9a2b1eb5a5","b1d5697d50014504fea8964eae8d6ad099291a4087058c07ada854c160fad766",39,6,60,"SA_l2_position_foldover","L2","L2",NA,"l2","component_position",TRUE,60,30,16,643886010,643886010,1,1047671090,"3e2e0e50595c5afe52e1bcc6673c864ee109e1b1029dd3a143a7d1b44168d10a","7d7670522f3385a739db4de2af9e66211adc6c7885964ccae936b15ad4348b4a","47baf9de4833f670f68f571f58bc4438aed854b235dd83e0391573c0c6af3db3","a48d1be3fcf06af5279530a466fc26964915c96de5c72b908b8345b76ffb64fa",6000,6000,TRUE,1,5626,374,0,4496,2,TRUE,TRUE,2,65.5796610169491,0.166666666666667,0.967633302151544,0.567149984409105,0.133333333333333,0.333333333333333,0.239045721866879
"29_pwo_gp_model_specific","db6cb901415724b9f55892557a81f2cbcc3e7f91cf2f712ea45b7b9a2b1eb5a5","b1d5697d50014504fea8964eae8d6ad099291a4087058c07ada854c160fad766",39,6,60,"random_foldover","RandomFoldover","Random foldover",NA,"none",NA,TRUE,60,30,16,643886010,643886010,1,1047671090,"3e2e0e50595c5afe52e1bcc6673c864ee109e1b1029dd3a143a7d1b44168d10a","7d7670522f3385a739db4de2af9e66211adc6c7885964ccae936b15ad4348b4a","30d27fafdc2cf6400c168b7f29ca90047761161893b7bd8b3891e2f4d58bc9e1","4926ab784d7403ba3fe6bb45d8455d69cc56da16121047f015a8b4ad9e59f0c7",0,6000,NA,0,0,0,0,0,0,TRUE,TRUE,1,65.4621468926554,0,0.970876208294356,0.485438104147178,0.0666666666666667,0.333333333333333,0.169030850945703
"29_pwo_gp_model_specific","db6cb901415724b9f55892557a81f2cbcc3e7f91cf2f712ea45b7b9a2b1eb5a5","b1d5697d50014504fea8964eae8d6ad099291a4087058c07ada854c160fad766",40,6,48,"FSA_lambda050","FSA_lambda050","FSA-KD (lambda=0.5)",0.5,"phi",NA,TRUE,48,24,16,72871018,72871018,1,476656098,"91c7ee375a893300390f6ddffe638816851666d79a0b924ea8aa9b3b7fb06877","7465d07a146d87aea8c644a64610ddc1118ad355d0b65be9cff554eb30b58fcf","3d30999c323860b5db24398b9ec29dbf4a886d9d93ca3332b6cb494fefe27f86","65341862e72bfd4bce174999be0c9a1c5a67c657b2286ddd10b94e2ac6b0abaa",6000,6000,TRUE,1,5696,304,2,2046,982,TRUE,TRUE,2,64.8510638297872,0.166666666666667,0.995337995337995,0.581002331002331,0.133333333333333,0.333333333333333,0.239045721866879
"29_pwo_gp_model_specific","db6cb901415724b9f55892557a81f2cbcc3e7f91cf2f712ea45b7b9a2b1eb5a5","b1d5697d50014504fea8964eae8d6ad099291a4087058c07ada854c160fad766",40,6,48,"SA_hamming_foldover","Hamming","Hamming",NA,"hamming",NA,TRUE,48,24,16,72871018,72871018,1,476656098,"91c7ee375a893300390f6ddffe638816851666d79a0b924ea8aa9b3b7fb06877","7465d07a146d87aea8c644a64610ddc1118ad355d0b65be9cff554eb30b58fcf","16c1241e8d83bf4bdd117ad01320570423e243a7caa4ba1a6b46afb66162317d","85ef95009a7a772a40b64b5075a43551e90bb9970872194202833b9e4ac102dc",6000,6000,TRUE,1,5577,423,2,5564,2721,TRUE,TRUE,2,66.4255319148936,0.166666666666667,0.952214452214452,0.55944055944056,0.133333333333333,0.333333333333333,0.239045721866879
"29_pwo_gp_model_specific","db6cb901415724b9f55892557a81f2cbcc3e7f91cf2f712ea45b7b9a2b1eb5a5","b1d5697d50014504fea8964eae8d6ad099291a4087058c07ada854c160fad766",40,6,48,"SA_l2_position_foldover","L2","L2",NA,"l2","component_position",TRUE,48,24,16,72871018,72871018,1,476656098,"91c7ee375a893300390f6ddffe638816851666d79a0b924ea8aa9b3b7fb06877","7465d07a146d87aea8c644a64610ddc1118ad355d0b65be9cff554eb30b58fcf","11921436bc1b91d70fea77322cebb86fb629208492496da1ac4adb35399feaf9","b23fb4a2953f74cc77f9af81c41d6e1b9a3185a307d4d3de7701dd5f9cef979e",6000,6000,TRUE,1,5714,286,0,3315,6,TRUE,TRUE,2,65.6595744680851,0.166666666666667,0.973193473193473,0.56993006993007,0.133333333333333,0.333333333333333,0.29277002188456
"29_pwo_gp_model_specific","db6cb901415724b9f55892557a81f2cbcc3e7f91cf2f712ea45b7b9a2b1eb5a5","b1d5697d50014504fea8964eae8d6ad099291a4087058c07ada854c160fad766",40,6,48,"random_foldover","RandomFoldover","Random foldover",NA,"none",NA,TRUE,48,24,16,72871018,72871018,1,476656098,"91c7ee375a893300390f6ddffe638816851666d79a0b924ea8aa9b3b7fb06877","7465d07a146d87aea8c644a64610ddc1118ad355d0b65be9cff554eb30b58fcf","08f9ad73088ef189b898f87d8efb8caa5e44134255dbe9e9be6dbc22db5defe7","c0e0f89fade4a2ced2d56c152688a3d5788fdea04a7ffff77776380a6278786b",0,6000,NA,0,0,0,0,0,0,TRUE,TRUE,1,67,0,0.936480186480187,0.468240093240093,0.0666666666666667,0.333333333333333,0.169030850945703
"29_pwo_gp_model_specific","db6cb901415724b9f55892557a81f2cbcc3e7f91cf2f712ea45b7b9a2b1eb5a5","b1d5697d50014504fea8964eae8d6ad099291a4087058c07ada854c160fad766",40,6,60,"FSA_lambda050","FSA_lambda050","FSA-KD (lambda=0.5)",0.5,"phi",NA,TRUE,60,30,16,643886132,643886132,1,1047671212,"5b94dc8ab35786944b45deb23588dde01f5578e80b59c3d4619ec12dfa6d4921","d0e97a4cea3b2c3c4c803e52f56d4fcd08e16a727d32bdeefaec4b78cab7dd93","ea222a97ff09680e8c3d94f0e1c56cf724271e1c64d70bbd7a66475157b13129","521cd1a7a09424a74453b686e880e8bab4990c0f97150c1f28ab629b22ee7beb",6000,6000,TRUE,1,5683,317,0,2345,1148,TRUE,TRUE,2,64.5175141242938,0.166666666666667,0.996944184596196,0.581805425631431,0.133333333333333,0.333333333333333,0.239045721866879
"29_pwo_gp_model_specific","db6cb901415724b9f55892557a81f2cbcc3e7f91cf2f712ea45b7b9a2b1eb5a5","b1d5697d50014504fea8964eae8d6ad099291a4087058c07ada854c160fad766",40,6,60,"SA_hamming_foldover","Hamming","Hamming",NA,"hamming",NA,TRUE,60,30,16,643886132,643886132,1,1047671212,"5b94dc8ab35786944b45deb23588dde01f5578e80b59c3d4619ec12dfa6d4921","d0e97a4cea3b2c3c4c803e52f56d4fcd08e16a727d32bdeefaec4b78cab7dd93","625b816e170791c7f35c75441348a496a6a2842df9fbba2d5523e45733e552fb","43cce7a4baec5275bb6e6c5f2c523fee180aca8057123913a6f3cb7b4a634cd6",6000,6000,TRUE,1,5522,478,0,5510,2697,TRUE,TRUE,2,65.8418079096045,0.166666666666667,0.960399126909885,0.563532896788276,0.133333333333333,0.333333333333333,0.239045721866879
"29_pwo_gp_model_specific","db6cb901415724b9f55892557a81f2cbcc3e7f91cf2f712ea45b7b9a2b1eb5a5","b1d5697d50014504fea8964eae8d6ad099291a4087058c07ada854c160fad766",40,6,60,"SA_l2_position_foldover","L2","L2",NA,"l2","component_position",TRUE,60,30,16,643886132,643886132,1,1047671212,"5b94dc8ab35786944b45deb23588dde01f5578e80b59c3d4619ec12dfa6d4921","d0e97a4cea3b2c3c4c803e52f56d4fcd08e16a727d32bdeefaec4b78cab7dd93","de49d4bfdfcf3e7d34d2b6a3125ec41ff4573c368ecb27c1a7190fa22d03bb04","3b401429d173e4eb9ecc1a91dacc7d6138fae4f44854d58d92eba209943ff7e7",6000,6000,TRUE,1,5549,451,1,5501,2,TRUE,TRUE,2,65.5344632768362,0.166666666666667,0.968880573744933,0.5677736202058,0.133333333333333,0.333333333333333,0.239045721866879
"29_pwo_gp_model_specific","db6cb901415724b9f55892557a81f2cbcc3e7f91cf2f712ea45b7b9a2b1eb5a5","b1d5697d50014504fea8964eae8d6ad099291a4087058c07ada854c160fad766",40,6,60,"random_foldover","RandomFoldover","Random foldover",NA,"none",NA,TRUE,60,30,16,643886132,643886132,1,1047671212,"5b94dc8ab35786944b45deb23588dde01f5578e80b59c3d4619ec12dfa6d4921","d0e97a4cea3b2c3c4c803e52f56d4fcd08e16a727d32bdeefaec4b78cab7dd93","ffad9cb2975dfeb0ac81092b6a4bee393d623ce2a2d126e15a9b058f71493f98","e8fec24dabd8d4eebd2fdcf82e5a3a06efcda4e7592cd718460dc4eb3a2dbf1e",0,6000,NA,0,0,0,0,0,0,TRUE,TRUE,1,66.3435028248588,0,0.946554412223262,0.473277206111631,0.0666666666666667,0.333333333333333,0.169030850945703
"29_pwo_gp_model_specific","db6cb901415724b9f55892557a81f2cbcc3e7f91cf2f712ea45b7b9a2b1eb5a5","b1d5697d50014504fea8964eae8d6ad099291a4087058c07ada854c160fad766",41,6,48,"FSA_lambda050","FSA_lambda050","FSA-KD (lambda=0.5)",0.5,"phi",NA,TRUE,48,24,16,72871019,72871019,1,476656099,"1df143c8842fa3a54968eb9a99533ddb1273fd3fa5325593d9c7b5eca993047b","ced74353775e497c2c359cb3ce43eec38aa5d7aa73dab5f97a284fba260b5562","1296184010dfca8cfc21f997a3136af735d042ec26f469502073b4fe1b5d53b7","51d3f910fb3f7700a68959ca2718ebbde6e9c1ae68c298208835669ab407b722",6000,6000,TRUE,1,5731,269,0,1942,952,TRUE,TRUE,3,64.8936170212766,0.333333333333333,0.994172494172494,0.663752913752914,0.2,0.333333333333333,0.29277002188456
"29_pwo_gp_model_specific","db6cb901415724b9f55892557a81f2cbcc3e7f91cf2f712ea45b7b9a2b1eb5a5","b1d5697d50014504fea8964eae8d6ad099291a4087058c07ada854c160fad766",41,6,48,"SA_hamming_foldover","Hamming","Hamming",NA,"hamming",NA,TRUE,48,24,16,72871019,72871019,1,476656099,"1df143c8842fa3a54968eb9a99533ddb1273fd3fa5325593d9c7b5eca993047b","ced74353775e497c2c359cb3ce43eec38aa5d7aa73dab5f97a284fba260b5562","68b3f44d875f288a4073f21fdc7ba988207442b335809903938f48060ad3ba14","a779488b3b1bd31383f6748eb0d49380b647532f7da227fe15c97205730cc9d3",6000,6000,TRUE,1,5626,374,3,5605,2752,TRUE,TRUE,1,65.7021276595745,0,0.972027972027972,0.486013986013986,0.0666666666666667,0.333333333333333,0.169030850945703
"29_pwo_gp_model_specific","db6cb901415724b9f55892557a81f2cbcc3e7f91cf2f712ea45b7b9a2b1eb5a5","b1d5697d50014504fea8964eae8d6ad099291a4087058c07ada854c160fad766",41,6,48,"SA_l2_position_foldover","L2","L2",NA,"l2","component_position",TRUE,48,24,16,72871019,72871019,1,476656099,"1df143c8842fa3a54968eb9a99533ddb1273fd3fa5325593d9c7b5eca993047b","ced74353775e497c2c359cb3ce43eec38aa5d7aa73dab5f97a284fba260b5562","ea98948d491461c4e84aaae53be63d031834b8478910e7ef11af0d04852e1ba0","408fa3bbb2a91ce4637606982893beabb151cf6e8b6f3b6c72e45e503a757ee3",6000,6000,TRUE,1,5713,287,2,4266,8,TRUE,TRUE,2,65.5035460992908,0.166666666666667,0.977466977466977,0.572066822066822,0.133333333333333,0.333333333333333,0.29277002188456
"29_pwo_gp_model_specific","db6cb901415724b9f55892557a81f2cbcc3e7f91cf2f712ea45b7b9a2b1eb5a5","b1d5697d50014504fea8964eae8d6ad099291a4087058c07ada854c160fad766",41,6,48,"random_foldover","RandomFoldover","Random foldover",NA,"none",NA,TRUE,48,24,16,72871019,72871019,1,476656099,"1df143c8842fa3a54968eb9a99533ddb1273fd3fa5325593d9c7b5eca993047b","ced74353775e497c2c359cb3ce43eec38aa5d7aa73dab5f97a284fba260b5562","3517891336851db64acfa3087322b7ee942f71e3f58bed6eb3d06fe1197eadb1","48e03ba33e0a4899838634f18e894be5fc01ff94c962110914817138a0c8fcd5",0,6000,NA,0,0,0,0,0,0,TRUE,TRUE,1,66.7163120567376,0,0.944250194250194,0.472125097125097,0.0666666666666667,0.333333333333333,0.169030850945703
"29_pwo_gp_model_specific","db6cb901415724b9f55892557a81f2cbcc3e7f91cf2f712ea45b7b9a2b1eb5a5","b1d5697d50014504fea8964eae8d6ad099291a4087058c07ada854c160fad766",41,6,60,"FSA_lambda050","FSA_lambda050","FSA-KD (lambda=0.5)",0.5,"phi",NA,TRUE,60,30,16,643886133,643886133,1,1047671213,"a22a11de7069edda092243abc81ca54ec21bec0836661a98cb3d3953da58a583","6aa5537016e57ca7f7cd2ac8778b4faf9c2b76bfe2aa282a0dbdb0de298832f4","729d2be8e7476037f09fbd87337245eaa16625d3c2735671a5a7e98acfeb1230","75acf2c60557a664f77d4d36c76b1623bc7f309e8038767a5e09644599bc1e84",6000,6000,TRUE,1,5543,457,0,2250,1107,TRUE,TRUE,2,64.5084745762712,0.166666666666667,0.997193638914874,0.58193015279077,0.133333333333333,0.333333333333333,0.239045721866879
"29_pwo_gp_model_specific","db6cb901415724b9f55892557a81f2cbcc3e7f91cf2f712ea45b7b9a2b1eb5a5","b1d5697d50014504fea8964eae8d6ad099291a4087058c07ada854c160fad766",41,6,60,"SA_hamming_foldover","Hamming","Hamming",NA,"hamming",NA,TRUE,60,30,16,643886133,643886133,1,1047671213,"a22a11de7069edda092243abc81ca54ec21bec0836661a98cb3d3953da58a583","6aa5537016e57ca7f7cd2ac8778b4faf9c2b76bfe2aa282a0dbdb0de298832f4","bf58587a049d947c58a79b1669992f8af33ebdaf06f37d1474cd42a845056122","95a229943aafd0b0db545cd495baf624b0d3ebf5ce515d3e3fd72b642879962f",6000,6000,TRUE,1,5510,490,0,5494,2714,TRUE,TRUE,1,65.6971751412429,0,0.964390396008731,0.482195198004366,0.0666666666666667,0.333333333333333,0.169030850945703
"29_pwo_gp_model_specific","db6cb901415724b9f55892557a81f2cbcc3e7f91cf2f712ea45b7b9a2b1eb5a5","b1d5697d50014504fea8964eae8d6ad099291a4087058c07ada854c160fad766",41,6,60,"SA_l2_position_foldover","L2","L2",NA,"l2","component_position",TRUE,60,30,16,643886133,643886133,1,1047671213,"a22a11de7069edda092243abc81ca54ec21bec0836661a98cb3d3953da58a583","6aa5537016e57ca7f7cd2ac8778b4faf9c2b76bfe2aa282a0dbdb0de298832f4","2c7d5a0b5a65d004bdc20e69a7fc72d22c405b46c7d31446896814584cb93383","172fdeb38dc550f76137f82e032e3af68b99ab6e14072b7ce730a8cb15328f6e",6000,6000,TRUE,1,5623,377,1,4399,2,TRUE,TRUE,2,65.516384180791,0.166666666666667,0.969379482382289,0.568023074524478,0.133333333333333,0.333333333333333,0.239045721866879
"29_pwo_gp_model_specific","db6cb901415724b9f55892557a81f2cbcc3e7f91cf2f712ea45b7b9a2b1eb5a5","b1d5697d50014504fea8964eae8d6ad099291a4087058c07ada854c160fad766",41,6,60,"random_foldover","RandomFoldover","Random foldover",NA,"none",NA,TRUE,60,30,16,643886133,643886133,1,1047671213,"a22a11de7069edda092243abc81ca54ec21bec0836661a98cb3d3953da58a583","6aa5537016e57ca7f7cd2ac8778b4faf9c2b76bfe2aa282a0dbdb0de298832f4","bceb49e031ee4d9dd5a0ecae92cf5b56702f7b789eec5afe090ed3113bbe6028","7b64e839d8b9c22be94530fef8605294e35d770c8200f7a5b834f1c7f29572f0",0,6000,NA,0,0,0,0,0,0,TRUE,TRUE,1,65.6564971751412,0,0.965512940442782,0.482756470221391,0.0666666666666667,0.333333333333333,0.169030850945703
"29_pwo_gp_model_specific","db6cb901415724b9f55892557a81f2cbcc3e7f91cf2f712ea45b7b9a2b1eb5a5","b1d5697d50014504fea8964eae8d6ad099291a4087058c07ada854c160fad766",42,6,48,"FSA_lambda050","FSA_lambda050","FSA-KD (lambda=0.5)",0.5,"phi",NA,TRUE,48,24,16,72871020,72871020,1,476656100,"a613b6ce075735b7c8fbca437a30501c2f0021321f2b893051acaaf1dc782b4f","f45f896fe335c2632929815325bc7fdf065d98cc802f2d2449483dc20fddc8c5","b5446c4b30be84a5fa0d8dcab0bb636d11f29afbe95e2f0f55bfcbcc3d60866e","2d8d4a98c4812ae4277eb76b3934d7d3b7e6f72202ff34e611476c21985d6153",6000,6000,TRUE,1,5634,366,0,2016,998,TRUE,TRUE,3,64.8723404255319,0.333333333333333,0.994755244755245,0.664044289044289,0.2,0.333333333333333,0.29277002188456
"29_pwo_gp_model_specific","db6cb901415724b9f55892557a81f2cbcc3e7f91cf2f712ea45b7b9a2b1eb5a5","b1d5697d50014504fea8964eae8d6ad099291a4087058c07ada854c160fad766",42,6,48,"SA_hamming_foldover","Hamming","Hamming",NA,"hamming",NA,TRUE,48,24,16,72871020,72871020,1,476656100,"a613b6ce075735b7c8fbca437a30501c2f0021321f2b893051acaaf1dc782b4f","f45f896fe335c2632929815325bc7fdf065d98cc802f2d2449483dc20fddc8c5","747037f31661bdc72be353ff6107491d8c85815b69e5cd8a72df480aede9d39d","d77aec322e89fafa39ad0426366625398e37cfcbac4b04411a22472593d35ec5",6000,6000,TRUE,1,5593,407,8,5580,2723,TRUE,TRUE,2,66.0212765957447,0.166666666666667,0.963286713286713,0.56497668997669,0.133333333333333,0.333333333333333,0.239045721866879
"29_pwo_gp_model_specific","db6cb901415724b9f55892557a81f2cbcc3e7f91cf2f712ea45b7b9a2b1eb5a5","b1d5697d50014504fea8964eae8d6ad099291a4087058c07ada854c160fad766",42,6,48,"SA_l2_position_foldover","L2","L2",NA,"l2","component_position",TRUE,48,24,16,72871020,72871020,1,476656100,"a613b6ce075735b7c8fbca437a30501c2f0021321f2b893051acaaf1dc782b4f","f45f896fe335c2632929815325bc7fdf065d98cc802f2d2449483dc20fddc8c5","0049f29992c5bdc8d0429613cd8b558aeeb72a99695cc1906a16c5837cc699c7","f77bcdff35ad42a7563b571e62c5b592c01ab7d2f462ed1ef7d3589c5f727fab",6000,6000,TRUE,1,5716,284,3,3531,8,TRUE,TRUE,2,65.5531914893617,0.166666666666667,0.976107226107226,0.571386946386946,0.133333333333333,0.333333333333333,0.29277002188456
"29_pwo_gp_model_specific","db6cb901415724b9f55892557a81f2cbcc3e7f91cf2f712ea45b7b9a2b1eb5a5","b1d5697d50014504fea8964eae8d6ad099291a4087058c07ada854c160fad766",42,6,48,"random_foldover","RandomFoldover","Random foldover",NA,"none",NA,TRUE,48,24,16,72871020,72871020,1,476656100,"a613b6ce075735b7c8fbca437a30501c2f0021321f2b893051acaaf1dc782b4f","f45f896fe335c2632929815325bc7fdf065d98cc802f2d2449483dc20fddc8c5","a861d2468827aa7133b54c7dd55bb804466314934f072efb0906ab00c7946a1c","3856432115b746f2c5bdfea349580eba0c29c8adb865993e00af8b8023e8d8ff",0,6000,NA,0,0,0,0,0,0,TRUE,TRUE,1,65.7730496453901,0,0.97008547008547,0.485042735042735,0.0666666666666667,0.333333333333333,0.169030850945703
"29_pwo_gp_model_specific","db6cb901415724b9f55892557a81f2cbcc3e7f91cf2f712ea45b7b9a2b1eb5a5","b1d5697d50014504fea8964eae8d6ad099291a4087058c07ada854c160fad766",42,6,60,"FSA_lambda050","FSA_lambda050","FSA-KD (lambda=0.5)",0.5,"phi",NA,TRUE,60,30,16,643886134,643886134,1,1047671214,"65b415460bbad1900245e531996f7a36dbc60a27b077fdfcdf6c8a83d183473a","4f255c42da07c2ab75519f2ea92c0891f32c9b3d785c5de0879b499a7aca2a36","a1a5d4eefe7073c47db5477378870f46382924e5d735b0c1d91d4d50ed2c2b2b","b01f12f1b3237078c8ac6b7b46602a074928c05757b4b6210af7a5036404f136",6000,6000,TRUE,1,5580,420,0,2158,1062,TRUE,TRUE,2,64.535593220339,0.166666666666667,0.99644527595884,0.581555971312753,0.133333333333333,0.333333333333333,0.239045721866879
"29_pwo_gp_model_specific","db6cb901415724b9f55892557a81f2cbcc3e7f91cf2f712ea45b7b9a2b1eb5a5","b1d5697d50014504fea8964eae8d6ad099291a4087058c07ada854c160fad766",42,6,60,"SA_hamming_foldover","Hamming","Hamming",NA,"hamming",NA,TRUE,60,30,16,643886134,643886134,1,1047671214,"65b415460bbad1900245e531996f7a36dbc60a27b077fdfcdf6c8a83d183473a","4f255c42da07c2ab75519f2ea92c0891f32c9b3d785c5de0879b499a7aca2a36","302e05e8e2aa5e252631cc3be93359fea67d8ae4a2a0482ee7c2642462c55d23","a6ef7180fd06111c723e7548304f4fcfb08c2ddf5b7ea60b475c2aea7d34c787",6000,6000,TRUE,1,5529,471,0,5511,2682,TRUE,TRUE,1,65.5118644067797,0,0.969504209541628,0.484752104770814,0.0666666666666667,0.333333333333333,0.169030850945703
"29_pwo_gp_model_specific","db6cb901415724b9f55892557a81f2cbcc3e7f91cf2f712ea45b7b9a2b1eb5a5","b1d5697d50014504fea8964eae8d6ad099291a4087058c07ada854c160fad766",42,6,60,"SA_l2_position_foldover","L2","L2",NA,"l2","component_position",TRUE,60,30,16,643886134,643886134,1,1047671214,"65b415460bbad1900245e531996f7a36dbc60a27b077fdfcdf6c8a83d183473a","4f255c42da07c2ab75519f2ea92c0891f32c9b3d785c5de0879b499a7aca2a36","6eca95c9aa0ac80d7fb2c4bd039ddff2ba23527a1897e703d9f2d205629975d5","6ce75ddca7dfab40a76c9cb8e92c79564c75c36ba6c3f60cf08d23175cda55ef",6000,6000,TRUE,1,5599,401,0,4250,1,TRUE,TRUE,2,65.3265536723164,0.166666666666667,0.974618023074525,0.570642344870596,0.133333333333333,0.333333333333333,0.239045721866879
"29_pwo_gp_model_specific","db6cb901415724b9f55892557a81f2cbcc3e7f91cf2f712ea45b7b9a2b1eb5a5","b1d5697d50014504fea8964eae8d6ad099291a4087058c07ada854c160fad766",42,6,60,"random_foldover","RandomFoldover","Random foldover",NA,"none",NA,TRUE,60,30,16,643886134,643886134,1,1047671214,"65b415460bbad1900245e531996f7a36dbc60a27b077fdfcdf6c8a83d183473a","4f255c42da07c2ab75519f2ea92c0891f32c9b3d785c5de0879b499a7aca2a36","da310604c8c65288388eb648a46c3ea36e98e7d64409bbdd32985a330f03e832","9e04a839e63a95f6a1236be599578c051edeac11474c3204df276b30993c8993",0,6000,NA,0,0,0,0,0,0,TRUE,TRUE,1,66.0361581920904,0,0.95503585905831,0.477517929529155,0.0666666666666667,0.333333333333333,0.169030850945703
"29_pwo_gp_model_specific","db6cb901415724b9f55892557a81f2cbcc3e7f91cf2f712ea45b7b9a2b1eb5a5","b1d5697d50014504fea8964eae8d6ad099291a4087058c07ada854c160fad766",43,6,48,"FSA_lambda050","FSA_lambda050","FSA-KD (lambda=0.5)",0.5,"phi",NA,TRUE,48,24,16,72871021,72871021,1,476656101,"33f29d7a04b77a2088510d5e3941a530ffade7007aade870ec6808c27b0a244a","cabe05d3dbcd6ebf15e31795adab9fb1c60acecb8716172450f6fa4ae521cba0","89dc5a5d6ca11fb5501b8dfa98dc9d559d45ff80c017733852428021be4c4e7a","2c3149d9fc3199d559c8cfd705e0d7f4dee535d3ca6db9eb502786391622fead",6000,6000,TRUE,1,5723,277,1,2007,983,TRUE,TRUE,3,64.8510638297872,0.333333333333333,0.995337995337995,0.664335664335664,0.2,0.333333333333333,0.29277002188456
"29_pwo_gp_model_specific","db6cb901415724b9f55892557a81f2cbcc3e7f91cf2f712ea45b7b9a2b1eb5a5","b1d5697d50014504fea8964eae8d6ad099291a4087058c07ada854c160fad766",43,6,48,"SA_hamming_foldover","Hamming","Hamming",NA,"hamming",NA,TRUE,48,24,16,72871021,72871021,1,476656101,"33f29d7a04b77a2088510d5e3941a530ffade7007aade870ec6808c27b0a244a","cabe05d3dbcd6ebf15e31795adab9fb1c60acecb8716172450f6fa4ae521cba0","f04d9d001f4586d53fed3d0ff268d4a3b22a9c7baa49c9f142328aa59f28ed89","d3a51df7f6d1098729ba30a6bb026fe6f652913c4815a3283b70de1251bd5e80",6000,6000,TRUE,1,5605,395,4,5590,2731,TRUE,TRUE,2,65.9078014184397,0.166666666666667,0.966394716394717,0.566530691530692,0.133333333333333,0.333333333333333,0.239045721866879
"29_pwo_gp_model_specific","db6cb901415724b9f55892557a81f2cbcc3e7f91cf2f712ea45b7b9a2b1eb5a5","b1d5697d50014504fea8964eae8d6ad099291a4087058c07ada854c160fad766",43,6,48,"SA_l2_position_foldover","L2","L2",NA,"l2","component_position",TRUE,48,24,16,72871021,72871021,1,476656101,"33f29d7a04b77a2088510d5e3941a530ffade7007aade870ec6808c27b0a244a","cabe05d3dbcd6ebf15e31795adab9fb1c60acecb8716172450f6fa4ae521cba0","afb9479e04300f82f830b6c051d8683aa44e913ed732340c5d360212aad64cbe","054b428dc7e0ce4bfdc342697e333303764084dd7662fe77f61ef26a49815ef8",6000,6000,TRUE,1,5737,263,0,4065,11,TRUE,TRUE,2,65.3617021276596,0.166666666666667,0.981351981351982,0.574009324009324,0.133333333333333,0.333333333333333,0.29277002188456
"29_pwo_gp_model_specific","db6cb901415724b9f55892557a81f2cbcc3e7f91cf2f712ea45b7b9a2b1eb5a5","b1d5697d50014504fea8964eae8d6ad099291a4087058c07ada854c160fad766",43,6,48,"random_foldover","RandomFoldover","Random foldover",NA,"none",NA,TRUE,48,24,16,72871021,72871021,1,476656101,"33f29d7a04b77a2088510d5e3941a530ffade7007aade870ec6808c27b0a244a","cabe05d3dbcd6ebf15e31795adab9fb1c60acecb8716172450f6fa4ae521cba0","af7798739039028cbd1d9af1fdd442a22daed8e5c1db41e0a7adb8a3683f0f3c","d5084d5d28737f3e10e17e43e59b9d1d7c5f2d480edacc54701e6cc5448e9677",0,6000,NA,0,0,0,0,0,0,TRUE,TRUE,1,66.7943262411348,0,0.942113442113442,0.471056721056721,0.0666666666666667,0.333333333333333,0.169030850945703
"29_pwo_gp_model_specific","db6cb901415724b9f55892557a81f2cbcc3e7f91cf2f712ea45b7b9a2b1eb5a5","b1d5697d50014504fea8964eae8d6ad099291a4087058c07ada854c160fad766",43,6,60,"FSA_lambda050","FSA_lambda050","FSA-KD (lambda=0.5)",0.5,"phi",NA,TRUE,60,30,16,643886135,643886135,1,1047671215,"07d8d86c5fb0ee08f9e71b5a66f4cb35f69d0b49ba93028827a8be9cf637c17b","55c24bad67374cbf6fc50e67df4fb3f24d9744df925211c6aca72bbef0f3606a","e0f46c8146e920562b2d77032f1fff973ef90f6047a11201fd61b6d77a256be3","78dd247378e3342d528920c7980327dc0bbe673061e06223a036e6ec2c7d0c76",6000,6000,TRUE,1,5577,423,1,2095,1012,TRUE,TRUE,2,64.5220338983051,0.166666666666667,0.996819457436857,0.581743062051762,0.133333333333333,0.333333333333333,0.239045721866879
"29_pwo_gp_model_specific","db6cb901415724b9f55892557a81f2cbcc3e7f91cf2f712ea45b7b9a2b1eb5a5","b1d5697d50014504fea8964eae8d6ad099291a4087058c07ada854c160fad766",43,6,60,"SA_hamming_foldover","Hamming","Hamming",NA,"hamming",NA,TRUE,60,30,16,643886135,643886135,1,1047671215,"07d8d86c5fb0ee08f9e71b5a66f4cb35f69d0b49ba93028827a8be9cf637c17b","55c24bad67374cbf6fc50e67df4fb3f24d9744df925211c6aca72bbef0f3606a","83d03d361852b3ef8ffac06848c0438694a8c37bc83917420bccdac7bd9fe76f","c77b254ddad036fdb26497ab90df61d7b93d0243c49ff54aefa9ff77cbdc8774",6000,6000,TRUE,1,5508,492,0,5501,2681,TRUE,TRUE,1,65.638418079096,0,0.966011849080137,0.483005924540069,0.0666666666666667,0.333333333333333,0.169030850945703
"29_pwo_gp_model_specific","db6cb901415724b9f55892557a81f2cbcc3e7f91cf2f712ea45b7b9a2b1eb5a5","b1d5697d50014504fea8964eae8d6ad099291a4087058c07ada854c160fad766",43,6,60,"SA_l2_position_foldover","L2","L2",NA,"l2","component_position",TRUE,60,30,16,643886135,643886135,1,1047671215,"07d8d86c5fb0ee08f9e71b5a66f4cb35f69d0b49ba93028827a8be9cf637c17b","55c24bad67374cbf6fc50e67df4fb3f24d9744df925211c6aca72bbef0f3606a","5b1bf5da6f08815a4bda9accfc34401b0e0cbfe9dff582491b7159b9f757fb44","ffb762a04c42b58c5fba90c782ca856d0aff3eb1169afa811d7e9527c720f088",6000,6000,TRUE,1,5611,389,0,4376,1,TRUE,TRUE,2,65.1412429378531,0.166666666666667,0.979731836607421,0.573199251637044,0.133333333333333,0.333333333333333,0.239045721866879
"29_pwo_gp_model_specific","db6cb901415724b9f55892557a81f2cbcc3e7f91cf2f712ea45b7b9a2b1eb5a5","b1d5697d50014504fea8964eae8d6ad099291a4087058c07ada854c160fad766",43,6,60,"random_foldover","RandomFoldover","Random foldover",NA,"none",NA,TRUE,60,30,16,643886135,643886135,1,1047671215,"07d8d86c5fb0ee08f9e71b5a66f4cb35f69d0b49ba93028827a8be9cf637c17b","55c24bad67374cbf6fc50e67df4fb3f24d9744df925211c6aca72bbef0f3606a","553c9957a5826cb3b90b3fcbf25571de93c834d13d71d3ed14e3c7a414c94dc9","9bbd5bbcce18b2865ad94eb80ee9824bf535a5b9368d22ff751b2de1976a6cce",0,6000,NA,0,0,0,0,0,0,TRUE,TRUE,1,66.225988700565,0,0.949797318366075,0.474898659183037,0.0666666666666667,0.333333333333333,0.169030850945703
"29_pwo_gp_model_specific","db6cb901415724b9f55892557a81f2cbcc3e7f91cf2f712ea45b7b9a2b1eb5a5","b1d5697d50014504fea8964eae8d6ad099291a4087058c07ada854c160fad766",44,6,48,"FSA_lambda050","FSA_lambda050","FSA-KD (lambda=0.5)",0.5,"phi",NA,TRUE,48,24,16,72871022,72871022,1,476656102,"f43a17fa50735369ec66768af5ef99316c93f4b033066ae6a7c08f7e7df94e32","a54f8b27aff59796ec7a07caae187da911220e559108d8dd432ca35c8f3ffd01","1535ec80353e1b329308b1d1f4e85c329f528d92adcdd4d349f07109677ea6b9","597f55ba639200c78f3b966f2866a9339e83b0c0978391e32b5e116e9d99f9de",6000,6000,TRUE,1,5754,246,1,2091,1033,TRUE,TRUE,2,64.8652482269504,0.166666666666667,0.994949494949495,0.580808080808081,0.133333333333333,0.333333333333333,0.239045721866879
"29_pwo_gp_model_specific","db6cb901415724b9f55892557a81f2cbcc3e7f91cf2f712ea45b7b9a2b1eb5a5","b1d5697d50014504fea8964eae8d6ad099291a4087058c07ada854c160fad766",44,6,48,"SA_hamming_foldover","Hamming","Hamming",NA,"hamming",NA,TRUE,48,24,16,72871022,72871022,1,476656102,"f43a17fa50735369ec66768af5ef99316c93f4b033066ae6a7c08f7e7df94e32","a54f8b27aff59796ec7a07caae187da911220e559108d8dd432ca35c8f3ffd01","23342e085d14582ad7c3a391f35ae0b037f3a533bdb9b2dc51149342da2e0a61","9c499efa877d9a12ddb461c1b05fca83ca982d14d80aa3b6387c9356d46070c8",6000,6000,TRUE,1,5612,388,5,5597,2711,TRUE,TRUE,2,65.6524822695036,0.166666666666667,0.973387723387723,0.570027195027195,0.133333333333333,0.333333333333333,0.239045721866879
"29_pwo_gp_model_specific","db6cb901415724b9f55892557a81f2cbcc3e7f91cf2f712ea45b7b9a2b1eb5a5","b1d5697d50014504fea8964eae8d6ad099291a4087058c07ada854c160fad766",44,6,48,"SA_l2_position_foldover","L2","L2",NA,"l2","component_position",TRUE,48,24,16,72871022,72871022,1,476656102,"f43a17fa50735369ec66768af5ef99316c93f4b033066ae6a7c08f7e7df94e32","a54f8b27aff59796ec7a07caae187da911220e559108d8dd432ca35c8f3ffd01","4c7ff392b7f7b1755cdcc457500e22fdff7243e039f211d5deec4582fb27f1c0","0d8fc40d2e840ed995079c74181c5a5275881234a662914012f79d1da1d96210",6000,6000,TRUE,1,5703,297,2,3612,11,TRUE,TRUE,2,65.4751773049645,0.166666666666667,0.978243978243979,0.572455322455323,0.133333333333333,0.333333333333333,0.29277002188456
"29_pwo_gp_model_specific","db6cb901415724b9f55892557a81f2cbcc3e7f91cf2f712ea45b7b9a2b1eb5a5","b1d5697d50014504fea8964eae8d6ad099291a4087058c07ada854c160fad766",44,6,48,"random_foldover","RandomFoldover","Random foldover",NA,"none",NA,TRUE,48,24,16,72871022,72871022,1,476656102,"f43a17fa50735369ec66768af5ef99316c93f4b033066ae6a7c08f7e7df94e32","a54f8b27aff59796ec7a07caae187da911220e559108d8dd432ca35c8f3ffd01","711f380298bddc43e8db6cab7d6ed998bb7636c53c296999cccacad566367bd3","8081d862ca55fc88d3db04d1031cd6c8909f66dcc79b5c94a4717bf40552f373",0,6000,NA,0,0,0,0,0,0,TRUE,TRUE,1,66.8439716312057,0,0.940753690753691,0.470376845376845,0.0666666666666667,0.333333333333333,0.169030850945703
"29_pwo_gp_model_specific","db6cb901415724b9f55892557a81f2cbcc3e7f91cf2f712ea45b7b9a2b1eb5a5","b1d5697d50014504fea8964eae8d6ad099291a4087058c07ada854c160fad766",44,6,60,"FSA_lambda050","FSA_lambda050","FSA-KD (lambda=0.5)",0.5,"phi",NA,TRUE,60,30,16,643886136,643886136,1,1047671216,"b4305c65895ca0339b54aaf537a6e7fb17c0131a4a035c66290fd669681a51eb","2514bff3ab1a486167c0637dcc1dc1d31dcf6a0625d3b6190b090ebb7d7f3007","5e440d7b626d9616ba1185a8ce112a349a142ed4c5e95eea17bcfbf3554efe17","ea175263b902894ebc7e416b0095adbd78d3703a944eb7f8dfd729b38fe2ed15",6000,6000,TRUE,1,5529,471,1,2276,1110,TRUE,TRUE,2,64.5129943502825,0.166666666666667,0.997068911755535,0.581867789211101,0.133333333333333,0.333333333333333,0.239045721866879
"29_pwo_gp_model_specific","db6cb901415724b9f55892557a81f2cbcc3e7f91cf2f712ea45b7b9a2b1eb5a5","b1d5697d50014504fea8964eae8d6ad099291a4087058c07ada854c160fad766",44,6,60,"SA_hamming_foldover","Hamming","Hamming",NA,"hamming",NA,TRUE,60,30,16,643886136,643886136,1,1047671216,"b4305c65895ca0339b54aaf537a6e7fb17c0131a4a035c66290fd669681a51eb","2514bff3ab1a486167c0637dcc1dc1d31dcf6a0625d3b6190b090ebb7d7f3007","289cd275749d8c407530df3ca2a55ef06c21adbb0f72f912b21c0d117cb3e77e","6db315155c71861e965de4d3a20a6ddd6b7cc48619a760d855e7aec4a80a4250",6000,6000,TRUE,1,5538,462,1,5531,2706,TRUE,TRUE,1,65.6881355932203,0,0.964639850327409,0.482319925163704,0.0666666666666667,0.333333333333333,0.169030850945703
"29_pwo_gp_model_specific","db6cb901415724b9f55892557a81f2cbcc3e7f91cf2f712ea45b7b9a2b1eb5a5","b1d5697d50014504fea8964eae8d6ad099291a4087058c07ada854c160fad766",44,6,60,"SA_l2_position_foldover","L2","L2",NA,"l2","component_position",TRUE,60,30,16,643886136,643886136,1,1047671216,"b4305c65895ca0339b54aaf537a6e7fb17c0131a4a035c66290fd669681a51eb","2514bff3ab1a486167c0637dcc1dc1d31dcf6a0625d3b6190b090ebb7d7f3007","76eceb31f8c87c5717375407109f4d893f36ef3d8a295ea31df0a6bca6739c64","a57d4e4bf7dfd15270eaa0f1ac5b7adb02bc88db13074952fcfb58f9af767182",6000,6000,TRUE,1,5558,442,1,5390,1,TRUE,TRUE,2,65.2497175141243,0.166666666666667,0.976738384783287,0.571702525724977,0.133333333333333,0.333333333333333,0.239045721866879
"29_pwo_gp_model_specific","db6cb901415724b9f55892557a81f2cbcc3e7f91cf2f712ea45b7b9a2b1eb5a5","b1d5697d50014504fea8964eae8d6ad099291a4087058c07ada854c160fad766",44,6,60,"random_foldover","RandomFoldover","Random foldover",NA,"none",NA,TRUE,60,30,16,643886136,643886136,1,1047671216,"b4305c65895ca0339b54aaf537a6e7fb17c0131a4a035c66290fd669681a51eb","2514bff3ab1a486167c0637dcc1dc1d31dcf6a0625d3b6190b090ebb7d7f3007","6e9a2b3da955f7b74361c4f47b395d4b4e5729ff49cbdadc365e54e59498948c","b238b6ed9a9941232915557f5180b6ba6c96569196745c1e04c345c725840945",0,6000,NA,0,0,0,0,0,0,TRUE,TRUE,1,66.1988700564972,0,0.950545681322108,0.475272840661054,0.0666666666666667,0.333333333333333,0.169030850945703
"29_pwo_gp_model_specific","db6cb901415724b9f55892557a81f2cbcc3e7f91cf2f712ea45b7b9a2b1eb5a5","b1d5697d50014504fea8964eae8d6ad099291a4087058c07ada854c160fad766",45,6,48,"FSA_lambda050","FSA_lambda050","FSA-KD (lambda=0.5)",0.5,"phi",NA,TRUE,48,24,16,72871023,72871023,1,476656103,"c4ecef4c9d60e7a189846dd6e7dc476aa68851245f94611460da6f97b0a68c11","13ea4c0d8746ef0650dde339739b1bde9af7fa693fd1e0f8cf489a5efabe0d48","88a14e57e7f02cd00a4cdaf63728852904d4b150293e5183242353c97e361fb1","784fae0bf1b08a051b87ffe89a72cbf2b450f0f07fb981a5a615ebaa095802c6",6000,6000,TRUE,1,5624,376,3,2155,1035,TRUE,TRUE,2,64.8652482269504,0.166666666666667,0.994949494949495,0.580808080808081,0.133333333333333,0.333333333333333,0.239045721866879
"29_pwo_gp_model_specific","db6cb901415724b9f55892557a81f2cbcc3e7f91cf2f712ea45b7b9a2b1eb5a5","b1d5697d50014504fea8964eae8d6ad099291a4087058c07ada854c160fad766",45,6,48,"SA_hamming_foldover","Hamming","Hamming",NA,"hamming",NA,TRUE,48,24,16,72871023,72871023,1,476656103,"c4ecef4c9d60e7a189846dd6e7dc476aa68851245f94611460da6f97b0a68c11","13ea4c0d8746ef0650dde339739b1bde9af7fa693fd1e0f8cf489a5efabe0d48","9bb96a073436537f164b3947402c51e51cc07a82c0bf12b37d0d67da4edf96d4","9f4a0b78b6a543cfc1fc0d8548821ad56bbd9397ab2bb7d632b1ba99d4bc713b",6000,6000,TRUE,1,5606,394,9,5587,2736,TRUE,TRUE,2,67.5673758865248,0.166666666666667,0.920940170940171,0.543803418803419,0.133333333333333,0.333333333333333,0.239045721866879
"29_pwo_gp_model_specific","db6cb901415724b9f55892557a81f2cbcc3e7f91cf2f712ea45b7b9a2b1eb5a5","b1d5697d50014504fea8964eae8d6ad099291a4087058c07ada854c160fad766",45,6,48,"SA_l2_position_foldover","L2","L2",NA,"l2","component_position",TRUE,48,24,16,72871023,72871023,1,476656103,"c4ecef4c9d60e7a189846dd6e7dc476aa68851245f94611460da6f97b0a68c11","13ea4c0d8746ef0650dde339739b1bde9af7fa693fd1e0f8cf489a5efabe0d48","9407c8f103068efd1701e8f5ad6906f218a5ee9b5a0e46f3565162b8c4eb5857","a16881244df83fb35df6ce42c5d01ee322754799b3c397f2db89a407b26c3c31",6000,6000,TRUE,1,5724,276,4,3499,10,TRUE,TRUE,2,65.7801418439716,0.166666666666667,0.96989121989122,0.568278943278943,0.133333333333333,0.333333333333333,0.29277002188456
"29_pwo_gp_model_specific","db6cb901415724b9f55892557a81f2cbcc3e7f91cf2f712ea45b7b9a2b1eb5a5","b1d5697d50014504fea8964eae8d6ad099291a4087058c07ada854c160fad766",45,6,48,"random_foldover","RandomFoldover","Random foldover",NA,"none",NA,TRUE,48,24,16,72871023,72871023,1,476656103,"c4ecef4c9d60e7a189846dd6e7dc476aa68851245f94611460da6f97b0a68c11","13ea4c0d8746ef0650dde339739b1bde9af7fa693fd1e0f8cf489a5efabe0d48","958d2186e51a72a85714be3929ade440dccabf6444ffd47f0fe570235b708cac","c84af43ba0a39a5afee3c2054f64121da85693a094c1843559a9627d9a2567c6",0,6000,NA,0,0,0,0,0,0,TRUE,TRUE,1,66.5744680851064,0,0.948135198135198,0.474067599067599,0.0666666666666667,0.333333333333333,0.169030850945703
"29_pwo_gp_model_specific","db6cb901415724b9f55892557a81f2cbcc3e7f91cf2f712ea45b7b9a2b1eb5a5","b1d5697d50014504fea8964eae8d6ad099291a4087058c07ada854c160fad766",45,6,60,"FSA_lambda050","FSA_lambda050","FSA-KD (lambda=0.5)",0.5,"phi",NA,TRUE,60,30,16,643886137,643886137,1,1047671217,"456891b3ba60736cada2fbb1825a4060241a461f8a7f1cae865cb22e852b20ff","9d7bec835cb294732162db48ae8bf4e725c15a2c762a1f69ae4e9f7152bf0d08","1133a7f75cd0fa40931f413f5dbfe4dca1eaf2594f5dbdf1c96a41a19ee5ca99","89220a233c0ba4ea0dc946b2388857dfcf8f6475cd5e936e19feb5b644637528",6000,6000,TRUE,1,5582,418,1,2086,1052,TRUE,TRUE,2,64.5129943502825,0.166666666666667,0.997068911755535,0.581867789211101,0.133333333333333,0.333333333333333,0.239045721866879
"29_pwo_gp_model_specific","db6cb901415724b9f55892557a81f2cbcc3e7f91cf2f712ea45b7b9a2b1eb5a5","b1d5697d50014504fea8964eae8d6ad099291a4087058c07ada854c160fad766",45,6,60,"SA_hamming_foldover","Hamming","Hamming",NA,"hamming",NA,TRUE,60,30,16,643886137,643886137,1,1047671217,"456891b3ba60736cada2fbb1825a4060241a461f8a7f1cae865cb22e852b20ff","9d7bec835cb294732162db48ae8bf4e725c15a2c762a1f69ae4e9f7152bf0d08","a49298800621b20f9515ef07be91633382bf2c5b4f7f1b26b831c5e99605e5e4","5de79c277f74ed716288a630abe832c7feee98271a2056f89759e6e43396335b",6000,6000,TRUE,1,5521,479,2,5510,2672,TRUE,TRUE,1,65.5751412429378,0,0.967758029310883,0.483879014655441,0.0666666666666667,0.333333333333333,0.169030850945703
"29_pwo_gp_model_specific","db6cb901415724b9f55892557a81f2cbcc3e7f91cf2f712ea45b7b9a2b1eb5a5","b1d5697d50014504fea8964eae8d6ad099291a4087058c07ada854c160fad766",45,6,60,"SA_l2_position_foldover","L2","L2",NA,"l2","component_position",TRUE,60,30,16,643886137,643886137,1,1047671217,"456891b3ba60736cada2fbb1825a4060241a461f8a7f1cae865cb22e852b20ff","9d7bec835cb294732162db48ae8bf4e725c15a2c762a1f69ae4e9f7152bf0d08","762728bf426f1f4672c0788bf175a679f483c7d50fcfb4d1df6ecd57fa53fbdd","01cb83d89e81467470e58da32902bac23895e985ba5f2af32f5a11530daa55e0",6000,6000,TRUE,1,5595,405,2,4513,2,TRUE,TRUE,2,65.1774011299435,0.166666666666667,0.97873401933271,0.572700342999688,0.133333333333333,0.333333333333333,0.239045721866879
"29_pwo_gp_model_specific","db6cb901415724b9f55892557a81f2cbcc3e7f91cf2f712ea45b7b9a2b1eb5a5","b1d5697d50014504fea8964eae8d6ad099291a4087058c07ada854c160fad766",45,6,60,"random_foldover","RandomFoldover","Random foldover",NA,"none",NA,TRUE,60,30,16,643886137,643886137,1,1047671217,"456891b3ba60736cada2fbb1825a4060241a461f8a7f1cae865cb22e852b20ff","9d7bec835cb294732162db48ae8bf4e725c15a2c762a1f69ae4e9f7152bf0d08","c706b79f6acb2ffd6857915689f4d5e39df789b56cb4c05ce8e658240b505810","0825ee8f128ac591dcf99f31ff51fb84d18a6569553d11b6223069932ac01ba8",0,6000,NA,0,0,0,0,0,0,TRUE,TRUE,1,65.6429378531073,0,0.965887121920799,0.482943560960399,0.0666666666666667,0.333333333333333,0.169030850945703
"29_pwo_gp_model_specific","db6cb901415724b9f55892557a81f2cbcc3e7f91cf2f712ea45b7b9a2b1eb5a5","b1d5697d50014504fea8964eae8d6ad099291a4087058c07ada854c160fad766",46,6,48,"FSA_lambda050","FSA_lambda050","FSA-KD (lambda=0.5)",0.5,"phi",NA,TRUE,48,24,16,72871024,72871024,1,476656104,"aa9e8e793570b1af0c661838441b71b6070eed48655c221f865514a8379e18b2","832d8fc96633d3b39380429c3e7a254735a44d1339e9a17a6f490ac128131759","501fd4dfa6eb3c335734b3a62c8ac514bd3722dd9988dfcc0c05716f6d8381e7","41956f29c67b1843659f821c2cfa348348a6445870bdd916738553f6f4949f21",6000,6000,TRUE,1,5712,288,3,1944,962,TRUE,TRUE,3,64.8297872340426,0.333333333333333,0.995920745920746,0.66462703962704,0.2,0.333333333333333,0.29277002188456
"29_pwo_gp_model_specific","db6cb901415724b9f55892557a81f2cbcc3e7f91cf2f712ea45b7b9a2b1eb5a5","b1d5697d50014504fea8964eae8d6ad099291a4087058c07ada854c160fad766",46,6,48,"SA_hamming_foldover","Hamming","Hamming",NA,"hamming",NA,TRUE,48,24,16,72871024,72871024,1,476656104,"aa9e8e793570b1af0c661838441b71b6070eed48655c221f865514a8379e18b2","832d8fc96633d3b39380429c3e7a254735a44d1339e9a17a6f490ac128131759","2c92e20cd1fd357a3abfe8ede688a39dbf649600e486bbe327ca0671f462fdf7","92c04b7c8768986e3e7f766aebb4efd6f2713d972a15bc120f041c8aa5cd264e",6000,6000,TRUE,1,5637,363,8,5615,2751,TRUE,TRUE,1,66.290780141844,0,0.955905205905206,0.477952602952603,0.0666666666666667,0.333333333333333,0.169030850945703
"29_pwo_gp_model_specific","db6cb901415724b9f55892557a81f2cbcc3e7f91cf2f712ea45b7b9a2b1eb5a5","b1d5697d50014504fea8964eae8d6ad099291a4087058c07ada854c160fad766",46,6,48,"SA_l2_position_foldover","L2","L2",NA,"l2","component_position",TRUE,48,24,16,72871024,72871024,1,476656104,"aa9e8e793570b1af0c661838441b71b6070eed48655c221f865514a8379e18b2","832d8fc96633d3b39380429c3e7a254735a44d1339e9a17a6f490ac128131759","ac34f8539666093837a971f5bb21574e511971f471a4d77012b29c4c12971651","f81701533f2cb0c258cf0e2cb79fa60fd4a32f7f787c8e80a5f1bd9745d0f9a6",6000,6000,TRUE,1,5714,286,3,3342,7,TRUE,TRUE,2,65.4468085106383,0.166666666666667,0.979020979020979,0.572843822843823,0.133333333333333,0.333333333333333,0.29277002188456
"29_pwo_gp_model_specific","db6cb901415724b9f55892557a81f2cbcc3e7f91cf2f712ea45b7b9a2b1eb5a5","b1d5697d50014504fea8964eae8d6ad099291a4087058c07ada854c160fad766",46,6,48,"random_foldover","RandomFoldover","Random foldover",NA,"none",NA,TRUE,48,24,16,72871024,72871024,1,476656104,"aa9e8e793570b1af0c661838441b71b6070eed48655c221f865514a8379e18b2","832d8fc96633d3b39380429c3e7a254735a44d1339e9a17a6f490ac128131759","6af8b1f9df1e529fd7e6b9dee66532b1d2e6f0808f6b3d5a8bbbc973a29a61d3","e89e0cad12619b31b78a9d309905b6480743997ee00968f56db306b9f9da5dd9",0,6000,NA,0,0,0,0,0,0,TRUE,TRUE,1,67.2056737588652,0,0.930846930846931,0.465423465423466,0.0666666666666667,0.333333333333333,0.169030850945703
"29_pwo_gp_model_specific","db6cb901415724b9f55892557a81f2cbcc3e7f91cf2f712ea45b7b9a2b1eb5a5","b1d5697d50014504fea8964eae8d6ad099291a4087058c07ada854c160fad766",46,6,60,"FSA_lambda050","FSA_lambda050","FSA-KD (lambda=0.5)",0.5,"phi",NA,TRUE,60,30,16,643886138,643886138,1,1047671218,"03c13ab7259b28c40f6ed9de7c456aafbc67f38bde6d9a8af535c04cac0b0929","1005fa7cb15a6ebbc5a4bbc2ae041244ecc9b3f32bc8f107f1e9c27272cc8691","f2ea3616a35165fe0e6ad4977817d920124090e42ff5221a310a206596453105","c09f3363d141a65a00d94257c4515e9bad1b344347140ac9b1be08898cc9f7d1",6000,6000,TRUE,1,5691,309,0,2052,1003,TRUE,TRUE,2,64.5581920903955,0.166666666666667,0.995821640162145,0.581244153414406,0.133333333333333,0.333333333333333,0.239045721866879
"29_pwo_gp_model_specific","db6cb901415724b9f55892557a81f2cbcc3e7f91cf2f712ea45b7b9a2b1eb5a5","b1d5697d50014504fea8964eae8d6ad099291a4087058c07ada854c160fad766",46,6,60,"SA_hamming_foldover","Hamming","Hamming",NA,"hamming",NA,TRUE,60,30,16,643886138,643886138,1,1047671218,"03c13ab7259b28c40f6ed9de7c456aafbc67f38bde6d9a8af535c04cac0b0929","1005fa7cb15a6ebbc5a4bbc2ae041244ecc9b3f32bc8f107f1e9c27272cc8691","c2a0074bb6fcef6d663022b08af5add31a68f58df870e8a02409c9540175a2ff","3da7770460165a29a93ce96413cb939b726f8b4512adc1acb2bf15a798f1786c",6000,6000,TRUE,1,5529,471,0,5518,2705,TRUE,TRUE,1,65.4485875706215,0,0.971250389772373,0.485625194886187,0.0666666666666667,0.333333333333333,0.169030850945703
"29_pwo_gp_model_specific","db6cb901415724b9f55892557a81f2cbcc3e7f91cf2f712ea45b7b9a2b1eb5a5","b1d5697d50014504fea8964eae8d6ad099291a4087058c07ada854c160fad766",46,6,60,"SA_l2_position_foldover","L2","L2",NA,"l2","component_position",TRUE,60,30,16,643886138,643886138,1,1047671218,"03c13ab7259b28c40f6ed9de7c456aafbc67f38bde6d9a8af535c04cac0b0929","1005fa7cb15a6ebbc5a4bbc2ae041244ecc9b3f32bc8f107f1e9c27272cc8691","aa8a908e025f197e585b47e7fd9d4e07f696940911195a4024c687cebc14e8e2","3f7eb5383a20ff15e18251e87d39485fb8bfa7316233708b4fbbbe8b1df93f05",6000,6000,TRUE,1,5615,385,0,4536,1,TRUE,TRUE,2,65.4033898305085,0.166666666666667,0.972497661365763,0.569582164016215,0.133333333333333,0.333333333333333,0.239045721866879
"29_pwo_gp_model_specific","db6cb901415724b9f55892557a81f2cbcc3e7f91cf2f712ea45b7b9a2b1eb5a5","b1d5697d50014504fea8964eae8d6ad099291a4087058c07ada854c160fad766",46,6,60,"random_foldover","RandomFoldover","Random foldover",NA,"none",NA,TRUE,60,30,16,643886138,643886138,1,1047671218,"03c13ab7259b28c40f6ed9de7c456aafbc67f38bde6d9a8af535c04cac0b0929","1005fa7cb15a6ebbc5a4bbc2ae041244ecc9b3f32bc8f107f1e9c27272cc8691","0a6442fe012d764836f4a6a3f306c52c03a41457e7b7939011f864f66d4d7db6","5968f90ffdaed55b25821b152b99ddb1428fa93eecc31fd51f0580b42238d304",0,6000,NA,0,0,0,0,0,0,TRUE,TRUE,1,65.9186440677966,0,0.958278765201123,0.479139382600561,0.0666666666666667,0.333333333333333,0.169030850945703
"29_pwo_gp_model_specific","db6cb901415724b9f55892557a81f2cbcc3e7f91cf2f712ea45b7b9a2b1eb5a5","b1d5697d50014504fea8964eae8d6ad099291a4087058c07ada854c160fad766",47,6,48,"FSA_lambda050","FSA_lambda050","FSA-KD (lambda=0.5)",0.5,"phi",NA,TRUE,48,24,16,72871025,236036489,2,476656105,"54d2d8e47b5fa645b696f2b9b0c445e2d2a9ab5e4e82d6a01bdb01d529905ccb","97e26f1a71c2296a61647bf73bebfc52861036022eafad6481ade01905c18631","c7e5d034a975713d222ae2cb1afcc4aaff778ac9ac0928bd666b0507cbf62bdf","cbaa457a0f8cc3e7a3461d442bb74d0b290cc006793040ff6eefbf5ceba42997",6000,6000,TRUE,1,5693,307,0,2032,1024,TRUE,TRUE,2,64.7943262411348,0.166666666666667,0.996891996891997,0.581779331779332,0.133333333333333,0.333333333333333,0.239045721866879
"29_pwo_gp_model_specific","db6cb901415724b9f55892557a81f2cbcc3e7f91cf2f712ea45b7b9a2b1eb5a5","b1d5697d50014504fea8964eae8d6ad099291a4087058c07ada854c160fad766",47,6,48,"SA_hamming_foldover","Hamming","Hamming",NA,"hamming",NA,TRUE,48,24,16,72871025,236036489,2,476656105,"54d2d8e47b5fa645b696f2b9b0c445e2d2a9ab5e4e82d6a01bdb01d529905ccb","97e26f1a71c2296a61647bf73bebfc52861036022eafad6481ade01905c18631","e073a0f2ab7b386989bd160a474d9fbb9f41742d9bcc4f33af90b9fe023bef0c","961ae472a886e80ec899e12feca06988840e94be5e98b5ee000cf6aac3dc3bb3",6000,6000,TRUE,1,5629,371,5,5615,2767,TRUE,TRUE,1,66.6382978723404,0,0.946386946386946,0.473193473193473,0.0666666666666667,0.333333333333333,0.169030850945703
"29_pwo_gp_model_specific","db6cb901415724b9f55892557a81f2cbcc3e7f91cf2f712ea45b7b9a2b1eb5a5","b1d5697d50014504fea8964eae8d6ad099291a4087058c07ada854c160fad766",47,6,48,"SA_l2_position_foldover","L2","L2",NA,"l2","component_position",TRUE,48,24,16,72871025,236036489,2,476656105,"54d2d8e47b5fa645b696f2b9b0c445e2d2a9ab5e4e82d6a01bdb01d529905ccb","97e26f1a71c2296a61647bf73bebfc52861036022eafad6481ade01905c18631","4256a716e144f19bd579c93196f3c76dc42c14f6d91dc749a993ffd0ef394983","edb571a0ed2ff8682d7a2885d26b6c74d72221f50574f8d3949e5eb2306c6ae4",6000,6000,TRUE,1,5740,260,2,3638,5,TRUE,TRUE,2,65.9148936170213,0.166666666666667,0.966200466200466,0.566433566433566,0.133333333333333,0.333333333333333,0.29277002188456
"29_pwo_gp_model_specific","db6cb901415724b9f55892557a81f2cbcc3e7f91cf2f712ea45b7b9a2b1eb5a5","b1d5697d50014504fea8964eae8d6ad099291a4087058c07ada854c160fad766",47,6,48,"random_foldover","RandomFoldover","Random foldover",NA,"none",NA,TRUE,48,24,16,72871025,236036489,2,476656105,"54d2d8e47b5fa645b696f2b9b0c445e2d2a9ab5e4e82d6a01bdb01d529905ccb","97e26f1a71c2296a61647bf73bebfc52861036022eafad6481ade01905c18631","5a3ad3c8d9c978470b1bc341ec62653aa36934948e3efeb8c183e7724d76e7fb","66d92578fa0cf61533e8d119577550c5230682be3071172327250bb879a33673",0,6000,NA,0,0,0,0,0,0,TRUE,TRUE,1,67.0425531914894,0,0.935314685314685,0.467657342657343,0.0666666666666667,0.333333333333333,0.169030850945703
"29_pwo_gp_model_specific","db6cb901415724b9f55892557a81f2cbcc3e7f91cf2f712ea45b7b9a2b1eb5a5","b1d5697d50014504fea8964eae8d6ad099291a4087058c07ada854c160fad766",47,6,60,"FSA_lambda050","FSA_lambda050","FSA-KD (lambda=0.5)",0.5,"phi",NA,TRUE,60,30,16,643886139,643886139,1,1047671219,"c582bf8647a3bdc1f18e7808b499bcc5460cba6a6fe611fda7623fb613138fac","edc261f6e848a39f6faa7e255f3efab3f13b3e9215f6366b2842d801ad5bcc05","a460b2cd65049f5541cd04e1fcebe9a88c21da5e7458a67893c11bea12be652d","b40414498e551e9cdebde02216c6adb0d529e1f0a9decf80b29d37210031b033",6000,6000,TRUE,1,5616,384,0,2040,997,TRUE,TRUE,2,64.535593220339,0.166666666666667,0.99644527595884,0.581555971312753,0.133333333333333,0.333333333333333,0.239045721866879
"29_pwo_gp_model_specific","db6cb901415724b9f55892557a81f2cbcc3e7f91cf2f712ea45b7b9a2b1eb5a5","b1d5697d50014504fea8964eae8d6ad099291a4087058c07ada854c160fad766",47,6,60,"SA_hamming_foldover","Hamming","Hamming",NA,"hamming",NA,TRUE,60,30,16,643886139,643886139,1,1047671219,"c582bf8647a3bdc1f18e7808b499bcc5460cba6a6fe611fda7623fb613138fac","edc261f6e848a39f6faa7e255f3efab3f13b3e9215f6366b2842d801ad5bcc05","8a3a3b50058490bec7a81598dcf7c998e29e04d71258341d8dd778fe69b4a414","f2a1dcef14cd123bd72953d799a1513d0732ba67423752b32639e7466d0032e6",6000,6000,TRUE,1,5517,483,0,5494,2679,TRUE,TRUE,1,65.8508474576271,0,0.960149672591207,0.480074836295603,0.0666666666666667,0.333333333333333,0.169030850945703
"29_pwo_gp_model_specific","db6cb901415724b9f55892557a81f2cbcc3e7f91cf2f712ea45b7b9a2b1eb5a5","b1d5697d50014504fea8964eae8d6ad099291a4087058c07ada854c160fad766",47,6,60,"SA_l2_position_foldover","L2","L2",NA,"l2","component_position",TRUE,60,30,16,643886139,643886139,1,1047671219,"c582bf8647a3bdc1f18e7808b499bcc5460cba6a6fe611fda7623fb613138fac","edc261f6e848a39f6faa7e255f3efab3f13b3e9215f6366b2842d801ad5bcc05","31be7eaf358af9b74ca22ab8e2af34cf19f8bc139a4387f1fecf934dd093d7aa","4253a7bd0ae1d0dfffdf651db494dbcde38c91f8c77677cf9d18d307e796ab96",6000,6000,TRUE,1,5552,448,0,5172,1,TRUE,TRUE,2,65.2497175141243,0.166666666666667,0.976738384783287,0.571702525724977,0.133333333333333,0.333333333333333,0.239045721866879
"29_pwo_gp_model_specific","db6cb901415724b9f55892557a81f2cbcc3e7f91cf2f712ea45b7b9a2b1eb5a5","b1d5697d50014504fea8964eae8d6ad099291a4087058c07ada854c160fad766",47,6,60,"random_foldover","RandomFoldover","Random foldover",NA,"none",NA,TRUE,60,30,16,643886139,643886139,1,1047671219,"c582bf8647a3bdc1f18e7808b499bcc5460cba6a6fe611fda7623fb613138fac","edc261f6e848a39f6faa7e255f3efab3f13b3e9215f6366b2842d801ad5bcc05","2c463d7b0e853c0780ed6720fd549d697c20bc198b9493ce512af6ef84fcc5bb","a15c359ec6937c49837d700959f3d14ee3bb0b43a99935ba2c5397d69daa6a77",0,6000,NA,0,0,0,0,0,0,TRUE,TRUE,1,66.0045197740113,0,0.955908949173683,0.477954474586841,0.0666666666666667,0.333333333333333,0.169030850945703
"29_pwo_gp_model_specific","db6cb901415724b9f55892557a81f2cbcc3e7f91cf2f712ea45b7b9a2b1eb5a5","b1d5697d50014504fea8964eae8d6ad099291a4087058c07ada854c160fad766",48,6,48,"FSA_lambda050","FSA_lambda050","FSA-KD (lambda=0.5)",0.5,"phi",NA,TRUE,48,24,16,72871026,72871026,1,476656106,"241166d2b9564f5bc559cd8532788120723c02b435c4a0d08314290e264e0aa2","5987e573570ff1bdb7cd6a227f58c87ce63e554f98b88c7eedce2995f32911cc","33c16ff8a3f0a6fcbbd88cccd1810853b822250cb7d65739f5e958cdf2884abd","5b5a6aef10168dd53c547d882f1402419180e42b8866385779c2bb696214a7f5",6000,6000,TRUE,1,5642,358,2,1921,936,TRUE,TRUE,2,64.8723404255319,0.166666666666667,0.994755244755245,0.580710955710956,0.133333333333333,0.333333333333333,0.29277002188456
"29_pwo_gp_model_specific","db6cb901415724b9f55892557a81f2cbcc3e7f91cf2f712ea45b7b9a2b1eb5a5","b1d5697d50014504fea8964eae8d6ad099291a4087058c07ada854c160fad766",48,6,48,"SA_hamming_foldover","Hamming","Hamming",NA,"hamming",NA,TRUE,48,24,16,72871026,72871026,1,476656106,"241166d2b9564f5bc559cd8532788120723c02b435c4a0d08314290e264e0aa2","5987e573570ff1bdb7cd6a227f58c87ce63e554f98b88c7eedce2995f32911cc","12dc468d6352616f2d2c4a800195848c56afa1cfa92a338d197f25c62f7f7bd5","323058a4516145ab1463d08c7e1d92d52f8f2dc0ec2fdafa9e96952aef9c0b3c",6000,6000,TRUE,1,5611,389,11,5590,2756,TRUE,TRUE,1,66.5957446808511,0,0.947552447552447,0.473776223776224,0.0666666666666667,0.333333333333333,0.169030850945703
"29_pwo_gp_model_specific","db6cb901415724b9f55892557a81f2cbcc3e7f91cf2f712ea45b7b9a2b1eb5a5","b1d5697d50014504fea8964eae8d6ad099291a4087058c07ada854c160fad766",48,6,48,"SA_l2_position_foldover","L2","L2",NA,"l2","component_position",TRUE,48,24,16,72871026,72871026,1,476656106,"241166d2b9564f5bc559cd8532788120723c02b435c4a0d08314290e264e0aa2","5987e573570ff1bdb7cd6a227f58c87ce63e554f98b88c7eedce2995f32911cc","8151627329c332f9b9ab5101b934a258eedab2a980a56ed033a962de72ed9c61","3d015510c7041ff62b757e1fa23d72a8a70a9268f0658557910002632f304619",6000,6000,TRUE,1,5714,286,2,3902,7,TRUE,TRUE,2,65.8014184397163,0.166666666666667,0.969308469308469,0.567987567987568,0.133333333333333,0.333333333333333,0.29277002188456
"29_pwo_gp_model_specific","db6cb901415724b9f55892557a81f2cbcc3e7f91cf2f712ea45b7b9a2b1eb5a5","b1d5697d50014504fea8964eae8d6ad099291a4087058c07ada854c160fad766",48,6,48,"random_foldover","RandomFoldover","Random foldover",NA,"none",NA,TRUE,48,24,16,72871026,72871026,1,476656106,"241166d2b9564f5bc559cd8532788120723c02b435c4a0d08314290e264e0aa2","5987e573570ff1bdb7cd6a227f58c87ce63e554f98b88c7eedce2995f32911cc","d24a9e03e1c33e6a5b9c2a4b471775d5aecf30fcda7e1380e1640a4c3c0226a1","9ff29c44a00bcdfdb52f16007100b7f431ad6a4b14013f4af8923daf6c01eed0",0,6000,NA,0,0,0,0,0,0,TRUE,TRUE,1,66.3971631205674,0,0.952991452991453,0.476495726495727,0.0666666666666667,0.333333333333333,0.169030850945703
"29_pwo_gp_model_specific","db6cb901415724b9f55892557a81f2cbcc3e7f91cf2f712ea45b7b9a2b1eb5a5","b1d5697d50014504fea8964eae8d6ad099291a4087058c07ada854c160fad766",48,6,60,"FSA_lambda050","FSA_lambda050","FSA-KD (lambda=0.5)",0.5,"phi",NA,TRUE,60,30,16,643886140,643886140,1,1047671220,"e776fc3bcc1a55462cceca925fa3893234a51d0026ee8a4ff52964fc1a4e314d","decb20ccb10dedb3a418bbdaa0bb4bbf73ccfd438ba0858667ae0e8d6aeb05ad","0c28c8fa825475662bacacef4a408e1ef3291f007601c91c76c0b6926ab69996","7120de50bef15a3cafa319cddd89e58f5eaaf7ecc5311ea77e897e7c690a9881",6000,6000,TRUE,1,5543,457,1,2058,990,TRUE,TRUE,2,64.5220338983051,0.166666666666667,0.996819457436857,0.581743062051762,0.133333333333333,0.333333333333333,0.239045721866879
"29_pwo_gp_model_specific","db6cb901415724b9f55892557a81f2cbcc3e7f91cf2f712ea45b7b9a2b1eb5a5","b1d5697d50014504fea8964eae8d6ad099291a4087058c07ada854c160fad766",48,6,60,"SA_hamming_foldover","Hamming","Hamming",NA,"hamming",NA,TRUE,60,30,16,643886140,643886140,1,1047671220,"e776fc3bcc1a55462cceca925fa3893234a51d0026ee8a4ff52964fc1a4e314d","decb20ccb10dedb3a418bbdaa0bb4bbf73ccfd438ba0858667ae0e8d6aeb05ad","9d2a3f676b6383761c2918bc5e49e014c847db7ceaf67f640f96d43f9990ede8","2bea3d2b4504544e3f046fffb74bd9a2168eea9214563e11fd009b74e4b347a4",6000,6000,TRUE,1,5562,438,1,5550,2758,TRUE,TRUE,2,65.4033898305085,0.166666666666667,0.972497661365763,0.569582164016215,0.133333333333333,0.333333333333333,0.239045721866879
"29_pwo_gp_model_specific","db6cb901415724b9f55892557a81f2cbcc3e7f91cf2f712ea45b7b9a2b1eb5a5","b1d5697d50014504fea8964eae8d6ad099291a4087058c07ada854c160fad766",48,6,60,"SA_l2_position_foldover","L2","L2",NA,"l2","component_position",TRUE,60,30,16,643886140,643886140,1,1047671220,"e776fc3bcc1a55462cceca925fa3893234a51d0026ee8a4ff52964fc1a4e314d","decb20ccb10dedb3a418bbdaa0bb4bbf73ccfd438ba0858667ae0e8d6aeb05ad","57093650918305db7c83fc80464fce91ba4b7e081648893a3bcfd0db7e603bcc","ebd1f76f344e7043fff4d850d557b89a185f497b800f3ca0c33c235a3d1cbbdd",6000,6000,TRUE,1,5625,375,0,4164,1,TRUE,TRUE,2,65.2813559322034,0.166666666666667,0.975865294667914,0.57126598066729,0.133333333333333,0.333333333333333,0.239045721866879
"29_pwo_gp_model_specific","db6cb901415724b9f55892557a81f2cbcc3e7f91cf2f712ea45b7b9a2b1eb5a5","b1d5697d50014504fea8964eae8d6ad099291a4087058c07ada854c160fad766",48,6,60,"random_foldover","RandomFoldover","Random foldover",NA,"none",NA,TRUE,60,30,16,643886140,643886140,1,1047671220,"e776fc3bcc1a55462cceca925fa3893234a51d0026ee8a4ff52964fc1a4e314d","decb20ccb10dedb3a418bbdaa0bb4bbf73ccfd438ba0858667ae0e8d6aeb05ad","9ad2e6c0905d1a99fbe7f2d355178ffb1826d0265d537b3441afe10521914574","564a1596a9b77e7c547a0f1734ea4e8f4a2ca498596f8a47af506b9c77cd78fd",0,6000,NA,0,0,0,0,0,0,TRUE,TRUE,1,66.1446327683616,0,0.952042407234176,0.476021203617088,0.0666666666666667,0.333333333333333,0.169030850945703
"29_pwo_gp_model_specific","db6cb901415724b9f55892557a81f2cbcc3e7f91cf2f712ea45b7b9a2b1eb5a5","b1d5697d50014504fea8964eae8d6ad099291a4087058c07ada854c160fad766",49,6,48,"FSA_lambda050","FSA_lambda050","FSA-KD (lambda=0.5)",0.5,"phi",NA,TRUE,48,24,16,72871027,72871027,1,476656107,"b1abb75c33cba74ed27d32b0f2526dd9e0fc8f8ca658da745d7452dff72ef145","0ce9e052fa5029db4319d18daae7d566edbc311202917b8db85ce512c4622842","3ce796aa441ffd3152bb66b33a051c9921ff0b295f7d4003a9050bf879f74e96","b08499ae7c49c1fb8d1c9b069481466fcb3fb9384cc4666b847060a79d14c948",6000,6000,TRUE,1,5619,381,1,1980,977,TRUE,TRUE,2,64.8439716312057,0.166666666666667,0.995532245532246,0.581099456099456,0.133333333333333,0.333333333333333,0.239045721866879
"29_pwo_gp_model_specific","db6cb901415724b9f55892557a81f2cbcc3e7f91cf2f712ea45b7b9a2b1eb5a5","b1d5697d50014504fea8964eae8d6ad099291a4087058c07ada854c160fad766",49,6,48,"SA_hamming_foldover","Hamming","Hamming",NA,"hamming",NA,TRUE,48,24,16,72871027,72871027,1,476656107,"b1abb75c33cba74ed27d32b0f2526dd9e0fc8f8ca658da745d7452dff72ef145","0ce9e052fa5029db4319d18daae7d566edbc311202917b8db85ce512c4622842","58200e0924305b5d9b65781f700b09718b856d7f5fdfcfe4f6f407028e33c723","26102c940ab8374e9fde5e2a910231e070f86cf46f5e3c3bab91d49e640153be",6000,6000,TRUE,1,5598,402,3,5577,2762,TRUE,TRUE,1,66.3475177304964,0,0.954351204351205,0.477175602175602,0.0666666666666667,0.333333333333333,0.169030850945703
"29_pwo_gp_model_specific","db6cb901415724b9f55892557a81f2cbcc3e7f91cf2f712ea45b7b9a2b1eb5a5","b1d5697d50014504fea8964eae8d6ad099291a4087058c07ada854c160fad766",49,6,48,"SA_l2_position_foldover","L2","L2",NA,"l2","component_position",TRUE,48,24,16,72871027,72871027,1,476656107,"b1abb75c33cba74ed27d32b0f2526dd9e0fc8f8ca658da745d7452dff72ef145","0ce9e052fa5029db4319d18daae7d566edbc311202917b8db85ce512c4622842","062ee29a5b69504a94ec0efda07b8feebba315545dc0759faeca28b5e5aaca3a","042dd38afd524953d4751cb01f40a277fb49ae8249387f62ecb68cd92491e923",6000,6000,TRUE,1,5698,302,3,3536,6,TRUE,TRUE,2,65.6950354609929,0.166666666666667,0.972222222222222,0.569444444444444,0.133333333333333,0.333333333333333,0.29277002188456
"29_pwo_gp_model_specific","db6cb901415724b9f55892557a81f2cbcc3e7f91cf2f712ea45b7b9a2b1eb5a5","b1d5697d50014504fea8964eae8d6ad099291a4087058c07ada854c160fad766",49,6,48,"random_foldover","RandomFoldover","Random foldover",NA,"none",NA,TRUE,48,24,16,72871027,72871027,1,476656107,"b1abb75c33cba74ed27d32b0f2526dd9e0fc8f8ca658da745d7452dff72ef145","0ce9e052fa5029db4319d18daae7d566edbc311202917b8db85ce512c4622842","63cfb58a00a18ee991181a52c43ffe7cb8555df96addd1cc3ce853b1fa02d49b","2a88a59e880045bd1927ed43740fd64dc648c6c3237d88b7f2cc3db712ab18af",0,6000,NA,0,0,0,0,0,0,TRUE,TRUE,1,66.5390070921986,0,0.949106449106449,0.474553224553225,0.0666666666666667,0.333333333333333,0.169030850945703
"29_pwo_gp_model_specific","db6cb901415724b9f55892557a81f2cbcc3e7f91cf2f712ea45b7b9a2b1eb5a5","b1d5697d50014504fea8964eae8d6ad099291a4087058c07ada854c160fad766",49,6,60,"FSA_lambda050","FSA_lambda050","FSA-KD (lambda=0.5)",0.5,"phi",NA,TRUE,60,30,16,643886141,643886141,1,1047671221,"80aac3f5f7269e8feda43871dd860d5d8309462fa858b807fd47cd3569f8dc47","83712420062377e02b1e6c6a695e965d88553e25d7bc91415fb0d2b0d03ca130","c0ce7de1227eb273b2d5a03115791f1851075c7376846ffc3f12b72a9793d197","f18733af7d2910d7db295a36b92a6c98c0c8f2cdd5c13dfbcd5d5808a3342b07",6000,6000,TRUE,1,5687,313,0,2031,980,TRUE,TRUE,2,64.5220338983051,0.166666666666667,0.996819457436857,0.581743062051762,0.133333333333333,0.333333333333333,0.239045721866879
"29_pwo_gp_model_specific","db6cb901415724b9f55892557a81f2cbcc3e7f91cf2f712ea45b7b9a2b1eb5a5","b1d5697d50014504fea8964eae8d6ad099291a4087058c07ada854c160fad766",49,6,60,"SA_hamming_foldover","Hamming","Hamming",NA,"hamming",NA,TRUE,60,30,16,643886141,643886141,1,1047671221,"80aac3f5f7269e8feda43871dd860d5d8309462fa858b807fd47cd3569f8dc47","83712420062377e02b1e6c6a695e965d88553e25d7bc91415fb0d2b0d03ca130","019aa469c600b495c3069f267779937f89ba564680849f40ed713012d0bc2545","20a58b2b97087dccd2f1df9884d365214e11fae0d6b5ea3beca1d8b0ecbaa11c",6000,6000,TRUE,1,5487,513,0,5471,2690,TRUE,TRUE,1,65.4305084745763,0,0.971749298409729,0.485874649204864,0.0666666666666667,0.333333333333333,0.169030850945703
"29_pwo_gp_model_specific","db6cb901415724b9f55892557a81f2cbcc3e7f91cf2f712ea45b7b9a2b1eb5a5","b1d5697d50014504fea8964eae8d6ad099291a4087058c07ada854c160fad766",49,6,60,"SA_l2_position_foldover","L2","L2",NA,"l2","component_position",TRUE,60,30,16,643886141,643886141,1,1047671221,"80aac3f5f7269e8feda43871dd860d5d8309462fa858b807fd47cd3569f8dc47","83712420062377e02b1e6c6a695e965d88553e25d7bc91415fb0d2b0d03ca130","87654301c1beda1651a872ba431c4739453d9acfb76f54b9fefe4038ae6e5b0d","2ac2e4f24550936cea68c71ee1f71a8a66994ee33c51efa9239baa8a8cfda8df",6000,6000,TRUE,1,5609,391,1,4084,1,TRUE,TRUE,2,65.3853107344633,0.166666666666667,0.972996570003118,0.569831618334893,0.133333333333333,0.333333333333333,0.239045721866879
"29_pwo_gp_model_specific","db6cb901415724b9f55892557a81f2cbcc3e7f91cf2f712ea45b7b9a2b1eb5a5","b1d5697d50014504fea8964eae8d6ad099291a4087058c07ada854c160fad766",49,6,60,"random_foldover","RandomFoldover","Random foldover",NA,"none",NA,TRUE,60,30,16,643886141,643886141,1,1047671221,"80aac3f5f7269e8feda43871dd860d5d8309462fa858b807fd47cd3569f8dc47","83712420062377e02b1e6c6a695e965d88553e25d7bc91415fb0d2b0d03ca130","e60d78fa377b688cc3b316b7788dd9cdb7c04bc4695fa5a7eb7a935981cb22bc","93d7235eb44d38b906c6b5bc0812bd8784e8517ad929639c7e0ed247b5df68ec",0,6000,NA,0,0,0,0,0,0,TRUE,TRUE,1,65.7423728813559,0,0.963143124415342,0.481571562207671,0.0666666666666667,0.333333333333333,0.169030850945703
"29_pwo_gp_model_specific","db6cb901415724b9f55892557a81f2cbcc3e7f91cf2f712ea45b7b9a2b1eb5a5","b1d5697d50014504fea8964eae8d6ad099291a4087058c07ada854c160fad766",50,6,48,"FSA_lambda050","FSA_lambda050","FSA-KD (lambda=0.5)",0.5,"phi",NA,TRUE,48,24,16,72871149,72871149,1,476656229,"d7badd0cbbdf54d65f2540886507ecbfd7f1018b432ccffa9e3337f35faecd8f","5ed8a55f7ad1fd7b8789f8cbc26645739dde392102d8bb0907967d0ae5cd72a7","c8d325f8fec1a740de06befcd1b53ed61fff39b319b21618efe6e389664abe4e","04eb6ff7c8e266ce63153feeff6548589fb32b352eb4847aa6a4a3276d46e515",6000,6000,TRUE,1,5661,339,1,2057,1017,TRUE,TRUE,2,64.8652482269504,0.166666666666667,0.994949494949495,0.580808080808081,0.133333333333333,0.333333333333333,0.239045721866879
"29_pwo_gp_model_specific","db6cb901415724b9f55892557a81f2cbcc3e7f91cf2f712ea45b7b9a2b1eb5a5","b1d5697d50014504fea8964eae8d6ad099291a4087058c07ada854c160fad766",50,6,48,"SA_hamming_foldover","Hamming","Hamming",NA,"hamming",NA,TRUE,48,24,16,72871149,72871149,1,476656229,"d7badd0cbbdf54d65f2540886507ecbfd7f1018b432ccffa9e3337f35faecd8f","5ed8a55f7ad1fd7b8789f8cbc26645739dde392102d8bb0907967d0ae5cd72a7","1aecc06aaab1c3625c948bf9b44bdfa3bfebdecb509d861e89493ec00517952f","32445922f47986e46ce4840e9dc210a0fb50321238d0c4f55741eb16cec727fc",6000,6000,TRUE,1,5613,387,3,5595,2721,TRUE,TRUE,2,66.0921985815603,0.166666666666667,0.961344211344211,0.564005439005439,0.133333333333333,0.333333333333333,0.239045721866879
"29_pwo_gp_model_specific","db6cb901415724b9f55892557a81f2cbcc3e7f91cf2f712ea45b7b9a2b1eb5a5","b1d5697d50014504fea8964eae8d6ad099291a4087058c07ada854c160fad766",50,6,48,"SA_l2_position_foldover","L2","L2",NA,"l2","component_position",TRUE,48,24,16,72871149,72871149,1,476656229,"d7badd0cbbdf54d65f2540886507ecbfd7f1018b432ccffa9e3337f35faecd8f","5ed8a55f7ad1fd7b8789f8cbc26645739dde392102d8bb0907967d0ae5cd72a7","417b4bee851cece049322618eb66062b0054d0ef4137d77171704a000dc9871c","32eecdd1f8b927a69def6fe9e46a2c182467749ce8d20e59ea0cb9e4b9faa9c5",6000,6000,TRUE,1,5662,338,0,3653,4,TRUE,TRUE,2,65.4822695035461,0.166666666666667,0.978049728049728,0.572358197358197,0.133333333333333,0.333333333333333,0.29277002188456
"29_pwo_gp_model_specific","db6cb901415724b9f55892557a81f2cbcc3e7f91cf2f712ea45b7b9a2b1eb5a5","b1d5697d50014504fea8964eae8d6ad099291a4087058c07ada854c160fad766",50,6,48,"random_foldover","RandomFoldover","Random foldover",NA,"none",NA,TRUE,48,24,16,72871149,72871149,1,476656229,"d7badd0cbbdf54d65f2540886507ecbfd7f1018b432ccffa9e3337f35faecd8f","5ed8a55f7ad1fd7b8789f8cbc26645739dde392102d8bb0907967d0ae5cd72a7","58df2746f270ace0394bcc537b21efce7f8e4d0c7b02cef897b04cef79bed096","66796e09914f883b3a1666fb91a0e2a0d1a7dd293efcbc05a6b3b00bf7027ea3",0,6000,NA,0,0,0,0,0,0,TRUE,TRUE,1,66.9219858156028,0,0.938616938616939,0.469308469308469,0.0666666666666667,0.333333333333333,0.169030850945703
"29_pwo_gp_model_specific","db6cb901415724b9f55892557a81f2cbcc3e7f91cf2f712ea45b7b9a2b1eb5a5","b1d5697d50014504fea8964eae8d6ad099291a4087058c07ada854c160fad766",50,6,60,"FSA_lambda050","FSA_lambda050","FSA-KD (lambda=0.5)",0.5,"phi",NA,TRUE,60,30,16,643886263,643886263,1,1047671343,"8aefea354435a2242d416d8c971783395d47aa0732fcfce25d11fac4e427ee23","42bfd3b568c9c7868c33c046d2c778d8f14876e1cc3af0f10534580d61e2b10d","36d3d4cbe912371a6cb98643658ca3b79651a89430378bd059708602bd4fca4c","79d1aacb3bd014bc02502ed60cea41d6269415f463feb43f8625ee5e0b3c2cfe",6000,6000,TRUE,1,5592,408,0,2077,1030,TRUE,TRUE,2,64.5129943502825,0.166666666666667,0.997068911755535,0.581867789211101,0.133333333333333,0.333333333333333,0.239045721866879
"29_pwo_gp_model_specific","db6cb901415724b9f55892557a81f2cbcc3e7f91cf2f712ea45b7b9a2b1eb5a5","b1d5697d50014504fea8964eae8d6ad099291a4087058c07ada854c160fad766",50,6,60,"SA_hamming_foldover","Hamming","Hamming",NA,"hamming",NA,TRUE,60,30,16,643886263,643886263,1,1047671343,"8aefea354435a2242d416d8c971783395d47aa0732fcfce25d11fac4e427ee23","42bfd3b568c9c7868c33c046d2c778d8f14876e1cc3af0f10534580d61e2b10d","3b9a684ff46b87353f14d72d833eef5e65d92627fb392d948d37eb5f5d9d112a","3ac30368f5aa966ffc14cf0d154643baeb6a83a29765fa82c684b4db2730208f",6000,6000,TRUE,1,5516,484,0,5505,2688,TRUE,TRUE,1,65.593220338983,0,0.967259120673527,0.483629560336764,0.0666666666666667,0.333333333333333,0.169030850945703
"29_pwo_gp_model_specific","db6cb901415724b9f55892557a81f2cbcc3e7f91cf2f712ea45b7b9a2b1eb5a5","b1d5697d50014504fea8964eae8d6ad099291a4087058c07ada854c160fad766",50,6,60,"SA_l2_position_foldover","L2","L2",NA,"l2","component_position",TRUE,60,30,16,643886263,643886263,1,1047671343,"8aefea354435a2242d416d8c971783395d47aa0732fcfce25d11fac4e427ee23","42bfd3b568c9c7868c33c046d2c778d8f14876e1cc3af0f10534580d61e2b10d","cdb6e8dd0dc1db1cc21181bdaa5f05178e960222c3a8f5a8c2835a26f0905f2e","0759ff1aa2ab3d3fc1d3f4256540a66c15af518fc6dccd12965ca80763a9af79",6000,6000,TRUE,1,5631,369,0,4247,2,TRUE,TRUE,2,65.1954802259887,0.166666666666667,0.978235110695354,0.57245088868101,0.133333333333333,0.333333333333333,0.239045721866879
"29_pwo_gp_model_specific","db6cb901415724b9f55892557a81f2cbcc3e7f91cf2f712ea45b7b9a2b1eb5a5","b1d5697d50014504fea8964eae8d6ad099291a4087058c07ada854c160fad766",50,6,60,"random_foldover","RandomFoldover","Random foldover",NA,"none",NA,TRUE,60,30,16,643886263,643886263,1,1047671343,"8aefea354435a2242d416d8c971783395d47aa0732fcfce25d11fac4e427ee23","42bfd3b568c9c7868c33c046d2c778d8f14876e1cc3af0f10534580d61e2b10d","492320b11e55d07f0d7111fe920365b25cfae922e1edc0fb67911bd9de25c9d0","d01f2bd6ff5d2bcf6553d064cbdfb40140a5cc1347e96717cbd0441f3de157f3",0,6000,NA,0,0,0,0,0,0,TRUE,TRUE,1,66.1988700564972,0,0.950545681322108,0.475272840661054,0.0666666666666667,0.333333333333333,0.169030850945703
