"experiment","protocol_hash","source_bundle_hash","rep","m","n","method_id","internal_method","common_test_sha256","elapsed_fit_predict_sec","model_family","scenario_id","fit_mode","c_true","theta_true","fit_success","fit_error","train_n","common_test_n","path_seed","path_mean","path_sd","path_empirically_centered","path_empirically_standardized","truth_kernel_jitter","c_hat","theta_hat","c_boundary_hit","c_grid_best","c_continuous_refined","sigma2_hat","reml","gp_df","gp_jitter","condition_R","nrmse_full","nrmse_common","rmse_full","rmse_common","nll_full","nll_common","coverage_full","coverage_common","interval_length_full","interval_length_common","ipv_factor_full","ipv_factor_common","ipv_hat_full","ipv_hat_common"
"29_pwo_gp_model_specific","db6cb901415724b9f55892557a81f2cbcc3e7f91cf2f712ea45b7b9a2b1eb5a5","b1d5697d50014504fea8964eae8d6ad099291a4087058c07ada854c160fad766",1,6,48,"FSA_lambda050","FSA_lambda050","bcde65407a9700d87d0689586093fbc9f9fcbed6d6e5a1b9c2c01c6a4fc6ff9a",0.343,"mallows_gp","gp_c1","estimated_c",1,0.0666666666666667,TRUE,NA,48,386,1082637898,-0.338152594873028,0.732947625879338,FALSE,FALSE,0,0.902450185634658,0.0601633457089772,FALSE,1,TRUE,1.27509404037354,-24.44978480608,47,1e-10,2773.20306672691,0.300763823327833,0.300669706686503,0.220444130258528,0.220375147689709,-0.763801766760723,-0.111857633238525,0.931944444444444,0.94559585492228,0.767795789515499,0.820913046133388,0.0327408235900054,0.034915174038042,0.0417476290365373,0.0445201303345124
"29_pwo_gp_model_specific","db6cb901415724b9f55892557a81f2cbcc3e7f91cf2f712ea45b7b9a2b1eb5a5","b1d5697d50014504fea8964eae8d6ad099291a4087058c07ada854c160fad766",1,6,48,"SA_hamming_foldover","Hamming","bcde65407a9700d87d0689586093fbc9f9fcbed6d6e5a1b9c2c01c6a4fc6ff9a",0.322000000000003,"mallows_gp","gp_c1","estimated_c",1,0.0666666666666667,TRUE,NA,48,386,1082637898,-0.338152594873028,0.732947625879338,FALSE,FALSE,0,0.487401732703548,0.0324934488469032,FALSE,0.5,TRUE,3.13644896435628,-18.9585777804984,47,1e-10,31138.4788860883,0.334927926944477,0.354671049458322,0.245484628894643,0.25995530366861,-0.628856563047654,0.0722192975100857,0.888888888888889,0.873056994818653,0.716003448532503,0.763543205590009,0.0117485914210557,0.012469876625679,0.0368488573952152,0.0391111316282616
"29_pwo_gp_model_specific","db6cb901415724b9f55892557a81f2cbcc3e7f91cf2f712ea45b7b9a2b1eb5a5","b1d5697d50014504fea8964eae8d6ad099291a4087058c07ada854c160fad766",1,6,48,"SA_l2_position_foldover","L2","bcde65407a9700d87d0689586093fbc9f9fcbed6d6e5a1b9c2c01c6a4fc6ff9a",0.366,"mallows_gp","gp_c1","estimated_c",1,0.0666666666666667,TRUE,NA,48,386,1082637898,-0.338152594873028,0.732947625879338,FALSE,FALSE,0,0.809063853829528,0.0539375902553019,FALSE,0.75,TRUE,1.52916649407389,-23.4454909330983,47,1e-10,4515.89851065262,0.343599585704949,0.357566861881592,0.251840500595566,0.262077782509238,-0.58118564574614,0.138638522681019,0.902777777777778,0.886010362694301,0.790805055883763,0.842434283329399,0.0293088270399037,0.0309754885858321,0.0448180762900274,0.0473666792830225
"29_pwo_gp_model_specific","db6cb901415724b9f55892557a81f2cbcc3e7f91cf2f712ea45b7b9a2b1eb5a5","b1d5697d50014504fea8964eae8d6ad099291a4087058c07ada854c160fad766",1,6,48,"random_foldover","RandomFoldover","bcde65407a9700d87d0689586093fbc9f9fcbed6d6e5a1b9c2c01c6a4fc6ff9a",0.324000000000005,"mallows_gp","gp_c1","estimated_c",1,0.0666666666666667,TRUE,NA,48,386,1082637898,-0.338152594873028,0.732947625879338,FALSE,FALSE,0,1.1553483428478,0.0770232228565198,FALSE,1,TRUE,1.09604946412432,-24.4860351253857,47,1e-10,2368.99637733604,0.307030889724399,0.314948010346101,0.225037561695119,0.230840396458596,-0.741354678849178,-0.0406035605694742,0.977777777777778,0.979274611398964,0.968723538088359,1.0361446864825,0.0612183289862617,0.0652344695382458,0.0670983166799785,0.0715002053798286
"29_pwo_gp_model_specific","db6cb901415724b9f55892557a81f2cbcc3e7f91cf2f712ea45b7b9a2b1eb5a5","b1d5697d50014504fea8964eae8d6ad099291a4087058c07ada854c160fad766",1,6,48,"FSA_lambda050","FSA_lambda050","bcde65407a9700d87d0689586093fbc9f9fcbed6d6e5a1b9c2c01c6a4fc6ff9a",0.396000000000001,"mallows_gp","gp_c4","estimated_c",4,0.266666666666667,TRUE,NA,48,386,1082689381,0.179668539384324,0.951741681246614,FALSE,FALSE,0,3.34854946913651,0.223236631275768,FALSE,3,TRUE,1.25384394263826,-60.8087606194163,47,1e-10,54.1769220053541,0.670139256298331,0.685214889322185,0.637799462458729,0.652147570778709,0.218260207533636,0.971414455941327,0.933333333333333,0.932642487046632,2.24867298309538,2.40343152755664,0.284455570085968,0.303197576027275,0.356662893502005,0.380162444124404
"29_pwo_gp_model_specific","db6cb901415724b9f55892557a81f2cbcc3e7f91cf2f712ea45b7b9a2b1eb5a5","b1d5697d50014504fea8964eae8d6ad099291a4087058c07ada854c160fad766",1,6,48,"SA_hamming_foldover","Hamming","bcde65407a9700d87d0689586093fbc9f9fcbed6d6e5a1b9c2c01c6a4fc6ff9a",0.586999999999996,"mallows_gp","gp_c4","estimated_c",4,0.266666666666667,TRUE,NA,48,386,1082689381,0.179668539384324,0.951741681246614,FALSE,FALSE,0,3.20735110352662,0.213823406901775,FALSE,3,TRUE,1.31736797856822,-58.4535986278395,47,1e-10,119.105561184854,0.754012116039668,0.777408059529377,0.717624758999911,0.739891653591157,0.337157813247858,1.10718029384319,0.922222222222222,0.909326424870466,2.35307962716479,2.51087437144153,0.299111464028668,0.317916291705181,0.394039864734028,0.418812742557559
"29_pwo_gp_model_specific","db6cb901415724b9f55892557a81f2cbcc3e7f91cf2f712ea45b7b9a2b1eb5a5","b1d5697d50014504fea8964eae8d6ad099291a4087058c07ada854c160fad766",1,6,48,"SA_l2_position_foldover","L2","bcde65407a9700d87d0689586093fbc9f9fcbed6d6e5a1b9c2c01c6a4fc6ff9a",0.378,"mallows_gp","gp_c4","estimated_c",4,0.266666666666667,TRUE,NA,48,386,1082689381,0.179668539384324,0.951741681246614,FALSE,FALSE,0,9.08171875975159,0.605447917316773,FALSE,8,TRUE,0.737525771611094,-59.9479390360727,47,1e-10,3.80069981009031,0.767490976435809,0.801142788863504,0.730453152254622,0.762480984791552,0.325691578708493,1.12208406610312,0.952777777777778,0.94300518134715,2.78191842846825,2.9791107705172,0.735729084495116,0.787390531803636,0.542619160738984,0.580720809527747
"29_pwo_gp_model_specific","db6cb901415724b9f55892557a81f2cbcc3e7f91cf2f712ea45b7b9a2b1eb5a5","b1d5697d50014504fea8964eae8d6ad099291a4087058c07ada854c160fad766",1,6,48,"random_foldover","RandomFoldover","bcde65407a9700d87d0689586093fbc9f9fcbed6d6e5a1b9c2c01c6a4fc6ff9a",0.338999999999999,"mallows_gp","gp_c4","estimated_c",4,0.266666666666667,TRUE,NA,48,386,1082689381,0.179668539384324,0.951741681246614,FALSE,FALSE,0,3.77884445427962,0.251922963618641,FALSE,4,TRUE,0.90047329630561,-51.8070964794202,47,1e-10,83.3334669073426,0.654594571860815,0.666468854005153,0.62300493835772,0.634306187609368,0.21840264478454,0.978209556266157,0.930555555555556,0.924870466321243,2.15575849823779,2.3021864899693,0.365619000824424,0.388827143031634,0.329230146864333,0.350128459178788
"29_pwo_gp_model_specific","db6cb901415724b9f55892557a81f2cbcc3e7f91cf2f712ea45b7b9a2b1eb5a5","b1d5697d50014504fea8964eae8d6ad099291a4087058c07ada854c160fad766",1,6,60,"FSA_lambda050","FSA_lambda050","1fce7a6770cf54e4e59f1b507457c3b6729a5414fbd3d9b435d40a05e16ca210",0.469000000000001,"mallows_gp","gp_c1","estimated_c",1,0.0666666666666667,TRUE,NA,60,326,1082637898,-0.338152594873028,0.732947625879338,FALSE,FALSE,0,0.864303636640229,0.0576202424426819,FALSE,0.75,TRUE,1.18006275121321,-19.3929778282768,59,1e-10,5617.06865732887,0.258735349594331,0.271760308420875,0.189639460216225,0.199186072865317,-1.03715849678801,-0.17284283981134,0.919444444444444,0.920245398773006,0.626577349066991,0.679366028709508,0.0239877511173117,0.0258677090871335,0.0283070515789128,0.0305255199529458
"29_pwo_gp_model_specific","db6cb901415724b9f55892557a81f2cbcc3e7f91cf2f712ea45b7b9a2b1eb5a5","b1d5697d50014504fea8964eae8d6ad099291a4087058c07ada854c160fad766",1,6,60,"SA_hamming_foldover","Hamming","1fce7a6770cf54e4e59f1b507457c3b6729a5414fbd3d9b435d40a05e16ca210",0.424000000000007,"mallows_gp","gp_c1","estimated_c",1,0.0666666666666667,TRUE,NA,60,326,1082637898,-0.338152594873028,0.732947625879338,FALSE,FALSE,0,0.582174416935628,0.0388116277957085,FALSE,0.5,TRUE,2.2490170171462,-13.5471333811982,59,1e-10,26119.0851002107,0.246965624006457,0.260901827273366,0.181012867789342,0.191227374887595,-1.09235868837681,-0.255024946840415,0.9375,0.932515337423313,0.642766754379323,0.702672043329129,0.0134932549094087,0.014772041658222,0.0303465599079516,0.0332225730673338
"29_pwo_gp_model_specific","db6cb901415724b9f55892557a81f2cbcc3e7f91cf2f712ea45b7b9a2b1eb5a5","b1d5697d50014504fea8964eae8d6ad099291a4087058c07ada854c160fad766",1,6,60,"SA_l2_position_foldover","L2","1fce7a6770cf54e4e59f1b507457c3b6729a5414fbd3d9b435d40a05e16ca210",0.495999999999995,"mallows_gp","gp_c1","estimated_c",1,0.0666666666666667,TRUE,NA,60,326,1082637898,-0.338152594873028,0.732947625879338,FALSE,FALSE,0,0.625462741034404,0.0416975160689603,FALSE,0.75,TRUE,2.58585512258872,-23.5305818692513,59,1e-10,15959.0204772125,0.291553365410002,0.306662513238653,0.213693346994392,0.224767561024461,-0.933373726536664,-0.0903378440857061,0.940277777777778,0.926380368098159,0.709310444240775,0.775410915542425,0.0141831061533581,0.0155348963412235,0.0366754577008806,0.0401709912828374
"29_pwo_gp_model_specific","db6cb901415724b9f55892557a81f2cbcc3e7f91cf2f712ea45b7b9a2b1eb5a5","b1d5697d50014504fea8964eae8d6ad099291a4087058c07ada854c160fad766",1,6,60,"random_foldover","RandomFoldover","1fce7a6770cf54e4e59f1b507457c3b6729a5414fbd3d9b435d40a05e16ca210",0.507000000000005,"mallows_gp","gp_c1","estimated_c",1,0.0666666666666667,TRUE,NA,60,326,1082637898,-0.338152594873028,0.732947625879338,FALSE,FALSE,0,0.622396776952966,0.0414931184635311,FALSE,0.75,TRUE,2.10341588985657,-13.6861817962395,59,1e-10,21792.5563097018,0.26104871850442,0.270622703551303,0.191335038466658,0.198352268076975,-1.00838392018533,-0.176793782880974,0.929166666666667,0.929447852760736,0.669645068816652,0.733177777334976,0.0156282853087096,0.0172138803966803,0.0328727836495517,0.0362079495524679
"29_pwo_gp_model_specific","db6cb901415724b9f55892557a81f2cbcc3e7f91cf2f712ea45b7b9a2b1eb5a5","b1d5697d50014504fea8964eae8d6ad099291a4087058c07ada854c160fad766",1,6,60,"FSA_lambda050","FSA_lambda050","1fce7a6770cf54e4e59f1b507457c3b6729a5414fbd3d9b435d40a05e16ca210",0.528000000000006,"mallows_gp","gp_c4","estimated_c",4,0.266666666666667,TRUE,NA,60,326,1082689381,0.179668539384324,0.951741681246614,FALSE,FALSE,0,3.12673200054265,0.208448800036176,FALSE,3,TRUE,1.16422391067398,-69.3508978942644,59,1e-10,113.806500205091,0.597223479069049,0.587398673822857,0.568402478049129,0.559051801386197,-0.0408393863175268,0.835272397166409,0.929166666666667,0.929447852760736,1.89423600914999,2.05512008698011,0.221465735017764,0.239078117610571,0.257835704102668,0.278340461041152
"29_pwo_gp_model_specific","db6cb901415724b9f55892557a81f2cbcc3e7f91cf2f712ea45b7b9a2b1eb5a5","b1d5697d50014504fea8964eae8d6ad099291a4087058c07ada854c160fad766",1,6,60,"SA_hamming_foldover","Hamming","1fce7a6770cf54e4e59f1b507457c3b6729a5414fbd3d9b435d40a05e16ca210",0.449999999999996,"mallows_gp","gp_c4","estimated_c",4,0.266666666666667,TRUE,NA,60,326,1082689381,0.179668539384324,0.951741681246614,FALSE,FALSE,0,2.27646986594018,0.151764657729345,FALSE,2,TRUE,2.05384827039956,-71.5046382250906,59,1e-10,434.377150219601,0.692507243114051,0.714437160846591,0.659088007836824,0.679959624609192,0.080667137832021,1.01568077541288,0.927777777777778,0.917177914110429,2.12464237934786,2.3235529302603,0.160399604343139,0.175671773602807,0.329436449952931,0.360803168372149
"29_pwo_gp_model_specific","db6cb901415724b9f55892557a81f2cbcc3e7f91cf2f712ea45b7b9a2b1eb5a5","b1d5697d50014504fea8964eae8d6ad099291a4087058c07ada854c160fad766",1,6,60,"SA_l2_position_foldover","L2","1fce7a6770cf54e4e59f1b507457c3b6729a5414fbd3d9b435d40a05e16ca210",0.430999999999997,"mallows_gp","gp_c4","estimated_c",4,0.266666666666667,TRUE,NA,60,326,1082689381,0.179668539384324,0.951741681246614,FALSE,FALSE,0,3.07437426056343,0.204958284037562,FALSE,3,TRUE,1.38677781416001,-71.8966404639579,59,1e-10,133.123982871905,0.618170308730449,0.642416757434642,0.588338448927856,0.611414804781844,-0.0201418236499918,0.915219547994259,0.9375,0.923312883435583,2.11209305803645,2.30592852089031,0.232828903168005,0.254441575539562,0.322881957408597,0.352853931958181
"29_pwo_gp_model_specific","db6cb901415724b9f55892557a81f2cbcc3e7f91cf2f712ea45b7b9a2b1eb5a5","b1d5697d50014504fea8964eae8d6ad099291a4087058c07ada854c160fad766",1,6,60,"random_foldover","RandomFoldover","1fce7a6770cf54e4e59f1b507457c3b6729a5414fbd3d9b435d40a05e16ca210",0.442,"mallows_gp","gp_c4","estimated_c",4,0.266666666666667,TRUE,NA,60,326,1082689381,0.179668539384324,0.951741681246614,FALSE,FALSE,0,5.90767741725832,0.393845161150554,FALSE,6,TRUE,0.997604638561084,-74.8657339957592,59,1e-10,27.8137698442334,0.63284665041261,0.669618796784327,0.602306535034986,0.63730411944585,0.00717671576653187,0.973170437680188,0.977777777777778,0.97239263803681,2.71208175015172,2.95998747660206,0.530820412640738,0.580098673985729,0.529548905893309,0.578709127991297
"29_pwo_gp_model_specific","db6cb901415724b9f55892557a81f2cbcc3e7f91cf2f712ea45b7b9a2b1eb5a5","b1d5697d50014504fea8964eae8d6ad099291a4087058c07ada854c160fad766",2,6,48,"FSA_lambda050","FSA_lambda050","805fa4e804e2552faa133733bb47b82cd9126e9523ed956c560848b4cef689fa",0.291,"mallows_gp","gp_c1","estimated_c",1,0.0666666666666667,TRUE,NA,48,376,1082637899,0.301594872170059,0.643874163433005,FALSE,FALSE,0,0.50198422788911,0.0334656151926073,FALSE,0.5,TRUE,2.74181532404508,-20.751618644027,47,1e-10,16855.1857980768,0.293188566317995,0.305542425203091,0.188776542866121,0.196730873420932,-0.883407496831033,-0.216412806473687,0.940277777777778,0.928191489361702,0.640284157659049,0.683109118377481,0.0105908107816788,0.0112312080064374,0.0290380472952689,0.0307938982195879
"29_pwo_gp_model_specific","db6cb901415724b9f55892557a81f2cbcc3e7f91cf2f712ea45b7b9a2b1eb5a5","b1d5697d50014504fea8964eae8d6ad099291a4087058c07ada854c160fad766",2,6,48,"SA_hamming_foldover","Hamming","805fa4e804e2552faa133733bb47b82cd9126e9523ed956c560848b4cef689fa",0.325000000000003,"mallows_gp","gp_c1","estimated_c",1,0.0666666666666667,TRUE,NA,48,376,1082637899,0.301594872170059,0.643874163433005,FALSE,FALSE,0,1.03209081628121,0.0688060544187471,FALSE,1,TRUE,0.938646309498836,-17.8896932937928,47,1e-10,2827.89700629962,0.309700574468346,0.312445470177806,0.199408198300527,0.201175565729167,-0.873054355326631,-0.186844399119254,0.966666666666667,0.970744680851064,0.824677212639946,0.875732192739676,0.0524412528049282,0.0552779937559917,0.0492237884108413,0.0518864848355613
"29_pwo_gp_model_specific","db6cb901415724b9f55892557a81f2cbcc3e7f91cf2f712ea45b7b9a2b1eb5a5","b1d5697d50014504fea8964eae8d6ad099291a4087058c07ada854c160fad766",2,6,48,"SA_l2_position_foldover","L2","805fa4e804e2552faa133733bb47b82cd9126e9523ed956c560848b4cef689fa",0.332999999999998,"mallows_gp","gp_c1","estimated_c",1,0.0666666666666667,TRUE,NA,48,376,1082637899,0.301594872170059,0.643874163433005,FALSE,FALSE,0,1.17977411871102,0.0786516079140681,FALSE,1,TRUE,1.06716530123796,-25.6457864108563,47,1e-10,2003.25312244948,0.332491832047814,0.35358559562451,0.214082900208093,0.227664629584692,-0.789145017311895,-0.072580473594943,0.991666666666667,0.984042553191489,0.972290225648407,1.04495701939573,0.0635131153238138,0.0684615323525202,0.0677789928470991,0.0730597717961897
"29_pwo_gp_model_specific","db6cb901415724b9f55892557a81f2cbcc3e7f91cf2f712ea45b7b9a2b1eb5a5","b1d5697d50014504fea8964eae8d6ad099291a4087058c07ada854c160fad766",2,6,48,"random_foldover","RandomFoldover","805fa4e804e2552faa133733bb47b82cd9126e9523ed956c560848b4cef689fa",0.333999999999996,"mallows_gp","gp_c1","estimated_c",1,0.0666666666666667,TRUE,NA,48,376,1082637899,0.301594872170059,0.643874163433005,FALSE,FALSE,0,1.05758843876274,0.0705058959175159,FALSE,1,TRUE,0.788457714394924,-12.6994770980718,47,1e-10,3019.22521546033,0.388373063449319,0.39582512945522,0.250063381328344,0.25486157409374,-0.647857212751191,0.0453574670251182,0.906944444444444,0.909574468085106,0.776140527631128,0.8291663668051,0.0551705978390075,0.0589557248682519,0.0434996834739453,0.0464840960801179
"29_pwo_gp_model_specific","db6cb901415724b9f55892557a81f2cbcc3e7f91cf2f712ea45b7b9a2b1eb5a5","b1d5697d50014504fea8964eae8d6ad099291a4087058c07ada854c160fad766",2,6,48,"FSA_lambda050","FSA_lambda050","805fa4e804e2552faa133733bb47b82cd9126e9523ed956c560848b4cef689fa",0.371000000000002,"mallows_gp","gp_c4","estimated_c",4,0.266666666666667,TRUE,NA,48,376,1082689382,0.395029055423339,0.77561198854875,FALSE,FALSE,0,11.574943607287,0.771662907152467,FALSE,12,TRUE,0.61344395444301,-56.4783521094897,47,1e-10,2.187380257995,0.84022524426652,0.843069262463197,0.651688772534414,0.653894627143408,0.232666127599263,0.992952217635629,0.972222222222222,0.976063829787234,2.67477706530349,2.86272953331474,0.815301918005765,0.871600015079587,0.500142032646428,0.534677759943009
"29_pwo_gp_model_specific","db6cb901415724b9f55892557a81f2cbcc3e7f91cf2f712ea45b7b9a2b1eb5a5","b1d5697d50014504fea8964eae8d6ad099291a4087058c07ada854c160fad766",2,6,48,"SA_hamming_foldover","Hamming","805fa4e804e2552faa133733bb47b82cd9126e9523ed956c560848b4cef689fa",0.311999999999998,"mallows_gp","gp_c4","estimated_c",4,0.266666666666667,TRUE,NA,48,376,1082689382,0.395029055423339,0.77561198854875,FALSE,FALSE,0,3.29029547940485,0.219353031960323,FALSE,3,TRUE,1.1654700499053,-55.9411267815802,47,1e-10,88.0400352110287,0.72962236840589,0.731672491793599,0.565903856048941,0.567493956326452,0.124845017289308,0.856556757223839,0.961111111111111,0.957446808510638,2.27906288702439,2.42433635593441,0.318849786486828,0.33717023190036,0.3716098765691,0.392961806999495
"29_pwo_gp_model_specific","db6cb901415724b9f55892557a81f2cbcc3e7f91cf2f712ea45b7b9a2b1eb5a5","b1d5697d50014504fea8964eae8d6ad099291a4087058c07ada854c160fad766",2,6,48,"SA_l2_position_foldover","L2","805fa4e804e2552faa133733bb47b82cd9126e9523ed956c560848b4cef689fa",0.369999999999997,"mallows_gp","gp_c4","estimated_c",4,0.266666666666667,TRUE,NA,48,376,1082689382,0.395029055423339,0.77561198854875,FALSE,FALSE,0,4.25265868488608,0.283510578992405,FALSE,4,TRUE,0.779629425184425,-51.8394618700961,47,1e-10,42.6673966315704,0.773281943058695,0.797181550514347,0.599766745564596,0.618303567628809,0.161767336277419,0.933295792140818,0.930555555555556,0.922872340425532,2.13322837402307,2.2925212254218,0.413956161825493,0.446178946399942,0.32273240449556,0.347854235511179
"29_pwo_gp_model_specific","db6cb901415724b9f55892557a81f2cbcc3e7f91cf2f712ea45b7b9a2b1eb5a5","b1d5697d50014504fea8964eae8d6ad099291a4087058c07ada854c160fad766",2,6,48,"random_foldover","RandomFoldover","805fa4e804e2552faa133733bb47b82cd9126e9523ed956c560848b4cef689fa",0.363999999999997,"mallows_gp","gp_c4","estimated_c",4,0.266666666666667,TRUE,NA,48,376,1082689382,0.395029055423339,0.77561198854875,FALSE,FALSE,0,12.9180600562807,0.861204003752046,FALSE,12,TRUE,0.437157094152221,-47.5956068370701,47,1e-10,3.30695421059833,0.90237824017271,0.917606041637077,0.699895381283477,0.71170624665848,0.296131783396954,1.08253855225115,0.926388888888889,0.928191489361702,2.32258382111762,2.48461388614353,0.862667997456692,0.921468664852287,0.377121434986283,0.402826563879152
"29_pwo_gp_model_specific","db6cb901415724b9f55892557a81f2cbcc3e7f91cf2f712ea45b7b9a2b1eb5a5","b1d5697d50014504fea8964eae8d6ad099291a4087058c07ada854c160fad766",2,6,60,"FSA_lambda050","FSA_lambda050","0511d002b684efaf04f5e1df0f046480f6eeccb65f22de211b7de323ec1e2f66",0.472999999999999,"mallows_gp","gp_c1","estimated_c",1,0.0666666666666667,TRUE,NA,60,324,1082637899,0.301594872170059,0.643874163433005,FALSE,FALSE,0,0.732888364652753,0.0488592243101835,FALSE,0.75,TRUE,1.29706746796624,-13.9370167622558,59,1e-10,9188.58362790594,0.276902530967601,0.288784051047553,0.178290385479246,0.185940589281038,-1.12104034904905,-0.26807332313525,0.926388888888889,0.922839506172839,0.56386806536111,0.617394844569622,0.0177443580647547,0.0195174426433442,0.0230156295857376,0.0253154399105787
"29_pwo_gp_model_specific","db6cb901415724b9f55892557a81f2cbcc3e7f91cf2f712ea45b7b9a2b1eb5a5","b1d5697d50014504fea8964eae8d6ad099291a4087058c07ada854c160fad766",2,6,60,"SA_hamming_foldover","Hamming","0511d002b684efaf04f5e1df0f046480f6eeccb65f22de211b7de323ec1e2f66",0.509,"mallows_gp","gp_c1","estimated_c",1,0.0666666666666667,TRUE,NA,60,324,1082637899,0.301594872170059,0.643874163433005,FALSE,FALSE,0,1.07237415732929,0.0714916104886191,FALSE,1,TRUE,1.07203753331152,-22.0617133054985,59,1e-10,3927.79761542784,0.287463650853483,0.293405556355301,0.185090417710684,0.188916257144865,-1.0907567501913,-0.246126353385036,0.984722222222222,0.990740740740741,0.787422616180353,0.849732146203887,0.0423034293146233,0.0451940891715329,0.0453508640130672,0.0484497598757111
"29_pwo_gp_model_specific","db6cb901415724b9f55892557a81f2cbcc3e7f91cf2f712ea45b7b9a2b1eb5a5","b1d5697d50014504fea8964eae8d6ad099291a4087058c07ada854c160fad766",2,6,60,"SA_l2_position_foldover","L2","0511d002b684efaf04f5e1df0f046480f6eeccb65f22de211b7de323ec1e2f66",0.463000000000001,"mallows_gp","gp_c1","estimated_c",1,0.0666666666666667,TRUE,NA,60,324,1082637899,0.301594872170059,0.643874163433005,FALSE,FALSE,0,0.932256205771026,0.0621504137180684,FALSE,1,TRUE,1.12621839825713,-17.8892241740626,59,1e-10,5094.37586092153,0.308294099541717,0.312786719460959,0.198502605433755,0.201395287325879,-1.05085859200584,-0.234975003436767,0.947222222222222,0.959876543209877,0.703031464335293,0.7644011139621,0.0321022734951387,0.0348302283383586,0.0361541710361076,0.0392264439701564
"29_pwo_gp_model_specific","db6cb901415724b9f55892557a81f2cbcc3e7f91cf2f712ea45b7b9a2b1eb5a5","b1d5697d50014504fea8964eae8d6ad099291a4087058c07ada854c160fad766",2,6,60,"random_foldover","RandomFoldover","0511d002b684efaf04f5e1df0f046480f6eeccb65f22de211b7de323ec1e2f66",0.510999999999996,"mallows_gp","gp_c1","estimated_c",1,0.0666666666666667,TRUE,NA,60,324,1082637899,0.301594872170059,0.643874163433005,FALSE,FALSE,0,0.866696413052928,0.0577797608701952,FALSE,1,TRUE,1.1479010356537,-11.9237230690761,59,1e-10,9662.81194471637,0.362071815264544,0.379866807697724,0.233128687156128,0.244586423022338,-0.897301048656224,-0.0163438249593032,0.919444444444444,0.91358024691358,0.692171502852046,0.759513829539149,0.0308955368578689,0.0339570269414763,0.0354650187562248,0.0389793063938413
"29_pwo_gp_model_specific","db6cb901415724b9f55892557a81f2cbcc3e7f91cf2f712ea45b7b9a2b1eb5a5","b1d5697d50014504fea8964eae8d6ad099291a4087058c07ada854c160fad766",2,6,60,"FSA_lambda050","FSA_lambda050","0511d002b684efaf04f5e1df0f046480f6eeccb65f22de211b7de323ec1e2f66",0.433,"mallows_gp","gp_c4","estimated_c",4,0.266666666666667,TRUE,NA,60,324,1082689382,0.395029055423339,0.77561198854875,FALSE,FALSE,0,5.1727183881309,0.34484789254206,FALSE,6,TRUE,0.518746637806263,-57.1193824847991,59,1e-10,24.6765578853789,0.791567517577114,0.795485066250841,0.613949256378583,0.616987754095649,0.0595579613800276,1.00324225240992,0.873611111111111,0.87037037037037,1.74897929782747,1.91539365136275,0.422893798671387,0.465137720432809,0.2193747362099,0.241288628591389
"29_pwo_gp_model_specific","db6cb901415724b9f55892557a81f2cbcc3e7f91cf2f712ea45b7b9a2b1eb5a5","b1d5697d50014504fea8964eae8d6ad099291a4087058c07ada854c160fad766",2,6,60,"SA_hamming_foldover","Hamming","0511d002b684efaf04f5e1df0f046480f6eeccb65f22de211b7de323ec1e2f66",0.445,"mallows_gp","gp_c4","estimated_c",4,0.266666666666667,TRUE,NA,60,324,1082689382,0.395029055423339,0.77561198854875,FALSE,FALSE,0,3.85412715879201,0.256941810586134,FALSE,4,TRUE,1.05740018293548,-68.8778336217211,59,1e-10,87.3353491865191,0.740753673152782,0.75529993203069,0.57453742945882,0.585819682233059,-0.0603299498531726,0.862087228600194,0.954166666666667,0.962962962962963,2.18125474886931,2.35585125087688,0.325599656519321,0.348398813279408,0.34428913636726,0.368396968896151
"29_pwo_gp_model_specific","db6cb901415724b9f55892557a81f2cbcc3e7f91cf2f712ea45b7b9a2b1eb5a5","b1d5697d50014504fea8964eae8d6ad099291a4087058c07ada854c160fad766",2,6,60,"SA_l2_position_foldover","L2","0511d002b684efaf04f5e1df0f046480f6eeccb65f22de211b7de323ec1e2f66",0.388000000000005,"mallows_gp","gp_c4","estimated_c",4,0.266666666666667,TRUE,NA,60,324,1082689382,0.395029055423339,0.77561198854875,FALSE,FALSE,0,3.24459640354134,0.216306426902756,FALSE,3,TRUE,0.898506775348816,-60.133177523832,59,1e-10,118.487627399118,0.771757965477291,0.823563488172363,0.598584730282179,0.638765714757511,0.0265831730601189,1.03595572270404,0.897222222222222,0.87962962962963,1.78599164733849,1.94019864973022,0.257268545680421,0.278659432178932,0.231157531377994,0.250377387827625
"29_pwo_gp_model_specific","db6cb901415724b9f55892557a81f2cbcc3e7f91cf2f712ea45b7b9a2b1eb5a5","b1d5697d50014504fea8964eae8d6ad099291a4087058c07ada854c160fad766",2,6,60,"random_foldover","RandomFoldover","0511d002b684efaf04f5e1df0f046480f6eeccb65f22de211b7de323ec1e2f66",0.448,"mallows_gp","gp_c4","estimated_c",4,0.266666666666667,TRUE,NA,60,324,1082689382,0.395029055423339,0.77561198854875,FALSE,FALSE,0,4.17345414306695,0.278230276204463,FALSE,4,TRUE,0.791128810622806,-60.4927344663036,59,1e-10,87.0560318488015,0.78178154042247,0.798023864442472,0.606359135177777,0.618956876409584,-0.00975696639973546,0.933536178091316,0.934722222222222,0.929012345679012,2.03025646621662,2.22246007215275,0.378920450592459,0.415380564532455,0.29977488539787,0.328619531974391
"29_pwo_gp_model_specific","db6cb901415724b9f55892557a81f2cbcc3e7f91cf2f712ea45b7b9a2b1eb5a5","b1d5697d50014504fea8964eae8d6ad099291a4087058c07ada854c160fad766",3,6,48,"FSA_lambda050","FSA_lambda050","d1d25f07bf2df8e76cfce63cbab75eb7778d8ac914eb1fbfb66874f244a50ece",0.340999999999998,"mallows_gp","gp_c1","estimated_c",1,0.0666666666666667,TRUE,NA,48,372,1082637900,1.21989249997368,0.479814004289025,FALSE,FALSE,0,1.0873610603653,0.0724907373576864,FALSE,1,TRUE,0.949118729263187,-24.255965499508,47,1e-10,1415.46860167709,0.458759238043331,0.495737367193105,0.220119107010153,0.237861731228622,-0.777169916984479,-0.0282067309703665,0.929166666666667,0.911290322580645,0.782908945507665,0.835187458888922,0.0457063735712021,0.0485278565579852,0.0433807752031278,0.0460586975501812
"29_pwo_gp_model_specific","db6cb901415724b9f55892557a81f2cbcc3e7f91cf2f712ea45b7b9a2b1eb5a5","b1d5697d50014504fea8964eae8d6ad099291a4087058c07ada854c160fad766",3,6,48,"SA_hamming_foldover","Hamming","d1d25f07bf2df8e76cfce63cbab75eb7778d8ac914eb1fbfb66874f244a50ece",0.312999999999995,"mallows_gp","gp_c1","estimated_c",1,0.0666666666666667,TRUE,NA,48,372,1082637900,1.21989249997368,0.479814004289025,FALSE,FALSE,0,1.43464999505765,0.0956433330038432,FALSE,1.5,TRUE,0.596511218886719,-17.8570689708262,47,1e-10,986.363410330642,0.552467995437655,0.591909803544913,0.265081881132472,0.284006613016815,-0.63988601480571,0.141583206773801,0.930555555555556,0.916666666666667,0.876557086483346,0.940634665178618,0.0929064539964027,0.099989961509498,0.055419742115837,0.0596451338164668
"29_pwo_gp_model_specific","db6cb901415724b9f55892557a81f2cbcc3e7f91cf2f712ea45b7b9a2b1eb5a5","b1d5697d50014504fea8964eae8d6ad099291a4087058c07ada854c160fad766",3,6,48,"SA_l2_position_foldover","L2","d1d25f07bf2df8e76cfce63cbab75eb7778d8ac914eb1fbfb66874f244a50ece",0.360999999999997,"mallows_gp","gp_c1","estimated_c",1,0.0666666666666667,TRUE,NA,48,372,1082637900,1.21989249997368,0.479814004289025,FALSE,FALSE,0,1.93954078152907,0.129302718768605,FALSE,2,TRUE,0.411499458564861,-20.266516431156,47,1e-10,336.49787514512,0.604519652761727,0.634343545658148,0.290056995263015,0.304366916737134,-0.536121454161269,0.235931623590975,0.8875,0.873655913978495,0.893028757516251,0.957139510112096,0.138130273598134,0.147857951286443,0.0568405327970481,0.0608434668988809
"29_pwo_gp_model_specific","db6cb901415724b9f55892557a81f2cbcc3e7f91cf2f712ea45b7b9a2b1eb5a5","b1d5697d50014504fea8964eae8d6ad099291a4087058c07ada854c160fad766",3,6,48,"random_foldover","RandomFoldover","d1d25f07bf2df8e76cfce63cbab75eb7778d8ac914eb1fbfb66874f244a50ece",0.353999999999999,"mallows_gp","gp_c1","estimated_c",1,0.0666666666666667,TRUE,NA,48,372,1082637900,1.21989249997368,0.479814004289025,FALSE,FALSE,0,1.30348309246931,0.0868988728312871,FALSE,1.5,TRUE,0.605589663424023,-13.9313948359709,47,1e-10,2291.21424754819,0.530199522991883,0.561866208332623,0.254397156198866,0.269591275294767,-0.656062798966425,0.114347925074173,0.9125,0.887096774193548,0.817478805886253,0.886440388099798,0.0795977189981987,0.0871001637326646,0.0482035558574391,0.0527469588390416
"29_pwo_gp_model_specific","db6cb901415724b9f55892557a81f2cbcc3e7f91cf2f712ea45b7b9a2b1eb5a5","b1d5697d50014504fea8964eae8d6ad099291a4087058c07ada854c160fad766",3,6,48,"FSA_lambda050","FSA_lambda050","d1d25f07bf2df8e76cfce63cbab75eb7778d8ac914eb1fbfb66874f244a50ece",0.366,"mallows_gp","gp_c4","estimated_c",4,0.266666666666667,TRUE,NA,48,372,1082689383,0.249034074469941,0.918190264535925,FALSE,FALSE,0,2.87268053532136,0.191512035688091,FALSE,3,TRUE,1.29274490853952,-58.7143659666997,47,1e-10,77.7132662154167,0.615837940644927,0.629526387466807,0.565456401632025,0.578025000240492,0.130479607960902,0.871308605117803,0.947222222222222,0.938172043010753,2.04741316206354,2.18478910629607,0.228839351486714,0.243151019420516,0.295830906507934,0.314332242362065
"29_pwo_gp_model_specific","db6cb901415724b9f55892557a81f2cbcc3e7f91cf2f712ea45b7b9a2b1eb5a5","b1d5697d50014504fea8964eae8d6ad099291a4087058c07ada854c160fad766",3,6,48,"SA_hamming_foldover","Hamming","d1d25f07bf2df8e76cfce63cbab75eb7778d8ac914eb1fbfb66874f244a50ece",0.326999999999998,"mallows_gp","gp_c4","estimated_c",4,0.266666666666667,TRUE,NA,48,372,1082689383,0.249034074469941,0.918190264535925,FALSE,FALSE,0,3.04107914706906,0.202738609804604,FALSE,3,TRUE,1.33653744119149,-57.4722510473989,47,1e-10,105.045399561002,0.724682759069988,0.747770615619519,0.665396654255096,0.686595699367877,0.235312576031715,0.996207460712504,0.936111111111111,0.92741935483871,2.31413108620657,2.48216598986071,0.286767616150645,0.30851726954251,0.383275655906566,0.412344881997731
"29_pwo_gp_model_specific","db6cb901415724b9f55892557a81f2cbcc3e7f91cf2f712ea45b7b9a2b1eb5a5","b1d5697d50014504fea8964eae8d6ad099291a4087058c07ada854c160fad766",3,6,48,"SA_l2_position_foldover","L2","d1d25f07bf2df8e76cfce63cbab75eb7778d8ac914eb1fbfb66874f244a50ece",0.326999999999998,"mallows_gp","gp_c4","estimated_c",4,0.266666666666667,TRUE,NA,48,372,1082689383,0.249034074469941,0.918190264535925,FALSE,FALSE,0,2.71952293430915,0.181301528953943,FALSE,3,TRUE,1.31165365282091,-56.2365158144984,47,1e-10,123.122567497799,0.665981458227845,0.675711003236381,0.611497691306246,0.620431264811448,0.194136943467517,0.917185610585082,0.918055555555556,0.93010752688172,2.05140239585553,2.19802853086835,0.227996390147422,0.243965536553394,0.299052297966847,0.319998287182673
"29_pwo_gp_model_specific","db6cb901415724b9f55892557a81f2cbcc3e7f91cf2f712ea45b7b9a2b1eb5a5","b1d5697d50014504fea8964eae8d6ad099291a4087058c07ada854c160fad766",3,6,48,"random_foldover","RandomFoldover","d1d25f07bf2df8e76cfce63cbab75eb7778d8ac914eb1fbfb66874f244a50ece",0.329000000000001,"mallows_gp","gp_c4","estimated_c",4,0.266666666666667,TRUE,NA,48,372,1082689383,0.249034074469941,0.918190264535925,FALSE,FALSE,0,2.50016916722341,0.166677944481561,FALSE,3,TRUE,1.9281083912941,-59.9808225612245,47,1e-10,322.826718880344,0.678461128053477,0.708279485623686,0.622956402644764,0.650335328270181,0.193667520045627,0.947977443931035,0.968055555555556,0.96505376344086,2.46854948556136,2.67502332671889,0.226791346585505,0.247890818107535,0.4372782984244,0.477960366517898
"29_pwo_gp_model_specific","db6cb901415724b9f55892557a81f2cbcc3e7f91cf2f712ea45b7b9a2b1eb5a5","b1d5697d50014504fea8964eae8d6ad099291a4087058c07ada854c160fad766",3,6,60,"FSA_lambda050","FSA_lambda050","086549459b4fe265c4e8718e6eb1a6d196511785b3016bebf5e09b41ee6ff052",0.518000000000001,"mallows_gp","gp_c1","estimated_c",1,0.0666666666666667,TRUE,NA,60,332,1082637900,1.21989249997368,0.479814004289025,FALSE,FALSE,0,1.41926978212696,0.0946179854751304,FALSE,1.5,TRUE,0.657003119744948,-24.202898296041,59,1e-10,1162.60437360779,0.408724563194026,0.393798258124507,0.196111769317408,0.188949919112763,-1.0583227307174,-0.250486571107027,0.954166666666667,0.966867469879518,0.740002969851759,0.808575983510598,0.0599326618542187,0.0656385893888089,0.0393759458128407,0.0431247580041051
"29_pwo_gp_model_specific","db6cb901415724b9f55892557a81f2cbcc3e7f91cf2f712ea45b7b9a2b1eb5a5","b1d5697d50014504fea8964eae8d6ad099291a4087058c07ada854c160fad766",3,6,60,"SA_hamming_foldover","Hamming","086549459b4fe265c4e8718e6eb1a6d196511785b3016bebf5e09b41ee6ff052",0.477999999999994,"mallows_gp","gp_c1","estimated_c",1,0.0666666666666667,TRUE,NA,60,332,1082637900,1.21989249997368,0.479814004289025,FALSE,FALSE,0,1.18572811904762,0.0790485412698411,FALSE,1,TRUE,0.641464386316614,-12.8123861624667,59,1e-10,2929.28325344784,0.514289556984193,0.532983820975952,0.246763331700614,0.255733101363736,-0.741310088271995,0.148000670492231,0.852777777777778,0.843373493975904,0.653243940420456,0.713164551685022,0.0487036159136975,0.0532769048477564,0.03124163509348,0.0341752370730147
"29_pwo_gp_model_specific","db6cb901415724b9f55892557a81f2cbcc3e7f91cf2f712ea45b7b9a2b1eb5a5","b1d5697d50014504fea8964eae8d6ad099291a4087058c07ada854c160fad766",3,6,60,"SA_l2_position_foldover","L2","086549459b4fe265c4e8718e6eb1a6d196511785b3016bebf5e09b41ee6ff052",0.489999999999995,"mallows_gp","gp_c1","estimated_c",1,0.0666666666666667,TRUE,NA,60,332,1082637900,1.21989249997368,0.479814004289025,FALSE,FALSE,0,1.13747140490177,0.0758314269934515,FALSE,1,TRUE,0.962135392250803,-22.9559435218971,59,1e-10,2794.99007205169,0.47353837379936,0.491970758490231,0.227210343317184,0.236054459624307,-0.950234029160079,-0.0898521383111169,0.927777777777778,0.924698795180723,0.766378343415944,0.821139671376904,0.0444931081035576,0.0468133373830914,0.0428083940176738,0.0450407687256498
"29_pwo_gp_model_specific","db6cb901415724b9f55892557a81f2cbcc3e7f91cf2f712ea45b7b9a2b1eb5a5","b1d5697d50014504fea8964eae8d6ad099291a4087058c07ada854c160fad766",3,6,60,"random_foldover","RandomFoldover","086549459b4fe265c4e8718e6eb1a6d196511785b3016bebf5e09b41ee6ff052",0.719999999999999,"mallows_gp","gp_c1","estimated_c",1,0.0666666666666667,TRUE,NA,60,332,1082637900,1.21989249997368,0.479814004289025,FALSE,FALSE,0,1.04516504837049,0.069677669891366,FALSE,1,TRUE,0.788974995004174,-9.51435193036045,59,1e-10,6340.9054184528,0.507748625689184,0.509255141659671,0.243624901264177,0.244347748724502,-0.726544304461571,0.0955920479235753,0.868055555555556,0.873493975903614,0.676500254812784,0.738486990994991,0.0426690640545575,0.0465453730490571,0.0336648245992773,0.0367231354688473
"29_pwo_gp_model_specific","db6cb901415724b9f55892557a81f2cbcc3e7f91cf2f712ea45b7b9a2b1eb5a5","b1d5697d50014504fea8964eae8d6ad099291a4087058c07ada854c160fad766",3,6,60,"FSA_lambda050","FSA_lambda050","086549459b4fe265c4e8718e6eb1a6d196511785b3016bebf5e09b41ee6ff052",0.486999999999995,"mallows_gp","gp_c4","estimated_c",4,0.266666666666667,TRUE,NA,60,332,1082689383,0.249034074469941,0.918190264535925,FALSE,FALSE,0,4.04220466068086,0.269480310712057,FALSE,4,TRUE,1.07185185297296,-73.4504977051571,59,1e-10,48.4447448116775,0.587496184859175,0.603192234652525,0.539433277389692,0.553845237501617,-0.108225218702392,0.833885633514285,0.973611111111111,0.975903614457831,2.16379597136544,2.36644116443363,0.313094894981621,0.343456593946752,0.335591343342424,0.368134586637607
"29_pwo_gp_model_specific","db6cb901415724b9f55892557a81f2cbcc3e7f91cf2f712ea45b7b9a2b1eb5a5","b1d5697d50014504fea8964eae8d6ad099291a4087058c07ada854c160fad766",3,6,60,"SA_hamming_foldover","Hamming","086549459b4fe265c4e8718e6eb1a6d196511785b3016bebf5e09b41ee6ff052",0.417999999999999,"mallows_gp","gp_c4","estimated_c",4,0.266666666666667,TRUE,NA,60,332,1082689383,0.249034074469941,0.918190264535925,FALSE,FALSE,0,2.92252807448971,0.19483520496598,FALSE,3,TRUE,1.27677900997881,-67.5795192113463,59,1e-10,192.859075686674,0.625598729300243,0.670990756678001,0.574418662749528,0.616097180375334,-0.0491999055995794,0.918417147079651,0.933333333333333,0.918674698795181,1.96360191181749,2.14257579835229,0.219526534795563,0.239779481021978,0.280286871760358,0.306145408392475
"29_pwo_gp_model_specific","db6cb901415724b9f55892557a81f2cbcc3e7f91cf2f712ea45b7b9a2b1eb5a5","b1d5697d50014504fea8964eae8d6ad099291a4087058c07ada854c160fad766",3,6,60,"SA_l2_position_foldover","L2","086549459b4fe265c4e8718e6eb1a6d196511785b3016bebf5e09b41ee6ff052",0.457000000000001,"mallows_gp","gp_c4","estimated_c",4,0.266666666666667,TRUE,NA,60,332,1082689383,0.249034074469941,0.918190264535925,FALSE,FALSE,0,2.7509322494391,0.18339548329594,FALSE,3,TRUE,1.38244637364711,-68.1449105007905,59,1e-10,196.361115329652,0.606798442413264,0.640662481706669,0.557156422359422,0.588250053556489,-0.0884494809717244,0.875822426868889,0.941666666666667,0.924698795180723,1.94700235875095,2.09056023998316,0.198767964093652,0.21000380311267,0.274786051158489,0.290318996065213
"29_pwo_gp_model_specific","db6cb901415724b9f55892557a81f2cbcc3e7f91cf2f712ea45b7b9a2b1eb5a5","b1d5697d50014504fea8964eae8d6ad099291a4087058c07ada854c160fad766",3,6,60,"random_foldover","RandomFoldover","086549459b4fe265c4e8718e6eb1a6d196511785b3016bebf5e09b41ee6ff052",0.432000000000002,"mallows_gp","gp_c4","estimated_c",4,0.266666666666667,TRUE,NA,60,332,1082689383,0.249034074469941,0.918190264535925,FALSE,FALSE,0,2.41360131065486,0.160906754043657,FALSE,2,TRUE,1.81757587815103,-68.3345994881923,59,1e-10,529.572468424278,0.557786906597228,0.582907063328185,0.512154507323183,0.535219590677165,-0.130302414610469,0.802132894634553,0.970833333333333,0.966867469879518,2.11969172597821,2.3129172560399,0.180744252425783,0.197039449781653,0.328516393323544,0.358134150967284
"29_pwo_gp_model_specific","db6cb901415724b9f55892557a81f2cbcc3e7f91cf2f712ea45b7b9a2b1eb5a5","b1d5697d50014504fea8964eae8d6ad099291a4087058c07ada854c160fad766",4,6,48,"FSA_lambda050","FSA_lambda050","c895dd012ae9880de138bfb71345de7adaa64b13abe8fb40b0e671496ab175e7",0.329000000000001,"mallows_gp","gp_c1","estimated_c",1,0.0666666666666667,TRUE,NA,48,380,1082637901,1.01756420349533,0.615783065849776,FALSE,FALSE,0,1.44376243679151,0.0962508291194338,FALSE,1.5,TRUE,0.611972340718776,-21.4644967543229,47,1e-10,780.110003293544,0.32540543463351,0.325336016043362,0.200379156182801,0.200336409390533,-0.877885017679291,-0.190168244567101,0.975,0.971052631578947,0.836328449959705,0.900839333952794,0.0810242930567047,0.0877372773729337,0.0495846262769956,0.0536927870022067
"29_pwo_gp_model_specific","db6cb901415724b9f55892557a81f2cbcc3e7f91cf2f712ea45b7b9a2b1eb5a5","b1d5697d50014504fea8964eae8d6ad099291a4087058c07ada854c160fad766",4,6,48,"SA_hamming_foldover","Hamming","c895dd012ae9880de138bfb71345de7adaa64b13abe8fb40b0e671496ab175e7",0.333999999999996,"mallows_gp","gp_c1","estimated_c",1,0.0666666666666667,TRUE,NA,48,380,1082637901,1.01756420349533,0.615783065849776,FALSE,FALSE,0,1.37859918067381,0.0919066120449207,FALSE,1.5,TRUE,0.569624257583403,-16.1324392416354,47,1e-10,1088.95873081821,0.410516746674707,0.405888368789129,0.252789260850026,0.249939184125734,-0.653093756582188,0.0170878629571785,0.925,0.936842105263158,0.81649133738919,0.872463369992914,0.0840221902925892,0.0896337081439745,0.0478610777659476,0.0510575344559589
"29_pwo_gp_model_specific","db6cb901415724b9f55892557a81f2cbcc3e7f91cf2f712ea45b7b9a2b1eb5a5","b1d5697d50014504fea8964eae8d6ad099291a4087058c07ada854c160fad766",4,6,48,"SA_l2_position_foldover","L2","c895dd012ae9880de138bfb71345de7adaa64b13abe8fb40b0e671496ab175e7",0.298000000000002,"mallows_gp","gp_c1","estimated_c",1,0.0666666666666667,TRUE,NA,48,380,1082637901,1.01756420349533,0.615783065849776,FALSE,FALSE,0,1.67230703494836,0.111487135663224,FALSE,1.5,TRUE,0.440002367621356,-17.4978248576993,47,1e-10,480.841476786429,0.370149826772339,0.381249685088875,0.227931995153634,0.234767099938289,-0.782297997057781,-0.0615314873209074,0.938888888888889,0.939473684210526,0.817159130813731,0.870006148099071,0.108262190631534,0.114738823603765,0.0476356202017496,0.0504853540437457
"29_pwo_gp_model_specific","db6cb901415724b9f55892557a81f2cbcc3e7f91cf2f712ea45b7b9a2b1eb5a5","b1d5697d50014504fea8964eae8d6ad099291a4087058c07ada854c160fad766",4,6,48,"random_foldover","RandomFoldover","c895dd012ae9880de138bfb71345de7adaa64b13abe8fb40b0e671496ab175e7",0.299999999999997,"mallows_gp","gp_c1","estimated_c",1,0.0666666666666667,TRUE,NA,48,380,1082637901,1.01756420349533,0.615783065849776,FALSE,FALSE,0,1.51671067641833,0.101114045094556,FALSE,1.5,TRUE,0.602593062890661,-17.0141273884074,47,1e-10,1248.774366759,0.348023070842256,0.344313809868397,0.214306713549698,0.212022613455178,-0.805141666741235,-0.119333883755949,0.988888888888889,0.989473684210526,0.937368301845317,0.999721531833566,0.104646621082885,0.111202652970186,0.0630593279194943,0.0670099472548717
"29_pwo_gp_model_specific","db6cb901415724b9f55892557a81f2cbcc3e7f91cf2f712ea45b7b9a2b1eb5a5","b1d5697d50014504fea8964eae8d6ad099291a4087058c07ada854c160fad766",4,6,48,"FSA_lambda050","FSA_lambda050","c895dd012ae9880de138bfb71345de7adaa64b13abe8fb40b0e671496ab175e7",0.292999999999999,"mallows_gp","gp_c4","estimated_c",4,0.266666666666667,TRUE,NA,48,380,1082689384,0.387790114883146,1.18521067328373,FALSE,FALSE,0,2.27195924503739,0.15146394966916,FALSE,2,TRUE,2.28328577402756,-65.2419991371387,47,1e-10,199.498570799839,0.546276991378821,0.563799858464946,0.647453320751501,0.668221609848508,0.245713715644926,0.990233553366411,0.956944444444444,0.947368421052632,2.34124547084908,2.5214911513226,0.169897912056143,0.183942925810366,0.387925485634778,0.419994265735815
"29_pwo_gp_model_specific","db6cb901415724b9f55892557a81f2cbcc3e7f91cf2f712ea45b7b9a2b1eb5a5","b1d5697d50014504fea8964eae8d6ad099291a4087058c07ada854c160fad766",4,6,48,"SA_hamming_foldover","Hamming","c895dd012ae9880de138bfb71345de7adaa64b13abe8fb40b0e671496ab175e7",0.356000000000002,"mallows_gp","gp_c4","estimated_c",4,0.266666666666667,TRUE,NA,48,380,1082689384,0.387790114883146,1.18521067328373,FALSE,FALSE,0,1.0379988758529,0.0691999250568597,FALSE,1,TRUE,4.80865621982919,-56.8887137888659,47,1e-10,2531.61535162569,0.630786597499902,0.647828579803982,0.747615007921209,0.767813347241917,0.607827225695085,1.3231353725058,0.818055555555556,0.797368421052632,1.84678754622533,1.97286210748991,0.0509904650223965,0.0543722469055474,0.24519561678193,0.261457443268449
"29_pwo_gp_model_specific","db6cb901415724b9f55892557a81f2cbcc3e7f91cf2f712ea45b7b9a2b1eb5a5","b1d5697d50014504fea8964eae8d6ad099291a4087058c07ada854c160fad766",4,6,48,"SA_l2_position_foldover","L2","c895dd012ae9880de138bfb71345de7adaa64b13abe8fb40b0e671496ab175e7",0.395000000000003,"mallows_gp","gp_c4","estimated_c",4,0.266666666666667,TRUE,NA,48,380,1082689384,0.387790114883146,1.18521067328373,FALSE,FALSE,0,1.81273258923301,0.120848839282201,FALSE,2,TRUE,2.5715812238537,-61.3297082478285,47,1e-10,378.183721178578,0.613654048582202,0.644527701328719,0.727309328083395,0.763901110841823,0.388182057527913,1.15813297177573,0.895833333333333,0.881578947368421,2.11161881767619,2.24788002351743,0.123634099626929,0.130989474892049,0.317935129228668,0.336850074154849
"29_pwo_gp_model_specific","db6cb901415724b9f55892557a81f2cbcc3e7f91cf2f712ea45b7b9a2b1eb5a5","b1d5697d50014504fea8964eae8d6ad099291a4087058c07ada854c160fad766",4,6,48,"random_foldover","RandomFoldover","c895dd012ae9880de138bfb71345de7adaa64b13abe8fb40b0e671496ab175e7",0.372,"mallows_gp","gp_c4","estimated_c",4,0.266666666666667,TRUE,NA,48,380,1082689384,0.387790114883146,1.18521067328373,FALSE,FALSE,0,3.14385413131381,0.209590275420921,FALSE,3,TRUE,1.41343851668444,-56.6561310186689,47,1e-10,148.355014018066,0.620391463367611,0.63917594087885,0.735294583997402,0.75755814723578,0.335798312489757,1.102837469054,0.938888888888889,0.934210526315789,2.48312739938972,2.65235723591457,0.311019197785958,0.33157425201346,0.439606513578968,0.468659818936657
"29_pwo_gp_model_specific","db6cb901415724b9f55892557a81f2cbcc3e7f91cf2f712ea45b7b9a2b1eb5a5","b1d5697d50014504fea8964eae8d6ad099291a4087058c07ada854c160fad766",4,6,60,"FSA_lambda050","FSA_lambda050","482970ff02006b7a74c814319c28852da8a96165d9b203f32fc8632ec41b2e38",0.467999999999996,"mallows_gp","gp_c1","estimated_c",1,0.0666666666666667,TRUE,NA,60,338,1082637901,1.01756420349533,0.615783065849776,FALSE,FALSE,0,1.27818701500315,0.0852124676668765,FALSE,1.5,TRUE,0.58508701252559,-16.3443419365151,59,1e-10,1474.74420706207,0.349371846121573,0.384753253977197,0.215137266526338,0.236924538329756,-0.927807263748136,0.0683981813375062,0.8875,0.843195266272189,0.638068566908499,0.686380653841802,0.0502162922279056,0.0533274194746568,0.0293809003997373,0.0312011805461259
"29_pwo_gp_model_specific","db6cb901415724b9f55892557a81f2cbcc3e7f91cf2f712ea45b7b9a2b1eb5a5","b1d5697d50014504fea8964eae8d6ad099291a4087058c07ada854c160fad766",4,6,60,"SA_hamming_foldover","Hamming","482970ff02006b7a74c814319c28852da8a96165d9b203f32fc8632ec41b2e38",0.478000000000002,"mallows_gp","gp_c1","estimated_c",1,0.0666666666666667,TRUE,NA,60,338,1082637901,1.01756420349533,0.615783065849776,FALSE,FALSE,0,1.42433038931618,0.0949553592877451,FALSE,1.5,TRUE,0.502937829054014,-12.8277230488472,59,1e-10,1612.55097426948,0.350023307734378,0.381818219301372,0.215538425555555,0.235117193678701,-0.987104449804393,-0.0099176771392756,0.926388888888889,0.899408284023669,0.688828955349297,0.745258522387271,0.0686980130562693,0.0736809229411647,0.0345508295468444,0.0370569234267254
"29_pwo_gp_model_specific","db6cb901415724b9f55892557a81f2cbcc3e7f91cf2f712ea45b7b9a2b1eb5a5","b1d5697d50014504fea8964eae8d6ad099291a4087058c07ada854c160fad766",4,6,60,"SA_l2_position_foldover","L2","482970ff02006b7a74c814319c28852da8a96165d9b203f32fc8632ec41b2e38",0.484000000000002,"mallows_gp","gp_c1","estimated_c",1,0.0666666666666667,TRUE,NA,60,338,1082637901,1.01756420349533,0.615783065849776,FALSE,FALSE,0,1.40697131973917,0.0937980879826114,FALSE,1.5,TRUE,0.646772460319609,-20.9377815596719,59,1e-10,1257.54798642607,0.2833123612191,0.304389793500663,0.174458954384637,0.187438080255219,-1.14834101052063,-0.251436205376844,0.981944444444444,0.979289940828402,0.769394207501776,0.839457966594957,0.0669437364787243,0.073056831987499,0.043297365145332,0.047251146967711
"29_pwo_gp_model_specific","db6cb901415724b9f55892557a81f2cbcc3e7f91cf2f712ea45b7b9a2b1eb5a5","b1d5697d50014504fea8964eae8d6ad099291a4087058c07ada854c160fad766",4,6,60,"random_foldover","RandomFoldover","482970ff02006b7a74c814319c28852da8a96165d9b203f32fc8632ec41b2e38",0.475000000000001,"mallows_gp","gp_c1","estimated_c",1,0.0666666666666667,TRUE,NA,60,338,1082637901,1.01756420349533,0.615783065849776,FALSE,FALSE,0,1.12154749983963,0.0747698333226418,FALSE,1,TRUE,0.633816560180182,-6.36273414268298,59,1e-10,4794.08938094684,0.377454924791147,0.386024011580912,0.232430350807989,0.237707049342923,-0.820782947100212,0.0578857026979725,0.847222222222222,0.855029585798817,0.636160521935228,0.696712775526758,0.0466395428911096,0.0512647357812972,0.0295609146436191,0.0324924384914477
"29_pwo_gp_model_specific","db6cb901415724b9f55892557a81f2cbcc3e7f91cf2f712ea45b7b9a2b1eb5a5","b1d5697d50014504fea8964eae8d6ad099291a4087058c07ada854c160fad766",4,6,60,"FSA_lambda050","FSA_lambda050","482970ff02006b7a74c814319c28852da8a96165d9b203f32fc8632ec41b2e38",0.469999999999999,"mallows_gp","gp_c4","estimated_c",4,0.266666666666667,TRUE,NA,60,338,1082689384,0.387790114883146,1.18521067328373,FALSE,FALSE,0,2.50402761917755,0.166935174611836,FALSE,3,TRUE,2.08945679944265,-79.6316382137866,59,1e-10,194.315588743519,0.474044145437603,0.489122585841539,0.56184218078031,0.579713309283528,-0.0453760045210357,0.879885573462256,0.951388888888889,0.937869822485207,2.15270175665953,2.31601442511849,0.159738622835795,0.169642648610614,0.333766951617856,0.354460985614908
"29_pwo_gp_model_specific","db6cb901415724b9f55892557a81f2cbcc3e7f91cf2f712ea45b7b9a2b1eb5a5","b1d5697d50014504fea8964eae8d6ad099291a4087058c07ada854c160fad766",4,6,60,"SA_hamming_foldover","Hamming","482970ff02006b7a74c814319c28852da8a96165d9b203f32fc8632ec41b2e38",0.439999999999998,"mallows_gp","gp_c4","estimated_c",4,0.266666666666667,TRUE,NA,60,338,1082689384,0.387790114883146,1.18521067328373,FALSE,FALSE,0,3.39373675976865,0.22624911731791,FALSE,3,TRUE,1.54401696485101,-76.8236082230236,59,1e-10,119.699621138738,0.519926118038709,0.525884280270204,0.616221984418453,0.623283661888376,0.00872154156715389,0.929461115057956,0.969444444444444,0.973372781065089,2.41667374817264,2.61742276838867,0.273823171605792,0.294400288411667,0.422787622328651,0.454559039764644
"29_pwo_gp_model_specific","db6cb901415724b9f55892557a81f2cbcc3e7f91cf2f712ea45b7b9a2b1eb5a5","b1d5697d50014504fea8964eae8d6ad099291a4087058c07ada854c160fad766",4,6,60,"SA_l2_position_foldover","L2","482970ff02006b7a74c814319c28852da8a96165d9b203f32fc8632ec41b2e38",0.433999999999997,"mallows_gp","gp_c4","estimated_c",4,0.266666666666667,TRUE,NA,60,338,1082689384,0.387790114883146,1.18521067328373,FALSE,FALSE,0,2.20194776439842,0.146796517626561,FALSE,2,TRUE,2.08328828605199,-73.0564082782983,59,1e-10,326.700666731041,0.541995864661908,0.577924420053952,0.642379283672935,0.684962190999251,0.0874588801136848,1.03564769633838,0.905555555555556,0.893491124260355,2.02305558485101,2.20608983749888,0.143191920124539,0.156120509895487,0.298310049852744,0.325244029477731
"29_pwo_gp_model_specific","db6cb901415724b9f55892557a81f2cbcc3e7f91cf2f712ea45b7b9a2b1eb5a5","b1d5697d50014504fea8964eae8d6ad099291a4087058c07ada854c160fad766",4,6,60,"random_foldover","RandomFoldover","482970ff02006b7a74c814319c28852da8a96165d9b203f32fc8632ec41b2e38",0.442,"mallows_gp","gp_c4","estimated_c",4,0.266666666666667,TRUE,NA,60,338,1082689384,0.387790114883146,1.18521067328373,FALSE,FALSE,0,3.01745642789831,0.201163761859888,FALSE,3,TRUE,1.84536534063996,-76.295754794563,59,1e-10,241.894362531087,0.493241520073356,0.522439015405462,0.58459511409763,0.619200297198394,-0.0102211937263439,0.936232120713723,0.977777777777778,0.982248520710059,2.47851206422412,2.71764649985561,0.241421372387511,0.266068010160594,0.445510633093646,0.490992684203402
"29_pwo_gp_model_specific","db6cb901415724b9f55892557a81f2cbcc3e7f91cf2f712ea45b7b9a2b1eb5a5","b1d5697d50014504fea8964eae8d6ad099291a4087058c07ada854c160fad766",5,6,48,"FSA_lambda050","FSA_lambda050","4c0328d9e790d6f781f715e4630d7dfc2ead3d7e8952846744e27e884ab0781e",0.306999999999999,"mallows_gp","gp_c1","estimated_c",1,0.0666666666666667,TRUE,NA,48,402,1082637902,0.208305197596803,0.627626501286101,FALSE,FALSE,0,0.764834312172855,0.050988954144857,FALSE,0.75,TRUE,1.35144965589211,-19.8008535901586,47,1e-10,4988.75704043191,0.368138944105239,0.377795156301872,0.23105375747593,0.237114252152579,-0.66030987771721,0.0234538712688634,0.880555555555556,0.878109452736318,0.68309783005411,0.725974132709164,0.0245045642093901,0.0258517784546684,0.0331166848685663,0.0349373770967607
"29_pwo_gp_model_specific","db6cb901415724b9f55892557a81f2cbcc3e7f91cf2f712ea45b7b9a2b1eb5a5","b1d5697d50014504fea8964eae8d6ad099291a4087058c07ada854c160fad766",5,6,48,"SA_hamming_foldover","Hamming","4c0328d9e790d6f781f715e4630d7dfc2ead3d7e8952846744e27e884ab0781e",0.339999999999996,"mallows_gp","gp_c1","estimated_c",1,0.0666666666666667,TRUE,NA,48,402,1082637902,0.208305197596803,0.627626501286101,FALSE,FALSE,0,1.20201505986711,0.0801343373244739,FALSE,1,TRUE,1.03633223298289,-25.4221672193145,47,1e-10,1957.78367170462,0.303631217291068,0.309267784204699,0.190566998589633,0.1941046573609,-0.841841078753337,-0.158429471970677,0.993055555555556,0.997512437810945,0.969636808593631,1.03410673002992,0.0649309359953355,0.0690291382214891,0.0672900218897154,0.0715371209539606
"29_pwo_gp_model_specific","db6cb901415724b9f55892557a81f2cbcc3e7f91cf2f712ea45b7b9a2b1eb5a5","b1d5697d50014504fea8964eae8d6ad099291a4087058c07ada854c160fad766",5,6,48,"SA_l2_position_foldover","L2","4c0328d9e790d6f781f715e4630d7dfc2ead3d7e8952846744e27e884ab0781e",0.339999999999996,"mallows_gp","gp_c1","estimated_c",1,0.0666666666666667,TRUE,NA,48,402,1082637902,0.208305197596803,0.627626501286101,FALSE,FALSE,0,0.931886133466733,0.0621257422311156,FALSE,1,TRUE,1.17203653998349,-22.2390139709631,47,1e-10,2889.20011449911,0.333356252696691,0.355612368120814,0.209223218561869,0.223191746417731,-0.810545112566832,-0.0831815709979073,0.940277777777778,0.925373134328358,0.778240208151418,0.831708970815054,0.0368689360733544,0.0392881768557602,0.0432117402682867,0.0460471788642845
"29_pwo_gp_model_specific","db6cb901415724b9f55892557a81f2cbcc3e7f91cf2f712ea45b7b9a2b1eb5a5","b1d5697d50014504fea8964eae8d6ad099291a4087058c07ada854c160fad766",5,6,48,"random_foldover","RandomFoldover","4c0328d9e790d6f781f715e4630d7dfc2ead3d7e8952846744e27e884ab0781e",0.359999999999999,"mallows_gp","gp_c1","estimated_c",1,0.0666666666666667,TRUE,NA,48,402,1082637902,0.208305197596803,0.627626501286101,FALSE,FALSE,0,0.895265682966249,0.0596843788644166,FALSE,1,TRUE,1.05694851862398,-10.9657568950826,47,1e-10,9887.4517656772,0.384524911241233,0.400027163850514,0.241338024699684,0.2510676492669,-0.666437019501102,0.0530372332262562,0.911111111111111,0.895522388059702,0.798418730133608,0.855105823762081,0.043873907607,0.0469783387094457,0.0463724616514641,0.0496536855063643
"29_pwo_gp_model_specific","db6cb901415724b9f55892557a81f2cbcc3e7f91cf2f712ea45b7b9a2b1eb5a5","b1d5697d50014504fea8964eae8d6ad099291a4087058c07ada854c160fad766",5,6,48,"FSA_lambda050","FSA_lambda050","4c0328d9e790d6f781f715e4630d7dfc2ead3d7e8952846744e27e884ab0781e",0.363999999999997,"mallows_gp","gp_c4","estimated_c",4,0.266666666666667,TRUE,NA,48,402,1082689385,0.10584296793835,0.940930301415595,FALSE,FALSE,0,4.07348623037436,0.271565748691624,FALSE,4,TRUE,0.536085007670002,-44.3751650041574,47,1e-10,32.8515028118678,0.719810654886778,0.732451935720267,0.677291656464773,0.689186220649707,0.481332537905002,1.27498505843443,0.808333333333333,0.781094527363184,1.66968822173722,1.77573592538649,0.366862485398935,0.387520667254276,0.196669478298924,0.207744019877293
"29_pwo_gp_model_specific","db6cb901415724b9f55892557a81f2cbcc3e7f91cf2f712ea45b7b9a2b1eb5a5","b1d5697d50014504fea8964eae8d6ad099291a4087058c07ada854c160fad766",5,6,48,"SA_hamming_foldover","Hamming","4c0328d9e790d6f781f715e4630d7dfc2ead3d7e8952846744e27e884ab0781e",0.387,"mallows_gp","gp_c4","estimated_c",4,0.266666666666667,TRUE,NA,48,402,1082689385,0.10584296793835,0.940930301415595,FALSE,FALSE,0,7.16127772985944,0.477418515323962,FALSE,8,TRUE,0.956220192447127,-63.3285731701853,47,1e-10,11.2110587730843,0.701691927354147,0.749880458803239,0.660243196706227,0.705585246127396,0.273986921666892,1.07039992873005,0.984722222222222,0.980099502487562,2.98455866843643,3.18893315189767,0.655889203116788,0.699588092691133,0.627174500028328,0.668960260626834
"29_pwo_gp_model_specific","db6cb901415724b9f55892557a81f2cbcc3e7f91cf2f712ea45b7b9a2b1eb5a5","b1d5697d50014504fea8964eae8d6ad099291a4087058c07ada854c160fad766",5,6,48,"SA_l2_position_foldover","L2","4c0328d9e790d6f781f715e4630d7dfc2ead3d7e8952846744e27e884ab0781e",0.338000000000001,"mallows_gp","gp_c4","estimated_c",4,0.266666666666667,TRUE,NA,48,402,1082689385,0.10584296793835,0.940930301415595,FALSE,FALSE,0,3.57374537828305,0.238249691885537,FALSE,4,TRUE,0.888118169732319,-53.2396626946409,47,1e-10,53.2055665976344,0.672368463794124,0.696348725186289,0.632651861300146,0.6552156158799,0.234083730698074,1.00249897693159,0.913888888888889,0.898009950248756,2.00686449836272,2.14622592773044,0.321241789270966,0.34283150792135,0.285300669928865,0.30447489134168
"29_pwo_gp_model_specific","db6cb901415724b9f55892557a81f2cbcc3e7f91cf2f712ea45b7b9a2b1eb5a5","b1d5697d50014504fea8964eae8d6ad099291a4087058c07ada854c160fad766",5,6,48,"random_foldover","RandomFoldover","4c0328d9e790d6f781f715e4630d7dfc2ead3d7e8952846744e27e884ab0781e",0.367999999999995,"mallows_gp","gp_c4","estimated_c",4,0.266666666666667,TRUE,NA,48,402,1082689385,0.10584296793835,0.940930301415595,FALSE,FALSE,0,3.21307702133026,0.214205134755351,FALSE,3,TRUE,1.42463133043342,-55.9160593241224,47,1e-10,205.796836014718,0.733006819515242,0.755044713519275,0.689708327626163,0.710444449873943,0.305871709745854,1.08152425807134,0.947222222222222,0.940298507462687,2.58634051285359,2.77083429109433,0.336938236384639,0.361111536620683,0.48001276797454,0.514450808850782
"29_pwo_gp_model_specific","db6cb901415724b9f55892557a81f2cbcc3e7f91cf2f712ea45b7b9a2b1eb5a5","b1d5697d50014504fea8964eae8d6ad099291a4087058c07ada854c160fad766",5,6,60,"FSA_lambda050","FSA_lambda050","319ee4fffe6e31544529988d1a1cd4294f1456cf1622756ef6da89c124bedd46",0.510000000000005,"mallows_gp","gp_c1","estimated_c",1,0.0666666666666667,TRUE,NA,60,330,1082637902,0.208305197596803,0.627626501286101,FALSE,FALSE,0,1.2104234195188,0.0806948946345868,FALSE,1,TRUE,0.80739661484951,-23.312566309879,59,1e-10,1927.32516846848,0.30887649495802,0.31607610973538,0.193859073860016,0.198377742893338,-1.08892685187625,-0.225810640353282,0.95,0.957575757575758,0.718606265829853,0.782032580538678,0.0462199831390655,0.0501496695667028,0.0373178579248829,0.0404906734439773
"29_pwo_gp_model_specific","db6cb901415724b9f55892557a81f2cbcc3e7f91cf2f712ea45b7b9a2b1eb5a5","b1d5697d50014504fea8964eae8d6ad099291a4087058c07ada854c160fad766",5,6,60,"SA_hamming_foldover","Hamming","319ee4fffe6e31544529988d1a1cd4294f1456cf1622756ef6da89c124bedd46",0.491,"mallows_gp","gp_c1","estimated_c",1,0.0666666666666667,TRUE,NA,60,330,1082637902,0.208305197596803,0.627626501286101,FALSE,FALSE,0,1.40129585807206,0.0934197238714708,FALSE,1.5,TRUE,0.695529536114124,-19.5454957741448,59,1e-10,2254.41986074369,0.322788533332217,0.323281091558166,0.202590637830571,0.202899780426603,-1.04520190293102,-0.181606995008339,0.970833333333333,0.96969696969697,0.816728533627613,0.885997362267181,0.0700246508393093,0.0752637422244563,0.0487042129148183,0.0523481557155891
"29_pwo_gp_model_specific","db6cb901415724b9f55892557a81f2cbcc3e7f91cf2f712ea45b7b9a2b1eb5a5","b1d5697d50014504fea8964eae8d6ad099291a4087058c07ada854c160fad766",5,6,60,"SA_l2_position_foldover","L2","319ee4fffe6e31544529988d1a1cd4294f1456cf1622756ef6da89c124bedd46",0.485999999999997,"mallows_gp","gp_c1","estimated_c",1,0.0666666666666667,TRUE,NA,60,330,1082637902,0.208305197596803,0.627626501286101,FALSE,FALSE,0,1.14606278359467,0.0764041855729782,FALSE,1,TRUE,0.783959743146946,-17.6996614775866,59,1e-10,2790.88027578687,0.326903363561629,0.340960658788503,0.205173214330843,0.213995945351632,-1.02104030410772,-0.139639339296553,0.922222222222222,0.93030303030303,0.699357074514917,0.759416241279837,0.0453552580626842,0.0489983347089049,0.0355566964611853,0.0384127218930212
"29_pwo_gp_model_specific","db6cb901415724b9f55892557a81f2cbcc3e7f91cf2f712ea45b7b9a2b1eb5a5","b1d5697d50014504fea8964eae8d6ad099291a4087058c07ada854c160fad766",5,6,60,"random_foldover","RandomFoldover","319ee4fffe6e31544529988d1a1cd4294f1456cf1622756ef6da89c124bedd46",0.463999999999999,"mallows_gp","gp_c1","estimated_c",1,0.0666666666666667,TRUE,NA,60,330,1082637902,0.208305197596803,0.627626501286101,FALSE,FALSE,0,1.11994549432314,0.0746630329548759,FALSE,1,TRUE,1.01062371875684,-18.6695269585707,59,1e-10,5177.04996888154,0.350390636731759,0.358589454076746,0.219914449415363,0.225060244460281,-1.01998896253908,-0.175002530255948,0.968055555555556,0.978787878787879,0.83135867794457,0.89791265008175,0.050819806851047,0.0543923918056021,0.0513597021863093,0.0549702412786565
"29_pwo_gp_model_specific","db6cb901415724b9f55892557a81f2cbcc3e7f91cf2f712ea45b7b9a2b1eb5a5","b1d5697d50014504fea8964eae8d6ad099291a4087058c07ada854c160fad766",5,6,60,"FSA_lambda050","FSA_lambda050","319ee4fffe6e31544529988d1a1cd4294f1456cf1622756ef6da89c124bedd46",0.467000000000006,"mallows_gp","gp_c4","estimated_c",4,0.266666666666667,TRUE,NA,60,330,1082689385,0.10584296793835,0.940930301415595,FALSE,FALSE,0,4.99299739393884,0.332866492929256,FALSE,6,TRUE,0.826701068901048,-70.1481305120737,59,1e-10,26.1858531843423,0.653925723367024,0.697468343543806,0.615298527991144,0.656269098718509,-0.00161997059924577,0.986211546189857,0.9375,0.921212121212121,2.1703695998135,2.36125240283449,0.408839136872913,0.443471363661274,0.337987751461419,0.366618250365781
"29_pwo_gp_model_specific","db6cb901415724b9f55892557a81f2cbcc3e7f91cf2f712ea45b7b9a2b1eb5a5","b1d5697d50014504fea8964eae8d6ad099291a4087058c07ada854c160fad766",5,6,60,"SA_hamming_foldover","Hamming","319ee4fffe6e31544529988d1a1cd4294f1456cf1622756ef6da89c124bedd46",0.452999999999996,"mallows_gp","gp_c4","estimated_c",4,0.266666666666667,TRUE,NA,60,330,1082689385,0.10584296793835,0.940930301415595,FALSE,FALSE,0,4.59137826203446,0.30609188413563,FALSE,4,TRUE,0.829378482279237,-64.5628619633084,59,1e-10,64.1899361225961,0.6880047865986,0.74155413714128,0.647364551229593,0.697750757776326,0.0236004206294611,1.04794074771743,0.931944444444444,0.912121212121212,2.16666311073466,2.36192637105681,0.408542102144138,0.444022727282115,0.338836028623474,0.368262895650728
"29_pwo_gp_model_specific","db6cb901415724b9f55892557a81f2cbcc3e7f91cf2f712ea45b7b9a2b1eb5a5","b1d5697d50014504fea8964eae8d6ad099291a4087058c07ada854c160fad766",5,6,60,"SA_l2_position_foldover","L2","319ee4fffe6e31544529988d1a1cd4294f1456cf1622756ef6da89c124bedd46",0.429000000000002,"mallows_gp","gp_c4","estimated_c",4,0.266666666666667,TRUE,NA,60,330,1082689385,0.10584296793835,0.940930301415595,FALSE,FALSE,0,5.60125371231101,0.373416914154068,FALSE,6,TRUE,0.84487611574776,-71.9225819525753,59,1e-10,22.374313877404,0.616092235514884,0.662575391387762,0.579699852862828,0.623437262729043,-0.0551399794037589,0.931677821762798,0.968055555555556,0.963636363636364,2.36125251027429,2.57153669229437,0.474014162830532,0.515315444916583,0.400483244701686,0.435377711485952
"29_pwo_gp_model_specific","db6cb901415724b9f55892557a81f2cbcc3e7f91cf2f712ea45b7b9a2b1eb5a5","b1d5697d50014504fea8964eae8d6ad099291a4087058c07ada854c160fad766",5,6,60,"random_foldover","RandomFoldover","319ee4fffe6e31544529988d1a1cd4294f1456cf1622756ef6da89c124bedd46",0.427999999999997,"mallows_gp","gp_c4","estimated_c",4,0.266666666666667,TRUE,NA,60,330,1082689385,0.10584296793835,0.940930301415595,FALSE,FALSE,0,3.54154677871471,0.236103118580981,FALSE,4,TRUE,1.2095695620734,-67.6571297494121,59,1e-10,164.183710717323,0.609665346273524,0.639607791452775,0.57365259803179,0.601826351999423,-0.0575615377560793,0.898945689471433,0.963888888888889,0.957575757575758,2.29130636211089,2.47921460821238,0.317143829476094,0.340775115161582,0.383607522933678,0.412191206811506
"29_pwo_gp_model_specific","db6cb901415724b9f55892557a81f2cbcc3e7f91cf2f712ea45b7b9a2b1eb5a5","b1d5697d50014504fea8964eae8d6ad099291a4087058c07ada854c160fad766",6,6,48,"FSA_lambda050","FSA_lambda050","934c9a13cca62103a4df4b741a9a2d82f78f1973dff712d6252b5d0ba6b387b9",0.343,"mallows_gp","gp_c1","estimated_c",1,0.0666666666666667,TRUE,NA,48,400,1082637903,-0.0616515493865092,0.857414681022288,FALSE,FALSE,0,0.66728863274551,0.0444859088497007,FALSE,0.75,TRUE,2.05563088517553,-24.4970374746294,47,1e-10,7027.56801533118,0.242404083100867,0.253755948217003,0.20784081959043,0.21757407539799,-0.795697368847665,-0.113409312162231,0.934722222222222,0.9275,0.737278097684248,0.786494768802732,0.0187538176564202,0.0199135197645811,0.0385509267894876,0.0409348462606263
"29_pwo_gp_model_specific","db6cb901415724b9f55892557a81f2cbcc3e7f91cf2f712ea45b7b9a2b1eb5a5","b1d5697d50014504fea8964eae8d6ad099291a4087058c07ada854c160fad766",6,6,48,"SA_hamming_foldover","Hamming","934c9a13cca62103a4df4b741a9a2d82f78f1973dff712d6252b5d0ba6b387b9",0.347999999999999,"mallows_gp","gp_c1","estimated_c",1,0.0666666666666667,TRUE,NA,48,400,1082637903,-0.0616515493865092,0.857414681022288,FALSE,FALSE,0,0.851835443915988,0.0567890295943992,FALSE,0.75,TRUE,1.52693096328539,-21.879684922827,47,1e-10,4569.02270235785,0.259025318628709,0.275072700531784,0.222092110948731,0.235851371784399,-0.785905320591039,-0.0839463205827981,0.973611111111111,0.9675,0.886256183304614,0.952719846462391,0.0370587825960578,0.0400067232164831,0.0565862026075824,0.0610875044188365
"29_pwo_gp_model_specific","db6cb901415724b9f55892557a81f2cbcc3e7f91cf2f712ea45b7b9a2b1eb5a5","b1d5697d50014504fea8964eae8d6ad099291a4087058c07ada854c160fad766",6,6,48,"SA_l2_position_foldover","L2","934c9a13cca62103a4df4b741a9a2d82f78f1973dff712d6252b5d0ba6b387b9",0.268999999999998,"mallows_gp","gp_c1","estimated_c",1,0.0666666666666667,TRUE,NA,48,400,1082637903,-0.0616515493865092,0.857414681022288,FALSE,FALSE,0,0.473741368585945,0.0315827579057297,FALSE,0.5,TRUE,3.36757954648327,-21.1912199640659,47,1e-10,21498.3241093274,0.311732986963281,0.328162514585465,0.267284439581246,0.281371357766769,-0.486981499801692,0.23924048016006,0.854166666666667,0.8325,0.71006559101407,0.761101367725306,0.0107590988748639,0.0115285684707156,0.0362321213095829,0.0388233713822137
"29_pwo_gp_model_specific","db6cb901415724b9f55892557a81f2cbcc3e7f91cf2f712ea45b7b9a2b1eb5a5","b1d5697d50014504fea8964eae8d6ad099291a4087058c07ada854c160fad766",6,6,48,"random_foldover","RandomFoldover","934c9a13cca62103a4df4b741a9a2d82f78f1973dff712d6252b5d0ba6b387b9",0.341999999999999,"mallows_gp","gp_c1","estimated_c",1,0.0666666666666667,TRUE,NA,48,400,1082637903,-0.0616515493865092,0.857414681022288,FALSE,FALSE,0,0.735752635830103,0.0490501757220069,FALSE,0.75,TRUE,1.65243222214963,-17.3089272305197,47,1e-10,11407.8852484861,0.276901355252026,0.282810546344776,0.237419287188055,0.242485914383945,-0.706657055414027,-0.0393466463204238,0.934722222222222,0.9275,0.790127723761369,0.835095699159931,0.0272978110269888,0.0285151753945173,0.0451077825351478,0.0471193946421487
"29_pwo_gp_model_specific","db6cb901415724b9f55892557a81f2cbcc3e7f91cf2f712ea45b7b9a2b1eb5a5","b1d5697d50014504fea8964eae8d6ad099291a4087058c07ada854c160fad766",6,6,48,"FSA_lambda050","FSA_lambda050","934c9a13cca62103a4df4b741a9a2d82f78f1973dff712d6252b5d0ba6b387b9",0.335999999999999,"mallows_gp","gp_c4","estimated_c",4,0.266666666666667,TRUE,NA,48,400,1082689386,-0.67691553947011,0.977632715146665,FALSE,FALSE,0,4.07439323600397,0.271626215733598,FALSE,4,TRUE,1.03377318742022,-59.6363634824926,47,1e-10,31.2232576078325,0.604774540021797,0.627402730005213,0.591247375613085,0.613369434425426,0.149715566717721,0.913866661393946,0.956944444444444,0.9525,2.32088530885658,2.47924819559171,0.367352698267007,0.391237087370626,0.379759369794901,0.404450410848134
"29_pwo_gp_model_specific","db6cb901415724b9f55892557a81f2cbcc3e7f91cf2f712ea45b7b9a2b1eb5a5","b1d5697d50014504fea8964eae8d6ad099291a4087058c07ada854c160fad766",6,6,48,"SA_hamming_foldover","Hamming","934c9a13cca62103a4df4b741a9a2d82f78f1973dff712d6252b5d0ba6b387b9",0.561999999999998,"mallows_gp","gp_c4","estimated_c",4,0.266666666666667,TRUE,NA,48,400,1082689386,-0.67691553947011,0.977632715146665,FALSE,FALSE,0,3.27046390824837,0.218030927216558,FALSE,3,TRUE,0.97083774859346,-50.8311455735348,47,1e-10,86.4823758818929,0.690146132586948,0.720744865734959,0.674709437448948,0.704623760016487,0.289147786180396,1.08443689045061,0.9,0.895,2.08917141087269,2.24113155439968,0.320985306453242,0.344950638131324,0.311624652248647,0.334891100899292
"29_pwo_gp_model_specific","db6cb901415724b9f55892557a81f2cbcc3e7f91cf2f712ea45b7b9a2b1eb5a5","b1d5697d50014504fea8964eae8d6ad099291a4087058c07ada854c160fad766",6,6,48,"SA_l2_position_foldover","L2","934c9a13cca62103a4df4b741a9a2d82f78f1973dff712d6252b5d0ba6b387b9",0.326000000000001,"mallows_gp","gp_c4","estimated_c",4,0.266666666666667,TRUE,NA,48,400,1082689386,-0.67691553947011,0.977632715146665,FALSE,FALSE,0,5.12549435194641,0.341699623463094,FALSE,6,TRUE,0.919746338975778,-59.7743880330998,47,1e-10,18.1347223032328,0.64609858572305,0.659861802949982,0.631647114612845,0.645102486039565,0.203865883795636,0.963935115760218,0.968055555555556,0.97,2.51407092780661,2.69732885715444,0.485918438969669,0.521833449632719,0.446921705283179,0.479954404854795
"29_pwo_gp_model_specific","db6cb901415724b9f55892557a81f2cbcc3e7f91cf2f712ea45b7b9a2b1eb5a5","b1d5697d50014504fea8964eae8d6ad099291a4087058c07ada854c160fad766",6,6,48,"random_foldover","RandomFoldover","934c9a13cca62103a4df4b741a9a2d82f78f1973dff712d6252b5d0ba6b387b9",0.355000000000004,"mallows_gp","gp_c4","estimated_c",4,0.266666666666667,TRUE,NA,48,400,1082689386,-0.67691553947011,0.977632715146665,FALSE,FALSE,0,3.57577805467682,0.238385203645121,FALSE,4,TRUE,1.21740278886723,-56.9219830382815,47,1e-10,102.30662815506,0.640684837752054,0.68643073297259,0.626354457484841,0.671077141236108,0.211110764346303,0.997911822453156,0.956944444444444,0.9425,2.47267793787675,2.62280271374345,0.358362421907617,0.376755042937552,0.436271411855547,0.458662639991968
"29_pwo_gp_model_specific","db6cb901415724b9f55892557a81f2cbcc3e7f91cf2f712ea45b7b9a2b1eb5a5","b1d5697d50014504fea8964eae8d6ad099291a4087058c07ada854c160fad766",6,6,60,"FSA_lambda050","FSA_lambda050","aded66e86da3622d582ec829ab6deb620b244809e0238b9caddc893f3c1c5cc5",0.453000000000003,"mallows_gp","gp_c1","estimated_c",1,0.0666666666666667,TRUE,NA,60,328,1082637903,-0.0616515493865092,0.857414681022288,FALSE,FALSE,0,1.25720612559736,0.0838137417064904,FALSE,1.5,TRUE,0.986680675148913,-30.8243866728711,59,1e-10,1801.98243063193,0.213452156863264,0.224791443156181,0.183017012990435,0.192739483530296,-1.08340810683458,-0.212748333886043,0.981944444444444,0.981707317073171,0.819776622582543,0.895753903448947,0.0491424247723527,0.0537419847283009,0.0484878808528397,0.0530261777755625
"29_pwo_gp_model_specific","db6cb901415724b9f55892557a81f2cbcc3e7f91cf2f712ea45b7b9a2b1eb5a5","b1d5697d50014504fea8964eae8d6ad099291a4087058c07ada854c160fad766",6,6,60,"SA_hamming_foldover","Hamming","aded66e86da3622d582ec829ab6deb620b244809e0238b9caddc893f3c1c5cc5",0.487000000000002,"mallows_gp","gp_c1","estimated_c",1,0.0666666666666667,TRUE,NA,60,328,1082637903,-0.0616515493865092,0.857414681022288,FALSE,FALSE,0,0.969087040675373,0.0646058027116916,FALSE,1,TRUE,1.14216860201886,-20.1616929417933,59,1e-10,5222.68661624849,0.23384823102894,0.241393775939825,0.200504906415305,0.206974567398211,-1.02302281594906,-0.184376521591951,0.945833333333333,0.948170731707317,0.722136209135656,0.785447465259969,0.0332503544304018,0.0361250151104776,0.0379775108364037,0.0412608580066444
"29_pwo_gp_model_specific","db6cb901415724b9f55892557a81f2cbcc3e7f91cf2f712ea45b7b9a2b1eb5a5","b1d5697d50014504fea8964eae8d6ad099291a4087058c07ada854c160fad766",6,6,60,"SA_l2_position_foldover","L2","aded66e86da3622d582ec829ab6deb620b244809e0238b9caddc893f3c1c5cc5",0.503,"mallows_gp","gp_c1","estimated_c",1,0.0666666666666667,TRUE,NA,60,328,1082637903,-0.0616515493865092,0.857414681022288,FALSE,FALSE,0,0.901869936265783,0.0601246624177189,FALSE,1,TRUE,1.48600374258918,-25.0582780139224,59,1e-10,5673.35396956534,0.220187817384282,0.235486696506674,0.188792267207538,0.201909750770262,-1.05645477190945,-0.190994152361548,0.973611111111111,0.960365853658537,0.775910465322667,0.850991867389716,0.0295610355168122,0.0326459777994925,0.0439278094127945,0.0485120451905291
"29_pwo_gp_model_specific","db6cb901415724b9f55892557a81f2cbcc3e7f91cf2f712ea45b7b9a2b1eb5a5","b1d5697d50014504fea8964eae8d6ad099291a4087058c07ada854c160fad766",6,6,60,"random_foldover","RandomFoldover","aded66e86da3622d582ec829ab6deb620b244809e0238b9caddc893f3c1c5cc5",0.494999999999997,"mallows_gp","gp_c1","estimated_c",1,0.0666666666666667,TRUE,NA,60,328,1082637903,-0.0616515493865092,0.857414681022288,FALSE,FALSE,0,0.714219932985483,0.0476146621990322,FALSE,0.75,TRUE,1.71685429545773,-14.5587329556237,59,1e-10,15679.0555431534,0.233296207404101,0.238301319372722,0.200031593255096,0.204323049737152,-1.02209537843926,-0.181747285582205,0.934722222222222,0.939024390243902,0.689203656144133,0.751602596338627,0.0203981400761747,0.0222475783511769,0.0350206344091291,0.0381958504557506
"29_pwo_gp_model_specific","db6cb901415724b9f55892557a81f2cbcc3e7f91cf2f712ea45b7b9a2b1eb5a5","b1d5697d50014504fea8964eae8d6ad099291a4087058c07ada854c160fad766",6,6,60,"FSA_lambda050","FSA_lambda050","aded66e86da3622d582ec829ab6deb620b244809e0238b9caddc893f3c1c5cc5",0.481999999999999,"mallows_gp","gp_c4","estimated_c",4,0.266666666666667,TRUE,NA,60,328,1082689386,-0.67691553947011,0.977632715146665,FALSE,FALSE,0,3.68551101916683,0.245700734611122,FALSE,4,TRUE,1.10153436001896,-71.7980890747473,59,1e-10,69.4510171928806,0.571329882442998,0.606034953079923,0.558550784217173,0.592479596653307,-0.0850469228069269,0.87688089399477,0.955555555555556,0.945121951219512,2.08124405816043,2.2744627851181,0.282708466968883,0.309313484657221,0.311413090234511,0.340719431367127
"29_pwo_gp_model_specific","db6cb901415724b9f55892557a81f2cbcc3e7f91cf2f712ea45b7b9a2b1eb5a5","b1d5697d50014504fea8964eae8d6ad099291a4087058c07ada854c160fad766",6,6,60,"SA_hamming_foldover","Hamming","aded66e86da3622d582ec829ab6deb620b244809e0238b9caddc893f3c1c5cc5",0.456999999999994,"mallows_gp","gp_c4","estimated_c",4,0.266666666666667,TRUE,NA,60,328,1082689386,-0.67691553947011,0.977632715146665,FALSE,FALSE,0,3.51340216880916,0.234226811253944,FALSE,4,TRUE,1.28943335852871,-72.7011248448506,59,1e-10,112.121470228804,0.523447651082798,0.54559073968279,0.51173954836522,0.533387356194963,-0.131821906165966,0.805551069086359,0.976388888888889,0.978658536585366,2.24869433305394,2.44969902815335,0.283452107538967,0.308789609187519,0.365492603006012,0.398163622853431
"29_pwo_gp_model_specific","db6cb901415724b9f55892557a81f2cbcc3e7f91cf2f712ea45b7b9a2b1eb5a5","b1d5697d50014504fea8964eae8d6ad099291a4087058c07ada854c160fad766",6,6,60,"SA_l2_position_foldover","L2","aded66e86da3622d582ec829ab6deb620b244809e0238b9caddc893f3c1c5cc5",0.426000000000002,"mallows_gp","gp_c4","estimated_c",4,0.266666666666667,TRUE,NA,60,328,1082689386,-0.67691553947011,0.977632715146665,FALSE,FALSE,0,3.31339609632756,0.220893073088504,FALSE,3,TRUE,1.0383903959589,-65.5373054878834,59,1e-10,109.944417544356,0.617280906469644,0.641918342347838,0.603474008600112,0.627560371931963,0.00341608543671419,0.95857584713961,0.916666666666667,0.923780487804878,1.9318476305208,2.11640103492843,0.260033483965383,0.286221455817672,0.270016272377386,0.297209610838444
"29_pwo_gp_model_specific","db6cb901415724b9f55892557a81f2cbcc3e7f91cf2f712ea45b7b9a2b1eb5a5","b1d5697d50014504fea8964eae8d6ad099291a4087058c07ada854c160fad766",6,6,60,"random_foldover","RandomFoldover","aded66e86da3622d582ec829ab6deb620b244809e0238b9caddc893f3c1c5cc5",0.442,"mallows_gp","gp_c4","estimated_c",4,0.266666666666667,TRUE,NA,60,328,1082689386,-0.67691553947011,0.977632715146665,FALSE,FALSE,0,4.13208930412704,0.275472620275136,FALSE,4,TRUE,0.938494016444336,-65.34151743827,59,1e-10,83.5149574048603,0.632804973559758,0.664721429779406,0.61865084445954,0.649853416211414,-0.0190714159421492,0.952430283306617,0.940277777777778,0.939024390243902,2.19375354297729,2.39219356615785,0.372722364470929,0.406344334992359,0.349797708850952,0.381351727006382
"29_pwo_gp_model_specific","db6cb901415724b9f55892557a81f2cbcc3e7f91cf2f712ea45b7b9a2b1eb5a5","b1d5697d50014504fea8964eae8d6ad099291a4087058c07ada854c160fad766",7,6,48,"FSA_lambda050","FSA_lambda050","c37359661a7e1d3ef43aab6fb4b239264b84a64c5bfde8cd398aa1c2c3117afb",0.329999999999998,"mallows_gp","gp_c1","estimated_c",1,0.0666666666666667,TRUE,NA,48,388,1082637904,0.950024576742999,0.580934788942039,FALSE,FALSE,0,0.714006746402306,0.0476004497601538,FALSE,0.75,TRUE,1.36552487445661,-17.6887080315374,47,1e-10,6531.8031788604,0.368974027829314,0.39204207379054,0.214349848982117,0.227750879393907,-0.719926377140303,0.0202405979823395,0.888888888888889,0.871134020618557,0.635929899448107,0.686441186796792,0.0209684591184929,0.0227905603252983,0.0286329525053285,0.0311210770269988
"29_pwo_gp_model_specific","db6cb901415724b9f55892557a81f2cbcc3e7f91cf2f712ea45b7b9a2b1eb5a5","b1d5697d50014504fea8964eae8d6ad099291a4087058c07ada854c160fad766",7,6,48,"SA_hamming_foldover","Hamming","c37359661a7e1d3ef43aab6fb4b239264b84a64c5bfde8cd398aa1c2c3117afb",0.325000000000003,"mallows_gp","gp_c1","estimated_c",1,0.0666666666666667,TRUE,NA,48,388,1082637904,0.950024576742999,0.580934788942039,FALSE,FALSE,0,1.04365796350896,0.0695771975672643,FALSE,1,TRUE,1.02868548402015,-22.5462623098971,47,1e-10,1873.19886800916,0.389086956529622,0.405533156887953,0.226034148971636,0.235588318905702,-0.7764715538501,-0.0631782843134289,0.947222222222222,0.951030927835051,0.827776997914698,0.895156326316688,0.0476951696484162,0.0519790364606033,0.049063328675204,0.0534700802803765
"29_pwo_gp_model_specific","db6cb901415724b9f55892557a81f2cbcc3e7f91cf2f712ea45b7b9a2b1eb5a5","b1d5697d50014504fea8964eae8d6ad099291a4087058c07ada854c160fad766",7,6,48,"SA_l2_position_foldover","L2","c37359661a7e1d3ef43aab6fb4b239264b84a64c5bfde8cd398aa1c2c3117afb",0.310000000000002,"mallows_gp","gp_c1","estimated_c",1,0.0666666666666667,TRUE,NA,48,388,1082637904,0.950024576742999,0.580934788942039,FALSE,FALSE,0,0.772614007350771,0.0515076004900514,FALSE,0.75,TRUE,1.34786212138763,-18.6959584131262,47,1e-10,4605.44467273478,0.384945634065489,0.395193937864462,0.223628310679994,0.229581906884465,-0.73031220303662,-0.0457050432824725,0.901388888888889,0.899484536082474,0.705952137864134,0.760465529193937,0.0264230049701978,0.0286108854138405,0.0356145675325667,0.0385635287086775
"29_pwo_gp_model_specific","db6cb901415724b9f55892557a81f2cbcc3e7f91cf2f712ea45b7b9a2b1eb5a5","b1d5697d50014504fea8964eae8d6ad099291a4087058c07ada854c160fad766",7,6,48,"random_foldover","RandomFoldover","c37359661a7e1d3ef43aab6fb4b239264b84a64c5bfde8cd398aa1c2c3117afb",0.319000000000003,"mallows_gp","gp_c1","estimated_c",1,0.0666666666666667,TRUE,NA,48,388,1082637904,0.950024576742999,0.580934788942039,FALSE,FALSE,0,0.946523705787023,0.0631015803858015,FALSE,1,TRUE,0.784115038220425,-7.14910428796746,47,1e-10,5974.38272435495,0.452681039461585,0.476942396619739,0.262978164117679,0.277072430517799,-0.551398707406145,0.21602490012264,0.8625,0.842783505154639,0.718181517286123,0.770666373637341,0.0476388208523325,0.0512403289633658,0.0373543158334027,0.0401783125035367
"29_pwo_gp_model_specific","db6cb901415724b9f55892557a81f2cbcc3e7f91cf2f712ea45b7b9a2b1eb5a5","b1d5697d50014504fea8964eae8d6ad099291a4087058c07ada854c160fad766",7,6,48,"FSA_lambda050","FSA_lambda050","c37359661a7e1d3ef43aab6fb4b239264b84a64c5bfde8cd398aa1c2c3117afb",0.354999999999997,"mallows_gp","gp_c4","estimated_c",4,0.266666666666667,TRUE,NA,48,388,1082689387,-0.389128852172828,0.948103094785234,FALSE,FALSE,0,2.46699885112151,0.164466590074767,FALSE,3,TRUE,1.46083514309952,-57.6453534282219,47,1e-10,157.764388593378,0.567263825577815,0.597800400697981,0.537824588590037,0.566776409965609,0.0726582467868172,0.831165398068919,0.941666666666667,0.943298969072165,1.9581920951616,2.11082853098823,0.185399869986368,0.200980663074691,0.270838645602168,0.293599615702952
"29_pwo_gp_model_specific","db6cb901415724b9f55892557a81f2cbcc3e7f91cf2f712ea45b7b9a2b1eb5a5","b1d5697d50014504fea8964eae8d6ad099291a4087058c07ada854c160fad766",7,6,48,"SA_hamming_foldover","Hamming","c37359661a7e1d3ef43aab6fb4b239264b84a64c5bfde8cd398aa1c2c3117afb",0.389000000000003,"mallows_gp","gp_c4","estimated_c",4,0.266666666666667,TRUE,NA,48,388,1082689387,-0.389128852172828,0.948103094785234,FALSE,FALSE,0,1.41996495276857,0.0946643301845711,FALSE,1.5,TRUE,2.41608516523692,-52.6627024842222,47,1e-10,746.431794432885,0.580290179422392,0.605217098667805,0.550174914983848,0.573808204263886,0.201811306234935,0.937454813190825,0.883333333333333,0.876288659793814,1.67212833604551,1.80757123949065,0.0827608333150114,0.0901364228751034,0.199957221635045,0.217777274156059
"29_pwo_gp_model_specific","db6cb901415724b9f55892557a81f2cbcc3e7f91cf2f712ea45b7b9a2b1eb5a5","b1d5697d50014504fea8964eae8d6ad099291a4087058c07ada854c160fad766",7,6,48,"SA_l2_position_foldover","L2","c37359661a7e1d3ef43aab6fb4b239264b84a64c5bfde8cd398aa1c2c3117afb",0.360999999999997,"mallows_gp","gp_c4","estimated_c",4,0.266666666666667,TRUE,NA,48,388,1082689387,-0.389128852172828,0.948103094785234,FALSE,FALSE,0,3.05035958379172,0.203357305586115,FALSE,3,TRUE,0.860241407230432,-49.2335231413938,47,1e-10,75.7072787999839,0.770114953662677,0.80559135402944,0.730148370907971,0.763783655887539,0.504089225337476,1.29721581307282,0.818055555555556,0.804123711340206,1.78755703580924,1.92665942899835,0.263609425280314,0.285780526780683,0.226767742962343,0.245840242516869
"29_pwo_gp_model_specific","db6cb901415724b9f55892557a81f2cbcc3e7f91cf2f712ea45b7b9a2b1eb5a5","b1d5697d50014504fea8964eae8d6ad099291a4087058c07ada854c160fad766",7,6,48,"random_foldover","RandomFoldover","c37359661a7e1d3ef43aab6fb4b239264b84a64c5bfde8cd398aa1c2c3117afb",0.377000000000002,"mallows_gp","gp_c4","estimated_c",4,0.266666666666667,TRUE,NA,48,388,1082689387,-0.389128852172828,0.948103094785234,FALSE,FALSE,0,1.26334481795736,0.0842229878638237,FALSE,1.5,TRUE,2.15598025889754,-40.7691389393644,47,1e-10,2556.01061665091,0.71354389667353,0.723737162933722,0.676513176701289,0.686177443988547,0.559818192063222,1.30876741212892,0.783333333333333,0.765463917525773,1.54472033451338,1.65737503393643,0.0800222565005208,0.0860355007255787,0.172526405287558,0.185490841128712
"29_pwo_gp_model_specific","db6cb901415724b9f55892557a81f2cbcc3e7f91cf2f712ea45b7b9a2b1eb5a5","b1d5697d50014504fea8964eae8d6ad099291a4087058c07ada854c160fad766",7,6,60,"FSA_lambda050","FSA_lambda050","6a32409f8609f08fbc0a9bb19d3b91334251ef2f952031adeaa2c4d277512c6e",0.464000000000006,"mallows_gp","gp_c1","estimated_c",1,0.0666666666666667,TRUE,NA,60,334,1082637904,0.950024576742999,0.580934788942039,FALSE,FALSE,0,0.918163539804013,0.0612109026536008,FALSE,1,TRUE,0.965285762386435,-15.8712400892381,59,1e-10,4431.03214274405,0.328677817771707,0.34509525646938,0.190940378697136,0.200477839981938,-1.04319889445732,-0.184825738233462,0.906944444444444,0.901197604790419,0.608025636181129,0.661299749980716,0.0276607504383369,0.0299622958009103,0.026700528575051,0.0289221775450296
"29_pwo_gp_model_specific","db6cb901415724b9f55892557a81f2cbcc3e7f91cf2f712ea45b7b9a2b1eb5a5","b1d5697d50014504fea8964eae8d6ad099291a4087058c07ada854c160fad766",7,6,60,"SA_hamming_foldover","Hamming","6a32409f8609f08fbc0a9bb19d3b91334251ef2f952031adeaa2c4d277512c6e",0.460999999999999,"mallows_gp","gp_c1","estimated_c",1,0.0666666666666667,TRUE,NA,60,334,1082637904,0.950024576742999,0.580934788942039,FALSE,FALSE,0,0.799594357166124,0.0533062904777416,FALSE,0.75,TRUE,1.51767433520594,-19.2321521137216,59,1e-10,9676.39412876418,0.317129150912955,0.330243784864149,0.184231356352986,0.191850103459475,-1.09987223396688,-0.252456263653329,0.965277777777778,0.958083832335329,0.694589416969269,0.762541203448088,0.0231421676234067,0.0254628993701936,0.0351222738630781,0.0386443888740742
"29_pwo_gp_model_specific","db6cb901415724b9f55892557a81f2cbcc3e7f91cf2f712ea45b7b9a2b1eb5a5","b1d5697d50014504fea8964eae8d6ad099291a4087058c07ada854c160fad766",7,6,60,"SA_l2_position_foldover","L2","6a32409f8609f08fbc0a9bb19d3b91334251ef2f952031adeaa2c4d277512c6e",0.466000000000001,"mallows_gp","gp_c1","estimated_c",1,0.0666666666666667,TRUE,NA,60,334,1082637904,0.950024576742999,0.580934788942039,FALSE,FALSE,0,0.815793129896926,0.054386208659795,FALSE,0.75,TRUE,1.31134346290875,-16.4152034343599,59,1e-10,7548.48814956004,0.378297052614724,0.39236470745211,0.21976591841813,0.227938308511996,-0.883419037152457,-0.0284069937069371,0.890277777777778,0.874251497005988,0.662479450304028,0.724583459097248,0.0243407407573212,0.026734895864245,0.0319190712744697,0.0350586309231238
"29_pwo_gp_model_specific","db6cb901415724b9f55892557a81f2cbcc3e7f91cf2f712ea45b7b9a2b1eb5a5","b1d5697d50014504fea8964eae8d6ad099291a4087058c07ada854c160fad766",7,6,60,"random_foldover","RandomFoldover","6a32409f8609f08fbc0a9bb19d3b91334251ef2f952031adeaa2c4d277512c6e",0.5,"mallows_gp","gp_c1","estimated_c",1,0.0666666666666667,TRUE,NA,60,334,1082637904,0.950024576742999,0.580934788942039,FALSE,FALSE,0,1.0591799307637,0.0706119953842467,FALSE,1,TRUE,0.940155212761864,-16.1390308359669,59,1e-10,5060.01139714234,0.350666734077508,0.380087715893799,0.203714505150312,0.220806177012226,-1.01804205662752,-0.0921301679155144,0.943055555555556,0.922155688622755,0.743264798755088,0.804169594918123,0.0431374295370336,0.0462551232763926,0.0405558792443898,0.0434869952652431
"29_pwo_gp_model_specific","db6cb901415724b9f55892557a81f2cbcc3e7f91cf2f712ea45b7b9a2b1eb5a5","b1d5697d50014504fea8964eae8d6ad099291a4087058c07ada854c160fad766",7,6,60,"FSA_lambda050","FSA_lambda050","6a32409f8609f08fbc0a9bb19d3b91334251ef2f952031adeaa2c4d277512c6e",0.470999999999997,"mallows_gp","gp_c4","estimated_c",4,0.266666666666667,TRUE,NA,60,334,1082689387,-0.389128852172828,0.948103094785234,FALSE,FALSE,0,3.77698307117285,0.251798871411524,FALSE,4,TRUE,1.24614255648427,-76.0338676170589,59,1e-10,60.7925027674941,0.555412384699077,0.597132870831968,0.526588200815242,0.56614352283378,-0.103314659407106,0.856340944089179,0.975,0.970059880239521,2.25313025710026,2.45600700851277,0.29290298101436,0.31888273489361,0.364998869563097,0.397373346479017
"29_pwo_gp_model_specific","db6cb901415724b9f55892557a81f2cbcc3e7f91cf2f712ea45b7b9a2b1eb5a5","b1d5697d50014504fea8964eae8d6ad099291a4087058c07ada854c160fad766",7,6,60,"SA_hamming_foldover","Hamming","6a32409f8609f08fbc0a9bb19d3b91334251ef2f952031adeaa2c4d277512c6e",0.456000000000003,"mallows_gp","gp_c4","estimated_c",4,0.266666666666667,TRUE,NA,60,334,1082689387,-0.389128852172828,0.948103094785234,FALSE,FALSE,0,2.33620354717284,0.155746903144856,FALSE,2,TRUE,2.02592646999548,-73.2476358754777,59,1e-10,397.513801929245,0.508494134301933,0.541332481878448,0.482104862411801,0.513239001376728,-0.176613508133938,0.747530648419721,0.979166666666667,0.967065868263473,2.0963402370118,2.30134546247989,0.157274676662183,0.173147914235607,0.318626930509898,0.350784942674424
"29_pwo_gp_model_specific","db6cb901415724b9f55892557a81f2cbcc3e7f91cf2f712ea45b7b9a2b1eb5a5","b1d5697d50014504fea8964eae8d6ad099291a4087058c07ada854c160fad766",7,6,60,"SA_l2_position_foldover","L2","6a32409f8609f08fbc0a9bb19d3b91334251ef2f952031adeaa2c4d277512c6e",0.437000000000005,"mallows_gp","gp_c4","estimated_c",4,0.266666666666667,TRUE,NA,60,334,1082689387,-0.389128852172828,0.948103094785234,FALSE,FALSE,0,3.37736135260223,0.225157423506815,FALSE,3,TRUE,1.16087003375382,-69.2372058860639,59,1e-10,104.767124316324,0.552202715675899,0.580761425246058,0.52354510368113,0.550621704607671,-0.130787020884107,0.819319008502661,0.972222222222222,0.970059880239521,2.07317915015571,2.2659133809442,0.267342474096594,0.293152681637937,0.310349866928344,0.340312163428056
"29_pwo_gp_model_specific","db6cb901415724b9f55892557a81f2cbcc3e7f91cf2f712ea45b7b9a2b1eb5a5","b1d5697d50014504fea8964eae8d6ad099291a4087058c07ada854c160fad766",7,6,60,"random_foldover","RandomFoldover","6a32409f8609f08fbc0a9bb19d3b91334251ef2f952031adeaa2c4d277512c6e",0.424999999999997,"mallows_gp","gp_c4","estimated_c",4,0.266666666666667,TRUE,NA,60,334,1082689387,-0.389128852172828,0.948103094785234,FALSE,FALSE,0,2.34091133710207,0.156060755806804,FALSE,2,TRUE,2.24380796304366,-74.4218727519873,59,1e-10,471.269558443479,0.522495175129568,0.532386980497142,0.495379292550696,0.504757743832706,-0.139101693962027,0.753782995577626,0.984722222222222,0.985029940119761,2.28129295350345,2.47130161930532,0.169304028635863,0.181991158974562,0.379885727628521,0.408353211710667
"29_pwo_gp_model_specific","db6cb901415724b9f55892557a81f2cbcc3e7f91cf2f712ea45b7b9a2b1eb5a5","b1d5697d50014504fea8964eae8d6ad099291a4087058c07ada854c160fad766",8,6,48,"FSA_lambda050","FSA_lambda050","ca9a01a59de93df678726f6c31e67dfea0d924fa474b91a9e5bf315edf618429",0.317,"mallows_gp","gp_c1","estimated_c",1,0.0666666666666667,TRUE,NA,48,378,1082637905,-1.42253705802753,0.629260744964609,FALSE,FALSE,0,1.20237389787702,0.0801582598584683,FALSE,1,TRUE,0.681444198882138,-19.1168886690028,47,1e-10,1266.75291047752,0.316048835739757,0.335831636326019,0.198877125822797,0.211325665657195,-0.883539129215897,-0.153212063300929,0.955555555555556,0.94973544973545,0.738987996739626,0.793460049977052,0.0567446775311095,0.0610941247169986,0.0386683313210122,0.0416322368741805
"29_pwo_gp_model_specific","db6cb901415724b9f55892557a81f2cbcc3e7f91cf2f712ea45b7b9a2b1eb5a5","b1d5697d50014504fea8964eae8d6ad099291a4087058c07ada854c160fad766",8,6,48,"SA_hamming_foldover","Hamming","ca9a01a59de93df678726f6c31e67dfea0d924fa474b91a9e5bf315edf618429",0.276999999999997,"mallows_gp","gp_c1","estimated_c",1,0.0666666666666667,TRUE,NA,48,378,1082637905,-1.42253705802753,0.629260744964609,FALSE,FALSE,0,1.01312232095906,0.0675414880639373,FALSE,1,TRUE,0.780243560652253,-13.4525285424761,47,1e-10,2773.55726558292,0.317734109325257,0.331030475931935,0.199937602334678,0.208304483890919,-0.850995996655136,-0.136926986154444,0.919444444444444,0.912698412698413,0.707526651591218,0.761606329113275,0.0459649602333938,0.0496661390179046,0.0358638642377424,0.0387516851511797
"29_pwo_gp_model_specific","db6cb901415724b9f55892557a81f2cbcc3e7f91cf2f712ea45b7b9a2b1eb5a5","b1d5697d50014504fea8964eae8d6ad099291a4087058c07ada854c160fad766",8,6,48,"SA_l2_position_foldover","L2","ca9a01a59de93df678726f6c31e67dfea0d924fa474b91a9e5bf315edf618429",0.347000000000001,"mallows_gp","gp_c1","estimated_c",1,0.0666666666666667,TRUE,NA,48,378,1082637905,-1.42253705802753,0.629260744964609,FALSE,FALSE,0,1.24989264793925,0.0833261765292832,FALSE,1.5,TRUE,0.713260338503122,-20.0354463513263,47,1e-10,1032.28409938292,0.31002261482137,0.31975556394478,0.195085061558372,0.201209624374471,-0.905419862747668,-0.213092463818083,0.975,0.965608465608466,0.817057595218698,0.870702388494268,0.0673480634457274,0.0713322030413616,0.0480367025308293,0.050878431287455
"29_pwo_gp_model_specific","db6cb901415724b9f55892557a81f2cbcc3e7f91cf2f712ea45b7b9a2b1eb5a5","b1d5697d50014504fea8964eae8d6ad099291a4087058c07ada854c160fad766",8,6,48,"random_foldover","RandomFoldover","ca9a01a59de93df678726f6c31e67dfea0d924fa474b91a9e5bf315edf618429",0.314,"mallows_gp","gp_c1","estimated_c",1,0.0666666666666667,TRUE,NA,48,378,1082637905,-1.42253705802753,0.629260744964609,FALSE,FALSE,0,0.842356810244816,0.0561571206829877,FALSE,0.75,TRUE,1.08093608259406,-11.5962960454186,47,1e-10,7568.63911253523,0.339988454967097,0.352191112425211,0.213941388451962,0.221620041774603,-0.798524978725202,-0.101310098683682,0.9375,0.939153439153439,0.733892952329638,0.779588833582769,0.0357548056654816,0.0377615331540388,0.0386486595699575,0.0408178037202723
"29_pwo_gp_model_specific","db6cb901415724b9f55892557a81f2cbcc3e7f91cf2f712ea45b7b9a2b1eb5a5","b1d5697d50014504fea8964eae8d6ad099291a4087058c07ada854c160fad766",8,6,48,"FSA_lambda050","FSA_lambda050","ca9a01a59de93df678726f6c31e67dfea0d924fa474b91a9e5bf315edf618429",0.364999999999995,"mallows_gp","gp_c4","estimated_c",4,0.266666666666667,TRUE,NA,48,378,1082689388,-0.271201767638783,1.11113100547056,FALSE,FALSE,0,2.27198107259772,0.151465404839848,FALSE,2,TRUE,1.90982218570807,-61.9369094750149,47,1e-10,186.001208036478,0.520195365845354,0.555280518713312,0.578005199892873,0.616989401076135,0.155675087536585,0.931716665979608,0.947222222222222,0.933862433862434,2.11173039411727,2.26664000822159,0.164982147124403,0.177494105792034,0.315086564823939,0.338982181074042
"29_pwo_gp_model_specific","db6cb901415724b9f55892557a81f2cbcc3e7f91cf2f712ea45b7b9a2b1eb5a5","b1d5697d50014504fea8964eae8d6ad099291a4087058c07ada854c160fad766",8,6,48,"SA_hamming_foldover","Hamming","ca9a01a59de93df678726f6c31e67dfea0d924fa474b91a9e5bf315edf618429",0.349999999999994,"mallows_gp","gp_c4","estimated_c",4,0.266666666666667,TRUE,NA,48,378,1082689388,-0.271201767638783,1.11113100547056,FALSE,FALSE,0,2.69470868003907,0.179647245335938,FALSE,3,TRUE,1.58315036385336,-58.8581302631646,47,1e-10,158.881112149031,0.514567478095857,0.538457874228676,0.571751879319099,0.598297239195248,0.136148139693055,0.895319918211845,0.959722222222222,0.955026455026455,2.28183951780335,2.45280921436908,0.234311254380647,0.252569370347631,0.370949947627659,0.399855290564067
"29_pwo_gp_model_specific","db6cb901415724b9f55892557a81f2cbcc3e7f91cf2f712ea45b7b9a2b1eb5a5","b1d5697d50014504fea8964eae8d6ad099291a4087058c07ada854c160fad766",8,6,48,"SA_l2_position_foldover","L2","ca9a01a59de93df678726f6c31e67dfea0d924fa474b91a9e5bf315edf618429",0.335999999999999,"mallows_gp","gp_c4","estimated_c",4,0.266666666666667,TRUE,NA,48,378,1082689388,-0.271201767638783,1.11113100547056,FALSE,FALSE,0,1.36639183191654,0.0910927887944361,FALSE,1.5,TRUE,2.07338215566535,-47.9682729279875,47,1e-10,793.587011302025,0.564901618491231,0.562699896721157,0.627679703346106,0.625233302021957,0.444391298091727,1.10358663687264,0.816666666666667,0.814814814814815,1.50700954366211,1.60608213529002,0.078774972378518,0.0834488464077129,0.16333062204265,0.17302134905261
"29_pwo_gp_model_specific","db6cb901415724b9f55892557a81f2cbcc3e7f91cf2f712ea45b7b9a2b1eb5a5","b1d5697d50014504fea8964eae8d6ad099291a4087058c07ada854c160fad766",8,6,48,"random_foldover","RandomFoldover","ca9a01a59de93df678726f6c31e67dfea0d924fa474b91a9e5bf315edf618429",0.523000000000003,"mallows_gp","gp_c4","estimated_c",4,0.266666666666667,TRUE,NA,48,378,1082689388,-0.271201767638783,1.11113100547056,FALSE,FALSE,0,3.23265030382345,0.215510020254896,FALSE,3,TRUE,1.07191926483036,-51.4975020406851,47,1e-10,146.391367604721,0.628580573602158,0.656825091588541,0.698435364765825,0.729818724435067,0.329867390843254,1.1149555434012,0.901388888888889,0.894179894179894,2.17275389513932,2.31428341292797,0.313060731983569,0.332135499991025,0.335575829675082,0.356022440974444
"29_pwo_gp_model_specific","db6cb901415724b9f55892557a81f2cbcc3e7f91cf2f712ea45b7b9a2b1eb5a5","b1d5697d50014504fea8964eae8d6ad099291a4087058c07ada854c160fad766",8,6,60,"FSA_lambda050","FSA_lambda050","f91e7454d52e62d0770ff943aab708bbdb41026045c5d195d273fc59ad17a3af",0.452999999999996,"mallows_gp","gp_c1","estimated_c",1,0.0666666666666667,TRUE,NA,60,328,1082637905,-1.42253705802753,0.629260744964609,FALSE,FALSE,0,1.57148170464743,0.104765446976496,FALSE,1.5,TRUE,0.499243206438733,-19.7025255593729,59,1e-10,924.89345774545,0.312483181594215,0.326988250785318,0.196633399638887,0.205760870283844,-1.08766578687328,-0.191446468188389,0.954166666666667,0.948170731707317,0.718520224124412,0.781398564799657,0.0746366256113105,0.0809702507190871,0.0372618282879579,0.0404238475951452
"29_pwo_gp_model_specific","db6cb901415724b9f55892557a81f2cbcc3e7f91cf2f712ea45b7b9a2b1eb5a5","b1d5697d50014504fea8964eae8d6ad099291a4087058c07ada854c160fad766",8,6,60,"SA_hamming_foldover","Hamming","f91e7454d52e62d0770ff943aab708bbdb41026045c5d195d273fc59ad17a3af",0.455999999999996,"mallows_gp","gp_c1","estimated_c",1,0.0666666666666667,TRUE,NA,60,328,1082637905,-1.42253705802753,0.629260744964609,FALSE,FALSE,0,0.93267995208897,0.062178663472598,FALSE,1,TRUE,0.91695993585173,-10.9052580653268,59,1e-10,6189.46812795548,0.284976919412046,0.297071585900463,0.179324788606943,0.186935487451543,-1.12238252102889,-0.247148439683415,0.948611111111111,0.942073170731707,0.635242182660765,0.700914979924929,0.0322008462708003,0.0360320532307426,0.0295268859308444,0.0330399492190679
"29_pwo_gp_model_specific","db6cb901415724b9f55892557a81f2cbcc3e7f91cf2f712ea45b7b9a2b1eb5a5","b1d5697d50014504fea8964eae8d6ad099291a4087058c07ada854c160fad766",8,6,60,"SA_l2_position_foldover","L2","f91e7454d52e62d0770ff943aab708bbdb41026045c5d195d273fc59ad17a3af",0.445,"mallows_gp","gp_c1","estimated_c",1,0.0666666666666667,TRUE,NA,60,328,1082637905,-1.42253705802753,0.629260744964609,FALSE,FALSE,0,1.08675891106163,0.0724505940707756,FALSE,1,TRUE,0.817447864781518,-14.8406117802262,59,1e-10,3152.83841394805,0.29213209404586,0.310741231790422,0.183827259127369,0.195537259007661,-1.12189670739307,-0.238528904245668,0.966666666666667,0.969512195121951,0.701946962646041,0.76766238594725,0.0439640602349251,0.0481568097600915,0.0359383271661656,0.0393656813130766
"29_pwo_gp_model_specific","db6cb901415724b9f55892557a81f2cbcc3e7f91cf2f712ea45b7b9a2b1eb5a5","b1d5697d50014504fea8964eae8d6ad099291a4087058c07ada854c160fad766",8,6,60,"random_foldover","RandomFoldover","f91e7454d52e62d0770ff943aab708bbdb41026045c5d195d273fc59ad17a3af",0.5,"mallows_gp","gp_c1","estimated_c",1,0.0666666666666667,TRUE,NA,60,328,1082637905,-1.42253705802753,0.629260744964609,FALSE,FALSE,0,0.714545777937133,0.0476363851958089,FALSE,0.75,TRUE,1.19037584521639,-4.93098645457733,59,1e-10,16874.2502183755,0.291184915970623,0.294394363759413,0.183231237146132,0.185250816652631,-1.11055591720804,-0.277827613444429,0.911111111111111,0.929878048780488,0.562010791714364,0.618274633244477,0.0194238520338349,0.0214692467603052,0.0231216842821344,0.0255564727584576
"29_pwo_gp_model_specific","db6cb901415724b9f55892557a81f2cbcc3e7f91cf2f712ea45b7b9a2b1eb5a5","b1d5697d50014504fea8964eae8d6ad099291a4087058c07ada854c160fad766",8,6,60,"FSA_lambda050","FSA_lambda050","f91e7454d52e62d0770ff943aab708bbdb41026045c5d195d273fc59ad17a3af",0.435000000000002,"mallows_gp","gp_c4","estimated_c",4,0.266666666666667,TRUE,NA,60,328,1082689388,-0.271201767638783,1.11113100547056,FALSE,FALSE,0,2.30283303309486,0.153522202206324,FALSE,2,TRUE,1.37482928630805,-63.9415850204813,59,1e-10,290.896629490688,0.470591706685714,0.497418061244693,0.522889036215802,0.552696630530031,-0.109999818948749,0.847341378393116,0.915277777777778,0.908536585365854,1.64837021816938,1.79232826249991,0.142458173811314,0.154497153577064,0.195855669429757,0.212407211388979
"29_pwo_gp_model_specific","db6cb901415724b9f55892557a81f2cbcc3e7f91cf2f712ea45b7b9a2b1eb5a5","b1d5697d50014504fea8964eae8d6ad099291a4087058c07ada854c160fad766",8,6,60,"SA_hamming_foldover","Hamming","f91e7454d52e62d0770ff943aab708bbdb41026045c5d195d273fc59ad17a3af",0.417999999999999,"mallows_gp","gp_c4","estimated_c",4,0.266666666666667,TRUE,NA,60,328,1082689388,-0.271201767638783,1.11113100547056,FALSE,FALSE,0,2.37537331498178,0.158358220998785,FALSE,2,TRUE,1.58489788640575,-65.8054245102523,59,1e-10,386.141194881783,0.516594467103383,0.568485429191207,0.574004129653108,0.631661786532587,-0.0542405070476826,0.937139738191736,0.933333333333333,0.917682926829268,1.90087758299827,2.09546830420838,0.165909359234052,0.185184505247298,0.262949392784983,0.293498530961538
"29_pwo_gp_model_specific","db6cb901415724b9f55892557a81f2cbcc3e7f91cf2f712ea45b7b9a2b1eb5a5","b1d5697d50014504fea8964eae8d6ad099291a4087058c07ada854c160fad766",8,6,60,"SA_l2_position_foldover","L2","f91e7454d52e62d0770ff943aab708bbdb41026045c5d195d273fc59ad17a3af",0.449999999999996,"mallows_gp","gp_c4","estimated_c",4,0.266666666666667,TRUE,NA,60,328,1082689388,-0.271201767638783,1.11113100547056,FALSE,FALSE,0,2.93167135786164,0.195444757190776,FALSE,3,TRUE,1.43475319930858,-70.579112397027,59,1e-10,181.420247510961,0.4944391682016,0.544022530728986,0.54938669010787,0.604480301567535,-0.1021106972696,0.893688562276125,0.970833333333333,0.954268292682927,2.11690158282341,2.31843854583536,0.226351729476879,0.248669659136115,0.324758868035984,0.356779589016516
"29_pwo_gp_model_specific","db6cb901415724b9f55892557a81f2cbcc3e7f91cf2f712ea45b7b9a2b1eb5a5","b1d5697d50014504fea8964eae8d6ad099291a4087058c07ada854c160fad766",8,6,60,"random_foldover","RandomFoldover","f91e7454d52e62d0770ff943aab708bbdb41026045c5d195d273fc59ad17a3af",0.444000000000003,"mallows_gp","gp_c4","estimated_c",4,0.266666666666667,TRUE,NA,60,328,1082689388,-0.271201767638783,1.11113100547056,FALSE,FALSE,0,2.49268230388733,0.166178820259155,FALSE,3,TRUE,1.5941626104931,-66.8851876623838,59,1e-10,404.172479215513,0.517056223584274,0.577604316816005,0.574517201596004,0.641794065307902,-0.0616094474828842,0.958976462379261,0.929166666666667,0.899390243902439,1.9845778366957,2.18089147972413,0.17969790221921,0.198425147047426,0.28646767690191,0.316321950404601
"29_pwo_gp_model_specific","db6cb901415724b9f55892557a81f2cbcc3e7f91cf2f712ea45b7b9a2b1eb5a5","b1d5697d50014504fea8964eae8d6ad099291a4087058c07ada854c160fad766",9,6,48,"FSA_lambda050","FSA_lambda050","5dae3e976f33edc808a88c07477aed89a1c99f6c027230fa8051b90d3e463460",0.338000000000001,"mallows_gp","gp_c1","estimated_c",1,0.0666666666666667,TRUE,NA,48,396,1082637906,0.468207949947755,0.571161176733055,FALSE,FALSE,0,1.31168348941773,0.0874455659611821,FALSE,1.5,TRUE,0.879219817625954,-27.9888396217317,47,1e-10,889.338867861178,0.346543086580043,0.361160284897167,0.197931957119763,0.206280733311111,-0.83912298039568,-0.129395282908953,0.983333333333333,0.97979797979798,0.904894754114412,0.975731403726278,0.0659028629309821,0.0714959097322838,0.0579431031272064,0.0628606207158202
"29_pwo_gp_model_specific","db6cb901415724b9f55892557a81f2cbcc3e7f91cf2f712ea45b7b9a2b1eb5a5","b1d5697d50014504fea8964eae8d6ad099291a4087058c07ada854c160fad766",9,6,48,"SA_hamming_foldover","Hamming","5dae3e976f33edc808a88c07477aed89a1c99f6c027230fa8051b90d3e463460",0.328999999999997,"mallows_gp","gp_c1","estimated_c",1,0.0666666666666667,TRUE,NA,48,396,1082637906,0.468207949947755,0.571161176733055,FALSE,FALSE,0,0.869216524407943,0.0579477682938629,FALSE,1,TRUE,1.56381402390023,-22.3820692114146,47,1e-10,4914.22189930424,0.32036139848109,0.319676021983087,0.182977993336306,0.182586532889202,-0.888278845742945,-0.225344375563382,0.995833333333333,0.997474747474748,0.907224430168182,0.972195476869785,0.0378342203977493,0.0404852535410387,0.0591656844413326,0.0633114072486328
"29_pwo_gp_model_specific","db6cb901415724b9f55892557a81f2cbcc3e7f91cf2f712ea45b7b9a2b1eb5a5","b1d5697d50014504fea8964eae8d6ad099291a4087058c07ada854c160fad766",9,6,48,"SA_l2_position_foldover","L2","5dae3e976f33edc808a88c07477aed89a1c99f6c027230fa8051b90d3e463460",0.333000000000006,"mallows_gp","gp_c1","estimated_c",1,0.0666666666666667,TRUE,NA,48,396,1082637906,0.468207949947755,0.571161176733055,FALSE,FALSE,0,1.10856192342139,0.0739041282280924,FALSE,1,TRUE,1.02582571006926,-24.725618331379,47,1e-10,1694.19854403352,0.379552310597823,0.390697980908036,0.216785544352803,0.223151518522663,-0.801800877680718,-0.125021387923871,0.959722222222222,0.962121212121212,0.875795016288496,0.93329043803885,0.0535869264482536,0.0569150464643199,0.054970846874209,0.058384917952886
"29_pwo_gp_model_specific","db6cb901415724b9f55892557a81f2cbcc3e7f91cf2f712ea45b7b9a2b1eb5a5","b1d5697d50014504fea8964eae8d6ad099291a4087058c07ada854c160fad766",9,6,48,"random_foldover","RandomFoldover","5dae3e976f33edc808a88c07477aed89a1c99f6c027230fa8051b90d3e463460",0.353999999999999,"mallows_gp","gp_c1","estimated_c",1,0.0666666666666667,TRUE,NA,48,396,1082637906,0.468207949947755,0.571161176733055,FALSE,FALSE,0,1.15613962844265,0.0770759752295101,FALSE,1,TRUE,1.14568561588747,-23.6903422557419,47,1e-10,2684.94534343639,0.438368206405592,0.473853050195775,0.250378900612977,0.270646465748366,-0.66101823147387,0.0787112957924149,0.965277777777778,0.94949494949495,1.03506841716463,1.10855746482831,0.0677839212449262,0.0726377387680139,0.0776590635587611,0.0832200124771052
"29_pwo_gp_model_specific","db6cb901415724b9f55892557a81f2cbcc3e7f91cf2f712ea45b7b9a2b1eb5a5","b1d5697d50014504fea8964eae8d6ad099291a4087058c07ada854c160fad766",9,6,48,"FSA_lambda050","FSA_lambda050","5dae3e976f33edc808a88c07477aed89a1c99f6c027230fa8051b90d3e463460",0.396000000000001,"mallows_gp","gp_c4","estimated_c",4,0.266666666666667,TRUE,NA,48,396,1082689389,0.0996882845470252,0.942897475423783,FALSE,FALSE,0,2.63348352227783,0.175565568151855,FALSE,3,TRUE,1.82400212611735,-64.4787088976031,47,1e-10,109.126786236953,0.668999303657058,0.708980758946577,0.630797754478509,0.668496167734765,0.229675107551642,1.00247079572519,0.943055555555556,0.934343434343434,2.30318555045963,2.48390936579558,0.205360832373679,0.222887455754019,0.37457859487082,0.406547193180218
"29_pwo_gp_model_specific","db6cb901415724b9f55892557a81f2cbcc3e7f91cf2f712ea45b7b9a2b1eb5a5","b1d5697d50014504fea8964eae8d6ad099291a4087058c07ada854c160fad766",9,6,48,"SA_hamming_foldover","Hamming","5dae3e976f33edc808a88c07477aed89a1c99f6c027230fa8051b90d3e463460",0.342000000000006,"mallows_gp","gp_c4","estimated_c",4,0.266666666666667,TRUE,NA,48,396,1082689389,0.0996882845470252,0.942897475423783,FALSE,FALSE,0,3.41845823078583,0.227897215385722,FALSE,3,TRUE,1.25223547147314,-57.002310509003,47,1e-10,95.2213718770187,0.754723158838983,0.772261872959051,0.71162656111314,0.728163770379131,0.330598270490615,1.08511952981554,0.943055555555556,0.939393939393939,2.44795952499753,2.62712456768824,0.34098159609515,0.366149656883099,0.426989249749874,0.458505588216735
"29_pwo_gp_model_specific","db6cb901415724b9f55892557a81f2cbcc3e7f91cf2f712ea45b7b9a2b1eb5a5","b1d5697d50014504fea8964eae8d6ad099291a4087058c07ada854c160fad766",9,6,48,"SA_l2_position_foldover","L2","5dae3e976f33edc808a88c07477aed89a1c99f6c027230fa8051b90d3e463460",0.366,"mallows_gp","gp_c4","estimated_c",4,0.266666666666667,TRUE,NA,48,396,1082689389,0.0996882845470252,0.942897475423783,FALSE,FALSE,0,4.75801255878142,0.317200837252095,FALSE,4,TRUE,1.11221541052324,-63.3141026797709,47,1e-10,22.2638330016523,0.66699935836123,0.678863180581133,0.628912011108087,0.64009837912811,0.221979292613995,0.97581882152182,0.968055555555556,0.974747474747475,2.65830625579678,2.83299129601805,0.449406984111596,0.476951488729577,0.499837373325691,0.530472795837037
"29_pwo_gp_model_specific","db6cb901415724b9f55892557a81f2cbcc3e7f91cf2f712ea45b7b9a2b1eb5a5","b1d5697d50014504fea8964eae8d6ad099291a4087058c07ada854c160fad766",9,6,48,"random_foldover","RandomFoldover","5dae3e976f33edc808a88c07477aed89a1c99f6c027230fa8051b90d3e463460",0.345999999999997,"mallows_gp","gp_c4","estimated_c",4,0.266666666666667,TRUE,NA,48,396,1082689389,0.0996882845470252,0.942897475423783,FALSE,FALSE,0,4.53141897241581,0.302094598161054,FALSE,4,TRUE,0.962645928470239,-55.2881568832649,47,1e-10,47.8616938365251,0.712476424454364,0.727259043841346,0.671792221916984,0.68573071641712,0.271318137126924,1.03568215917386,0.955555555555556,0.944444444444444,2.54508394524742,2.72242889234566,0.479768294688145,0.512709006451308,0.461846995490652,0.493557237550373
"29_pwo_gp_model_specific","db6cb901415724b9f55892557a81f2cbcc3e7f91cf2f712ea45b7b9a2b1eb5a5","b1d5697d50014504fea8964eae8d6ad099291a4087058c07ada854c160fad766",9,6,60,"FSA_lambda050","FSA_lambda050","2ba212d6d11640e7e03c8167e0a4cc8fe1f924dc092f9286054267e0ae8c8960",0.762999999999998,"mallows_gp","gp_c1","estimated_c",1,0.0666666666666667,TRUE,NA,60,372,1082637906,0.468207949947755,0.571161176733055,FALSE,FALSE,0,1.07763771385436,0.0718425142569574,FALSE,1,TRUE,1.09413100046061,-26.8082319258023,59,1e-10,2626.32042609262,0.304977572888219,0.324162807104759,0.174191349408027,0.185149210359045,-1.13725546324103,-0.262096164265389,0.983333333333333,0.978494623655914,0.746388458854917,0.817442459029795,0.0366697382483272,0.0403225177242499,0.040121497396271,0.0441181166587243
"29_pwo_gp_model_specific","db6cb901415724b9f55892557a81f2cbcc3e7f91cf2f712ea45b7b9a2b1eb5a5","b1d5697d50014504fea8964eae8d6ad099291a4087058c07ada854c160fad766",9,6,60,"SA_hamming_foldover","Hamming","2ba212d6d11640e7e03c8167e0a4cc8fe1f924dc092f9286054267e0ae8c8960",0.439999999999998,"mallows_gp","gp_c1","estimated_c",1,0.0666666666666667,TRUE,NA,60,372,1082637906,0.468207949947755,0.571161176733055,FALSE,FALSE,0,0.772464845478688,0.0514976563652459,FALSE,0.75,TRUE,1.81329547903369,-22.8849033781519,59,1e-10,9664.48663021487,0.315734587906726,0.342736411267717,0.180335338764132,0.195757731968934,-1.10060569965293,-0.243811511485645,0.970833333333333,0.962365591397849,0.738324440621595,0.805652717274426,0.0220422820508356,0.0240802545508141,0.0399691703903657,0.0436646167109715
"29_pwo_gp_model_specific","db6cb901415724b9f55892557a81f2cbcc3e7f91cf2f712ea45b7b9a2b1eb5a5","b1d5697d50014504fea8964eae8d6ad099291a4087058c07ada854c160fad766",9,6,60,"SA_l2_position_foldover","L2","2ba212d6d11640e7e03c8167e0a4cc8fe1f924dc092f9286054267e0ae8c8960",0.508000000000003,"mallows_gp","gp_c1","estimated_c",1,0.0666666666666667,TRUE,NA,60,372,1082637906,0.468207949947755,0.571161176733055,FALSE,FALSE,0,0.982036022610627,0.0654690681740418,FALSE,1,TRUE,1.12825424773504,-21.3803844640587,59,1e-10,3944.29251146655,0.322724828478409,0.340424810957954,0.184327892794702,0.194437435615873,-1.10351127130522,-0.2184972261857,0.968055555555556,0.962365591397849,0.722049965486269,0.78948574861583,0.033702123873267,0.0369075465594441,0.038024564417706,0.0416410961791715
"29_pwo_gp_model_specific","db6cb901415724b9f55892557a81f2cbcc3e7f91cf2f712ea45b7b9a2b1eb5a5","b1d5697d50014504fea8964eae8d6ad099291a4087058c07ada854c160fad766",9,6,60,"random_foldover","RandomFoldover","2ba212d6d11640e7e03c8167e0a4cc8fe1f924dc092f9286054267e0ae8c8960",0.496000000000002,"mallows_gp","gp_c1","estimated_c",1,0.0666666666666667,TRUE,NA,60,372,1082637906,0.468207949947755,0.571161176733055,FALSE,FALSE,0,1.15420795652015,0.076947197101343,FALSE,1,TRUE,0.9013341857933,-18.3542008465879,59,1e-10,6074.11513670024,0.396353249549297,0.418386404929968,0.226381588414547,0.238966071368913,-0.926296873839482,-0.0315574140436275,0.938888888888889,0.932795698924731,0.785706294733432,0.85587754859758,0.0500777459940562,0.0544974987864622,0.0451367844119163,0.0491204586964673
"29_pwo_gp_model_specific","db6cb901415724b9f55892557a81f2cbcc3e7f91cf2f712ea45b7b9a2b1eb5a5","b1d5697d50014504fea8964eae8d6ad099291a4087058c07ada854c160fad766",9,6,60,"FSA_lambda050","FSA_lambda050","2ba212d6d11640e7e03c8167e0a4cc8fe1f924dc092f9286054267e0ae8c8960",0.461999999999996,"mallows_gp","gp_c4","estimated_c",4,0.266666666666667,TRUE,NA,60,372,1082689389,0.0996882845470252,0.942897475423783,FALSE,FALSE,0,3.95531819270335,0.263687879513556,FALSE,4,TRUE,1.02994075015724,-71.567969320741,59,1e-10,55.0178414088893,0.611682751030168,0.638945467397452,0.57675412170662,0.602460068142527,-0.0585334764317239,0.889596034043511,0.945833333333333,0.935483870967742,2.09976563450191,2.29603362640087,0.307072449773221,0.336630483696216,0.316266429272052,0.346709452903875
"29_pwo_gp_model_specific","db6cb901415724b9f55892557a81f2cbcc3e7f91cf2f712ea45b7b9a2b1eb5a5","b1d5697d50014504fea8964eae8d6ad099291a4087058c07ada854c160fad766",9,6,60,"SA_hamming_foldover","Hamming","2ba212d6d11640e7e03c8167e0a4cc8fe1f924dc092f9286054267e0ae8c8960",0.455999999999996,"mallows_gp","gp_c4","estimated_c",4,0.266666666666667,TRUE,NA,60,372,1082689389,0.0996882845470252,0.942897475423783,FALSE,FALSE,0,5.21507556719887,0.347671704479924,FALSE,6,TRUE,1.00213354279099,-74.8128883167751,59,1e-10,32.0928542581954,0.625707794100462,0.660414489178148,0.58997829941031,0.622703154579363,-0.029550003202961,0.933537652902795,0.981944444444444,0.975806451612903,2.5048647861315,2.73317391319238,0.451431535274068,0.492659798144368,0.452394683771777,0.493710908905108
"29_pwo_gp_model_specific","db6cb901415724b9f55892557a81f2cbcc3e7f91cf2f712ea45b7b9a2b1eb5a5","b1d5697d50014504fea8964eae8d6ad099291a4087058c07ada854c160fad766",9,6,60,"SA_l2_position_foldover","L2","2ba212d6d11640e7e03c8167e0a4cc8fe1f924dc092f9286054267e0ae8c8960",0.454000000000001,"mallows_gp","gp_c4","estimated_c",4,0.266666666666667,TRUE,NA,60,372,1082689389,0.0996882845470252,0.942897475423783,FALSE,FALSE,0,4.84924008285771,0.323282672190514,FALSE,4,TRUE,1.02360284956212,-74.6015928685632,59,1e-10,33.4353542116426,0.607742653188121,0.63884344943404,0.573039013398431,0.602363875662378,-0.0485732739241967,0.916442400468527,0.976388888888889,0.978494623655914,2.41827191452707,2.64299621353881,0.411642640247036,0.450549286653823,0.421358579558141,0.461183533687034
"29_pwo_gp_model_specific","db6cb901415724b9f55892557a81f2cbcc3e7f91cf2f712ea45b7b9a2b1eb5a5","b1d5697d50014504fea8964eae8d6ad099291a4087058c07ada854c160fad766",9,6,60,"random_foldover","RandomFoldover","2ba212d6d11640e7e03c8167e0a4cc8fe1f924dc092f9286054267e0ae8c8960",0.458999999999996,"mallows_gp","gp_c4","estimated_c",4,0.266666666666667,TRUE,NA,60,372,1082689389,0.0996882845470252,0.942897475423783,FALSE,FALSE,0,4.20057212886727,0.280038141924485,FALSE,4,TRUE,0.903565598893231,-64.7634942583362,59,1e-10,110.840204341858,0.739446588373918,0.797625135185074,0.697222321388496,0.75207872630056,0.117677415779064,1.12552513797593,0.909722222222222,0.884408602150538,2.15355146920528,2.34143418850071,0.370894124837058,0.402199394481059,0.335127172034377,0.363413536748773
"29_pwo_gp_model_specific","db6cb901415724b9f55892557a81f2cbcc3e7f91cf2f712ea45b7b9a2b1eb5a5","b1d5697d50014504fea8964eae8d6ad099291a4087058c07ada854c160fad766",10,6,48,"FSA_lambda050","FSA_lambda050","29bab431b9e3a2cef27152d7ab2bcb0c181400458eb1571b33436f262765406a",0.317,"mallows_gp","gp_c1","estimated_c",1,0.0666666666666667,TRUE,NA,48,398,91645042,-0.601632372140633,0.867264241001543,FALSE,FALSE,0,0.705720410939215,0.0470480273959477,FALSE,0.75,TRUE,1.53416689834794,-19.6291082691192,47,1e-10,6570.60600284781,0.230836295713874,0.24884730719813,0.2001960647979,0.215816371002464,-0.84958285736754,-0.12815125687606,0.930555555555556,0.919597989949749,0.672246233343502,0.727953553336127,0.0208850070846233,0.0228332811973864,0.0320410865409913,0.0350300641937006
"29_pwo_gp_model_specific","db6cb901415724b9f55892557a81f2cbcc3e7f91cf2f712ea45b7b9a2b1eb5a5","b1d5697d50014504fea8964eae8d6ad099291a4087058c07ada854c160fad766",10,6,48,"SA_hamming_foldover","Hamming","29bab431b9e3a2cef27152d7ab2bcb0c181400458eb1571b33436f262765406a",0.289999999999996,"mallows_gp","gp_c1","estimated_c",1,0.0666666666666667,TRUE,NA,48,398,91645042,-0.601632372140633,0.867264241001543,FALSE,FALSE,0,1.15464727277205,0.0769764848514703,FALSE,1,TRUE,0.841554713755699,-19.0043627153992,47,1e-10,2311.90388201874,0.265011125665953,0.293444481208644,0.229834672757647,0.254493905271506,-0.774870302601142,-0.00391157364194923,0.951388888888889,0.939698492462312,0.850328006698539,0.918607313611151,0.0616069209675417,0.0670427478024864,0.0518455947402096,0.0564201404363169
"29_pwo_gp_model_specific","db6cb901415724b9f55892557a81f2cbcc3e7f91cf2f712ea45b7b9a2b1eb5a5","b1d5697d50014504fea8964eae8d6ad099291a4087058c07ada854c160fad766",10,6,48,"SA_l2_position_foldover","L2","29bab431b9e3a2cef27152d7ab2bcb0c181400458eb1571b33436f262765406a",0.359999999999999,"mallows_gp","gp_c1","estimated_c",1,0.0666666666666667,TRUE,NA,48,398,91645042,-0.601632372140633,0.867264241001543,FALSE,FALSE,0,0.855168622668481,0.0570112415112321,FALSE,0.75,TRUE,1.20590053933738,-19.4982784366106,47,1e-10,4200.21601841849,0.254069946602892,0.27444308938039,0.220345779401859,0.238014677609602,-0.792685928879086,-0.0490531665582662,0.933333333333333,0.914572864321608,0.742193162661575,0.794076710908676,0.0326324825655292,0.0348359020775979,0.0393515283256894,0.0420086331036796
"29_pwo_gp_model_specific","db6cb901415724b9f55892557a81f2cbcc3e7f91cf2f712ea45b7b9a2b1eb5a5","b1d5697d50014504fea8964eae8d6ad099291a4087058c07ada854c160fad766",10,6,48,"random_foldover","RandomFoldover","29bab431b9e3a2cef27152d7ab2bcb0c181400458eb1571b33436f262765406a",0.336999999999996,"mallows_gp","gp_c1","estimated_c",1,0.0666666666666667,TRUE,NA,48,398,91645042,-0.601632372140633,0.867264241001543,FALSE,FALSE,0,0.663416750297237,0.0442277833531491,FALSE,0.75,TRUE,1.4023370989654,-11.2123181810149,47,1e-10,9925.37997609335,0.26416974787528,0.282727470520823,0.229104975886624,0.245199425131527,-0.653783013612394,0.103315972341126,0.879166666666667,0.844221105527638,0.670313717690705,0.717678217047347,0.0232520759654687,0.0248390164326222,0.0326072487543384,0.0348326742452773
"29_pwo_gp_model_specific","db6cb901415724b9f55892557a81f2cbcc3e7f91cf2f712ea45b7b9a2b1eb5a5","b1d5697d50014504fea8964eae8d6ad099291a4087058c07ada854c160fad766",10,6,48,"FSA_lambda050","FSA_lambda050","29bab431b9e3a2cef27152d7ab2bcb0c181400458eb1571b33436f262765406a",0.352000000000004,"mallows_gp","gp_c4","estimated_c",4,0.266666666666667,TRUE,NA,48,398,98389315,-0.363981790792947,1.00157854995909,FALSE,FALSE,0,2.80124032429001,0.186749354952667,FALSE,3,TRUE,1.11494624017385,-54.0133745876584,47,1e-10,104.384260969049,0.537120353148267,0.567328289101854,0.537968224459754,0.568223845149404,0.0686914272783008,0.854418729845702,0.925,0.909547738693467,1.88615499590353,2.04121367352215,0.225426281411806,0.246126836552644,0.251338184896465,0.274418191020253
"29_pwo_gp_model_specific","db6cb901415724b9f55892557a81f2cbcc3e7f91cf2f712ea45b7b9a2b1eb5a5","b1d5697d50014504fea8964eae8d6ad099291a4087058c07ada854c160fad766",10,6,48,"SA_hamming_foldover","Hamming","29bab431b9e3a2cef27152d7ab2bcb0c181400458eb1571b33436f262765406a",0.363,"mallows_gp","gp_c4","estimated_c",4,0.266666666666667,TRUE,NA,48,398,98389315,-0.363981790792947,1.00157854995909,FALSE,FALSE,0,3.6127232097355,0.240848213982367,FALSE,4,TRUE,0.912896566830796,-52.1814443177228,47,1e-10,80.9779484453158,0.574962998764295,0.611548212720429,0.575870606582472,0.612513572126599,0.115097287155117,0.90465154554215,0.947222222222222,0.947236180904523,2.11418039117803,2.28109931808443,0.348050029234102,0.377910947347628,0.31773367677317,0.344993606401423
"29_pwo_gp_model_specific","db6cb901415724b9f55892557a81f2cbcc3e7f91cf2f712ea45b7b9a2b1eb5a5","b1d5697d50014504fea8964eae8d6ad099291a4087058c07ada854c160fad766",10,6,48,"SA_l2_position_foldover","L2","29bab431b9e3a2cef27152d7ab2bcb0c181400458eb1571b33436f262765406a",0.387,"mallows_gp","gp_c4","estimated_c",4,0.266666666666667,TRUE,NA,48,398,98389315,-0.363981790792947,1.00157854995909,FALSE,FALSE,0,2.947067128075,0.196471141871667,FALSE,3,TRUE,1.23870145080016,-56.775809129342,47,1e-10,104.580026196002,0.554005068456825,0.601879836905867,0.554879593134972,0.60282993429779,0.0904348647413276,0.883256414236592,0.945833333333333,0.934673366834171,2.11013020869204,2.26057081097069,0.255255115928208,0.273310858044919,0.316184882424433,0.338550556379677
"29_pwo_gp_model_specific","db6cb901415724b9f55892557a81f2cbcc3e7f91cf2f712ea45b7b9a2b1eb5a5","b1d5697d50014504fea8964eae8d6ad099291a4087058c07ada854c160fad766",10,6,48,"random_foldover","RandomFoldover","29bab431b9e3a2cef27152d7ab2bcb0c181400458eb1571b33436f262765406a",0.360999999999997,"mallows_gp","gp_c4","estimated_c",4,0.266666666666667,TRUE,NA,48,398,98389315,-0.363981790792947,1.00157854995909,FALSE,FALSE,0,2.8772636644295,0.191817577628633,FALSE,3,TRUE,1.1984140460053,-53.730462108699,47,1e-10,123.716035645469,0.558521336362737,0.594629778142073,0.559402990195402,0.595568430954032,0.113822636929434,0.897081214649726,0.952777777777778,0.944723618090452,2.12206731671602,2.26784169780597,0.269730133137475,0.287347524654203,0.323248380182828,0.344361309630451
"29_pwo_gp_model_specific","db6cb901415724b9f55892557a81f2cbcc3e7f91cf2f712ea45b7b9a2b1eb5a5","b1d5697d50014504fea8964eae8d6ad099291a4087058c07ada854c160fad766",10,6,60,"FSA_lambda050","FSA_lambda050","c6ae59e5c2df5eb55e65f15b1406b087ccc6d47e039a384b161645bd7c1a5e93",0.500999999999998,"mallows_gp","gp_c1","estimated_c",1,0.0666666666666667,TRUE,NA,60,332,91645042,-0.601632372140633,0.867264241001543,FALSE,FALSE,0,0.858499710894205,0.0572333140596137,FALSE,0.75,TRUE,1.38108177619582,-22.3735396660157,59,1e-10,5932.51712792977,0.191632587210711,0.202977329815861,0.166196090298459,0.176034979883272,-1.17956239549857,-0.336460472797465,0.980555555555556,0.975903614457831,0.687019823202523,0.743938778769312,0.0246551880281579,0.0264762254842827,0.0340508308743701,0.0365658325187941
"29_pwo_gp_model_specific","db6cb901415724b9f55892557a81f2cbcc3e7f91cf2f712ea45b7b9a2b1eb5a5","b1d5697d50014504fea8964eae8d6ad099291a4087058c07ada854c160fad766",10,6,60,"SA_hamming_foldover","Hamming","c6ae59e5c2df5eb55e65f15b1406b087ccc6d47e039a384b161645bd7c1a5e93",0.483999999999995,"mallows_gp","gp_c1","estimated_c",1,0.0666666666666667,TRUE,NA,60,332,91645042,-0.601632372140633,0.867264241001543,FALSE,FALSE,0,0.854760694597368,0.0569840463064912,FALSE,0.75,TRUE,1.16667427421383,-15.4478085515456,59,1e-10,8948.62194551211,0.215643785783649,0.235628249369827,0.187020144204355,0.204351954848245,-1.05965498045336,-0.135751717903616,0.925,0.906626506024096,0.646863674120185,0.709329646476651,0.0261510584800797,0.0288403977735732,0.0305097671721704,0.0336473501405218
"29_pwo_gp_model_specific","db6cb901415724b9f55892557a81f2cbcc3e7f91cf2f712ea45b7b9a2b1eb5a5","b1d5697d50014504fea8964eae8d6ad099291a4087058c07ada854c160fad766",10,6,60,"SA_l2_position_foldover","L2","c6ae59e5c2df5eb55e65f15b1406b087ccc6d47e039a384b161645bd7c1a5e93",0.485999999999997,"mallows_gp","gp_c1","estimated_c",1,0.0666666666666667,TRUE,NA,60,332,91645042,-0.601632372140633,0.867264241001543,FALSE,FALSE,0,0.565689360322674,0.0377126240215116,FALSE,0.5,TRUE,2.31171304575679,-16.2076608486043,59,1e-10,20204.2855606627,0.20155468767257,0.218933318344786,0.174801173224654,0.18987303816424,-1.13948208182683,-0.269615247840575,0.938888888888889,0.921686746987952,0.606563428081635,0.65973026333013,0.0115851624790675,0.0125647259592838,0.0267815712400724,0.0290460409164354
"29_pwo_gp_model_specific","db6cb901415724b9f55892557a81f2cbcc3e7f91cf2f712ea45b7b9a2b1eb5a5","b1d5697d50014504fea8964eae8d6ad099291a4087058c07ada854c160fad766",10,6,60,"random_foldover","RandomFoldover","c6ae59e5c2df5eb55e65f15b1406b087ccc6d47e039a384b161645bd7c1a5e93",0.460999999999999,"mallows_gp","gp_c1","estimated_c",1,0.0666666666666667,TRUE,NA,60,332,91645042,-0.601632372140633,0.867264241001543,FALSE,FALSE,0,1.07251894977549,0.071501263318366,FALSE,1,TRUE,1.05129519952313,-21.2274231382573,59,1e-10,4719.90870478427,0.207265566106993,0.21378308287757,0.179754013875536,0.185406423110786,-1.10601895318845,-0.256048279286413,0.977777777777778,0.975903614457831,0.774008536443903,0.827221748825161,0.041651457656487,0.0436700831010212,0.0437879774874057,0.0459101487268797
"29_pwo_gp_model_specific","db6cb901415724b9f55892557a81f2cbcc3e7f91cf2f712ea45b7b9a2b1eb5a5","b1d5697d50014504fea8964eae8d6ad099291a4087058c07ada854c160fad766",10,6,60,"FSA_lambda050","FSA_lambda050","c6ae59e5c2df5eb55e65f15b1406b087ccc6d47e039a384b161645bd7c1a5e93",0.462000000000003,"mallows_gp","gp_c4","estimated_c",4,0.266666666666667,TRUE,NA,60,332,98389315,-0.363981790792947,1.00157854995909,FALSE,FALSE,0,2.26776800164001,0.151184533442667,FALSE,2,TRUE,1.52153993806595,-66.0743880354155,59,1e-10,314.771676707895,0.485135215620867,0.491232742810705,0.485901025795638,0.492008178236771,-0.184423043577331,0.712531006828032,0.941666666666667,0.939759036144578,1.71981946202898,1.8635889501903,0.13995373394398,0.150567646247961,0.212945195677222,0.229094687146858
"29_pwo_gp_model_specific","db6cb901415724b9f55892557a81f2cbcc3e7f91cf2f712ea45b7b9a2b1eb5a5","b1d5697d50014504fea8964eae8d6ad099291a4087058c07ada854c160fad766",10,6,60,"SA_hamming_foldover","Hamming","c6ae59e5c2df5eb55e65f15b1406b087ccc6d47e039a384b161645bd7c1a5e93",0.439999999999998,"mallows_gp","gp_c4","estimated_c",4,0.266666666666667,TRUE,NA,60,332,98389315,-0.363981790792947,1.00157854995909,FALSE,FALSE,0,3.54909481531142,0.236606321020761,FALSE,4,TRUE,1.12232755016176,-69.3728932017784,59,1e-10,120.27579324175,0.530253008949509,0.551686868260942,0.531090039815092,0.552557733544265,-0.129687739483354,0.816911235405433,0.9625,0.963855421686747,2.10843221248251,2.30767200338982,0.286448396682793,0.314741387044718,0.321488927296764,0.353242929856414
"29_pwo_gp_model_specific","db6cb901415724b9f55892557a81f2cbcc3e7f91cf2f712ea45b7b9a2b1eb5a5","b1d5697d50014504fea8964eae8d6ad099291a4087058c07ada854c160fad766",10,6,60,"SA_l2_position_foldover","L2","c6ae59e5c2df5eb55e65f15b1406b087ccc6d47e039a384b161645bd7c1a5e93",0.413000000000004,"mallows_gp","gp_c4","estimated_c",4,0.266666666666667,TRUE,NA,60,332,98389315,-0.363981790792947,1.00157854995909,FALSE,FALSE,0,2.86057454543048,0.190704969695365,FALSE,3,TRUE,1.19672511439029,-66.2819020043649,59,1e-10,154.925721975653,0.51726361775308,0.532391584063866,0.518080144215721,0.533231990777109,-0.138298956869177,0.798911239440051,0.944444444444444,0.939759036144578,1.84580594374339,2.01105852103813,0.205766891100189,0.223876154561774,0.246246406289609,0.267918216677198
"29_pwo_gp_model_specific","db6cb901415724b9f55892557a81f2cbcc3e7f91cf2f712ea45b7b9a2b1eb5a5","b1d5697d50014504fea8964eae8d6ad099291a4087058c07ada854c160fad766",10,6,60,"random_foldover","RandomFoldover","c6ae59e5c2df5eb55e65f15b1406b087ccc6d47e039a384b161645bd7c1a5e93",0.418999999999997,"mallows_gp","gp_c4","estimated_c",4,0.266666666666667,TRUE,NA,60,332,98389315,-0.363981790792947,1.00157854995909,FALSE,FALSE,0,2.48005759913236,0.16533717327549,FALSE,3,TRUE,1.57592158508295,-66.8970940677137,59,1e-10,382.607356684071,0.49796322762272,0.490170142192103,0.498749287455311,0.490943900250007,-0.196288364567352,0.682461030507484,0.966666666666667,0.963855421686747,1.95801564945148,2.09683808803769,0.176860733515202,0.186111813424069,0.278718647500211,0.293297624013922
"29_pwo_gp_model_specific","db6cb901415724b9f55892557a81f2cbcc3e7f91cf2f712ea45b7b9a2b1eb5a5","b1d5697d50014504fea8964eae8d6ad099291a4087058c07ada854c160fad766",11,6,48,"FSA_lambda050","FSA_lambda050","64204db9df2c862c28c60d3cbfd8c500ad2438e2fb9488e49c9f5d138b6ef9a4",0.285,"mallows_gp","gp_c1","estimated_c",1,0.0666666666666667,TRUE,NA,48,394,91645043,-0.559924279884165,0.813230228445736,FALSE,FALSE,0,0.34428995014605,0.02295266334307,FALSE,0.25,TRUE,5.52958451134255,-22.4048136870156,47,1e-10,53473.8696145124,0.250436999640151,0.263845437356813,0.203662938428625,0.214567085296047,-0.737086852524309,-0.0532619475900843,0.890277777777778,0.868020304568528,0.632105105978813,0.670424326649225,0.00512246005526079,0.00537813271114731,0.028325075781541,0.0297388393395049
"29_pwo_gp_model_specific","db6cb901415724b9f55892557a81f2cbcc3e7f91cf2f712ea45b7b9a2b1eb5a5","b1d5697d50014504fea8964eae8d6ad099291a4087058c07ada854c160fad766",11,6,48,"SA_hamming_foldover","Hamming","64204db9df2c862c28c60d3cbfd8c500ad2438e2fb9488e49c9f5d138b6ef9a4",0.265999999999998,"mallows_gp","gp_c1","estimated_c",1,0.0666666666666667,TRUE,NA,48,394,91645043,-0.559924279884165,0.813230228445736,FALSE,FALSE,0,0.693074207156172,0.0462049471437448,FALSE,0.75,TRUE,2.28107324564746,-25.8517945505964,47,1e-10,7719.16507636864,0.296031791497135,0.306377022049205,0.240742001426416,0.249155055631599,-0.712582258071119,-0.0415072864442976,0.948611111111111,0.949238578680203,0.841890898460164,0.894059464729591,0.0221993976620804,0.0233720538853903,0.0506384520764603,0.0533133668137945
"29_pwo_gp_model_specific","db6cb901415724b9f55892557a81f2cbcc3e7f91cf2f712ea45b7b9a2b1eb5a5","b1d5697d50014504fea8964eae8d6ad099291a4087058c07ada854c160fad766",11,6,48,"SA_l2_position_foldover","L2","64204db9df2c862c28c60d3cbfd8c500ad2438e2fb9488e49c9f5d138b6ef9a4",0.330000000000005,"mallows_gp","gp_c1","estimated_c",1,0.0666666666666667,TRUE,NA,48,394,91645043,-0.559924279884165,0.813230228445736,FALSE,FALSE,0,0.646811894142804,0.0431207929428536,FALSE,0.75,TRUE,2.36647426800116,-25.705853906808,47,1e-10,7595.21349152771,0.287136284297342,0.305650262874415,0.233507906074187,0.248564033101859,-0.741303430846985,-0.0342876915005949,0.943055555555556,0.934010152284264,0.79331327935501,0.856259801812305,0.0191376101327273,0.0207896484389186,0.0452886619301372,0.0491981680714911
"29_pwo_gp_model_specific","db6cb901415724b9f55892557a81f2cbcc3e7f91cf2f712ea45b7b9a2b1eb5a5","b1d5697d50014504fea8964eae8d6ad099291a4087058c07ada854c160fad766",11,6,48,"random_foldover","RandomFoldover","64204db9df2c862c28c60d3cbfd8c500ad2438e2fb9488e49c9f5d138b6ef9a4",0.353999999999999,"mallows_gp","gp_c1","estimated_c",1,0.0666666666666667,TRUE,NA,48,394,91645043,-0.559924279884165,0.813230228445736,FALSE,FALSE,0,0.705469134030372,0.0470312756020248,FALSE,0.75,TRUE,2.04292742484643,-20.5395444796628,47,1e-10,13279.6878572258,0.288159415902945,0.306571949519283,0.234339947623542,0.249313576542621,-0.703022398846699,0.00761199719486104,0.952777777777778,0.936548223350254,0.838579167532371,0.892208422236394,0.0246852836745642,0.0261388156610464,0.0504302430088811,0.0533997033669571
"29_pwo_gp_model_specific","db6cb901415724b9f55892557a81f2cbcc3e7f91cf2f712ea45b7b9a2b1eb5a5","b1d5697d50014504fea8964eae8d6ad099291a4087058c07ada854c160fad766",11,6,48,"FSA_lambda050","FSA_lambda050","64204db9df2c862c28c60d3cbfd8c500ad2438e2fb9488e49c9f5d138b6ef9a4",0.356999999999999,"mallows_gp","gp_c4","estimated_c",4,0.266666666666667,TRUE,NA,48,394,98389316,0.0304647606598239,0.971202149061988,FALSE,FALSE,0,2.79540266843367,0.186360177895578,FALSE,3,TRUE,1.29180958158316,-57.5963394925784,47,1e-10,99.5988346508276,0.663158088189268,0.656617626172501,0.644060560417256,0.637708449650714,0.272924505463196,0.998250376988609,0.904166666666667,0.906091370558376,2.02419122249026,2.14782659419475,0.224035739212678,0.235426030495235,0.289411514532004,0.304125601947835
"29_pwo_gp_model_specific","db6cb901415724b9f55892557a81f2cbcc3e7f91cf2f712ea45b7b9a2b1eb5a5","b1d5697d50014504fea8964eae8d6ad099291a4087058c07ada854c160fad766",11,6,48,"SA_hamming_foldover","Hamming","64204db9df2c862c28c60d3cbfd8c500ad2438e2fb9488e49c9f5d138b6ef9a4",0.339999999999996,"mallows_gp","gp_c4","estimated_c",4,0.266666666666667,TRUE,NA,48,394,98389316,0.0304647606598239,0.971202149061988,FALSE,FALSE,0,5.40313525506789,0.360209017004526,FALSE,6,TRUE,0.944530499500379,-60.2640393350283,47,1e-10,22.1575076325673,0.658873821567357,0.673287737188719,0.639899671466902,0.653898497294767,0.224217446639017,0.993106171076103,0.966666666666667,0.967005076142132,2.63144033278063,2.80417560340998,0.51759163436392,0.548660721273164,0.48888108494297,0.518226785120379
"29_pwo_gp_model_specific","db6cb901415724b9f55892557a81f2cbcc3e7f91cf2f712ea45b7b9a2b1eb5a5","b1d5697d50014504fea8964eae8d6ad099291a4087058c07ada854c160fad766",11,6,48,"SA_l2_position_foldover","L2","64204db9df2c862c28c60d3cbfd8c500ad2438e2fb9488e49c9f5d138b6ef9a4",0.352000000000004,"mallows_gp","gp_c4","estimated_c",4,0.266666666666667,TRUE,NA,48,394,98389316,0.0304647606598239,0.971202149061988,FALSE,FALSE,0,3.92965073870137,0.261976715913425,FALSE,4,TRUE,1.50816032527679,-67.5400746210558,47,1e-10,35.8880069494621,0.576279970409419,0.57890573229887,0.559684345723006,0.562234491312967,0.17414679464996,0.91132245853678,0.983333333333333,0.99238578680203,2.78412826145602,2.99776363747232,0.365045432417704,0.394959003856574,0.550547038095889,0.595661499727327
"29_pwo_gp_model_specific","db6cb901415724b9f55892557a81f2cbcc3e7f91cf2f712ea45b7b9a2b1eb5a5","b1d5697d50014504fea8964eae8d6ad099291a4087058c07ada854c160fad766",11,6,48,"random_foldover","RandomFoldover","64204db9df2c862c28c60d3cbfd8c500ad2438e2fb9488e49c9f5d138b6ef9a4",0.363999999999997,"mallows_gp","gp_c4","estimated_c",4,0.266666666666667,TRUE,NA,48,394,98389316,0.0304647606598239,0.971202149061988,FALSE,FALSE,0,5.29759784905828,0.353173189937219,FALSE,6,TRUE,0.861545663139156,-55.6886986602907,47,1e-10,34.0857180999159,0.71603046646172,0.737909754068766,0.69541032782148,0.716659538965388,0.304611594610904,1.08694593880666,0.938888888888889,0.923857868020305,2.53183298737009,2.69226554753137,0.525502526663257,0.555127918429004,0.452744422815397,0.478268050609976
"29_pwo_gp_model_specific","db6cb901415724b9f55892557a81f2cbcc3e7f91cf2f712ea45b7b9a2b1eb5a5","b1d5697d50014504fea8964eae8d6ad099291a4087058c07ada854c160fad766",11,6,60,"FSA_lambda050","FSA_lambda050","ec38be4c80fb9a4be834e22e84b876869b9c31845187b273094e811c7c5da650",0.478999999999999,"mallows_gp","gp_c1","estimated_c",1,0.0666666666666667,TRUE,NA,60,358,91645043,-0.559924279884165,0.813230228445736,FALSE,FALSE,0,1.02558132062145,0.0683720880414301,FALSE,1,TRUE,1.4139994519653,-32.5021488023535,59,1e-10,2942.46622386794,0.241436301761143,0.240752799455221,0.196343298836308,0.19578745409992,-1.03067264459303,-0.210150729127399,0.980555555555556,0.983240223463687,0.809977819853704,0.882171180628711,0.0334563177306819,0.0363351309085134,0.047307214935961,0.0513778551917253
"29_pwo_gp_model_specific","db6cb901415724b9f55892557a81f2cbcc3e7f91cf2f712ea45b7b9a2b1eb5a5","b1d5697d50014504fea8964eae8d6ad099291a4087058c07ada854c160fad766",11,6,60,"SA_hamming_foldover","Hamming","ec38be4c80fb9a4be834e22e84b876869b9c31845187b273094e811c7c5da650",0.451999999999998,"mallows_gp","gp_c1","estimated_c",1,0.0666666666666667,TRUE,NA,60,358,91645043,-0.559924279884165,0.813230228445736,FALSE,FALSE,0,0.791491727003921,0.0527661151335947,FALSE,0.75,TRUE,1.95293824533338,-26.4338031363312,59,1e-10,8087.92098937551,0.237759222506017,0.249019592632484,0.193352986833649,0.202510260203979,-1.02902461845561,-0.186706260348982,0.970833333333333,0.960893854748603,0.787657834187062,0.863144713961879,0.0232176167896263,0.025561689953249,0.0453425717939556,0.0499204019250541
"29_pwo_gp_model_specific","db6cb901415724b9f55892557a81f2cbcc3e7f91cf2f712ea45b7b9a2b1eb5a5","b1d5697d50014504fea8964eae8d6ad099291a4087058c07ada854c160fad766",11,6,60,"SA_l2_position_foldover","L2","ec38be4c80fb9a4be834e22e84b876869b9c31845187b273094e811c7c5da650",0.481999999999999,"mallows_gp","gp_c1","estimated_c",1,0.0666666666666667,TRUE,NA,60,358,91645043,-0.559924279884165,0.813230228445736,FALSE,FALSE,0,0.803348904006417,0.0535565936004278,FALSE,0.75,TRUE,1.89276611205929,-26.0586563586426,59,1e-10,8171.34648422876,0.279753418277009,0.293039215556705,0.227503936253887,0.238308348210738,-0.902013635750339,-0.0461141685140124,0.940277777777778,0.946927374301676,0.788840298643153,0.86330766487813,0.0241674475389773,0.0265591857750158,0.045743325716747,0.050270326798837
"29_pwo_gp_model_specific","db6cb901415724b9f55892557a81f2cbcc3e7f91cf2f712ea45b7b9a2b1eb5a5","b1d5697d50014504fea8964eae8d6ad099291a4087058c07ada854c160fad766",11,6,60,"random_foldover","RandomFoldover","ec38be4c80fb9a4be834e22e84b876869b9c31845187b273094e811c7c5da650",0.502000000000002,"mallows_gp","gp_c1","estimated_c",1,0.0666666666666667,TRUE,NA,60,358,91645043,-0.559924279884165,0.813230228445736,FALSE,FALSE,0,0.851453923433851,0.05676359489559,FALSE,0.75,TRUE,1.56414738832229,-22.9536123591266,59,1e-10,9348.28952217813,0.264193170740745,0.279697808982999,0.2148498725953,0.227458713095016,-0.927115250949688,-0.060309246286112,0.934722222222222,0.927374301675978,0.749292649939174,0.819934869088664,0.026236706474016,0.028721931510816,0.0410380759095108,0.0449253341602147
"29_pwo_gp_model_specific","db6cb901415724b9f55892557a81f2cbcc3e7f91cf2f712ea45b7b9a2b1eb5a5","b1d5697d50014504fea8964eae8d6ad099291a4087058c07ada854c160fad766",11,6,60,"FSA_lambda050","FSA_lambda050","ec38be4c80fb9a4be834e22e84b876869b9c31845187b273094e811c7c5da650",0.461000000000006,"mallows_gp","gp_c4","estimated_c",4,0.266666666666667,TRUE,NA,60,358,98389316,0.0304647606598239,0.971202149061988,FALSE,FALSE,0,3.68806255810554,0.245870837207036,FALSE,4,TRUE,0.973403609086552,-68.4870495761459,59,1e-10,60.9967053934987,0.580621276924333,0.614979022180344,0.563900631940028,0.59726894796959,-0.0775926215429504,0.899246113814846,0.926388888888889,0.916201117318436,1.94713959345442,2.12169690283009,0.279654508590077,0.304084734459495,0.272216707958907,0.295997177990998
"29_pwo_gp_model_specific","db6cb901415724b9f55892557a81f2cbcc3e7f91cf2f712ea45b7b9a2b1eb5a5","b1d5697d50014504fea8964eae8d6ad099291a4087058c07ada854c160fad766",11,6,60,"SA_hamming_foldover","Hamming","ec38be4c80fb9a4be834e22e84b876869b9c31845187b273094e811c7c5da650",0.430999999999997,"mallows_gp","gp_c4","estimated_c",4,0.266666666666667,TRUE,NA,60,358,98389316,0.0304647606598239,0.971202149061988,FALSE,FALSE,0,4.03370253290164,0.268913502193443,FALSE,4,TRUE,1.15836799450973,-73.4219462159768,59,1e-10,61.2478526220287,0.594175244889624,0.638440489414661,0.577064274756236,0.620054775367706,-0.0491471834131117,0.929731416370174,0.966666666666667,0.955307262569832,2.33829851232378,2.55650003489431,0.341412221560974,0.374186793906533,0.395480990390697,0.433446006029537
"29_pwo_gp_model_specific","db6cb901415724b9f55892557a81f2cbcc3e7f91cf2f712ea45b7b9a2b1eb5a5","b1d5697d50014504fea8964eae8d6ad099291a4087058c07ada854c160fad766",11,6,60,"SA_l2_position_foldover","L2","ec38be4c80fb9a4be834e22e84b876869b9c31845187b273094e811c7c5da650",0.420000000000002,"mallows_gp","gp_c4","estimated_c",4,0.266666666666667,TRUE,NA,60,358,98389316,0.0304647606598239,0.971202149061988,FALSE,FALSE,0,4.76193427314224,0.317462284876149,FALSE,4,TRUE,0.855163170929424,-68.5879021238912,59,1e-10,38.2220619249634,0.633259293797317,0.669163206491616,0.615022787049431,0.649892744217868,-0.0195669235085984,0.960251284817223,0.948611111111111,0.949720670391061,2.20381598424508,2.41129399556255,0.410431803427372,0.45035922601607,0.350986162469233,0.385130623777224
"29_pwo_gp_model_specific","db6cb901415724b9f55892557a81f2cbcc3e7f91cf2f712ea45b7b9a2b1eb5a5","b1d5697d50014504fea8964eae8d6ad099291a4087058c07ada854c160fad766",11,6,60,"random_foldover","RandomFoldover","ec38be4c80fb9a4be834e22e84b876869b9c31845187b273094e811c7c5da650",0.557000000000002,"mallows_gp","gp_c4","estimated_c",4,0.266666666666667,TRUE,NA,60,358,98389316,0.0304647606598239,0.971202149061988,FALSE,FALSE,0,2.8695764763509,0.191305098423393,FALSE,3,TRUE,1.10151650119623,-61.9088757005119,59,1e-10,242.875216764398,0.632633338313481,0.679796384673696,0.614414857738312,0.660219709719663,0.0691894207641091,1.06301856839339,0.886111111111111,0.865921787709497,1.80590820434384,1.97826969253294,0.214778305838674,0.235691264575305,0.23658184798027,0.259617817117505
"29_pwo_gp_model_specific","db6cb901415724b9f55892557a81f2cbcc3e7f91cf2f712ea45b7b9a2b1eb5a5","b1d5697d50014504fea8964eae8d6ad099291a4087058c07ada854c160fad766",12,6,48,"FSA_lambda050","FSA_lambda050","837a71cf75b9bce15d2f30a61749e208b26ecac3b6619bb5b6d2985211013215",0.294999999999998,"mallows_gp","gp_c1","estimated_c",1,0.0666666666666667,TRUE,NA,48,390,91645044,1.11494472558278,0.814462771046559,FALSE,FALSE,0,0.76409676989478,0.050939784659652,FALSE,0.75,TRUE,2.3246689053682,-32.6669949327919,47,1e-10,4892.7231107378,0.218685896576165,0.222369680039593,0.178111521314225,0.181111825801784,-0.881837245009229,-0.229133829928309,0.990277777777778,0.98974358974359,0.88770560300063,0.947186779970951,0.0240173643994228,0.025531266049932,0.0558324202082353,0.0593517403009597
"29_pwo_gp_model_specific","db6cb901415724b9f55892557a81f2cbcc3e7f91cf2f712ea45b7b9a2b1eb5a5","b1d5697d50014504fea8964eae8d6ad099291a4087058c07ada854c160fad766",12,6,48,"SA_hamming_foldover","Hamming","837a71cf75b9bce15d2f30a61749e208b26ecac3b6619bb5b6d2985211013215",0.298999999999999,"mallows_gp","gp_c1","estimated_c",1,0.0666666666666667,TRUE,NA,48,390,91645044,1.11494472558278,0.814462771046559,FALSE,FALSE,0,0.56166814529793,0.037444543019862,FALSE,0.5,TRUE,3.86802143377001,-29.6664734512019,47,1e-10,15173.6310907036,0.249000328027897,0.25840737319192,0.202801497157103,0.210463185228754,-0.813986076661025,-0.166014946128175,0.983333333333333,0.976923076923077,0.905336623297038,0.968225521057858,0.0152680324184857,0.0163268127774527,0.0590570766461981,0.0631524617683371
"29_pwo_gp_model_specific","db6cb901415724b9f55892557a81f2cbcc3e7f91cf2f712ea45b7b9a2b1eb5a5","b1d5697d50014504fea8964eae8d6ad099291a4087058c07ada854c160fad766",12,6,48,"SA_l2_position_foldover","L2","837a71cf75b9bce15d2f30a61749e208b26ecac3b6619bb5b6d2985211013215",0.286000000000001,"mallows_gp","gp_c1","estimated_c",1,0.0666666666666667,TRUE,NA,48,390,91645044,1.11494472558278,0.814462771046559,FALSE,FALSE,0,0.683160974778154,0.0455440649852103,FALSE,0.75,TRUE,2.31364417778933,-25.0940595669956,47,1e-10,7442.60507836658,0.272663763260756,0.270243792790202,0.222074484189338,0.22010350833404,-0.755270646958709,-0.123975875279889,0.961111111111111,0.969230769230769,0.858374352010861,0.919278848875388,0.0228925735304416,0.0245505273107008,0.0529652694633204,0.0568011845740609
"29_pwo_gp_model_specific","db6cb901415724b9f55892557a81f2cbcc3e7f91cf2f712ea45b7b9a2b1eb5a5","b1d5697d50014504fea8964eae8d6ad099291a4087058c07ada854c160fad766",12,6,48,"random_foldover","RandomFoldover","837a71cf75b9bce15d2f30a61749e208b26ecac3b6619bb5b6d2985211013215",0.356999999999999,"mallows_gp","gp_c1","estimated_c",1,0.0666666666666667,TRUE,NA,48,390,91645044,1.11494472558278,0.814462771046559,FALSE,FALSE,0,0.636457716929667,0.0424305144619778,FALSE,0.75,TRUE,2.74499696291453,-24.2138968883235,47,1e-10,16276.5530838756,0.258553751188945,0.269780708125355,0.21058240465783,0.219726343114679,-0.76867489735125,-0.100882988495881,0.965277777777778,0.961538461538462,0.898971945325625,0.965779787044046,0.0212566966312659,0.0229360826877685,0.0583495676944203,0.062959477319081
"29_pwo_gp_model_specific","db6cb901415724b9f55892557a81f2cbcc3e7f91cf2f712ea45b7b9a2b1eb5a5","b1d5697d50014504fea8964eae8d6ad099291a4087058c07ada854c160fad766",12,6,48,"FSA_lambda050","FSA_lambda050","837a71cf75b9bce15d2f30a61749e208b26ecac3b6619bb5b6d2985211013215",0.344000000000001,"mallows_gp","gp_c4","estimated_c",4,0.266666666666667,TRUE,NA,48,390,98389317,-0.24747317955653,0.897909261776132,FALSE,FALSE,0,5.5589674878175,0.370597832521167,FALSE,6,TRUE,0.82348981143829,-58.8489136007885,47,1e-10,13.6917303794962,0.698712127301444,0.710828988880858,0.62738009041927,0.638259932655086,0.198208593712876,0.960805732749813,0.961111111111111,0.964102564102564,2.43361094624878,2.59588606296211,0.505568265567828,0.537244256698298,0.416330315681634,0.442415171644786
"29_pwo_gp_model_specific","db6cb901415724b9f55892557a81f2cbcc3e7f91cf2f712ea45b7b9a2b1eb5a5","b1d5697d50014504fea8964eae8d6ad099291a4087058c07ada854c160fad766",12,6,48,"SA_hamming_foldover","Hamming","837a71cf75b9bce15d2f30a61749e208b26ecac3b6619bb5b6d2985211013215",0.375,"mallows_gp","gp_c4","estimated_c",4,0.266666666666667,TRUE,NA,48,390,98389317,-0.24747317955653,0.897909261776132,FALSE,FALSE,0,3.25100819084225,0.216733879389483,FALSE,3,TRUE,1.19577588496128,-56.5017552076835,47,1e-10,79.8380802054058,0.764749923723625,0.794332510358657,0.686676039454033,0.713238517980923,0.285483019980736,1.06837353644284,0.929166666666667,0.917948717948718,2.26428523499839,2.42263525313608,0.3058396072319,0.327077457982822,0.365715626993934,0.391111336770293
"29_pwo_gp_model_specific","db6cb901415724b9f55892557a81f2cbcc3e7f91cf2f712ea45b7b9a2b1eb5a5","b1d5697d50014504fea8964eae8d6ad099291a4087058c07ada854c160fad766",12,6,48,"SA_l2_position_foldover","L2","837a71cf75b9bce15d2f30a61749e208b26ecac3b6619bb5b6d2985211013215",0.334000000000003,"mallows_gp","gp_c4","estimated_c",4,0.266666666666667,TRUE,NA,48,390,98389317,-0.24747317955653,0.897909261776132,FALSE,FALSE,0,2.98389420230468,0.198926280153646,FALSE,3,TRUE,1.12421175608915,-53.7235898195084,47,1e-10,91.001424646007,0.676224120596294,0.68238614276529,0.607187900919832,0.612720837696644,0.18947767309173,0.929848741191664,0.927777777777778,0.925641025641026,2.06389241931418,2.20987481402094,0.269756042662856,0.288947213334685,0.303262914437668,0.324837854120051
"29_pwo_gp_model_specific","db6cb901415724b9f55892557a81f2cbcc3e7f91cf2f712ea45b7b9a2b1eb5a5","b1d5697d50014504fea8964eae8d6ad099291a4087058c07ada854c160fad766",12,6,48,"random_foldover","RandomFoldover","837a71cf75b9bce15d2f30a61749e208b26ecac3b6619bb5b6d2985211013215",0.373999999999995,"mallows_gp","gp_c4","estimated_c",4,0.266666666666667,TRUE,NA,48,390,98389317,-0.24747317955653,0.897909261776132,FALSE,FALSE,0,2.82556948905873,0.188371299270582,FALSE,3,TRUE,1.30263208381906,-53.9334492735308,47,1e-10,190.22166760179,0.724429358036687,0.753631018826628,0.650471830083678,0.676692271766212,0.237242453100451,1.01121798395724,0.919444444444444,0.907692307692308,2.19812117652866,2.35749875458621,0.265241874652169,0.285111702600898,0.345512575894229,0.371395651280209
"29_pwo_gp_model_specific","db6cb901415724b9f55892557a81f2cbcc3e7f91cf2f712ea45b7b9a2b1eb5a5","b1d5697d50014504fea8964eae8d6ad099291a4087058c07ada854c160fad766",12,6,60,"FSA_lambda050","FSA_lambda050","91d3118b6213403fff3be572e9a921a719ca4d528c41b9ca789b739411e5753e",0.530999999999999,"mallows_gp","gp_c1","estimated_c",1,0.0666666666666667,TRUE,NA,60,330,91645044,1.11494472558278,0.814462771046559,FALSE,FALSE,0,0.550491224669028,0.0366994149779352,FALSE,0.5,TRUE,3.01061381239266,-24.2783383604963,59,1e-10,20758.4288274719,0.217188484962614,0.228272162102369,0.176891935302054,0.185919177698685,-1.10441751643126,-0.279344953107072,0.944444444444444,0.933333333333333,0.652710034386071,0.712897898112709,0.0102268977959685,0.0111663725191542,0.030789239762471,0.0336176353404876
"29_pwo_gp_model_specific","db6cb901415724b9f55892557a81f2cbcc3e7f91cf2f712ea45b7b9a2b1eb5a5","b1d5697d50014504fea8964eae8d6ad099291a4087058c07ada854c160fad766",12,6,60,"SA_hamming_foldover","Hamming","91d3118b6213403fff3be572e9a921a719ca4d528c41b9ca789b739411e5753e",0.695999999999998,"mallows_gp","gp_c1","estimated_c",1,0.0666666666666667,TRUE,NA,60,330,91645044,1.11494472558278,0.814462771046559,FALSE,FALSE,0,0.618705925120619,0.041247061674708,FALSE,0.75,TRUE,2.23190659503742,-16.6233237410423,59,1e-10,21354.7701661412,0.238286239064454,0.240088557400338,0.194075270570698,0.19554319175685,-1.05321949238362,-0.265643484603209,0.931944444444444,0.936363636363636,0.664873244945429,0.731322087396127,0.014487939890323,0.0159904169733701,0.0323357285897175,0.035689117100263
"29_pwo_gp_model_specific","db6cb901415724b9f55892557a81f2cbcc3e7f91cf2f712ea45b7b9a2b1eb5a5","b1d5697d50014504fea8964eae8d6ad099291a4087058c07ada854c160fad766",12,6,60,"SA_l2_position_foldover","L2","91d3118b6213403fff3be572e9a921a719ca4d528c41b9ca789b739411e5753e",0.467999999999996,"mallows_gp","gp_c1","estimated_c",1,0.0666666666666667,TRUE,NA,60,330,91645044,1.11494472558278,0.814462771046559,FALSE,FALSE,0,0.698962501674446,0.0465975001116297,FALSE,0.75,TRUE,2.68604044470416,-30.2160449296648,59,1e-10,11775.8010010531,0.186804971492382,0.192976948611694,0.152145694726959,0.15717254031439,-1.15701743954982,-0.357996082978092,0.997222222222222,1,0.813962887935801,0.882636845816102,0.0180481437274313,0.0195361753749796,0.048478044003714,0.0524749571920286
"29_pwo_gp_model_specific","db6cb901415724b9f55892557a81f2cbcc3e7f91cf2f712ea45b7b9a2b1eb5a5","b1d5697d50014504fea8964eae8d6ad099291a4087058c07ada854c160fad766",12,6,60,"random_foldover","RandomFoldover","91d3118b6213403fff3be572e9a921a719ca4d528c41b9ca789b739411e5753e",0.503999999999998,"mallows_gp","gp_c1","estimated_c",1,0.0666666666666667,TRUE,NA,60,330,91645044,1.11494472558278,0.814462771046559,FALSE,FALSE,0,0.30433309637195,0.0202888730914633,FALSE,0.25,TRUE,4.58658430128503,2.87469969321307,59,1e-10,253139.587171265,0.275873227057738,0.275585543419025,0.224688472967002,0.224454165353431,-0.510220906198793,0.204751220343064,0.777777777777778,0.766666666666667,0.493045778775923,0.537087010399111,0.00393236907572449,0.00429336953716878,0.0180361422695767,0.0196919013187937
"29_pwo_gp_model_specific","db6cb901415724b9f55892557a81f2cbcc3e7f91cf2f712ea45b7b9a2b1eb5a5","b1d5697d50014504fea8964eae8d6ad099291a4087058c07ada854c160fad766",12,6,60,"FSA_lambda050","FSA_lambda050","91d3118b6213403fff3be572e9a921a719ca4d528c41b9ca789b739411e5753e",0.494999999999997,"mallows_gp","gp_c4","estimated_c",4,0.266666666666667,TRUE,NA,60,330,98389317,-0.24747317955653,0.897909261776132,FALSE,FALSE,0,3.09259218399717,0.206172812266478,FALSE,3,TRUE,1.67017070446776,-79.3725860884133,59,1e-10,114.677515034576,0.644369911010141,0.685600210781987,0.578585711105867,0.615606779136815,-0.0409776291150823,0.912405935566134,0.963888888888889,0.966666666666667,2.26597422308167,2.47531795514024,0.221215146084636,0.24164453942967,0.369467056375115,0.403587630650039
"29_pwo_gp_model_specific","db6cb901415724b9f55892557a81f2cbcc3e7f91cf2f712ea45b7b9a2b1eb5a5","b1d5697d50014504fea8964eae8d6ad099291a4087058c07ada854c160fad766",12,6,60,"SA_hamming_foldover","Hamming","91d3118b6213403fff3be572e9a921a719ca4d528c41b9ca789b739411e5753e",0.411000000000001,"mallows_gp","gp_c4","estimated_c",4,0.266666666666667,TRUE,NA,60,330,98389317,-0.24747317955653,0.897909261776132,FALSE,FALSE,0,5.41529479246469,0.361019652830979,FALSE,6,TRUE,0.849259448729084,-69.8091032132523,59,1e-10,32.6226022527929,0.644922431390158,0.653431043286663,0.579081824272405,0.586721785699135,-0.0481155787923493,0.895866030644851,0.979166666666667,0.978787878787879,2.36461148028062,2.59624264803046,0.473994218202049,0.522546792704265,0.402544068451045,0.443777801107175
"29_pwo_gp_model_specific","db6cb901415724b9f55892557a81f2cbcc3e7f91cf2f712ea45b7b9a2b1eb5a5","b1d5697d50014504fea8964eae8d6ad099291a4087058c07ada854c160fad766",12,6,60,"SA_l2_position_foldover","L2","91d3118b6213403fff3be572e9a921a719ca4d528c41b9ca789b739411e5753e",0.442,"mallows_gp","gp_c4","estimated_c",4,0.266666666666667,TRUE,NA,60,330,98389317,-0.24747317955653,0.897909261776132,FALSE,FALSE,0,3.14360237188748,0.209573491459165,FALSE,3,TRUE,0.939994486472845,-61.0275715289985,59,1e-10,139.852300788519,0.764622461558927,0.755735400003664,0.686561589995825,0.67858181511538,0.226768713635435,1.12470337101424,0.840277777777778,0.854545454545454,1.77689794825332,1.92941591152103,0.24376031730283,0.264136489930731,0.229133354285532,0.248286844211178
"29_pwo_gp_model_specific","db6cb901415724b9f55892557a81f2cbcc3e7f91cf2f712ea45b7b9a2b1eb5a5","b1d5697d50014504fea8964eae8d6ad099291a4087058c07ada854c160fad766",12,6,60,"random_foldover","RandomFoldover","91d3118b6213403fff3be572e9a921a719ca4d528c41b9ca789b739411e5753e",0.443000000000005,"mallows_gp","gp_c4","estimated_c",4,0.266666666666667,TRUE,NA,60,330,98389317,-0.24747317955653,0.897909261776132,FALSE,FALSE,0,5.04542973985892,0.336361982657261,FALSE,6,TRUE,0.886336699048578,-67.1958723500287,59,1e-10,58.1266336697252,0.684964059425389,0.678181083541183,0.615035572941834,0.608945076073001,-0.0187546142864003,0.908724098782386,0.963888888888889,0.972727272727273,2.39543094706256,2.60687406951744,0.469005575961699,0.509831850836366,0.415696854033269,0.451882679740132
"29_pwo_gp_model_specific","db6cb901415724b9f55892557a81f2cbcc3e7f91cf2f712ea45b7b9a2b1eb5a5","b1d5697d50014504fea8964eae8d6ad099291a4087058c07ada854c160fad766",13,6,48,"FSA_lambda050","FSA_lambda050","59ee48a840359ef5c5305d86c55affd5fae301561696ce2e358d56f29582f456",0.320999999999998,"mallows_gp","gp_c1","estimated_c",1,0.0666666666666667,TRUE,NA,48,412,91645045,-0.600500563145477,0.525965525028761,FALSE,FALSE,0,1.23061904906248,0.0820412699374988,FALSE,1.5,TRUE,0.755260650170176,-22.5958627909106,47,1e-10,1090.32011180878,0.375907829577544,0.399006704511032,0.197714558946175,0.209863770828141,-0.870839503213159,-0.148761358439038,0.969444444444444,0.961165048543689,0.782031644303233,0.836541538282266,0.0572064111013903,0.061087773368276,0.0432057512423384,0.0461371914315725
"29_pwo_gp_model_specific","db6cb901415724b9f55892557a81f2cbcc3e7f91cf2f712ea45b7b9a2b1eb5a5","b1d5697d50014504fea8964eae8d6ad099291a4087058c07ada854c160fad766",13,6,48,"SA_hamming_foldover","Hamming","59ee48a840359ef5c5305d86c55affd5fae301561696ce2e358d56f29582f456",0.340999999999994,"mallows_gp","gp_c1","estimated_c",1,0.0666666666666667,TRUE,NA,48,412,91645045,-0.600500563145477,0.525965525028761,FALSE,FALSE,0,1.19134868048693,0.0794232453657952,FALSE,1,TRUE,0.772544665308628,-16.1713623494656,47,1e-10,2042.5003675111,0.48106930109396,0.507258680688562,0.253025867525104,0.266800578313756,-0.667622446303675,0.0620581756125919,0.941666666666667,0.924757281553398,0.865657102687429,0.911845855104473,0.0705139704904588,0.0732330932196843,0.054475191732134,0.0565758354909166
"29_pwo_gp_model_specific","db6cb901415724b9f55892557a81f2cbcc3e7f91cf2f712ea45b7b9a2b1eb5a5","b1d5697d50014504fea8964eae8d6ad099291a4087058c07ada854c160fad766",13,6,48,"SA_l2_position_foldover","L2","59ee48a840359ef5c5305d86c55affd5fae301561696ce2e358d56f29582f456",0.335999999999999,"mallows_gp","gp_c1","estimated_c",1,0.0666666666666667,TRUE,NA,48,412,91645045,-0.600500563145477,0.525965525028761,FALSE,FALSE,0,0.89185841575784,0.0594572277171893,FALSE,1,TRUE,1.22199319930332,-21.2758250547262,47,1e-10,3412.1917942925,0.387641625292007,0.42024819100545,0.203886130969713,0.221036060424569,-0.865776745189149,-0.130591752714968,0.9625,0.951456310679612,0.768237723459771,0.829218685505853,0.0344626241945256,0.0374846033268188,0.0421130923958563,0.0458059303439552
"29_pwo_gp_model_specific","db6cb901415724b9f55892557a81f2cbcc3e7f91cf2f712ea45b7b9a2b1eb5a5","b1d5697d50014504fea8964eae8d6ad099291a4087058c07ada854c160fad766",13,6,48,"random_foldover","RandomFoldover","59ee48a840359ef5c5305d86c55affd5fae301561696ce2e358d56f29582f456",0.349000000000004,"mallows_gp","gp_c1","estimated_c",1,0.0666666666666667,TRUE,NA,48,412,91645045,-0.600500563145477,0.525965525028761,FALSE,FALSE,0,0.459060200077373,0.0306040133384916,FALSE,0.5,TRUE,2.32856646254614,-7.92984327941331,47,1e-10,46049.12561729,0.466969913288721,0.498599297084744,0.245610075615537,0.262246041070148,-0.43820267938346,0.318823954527603,0.806944444444444,0.779126213592233,0.590288659486037,0.632001357753437,0.0108195154682822,0.0115875776007675,0.0251939608604412,0.026982444583298
"29_pwo_gp_model_specific","db6cb901415724b9f55892557a81f2cbcc3e7f91cf2f712ea45b7b9a2b1eb5a5","b1d5697d50014504fea8964eae8d6ad099291a4087058c07ada854c160fad766",13,6,48,"FSA_lambda050","FSA_lambda050","59ee48a840359ef5c5305d86c55affd5fae301561696ce2e358d56f29582f456",0.326999999999998,"mallows_gp","gp_c4","estimated_c",4,0.266666666666667,TRUE,NA,48,412,98389318,-0.0483722303710005,0.872770628384013,FALSE,FALSE,0,3.09390242795724,0.206260161863816,FALSE,3,TRUE,1.08762467421979,-56.0541929468472,47,1e-10,68.2496012904638,0.625603037341203,0.643960089408896,0.546007956019229,0.562029451887627,0.0998747069110771,0.860090869315133,0.936111111111111,0.936893203883495,1.97601936931606,2.11292236173067,0.252962898360386,0.269925078210536,0.275128689918909,0.293577175252485
"29_pwo_gp_model_specific","db6cb901415724b9f55892557a81f2cbcc3e7f91cf2f712ea45b7b9a2b1eb5a5","b1d5697d50014504fea8964eae8d6ad099291a4087058c07ada854c160fad766",13,6,48,"SA_hamming_foldover","Hamming","59ee48a840359ef5c5305d86c55affd5fae301561696ce2e358d56f29582f456",0.346000000000004,"mallows_gp","gp_c4","estimated_c",4,0.266666666666667,TRUE,NA,48,412,98389318,-0.0483722303710005,0.872770628384013,FALSE,FALSE,0,3.01468220466072,0.200978813644048,FALSE,3,TRUE,0.955751449922503,-47.6443293087072,47,1e-10,130.679146755846,0.706178420296025,0.715309600323414,0.616331783632991,0.624301209363383,0.195009259718142,0.959016170788972,0.926388888888889,0.929611650485437,1.99544081491485,2.10881282130806,0.299768068451951,0.313127937727627,0.28650376606342,0.299272480494423
"29_pwo_gp_model_specific","db6cb901415724b9f55892557a81f2cbcc3e7f91cf2f712ea45b7b9a2b1eb5a5","b1d5697d50014504fea8964eae8d6ad099291a4087058c07ada854c160fad766",13,6,48,"SA_l2_position_foldover","L2","59ee48a840359ef5c5305d86c55affd5fae301561696ce2e358d56f29582f456",0.316000000000003,"mallows_gp","gp_c4","estimated_c",4,0.266666666666667,TRUE,NA,48,412,98389318,-0.0483722303710005,0.872770628384013,FALSE,FALSE,0,5.02004694291332,0.334669796194222,FALSE,6,TRUE,0.740153881867942,-54.3508382482795,47,1e-10,20.8356374459762,0.685030411627845,0.701795904086447,0.597874422818593,0.612506852206855,0.140318188976786,0.909156722997536,0.95,0.949029126213592,2.22278261138892,2.39433186664661,0.471215821058374,0.510303925669461,0.348772219153945,0.377703431516701
"29_pwo_gp_model_specific","db6cb901415724b9f55892557a81f2cbcc3e7f91cf2f712ea45b7b9a2b1eb5a5","b1d5697d50014504fea8964eae8d6ad099291a4087058c07ada854c160fad766",13,6,48,"random_foldover","RandomFoldover","59ee48a840359ef5c5305d86c55affd5fae301561696ce2e358d56f29582f456",0.317000000000007,"mallows_gp","gp_c4","estimated_c",4,0.266666666666667,TRUE,NA,48,412,98389318,-0.0483722303710005,0.872770628384013,FALSE,FALSE,0,3.07863287590718,0.205242191727145,FALSE,3,TRUE,1.02539604433459,-49.9572963691431,47,1e-10,170.773445792513,0.676196945416085,0.680947718795293,0.590164832962147,0.594311168429628,0.152018726657134,0.882568495894164,0.943055555555556,0.949029126213592,2.06072664084531,2.20522328397793,0.296034996329729,0.316687602079035,0.303553114221108,0.324730214461649
"29_pwo_gp_model_specific","db6cb901415724b9f55892557a81f2cbcc3e7f91cf2f712ea45b7b9a2b1eb5a5","b1d5697d50014504fea8964eae8d6ad099291a4087058c07ada854c160fad766",13,6,60,"FSA_lambda050","FSA_lambda050","cf85f45480369205f3e75e2e4744865c1f38a7ac30d84864f3d4afa164cd2405",0.445999999999998,"mallows_gp","gp_c1","estimated_c",1,0.0666666666666667,TRUE,NA,60,314,91645045,-0.600500563145477,0.525965525028761,FALSE,FALSE,0,0.828585745261661,0.0552390496841107,FALSE,0.75,TRUE,1.38912616382649,-22.5905513504886,59,1e-10,5777.67051683671,0.33517700283516,0.365783292739902,0.176291548273762,0.192389401612692,-1.13979114728499,-0.257752804168857,0.941666666666667,0.936305732484076,0.646905693172701,0.700310092652291,0.0217283137938875,0.0233563427477279,0.0301833691869212,0.0324449068021679
"29_pwo_gp_model_specific","db6cb901415724b9f55892557a81f2cbcc3e7f91cf2f712ea45b7b9a2b1eb5a5","b1d5697d50014504fea8964eae8d6ad099291a4087058c07ada854c160fad766",13,6,60,"SA_hamming_foldover","Hamming","cf85f45480369205f3e75e2e4744865c1f38a7ac30d84864f3d4afa164cd2405",0.435999999999993,"mallows_gp","gp_c1","estimated_c",1,0.0666666666666667,TRUE,NA,60,314,91645045,-0.600500563145477,0.525965525028761,FALSE,FALSE,0,0.635872113105517,0.0423914742070345,FALSE,0.75,TRUE,1.77324639352692,-12.7698046302779,59,1e-10,18448.5036499954,0.392408529243657,0.390531856543967,0.206393358109404,0.205406292967605,-0.938295887855919,-0.144017907537263,0.883333333333333,0.898089171974522,0.604290537407176,0.654734470480072,0.0150428143903112,0.0161570983175583,0.0266746163661143,0.0286505163214702
"29_pwo_gp_model_specific","db6cb901415724b9f55892557a81f2cbcc3e7f91cf2f712ea45b7b9a2b1eb5a5","b1d5697d50014504fea8964eae8d6ad099291a4087058c07ada854c160fad766",13,6,60,"SA_l2_position_foldover","L2","cf85f45480369205f3e75e2e4744865c1f38a7ac30d84864f3d4afa164cd2405",0.436999999999998,"mallows_gp","gp_c1","estimated_c",1,0.0666666666666667,TRUE,NA,60,314,91645045,-0.600500563145477,0.525965525028761,FALSE,FALSE,0,0.94248919630986,0.062832613087324,FALSE,1,TRUE,1.03759686661804,-16.1924612628305,59,1e-10,5085.06509860435,0.388216707243841,0.420955068874506,0.204188604250444,0.221407853814098,-0.967695062233933,-0.0343242976775581,0.920833333333333,0.888535031847134,0.672934035434188,0.726551846870079,0.0319173755007469,0.0341015907442394,0.0331173688102463,0.0353837037029135
"29_pwo_gp_model_specific","db6cb901415724b9f55892557a81f2cbcc3e7f91cf2f712ea45b7b9a2b1eb5a5","b1d5697d50014504fea8964eae8d6ad099291a4087058c07ada854c160fad766",13,6,60,"random_foldover","RandomFoldover","cf85f45480369205f3e75e2e4744865c1f38a7ac30d84864f3d4afa164cd2405",0.442999999999998,"mallows_gp","gp_c1","estimated_c",1,0.0666666666666667,TRUE,NA,60,314,91645045,-0.600500563145477,0.525965525028761,FALSE,FALSE,0,0.939576711709091,0.0626384474472727,FALSE,1,TRUE,1.15290372674034,-14.4825067348777,59,1e-10,9080.84971538576,0.421504319644036,0.43956386353968,0.221696740783466,0.231195438270318,-0.957057061667303,-0.0946509789735712,0.944444444444444,0.93312101910828,0.75410632692732,0.81182503519472,0.0365013600044941,0.0388217845020685,0.0420825539802722,0.0447577800311453
"29_pwo_gp_model_specific","db6cb901415724b9f55892557a81f2cbcc3e7f91cf2f712ea45b7b9a2b1eb5a5","b1d5697d50014504fea8964eae8d6ad099291a4087058c07ada854c160fad766",13,6,60,"FSA_lambda050","FSA_lambda050","cf85f45480369205f3e75e2e4744865c1f38a7ac30d84864f3d4afa164cd2405",0.445000000000007,"mallows_gp","gp_c4","estimated_c",4,0.266666666666667,TRUE,NA,60,314,98389318,-0.0483722303710005,0.872770628384013,FALSE,FALSE,0,3.36437618092665,0.22429174539511,FALSE,3,TRUE,0.982006753963065,-66.7182757602945,59,1e-10,83.1895636396035,0.651407385822263,0.696638302011666,0.568529233458084,0.608005448603093,-0.0366445906070551,0.963779904285357,0.906944444444444,0.888535031847134,1.82269455118264,1.97573209923226,0.242960934063893,0.261860361429134,0.238589278199917,0.257148643518619
"29_pwo_gp_model_specific","db6cb901415724b9f55892557a81f2cbcc3e7f91cf2f712ea45b7b9a2b1eb5a5","b1d5697d50014504fea8964eae8d6ad099291a4087058c07ada854c160fad766",13,6,60,"SA_hamming_foldover","Hamming","cf85f45480369205f3e75e2e4744865c1f38a7ac30d84864f3d4afa164cd2405",0.450999999999993,"mallows_gp","gp_c4","estimated_c",4,0.266666666666667,TRUE,NA,60,314,98389318,-0.0483722303710005,0.872770628384013,FALSE,FALSE,0,3.04874345622947,0.203249563748631,FALSE,3,TRUE,1.02199596913425,-62.1251812696584,59,1e-10,162.796028864014,0.590575097201536,0.613563468072589,0.515436598692534,0.535500173583187,-0.160012528831213,0.77491359348284,0.945833333333333,0.942675159235669,1.82059237268318,1.97419998837792,0.235079784029106,0.253116667227463,0.240250591702695,0.258684213627162
"29_pwo_gp_model_specific","db6cb901415724b9f55892557a81f2cbcc3e7f91cf2f712ea45b7b9a2b1eb5a5","b1d5697d50014504fea8964eae8d6ad099291a4087058c07ada854c160fad766",13,6,60,"SA_l2_position_foldover","L2","cf85f45480369205f3e75e2e4744865c1f38a7ac30d84864f3d4afa164cd2405",0.452999999999989,"mallows_gp","gp_c4","estimated_c",4,0.266666666666667,TRUE,NA,60,314,98389318,-0.0483722303710005,0.872770628384013,FALSE,FALSE,0,6.46263873951728,0.430842582634485,FALSE,6,TRUE,0.841930549159035,-73.7775574840823,59,1e-10,14.5876784662427,0.629650343065195,0.645010600170469,0.54954032557922,0.562946306825129,-0.0752528770180212,0.874972887398202,0.988888888888889,0.990445859872611,2.52989514060526,2.73952194294562,0.545664149018635,0.586635677241001,0.459411316639657,0.493906497895798
"29_pwo_gp_model_specific","db6cb901415724b9f55892557a81f2cbcc3e7f91cf2f712ea45b7b9a2b1eb5a5","b1d5697d50014504fea8964eae8d6ad099291a4087058c07ada854c160fad766",13,6,60,"random_foldover","RandomFoldover","cf85f45480369205f3e75e2e4744865c1f38a7ac30d84864f3d4afa164cd2405",0.448000000000008,"mallows_gp","gp_c4","estimated_c",4,0.266666666666667,TRUE,NA,60,314,98389318,-0.0483722303710005,0.872770628384013,FALSE,FALSE,0,4.78110401985874,0.318740267990583,FALSE,4,TRUE,0.629419583345767,-56.0598763801476,59,1e-10,64.8574397888099,0.690027114791997,0.716236746077024,0.602235398579019,0.625110394945365,-0.0385527378217598,0.941318121950811,0.936111111111111,0.93312101910828,1.9705917244789,2.13165958136888,0.447334606166163,0.480334477550354,0.281561161429249,0.302331926726351
"29_pwo_gp_model_specific","db6cb901415724b9f55892557a81f2cbcc3e7f91cf2f712ea45b7b9a2b1eb5a5","b1d5697d50014504fea8964eae8d6ad099291a4087058c07ada854c160fad766",14,6,48,"FSA_lambda050","FSA_lambda050","a40eeb17dba1b08676ac0807a6e8bcccdeccb675bb5e186c0a16ebae493a2ac5",0.301000000000002,"mallows_gp","gp_c1","estimated_c",1,0.0666666666666667,TRUE,NA,48,382,91645046,-0.0715619023899584,0.547067973086626,FALSE,FALSE,0,1.25998640935635,0.0839990939570902,FALSE,1.5,TRUE,0.641215740215481,-19.4637397848049,47,1e-10,1079.43368974084,0.345449608635425,0.365808602467211,0.18898441719975,0.200122170689388,-0.926486807453059,-0.195016373705532,0.958333333333333,0.950261780104712,0.74041200544018,0.799847069146986,0.060522465072059,0.065902403485038,0.0388079572408459,0.042257658432638
"29_pwo_gp_model_specific","db6cb901415724b9f55892557a81f2cbcc3e7f91cf2f712ea45b7b9a2b1eb5a5","b1d5697d50014504fea8964eae8d6ad099291a4087058c07ada854c160fad766",14,6,48,"SA_hamming_foldover","Hamming","a40eeb17dba1b08676ac0807a6e8bcccdeccb675bb5e186c0a16ebae493a2ac5",0.338999999999999,"mallows_gp","gp_c1","estimated_c",1,0.0666666666666667,TRUE,NA,48,382,91645046,-0.0715619023899584,0.547067973086626,FALSE,FALSE,0,1.50513656999074,0.100342437999383,FALSE,1.5,TRUE,0.550769431400873,-19.407834719707,47,1e-10,704.962065957702,0.363288292454163,0.380291070626948,0.198743389799,0.208045065190827,-0.885469802524246,-0.170142146870079,0.979166666666667,0.984293193717278,0.843700452081506,0.900730190729201,0.0928558548889091,0.0986749084228473,0.0511421663994064,0.0543471232055848
"29_pwo_gp_model_specific","db6cb901415724b9f55892557a81f2cbcc3e7f91cf2f712ea45b7b9a2b1eb5a5","b1d5697d50014504fea8964eae8d6ad099291a4087058c07ada854c160fad766",14,6,48,"SA_l2_position_foldover","L2","a40eeb17dba1b08676ac0807a6e8bcccdeccb675bb5e186c0a16ebae493a2ac5",0.323999999999998,"mallows_gp","gp_c1","estimated_c",1,0.0666666666666667,TRUE,NA,48,382,91645046,-0.0715619023899584,0.547067973086626,FALSE,FALSE,0,1.66402067129091,0.110934711419394,FALSE,1.5,TRUE,0.464745819119756,-18.7718295558051,47,1e-10,476.705623354221,0.375003674195451,0.388377686106369,0.205152499942143,0.212468993530285,-0.894085212586622,-0.176659532091411,0.972222222222222,0.965968586387435,0.842099123160022,0.903918206130268,0.109571303460501,0.11765116564041,0.0509228051787701,0.0546778873459463
"29_pwo_gp_model_specific","db6cb901415724b9f55892557a81f2cbcc3e7f91cf2f712ea45b7b9a2b1eb5a5","b1d5697d50014504fea8964eae8d6ad099291a4087058c07ada854c160fad766",14,6,48,"random_foldover","RandomFoldover","a40eeb17dba1b08676ac0807a6e8bcccdeccb675bb5e186c0a16ebae493a2ac5",0.303000000000011,"mallows_gp","gp_c1","estimated_c",1,0.0666666666666667,TRUE,NA,48,382,91645046,-0.0715619023899584,0.547067973086626,FALSE,FALSE,0,1.55715543953619,0.103810362635746,FALSE,1.5,TRUE,0.439806362087312,-11.9101603414237,47,1e-10,1047.0553198547,0.389056634625756,0.407903152168855,0.212840424520616,0.223150750672661,-0.852077853269299,-0.118963403324554,0.966666666666667,0.965968586387435,0.808642912743032,0.870404527075183,0.106413343004525,0.114794272739933,0.0468012652643694,0.0504872514822086
"29_pwo_gp_model_specific","db6cb901415724b9f55892557a81f2cbcc3e7f91cf2f712ea45b7b9a2b1eb5a5","b1d5697d50014504fea8964eae8d6ad099291a4087058c07ada854c160fad766",14,6,48,"FSA_lambda050","FSA_lambda050","a40eeb17dba1b08676ac0807a6e8bcccdeccb675bb5e186c0a16ebae493a2ac5",0.332999999999998,"mallows_gp","gp_c4","estimated_c",4,0.266666666666667,TRUE,NA,48,382,98389319,-0.316164841154855,0.876080451391029,FALSE,FALSE,0,3.38327190923452,0.225551460615635,FALSE,3,TRUE,1.07338323985799,-57.43784448068,47,1e-10,55.8660631590048,0.646111808861424,0.655184492866918,0.566045925156391,0.573994326255252,0.120364882204405,0.866904531073768,0.959722222222222,0.971204188481675,2.0937510587634,2.2598947884329,0.288047065991662,0.313147599858155,0.309184892925719,0.3361273852895
"29_pwo_gp_model_specific","db6cb901415724b9f55892557a81f2cbcc3e7f91cf2f712ea45b7b9a2b1eb5a5","b1d5697d50014504fea8964eae8d6ad099291a4087058c07ada854c160fad766",14,6,48,"SA_hamming_foldover","Hamming","a40eeb17dba1b08676ac0807a6e8bcccdeccb675bb5e186c0a16ebae493a2ac5",0.316999999999993,"mallows_gp","gp_c4","estimated_c",4,0.266666666666667,TRUE,NA,48,382,98389319,-0.316164841154855,0.876080451391029,FALSE,FALSE,0,3.27246254971266,0.218164169980844,FALSE,3,TRUE,1.06729217271471,-55.1127957441024,47,1e-10,70.8468263101943,0.67382484002827,0.707125908605364,0.590324770010454,0.619499185201279,0.165687316437051,0.934955105462461,0.938888888888889,0.926701570680628,2.1177741132311,2.26152919156245,0.299692258671295,0.318794652745526,0.319859201903064,0.340247037578603
"29_pwo_gp_model_specific","db6cb901415724b9f55892557a81f2cbcc3e7f91cf2f712ea45b7b9a2b1eb5a5","b1d5697d50014504fea8964eae8d6ad099291a4087058c07ada854c160fad766",14,6,48,"SA_l2_position_foldover","L2","a40eeb17dba1b08676ac0807a6e8bcccdeccb675bb5e186c0a16ebae493a2ac5",0.299999999999997,"mallows_gp","gp_c4","estimated_c",4,0.266666666666667,TRUE,NA,48,382,98389319,-0.316164841154855,0.876080451391029,FALSE,FALSE,0,3.26518260701306,0.217678840467537,FALSE,3,TRUE,0.99832108663882,-53.8726690658356,47,1e-10,63.9355319389183,0.657165450092729,0.673467260754346,0.575729804155826,0.590011501798748,0.133348547617663,0.880818324085599,0.943055555555556,0.947643979057592,2.0367396006527,2.18738847750027,0.29622575779421,0.318590375181712,0.295728420411524,0.318055489544076
"29_pwo_gp_model_specific","db6cb901415724b9f55892557a81f2cbcc3e7f91cf2f712ea45b7b9a2b1eb5a5","b1d5697d50014504fea8964eae8d6ad099291a4087058c07ada854c160fad766",14,6,48,"random_foldover","RandomFoldover","a40eeb17dba1b08676ac0807a6e8bcccdeccb675bb5e186c0a16ebae493a2ac5",0.310000000000002,"mallows_gp","gp_c4","estimated_c",4,0.266666666666667,TRUE,NA,48,382,98389319,-0.316164841154855,0.876080451391029,FALSE,FALSE,0,6.64511633417616,0.443007755611744,FALSE,6,TRUE,0.809454459645546,-57.425114472453,47,1e-10,15.6557040813798,0.760075754973386,0.783389995258183,0.665887510508462,0.686312660661005,0.250880047774285,1.02768249492881,0.969444444444444,0.968586387434555,2.69950948267405,2.89770335264463,0.634323849540587,0.681544264547219,0.513456268870159,0.55167904438359
"29_pwo_gp_model_specific","db6cb901415724b9f55892557a81f2cbcc3e7f91cf2f712ea45b7b9a2b1eb5a5","b1d5697d50014504fea8964eae8d6ad099291a4087058c07ada854c160fad766",14,6,60,"FSA_lambda050","FSA_lambda050","4f1f560d1c86ac7fc0d56096246d6a52dd5d8b50994f486801b1d3f010aae327",0.454999999999998,"mallows_gp","gp_c1","estimated_c",1,0.0666666666666667,TRUE,NA,60,328,91645046,-0.0715619023899584,0.547067973086626,FALSE,FALSE,0,1.04926083260223,0.0699507221734817,FALSE,1,TRUE,0.790478524077055,-16.4853796178901,59,1e-10,2797.5339906086,0.318275391450356,0.330699533514443,0.174118273284099,0.180915123500439,-1.16981645039203,-0.313245544815044,0.940277777777778,0.935975609756098,0.617180624840884,0.672828713551728,0.0347926482496,0.0379196892127008,0.0275028412370759,0.0299746999623164
"29_pwo_gp_model_specific","db6cb901415724b9f55892557a81f2cbcc3e7f91cf2f712ea45b7b9a2b1eb5a5","b1d5697d50014504fea8964eae8d6ad099291a4087058c07ada854c160fad766",14,6,60,"SA_hamming_foldover","Hamming","4f1f560d1c86ac7fc0d56096246d6a52dd5d8b50994f486801b1d3f010aae327",0.417000000000002,"mallows_gp","gp_c1","estimated_c",1,0.0666666666666667,TRUE,NA,60,328,91645046,-0.0715619023899584,0.547067973086626,FALSE,FALSE,0,1.48927580822828,0.0992850538818853,FALSE,1.5,TRUE,0.574479578022163,-19.2266151716722,59,1e-10,1340.29147337946,0.294306378639066,0.300949143638856,0.161005594028539,0.164639638012665,-1.21059252158864,-0.342452829729717,0.986111111111111,0.990853658536585,0.755337614419256,0.832084971730251,0.0719424905997445,0.0798808990062191,0.0413294916416047,0.0458899451531238
"29_pwo_gp_model_specific","db6cb901415724b9f55892557a81f2cbcc3e7f91cf2f712ea45b7b9a2b1eb5a5","b1d5697d50014504fea8964eae8d6ad099291a4087058c07ada854c160fad766",14,6,60,"SA_l2_position_foldover","L2","4f1f560d1c86ac7fc0d56096246d6a52dd5d8b50994f486801b1d3f010aae327",0.462999999999994,"mallows_gp","gp_c1","estimated_c",1,0.0666666666666667,TRUE,NA,60,328,91645046,-0.0715619023899584,0.547067973086626,FALSE,FALSE,0,1.30605361907794,0.087070241271863,FALSE,1.5,TRUE,0.600025762700638,-14.6697708606337,59,1e-10,1788.12008757409,0.325149404400218,0.34168269554546,0.177878825615551,0.186923659690829,-1.17867691734849,-0.301854245965152,0.966666666666667,0.972560975609756,0.695821251958032,0.760279284478204,0.0591643034657527,0.0647309343362585,0.0355001063116903,0.0388402282454384
"29_pwo_gp_model_specific","db6cb901415724b9f55892557a81f2cbcc3e7f91cf2f712ea45b7b9a2b1eb5a5","b1d5697d50014504fea8964eae8d6ad099291a4087058c07ada854c160fad766",14,6,60,"random_foldover","RandomFoldover","4f1f560d1c86ac7fc0d56096246d6a52dd5d8b50994f486801b1d3f010aae327",0.429999999999993,"mallows_gp","gp_c1","estimated_c",1,0.0666666666666667,TRUE,NA,60,328,91645046,-0.0715619023899584,0.547067973086626,FALSE,FALSE,0,1.29640785679208,0.0864271904528053,FALSE,1.5,TRUE,0.62650364466248,-6.95427778407554,59,1e-10,4813.29888498843,0.299802118596316,0.304940154860845,0.164012137347563,0.166822992432444,-1.19401165089575,-0.330513413600665,0.990277777777778,0.98780487804878,0.7804641954638,0.849947178425877,0.0716206794808781,0.077858212514596,0.0448706167279734,0.0487784539073003
"29_pwo_gp_model_specific","db6cb901415724b9f55892557a81f2cbcc3e7f91cf2f712ea45b7b9a2b1eb5a5","b1d5697d50014504fea8964eae8d6ad099291a4087058c07ada854c160fad766",14,6,60,"FSA_lambda050","FSA_lambda050","4f1f560d1c86ac7fc0d56096246d6a52dd5d8b50994f486801b1d3f010aae327",0.438999999999993,"mallows_gp","gp_c4","estimated_c",4,0.266666666666667,TRUE,NA,60,328,98389319,-0.316164841154855,0.876080451391029,FALSE,FALSE,0,5.94909890480143,0.396606593653429,FALSE,6,TRUE,0.705222375370503,-68.5616555565812,59,1e-10,14.4984575275503,0.692274202215931,0.720319182260716,0.606487895563697,0.631057554340585,-0.0173233856526197,0.959549833070841,0.951388888888889,0.945121951219512,2.18965496802679,2.38564876024681,0.486772981039173,0.529708548790664,0.343283197954626,0.373562321032214
"29_pwo_gp_model_specific","db6cb901415724b9f55892557a81f2cbcc3e7f91cf2f712ea45b7b9a2b1eb5a5","b1d5697d50014504fea8964eae8d6ad099291a4087058c07ada854c160fad766",14,6,60,"SA_hamming_foldover","Hamming","4f1f560d1c86ac7fc0d56096246d6a52dd5d8b50994f486801b1d3f010aae327",0.489999999999995,"mallows_gp","gp_c4","estimated_c",4,0.266666666666667,TRUE,NA,60,328,98389319,-0.316164841154855,0.876080451391029,FALSE,FALSE,0,4.23963576666104,0.282642384444069,FALSE,4,TRUE,1.14283987200284,-74.2761558318345,59,1e-10,59.8538257833071,0.623370020660905,0.650474678842172,0.546122289084241,0.569868150258484,-0.0754953755798186,0.87661938728635,0.988888888888889,0.98780487804878,2.37015780791388,2.6051120090377,0.353874430571684,0.391285885960438,0.40442180893962,0.447177111827543
"29_pwo_gp_model_specific","db6cb901415724b9f55892557a81f2cbcc3e7f91cf2f712ea45b7b9a2b1eb5a5","b1d5697d50014504fea8964eae8d6ad099291a4087058c07ada854c160fad766",14,6,60,"SA_l2_position_foldover","L2","4f1f560d1c86ac7fc0d56096246d6a52dd5d8b50994f486801b1d3f010aae327",0.623999999999995,"mallows_gp","gp_c4","estimated_c",4,0.266666666666667,TRUE,NA,60,328,98389319,-0.316164841154855,0.876080451391029,FALSE,FALSE,0,3.58490929633387,0.238993953088925,FALSE,4,TRUE,1.04100932361729,-67.2723026152399,59,1e-10,85.2625287141138,0.638912208244357,0.637189238338094,0.559738495797956,0.558229035544743,-0.0859723649024402,0.821922104627888,0.955555555555556,0.966463414634146,2.05531846160608,2.24527265778859,0.294802298623354,0.322560506090023,0.306891941490721,0.335788494270427
"29_pwo_gp_model_specific","db6cb901415724b9f55892557a81f2cbcc3e7f91cf2f712ea45b7b9a2b1eb5a5","b1d5697d50014504fea8964eae8d6ad099291a4087058c07ada854c160fad766",14,6,60,"random_foldover","RandomFoldover","4f1f560d1c86ac7fc0d56096246d6a52dd5d8b50994f486801b1d3f010aae327",0.435999999999993,"mallows_gp","gp_c4","estimated_c",4,0.266666666666667,TRUE,NA,60,328,98389319,-0.316164841154855,0.876080451391029,FALSE,FALSE,0,3.61334305132309,0.240889536754873,FALSE,4,TRUE,1.08118940891831,-61.2476173245977,59,1e-10,211.535635890915,0.698735860099016,0.724105938586968,0.612148827718645,0.634375057532195,0.00948636785633409,0.944164148117013,0.95,0.951219512195122,2.25443230783058,2.45929850761263,0.341607937387061,0.372391238117915,0.36934288390532,0.402625462627067
"29_pwo_gp_model_specific","db6cb901415724b9f55892557a81f2cbcc3e7f91cf2f712ea45b7b9a2b1eb5a5","b1d5697d50014504fea8964eae8d6ad099291a4087058c07ada854c160fad766",15,6,48,"FSA_lambda050","FSA_lambda050","8c77502544ec241b896b4687bd33c025affd3dee39df28fc1f861afd90fa9290",0.302999999999997,"mallows_gp","gp_c1","estimated_c",1,0.0666666666666667,TRUE,NA,48,384,91645047,-1.23626213761342,0.486617099475558,FALSE,FALSE,0,1.53021713515765,0.102014475677177,FALSE,1.5,TRUE,0.51826208330979,-20.037012699955,47,1e-10,607.881925136646,0.422959602106347,0.440708344211748,0.205819374772326,0.214456216174996,-0.852273651836509,-0.125005869069762,0.958333333333333,0.9609375,0.794649992481075,0.848475702367889,0.0861448107116995,0.0916517978431174,0.0446455890657729,0.0474996516892617
"29_pwo_gp_model_specific","db6cb901415724b9f55892557a81f2cbcc3e7f91cf2f712ea45b7b9a2b1eb5a5","b1d5697d50014504fea8964eae8d6ad099291a4087058c07ada854c160fad766",15,6,48,"SA_hamming_foldover","Hamming","8c77502544ec241b896b4687bd33c025affd3dee39df28fc1f861afd90fa9290",0.320000000000007,"mallows_gp","gp_c1","estimated_c",1,0.0666666666666667,TRUE,NA,48,384,91645047,-1.23626213761342,0.486617099475558,FALSE,FALSE,0,2.15914086365381,0.143942724243587,FALSE,2,TRUE,0.40942203823898,-20.6415570133701,47,1e-10,412.469691008341,0.502502262081385,0.507381150768608,0.24452619325395,0.246900343915591,-0.722798235066656,-0.00586242650547292,0.976388888888889,0.984375,1.00928039217714,1.0778344344286,0.178517913271345,0.189930989330007,0.0730891679137233,0.0777619327762373
"29_pwo_gp_model_specific","db6cb901415724b9f55892557a81f2cbcc3e7f91cf2f712ea45b7b9a2b1eb5a5","b1d5697d50014504fea8964eae8d6ad099291a4087058c07ada854c160fad766",15,6,48,"SA_l2_position_foldover","L2","8c77502544ec241b896b4687bd33c025affd3dee39df28fc1f861afd90fa9290",0.316999999999993,"mallows_gp","gp_c1","estimated_c",1,0.0666666666666667,TRUE,NA,48,384,91645047,-1.23626213761342,0.486617099475558,FALSE,FALSE,0,1.66138875474807,0.110759250316538,FALSE,1.5,TRUE,0.440958532854294,-17.2516527355467,47,1e-10,551.484644642692,0.423866676554692,0.428017515429194,0.206260772709388,0.208280641882889,-0.855648268731824,-0.152166059773626,0.9625,0.958333333333333,0.819798077071125,0.86638214404422,0.109162102419612,0.113979060835195,0.0481359605262421,0.0502600394419977
"29_pwo_gp_model_specific","db6cb901415724b9f55892557a81f2cbcc3e7f91cf2f712ea45b7b9a2b1eb5a5","b1d5697d50014504fea8964eae8d6ad099291a4087058c07ada854c160fad766",15,6,48,"random_foldover","RandomFoldover","8c77502544ec241b896b4687bd33c025affd3dee39df28fc1f861afd90fa9290",0.316000000000003,"mallows_gp","gp_c1","estimated_c",1,0.0666666666666667,TRUE,NA,48,384,91645047,-1.23626213761342,0.486617099475558,FALSE,FALSE,0,2.79501365750475,0.18633424383365,FALSE,3,TRUE,0.20474425097656,-11.1083537346489,47,1e-10,155.928149297281,0.540032929371152,0.546908100072657,0.262789257711879,0.266134833337044,-0.654192158277162,0.0923020522165807,0.909722222222222,0.901041666666667,0.849408713584166,0.907603106955121,0.251177421463584,0.268058801237592,0.0514271330197852,0.0548834984770653
"29_pwo_gp_model_specific","db6cb901415724b9f55892557a81f2cbcc3e7f91cf2f712ea45b7b9a2b1eb5a5","b1d5697d50014504fea8964eae8d6ad099291a4087058c07ada854c160fad766",15,6,48,"FSA_lambda050","FSA_lambda050","8c77502544ec241b896b4687bd33c025affd3dee39df28fc1f861afd90fa9290",0.317000000000007,"mallows_gp","gp_c4","estimated_c",4,0.266666666666667,TRUE,NA,48,384,98389320,0.603397610017471,0.878868626310353,FALSE,FALSE,0,4.73036640362572,0.315357760241715,FALSE,4,TRUE,0.739909496880929,-54.0128840824485,47,1e-10,20.8126089513075,0.777214822587212,0.770486500897375,0.683069723475268,0.677156412634347,0.311260928711628,1.04759036922292,0.913888888888889,0.911458333333333,2.13225914151668,2.27808430674537,0.43245676474809,0.460701786509621,0.319978867227514,0.340877627068479
"29_pwo_gp_model_specific","db6cb901415724b9f55892557a81f2cbcc3e7f91cf2f712ea45b7b9a2b1eb5a5","b1d5697d50014504fea8964eae8d6ad099291a4087058c07ada854c160fad766",15,6,48,"SA_hamming_foldover","Hamming","8c77502544ec241b896b4687bd33c025affd3dee39df28fc1f861afd90fa9290",0.307000000000002,"mallows_gp","gp_c4","estimated_c",4,0.266666666666667,TRUE,NA,48,384,98389320,0.603397610017471,0.878868626310353,FALSE,FALSE,0,8.62540360088188,0.575026906725459,FALSE,8,TRUE,0.869874492302718,-62.3272276800733,47,1e-10,7.53421967348658,0.77893195868702,0.78596065842744,0.684578860520494,0.690756164206105,0.294661516563344,1.06249618752471,0.9875,0.989583333333333,3.01753079024926,3.23207297628479,0.735196702482648,0.787046345638537,0.639528858314726,0.684631540331032
"29_pwo_gp_model_specific","db6cb901415724b9f55892557a81f2cbcc3e7f91cf2f712ea45b7b9a2b1eb5a5","b1d5697d50014504fea8964eae8d6ad099291a4087058c07ada854c160fad766",15,6,48,"SA_l2_position_foldover","L2","8c77502544ec241b896b4687bd33c025affd3dee39df28fc1f861afd90fa9290",0.301000000000002,"mallows_gp","gp_c4","estimated_c",4,0.266666666666667,TRUE,NA,48,384,98389320,0.603397610017471,0.878868626310353,FALSE,FALSE,0,5.65357188402613,0.376904792268408,FALSE,6,TRUE,1.2931659574483,-68.8343488960719,47,1e-10,14.8257020820157,0.674501543844052,0.68078441025407,0.592798245282435,0.598320059453498,0.244441119576363,0.99392482992698,0.991666666666667,0.9921875,3.13012540112813,3.3239124252183,0.535170524967138,0.563666187229291,0.692064304317241,0.728913924689602
"29_pwo_gp_model_specific","db6cb901415724b9f55892557a81f2cbcc3e7f91cf2f712ea45b7b9a2b1eb5a5","b1d5697d50014504fea8964eae8d6ad099291a4087058c07ada854c160fad766",15,6,48,"random_foldover","RandomFoldover","8c77502544ec241b896b4687bd33c025affd3dee39df28fc1f861afd90fa9290",0.311999999999998,"mallows_gp","gp_c4","estimated_c",4,0.266666666666667,TRUE,NA,48,384,98389320,0.603397610017471,0.878868626310353,FALSE,FALSE,0,5.43315549916103,0.362210366610735,FALSE,6,TRUE,0.913359438863917,-58.7612866465267,47,1e-10,22.5850381872334,0.741367352365022,0.748145467456254,0.651564506564391,0.657521579263595,0.237916249234274,0.98371241478645,0.9625,0.955729166666667,2.61878942819995,2.7970256344847,0.530700999942184,0.565503916917782,0.484720767511713,0.516508340231373
"29_pwo_gp_model_specific","db6cb901415724b9f55892557a81f2cbcc3e7f91cf2f712ea45b7b9a2b1eb5a5","b1d5697d50014504fea8964eae8d6ad099291a4087058c07ada854c160fad766",15,6,60,"FSA_lambda050","FSA_lambda050","86faaf6a85a451db2693d329947d534f762d128a4b6845c6423a53bcc2e43cfe",0.641999999999996,"mallows_gp","gp_c1","estimated_c",1,0.0666666666666667,TRUE,NA,60,322,91645047,-1.23626213761342,0.486617099475558,FALSE,FALSE,0,1.18834513355819,0.0792230089038791,FALSE,1,TRUE,0.731332650653035,-20.0789290316045,59,1e-10,1888.26762872004,0.3328216665587,0.340080259368797,0.161956714023416,0.165488869402939,-1.22767017648237,-0.382432815185753,0.966666666666667,0.959627329192547,0.664802820679931,0.716855111876182,0.0435857983280338,0.0464833796183133,0.0318757174220696,0.0339948132275723
"29_pwo_gp_model_specific","db6cb901415724b9f55892557a81f2cbcc3e7f91cf2f712ea45b7b9a2b1eb5a5","b1d5697d50014504fea8964eae8d6ad099291a4087058c07ada854c160fad766",15,6,60,"SA_hamming_foldover","Hamming","86faaf6a85a451db2693d329947d534f762d128a4b6845c6423a53bcc2e43cfe",0.417999999999992,"mallows_gp","gp_c1","estimated_c",1,0.0666666666666667,TRUE,NA,60,322,91645047,-1.23626213761342,0.486617099475558,FALSE,FALSE,0,1.54364964174993,0.102909976116662,FALSE,1.5,TRUE,0.513994176483876,-16.0577914784721,59,1e-10,1998.2067255758,0.429795034333981,0.459418768121883,0.209145612976599,0.223561028388104,-1.04254442356507,-0.121544483522625,0.940277777777778,0.937888198757764,0.75519657772105,0.82974407188053,0.0811398101914647,0.0897134990516376,0.0417053899194199,0.0461122160645334
"29_pwo_gp_model_specific","db6cb901415724b9f55892557a81f2cbcc3e7f91cf2f712ea45b7b9a2b1eb5a5","b1d5697d50014504fea8964eae8d6ad099291a4087058c07ada854c160fad766",15,6,60,"SA_l2_position_foldover","L2","86faaf6a85a451db2693d329947d534f762d128a4b6845c6423a53bcc2e43cfe",0.451999999999998,"mallows_gp","gp_c1","estimated_c",1,0.0666666666666667,TRUE,NA,60,322,91645047,-1.23626213761342,0.486617099475558,FALSE,FALSE,0,0.853631489077299,0.0569087659384866,FALSE,0.75,TRUE,1.00069416835081,-10.5954712578591,59,1e-10,6482.68268288298,0.407991946000393,0.416831573504239,0.1985358573721,0.202837371268466,-1.00853634030418,-0.149755319892816,0.9,0.888198757763975,0.605549096893895,0.652599673297227,0.0269861520008403,0.0287576178860401,0.0270048849334694,0.0287775805142213
"29_pwo_gp_model_specific","db6cb901415724b9f55892557a81f2cbcc3e7f91cf2f712ea45b7b9a2b1eb5a5","b1d5697d50014504fea8964eae8d6ad099291a4087058c07ada854c160fad766",15,6,60,"random_foldover","RandomFoldover","86faaf6a85a451db2693d329947d534f762d128a4b6845c6423a53bcc2e43cfe",0.442000000000007,"mallows_gp","gp_c1","estimated_c",1,0.0666666666666667,TRUE,NA,60,322,91645047,-1.23626213761342,0.486617099475558,FALSE,FALSE,0,1.44635489474219,0.0964236596494795,FALSE,1.5,TRUE,0.451497654935514,-6.24211895594128,59,1e-10,2626.32928286083,0.437320338261797,0.453354945248141,0.212807554546626,0.220610268489551,-1.00291453115843,-0.103049729559074,0.930555555555556,0.925465838509317,0.69482202380358,0.764986191301859,0.0785254820848391,0.0873020493058962,0.0354540710139856,0.0394166705326768
"29_pwo_gp_model_specific","db6cb901415724b9f55892557a81f2cbcc3e7f91cf2f712ea45b7b9a2b1eb5a5","b1d5697d50014504fea8964eae8d6ad099291a4087058c07ada854c160fad766",15,6,60,"FSA_lambda050","FSA_lambda050","86faaf6a85a451db2693d329947d534f762d128a4b6845c6423a53bcc2e43cfe",0.463999999999999,"mallows_gp","gp_c4","estimated_c",4,0.266666666666667,TRUE,NA,60,322,98389320,0.603397610017471,0.878868626310353,FALSE,FALSE,0,3.4931239506233,0.232874930041553,FALSE,4,TRUE,0.985689568904366,-67.6798697182375,59,1e-10,72.7566222255913,0.745355272922644,0.767843235333701,0.655069364826703,0.674833329459427,0.133525704926105,1.09051696700358,0.872222222222222,0.866459627329193,1.88342458083979,2.03497500357881,0.258530379289564,0.276696710461184,0.254830698110613,0.272737061251741
"29_pwo_gp_model_specific","db6cb901415724b9f55892557a81f2cbcc3e7f91cf2f712ea45b7b9a2b1eb5a5","b1d5697d50014504fea8964eae8d6ad099291a4087058c07ada854c160fad766",15,6,60,"SA_hamming_foldover","Hamming","86faaf6a85a451db2693d329947d534f762d128a4b6845c6423a53bcc2e43cfe",0.450999999999993,"mallows_gp","gp_c4","estimated_c",4,0.266666666666667,TRUE,NA,60,322,98389320,0.603397610017471,0.878868626310353,FALSE,FALSE,0,5.53457909336904,0.368971939557936,FALSE,6,TRUE,0.912261572448241,-72.2445539965248,59,1e-10,39.4015775380737,0.710946519466572,0.736169432071461,0.624828590943713,0.646996217496318,0.00672812421980812,0.969650656250902,0.968055555555556,0.962732919254658,2.47906950957218,2.71518474966486,0.485192869349629,0.533345707628562,0.442622809933566,0.486550793899752
"29_pwo_gp_model_specific","db6cb901415724b9f55892557a81f2cbcc3e7f91cf2f712ea45b7b9a2b1eb5a5","b1d5697d50014504fea8964eae8d6ad099291a4087058c07ada854c160fad766",15,6,60,"SA_l2_position_foldover","L2","86faaf6a85a451db2693d329947d534f762d128a4b6845c6423a53bcc2e43cfe",0.447999999999993,"mallows_gp","gp_c4","estimated_c",4,0.266666666666667,TRUE,NA,60,322,98389320,0.603397610017471,0.878868626310353,FALSE,FALSE,0,9.02231413905785,0.601487609270523,FALSE,8,TRUE,0.690656816838672,-71.8495575473534,59,1e-10,5.84263150644931,0.772884392093028,0.790895102944877,0.679263843975512,0.695092892680749,0.068808614909327,1.03467945481159,0.9625,0.962732919254658,2.58995677355007,2.8042981994052,0.694758128955967,0.747033554887501,0.47983943781752,0.515943817090278
"29_pwo_gp_model_specific","db6cb901415724b9f55892557a81f2cbcc3e7f91cf2f712ea45b7b9a2b1eb5a5","b1d5697d50014504fea8964eae8d6ad099291a4087058c07ada854c160fad766",15,6,60,"random_foldover","RandomFoldover","86faaf6a85a451db2693d329947d534f762d128a4b6845c6423a53bcc2e43cfe",0.47999999999999,"mallows_gp","gp_c4","estimated_c",4,0.266666666666667,TRUE,NA,60,322,98389320,0.603397610017471,0.878868626310353,FALSE,FALSE,0,9.48112463964152,0.632074975976101,FALSE,8,TRUE,0.671578273471473,-68.9778206234129,59,1e-10,10.6297073586522,0.745092191395242,0.779513598970808,0.654838150726107,0.685090045917714,0.0429574798545617,1.02777251296685,0.976388888888889,0.978260869565217,2.63218843987654,2.88253666972368,0.737418162183164,0.810769231115515,0.495234016185477,0.544495000416352
"29_pwo_gp_model_specific","db6cb901415724b9f55892557a81f2cbcc3e7f91cf2f712ea45b7b9a2b1eb5a5","b1d5697d50014504fea8964eae8d6ad099291a4087058c07ada854c160fad766",16,6,48,"FSA_lambda050","FSA_lambda050","74b6d023c46a493d59f3190f5818a2df3c8c8a94236766d652ff9479631be55a",0.305999999999997,"mallows_gp","gp_c1","estimated_c",1,0.0666666666666667,TRUE,NA,48,380,91645048,0.615441305726216,0.670085040365599,FALSE,FALSE,0,1.28950460585666,0.0859669737237772,FALSE,1.5,TRUE,0.671152842430062,-21.7347244662361,47,1e-10,869.284238381296,0.271344221323196,0.265061838532993,0.181823703498326,0.177613972772761,-0.956766050295897,-0.296156778386993,0.975,0.986842105263158,0.77178988216279,0.833474613569674,0.062840878452888,0.0683266732923362,0.0421758341944579,0.0458576409939417
"29_pwo_gp_model_specific","db6cb901415724b9f55892557a81f2cbcc3e7f91cf2f712ea45b7b9a2b1eb5a5","b1d5697d50014504fea8964eae8d6ad099291a4087058c07ada854c160fad766",16,6,48,"SA_hamming_foldover","Hamming","74b6d023c46a493d59f3190f5818a2df3c8c8a94236766d652ff9479631be55a",0.338999999999999,"mallows_gp","gp_c1","estimated_c",1,0.0666666666666667,TRUE,NA,48,380,91645048,0.615441305726216,0.670085040365599,FALSE,FALSE,0,0.827905244228051,0.0551936829485367,FALSE,0.75,TRUE,1.12765827661964,-15.5856962886559,47,1e-10,4613.86492707944,0.303804693896279,0.304924472072943,0.203574980572747,0.204325327177457,-0.872118232629705,-0.207809286119051,0.948611111111111,0.95,0.708024655697711,0.751842611634725,0.031918817284576,0.0336746010887764,0.0359935184908622,0.0379734426296235
"29_pwo_gp_model_specific","db6cb901415724b9f55892557a81f2cbcc3e7f91cf2f712ea45b7b9a2b1eb5a5","b1d5697d50014504fea8964eae8d6ad099291a4087058c07ada854c160fad766",16,6,48,"SA_l2_position_foldover","L2","74b6d023c46a493d59f3190f5818a2df3c8c8a94236766d652ff9479631be55a",0.336999999999989,"mallows_gp","gp_c1","estimated_c",1,0.0666666666666667,TRUE,NA,48,380,91645048,0.615441305726216,0.670085040365599,FALSE,FALSE,0,0.673450808001477,0.0448967205334318,FALSE,0.75,TRUE,1.54945717875171,-16.2846588074185,47,1e-10,6950.29663638905,0.242230023597577,0.248514114993147,0.162314715140142,0.166525590776604,-1.0345011607487,-0.365008119348959,0.968055555555556,0.965789473684211,0.67289291479088,0.730090204653457,0.0208581201044763,0.0229503158478387,0.032318763931146,0.0355605316450527
"29_pwo_gp_model_specific","db6cb901415724b9f55892557a81f2cbcc3e7f91cf2f712ea45b7b9a2b1eb5a5","b1d5697d50014504fea8964eae8d6ad099291a4087058c07ada854c160fad766",16,6,48,"random_foldover","RandomFoldover","74b6d023c46a493d59f3190f5818a2df3c8c8a94236766d652ff9479631be55a",0.329999999999998,"mallows_gp","gp_c1","estimated_c",1,0.0666666666666667,TRUE,NA,48,380,91645048,0.615441305726216,0.670085040365599,FALSE,FALSE,0,0.941825252131506,0.0627883501421004,FALSE,1,TRUE,0.979809302755293,-12.677520446828,47,1e-10,5771.00121907831,0.287406790708743,0.282588514621148,0.192586990953415,0.189358336226766,-0.909697527830171,-0.258163405819401,0.963888888888889,0.976315789473684,0.783908384503329,0.8383014685073,0.0453459137759526,0.04839780275468,0.0444303481596177,0.0474206173719512
"29_pwo_gp_model_specific","db6cb901415724b9f55892557a81f2cbcc3e7f91cf2f712ea45b7b9a2b1eb5a5","b1d5697d50014504fea8964eae8d6ad099291a4087058c07ada854c160fad766",16,6,48,"FSA_lambda050","FSA_lambda050","74b6d023c46a493d59f3190f5818a2df3c8c8a94236766d652ff9479631be55a",0.340000000000003,"mallows_gp","gp_c4","estimated_c",4,0.266666666666667,TRUE,NA,48,380,98389321,0.151777705783023,0.892158321454385,FALSE,FALSE,0,3.42036312657493,0.228024208438329,FALSE,3,TRUE,0.909491465869031,-54.164406185536,47,1e-10,46.7762147400934,0.59516306753864,0.581729609491508,0.530979683326916,0.518994911944259,0.0575957192455418,0.76540052293337,0.945833333333333,0.957894736842105,1.93407360154114,2.087460190996,0.2900895936251,0.315167410108738,0.263834009739444,0.286642069813942
"29_pwo_gp_model_specific","db6cb901415724b9f55892557a81f2cbcc3e7f91cf2f712ea45b7b9a2b1eb5a5","b1d5697d50014504fea8964eae8d6ad099291a4087058c07ada854c160fad766",16,6,48,"SA_hamming_foldover","Hamming","74b6d023c46a493d59f3190f5818a2df3c8c8a94236766d652ff9479631be55a",0.316000000000003,"mallows_gp","gp_c4","estimated_c",4,0.266666666666667,TRUE,NA,48,380,98389321,0.151777705783023,0.892158321454385,FALSE,FALSE,0,2.66680076992588,0.177786717995058,FALSE,3,TRUE,1.04659035549937,-49.3785431831096,47,1e-10,142.885966381852,0.699137018665717,0.685738096195151,0.623740909039429,0.611786948858791,0.230915045065044,0.930437001297458,0.904166666666667,0.907894736842105,1.8397376242784,1.95358800555724,0.230673545796698,0.243237225938778,0.241420708299668,0.254569734765947
"29_pwo_gp_model_specific","db6cb901415724b9f55892557a81f2cbcc3e7f91cf2f712ea45b7b9a2b1eb5a5","b1d5697d50014504fea8964eae8d6ad099291a4087058c07ada854c160fad766",16,6,48,"SA_l2_position_foldover","L2","74b6d023c46a493d59f3190f5818a2df3c8c8a94236766d652ff9479631be55a",0.364999999999995,"mallows_gp","gp_c4","estimated_c",4,0.266666666666667,TRUE,NA,48,380,98389321,0.151777705783023,0.892158321454385,FALSE,FALSE,0,4.45407179716708,0.296938119811139,FALSE,4,TRUE,0.862028575202914,-56.3356047870891,47,1e-10,26.8582119646029,0.622054600454527,0.624869134957365,0.554971188194489,0.557482198572216,0.102340072328579,0.851825889330557,0.9625,0.971052631578947,2.25516994225711,2.43623129847644,0.416993973561999,0.45439025180144,0.359460720897852,0.391697381346488
"29_pwo_gp_model_specific","db6cb901415724b9f55892557a81f2cbcc3e7f91cf2f712ea45b7b9a2b1eb5a5","b1d5697d50014504fea8964eae8d6ad099291a4087058c07ada854c160fad766",16,6,48,"random_foldover","RandomFoldover","74b6d023c46a493d59f3190f5818a2df3c8c8a94236766d652ff9479631be55a",0.363,"mallows_gp","gp_c4","estimated_c",4,0.266666666666667,TRUE,NA,48,380,98389321,0.151777705783023,0.892158321454385,FALSE,FALSE,0,4.6251449728108,0.308342998187386,FALSE,4,TRUE,1.33936475168849,-63.1044639113526,47,1e-10,59.1367565590655,0.595204994649649,0.612939356972562,0.531017088947897,0.546838947869971,0.182117449413065,0.937024136669223,0.995833333333333,0.994736842105263,3.00162276953056,3.20996400508228,0.47791479078635,0.509780438099763,0.640102225089814,0.682781949891136
"29_pwo_gp_model_specific","db6cb901415724b9f55892557a81f2cbcc3e7f91cf2f712ea45b7b9a2b1eb5a5","b1d5697d50014504fea8964eae8d6ad099291a4087058c07ada854c160fad766",16,6,60,"FSA_lambda050","FSA_lambda050","35c9e5618a2c750c07a46be61a6b1a0e1d037bea81d5af4a53dae7c763acba9f",0.569000000000003,"mallows_gp","gp_c1","estimated_c",1,0.0666666666666667,TRUE,NA,60,370,91645048,0.615441305726216,0.670085040365599,FALSE,FALSE,0,0.738617110882897,0.0492411407255265,FALSE,0.75,TRUE,1.44069744959069,-17.1826848071312,59,1e-10,8659.88153878421,0.225714925592973,0.239753969400115,0.151248195027085,0.160655548263289,-1.26285805423023,-0.41300641531623,0.969444444444444,0.964864864864865,0.599117479807946,0.655810734093492,0.0179771299372479,0.0197549961871619,0.0258996052515536,0.028460972623518
"29_pwo_gp_model_specific","db6cb901415724b9f55892557a81f2cbcc3e7f91cf2f712ea45b7b9a2b1eb5a5","b1d5697d50014504fea8964eae8d6ad099291a4087058c07ada854c160fad766",16,6,60,"SA_hamming_foldover","Hamming","35c9e5618a2c750c07a46be61a6b1a0e1d037bea81d5af4a53dae7c763acba9f",0.397999999999996,"mallows_gp","gp_c1","estimated_c",1,0.0666666666666667,TRUE,NA,60,370,91645048,0.615441305726216,0.670085040365599,FALSE,FALSE,0,0.928314286193251,0.0618876190795501,FALSE,1,TRUE,0.941204493167767,-11.7894753546501,59,1e-10,5914.39170066015,0.241912550351941,0.25671409438503,0.162101981067525,0.172020274298411,-1.23790150195295,-0.372399566053909,0.975,0.978378378378378,0.633108294347386,0.692765720276639,0.0309737609915576,0.0339870832597197,0.0291526430155586,0.0319887954737152
"29_pwo_gp_model_specific","db6cb901415724b9f55892557a81f2cbcc3e7f91cf2f712ea45b7b9a2b1eb5a5","b1d5697d50014504fea8964eae8d6ad099291a4087058c07ada854c160fad766",16,6,60,"SA_l2_position_foldover","L2","35c9e5618a2c750c07a46be61a6b1a0e1d037bea81d5af4a53dae7c763acba9f",0.477000000000004,"mallows_gp","gp_c1","estimated_c",1,0.0666666666666667,TRUE,NA,60,370,91645048,0.615441305726216,0.670085040365599,FALSE,FALSE,0,0.784691900691446,0.0523127933794297,FALSE,0.75,TRUE,1.16071307411187,-11.4624189852822,59,1e-10,7613.43306770883,0.240490084972453,0.256251793717847,0.161148808296293,0.17171049353718,-1.23850052454568,-0.368418127070989,0.959722222222222,0.954054054054054,0.59312369510147,0.650950360109133,0.0221516449915377,0.0244339900100092,0.0257117039547626,0.0283608516573365
"29_pwo_gp_model_specific","db6cb901415724b9f55892557a81f2cbcc3e7f91cf2f712ea45b7b9a2b1eb5a5","b1d5697d50014504fea8964eae8d6ad099291a4087058c07ada854c160fad766",16,6,60,"random_foldover","RandomFoldover","35c9e5618a2c750c07a46be61a6b1a0e1d037bea81d5af4a53dae7c763acba9f",0.474000000000004,"mallows_gp","gp_c1","estimated_c",1,0.0666666666666667,TRUE,NA,60,370,91645048,0.615441305726216,0.670085040365599,FALSE,FALSE,0,0.660764424427554,0.0440509616285036,FALSE,0.75,TRUE,1.56500877696695,-5.69837584926039,59,1e-10,31426.6611890401,0.247993821482452,0.261210025730356,0.166176949878488,0.175032930635424,-1.16211706315443,-0.312484216874246,0.952777777777778,0.948648648648649,0.623346898649781,0.676712170024965,0.0181503687580289,0.0196171703814786,0.0284054864115018,0.0307010438262701
"29_pwo_gp_model_specific","db6cb901415724b9f55892557a81f2cbcc3e7f91cf2f712ea45b7b9a2b1eb5a5","b1d5697d50014504fea8964eae8d6ad099291a4087058c07ada854c160fad766",16,6,60,"FSA_lambda050","FSA_lambda050","35c9e5618a2c750c07a46be61a6b1a0e1d037bea81d5af4a53dae7c763acba9f",0.397000000000006,"mallows_gp","gp_c4","estimated_c",4,0.266666666666667,TRUE,NA,60,370,98389321,0.151777705783023,0.892158321454385,FALSE,FALSE,0,3.00224437583399,0.200149625055599,FALSE,3,TRUE,1.14408617738352,-67.3442313567857,59,1e-10,125.627413098842,0.584791267840482,0.609387278772078,0.521726395917746,0.543669931744953,-0.132405769971282,0.815971136488489,0.945833333333333,0.948648648648649,1.83270458019048,2.00426884978387,0.211088224637479,0.231532025007623,0.241503120016167,0.264892589432837
"29_pwo_gp_model_specific","db6cb901415724b9f55892557a81f2cbcc3e7f91cf2f712ea45b7b9a2b1eb5a5","b1d5697d50014504fea8964eae8d6ad099291a4087058c07ada854c160fad766",16,6,60,"SA_hamming_foldover","Hamming","35c9e5618a2c750c07a46be61a6b1a0e1d037bea81d5af4a53dae7c763acba9f",0.465000000000003,"mallows_gp","gp_c4","estimated_c",4,0.266666666666667,TRUE,NA,60,370,98389321,0.151777705783023,0.892158321454385,FALSE,FALSE,0,4.86796106908764,0.324530737939176,FALSE,4,TRUE,0.894212973593289,-69.6903778863545,59,1e-10,41.59876812355,0.587751866634236,0.605467720523756,0.524367718768082,0.540173065237286,-0.133050745360669,0.819382976181035,0.965277777777778,0.97027027027027,2.2894120016942,2.50650797003221,0.422254394579788,0.463853488063795,0.377585357790027,0.414783806873145
"29_pwo_gp_model_specific","db6cb901415724b9f55892557a81f2cbcc3e7f91cf2f712ea45b7b9a2b1eb5a5","b1d5697d50014504fea8964eae8d6ad099291a4087058c07ada854c160fad766",16,6,60,"SA_l2_position_foldover","L2","35c9e5618a2c750c07a46be61a6b1a0e1d037bea81d5af4a53dae7c763acba9f",0.488,"mallows_gp","gp_c4","estimated_c",4,0.266666666666667,TRUE,NA,60,370,98389321,0.151777705783023,0.892158321454385,FALSE,FALSE,0,2.03821702554688,0.135881135036458,FALSE,2,TRUE,1.81792580536642,-66.2698135985997,59,1e-10,433.970267075544,0.605852180381957,0.629865044706129,0.540516064299046,0.561939341027812,-0.0787708080911428,0.83010963171255,0.922222222222222,0.921621621621622,1.76649894558785,1.93535269980461,0.124903243503322,0.137361912673063,0.227064829538654,0.249713765722851
"29_pwo_gp_model_specific","db6cb901415724b9f55892557a81f2cbcc3e7f91cf2f712ea45b7b9a2b1eb5a5","b1d5697d50014504fea8964eae8d6ad099291a4087058c07ada854c160fad766",16,6,60,"random_foldover","RandomFoldover","35c9e5618a2c750c07a46be61a6b1a0e1d037bea81d5af4a53dae7c763acba9f",0.442999999999998,"mallows_gp","gp_c4","estimated_c",4,0.266666666666667,TRUE,NA,60,370,98389321,0.151777705783023,0.892158321454385,FALSE,FALSE,0,3.07695493119456,0.205130328746304,FALSE,3,TRUE,0.873843199061529,-53.1939295856491,59,1e-10,290.564567796839,0.647744106582141,0.662549589356457,0.577890294860293,0.591099129520549,-0.034170565227922,0.906197983850895,0.901388888888889,0.9,1.76913495337613,1.92151994531862,0.259690020993882,0.2809655505232,0.226928358709649,0.245519835495276
"29_pwo_gp_model_specific","db6cb901415724b9f55892557a81f2cbcc3e7f91cf2f712ea45b7b9a2b1eb5a5","b1d5697d50014504fea8964eae8d6ad099291a4087058c07ada854c160fad766",17,6,48,"FSA_lambda050","FSA_lambda050","70259ae6cb248cc254f1ada85a729fb24c20359d06d398b92f934bbbd4f0c0ca",0.314999999999998,"mallows_gp","gp_c1","estimated_c",1,0.0666666666666667,TRUE,NA,48,392,91645049,-0.193586741829355,0.592744392009747,FALSE,FALSE,0,0.882785054870009,0.0588523369913339,FALSE,1,TRUE,1.0765836425735,-19.7641292024821,47,1e-10,2795.0874041163,0.329152218332402,0.345035851435725,0.195103131534099,0.204518065980834,-0.890597727684001,-0.177014415495186,0.938888888888889,0.933673469387755,0.695348234489564,0.740109013569924,0.0319068157857723,0.03375028688595,0.0343503559615683,0.0363350067935766
"29_pwo_gp_model_specific","db6cb901415724b9f55892557a81f2cbcc3e7f91cf2f712ea45b7b9a2b1eb5a5","b1d5697d50014504fea8964eae8d6ad099291a4087058c07ada854c160fad766",17,6,48,"SA_hamming_foldover","Hamming","70259ae6cb248cc254f1ada85a729fb24c20359d06d398b92f934bbbd4f0c0ca",0.321999999999989,"mallows_gp","gp_c1","estimated_c",1,0.0666666666666667,TRUE,NA,48,392,91645049,-0.193586741829355,0.592744392009747,FALSE,FALSE,0,0.967426412022472,0.0644950941348315,FALSE,1,TRUE,0.919640374632614,-14.4011879447518,47,1e-10,4755.143192428,0.440729039711064,0.461513868970138,0.261239666684574,0.27355975766677,-0.616432355413089,0.116415724427453,0.894444444444444,0.892857142857143,0.774256397665834,0.83058258073792,0.046899714697817,0.0503527457330734,0.0431308711948632,0.0463064179497444
"29_pwo_gp_model_specific","db6cb901415724b9f55892557a81f2cbcc3e7f91cf2f712ea45b7b9a2b1eb5a5","b1d5697d50014504fea8964eae8d6ad099291a4087058c07ada854c160fad766",17,6,48,"SA_l2_position_foldover","L2","70259ae6cb248cc254f1ada85a729fb24c20359d06d398b92f934bbbd4f0c0ca",0.289000000000001,"mallows_gp","gp_c1","estimated_c",1,0.0666666666666667,TRUE,NA,48,392,91645049,-0.193586741829355,0.592744392009747,FALSE,FALSE,0,0.889291082619782,0.0592860721746521,FALSE,1,TRUE,1.05418844719253,-17.5086372884951,47,1e-10,2843.3017438288,0.365988813709451,0.37758720012191,0.216937816864577,0.223812695366924,-0.801943500544708,-0.0963262811090806,0.936111111111111,0.938775510204082,0.720174906971044,0.775112177575794,0.0351999231171642,0.0380995359217745,0.0371073522921797,0.0401640906121314
"29_pwo_gp_model_specific","db6cb901415724b9f55892557a81f2cbcc3e7f91cf2f712ea45b7b9a2b1eb5a5","b1d5697d50014504fea8964eae8d6ad099291a4087058c07ada854c160fad766",17,6,48,"random_foldover","RandomFoldover","70259ae6cb248cc254f1ada85a729fb24c20359d06d398b92f934bbbd4f0c0ca",0.314999999999998,"mallows_gp","gp_c1","estimated_c",1,0.0666666666666667,TRUE,NA,48,392,91645049,-0.193586741829355,0.592744392009747,FALSE,FALSE,0,0.750988102651751,0.0500658735101167,FALSE,0.75,TRUE,1.57741779466052,-17.3102855019184,47,1e-10,9298.81651156883,0.380651666114543,0.389183800410939,0.225629140398562,0.230686515154625,-0.759532228227224,-0.0738787330919059,0.948611111111111,0.946428571428571,0.800168676072432,0.854996539486638,0.0291795031017614,0.0310673743575328,0.0460282674320704,0.0490062291449522
"29_pwo_gp_model_specific","db6cb901415724b9f55892557a81f2cbcc3e7f91cf2f712ea45b7b9a2b1eb5a5","b1d5697d50014504fea8964eae8d6ad099291a4087058c07ada854c160fad766",17,6,48,"FSA_lambda050","FSA_lambda050","70259ae6cb248cc254f1ada85a729fb24c20359d06d398b92f934bbbd4f0c0ca",0.329999999999998,"mallows_gp","gp_c4","estimated_c",4,0.266666666666667,TRUE,NA,48,392,98389322,0.107297018314059,0.878361958250805,FALSE,FALSE,0,1.65482979437929,0.110321986291952,FALSE,1.5,TRUE,1.8970619670162,-53.384925307497,47,1e-10,424.459757301478,0.701093473609951,0.712455228258961,0.615813836396896,0.625793569459566,0.351106996354091,1.06722124751761,0.843055555555556,0.846938775510204,1.62534983045425,1.73037841636422,0.0987582052581895,0.104502530285884,0.18735043512609,0.198247775662308
"29_pwo_gp_model_specific","db6cb901415724b9f55892557a81f2cbcc3e7f91cf2f712ea45b7b9a2b1eb5a5","b1d5697d50014504fea8964eae8d6ad099291a4087058c07ada854c160fad766",17,6,48,"SA_hamming_foldover","Hamming","70259ae6cb248cc254f1ada85a729fb24c20359d06d398b92f934bbbd4f0c0ca",0.316999999999993,"mallows_gp","gp_c4","estimated_c",4,0.266666666666667,TRUE,NA,48,392,98389322,0.107297018314059,0.878361958250805,FALSE,FALSE,0,4.70782732776091,0.31385515518406,FALSE,4,TRUE,1.08208467509573,-60.440178683663,47,1e-10,41.2938995940354,0.667930701317452,0.68635529885073,0.586684918785031,0.602868384354344,0.174178772257628,0.93920842689838,0.980555555555556,0.977040816326531,2.68122830833055,2.8746625670567,0.470884194581403,0.505148963391088,0.509536570701331,0.546613951925988
"29_pwo_gp_model_specific","db6cb901415724b9f55892557a81f2cbcc3e7f91cf2f712ea45b7b9a2b1eb5a5","b1d5697d50014504fea8964eae8d6ad099291a4087058c07ada854c160fad766",17,6,48,"SA_l2_position_foldover","L2","70259ae6cb248cc254f1ada85a729fb24c20359d06d398b92f934bbbd4f0c0ca",0.355000000000004,"mallows_gp","gp_c4","estimated_c",4,0.266666666666667,TRUE,NA,48,392,98389322,0.107297018314059,0.878361958250805,FALSE,FALSE,0,4.34719933066347,0.289813288710898,FALSE,4,TRUE,1.02428975795612,-59.7304479847911,47,1e-10,26.9500469508895,0.686781973391036,0.703896381712687,0.603243159039103,0.618275804246812,0.171063047013298,0.932641283484661,0.977777777777778,0.971938775510204,2.43995558656079,2.62080051100797,0.411462516758253,0.443315884602986,0.421456841698326,0.454083920138095
"29_pwo_gp_model_specific","db6cb901415724b9f55892557a81f2cbcc3e7f91cf2f712ea45b7b9a2b1eb5a5","b1d5697d50014504fea8964eae8d6ad099291a4087058c07ada854c160fad766",17,6,48,"random_foldover","RandomFoldover","70259ae6cb248cc254f1ada85a729fb24c20359d06d398b92f934bbbd4f0c0ca",0.371000000000009,"mallows_gp","gp_c4","estimated_c",4,0.266666666666667,TRUE,NA,48,392,98389322,0.107297018314059,0.878361958250805,FALSE,FALSE,0,3.79600023191795,0.253066682127863,FALSE,4,TRUE,0.901437721741243,-51.7899515959322,47,1e-10,81.3643188714406,0.690912285939577,0.70135867937427,0.606871068457427,0.616046783051383,0.177803046264327,0.92692021562932,0.9375,0.938775510204082,2.18953728941771,2.33747242630853,0.377807871049454,0.401711386146453,0.340570266534729,0.362117796725375
"29_pwo_gp_model_specific","db6cb901415724b9f55892557a81f2cbcc3e7f91cf2f712ea45b7b9a2b1eb5a5","b1d5697d50014504fea8964eae8d6ad099291a4087058c07ada854c160fad766",17,6,60,"FSA_lambda050","FSA_lambda050","6bf396889d29e17e6e19dd547194ce510692e645f1c921e8b342911a82557793",0.456000000000003,"mallows_gp","gp_c1","estimated_c",1,0.0666666666666667,TRUE,NA,60,322,91645049,-0.193586741829355,0.592744392009747,FALSE,FALSE,0,0.842035300787299,0.0561356867191533,FALSE,0.75,TRUE,1.23895527399018,-18.7967316280656,59,1e-10,5664.22722597267,0.277792006841368,0.304853378525804,0.164659654200354,0.180700130506395,-1.20596633450958,-0.316044728136594,0.954166666666667,0.944099378881988,0.636084732521849,0.700937853905953,0.0236079873255595,0.0262366061930897,0.0292492404052953,0.0325059816145319
"29_pwo_gp_model_specific","db6cb901415724b9f55892557a81f2cbcc3e7f91cf2f712ea45b7b9a2b1eb5a5","b1d5697d50014504fea8964eae8d6ad099291a4087058c07ada854c160fad766",17,6,60,"SA_hamming_foldover","Hamming","6bf396889d29e17e6e19dd547194ce510692e645f1c921e8b342911a82557793",0.497,"mallows_gp","gp_c1","estimated_c",1,0.0666666666666667,TRUE,NA,60,322,91645049,-0.193586741829355,0.592744392009747,FALSE,FALSE,0,0.828168563515927,0.0552112375677285,FALSE,0.75,TRUE,1.22603575777938,-13.8794391317642,59,1e-10,9895.11545443376,0.285863046438514,0.297573637132314,0.169443717659251,0.176385104620123,-1.18000196542793,-0.325468752897923,0.955555555555556,0.959627329192547,0.656233706253333,0.718607342368659,0.0257205638678188,0.0282085443588838,0.0315343310121941,0.0345846840588973
"29_pwo_gp_model_specific","db6cb901415724b9f55892557a81f2cbcc3e7f91cf2f712ea45b7b9a2b1eb5a5","b1d5697d50014504fea8964eae8d6ad099291a4087058c07ada854c160fad766",17,6,60,"SA_l2_position_foldover","L2","6bf396889d29e17e6e19dd547194ce510692e645f1c921e8b342911a82557793",0.410000000000011,"mallows_gp","gp_c1","estimated_c",1,0.0666666666666667,TRUE,NA,60,322,91645049,-0.193586741829355,0.592744392009747,FALSE,FALSE,0,0.747047298551129,0.0498031532367419,FALSE,0.75,TRUE,1.48030943723993,-15.1691770855138,59,1e-10,11552.9552918909,0.286452975636824,0.315549208450158,0.169793394883232,0.187040023711946,-1.16024816135762,-0.259470372485126,0.951388888888889,0.928571428571429,0.644390142856894,0.702262612340023,0.020406855516659,0.0222272374791091,0.0302084608057021,0.0329031894040982
"29_pwo_gp_model_specific","db6cb901415724b9f55892557a81f2cbcc3e7f91cf2f712ea45b7b9a2b1eb5a5","b1d5697d50014504fea8964eae8d6ad099291a4087058c07ada854c160fad766",17,6,60,"random_foldover","RandomFoldover","6bf396889d29e17e6e19dd547194ce510692e645f1c921e8b342911a82557793",0.430000000000007,"mallows_gp","gp_c1","estimated_c",1,0.0666666666666667,TRUE,NA,60,322,91645049,-0.193586741829355,0.592744392009747,FALSE,FALSE,0,0.833109566792577,0.0555406377861718,FALSE,0.75,TRUE,1.27194891477769,-12.6085593471966,59,1e-10,12648.7963567142,0.27753576363669,0.281527403819419,0.164507767477791,0.166873789811024,-1.17271796202329,-0.352015403384472,0.965277777777778,0.96583850931677,0.689509027368146,0.746516513144185,0.0273873567050003,0.0293603617505466,0.0348353186395546,0.0373448802660882
"29_pwo_gp_model_specific","db6cb901415724b9f55892557a81f2cbcc3e7f91cf2f712ea45b7b9a2b1eb5a5","b1d5697d50014504fea8964eae8d6ad099291a4087058c07ada854c160fad766",17,6,60,"FSA_lambda050","FSA_lambda050","6bf396889d29e17e6e19dd547194ce510692e645f1c921e8b342911a82557793",0.410000000000011,"mallows_gp","gp_c4","estimated_c",4,0.266666666666667,TRUE,NA,60,322,98389322,0.107297018314059,0.878361958250805,FALSE,FALSE,0,2.74470158182171,0.182980105454781,FALSE,3,TRUE,0.872477286978034,-56.3128082979112,59,1e-10,162.169919540889,0.620329368536317,0.655170993388731,0.544873718908045,0.575477276742052,-0.00404536693826929,0.985637884817829,0.869444444444444,0.84472049689441,1.50760766098238,1.65901190328353,0.187703362617634,0.208117354588802,0.163766920573288,0.181577664904683
"29_pwo_gp_model_specific","db6cb901415724b9f55892557a81f2cbcc3e7f91cf2f712ea45b7b9a2b1eb5a5","b1d5697d50014504fea8964eae8d6ad099291a4087058c07ada854c160fad766",17,6,60,"SA_hamming_foldover","Hamming","6bf396889d29e17e6e19dd547194ce510692e645f1c921e8b342911a82557793",0.472000000000008,"mallows_gp","gp_c4","estimated_c",4,0.266666666666667,TRUE,NA,60,322,98389322,0.107297018314059,0.878361958250805,FALSE,FALSE,0,3.42365970218014,0.228243980145343,FALSE,3,TRUE,0.803958344681058,-57.5113943859869,59,1e-10,132.71512009477,0.713562733910781,0.731694068877779,0.626766360292672,0.642692235179985,0.0897447072646884,1.04770452261769,0.866666666666667,0.863354037267081,1.76720028282916,1.93313949356651,0.2819897105404,0.308811880498983,0.226707980903151,0.248271888263807
"29_pwo_gp_model_specific","db6cb901415724b9f55892557a81f2cbcc3e7f91cf2f712ea45b7b9a2b1eb5a5","b1d5697d50014504fea8964eae8d6ad099291a4087058c07ada854c160fad766",17,6,60,"SA_l2_position_foldover","L2","6bf396889d29e17e6e19dd547194ce510692e645f1c921e8b342911a82557793",0.432000000000002,"mallows_gp","gp_c4","estimated_c",4,0.266666666666667,TRUE,NA,60,322,98389322,0.107297018314059,0.878361958250805,FALSE,FALSE,0,2.55181503136714,0.170121002091142,FALSE,3,TRUE,1.57349523058103,-68.9633676228787,59,1e-10,285.144970378494,0.68631231509421,0.752124581171306,0.602830629057794,0.660637619966195,0.0120866234420779,1.01981610738555,0.923611111111111,0.897515527950311,1.9783345217657,2.1563454194607,0.180184272083102,0.196276226850144,0.283519092748475,0.308839706825142
"29_pwo_gp_model_specific","db6cb901415724b9f55892557a81f2cbcc3e7f91cf2f712ea45b7b9a2b1eb5a5","b1d5697d50014504fea8964eae8d6ad099291a4087058c07ada854c160fad766",17,6,60,"random_foldover","RandomFoldover","6bf396889d29e17e6e19dd547194ce510692e645f1c921e8b342911a82557793",0.490000000000009,"mallows_gp","gp_c4","estimated_c",4,0.266666666666667,TRUE,NA,60,322,98389322,0.107297018314059,0.878361958250805,FALSE,FALSE,0,4.67885343319024,0.311923562212683,FALSE,4,TRUE,0.735172889391648,-60.6128923581264,59,1e-10,73.259608672924,0.718469875008051,0.749794110121991,0.631076606356283,0.658590622851672,0.00903276958814842,0.998948090880575,0.929166666666667,0.916149068322981,2.07924893606205,2.25696551960929,0.424900487560289,0.458543344196261,0.312375319143618,0.337108635264074
"29_pwo_gp_model_specific","db6cb901415724b9f55892557a81f2cbcc3e7f91cf2f712ea45b7b9a2b1eb5a5","b1d5697d50014504fea8964eae8d6ad099291a4087058c07ada854c160fad766",18,6,48,"FSA_lambda050","FSA_lambda050","244719d53066961db537d89ebf707030ab1639d84bcee330d4fc5fc0d203a481",0.302999999999997,"mallows_gp","gp_c1","estimated_c",1,0.0666666666666667,TRUE,NA,48,384,91645050,1.49335325709913,0.540030950152619,FALSE,FALSE,0,1.31270455632432,0.0875136370882881,FALSE,1.5,TRUE,0.596790587467282,-17.9025808259255,47,1e-10,1069.17696413327,0.392036629317518,0.400492544177057,0.21171191342497,0.216278369160976,-0.82817325674921,-0.115737778750832,0.936111111111111,0.934895833333333,0.759129548175297,0.818109106000229,0.0685053879478854,0.0741225106661769,0.0408833707180926,0.0442356166850176
"29_pwo_gp_model_specific","db6cb901415724b9f55892557a81f2cbcc3e7f91cf2f712ea45b7b9a2b1eb5a5","b1d5697d50014504fea8964eae8d6ad099291a4087058c07ada854c160fad766",18,6,48,"SA_hamming_foldover","Hamming","244719d53066961db537d89ebf707030ab1639d84bcee330d4fc5fc0d203a481",0.282000000000011,"mallows_gp","gp_c1","estimated_c",1,0.0666666666666667,TRUE,NA,48,384,91645050,1.49335325709913,0.540030950152619,FALSE,FALSE,0,1.40814221432002,0.0938761476213345,FALSE,1.5,TRUE,0.528592679792829,-16.0136250928685,47,1e-10,1115.24812998616,0.412850309377111,0.419346601895364,0.222951944843724,0.226460143864825,-0.801706795185613,-0.10509643049108,0.943055555555556,0.942708333333333,0.780227127493597,0.837106641171444,0.0824960928037107,0.0884898901221859,0.0436068307675514,0.0467751081542592
"29_pwo_gp_model_specific","db6cb901415724b9f55892557a81f2cbcc3e7f91cf2f712ea45b7b9a2b1eb5a5","b1d5697d50014504fea8964eae8d6ad099291a4087058c07ada854c160fad766",18,6,48,"SA_l2_position_foldover","L2","244719d53066961db537d89ebf707030ab1639d84bcee330d4fc5fc0d203a481",0.317999999999998,"mallows_gp","gp_c1","estimated_c",1,0.0666666666666667,TRUE,NA,48,384,91645050,1.49335325709913,0.540030950152619,FALSE,FALSE,0,1.54757400988598,0.103171600659065,FALSE,1.5,TRUE,0.647664794956497,-23.3781452641612,47,1e-10,676.169381875585,0.352858600413591,0.375987420257235,0.190554565250875,0.203044843806947,-0.864963823102341,-0.14139824742419,0.991666666666667,0.984375,0.960575802613419,1.02207929568892,0.102415769500492,0.107735333419622,0.0663310883538477,0.069776382628789
"29_pwo_gp_model_specific","db6cb901415724b9f55892557a81f2cbcc3e7f91cf2f712ea45b7b9a2b1eb5a5","b1d5697d50014504fea8964eae8d6ad099291a4087058c07ada854c160fad766",18,6,48,"random_foldover","RandomFoldover","244719d53066961db537d89ebf707030ab1639d84bcee330d4fc5fc0d203a481",0.296999999999997,"mallows_gp","gp_c1","estimated_c",1,0.0666666666666667,TRUE,NA,48,384,91645050,1.49335325709913,0.540030950152619,FALSE,FALSE,0,1.26809088398059,0.0845393922653729,FALSE,1.5,TRUE,0.605234459977269,-9.70315766529336,47,1e-10,6186.60172700597,0.474518586544665,0.485671887664449,0.256254723156793,0.262277850957849,-0.697876476988102,0.00917365893681454,0.923611111111111,0.921875,0.831364308091886,0.889845103457814,0.082714267993842,0.0887002822630409,0.050061525321668,0.0536844674353029
"29_pwo_gp_model_specific","db6cb901415724b9f55892557a81f2cbcc3e7f91cf2f712ea45b7b9a2b1eb5a5","b1d5697d50014504fea8964eae8d6ad099291a4087058c07ada854c160fad766",18,6,48,"FSA_lambda050","FSA_lambda050","244719d53066961db537d89ebf707030ab1639d84bcee330d4fc5fc0d203a481",0.337999999999994,"mallows_gp","gp_c4","estimated_c",4,0.266666666666667,TRUE,NA,48,384,98389323,0.141241454108849,1.0205882447552,FALSE,FALSE,0,3.64214888273073,0.242809925515382,FALSE,4,TRUE,1.14699049922348,-59.4944520390877,47,1e-10,48.9765072890786,0.592728817523484,0.615608751660804,0.604932063492118,0.628283055313439,0.172834453894,0.948768215018715,0.9625,0.958333333333333,2.30757909290386,2.48459544964518,0.327938639437057,0.354411674015658,0.376142503762578,0.406506822909848
"29_pwo_gp_model_specific","db6cb901415724b9f55892557a81f2cbcc3e7f91cf2f712ea45b7b9a2b1eb5a5","b1d5697d50014504fea8964eae8d6ad099291a4087058c07ada854c160fad766",18,6,48,"SA_hamming_foldover","Hamming","244719d53066961db537d89ebf707030ab1639d84bcee330d4fc5fc0d203a481",0.349999999999994,"mallows_gp","gp_c4","estimated_c",4,0.266666666666667,TRUE,NA,48,384,98389323,0.141241454108849,1.0205882447552,FALSE,FALSE,0,3.01179965895481,0.200786643930321,FALSE,3,TRUE,1.34829331632542,-58.4707292293048,47,1e-10,119.197267777026,0.559925682736836,0.591835164540967,0.571453569737745,0.604020011763271,0.137588458035875,0.916895712510369,0.969444444444444,0.955729166666667,2.25558137210633,2.4208265824032,0.268749063244679,0.288562706378718,0.36235256574152,0.389067168351201
"29_pwo_gp_model_specific","db6cb901415724b9f55892557a81f2cbcc3e7f91cf2f712ea45b7b9a2b1eb5a5","b1d5697d50014504fea8964eae8d6ad099291a4087058c07ada854c160fad766",18,6,48,"SA_l2_position_foldover","L2","244719d53066961db537d89ebf707030ab1639d84bcee330d4fc5fc0d203a481",0.282999999999987,"mallows_gp","gp_c4","estimated_c",4,0.266666666666667,TRUE,NA,48,384,98389323,0.141241454108849,1.0205882447552,FALSE,FALSE,0,2.73968359271326,0.182645572847551,FALSE,3,TRUE,1.12677600133083,-52.0931050205094,47,1e-10,123.391875379701,0.644208050094739,0.675430062424617,0.65747116310336,0.689335981864836,0.283435367775853,1.08377705294171,0.888888888888889,0.877604166666667,1.95457863657682,2.08178417704031,0.242284270206031,0.255613924664822,0.27300010116811,0.288019635918307
"29_pwo_gp_model_specific","db6cb901415724b9f55892557a81f2cbcc3e7f91cf2f712ea45b7b9a2b1eb5a5","b1d5697d50014504fea8964eae8d6ad099291a4087058c07ada854c160fad766",18,6,48,"random_foldover","RandomFoldover","244719d53066961db537d89ebf707030ab1639d84bcee330d4fc5fc0d203a481",0.287000000000006,"mallows_gp","gp_c4","estimated_c",4,0.266666666666667,TRUE,NA,48,384,98389323,0.141241454108849,1.0205882447552,FALSE,FALSE,0,2.49076816907563,0.166051211271709,FALSE,3,TRUE,1.76732294112639,-54.844837596074,47,1e-10,793.475747654519,0.653252877065743,0.690977431678974,0.666702207185811,0.705203444162701,0.294452379299743,1.08445570416979,0.9375,0.924479166666667,2.43051186781779,2.6009507785133,0.240233710433562,0.25744478230752,0.424570547681147,0.454988069845369
"29_pwo_gp_model_specific","db6cb901415724b9f55892557a81f2cbcc3e7f91cf2f712ea45b7b9a2b1eb5a5","b1d5697d50014504fea8964eae8d6ad099291a4087058c07ada854c160fad766",18,6,60,"FSA_lambda050","FSA_lambda050","2b55b135ac9eaa8db5cc2ac94c5e420b81ec0e4cb4015a8e805015dbe9f70124",0.417000000000002,"mallows_gp","gp_c1","estimated_c",1,0.0666666666666667,TRUE,NA,60,368,91645050,1.49335325709913,0.540030950152619,FALSE,FALSE,0,1.54547550427449,0.103031700284966,FALSE,1.5,TRUE,0.561829432733094,-23.5929931577137,59,1e-10,828.983025819856,0.379893959164797,0.381465251828896,0.205154495725006,0.206003042395367,-1.04438824467752,-0.185327735161546,0.955555555555556,0.959239130434783,0.737465344891042,0.801091069553185,0.0697512592692588,0.0754292151133354,0.0391883104276666,0.0423783531386277
"29_pwo_gp_model_specific","db6cb901415724b9f55892557a81f2cbcc3e7f91cf2f712ea45b7b9a2b1eb5a5","b1d5697d50014504fea8964eae8d6ad099291a4087058c07ada854c160fad766",18,6,60,"SA_hamming_foldover","Hamming","2b55b135ac9eaa8db5cc2ac94c5e420b81ec0e4cb4015a8e805015dbe9f70124",0.436999999999998,"mallows_gp","gp_c1","estimated_c",1,0.0666666666666667,TRUE,NA,60,368,91645050,1.49335325709913,0.540030950152619,FALSE,FALSE,0,1.31993925494752,0.0879959503298346,FALSE,1.5,TRUE,0.645239146080532,-15.8945798671639,59,1e-10,2778.24627485128,0.362188741676095,0.368146287289124,0.195593130301923,0.198810389319905,-1.09429253667481,-0.23403041594612,0.963888888888889,0.964673913043478,0.743568387810217,0.805290267206643,0.0625070996612544,0.0672697118731838,0.0403320276093985,0.0434050514461366
"29_pwo_gp_model_specific","db6cb901415724b9f55892557a81f2cbcc3e7f91cf2f712ea45b7b9a2b1eb5a5","b1d5697d50014504fea8964eae8d6ad099291a4087058c07ada854c160fad766",18,6,60,"SA_l2_position_foldover","L2","2b55b135ac9eaa8db5cc2ac94c5e420b81ec0e4cb4015a8e805015dbe9f70124",0.448999999999998,"mallows_gp","gp_c1","estimated_c",1,0.0666666666666667,TRUE,NA,60,368,91645050,1.49335325709913,0.540030950152619,FALSE,FALSE,0,1.38463413527852,0.0923089423519012,FALSE,1.5,TRUE,0.656508869017576,-20.5043824056994,59,1e-10,1651.02968086625,0.349207312083405,0.362797205181084,0.188582756544643,0.195921719426656,-1.11228314100537,-0.235674575422061,0.968055555555556,0.964673913043478,0.754333657220042,0.819849307943401,0.0629041285095977,0.0681570258169311,0.0412971182643723,0.0447456919346752
"29_pwo_gp_model_specific","db6cb901415724b9f55892557a81f2cbcc3e7f91cf2f712ea45b7b9a2b1eb5a5","b1d5697d50014504fea8964eae8d6ad099291a4087058c07ada854c160fad766",18,6,60,"random_foldover","RandomFoldover","2b55b135ac9eaa8db5cc2ac94c5e420b81ec0e4cb4015a8e805015dbe9f70124",0.453999999999994,"mallows_gp","gp_c1","estimated_c",1,0.0666666666666667,TRUE,NA,60,368,91645050,1.49335325709913,0.540030950152619,FALSE,FALSE,0,2.02104086712141,0.134736057808094,FALSE,2,TRUE,0.378927479195996,-16.0938198610422,59,1e-10,743.319021165716,0.393133493782206,0.410938515940618,0.212304254184023,0.221919517217719,-1.03009886328178,-0.111639287724544,0.9625,0.959239130434783,0.827735651708922,0.901438192589353,0.13174162391726,0.143355432470173,0.0499205214561544,0.0543213126549744
"29_pwo_gp_model_specific","db6cb901415724b9f55892557a81f2cbcc3e7f91cf2f712ea45b7b9a2b1eb5a5","b1d5697d50014504fea8964eae8d6ad099291a4087058c07ada854c160fad766",18,6,60,"FSA_lambda050","FSA_lambda050","2b55b135ac9eaa8db5cc2ac94c5e420b81ec0e4cb4015a8e805015dbe9f70124",0.469000000000008,"mallows_gp","gp_c4","estimated_c",4,0.266666666666667,TRUE,NA,60,368,98389323,0.141241454108849,1.0205882447552,FALSE,FALSE,0,3.94431391852856,0.262954261235238,FALSE,4,TRUE,1.11999024415978,-74.5299589051434,59,1e-10,50.741747471393,0.60740015878764,0.631713343274485,0.619905461921107,0.644719212200946,0.00766701397700474,0.961052241822673,0.9375,0.932065217391304,2.17443345605699,2.36146558316996,0.303054945427821,0.327546200603704,0.339418582323533,0.36684854918775
"29_pwo_gp_model_specific","db6cb901415724b9f55892557a81f2cbcc3e7f91cf2f712ea45b7b9a2b1eb5a5","b1d5697d50014504fea8964eae8d6ad099291a4087058c07ada854c160fad766",18,6,60,"SA_hamming_foldover","Hamming","2b55b135ac9eaa8db5cc2ac94c5e420b81ec0e4cb4015a8e805015dbe9f70124",0.453000000000003,"mallows_gp","gp_c4","estimated_c",4,0.266666666666667,TRUE,NA,60,368,98389323,0.141241454108849,1.0205882447552,FALSE,FALSE,0,3.07977066908295,0.20531804460553,FALSE,3,TRUE,1.36343962101743,-69.7087485193071,59,1e-10,207.952793789656,0.595101133371341,0.619310146385983,0.607353221159287,0.632060655259156,0.0138404057533092,0.962867755111741,0.934722222222222,0.932065217391304,2.14565571699706,2.32498796576019,0.24483805397665,0.263778913311929,0.333821903524569,0.359646621598407
"29_pwo_gp_model_specific","db6cb901415724b9f55892557a81f2cbcc3e7f91cf2f712ea45b7b9a2b1eb5a5","b1d5697d50014504fea8964eae8d6ad099291a4087058c07ada854c160fad766",18,6,60,"SA_l2_position_foldover","L2","2b55b135ac9eaa8db5cc2ac94c5e420b81ec0e4cb4015a8e805015dbe9f70124",0.480999999999995,"mallows_gp","gp_c4","estimated_c",4,0.266666666666667,TRUE,NA,60,368,98389323,0.141241454108849,1.0205882447552,FALSE,FALSE,0,3.41234563179688,0.227489708786458,FALSE,3,TRUE,1.31856379363945,-73.3643676801152,59,1e-10,106.557599568623,0.608972439596364,0.647283799214546,0.621510113231945,0.660610236498851,0.0375741304807865,1.02115611978028,0.938888888888889,0.921195652173913,2.21088642335236,2.40488266924391,0.267839388754006,0.290630454151677,0.353163320521553,0.38321479417339
"29_pwo_gp_model_specific","db6cb901415724b9f55892557a81f2cbcc3e7f91cf2f712ea45b7b9a2b1eb5a5","b1d5697d50014504fea8964eae8d6ad099291a4087058c07ada854c160fad766",18,6,60,"random_foldover","RandomFoldover","2b55b135ac9eaa8db5cc2ac94c5e420b81ec0e4cb4015a8e805015dbe9f70124",0.415000000000006,"mallows_gp","gp_c4","estimated_c",4,0.266666666666667,TRUE,NA,60,368,98389323,0.141241454108849,1.0205882447552,FALSE,FALSE,0,3.17137502447809,0.211425001631872,FALSE,3,TRUE,1.24940264289055,-66.5900823097601,59,1e-10,192.159741112758,0.596360458045645,0.624806572524441,0.608638473118212,0.637670243164232,-0.0236701600940525,0.930347441448683,0.945833333333333,0.9375,2.11474010472288,2.30337779097576,0.259667100330331,0.282548056552326,0.324428761424442,0.353016288600065
"29_pwo_gp_model_specific","db6cb901415724b9f55892557a81f2cbcc3e7f91cf2f712ea45b7b9a2b1eb5a5","b1d5697d50014504fea8964eae8d6ad099291a4087058c07ada854c160fad766",19,6,48,"FSA_lambda050","FSA_lambda050","fbe6b0316de8cd6eed95cccc3008c34fd22fcfc3f46f869f3f80c46f9f115af2",0.283999999999992,"mallows_gp","gp_c1","estimated_c",1,0.0666666666666667,TRUE,NA,48,400,91645051,-0.484372440837684,0.561169977683543,FALSE,FALSE,0,1.15113107633161,0.0767420717554404,FALSE,1,TRUE,0.4956414209569,-9.8653377738653,47,1e-10,1461.25082239659,0.349595839832789,0.364462471414869,0.196182689637225,0.204525396950371,-0.860238712051858,-0.137198782311385,0.894444444444444,0.89,0.613714219969231,0.662437932628017,0.0538935071802067,0.0585423525203774,0.0267118544791485,0.0290160147893596
"29_pwo_gp_model_specific","db6cb901415724b9f55892557a81f2cbcc3e7f91cf2f712ea45b7b9a2b1eb5a5","b1d5697d50014504fea8964eae8d6ad099291a4087058c07ada854c160fad766",19,6,48,"SA_hamming_foldover","Hamming","fbe6b0316de8cd6eed95cccc3008c34fd22fcfc3f46f869f3f80c46f9f115af2",0.304000000000002,"mallows_gp","gp_c1","estimated_c",1,0.0666666666666667,TRUE,NA,48,400,91645051,-0.484372440837684,0.561169977683543,FALSE,FALSE,0,1.22012817904346,0.0813418786028974,FALSE,1,TRUE,0.695988129742398,-16.8930519629104,47,1e-10,1592.39165917464,0.317623470892421,0.327719880618782,0.178240756072469,0.183906558093295,-0.959273039078356,-0.272372844173228,0.981944444444444,0.9875,0.806440614260903,0.858207586000071,0.0666773359816613,0.0705080501649831,0.0464066343660819,0.0490727659661098
"29_pwo_gp_model_specific","db6cb901415724b9f55892557a81f2cbcc3e7f91cf2f712ea45b7b9a2b1eb5a5","b1d5697d50014504fea8964eae8d6ad099291a4087058c07ada854c160fad766",19,6,48,"SA_l2_position_foldover","L2","fbe6b0316de8cd6eed95cccc3008c34fd22fcfc3f46f869f3f80c46f9f115af2",0.37299999999999,"mallows_gp","gp_c1","estimated_c",1,0.0666666666666667,TRUE,NA,48,400,91645051,-0.484372440837684,0.561169977683543,FALSE,FALSE,0,1.7296722999637,0.115311486664247,FALSE,1.5,TRUE,0.410252674386466,-17.2298175046961,47,1e-10,476.258820221584,0.325193709392497,0.34267421544966,0.182488946642616,0.192298481836611,-0.940671864612988,-0.210446736273143,0.973611111111111,0.965,0.805996227384074,0.854595806225835,0.112950626882254,0.118438514485304,0.0463382967520725,0.0485897173179562
"29_pwo_gp_model_specific","db6cb901415724b9f55892557a81f2cbcc3e7f91cf2f712ea45b7b9a2b1eb5a5","b1d5697d50014504fea8964eae8d6ad099291a4087058c07ada854c160fad766",19,6,48,"random_foldover","RandomFoldover","fbe6b0316de8cd6eed95cccc3008c34fd22fcfc3f46f869f3f80c46f9f115af2",0.329999999999998,"mallows_gp","gp_c1","estimated_c",1,0.0666666666666667,TRUE,NA,48,400,91645051,-0.484372440837684,0.561169977683543,FALSE,FALSE,0,1.18569423319529,0.0790462822130196,FALSE,1,TRUE,0.466278978036079,-2.87473619577422,47,1e-10,2704.67116182495,0.386226548433717,0.388929159328126,0.21673874356534,0.218255367660643,-0.790086423739521,-0.0929740097595947,0.9125,0.9025,0.674676460852509,0.720550239929119,0.0704106214188701,0.0750142726323964,0.032830992598076,0.0349775783811536
"29_pwo_gp_model_specific","db6cb901415724b9f55892557a81f2cbcc3e7f91cf2f712ea45b7b9a2b1eb5a5","b1d5697d50014504fea8964eae8d6ad099291a4087058c07ada854c160fad766",19,6,48,"FSA_lambda050","FSA_lambda050","fbe6b0316de8cd6eed95cccc3008c34fd22fcfc3f46f869f3f80c46f9f115af2",0.340000000000003,"mallows_gp","gp_c4","estimated_c",4,0.266666666666667,TRUE,NA,48,400,98389324,0.314070931157975,0.886629050661849,FALSE,FALSE,0,3.74764477511209,0.249842985007472,FALSE,4,TRUE,0.789058132883197,-51.7073187958063,47,1e-10,43.2968755403844,0.624416623459101,0.653203516118706,0.55362591807502,0.57914921338531,0.100968786695493,0.880801597069607,0.930555555555556,0.9225,1.93843008442533,2.08959870931044,0.33607579163086,0.364186961298764,0.265183336651489,0.287364683702808
"29_pwo_gp_model_specific","db6cb901415724b9f55892557a81f2cbcc3e7f91cf2f712ea45b7b9a2b1eb5a5","b1d5697d50014504fea8964eae8d6ad099291a4087058c07ada854c160fad766",19,6,48,"SA_hamming_foldover","Hamming","fbe6b0316de8cd6eed95cccc3008c34fd22fcfc3f46f869f3f80c46f9f115af2",0.308999999999997,"mallows_gp","gp_c4","estimated_c",4,0.266666666666667,TRUE,NA,48,400,98389324,0.314070931157975,0.886629050661849,FALSE,FALSE,0,3.7248223917211,0.248321492781407,FALSE,4,TRUE,0.966278811938975,-54.4609877433688,47,1e-10,58.3752225655267,0.644058480868447,0.668858275309172,0.571040959463104,0.593029177664692,0.121205779283982,0.89468725032143,0.958333333333333,0.955,2.19711398130937,2.33882351942259,0.353842418405874,0.374537216224562,0.341910431670842,0.3619073763204
"29_pwo_gp_model_specific","db6cb901415724b9f55892557a81f2cbcc3e7f91cf2f712ea45b7b9a2b1eb5a5","b1d5697d50014504fea8964eae8d6ad099291a4087058c07ada854c160fad766",19,6,48,"SA_l2_position_foldover","L2","fbe6b0316de8cd6eed95cccc3008c34fd22fcfc3f46f869f3f80c46f9f115af2",0.327000000000012,"mallows_gp","gp_c4","estimated_c",4,0.266666666666667,TRUE,NA,48,400,98389324,0.314070931157975,0.886629050661849,FALSE,FALSE,0,4.60172454591923,0.306781636394616,FALSE,4,TRUE,0.659066828541936,-50.5072913406527,47,1e-10,25.4988082657093,0.711354934859498,0.721297849961259,0.630707950578098,0.639523627955584,0.22467115256595,0.986088140210472,0.906944444444444,0.905,2.00613965168146,2.13445151607992,0.431769722011688,0.456109048332301,0.284565101346677,0.30060634395365
"29_pwo_gp_model_specific","db6cb901415724b9f55892557a81f2cbcc3e7f91cf2f712ea45b7b9a2b1eb5a5","b1d5697d50014504fea8964eae8d6ad099291a4087058c07ada854c160fad766",19,6,48,"random_foldover","RandomFoldover","fbe6b0316de8cd6eed95cccc3008c34fd22fcfc3f46f869f3f80c46f9f115af2",0.298999999999992,"mallows_gp","gp_c4","estimated_c",4,0.266666666666667,TRUE,NA,48,400,98389324,0.314070931157975,0.886629050661849,FALSE,FALSE,0,4.56755020767338,0.304503347178225,FALSE,4,TRUE,0.920402159167182,-53.8839800100931,47,1e-10,53.2706810282666,0.672453877143768,0.692289058974696,0.596217142705858,0.613803591142319,0.157020180618303,0.928053286852207,0.969444444444444,0.9675,2.4881385803689,2.65688315083615,0.477495720312581,0.508511540219867,0.439488091968789,0.468035119579795
"29_pwo_gp_model_specific","db6cb901415724b9f55892557a81f2cbcc3e7f91cf2f712ea45b7b9a2b1eb5a5","b1d5697d50014504fea8964eae8d6ad099291a4087058c07ada854c160fad766",19,6,60,"FSA_lambda050","FSA_lambda050","ed19b6a47b2bebd4ae78bda538cdc5d046fb04412c304a2f48967932635f36b9",0.469999999999999,"mallows_gp","gp_c1","estimated_c",1,0.0666666666666667,TRUE,NA,60,368,91645051,-0.484372440837684,0.561169977683543,FALSE,FALSE,0,1.29143410966236,0.0860956073108238,FALSE,1.5,TRUE,0.475350074579012,-10.898108771028,59,1e-10,1368.78909422623,0.307830117281444,0.317605527340783,0.17274502004515,0.178230686689997,-1.1819936962181,-0.319859274345144,0.923611111111111,0.926630434782609,0.580816225515915,0.635187628626415,0.051253105729981,0.0561968521441597,0.0243631676311524,0.026713177857832
"29_pwo_gp_model_specific","db6cb901415724b9f55892557a81f2cbcc3e7f91cf2f712ea45b7b9a2b1eb5a5","b1d5697d50014504fea8964eae8d6ad099291a4087058c07ada854c160fad766",19,6,60,"SA_hamming_foldover","Hamming","ed19b6a47b2bebd4ae78bda538cdc5d046fb04412c304a2f48967932635f36b9",0.447000000000003,"mallows_gp","gp_c1","estimated_c",1,0.0666666666666667,TRUE,NA,60,368,91645051,-0.484372440837684,0.561169977683543,FALSE,FALSE,0,1.38092230228696,0.0920614868191307,FALSE,1.5,TRUE,0.464757181516719,-7.06074054570002,59,1e-10,2236.65627811668,0.341921532320933,0.35396291704837,0.191876098662061,0.198633362260836,-1.10083257511158,-0.212767883736402,0.931944444444444,0.926630434782609,0.661248144308202,0.717904653601906,0.0686096679268847,0.0741900676172482,0.0318868358904969,0.0344803667223271
"29_pwo_gp_model_specific","db6cb901415724b9f55892557a81f2cbcc3e7f91cf2f712ea45b7b9a2b1eb5a5","b1d5697d50014504fea8964eae8d6ad099291a4087058c07ada854c160fad766",19,6,60,"SA_l2_position_foldover","L2","ed19b6a47b2bebd4ae78bda538cdc5d046fb04412c304a2f48967932635f36b9",0.442999999999998,"mallows_gp","gp_c1","estimated_c",1,0.0666666666666667,TRUE,NA,60,368,91645051,-0.484372440837684,0.561169977683543,FALSE,FALSE,0,1.03155116742036,0.068770077828024,FALSE,1,TRUE,0.703523434093997,-8.85610694584516,59,1e-10,3637.90470024046,0.309215951291116,0.326622860776941,0.173522708485431,0.183290943493131,-1.17215800445538,-0.286299593937292,0.931944444444444,0.921195652173913,0.602450554652742,0.65037762224084,0.0378334942943767,0.0403857604666816,0.0266167498297556,0.0284123288920174
"29_pwo_gp_model_specific","db6cb901415724b9f55892557a81f2cbcc3e7f91cf2f712ea45b7b9a2b1eb5a5","b1d5697d50014504fea8964eae8d6ad099291a4087058c07ada854c160fad766",19,6,60,"random_foldover","RandomFoldover","ed19b6a47b2bebd4ae78bda538cdc5d046fb04412c304a2f48967932635f36b9",0.456000000000003,"mallows_gp","gp_c1","estimated_c",1,0.0666666666666667,TRUE,NA,60,368,91645051,-0.484372440837684,0.561169977683543,FALSE,FALSE,0,0.964294504885309,0.0642863003256872,FALSE,1,TRUE,0.621306392419709,0.647042579715829,59,1e-10,6984.92065233852,0.352975930724959,0.356353663784165,0.198079495167753,0.199974977553208,-0.948508947594403,-0.121145024876106,0.865277777777778,0.875,0.544568298442877,0.59265091331686,0.0349314772936727,0.0379205493733324,0.0217031501392228,0.0235602797297186
"29_pwo_gp_model_specific","db6cb901415724b9f55892557a81f2cbcc3e7f91cf2f712ea45b7b9a2b1eb5a5","b1d5697d50014504fea8964eae8d6ad099291a4087058c07ada854c160fad766",19,6,60,"FSA_lambda050","FSA_lambda050","ed19b6a47b2bebd4ae78bda538cdc5d046fb04412c304a2f48967932635f36b9",0.430999999999997,"mallows_gp","gp_c4","estimated_c",4,0.266666666666667,TRUE,NA,60,368,98389324,0.314070931157975,0.886629050661849,FALSE,FALSE,0,3.40497277600206,0.226998185066804,FALSE,3,TRUE,0.952027817968108,-65.7912104700019,59,1e-10,73.9793565555459,0.61538991582846,0.666312628121956,0.545622576857863,0.590772132915771,-0.0970844538647532,0.915275989418384,0.913888888888889,0.880434782608696,1.82611436078644,1.99793090620889,0.252021471432007,0.276546302858076,0.239931451528526,0.263279773277122
"29_pwo_gp_model_specific","db6cb901415724b9f55892557a81f2cbcc3e7f91cf2f712ea45b7b9a2b1eb5a5","b1d5697d50014504fea8964eae8d6ad099291a4087058c07ada854c160fad766",19,6,60,"SA_hamming_foldover","Hamming","ed19b6a47b2bebd4ae78bda538cdc5d046fb04412c304a2f48967932635f36b9",0.382000000000005,"mallows_gp","gp_c4","estimated_c",4,0.266666666666667,TRUE,NA,60,368,98389324,0.314070931157975,0.886629050661849,FALSE,FALSE,0,3.7055203630839,0.24703469087226,FALSE,4,TRUE,0.835644709155106,-59.5692787948901,59,1e-10,117.287569417573,0.586624637062187,0.624127744443905,0.520118445053298,0.553369789548021,-0.153865571552997,0.819117295410877,0.95,0.934782608695652,1.91343130271182,2.07817226962081,0.317047450757855,0.343156279202227,0.264939024776916,0.286756729128693
"29_pwo_gp_model_specific","db6cb901415724b9f55892557a81f2cbcc3e7f91cf2f712ea45b7b9a2b1eb5a5","b1d5697d50014504fea8964eae8d6ad099291a4087058c07ada854c160fad766",19,6,60,"SA_l2_position_foldover","L2","ed19b6a47b2bebd4ae78bda538cdc5d046fb04412c304a2f48967932635f36b9",0.444999999999993,"mallows_gp","gp_c4","estimated_c",4,0.266666666666667,TRUE,NA,60,368,98389324,0.314070931157975,0.886629050661849,FALSE,FALSE,0,5.2797018822796,0.351980125485306,FALSE,6,TRUE,0.655051119029141,-62.7081159958702,59,1e-10,27.555129910298,0.635921777092061,0.680128106725843,0.56382672151833,0.603021337594775,-0.109354984168997,0.895074523603462,0.952777777777778,0.932065217391304,2.0368469836729,2.20752892571985,0.456954791796297,0.491735187344834,0.299328747711892,0.322111684736238
"29_pwo_gp_model_specific","db6cb901415724b9f55892557a81f2cbcc3e7f91cf2f712ea45b7b9a2b1eb5a5","b1d5697d50014504fea8964eae8d6ad099291a4087058c07ada854c160fad766",19,6,60,"random_foldover","RandomFoldover","ed19b6a47b2bebd4ae78bda538cdc5d046fb04412c304a2f48967932635f36b9",0.436000000000007,"mallows_gp","gp_c4","estimated_c",4,0.266666666666667,TRUE,NA,60,368,98389324,0.314070931157975,0.886629050661849,FALSE,FALSE,0,4.0628868661484,0.270859124409894,FALSE,4,TRUE,0.669329940727211,-55.0287706624986,59,1e-10,93.5027616985256,0.682040375368249,0.737760311580578,0.604716810525801,0.654119724672677,0.0406907582511819,1.07979823436289,0.897222222222222,0.896739130434783,1.81288997069858,1.97779249527967,0.355321683551268,0.387622964612464,0.237827441390463,0.259447655928567
"29_pwo_gp_model_specific","db6cb901415724b9f55892557a81f2cbcc3e7f91cf2f712ea45b7b9a2b1eb5a5","b1d5697d50014504fea8964eae8d6ad099291a4087058c07ada854c160fad766",20,6,48,"FSA_lambda050","FSA_lambda050","e54cb83bc28d93ecaef6c5c5ba74b564d42e4c17bcb05dd87f25bbc6018455e8",0.356999999999999,"mallows_gp","gp_c1","estimated_c",1,0.0666666666666667,TRUE,NA,48,394,91645173,-0.572766226300615,0.509786401720202,FALSE,FALSE,0,1.11110861079139,0.0740739073860927,FALSE,1,TRUE,0.760510640522009,-19.4164540075185,47,1e-10,1567.64138658783,0.430908903028073,0.451743382021275,0.219671499143881,0.230292633221541,-0.764561716005909,-0.0452648198168713,0.916666666666667,0.898477157360406,0.721512700207819,0.768939851644821,0.048463746511009,0.0514556176445567,0.0368571949011838,0.0391325447333174
"29_pwo_gp_model_specific","db6cb901415724b9f55892557a81f2cbcc3e7f91cf2f712ea45b7b9a2b1eb5a5","b1d5697d50014504fea8964eae8d6ad099291a4087058c07ada854c160fad766",20,6,48,"SA_hamming_foldover","Hamming","e54cb83bc28d93ecaef6c5c5ba74b564d42e4c17bcb05dd87f25bbc6018455e8",0.362000000000009,"mallows_gp","gp_c1","estimated_c",1,0.0666666666666667,TRUE,NA,48,394,91645173,-0.572766226300615,0.509786401720202,FALSE,FALSE,0,1.67830171213077,0.111886780808718,FALSE,1.5,TRUE,0.429043359918713,-13.8544543845489,47,1e-10,979.30510756185,0.446702906033409,0.471713004434838,0.227723067104729,0.240472875175462,-0.774557408409541,-0.0249667679538242,0.954166666666667,0.949238578680203,0.849090168735569,0.904061242012341,0.12049447952144,0.12776183272201,0.0516973563455349,0.0548153659804238
"29_pwo_gp_model_specific","db6cb901415724b9f55892557a81f2cbcc3e7f91cf2f712ea45b7b9a2b1eb5a5","b1d5697d50014504fea8964eae8d6ad099291a4087058c07ada854c160fad766",20,6,48,"SA_l2_position_foldover","L2","e54cb83bc28d93ecaef6c5c5ba74b564d42e4c17bcb05dd87f25bbc6018455e8",0.338999999999999,"mallows_gp","gp_c1","estimated_c",1,0.0666666666666667,TRUE,NA,48,394,91645173,-0.572766226300615,0.509786401720202,FALSE,FALSE,0,1.69988227512284,0.11332548500819,FALSE,1.5,TRUE,0.506729783049638,-21.1719224344644,47,1e-10,460.107771368906,0.456191073120779,0.474907852897837,0.232560005663119,0.242101565477455,-0.761508805002014,-0.0198343211358043,0.959722222222222,0.961928934010152,0.904916743534898,0.96532939270236,0.115454131722573,0.122573772560925,0.0585040471199636,0.0621117811773731
"29_pwo_gp_model_specific","db6cb901415724b9f55892557a81f2cbcc3e7f91cf2f712ea45b7b9a2b1eb5a5","b1d5697d50014504fea8964eae8d6ad099291a4087058c07ada854c160fad766",20,6,48,"random_foldover","RandomFoldover","e54cb83bc28d93ecaef6c5c5ba74b564d42e4c17bcb05dd87f25bbc6018455e8",0.338999999999999,"mallows_gp","gp_c1","estimated_c",1,0.0666666666666667,TRUE,NA,48,394,91645173,-0.572766226300615,0.509786401720202,FALSE,FALSE,0,1.18898562187785,0.0792657081251901,FALSE,1,TRUE,0.472220666516266,-1.38779482316036,47,1e-10,2753.96900800513,0.527664658733537,0.549659533598142,0.268996267690688,0.280208955804201,-0.486382214989313,0.277924481808688,0.840277777777778,0.82994923857868,0.689583208765416,0.737553517583517,0.0730994492655102,0.0779895425941153,0.0345190706541312,0.0368282737850919
"29_pwo_gp_model_specific","db6cb901415724b9f55892557a81f2cbcc3e7f91cf2f712ea45b7b9a2b1eb5a5","b1d5697d50014504fea8964eae8d6ad099291a4087058c07ada854c160fad766",20,6,48,"FSA_lambda050","FSA_lambda050","e54cb83bc28d93ecaef6c5c5ba74b564d42e4c17bcb05dd87f25bbc6018455e8",-2.208,"mallows_gp","gp_c4","estimated_c",4,0.266666666666667,TRUE,NA,48,394,98389446,0.365291376979532,0.841205254496293,FALSE,FALSE,0,2.34725020235763,0.156483346823842,FALSE,2,TRUE,1.0393794120481,-48.5932450019986,47,1e-10,165.85036052956,0.847567620109257,0.89503283290951,0.712978335576825,0.752906321990183,0.62029745120417,1.46178374693932,0.783333333333333,0.753807106598985,1.59180688850922,1.69693027803477,0.1722477809523,0.182916903513621,0.179030797292792,0.190120063627647
"29_pwo_gp_model_specific","db6cb901415724b9f55892557a81f2cbcc3e7f91cf2f712ea45b7b9a2b1eb5a5","b1d5697d50014504fea8964eae8d6ad099291a4087058c07ada854c160fad766",20,6,48,"SA_hamming_foldover","Hamming","e54cb83bc28d93ecaef6c5c5ba74b564d42e4c17bcb05dd87f25bbc6018455e8",0.341000000000008,"mallows_gp","gp_c4","estimated_c",4,0.266666666666667,TRUE,NA,48,394,98389446,0.365291376979532,0.841205254496293,FALSE,FALSE,0,7.91398895653966,0.527599263769311,FALSE,8,TRUE,0.489945234239034,-47.9249696629425,47,1e-10,11.447834844045,0.81206130011919,0.874540446296095,0.683110232633354,0.735668018693808,0.272667204531522,1.12109808823441,0.922222222222222,0.913705583756345,2.21504822583627,2.35985304416665,0.70423101965215,0.74686283436402,0.345034631881866,0.365921886326908
"29_pwo_gp_model_specific","db6cb901415724b9f55892557a81f2cbcc3e7f91cf2f712ea45b7b9a2b1eb5a5","b1d5697d50014504fea8964eae8d6ad099291a4087058c07ada854c160fad766",20,6,48,"SA_l2_position_foldover","L2","e54cb83bc28d93ecaef6c5c5ba74b564d42e4c17bcb05dd87f25bbc6018455e8",0.338000000000008,"mallows_gp","gp_c4","estimated_c",4,0.266666666666667,TRUE,NA,48,394,98389446,0.365291376979532,0.841205254496293,FALSE,FALSE,0,5.99074289949384,0.399382859966256,FALSE,6,TRUE,0.903235125702566,-61.3778979466631,47,1e-10,11.5359166827857,0.730330009457826,0.797268076066119,0.614357441472251,0.67066609482897,0.201918940377752,1.01585485135015,0.981944444444444,0.972081218274112,2.66607744931166,2.85294929442049,0.554757034365885,0.592754044212038,0.501076039669853,0.535396273634565
"29_pwo_gp_model_specific","db6cb901415724b9f55892557a81f2cbcc3e7f91cf2f712ea45b7b9a2b1eb5a5","b1d5697d50014504fea8964eae8d6ad099291a4087058c07ada854c160fad766",20,6,48,"random_foldover","RandomFoldover","e54cb83bc28d93ecaef6c5c5ba74b564d42e4c17bcb05dd87f25bbc6018455e8",0.328999999999994,"mallows_gp","gp_c4","estimated_c",4,0.266666666666667,TRUE,NA,48,394,98389446,0.365291376979532,0.841205254496293,FALSE,FALSE,0,9.53934398113589,0.635956265409059,FALSE,8,TRUE,0.45732437873597,-45.6692372437968,47,1e-10,8.60092837304071,0.892032300533085,0.960800046931136,0.750382258388848,0.808230047998756,0.386627522931476,1.26002633957755,0.904166666666667,0.883248730964467,2.28130816702628,2.44324511703865,0.798284522789252,0.854634790429742,0.365074973439135,0.390845324579428
"29_pwo_gp_model_specific","db6cb901415724b9f55892557a81f2cbcc3e7f91cf2f712ea45b7b9a2b1eb5a5","b1d5697d50014504fea8964eae8d6ad099291a4087058c07ada854c160fad766",20,6,60,"FSA_lambda050","FSA_lambda050","f0b1716c3afd971d910c1d5dcaf0aa321ddaa6926f799671d3c1cfa9884298a0",0.456999999999994,"mallows_gp","gp_c1","estimated_c",1,0.0666666666666667,TRUE,NA,60,390,91645173,-0.572766226300615,0.509786401720202,FALSE,FALSE,0,1.13489700289306,0.0756598001928705,FALSE,1,TRUE,0.585264712948578,-11.1731511094148,59,1e-10,2125.2713233427,0.41121942252589,0.429840196663989,0.209634069726933,0.219126687172039,-0.90804205108798,-0.00317312857107003,0.863888888888889,0.861538461538462,0.5727744981465,0.625669788886661,0.0404533516499996,0.0441187323133899,0.0236759192412449,0.0258211372030513
"29_pwo_gp_model_specific","db6cb901415724b9f55892557a81f2cbcc3e7f91cf2f712ea45b7b9a2b1eb5a5","b1d5697d50014504fea8964eae8d6ad099291a4087058c07ada854c160fad766",20,6,60,"SA_hamming_foldover","Hamming","f0b1716c3afd971d910c1d5dcaf0aa321ddaa6926f799671d3c1cfa9884298a0",0.474000000000004,"mallows_gp","gp_c1","estimated_c",1,0.0666666666666667,TRUE,NA,60,390,91645173,-0.572766226300615,0.509786401720202,FALSE,FALSE,0,1.09976505492134,0.0733176703280895,FALSE,1,TRUE,0.738778787468971,-12.5875155584817,59,1e-10,3871.09674980059,0.488894563870162,0.495980435518494,0.249231800535937,0.252844081546592,-0.835008493493353,0.023542845317558,0.876388888888889,0.879487179487179,0.672527543868062,0.727247533970476,0.045081933099772,0.0484192268963922,0.0333055758722068,0.0357710977367016
"29_pwo_gp_model_specific","db6cb901415724b9f55892557a81f2cbcc3e7f91cf2f712ea45b7b9a2b1eb5a5","b1d5697d50014504fea8964eae8d6ad099291a4087058c07ada854c160fad766",20,6,60,"SA_l2_position_foldover","L2","f0b1716c3afd971d910c1d5dcaf0aa321ddaa6926f799671d3c1cfa9884298a0",0.472000000000008,"mallows_gp","gp_c1","estimated_c",1,0.0666666666666667,TRUE,NA,60,390,91645173,-0.572766226300615,0.509786401720202,FALSE,FALSE,0,1.50879704220379,0.100586469480253,FALSE,1.5,TRUE,0.486787312945418,-15.4125501266542,59,1e-10,1042.18356331291,0.412091571720686,0.434837595936337,0.210078679526711,0.221674293365049,-1.0041902102033,-0.0899552343561202,0.920833333333333,0.91025641025641,0.710261823953354,0.76998846619898,0.0755459151626996,0.0815893864389249,0.0367747930460531,0.0397166781894696
"29_pwo_gp_model_specific","db6cb901415724b9f55892557a81f2cbcc3e7f91cf2f712ea45b7b9a2b1eb5a5","b1d5697d50014504fea8964eae8d6ad099291a4087058c07ada854c160fad766",20,6,60,"random_foldover","RandomFoldover","f0b1716c3afd971d910c1d5dcaf0aa321ddaa6926f799671d3c1cfa9884298a0",0.47399999999999,"mallows_gp","gp_c1","estimated_c",1,0.0666666666666667,TRUE,NA,60,390,91645173,-0.572766226300615,0.509786401720202,FALSE,FALSE,0,1.29821787753903,0.0865478585026019,FALSE,1.5,TRUE,0.577881631100013,-10.3651378385484,59,1e-10,4007.76407770729,0.388415088112756,0.390126427376837,0.198008730142837,0.198881147628396,-1.07216441744022,-0.220652118241817,0.951388888888889,0.943589743589744,0.709310844548418,0.767020391362013,0.0637897689491008,0.0683490516576201,0.0368629357277993,0.0394976614560445
"29_pwo_gp_model_specific","db6cb901415724b9f55892557a81f2cbcc3e7f91cf2f712ea45b7b9a2b1eb5a5","b1d5697d50014504fea8964eae8d6ad099291a4087058c07ada854c160fad766",20,6,60,"FSA_lambda050","FSA_lambda050","f0b1716c3afd971d910c1d5dcaf0aa321ddaa6926f799671d3c1cfa9884298a0",0.445000000000007,"mallows_gp","gp_c4","estimated_c",4,0.266666666666667,TRUE,NA,60,390,98389446,0.365291376979532,0.841205254496293,FALSE,FALSE,0,4.4185788100269,0.29457192066846,FALSE,4,TRUE,0.81566782055323,-67.3875136196842,59,1e-10,35.7358941988442,0.684765801746607,0.680082626135936,0.576028590528613,0.572089078597187,-0.0626987791055291,0.857442190377568,0.945833333333333,0.956410256410256,2.00534647609358,2.19659898200412,0.353934648126654,0.388571188379054,0.288693103055742,0.316945014354921
"29_pwo_gp_model_specific","db6cb901415724b9f55892557a81f2cbcc3e7f91cf2f712ea45b7b9a2b1eb5a5","b1d5697d50014504fea8964eae8d6ad099291a4087058c07ada854c160fad766",20,6,60,"SA_hamming_foldover","Hamming","f0b1716c3afd971d910c1d5dcaf0aa321ddaa6926f799671d3c1cfa9884298a0",0.420000000000002,"mallows_gp","gp_c4","estimated_c",4,0.266666666666667,TRUE,NA,60,390,98389446,0.365291376979532,0.841205254496293,FALSE,FALSE,0,3.95751957237755,0.263834638158504,FALSE,4,TRUE,1.08558213176884,-70.7163325392015,59,1e-10,84.0057851968358,0.708709969237127,0.712738160280688,0.596170550036178,0.599559085508136,-0.0397136195671944,0.880903337549918,0.969444444444444,0.969230769230769,2.25022481981669,2.44458928289531,0.338509805676663,0.366493596501425,0.367480196471127,0.397858899769646
"29_pwo_gp_model_specific","db6cb901415724b9f55892557a81f2cbcc3e7f91cf2f712ea45b7b9a2b1eb5a5","b1d5697d50014504fea8964eae8d6ad099291a4087058c07ada854c160fad766",20,6,60,"SA_l2_position_foldover","L2","f0b1716c3afd971d910c1d5dcaf0aa321ddaa6926f799671d3c1cfa9884298a0",0.450000000000003,"mallows_gp","gp_c4","estimated_c",4,0.266666666666667,TRUE,NA,60,390,98389446,0.365291376979532,0.841205254496293,FALSE,FALSE,0,8.55372447702713,0.570248298468475,FALSE,8,TRUE,0.730383286428626,-73.1592476836953,59,1e-10,5.79794318542121,0.728911932509226,0.726534886846438,0.613164547691808,0.611164964390093,-0.00564019437382184,0.940784155568817,0.979166666666667,0.976923076923077,2.61428686888214,2.83973959924858,0.669230705492936,0.724387697968185,0.488794922056878,0.52908066749047
"29_pwo_gp_model_specific","db6cb901415724b9f55892557a81f2cbcc3e7f91cf2f712ea45b7b9a2b1eb5a5","b1d5697d50014504fea8964eae8d6ad099291a4087058c07ada854c160fad766",20,6,60,"random_foldover","RandomFoldover","f0b1716c3afd971d910c1d5dcaf0aa321ddaa6926f799671d3c1cfa9884298a0",0.474000000000004,"mallows_gp","gp_c4","estimated_c",4,0.266666666666667,TRUE,NA,60,390,98389446,0.365291376979532,0.841205254496293,FALSE,FALSE,0,3.83031187887452,0.255354125258301,FALSE,4,TRUE,1.29259959510699,-73.0832512210716,59,1e-10,143.466882944639,0.624607807977579,0.633095259973453,0.525423370070151,0.532563059286366,-0.0982601568787903,0.824717897395362,0.983333333333333,0.987179487179487,2.44978815064496,2.65295073787764,0.336668506638684,0.361849220530341,0.435177575366437,0.467726155947297
"29_pwo_gp_model_specific","db6cb901415724b9f55892557a81f2cbcc3e7f91cf2f712ea45b7b9a2b1eb5a5","b1d5697d50014504fea8964eae8d6ad099291a4087058c07ada854c160fad766",21,6,48,"FSA_lambda050","FSA_lambda050","5fc963dcc0dcb914d504c06eb68cf78be4dd34b3c2aa1db106fd7e81c1b3481a",0.358000000000004,"mallows_gp","gp_c1","estimated_c",1,0.0666666666666667,TRUE,NA,48,370,91645174,-0.442539945431314,0.603881155846773,FALSE,FALSE,0,1.20319764704924,0.0802131764699493,FALSE,1,TRUE,0.748462699348913,-21.6252775077545,47,1e-10,1235.54607056189,0.357188237247207,0.365592258803312,0.215699245563715,0.220774275814777,-0.807092351950932,-0.0955127159434612,0.941666666666667,0.932432432432432,0.766899288376703,0.818075739269626,0.0555387090023452,0.0589010011347286,0.0415686520582491,0.0440852023036523
"29_pwo_gp_model_specific","db6cb901415724b9f55892557a81f2cbcc3e7f91cf2f712ea45b7b9a2b1eb5a5","b1d5697d50014504fea8964eae8d6ad099291a4087058c07ada854c160fad766",21,6,48,"SA_hamming_foldover","Hamming","5fc963dcc0dcb914d504c06eb68cf78be4dd34b3c2aa1db106fd7e81c1b3481a",0.341000000000008,"mallows_gp","gp_c1","estimated_c",1,0.0666666666666667,TRUE,NA,48,370,91645174,-0.442539945431314,0.603881155846773,FALSE,FALSE,0,1.49259469683991,0.0995063131226608,FALSE,1.5,TRUE,0.807379437026318,-26.7539226138554,47,1e-10,862.975800586898,0.299887111329245,0.306031279905102,0.181096175413054,0.18480652303436,-0.849462498045795,-0.150925395383293,0.998611111111111,1,1.0271237519239,1.10029413982819,0.0933156628866695,0.0997633816797952,0.075341147367177,0.0805469029364748
"29_pwo_gp_model_specific","db6cb901415724b9f55892557a81f2cbcc3e7f91cf2f712ea45b7b9a2b1eb5a5","b1d5697d50014504fea8964eae8d6ad099291a4087058c07ada854c160fad766",21,6,48,"SA_l2_position_foldover","L2","5fc963dcc0dcb914d504c06eb68cf78be4dd34b3c2aa1db106fd7e81c1b3481a",0.325999999999993,"mallows_gp","gp_c1","estimated_c",1,0.0666666666666667,TRUE,NA,48,370,91645174,-0.442539945431314,0.603881155846773,FALSE,FALSE,0,1.83176934631082,0.122117956420721,FALSE,2,TRUE,0.493336433246651,-23.1766330206741,47,1e-10,350.412552013471,0.398800564488135,0.415712635337751,0.24082814583544,0.251041026727869,-0.717266375642951,0.0302792349218497,0.955555555555556,0.948648648648649,0.937000071175082,1.00002889543346,0.127032402999123,0.135149139409005,0.0626697126023385,0.066673994392393
"29_pwo_gp_model_specific","db6cb901415724b9f55892557a81f2cbcc3e7f91cf2f712ea45b7b9a2b1eb5a5","b1d5697d50014504fea8964eae8d6ad099291a4087058c07ada854c160fad766",21,6,48,"random_foldover","RandomFoldover","5fc963dcc0dcb914d504c06eb68cf78be4dd34b3c2aa1db106fd7e81c1b3481a",0.317999999999998,"mallows_gp","gp_c1","estimated_c",1,0.0666666666666667,TRUE,NA,48,370,91645174,-0.442539945431314,0.603881155846773,FALSE,FALSE,0,1.22041314415605,0.08136087627707,FALSE,1,TRUE,0.838634330188825,-19.4143643759736,47,1e-10,1979.49328024201,0.338366734660407,0.352686677625555,0.204333294826825,0.212980838536279,-0.825404845113959,-0.126036760033044,0.976388888888889,0.97027027027027,0.892318081205239,0.953184759640787,0.0678267195861047,0.0722157119515518,0.0568818155489982,0.0605625752215987
"29_pwo_gp_model_specific","db6cb901415724b9f55892557a81f2cbcc3e7f91cf2f712ea45b7b9a2b1eb5a5","b1d5697d50014504fea8964eae8d6ad099291a4087058c07ada854c160fad766",21,6,48,"FSA_lambda050","FSA_lambda050","5fc963dcc0dcb914d504c06eb68cf78be4dd34b3c2aa1db106fd7e81c1b3481a",0.35499999999999,"mallows_gp","gp_c4","estimated_c",4,0.266666666666667,TRUE,NA,48,370,98389447,0.0936461027823621,0.977531010558063,FALSE,FALSE,0,3.60291863957857,0.240194575971904,FALSE,4,TRUE,1.18319627467118,-60.942049264595,47,1e-10,45.6850236361532,0.657897810648008,0.696869771567588,0.643115511686684,0.681211812027831,0.23524827075513,1.02137569184529,0.944444444444444,0.935135135135135,2.28668131440816,2.44259336718207,0.311259041051791,0.331183897090998,0.368280537830204,0.391855553269152
"29_pwo_gp_model_specific","db6cb901415724b9f55892557a81f2cbcc3e7f91cf2f712ea45b7b9a2b1eb5a5","b1d5697d50014504fea8964eae8d6ad099291a4087058c07ada854c160fad766",21,6,48,"SA_hamming_foldover","Hamming","5fc963dcc0dcb914d504c06eb68cf78be4dd34b3c2aa1db106fd7e81c1b3481a",0.344999999999999,"mallows_gp","gp_c4","estimated_c",4,0.266666666666667,TRUE,NA,48,370,98389447,0.0936461027823621,0.977531010558063,FALSE,FALSE,0,5.45590673059517,0.363727115373012,FALSE,6,TRUE,0.835019121866856,-57.2008054942448,47,1e-10,20.6273418167731,0.732064682491022,0.759918259077391,0.715615928869316,0.742843663737446,0.308397734251167,1.09975675990142,0.938888888888889,0.92972972972973,2.4952825564444,2.67116621022747,0.526718495244946,0.562781270444374,0.439820015370467,0.469933122249575
"29_pwo_gp_model_specific","db6cb901415724b9f55892557a81f2cbcc3e7f91cf2f712ea45b7b9a2b1eb5a5","b1d5697d50014504fea8964eae8d6ad099291a4087058c07ada854c160fad766",21,6,48,"SA_l2_position_foldover","L2","5fc963dcc0dcb914d504c06eb68cf78be4dd34b3c2aa1db106fd7e81c1b3481a",0.323999999999998,"mallows_gp","gp_c4","estimated_c",4,0.266666666666667,TRUE,NA,48,370,98389447,0.0936461027823621,0.977531010558063,FALSE,FALSE,0,4.87349558653732,0.324899705769155,FALSE,4,TRUE,1.25375956995154,-66.6307330663311,47,1e-10,19.6940712099257,0.658360439399232,0.704166995308252,0.643567745637381,0.68834507452531,0.256989028157958,1.04752069758993,0.984722222222222,0.978378378378378,2.84734388071315,3.03822645147618,0.456813581585602,0.485673513806251,0.572734399596785,0.608917815806577
"29_pwo_gp_model_specific","db6cb901415724b9f55892557a81f2cbcc3e7f91cf2f712ea45b7b9a2b1eb5a5","b1d5697d50014504fea8964eae8d6ad099291a4087058c07ada854c160fad766",21,6,48,"random_foldover","RandomFoldover","5fc963dcc0dcb914d504c06eb68cf78be4dd34b3c2aa1db106fd7e81c1b3481a",0.340000000000003,"mallows_gp","gp_c4","estimated_c",4,0.266666666666667,TRUE,NA,48,370,98389447,0.0936461027823621,0.977531010558063,FALSE,FALSE,0,5.74091460667013,0.382727640444675,FALSE,6,TRUE,0.960156818071256,-59.6073127975929,47,1e-10,21.9176779372818,0.721747355325947,0.750481859782006,0.705530421619383,0.733619290798199,0.311500885447737,1.09489150462376,0.970833333333333,0.967567567567568,2.76434990043433,2.96152203871032,0.561091061174298,0.600881094837195,0.538735407945339,0.576940080058054
"29_pwo_gp_model_specific","db6cb901415724b9f55892557a81f2cbcc3e7f91cf2f712ea45b7b9a2b1eb5a5","b1d5697d50014504fea8964eae8d6ad099291a4087058c07ada854c160fad766",21,6,60,"FSA_lambda050","FSA_lambda050","fb05f85c68186a612086e4e12544ca88469132a9790913aaf6df522ffc49ea0b",0.445999999999998,"mallows_gp","gp_c1","estimated_c",1,0.0666666666666667,TRUE,NA,60,358,91645174,-0.442539945431314,0.603881155846773,FALSE,FALSE,0,1.28935122455492,0.0859567483036612,FALSE,1.5,TRUE,0.713666458484551,-22.1378862744832,59,1e-10,1622.96545503262,0.302417403017163,0.331149876682141,0.182624170882184,0.199975170289328,-1.11719662421008,-0.201098688470041,0.952777777777778,0.941340782122905,0.715203185103938,0.776254629208366,0.0517555596766476,0.0559530989325381,0.0369362069813189,0.0399318499564202
"29_pwo_gp_model_specific","db6cb901415724b9f55892557a81f2cbcc3e7f91cf2f712ea45b7b9a2b1eb5a5","b1d5697d50014504fea8964eae8d6ad099291a4087058c07ada854c160fad766",21,6,60,"SA_hamming_foldover","Hamming","fb05f85c68186a612086e4e12544ca88469132a9790913aaf6df522ffc49ea0b",0.457000000000008,"mallows_gp","gp_c1","estimated_c",1,0.0666666666666667,TRUE,NA,60,358,91645174,-0.442539945431314,0.603881155846773,FALSE,FALSE,0,0.795176491042484,0.053011766069499,FALSE,0.75,TRUE,1.58785599225418,-19.3195604273429,59,1e-10,9849.178542719,0.329934877079646,0.335458089579902,0.199241454925019,0.202576818873661,-1.04737731767404,-0.215508236892661,0.944444444444444,0.935754189944134,0.721466759906006,0.781193961525086,0.0239605308433985,0.0256971360212376,0.0380458724772815,0.040803351415093
"29_pwo_gp_model_specific","db6cb901415724b9f55892557a81f2cbcc3e7f91cf2f712ea45b7b9a2b1eb5a5","b1d5697d50014504fea8964eae8d6ad099291a4087058c07ada854c160fad766",21,6,60,"SA_l2_position_foldover","L2","fb05f85c68186a612086e4e12544ca88469132a9790913aaf6df522ffc49ea0b",0.516999999999996,"mallows_gp","gp_c1","estimated_c",1,0.0666666666666667,TRUE,NA,60,358,91645174,-0.442539945431314,0.603881155846773,FALSE,FALSE,0,1.17632021388181,0.0784213475921204,FALSE,1,TRUE,0.726760718639914,-13.130342272026,59,1e-10,4276.89019355497,0.365097098622248,0.388053949257102,0.220475257912307,0.234338467408284,-1.00103153622275,-0.101633646204325,0.933333333333333,0.921787709497207,0.727363635565272,0.782910740303805,0.0539881521091663,0.0575600568014083,0.0392364682248987,0.0418323882459457
"29_pwo_gp_model_specific","db6cb901415724b9f55892557a81f2cbcc3e7f91cf2f712ea45b7b9a2b1eb5a5","b1d5697d50014504fea8964eae8d6ad099291a4087058c07ada854c160fad766",21,6,60,"random_foldover","RandomFoldover","fb05f85c68186a612086e4e12544ca88469132a9790913aaf6df522ffc49ea0b",0.670999999999992,"mallows_gp","gp_c1","estimated_c",1,0.0666666666666667,TRUE,NA,60,358,91645174,-0.442539945431314,0.603881155846773,FALSE,FALSE,0,1.11703323247311,0.0744688821648742,FALSE,1,TRUE,0.881346940525515,-17.2005186589321,59,1e-10,5821.48378794493,0.354129008005545,0.381560429190315,0.21385183467326,0.230417153004839,-0.985307620779326,-0.0774950316387755,0.941666666666667,0.927374301675978,0.742025588533723,0.812423040804678,0.0456124534128372,0.0501663991431643,0.0402003962652667,0.0442140024020097
"29_pwo_gp_model_specific","db6cb901415724b9f55892557a81f2cbcc3e7f91cf2f712ea45b7b9a2b1eb5a5","b1d5697d50014504fea8964eae8d6ad099291a4087058c07ada854c160fad766",21,6,60,"FSA_lambda050","FSA_lambda050","fb05f85c68186a612086e4e12544ca88469132a9790913aaf6df522ffc49ea0b",0.439999999999998,"mallows_gp","gp_c4","estimated_c",4,0.266666666666667,TRUE,NA,60,358,98389447,0.0936461027823621,0.977531010558063,FALSE,FALSE,0,4.08975718244789,0.272650478829859,FALSE,4,TRUE,1.03986073887611,-72.6780355097363,59,1e-10,47.8656961245039,0.663992193900379,0.700113414948125,0.649072960306103,0.684382574019497,0.0632685649424744,1.04210320791102,0.922222222222222,0.921787709497207,2.15919485864726,2.34231135014528,0.322073490243845,0.347695750128466,0.334911577537371,0.361555159632669
"29_pwo_gp_model_specific","db6cb901415724b9f55892557a81f2cbcc3e7f91cf2f712ea45b7b9a2b1eb5a5","b1d5697d50014504fea8964eae8d6ad099291a4087058c07ada854c160fad766",21,6,60,"SA_hamming_foldover","Hamming","fb05f85c68186a612086e4e12544ca88469132a9790913aaf6df522ffc49ea0b",0.432999999999993,"mallows_gp","gp_c4","estimated_c",4,0.266666666666667,TRUE,NA,60,358,98389447,0.0936461027823621,0.977531010558063,FALSE,FALSE,0,6.89782538708901,0.459855025805934,FALSE,6,TRUE,0.899300051295235,-75.7792994469387,59,1e-10,15.2848110823759,0.648573112955807,0.698389196246952,0.634000330528479,0.682697096770116,0.041525421884777,1.03348736039114,0.977777777777778,0.972067039106145,2.70814766423092,2.943276573809,0.585247595345355,0.633277981495535,0.526313192514491,0.569506921243078
"29_pwo_gp_model_specific","db6cb901415724b9f55892557a81f2cbcc3e7f91cf2f712ea45b7b9a2b1eb5a5","b1d5697d50014504fea8964eae8d6ad099291a4087058c07ada854c160fad766",21,6,60,"SA_l2_position_foldover","L2","fb05f85c68186a612086e4e12544ca88469132a9790913aaf6df522ffc49ea0b",0.397999999999996,"mallows_gp","gp_c4","estimated_c",4,0.266666666666667,TRUE,NA,60,358,98389447,0.0936461027823621,0.977531010558063,FALSE,FALSE,0,3.75654270476417,0.250436180317612,FALSE,4,TRUE,1.16710256622168,-69.6206261813729,59,1e-10,128.1837386714,0.713799536340075,0.739149154115823,0.697761182094391,0.722541219575978,0.0939300307091522,1.05413505529545,0.940277777777778,0.930167597765363,2.32402014026277,2.50694848781645,0.338484923212042,0.36201991900319,0.395046622508124,0.42251437649199
"29_pwo_gp_model_specific","db6cb901415724b9f55892557a81f2cbcc3e7f91cf2f712ea45b7b9a2b1eb5a5","b1d5697d50014504fea8964eae8d6ad099291a4087058c07ada854c160fad766",21,6,60,"random_foldover","RandomFoldover","fb05f85c68186a612086e4e12544ca88469132a9790913aaf6df522ffc49ea0b",0.399000000000001,"mallows_gp","gp_c4","estimated_c",4,0.266666666666667,TRUE,NA,60,358,98389447,0.0936461027823621,0.977531010558063,FALSE,FALSE,0,4.22854197283228,0.281902798188819,FALSE,4,TRUE,1.26966857331237,-75.9057863890094,59,1e-10,100.863574876168,0.654497572665615,0.712733422245267,0.639791673615618,0.696719022505923,0.0357610947645158,1.02555186375603,0.970833333333333,0.963687150837989,2.53744406760139,2.776862253574,0.366415774977018,0.402486254644664,0.465226594254218,0.511024148712532
"29_pwo_gp_model_specific","db6cb901415724b9f55892557a81f2cbcc3e7f91cf2f712ea45b7b9a2b1eb5a5","b1d5697d50014504fea8964eae8d6ad099291a4087058c07ada854c160fad766",22,6,48,"FSA_lambda050","FSA_lambda050","e800bad386a65e5b308c19c91c83b0fb3e96b1c400a8986a5a7d0dd092e14b10",0.372,"mallows_gp","gp_c1","estimated_c",1,0.0666666666666667,TRUE,NA,48,386,91645175,-0.897016635779068,0.640231391870188,FALSE,FALSE,0,0.731568411404213,0.0487712274269475,FALSE,0.75,TRUE,1.92188702512792,-26.3268287292802,47,1e-10,4901.96480867112,0.303860416531583,0.319777691736589,0.19454097741027,0.204731716669553,-0.856380965798808,-0.17130742723531,0.9625,0.955958549222798,0.791115113476538,0.858123399185931,0.0231476598797474,0.0254105796722261,0.0444871871849607,0.0488362633730306
"29_pwo_gp_model_specific","db6cb901415724b9f55892557a81f2cbcc3e7f91cf2f712ea45b7b9a2b1eb5a5","b1d5697d50014504fea8964eae8d6ad099291a4087058c07ada854c160fad766",22,6,48,"SA_hamming_foldover","Hamming","e800bad386a65e5b308c19c91c83b0fb3e96b1c400a8986a5a7d0dd092e14b10",0.35199999999999,"mallows_gp","gp_c1","estimated_c",1,0.0666666666666667,TRUE,NA,48,386,91645175,-0.897016635779068,0.640231391870188,FALSE,FALSE,0,0.571215587239518,0.0380810391493012,FALSE,0.5,TRUE,2.29997461190032,-16.6636828477065,47,1e-10,16236.3122140199,0.340647438417598,0.361579871201666,0.218093183635113,0.231494784211686,-0.756826566464793,-0.0624555155055683,0.9125,0.901554404145078,0.724036075740368,0.774929804716556,0.0163868308707674,0.0174744298652271,0.0376892949722694,0.0401907450474551
"29_pwo_gp_model_specific","db6cb901415724b9f55892557a81f2cbcc3e7f91cf2f712ea45b7b9a2b1eb5a5","b1d5697d50014504fea8964eae8d6ad099291a4087058c07ada854c160fad766",22,6,48,"SA_l2_position_foldover","L2","e800bad386a65e5b308c19c91c83b0fb3e96b1c400a8986a5a7d0dd092e14b10",0.323000000000008,"mallows_gp","gp_c1","estimated_c",1,0.0666666666666667,TRUE,NA,48,386,91645175,-0.897016635779068,0.640231391870188,FALSE,FALSE,0,0.670011751750965,0.044667450116731,FALSE,0.75,TRUE,1.95670210852915,-22.3930675247033,47,1e-10,7158.8861242229,0.303472453201313,0.30419409265097,0.194292591107337,0.194754607336619,-0.841592568413639,-0.188902238745054,0.945833333333333,0.935233160621762,0.741855894544537,0.798009263416452,0.0201170896559083,0.0217606840303298,0.0393631517471856,0.0425791763251828
"29_pwo_gp_model_specific","db6cb901415724b9f55892557a81f2cbcc3e7f91cf2f712ea45b7b9a2b1eb5a5","b1d5697d50014504fea8964eae8d6ad099291a4087058c07ada854c160fad766",22,6,48,"random_foldover","RandomFoldover","e800bad386a65e5b308c19c91c83b0fb3e96b1c400a8986a5a7d0dd092e14b10",0.36699999999999,"mallows_gp","gp_c1","estimated_c",1,0.0666666666666667,TRUE,NA,48,386,91645175,-0.897016635779068,0.640231391870188,FALSE,FALSE,0,0.542965431459907,0.0361976954306605,FALSE,0.5,TRUE,2.80173557755775,-18.448229715456,47,1e-10,32153.7688742874,0.412764270383379,0.429317390627472,0.264264643341834,0.274862470555504,-0.608893060180756,0.0850188471252859,0.894444444444444,0.878238341968912,0.772382145604292,0.832433790660311,0.0154119824390123,0.0166859086259869,0.0431802995200759,0.0467495038413051
"29_pwo_gp_model_specific","db6cb901415724b9f55892557a81f2cbcc3e7f91cf2f712ea45b7b9a2b1eb5a5","b1d5697d50014504fea8964eae8d6ad099291a4087058c07ada854c160fad766",22,6,48,"FSA_lambda050","FSA_lambda050","e800bad386a65e5b308c19c91c83b0fb3e96b1c400a8986a5a7d0dd092e14b10",0.335999999999999,"mallows_gp","gp_c4","estimated_c",4,0.266666666666667,TRUE,NA,48,386,98389448,0.219858629199111,1.15469193551697,FALSE,FALSE,0,3.19444251633698,0.212962834422465,FALSE,3,TRUE,1.38393824789849,-62.3569628469668,47,1e-10,60.0111469008864,0.553076714528653,0.558264681269835,0.638633221988456,0.644623725346229,0.232364881440281,0.962124469737357,0.95,0.961139896373057,2.29635688510482,2.48356336033422,0.269094745709834,0.293477929572034,0.372410510896357,0.406155331648797
"29_pwo_gp_model_specific","db6cb901415724b9f55892557a81f2cbcc3e7f91cf2f712ea45b7b9a2b1eb5a5","b1d5697d50014504fea8964eae8d6ad099291a4087058c07ada854c160fad766",22,6,48,"SA_hamming_foldover","Hamming","e800bad386a65e5b308c19c91c83b0fb3e96b1c400a8986a5a7d0dd092e14b10",0.334000000000003,"mallows_gp","gp_c4","estimated_c",4,0.266666666666667,TRUE,NA,48,386,98389448,0.219858629199111,1.15469193551697,FALSE,FALSE,0,3.55115239245692,0.236743492830461,FALSE,4,TRUE,1.71318516072664,-65.7871755776353,47,1e-10,76.691995796152,0.570359841910818,0.588016464437362,0.658589909797155,0.678977869437023,0.276827787327593,1.03053706176789,0.983333333333333,0.981865284974093,2.89285294334588,3.09584142218938,0.347648806385009,0.37097038765629,0.595586776243125,0.635540963201764
"29_pwo_gp_model_specific","db6cb901415724b9f55892557a81f2cbcc3e7f91cf2f712ea45b7b9a2b1eb5a5","b1d5697d50014504fea8964eae8d6ad099291a4087058c07ada854c160fad766",22,6,48,"SA_l2_position_foldover","L2","e800bad386a65e5b308c19c91c83b0fb3e96b1c400a8986a5a7d0dd092e14b10",0.322000000000003,"mallows_gp","gp_c4","estimated_c",4,0.266666666666667,TRUE,NA,48,386,98389448,0.219858629199111,1.15469193551697,FALSE,FALSE,0,1.63147029489647,0.108764686326431,FALSE,1.5,TRUE,3.07502108617169,-63.0612446145554,47,1e-10,500.972506247501,0.529137505745914,0.531263521016393,0.610990810664371,0.613445703351979,0.241394481468102,0.938315143295141,0.918055555555556,0.922279792746114,2.10378797299629,2.26192958245107,0.10267409264501,0.110932617517002,0.315724999886952,0.341120138009001
"29_pwo_gp_model_specific","db6cb901415724b9f55892557a81f2cbcc3e7f91cf2f712ea45b7b9a2b1eb5a5","b1d5697d50014504fea8964eae8d6ad099291a4087058c07ada854c160fad766",22,6,48,"random_foldover","RandomFoldover","e800bad386a65e5b308c19c91c83b0fb3e96b1c400a8986a5a7d0dd092e14b10",0.313999999999993,"mallows_gp","gp_c4","estimated_c",4,0.266666666666667,TRUE,NA,48,386,98389448,0.219858629199111,1.15469193551697,FALSE,FALSE,0,2.78169004465423,0.185446002976949,FALSE,3,TRUE,2.06879780372602,-64.0725092785024,47,1e-10,242.984363351328,0.584392443881127,0.59366783931017,0.674793242126591,0.685503466427237,0.286774852280001,1.01810783905808,0.969444444444444,0.968911917098446,2.74920956947552,2.96147347248319,0.261595454370585,0.283108146818755,0.541188101466576,0.585693512355583
"29_pwo_gp_model_specific","db6cb901415724b9f55892557a81f2cbcc3e7f91cf2f712ea45b7b9a2b1eb5a5","b1d5697d50014504fea8964eae8d6ad099291a4087058c07ada854c160fad766",22,6,60,"FSA_lambda050","FSA_lambda050","55d1ad3e6282beb953a680cf7c5be6a41705d0e762d4316bf54906851e17dac8",0.451999999999998,"mallows_gp","gp_c1","estimated_c",1,0.0666666666666667,TRUE,NA,60,386,91645175,-0.897016635779068,0.640231391870188,FALSE,FALSE,0,0.741829032522875,0.0494552688348583,FALSE,0.75,TRUE,1.7393276969159,-23.4899122993157,59,1e-10,8772.72550141279,0.276215714030611,0.286884009817289,0.176841971050236,0.183672148910624,-1.10671752509272,-0.272604240975168,0.95,0.94300518134715,0.649810388228007,0.710036219052965,0.0174973214216888,0.0191588173262465,0.0304335757705832,0.0333234616156927
"29_pwo_gp_model_specific","db6cb901415724b9f55892557a81f2cbcc3e7f91cf2f712ea45b7b9a2b1eb5a5","b1d5697d50014504fea8964eae8d6ad099291a4087058c07ada854c160fad766",22,6,60,"SA_hamming_foldover","Hamming","55d1ad3e6282beb953a680cf7c5be6a41705d0e762d4316bf54906851e17dac8",0.457999999999998,"mallows_gp","gp_c1","estimated_c",1,0.0666666666666667,TRUE,NA,60,386,91645175,-0.897016635779068,0.640231391870188,FALSE,FALSE,0,0.718779694012019,0.0479186462674679,FALSE,0.75,TRUE,1.55394493305136,-12.998205426211,59,1e-10,16089.5274196918,0.344111902335139,0.36390140556702,0.220311242191125,0.232981103389691,-0.891463146507042,-0.027379331993487,0.883333333333333,0.860103626943005,0.649367132372207,0.70917281341184,0.0198970150587356,0.0217648397316278,0.0309188657333688,0.033821362419638
"29_pwo_gp_model_specific","db6cb901415724b9f55892557a81f2cbcc3e7f91cf2f712ea45b7b9a2b1eb5a5","b1d5697d50014504fea8964eae8d6ad099291a4087058c07ada854c160fad766",22,6,60,"SA_l2_position_foldover","L2","55d1ad3e6282beb953a680cf7c5be6a41705d0e762d4316bf54906851e17dac8",0.459999999999994,"mallows_gp","gp_c1","estimated_c",1,0.0666666666666667,TRUE,NA,60,386,91645175,-0.897016635779068,0.640231391870188,FALSE,FALSE,0,0.564341486486995,0.0376227657657997,FALSE,0.5,TRUE,3.01046306122181,-23.9649463132996,59,1e-10,19433.7469888876,0.245590288286175,0.253355319611566,0.157234612099259,0.162206028912629,-1.19255422696182,-0.395240915263923,0.983333333333333,0.979274611398964,0.687744217182072,0.739518517932089,0.0114551618410432,0.0121158765698687,0.034485341582778,0.0364743988679124
"29_pwo_gp_model_specific","db6cb901415724b9f55892557a81f2cbcc3e7f91cf2f712ea45b7b9a2b1eb5a5","b1d5697d50014504fea8964eae8d6ad099291a4087058c07ada854c160fad766",22,6,60,"random_foldover","RandomFoldover","55d1ad3e6282beb953a680cf7c5be6a41705d0e762d4316bf54906851e17dac8",0.472999999999999,"mallows_gp","gp_c1","estimated_c",1,0.0666666666666667,TRUE,NA,60,386,91645175,-0.897016635779068,0.640231391870188,FALSE,FALSE,0,0.738075304119621,0.0492050202746414,FALSE,0.75,TRUE,1.46753205646226,-11.2976469458496,59,1e-10,17016.6706608493,0.326916581755279,0.350940501646435,0.209302258162627,0.224683125832719,-0.948938910461318,-0.0766662982998917,0.898611111111111,0.880829015544041,0.653479749246954,0.716120754753211,0.0212873488411231,0.0234240725701327,0.0312398668214428,0.034375577389568
"29_pwo_gp_model_specific","db6cb901415724b9f55892557a81f2cbcc3e7f91cf2f712ea45b7b9a2b1eb5a5","b1d5697d50014504fea8964eae8d6ad099291a4087058c07ada854c160fad766",22,6,60,"FSA_lambda050","FSA_lambda050","55d1ad3e6282beb953a680cf7c5be6a41705d0e762d4316bf54906851e17dac8",0.409999999999997,"mallows_gp","gp_c4","estimated_c",4,0.266666666666667,TRUE,NA,60,386,98389448,0.219858629199111,1.15469193551697,FALSE,FALSE,0,3.90177295078336,0.260118196718891,FALSE,4,TRUE,1.16246984611376,-75.2963894047947,59,1e-10,56.6576156154458,0.501525212446145,0.533100495444912,0.579107118269998,0.615566842910341,-0.0533409622760122,0.911282490820641,0.954166666666667,0.950777202072539,2.19394224346874,2.39546474838228,0.297065774589559,0.324765906209009,0.345330005272791,0.377530573013784
"29_pwo_gp_model_specific","db6cb901415724b9f55892557a81f2cbcc3e7f91cf2f712ea45b7b9a2b1eb5a5","b1d5697d50014504fea8964eae8d6ad099291a4087058c07ada854c160fad766",22,6,60,"SA_hamming_foldover","Hamming","55d1ad3e6282beb953a680cf7c5be6a41705d0e762d4316bf54906851e17dac8",0.434000000000012,"mallows_gp","gp_c4","estimated_c",4,0.266666666666667,TRUE,NA,60,386,98389448,0.219858629199111,1.15469193551697,FALSE,FALSE,0,4.03701291392789,0.269134194261859,FALSE,4,TRUE,1.32166362878526,-75.7152164726401,59,1e-10,92.070727140172,0.518440488145239,0.559088416413081,0.598639050706788,0.645574885673138,-0.01287683527709,0.962050470765483,0.984722222222222,0.979274611398964,2.53538162308135,2.76882898626073,0.352265513481889,0.385144683755418,0.465576516844376,0.509031720339537
"29_pwo_gp_model_specific","db6cb901415724b9f55892557a81f2cbcc3e7f91cf2f712ea45b7b9a2b1eb5a5","b1d5697d50014504fea8964eae8d6ad099291a4087058c07ada854c160fad766",22,6,60,"SA_l2_position_foldover","L2","55d1ad3e6282beb953a680cf7c5be6a41705d0e762d4316bf54906851e17dac8",0.388000000000005,"mallows_gp","gp_c4","estimated_c",4,0.266666666666667,TRUE,NA,60,386,98389448,0.219858629199111,1.15469193551697,FALSE,FALSE,0,3.31737617723129,0.221158411815419,FALSE,3,TRUE,1.31083111977019,-73.2453756291474,59,1e-10,93.8317099583918,0.50414836237089,0.521075488560348,0.582136048333754,0.601681664436198,-0.040256149234547,0.894139991090834,0.952777777777778,0.953367875647668,2.15187305745861,2.32480664022838,0.255278740761135,0.272741425674176,0.334627317605443,0.357517948424198
"29_pwo_gp_model_specific","db6cb901415724b9f55892557a81f2cbcc3e7f91cf2f712ea45b7b9a2b1eb5a5","b1d5697d50014504fea8964eae8d6ad099291a4087058c07ada854c160fad766",22,6,60,"random_foldover","RandomFoldover","55d1ad3e6282beb953a680cf7c5be6a41705d0e762d4316bf54906851e17dac8",0.433999999999997,"mallows_gp","gp_c4","estimated_c",4,0.266666666666667,TRUE,NA,60,386,98389448,0.219858629199111,1.15469193551697,FALSE,FALSE,0,2.94054486134385,0.19603632408959,FALSE,3,TRUE,1.4675783109967,-68.6983116445518,59,1e-10,260.685808618596,0.526095141419351,0.550633514513124,0.607477817111584,0.635812078633671,0.0128012049859623,0.973355174308412,0.940277777777778,0.927461139896373,2.1747612768043,2.38192282499833,0.233904222116954,0.25718391188711,0.343272763229397,0.37743753102281
"29_pwo_gp_model_specific","db6cb901415724b9f55892557a81f2cbcc3e7f91cf2f712ea45b7b9a2b1eb5a5","b1d5697d50014504fea8964eae8d6ad099291a4087058c07ada854c160fad766",23,6,48,"FSA_lambda050","FSA_lambda050","c6d42fe31b3f49bcfc1e0f335b481fffc8653f61e79cc9fa8444fdffb6f3bb90",0.310999999999993,"mallows_gp","gp_c1","estimated_c",1,0.0666666666666667,TRUE,NA,48,392,91645176,0.180301752598175,0.953431563934953,FALSE,FALSE,0,0.778005878642229,0.0518670585761486,FALSE,0.75,TRUE,2.12440554630907,-32.116116404638,47,1e-10,3875.83640951503,0.207921989759493,0.21051042062566,0.19823938787286,0.200707279561727,-0.832528366759484,-0.185138986213727,0.977777777777778,0.977040816326531,0.849877607184976,0.908316397155314,0.0240683198514435,0.0256518168929858,0.0511308721827472,0.0544948620803636
"29_pwo_gp_model_specific","db6cb901415724b9f55892557a81f2cbcc3e7f91cf2f712ea45b7b9a2b1eb5a5","b1d5697d50014504fea8964eae8d6ad099291a4087058c07ada854c160fad766",23,6,48,"SA_hamming_foldover","Hamming","c6d42fe31b3f49bcfc1e0f335b481fffc8653f61e79cc9fa8444fdffb6f3bb90",0.324000000000012,"mallows_gp","gp_c1","estimated_c",1,0.0666666666666667,TRUE,NA,48,392,91645176,0.180301752598175,0.953431563934953,FALSE,FALSE,0,0.776199504839612,0.0517466336559742,FALSE,0.75,TRUE,1.83164819531296,-22.7014694992089,47,1e-10,8689.09427317146,0.267710367057721,0.275238060622405,0.255243513945443,0.262420654593643,-0.657281967965489,0.0387137774782019,0.938888888888889,0.931122448979592,0.872324827774486,0.943696469893554,0.0299191732315945,0.0325496847648968,0.054801399654906,0.0596195713576291
"29_pwo_gp_model_specific","db6cb901415724b9f55892557a81f2cbcc3e7f91cf2f712ea45b7b9a2b1eb5a5","b1d5697d50014504fea8964eae8d6ad099291a4087058c07ada854c160fad766",23,6,48,"SA_l2_position_foldover","L2","c6d42fe31b3f49bcfc1e0f335b481fffc8653f61e79cc9fa8444fdffb6f3bb90",0.343000000000004,"mallows_gp","gp_c1","estimated_c",1,0.0666666666666667,TRUE,NA,48,392,91645176,0.180301752598175,0.953431563934953,FALSE,FALSE,0,0.796638580992402,0.0531092387328268,FALSE,0.75,TRUE,2.02418837322121,-29.1564793688423,47,1e-10,4349.97178868858,0.223767241446511,0.223701347252405,0.213346750969757,0.213283925365217,-0.787630310700755,-0.142195924995215,0.9875,0.989795918367347,0.898929319251997,0.95669928367148,0.028540291486871,0.0302356311750824,0.0577709261960685,0.0612026130816065
"29_pwo_gp_model_specific","db6cb901415724b9f55892557a81f2cbcc3e7f91cf2f712ea45b7b9a2b1eb5a5","b1d5697d50014504fea8964eae8d6ad099291a4087058c07ada854c160fad766",23,6,48,"random_foldover","RandomFoldover","c6d42fe31b3f49bcfc1e0f335b481fffc8653f61e79cc9fa8444fdffb6f3bb90",0.331000000000003,"mallows_gp","gp_c1","estimated_c",1,0.0666666666666667,TRUE,NA,48,392,91645176,0.180301752598175,0.953431563934953,FALSE,FALSE,0,0.861180943623585,0.057412062908239,FALSE,0.75,TRUE,1.85159768539057,-26.4731552481081,47,1e-10,6147.5184161928,0.227188223497779,0.228025978526837,0.216608423237091,0.21740716532464,-0.767947044140184,-0.108348722613867,0.990277777777778,0.989795918367347,0.966782387397372,1.02879607064209,0.0361175787752864,0.0382241125945149,0.066875225262232,0.0707756784061124
"29_pwo_gp_model_specific","db6cb901415724b9f55892557a81f2cbcc3e7f91cf2f712ea45b7b9a2b1eb5a5","b1d5697d50014504fea8964eae8d6ad099291a4087058c07ada854c160fad766",23,6,48,"FSA_lambda050","FSA_lambda050","c6d42fe31b3f49bcfc1e0f335b481fffc8653f61e79cc9fa8444fdffb6f3bb90",0.442999999999998,"mallows_gp","gp_c4","estimated_c",4,0.266666666666667,TRUE,NA,48,392,98389449,-0.064095798067626,0.833497833060269,FALSE,FALSE,0,32,2.13333333333333,TRUE,32,TRUE,0.465657933684258,-50.6630810799045,47,1e-10,1.00644974237784,0.95800275140715,0.96490501302831,0.798493217363635,0.804246237468087,0.450074847537923,1.22817688038753,0.901388888888889,0.903061224489796,2.51311904924004,2.69250161698574,0.945743621306483,1.01320339218585,0.440393020492644,0.471806198007145
"29_pwo_gp_model_specific","db6cb901415724b9f55892557a81f2cbcc3e7f91cf2f712ea45b7b9a2b1eb5a5","b1d5697d50014504fea8964eae8d6ad099291a4087058c07ada854c160fad766",23,6,48,"SA_hamming_foldover","Hamming","c6d42fe31b3f49bcfc1e0f335b481fffc8653f61e79cc9fa8444fdffb6f3bb90",0.347999999999999,"mallows_gp","gp_c4","estimated_c",4,0.266666666666667,TRUE,NA,48,392,98389449,-0.064095798067626,0.833497833060269,FALSE,FALSE,0,4.62788058377893,0.308525372251929,FALSE,4,TRUE,1.07504886117837,-59.8896501590243,47,1e-10,39.6878077830578,0.771482063741188,0.80667914092286,0.643028628373144,0.672365315934123,0.228990366510806,1.00612420104034,0.970833333333333,0.961734693877551,2.64766313705899,2.85488475255244,0.462856342307448,0.501222105738484,0.497593183686807,0.538838253971581
"29_pwo_gp_model_specific","db6cb901415724b9f55892557a81f2cbcc3e7f91cf2f712ea45b7b9a2b1eb5a5","b1d5697d50014504fea8964eae8d6ad099291a4087058c07ada854c160fad766",23,6,48,"SA_l2_position_foldover","L2","c6d42fe31b3f49bcfc1e0f335b481fffc8653f61e79cc9fa8444fdffb6f3bb90",0.317999999999998,"mallows_gp","gp_c4","estimated_c",4,0.266666666666667,TRUE,NA,48,392,98389449,-0.064095798067626,0.833497833060269,FALSE,FALSE,0,4.7297676056985,0.3153178403799,FALSE,4,TRUE,0.946113244219759,-59.4635328628001,47,1e-10,21.8510413990322,0.72986555695706,0.744122409746506,0.608341360149036,0.620224416055298,0.172932958469227,0.921750427910679,0.963888888888889,0.971938775510204,2.43660962344144,2.60244164637373,0.443206343232028,0.472119688029936,0.41932339125403,0.446678689702023
"29_pwo_gp_model_specific","db6cb901415724b9f55892557a81f2cbcc3e7f91cf2f712ea45b7b9a2b1eb5a5","b1d5697d50014504fea8964eae8d6ad099291a4087058c07ada854c160fad766",23,6,48,"random_foldover","RandomFoldover","c6d42fe31b3f49bcfc1e0f335b481fffc8653f61e79cc9fa8444fdffb6f3bb90",0.352999999999994,"mallows_gp","gp_c4","estimated_c",4,0.266666666666667,TRUE,NA,48,392,98389449,-0.064095798067626,0.833497833060269,FALSE,FALSE,0,5.67280752439403,0.378187168292935,FALSE,6,TRUE,0.722496150378236,-53.2876832414263,47,1e-10,24.5690498768797,0.860988834356456,0.860077187348155,0.717632327725193,0.716872471919258,0.320352980000138,1.06827327482084,0.925,0.928571428571429,2.37942268457967,2.53487156213675,0.55292613711788,0.586224661511948,0.399487005511177,0.423545061199167
"29_pwo_gp_model_specific","db6cb901415724b9f55892557a81f2cbcc3e7f91cf2f712ea45b7b9a2b1eb5a5","b1d5697d50014504fea8964eae8d6ad099291a4087058c07ada854c160fad766",23,6,60,"FSA_lambda050","FSA_lambda050","9f54d0facd5adb349f6e8f4df2ca9c0ad9f2553e1e09371d9798b0d10e1933f6",0.478000000000009,"mallows_gp","gp_c1","estimated_c",1,0.0666666666666667,TRUE,NA,60,350,91645176,0.180301752598175,0.953431563934953,FALSE,FALSE,0,0.761811866989093,0.0507874577992728,FALSE,0.75,TRUE,2.14004689220659,-30.851717714515,59,1e-10,7541.03387055248,0.189428817058424,0.196218458474183,0.180607413302361,0.187080871735946,-1.09456671974114,-0.276240165073318,0.979166666666667,0.98,0.7475474985404,0.816850130498878,0.0188433295881652,0.0206334487252498,0.0403256089239774,0.0441565478199749
"29_pwo_gp_model_specific","db6cb901415724b9f55892557a81f2cbcc3e7f91cf2f712ea45b7b9a2b1eb5a5","b1d5697d50014504fea8964eae8d6ad099291a4087058c07ada854c160fad766",23,6,60,"SA_hamming_foldover","Hamming","9f54d0facd5adb349f6e8f4df2ca9c0ad9f2553e1e09371d9798b0d10e1933f6",0.477000000000004,"mallows_gp","gp_c1","estimated_c",1,0.0666666666666667,TRUE,NA,60,350,91645176,0.180301752598175,0.953431563934953,FALSE,FALSE,0,1.09184749635748,0.0727898330904985,FALSE,1,TRUE,1.267621423115,-27.6451418504293,59,1e-10,3391.08464616251,0.201137360968623,0.208623558675145,0.191770708634063,0.198908285821319,-1.05088947777092,-0.190658330126155,0.980555555555556,0.98,0.867513604642655,0.951343770283994,0.0434576524561102,0.048018519660628,0.0550878512516514,0.0608693042280808
"29_pwo_gp_model_specific","db6cb901415724b9f55892557a81f2cbcc3e7f91cf2f712ea45b7b9a2b1eb5a5","b1d5697d50014504fea8964eae8d6ad099291a4087058c07ada854c160fad766",23,6,60,"SA_l2_position_foldover","L2","9f54d0facd5adb349f6e8f4df2ca9c0ad9f2553e1e09371d9798b0d10e1933f6",0.453999999999994,"mallows_gp","gp_c1","estimated_c",1,0.0666666666666667,TRUE,NA,60,350,91645176,0.180301752598175,0.953431563934953,FALSE,FALSE,0,1.03979380850459,0.0693195872336394,FALSE,1,TRUE,1.30619678850331,-26.0215180249204,59,1e-10,3921.70309532412,0.2003348298862,0.206247998057711,0.191005550169042,0.196643351346617,-1.0615769413398,-0.209345017398223,0.980555555555556,0.98,0.849633707094815,0.929564287345271,0.0406142282559992,0.0446416241449508,0.0530501745155267,0.0583107460917067
"29_pwo_gp_model_specific","db6cb901415724b9f55892557a81f2cbcc3e7f91cf2f712ea45b7b9a2b1eb5a5","b1d5697d50014504fea8964eae8d6ad099291a4087058c07ada854c160fad766",23,6,60,"random_foldover","RandomFoldover","9f54d0facd5adb349f6e8f4df2ca9c0ad9f2553e1e09371d9798b0d10e1933f6",0.463999999999999,"mallows_gp","gp_c1","estimated_c",1,0.0666666666666667,TRUE,NA,60,350,91645176,0.180301752598175,0.953431563934953,FALSE,FALSE,0,0.904010382797166,0.0602673588531444,FALSE,1,TRUE,1.58433107138148,-24.0813359120462,59,1e-10,7476.76091192984,0.214343928241715,0.20852608296858,0.204362266723459,0.198815349405963,-1.00605402227372,-0.206380654951268,0.961111111111111,0.968571428571429,0.817990474745261,0.8915308640845,0.0309377530184767,0.0337074768287313,0.049015643385899,0.0534038028776303
"29_pwo_gp_model_specific","db6cb901415724b9f55892557a81f2cbcc3e7f91cf2f712ea45b7b9a2b1eb5a5","b1d5697d50014504fea8964eae8d6ad099291a4087058c07ada854c160fad766",23,6,60,"FSA_lambda050","FSA_lambda050","9f54d0facd5adb349f6e8f4df2ca9c0ad9f2553e1e09371d9798b0d10e1933f6",0.498000000000005,"mallows_gp","gp_c4","estimated_c",4,0.266666666666667,TRUE,NA,60,350,98389449,-0.064095798067626,0.833497833060269,FALSE,FALSE,0,6.29179845835905,0.41945323055727,FALSE,6,TRUE,0.581782467648964,-63.8494415262271,59,1e-10,12.6919200982124,0.697261429398246,0.718333164379398,0.581165890479944,0.598729135925554,-0.0612871052449877,0.906928880982823,0.936111111111111,0.92,2.03909801653926,2.22384100510429,0.511353442691012,0.557578085825419,0.29749646772957,0.324389154678498
"29_pwo_gp_model_specific","db6cb901415724b9f55892557a81f2cbcc3e7f91cf2f712ea45b7b9a2b1eb5a5","b1d5697d50014504fea8964eae8d6ad099291a4087058c07ada854c160fad766",23,6,60,"SA_hamming_foldover","Hamming","9f54d0facd5adb349f6e8f4df2ca9c0ad9f2553e1e09371d9798b0d10e1933f6",0.408000000000001,"mallows_gp","gp_c4","estimated_c",4,0.266666666666667,TRUE,NA,60,350,98389449,-0.064095798067626,0.833497833060269,FALSE,FALSE,0,5.28935127919829,0.352623418613219,FALSE,6,TRUE,0.564756980776992,-57.618869086091,59,1e-10,29.9644978352691,0.752111610010148,0.75958261653122,0.626883397162928,0.633110464909021,0.0234055238968929,0.96509201398328,0.901388888888889,0.922857142857143,1.90994586518059,2.09085369936935,0.466044738425948,0.512715697327142,0.263202019380441,0.289559769219447
"29_pwo_gp_model_specific","db6cb901415724b9f55892557a81f2cbcc3e7f91cf2f712ea45b7b9a2b1eb5a5","b1d5697d50014504fea8964eae8d6ad099291a4087058c07ada854c160fad766",23,6,60,"SA_l2_position_foldover","L2","9f54d0facd5adb349f6e8f4df2ca9c0ad9f2553e1e09371d9798b0d10e1933f6",0.447000000000003,"mallows_gp","gp_c4","estimated_c",4,0.266666666666667,TRUE,NA,60,350,98389449,-0.064095798067626,0.833497833060269,FALSE,FALSE,0,4.57896831425821,0.305264554283881,FALSE,4,TRUE,0.641773332696286,-58.1851255144891,59,1e-10,46.1609074351513,0.7733431340676,0.768626546639794,0.644579826457382,0.640648561056866,0.0515367785690966,0.979018732599265,0.888888888888889,0.897142857142857,1.89496342618814,2.0746131433293,0.405370745344372,0.446042459679709,0.260156134217235,0.286258155872696
"29_pwo_gp_model_specific","db6cb901415724b9f55892557a81f2cbcc3e7f91cf2f712ea45b7b9a2b1eb5a5","b1d5697d50014504fea8964eae8d6ad099291a4087058c07ada854c160fad766",23,6,60,"random_foldover","RandomFoldover","9f54d0facd5adb349f6e8f4df2ca9c0ad9f2553e1e09371d9798b0d10e1933f6",0.430000000000007,"mallows_gp","gp_c4","estimated_c",4,0.266666666666667,TRUE,NA,60,350,98389449,-0.064095798067626,0.833497833060269,FALSE,FALSE,0,4.58209460531906,0.305472973687937,FALSE,4,TRUE,0.932856177606864,-67.7461473904802,59,1e-10,61.5396662915002,0.651422956387001,0.669084812498011,0.542959622554279,0.557680741350628,-0.0957337600554358,0.849665254990718,0.970833333333333,0.96,2.29692847256305,2.50380854519831,0.408698793671216,0.44538176467383,0.381257194456668,0.415477130569429
"29_pwo_gp_model_specific","db6cb901415724b9f55892557a81f2cbcc3e7f91cf2f712ea45b7b9a2b1eb5a5","b1d5697d50014504fea8964eae8d6ad099291a4087058c07ada854c160fad766",24,6,48,"FSA_lambda050","FSA_lambda050","1a149bfd628ed3d4a066200d9ea7c81ef85705eb3e53218f3ac7d5abadc23719",0.316000000000003,"mallows_gp","gp_c1","estimated_c",1,0.0666666666666667,TRUE,NA,48,388,91645177,0.707319737034953,0.543494353767845,FALSE,FALSE,0,1.1209621612851,0.0747308107523398,FALSE,1,TRUE,0.648722049055477,-15.89359265271,47,1e-10,1406.01540291411,0.433310626920697,0.459408129070565,0.235501879159004,0.249685724224901,-0.686181888052129,0.0818778078368314,0.891666666666667,0.876288659793814,0.673471911885406,0.721918596681823,0.049548227036562,0.053115205344184,0.0321430273702245,0.0344570048468815
"29_pwo_gp_model_specific","db6cb901415724b9f55892557a81f2cbcc3e7f91cf2f712ea45b7b9a2b1eb5a5","b1d5697d50014504fea8964eae8d6ad099291a4087058c07ada854c160fad766",24,6,48,"SA_hamming_foldover","Hamming","1a149bfd628ed3d4a066200d9ea7c81ef85705eb3e53218f3ac7d5abadc23719",0.342999999999989,"mallows_gp","gp_c1","estimated_c",1,0.0666666666666667,TRUE,NA,48,388,91645177,0.707319737034953,0.543494353767845,FALSE,FALSE,0,0.739210405883729,0.0492806937255819,FALSE,0.75,TRUE,1.19587862771627,-10.6742122982761,47,1e-10,8588.81660869072,0.447503488853329,0.480732112977771,0.243215619483196,0.261275189078304,-0.670529883026789,0.0829198191529929,0.873611111111111,0.84020618556701,0.690243387817727,0.739468127829591,0.0289412853594973,0.031065003933361,0.0346102646200606,0.0371499742738284
"29_pwo_gp_model_specific","db6cb901415724b9f55892557a81f2cbcc3e7f91cf2f712ea45b7b9a2b1eb5a5","b1d5697d50014504fea8964eae8d6ad099291a4087058c07ada854c160fad766",24,6,48,"SA_l2_position_foldover","L2","1a149bfd628ed3d4a066200d9ea7c81ef85705eb3e53218f3ac7d5abadc23719",0.332999999999998,"mallows_gp","gp_c1","estimated_c",1,0.0666666666666667,TRUE,NA,48,388,91645177,0.707319737034953,0.543494353767845,FALSE,FALSE,0,1.22495544245589,0.0816636961637262,FALSE,1.5,TRUE,0.703012721153911,-19.0222865738579,47,1e-10,1238.74246380283,0.375432220311047,0.384343096611634,0.20404529196158,0.208888302918072,-0.868017072569497,-0.175144452453802,0.961111111111111,0.961340206185567,0.792162714669087,0.85394469044187,0.0638672133430055,0.0692654524888806,0.0448994634447837,0.0486944942361649
"29_pwo_gp_model_specific","db6cb901415724b9f55892557a81f2cbcc3e7f91cf2f712ea45b7b9a2b1eb5a5","b1d5697d50014504fea8964eae8d6ad099291a4087058c07ada854c160fad766",24,6,48,"random_foldover","RandomFoldover","1a149bfd628ed3d4a066200d9ea7c81ef85705eb3e53218f3ac7d5abadc23719",0.349000000000004,"mallows_gp","gp_c1","estimated_c",1,0.0666666666666667,TRUE,NA,48,388,91645177,0.707319737034953,0.543494353767845,FALSE,FALSE,0,0.933220379665948,0.0622146919777299,FALSE,1,TRUE,0.89564128208247,-11.8118387892618,47,1e-10,6595.91263158084,0.419565879992214,0.443898258888078,0.228031686809406,0.241256197353048,-0.713745309670976,0.0228658529792842,0.9125,0.902061855670103,0.732520461787954,0.786937424749172,0.0431610897349539,0.0464265554916602,0.0386568537462906,0.0415815396832235
"29_pwo_gp_model_specific","db6cb901415724b9f55892557a81f2cbcc3e7f91cf2f712ea45b7b9a2b1eb5a5","b1d5697d50014504fea8964eae8d6ad099291a4087058c07ada854c160fad766",24,6,48,"FSA_lambda050","FSA_lambda050","1a149bfd628ed3d4a066200d9ea7c81ef85705eb3e53218f3ac7d5abadc23719",0.346000000000004,"mallows_gp","gp_c4","estimated_c",4,0.266666666666667,TRUE,NA,48,388,98389450,0.118133862994424,0.973310553499837,FALSE,FALSE,0,3.17805026066342,0.211870017377562,FALSE,3,TRUE,1.47312169237574,-63.6545705597388,47,1e-10,61.8598202499182,0.668626534525313,0.687165230532501,0.65078126240351,0.668825170875431,0.255184692638656,1.00850148885294,0.952777777777778,0.948453608247423,2.35802582719174,2.53028053369835,0.266412296614135,0.286184773556879,0.392457733257924,0.421584997954279
"29_pwo_gp_model_specific","db6cb901415724b9f55892557a81f2cbcc3e7f91cf2f712ea45b7b9a2b1eb5a5","b1d5697d50014504fea8964eae8d6ad099291a4087058c07ada854c160fad766",24,6,48,"SA_hamming_foldover","Hamming","1a149bfd628ed3d4a066200d9ea7c81ef85705eb3e53218f3ac7d5abadc23719",0.364000000000004,"mallows_gp","gp_c4","estimated_c",4,0.266666666666667,TRUE,NA,48,388,98389450,0.118133862994424,0.973310553499837,FALSE,FALSE,0,3.23486182580213,0.215657455053475,FALSE,3,TRUE,1.60485158409879,-62.119332278679,47,1e-10,109.394320481251,0.624267318385604,0.643453816786952,0.607605969189751,0.62628039056849,0.200665364996717,0.946127375472907,0.981944444444444,0.974226804123711,2.68390895068669,2.87496207737098,0.321902923683786,0.345112092530799,0.516606416999954,0.5538536883897
"29_pwo_gp_model_specific","db6cb901415724b9f55892557a81f2cbcc3e7f91cf2f712ea45b7b9a2b1eb5a5","b1d5697d50014504fea8964eae8d6ad099291a4087058c07ada854c160fad766",24,6,48,"SA_l2_position_foldover","L2","1a149bfd628ed3d4a066200d9ea7c81ef85705eb3e53218f3ac7d5abadc23719",0.338999999999999,"mallows_gp","gp_c4","estimated_c",4,0.266666666666667,TRUE,NA,48,388,98389450,0.118133862994424,0.973310553499837,FALSE,FALSE,0,3.84414498924852,0.256276332616568,FALSE,4,TRUE,0.972162528580141,-56.5132725258737,47,1e-10,40.789300419048,0.659440547868365,0.678448663827037,0.641840444645994,0.660341244510718,0.228684199455485,0.995174891995638,0.931944444444444,0.922680412371134,2.21231078005612,2.38382071034464,0.357056559387475,0.386802684123784,0.347117007620253,0.376035075459364
"29_pwo_gp_model_specific","db6cb901415724b9f55892557a81f2cbcc3e7f91cf2f712ea45b7b9a2b1eb5a5","b1d5697d50014504fea8964eae8d6ad099291a4087058c07ada854c160fad766",24,6,48,"random_foldover","RandomFoldover","1a149bfd628ed3d4a066200d9ea7c81ef85705eb3e53218f3ac7d5abadc23719",0.284999999999997,"mallows_gp","gp_c4","estimated_c",4,0.266666666666667,TRUE,NA,48,388,98389450,0.118133862994424,0.973310553499837,FALSE,FALSE,0,2.81070051054087,0.187380034036058,FALSE,3,TRUE,1.88610076451162,-62.2478814104699,47,1e-10,249.489766699483,0.661404965741869,0.704924543508024,0.643752433293759,0.686110497617415,0.259018853984522,1.03279666794059,0.9625,0.956185567010309,2.63489487277252,2.83171604117275,0.263096607158098,0.283307800319596,0.496226711901301,0.534347058774896
"29_pwo_gp_model_specific","db6cb901415724b9f55892557a81f2cbcc3e7f91cf2f712ea45b7b9a2b1eb5a5","b1d5697d50014504fea8964eae8d6ad099291a4087058c07ada854c160fad766",24,6,60,"FSA_lambda050","FSA_lambda050","413a4b473616f1abb53a97f285d2134e763ce9dc1b132fbf5bd02e37e29f66a3",0.458000000000013,"mallows_gp","gp_c1","estimated_c",1,0.0666666666666667,TRUE,NA,60,344,91645177,0.707319737034953,0.543494353767845,FALSE,FALSE,0,1.08839299310832,0.0725595328738879,FALSE,1,TRUE,0.803664664743038,-18.5606341826034,59,1e-10,2591.15468648115,0.311328100713352,0.330440229649572,0.169205064906974,0.179592399072292,-1.17467814719345,-0.293374067050319,0.956944444444444,0.959302325581395,0.643029383032587,0.703137945711655,0.0370559821659423,0.0406102539285114,0.029780583484116,0.0326370261085868
"29_pwo_gp_model_specific","db6cb901415724b9f55892557a81f2cbcc3e7f91cf2f712ea45b7b9a2b1eb5a5","b1d5697d50014504fea8964eae8d6ad099291a4087058c07ada854c160fad766",24,6,60,"SA_hamming_foldover","Hamming","413a4b473616f1abb53a97f285d2134e763ce9dc1b132fbf5bd02e37e29f66a3",0.450000000000003,"mallows_gp","gp_c1","estimated_c",1,0.0666666666666667,TRUE,NA,60,344,91645177,0.707319737034953,0.543494353767845,FALSE,FALSE,0,0.885289706808796,0.0590193137872531,FALSE,1,TRUE,1.21898845835459,-15.9184458794323,59,1e-10,7646.49664944254,0.329047826237844,0.333985325151612,0.178835635679852,0.181519138461219,-1.13447098208205,-0.310015460219177,0.977777777777778,0.98546511627907,0.707333701220182,0.773153586622173,0.030087956036103,0.032815889885056,0.0366768711434899,0.0400021910205184
"29_pwo_gp_model_specific","db6cb901415724b9f55892557a81f2cbcc3e7f91cf2f712ea45b7b9a2b1eb5a5","b1d5697d50014504fea8964eae8d6ad099291a4087058c07ada854c160fad766",24,6,60,"SA_l2_position_foldover","L2","413a4b473616f1abb53a97f285d2134e763ce9dc1b132fbf5bd02e37e29f66a3",0.491,"mallows_gp","gp_c1","estimated_c",1,0.0666666666666667,TRUE,NA,60,344,91645177,0.707319737034953,0.543494353767845,FALSE,FALSE,0,1.40106547509761,0.0934043650065071,FALSE,1.5,TRUE,0.551953063169729,-16.3088066098115,59,1e-10,1407.89984228425,0.350599547280846,0.356277405397643,0.190548874380703,0.193634758208677,-1.11909372126417,-0.258791308355938,0.954166666666667,0.959302325581395,0.698219744690601,0.767206098712367,0.0643447302217271,0.0710893317290766,0.0355152709447121,0.0392379744065528
"29_pwo_gp_model_specific","db6cb901415724b9f55892557a81f2cbcc3e7f91cf2f712ea45b7b9a2b1eb5a5","b1d5697d50014504fea8964eae8d6ad099291a4087058c07ada854c160fad766",24,6,60,"random_foldover","RandomFoldover","413a4b473616f1abb53a97f285d2134e763ce9dc1b132fbf5bd02e37e29f66a3",0.498000000000005,"mallows_gp","gp_c1","estimated_c",1,0.0666666666666667,TRUE,NA,60,344,91645177,0.707319737034953,0.543494353767845,FALSE,FALSE,0,1.12844850941422,0.075229900627615,FALSE,1,TRUE,0.712026166421573,-10.5941590359162,59,1e-10,4651.77969315253,0.345017169920573,0.371597133418661,0.187514883804793,0.201960943889359,-1.11213469931013,-0.210842519008599,0.940277777777778,0.924418604651163,0.685505055134567,0.747159717413812,0.0485485255658226,0.0528279255899674,0.0345678205440524,0.0376148653378286
"29_pwo_gp_model_specific","db6cb901415724b9f55892557a81f2cbcc3e7f91cf2f712ea45b7b9a2b1eb5a5","b1d5697d50014504fea8964eae8d6ad099291a4087058c07ada854c160fad766",24,6,60,"FSA_lambda050","FSA_lambda050","413a4b473616f1abb53a97f285d2134e763ce9dc1b132fbf5bd02e37e29f66a3",0.456999999999994,"mallows_gp","gp_c4","estimated_c",4,0.266666666666667,TRUE,NA,60,344,98389450,0.118133862994424,0.973310553499837,FALSE,FALSE,0,2.35329370585188,0.156886247056792,FALSE,2,TRUE,1.64905610449572,-70.5859850804767,59,1e-10,253.106716842171,0.623502830380982,0.635781381308911,0.606861884946828,0.618812728146666,0.0621786633156335,0.979696166431278,0.895833333333333,0.877906976744186,1.81527565033864,1.98460281642271,0.143667056291223,0.15736063759553,0.23691503619197,0.259496520034246
"29_pwo_gp_model_specific","db6cb901415724b9f55892557a81f2cbcc3e7f91cf2f712ea45b7b9a2b1eb5a5","b1d5697d50014504fea8964eae8d6ad099291a4087058c07ada854c160fad766",24,6,60,"SA_hamming_foldover","Hamming","413a4b473616f1abb53a97f285d2134e763ce9dc1b132fbf5bd02e37e29f66a3",0.418999999999997,"mallows_gp","gp_c4","estimated_c",4,0.266666666666667,TRUE,NA,60,344,98389450,0.118133862994424,0.973310553499837,FALSE,FALSE,0,3.72872921507573,0.248581947671715,FALSE,4,TRUE,0.986374796237274,-64.9729224191579,59,1e-10,102.780203314803,0.626625011145761,0.647870003857713,0.609900736435122,0.630578712050692,-0.0106855905508106,0.946655050691527,0.936111111111111,0.938953488372093,2.09437331066969,2.287074347608,0.322692294667098,0.351720136809897,0.318295546399597,0.346927878278409
"29_pwo_gp_model_specific","db6cb901415724b9f55892557a81f2cbcc3e7f91cf2f712ea45b7b9a2b1eb5a5","b1d5697d50014504fea8964eae8d6ad099291a4087058c07ada854c160fad766",24,6,60,"SA_l2_position_foldover","L2","413a4b473616f1abb53a97f285d2134e763ce9dc1b132fbf5bd02e37e29f66a3",0.444000000000003,"mallows_gp","gp_c4","estimated_c",4,0.266666666666667,TRUE,NA,60,344,98389450,0.118133862994424,0.973310553499837,FALSE,FALSE,0,3.07135874776784,0.20475724985119,FALSE,3,TRUE,1.17156710843089,-67.2219864413042,59,1e-10,132.953297417214,0.610711748538489,0.649973443156564,0.59441218999885,0.63262601171891,0.00377997517202475,0.986419440817199,0.909722222222222,0.904069767441861,1.93364294938403,2.11937708764462,0.231166680292909,0.254266093187282,0.270827279196331,0.297889791567443
"29_pwo_gp_model_specific","db6cb901415724b9f55892557a81f2cbcc3e7f91cf2f712ea45b7b9a2b1eb5a5","b1d5697d50014504fea8964eae8d6ad099291a4087058c07ada854c160fad766",24,6,60,"random_foldover","RandomFoldover","413a4b473616f1abb53a97f285d2134e763ce9dc1b132fbf5bd02e37e29f66a3",0.453000000000003,"mallows_gp","gp_c4","estimated_c",4,0.266666666666667,TRUE,NA,60,344,98389450,0.118133862994424,0.973310553499837,FALSE,FALSE,0,4.24745386561909,0.283163591041273,FALSE,4,TRUE,1.25265930289363,-74.7734851696764,59,1e-10,87.4099345040065,0.617403917372055,0.667029642077653,0.600925748550362,0.649226990131399,-0.00907635177951466,0.97590661357612,0.979166666666667,0.965116279069767,2.56076808255433,2.79211558833514,0.37945962104438,0.413628942571176,0.475333624373733,0.518136142857837
"29_pwo_gp_model_specific","db6cb901415724b9f55892557a81f2cbcc3e7f91cf2f712ea45b7b9a2b1eb5a5","b1d5697d50014504fea8964eae8d6ad099291a4087058c07ada854c160fad766",25,6,48,"FSA_lambda050","FSA_lambda050","c70c942054134cc9a61fb3109a1d85efedfe80c7e064c8ce6686d8bd4ae52c97",0.347999999999999,"mallows_gp","gp_c1","estimated_c",1,0.0666666666666667,TRUE,NA,48,390,91645178,-1.21924165520429,0.838324295276538,FALSE,FALSE,0,0.423195197556486,0.0282130131704324,FALSE,0.5,TRUE,4.15626052370467,-24.2055891951368,47,1e-10,25372.6567439164,0.24377972919383,0.248993216829134,0.204366469679123,0.208737063026922,-0.789167191233568,-0.160997012212185,0.918055555555556,0.917948717948718,0.668127997894613,0.712710928937409,0.00762427565860513,0.00809787538821844,0.0316884759417029,0.033656879801932
"29_pwo_gp_model_specific","db6cb901415724b9f55892557a81f2cbcc3e7f91cf2f712ea45b7b9a2b1eb5a5","b1d5697d50014504fea8964eae8d6ad099291a4087058c07ada854c160fad766",25,6,48,"SA_hamming_foldover","Hamming","c70c942054134cc9a61fb3109a1d85efedfe80c7e064c8ce6686d8bd4ae52c97",0.314999999999998,"mallows_gp","gp_c1","estimated_c",1,0.0666666666666667,TRUE,NA,48,390,91645178,-1.21924165520429,0.838324295276538,FALSE,FALSE,0,0.607833051149742,0.0405222034099828,FALSE,0.5,TRUE,2.87628141323652,-24.7451299851825,47,1e-10,13192.2435840021,0.264026996787467,0.271892554517829,0.221340246015834,0.227934134157096,-0.784269954221906,-0.123592814379439,0.969444444444444,0.971794871794872,0.867288749057321,0.938853202890138,0.0188506646128278,0.0205930617028008,0.0542198162530321,0.0592314406173986
"29_pwo_gp_model_specific","db6cb901415724b9f55892557a81f2cbcc3e7f91cf2f712ea45b7b9a2b1eb5a5","b1d5697d50014504fea8964eae8d6ad099291a4087058c07ada854c160fad766",25,6,48,"SA_l2_position_foldover","L2","c70c942054134cc9a61fb3109a1d85efedfe80c7e064c8ce6686d8bd4ae52c97",0.340000000000003,"mallows_gp","gp_c1","estimated_c",1,0.0666666666666667,TRUE,NA,48,390,91645178,-1.21924165520429,0.838324295276538,FALSE,FALSE,0,0.613493462902988,0.0408995641935325,FALSE,0.75,TRUE,2.5242348517387,-24.7697751480787,47,1e-10,10093.3544988592,0.259945957961873,0.266872727190704,0.217919012018371,0.223725890950675,-0.778953150819786,-0.117958201551797,0.945833333333333,0.938461538461538,0.776847291280353,0.825986055981254,0.0171238174873523,0.018116117137287,0.0432245368963873,0.0457293342561205
"29_pwo_gp_model_specific","db6cb901415724b9f55892557a81f2cbcc3e7f91cf2f712ea45b7b9a2b1eb5a5","b1d5697d50014504fea8964eae8d6ad099291a4087058c07ada854c160fad766",25,6,48,"random_foldover","RandomFoldover","c70c942054134cc9a61fb3109a1d85efedfe80c7e064c8ce6686d8bd4ae52c97",0.330999999999989,"mallows_gp","gp_c1","estimated_c",1,0.0666666666666667,TRUE,NA,48,390,91645178,-1.21924165520429,0.838324295276538,FALSE,FALSE,0,0.58978765658645,0.0393191771057633,FALSE,0.5,TRUE,3.12745146295379,-23.8956796827863,47,1e-10,23599.7416562889,0.26798501138107,0.276561317069487,0.224658345810711,0.231848071233029,-0.727947113673224,-0.0558359451184701,0.973611111111111,0.974358974358974,0.886432930367344,0.961516714384666,0.0182398165513523,0.0199778127153078,0.0570441409575354,0.062479639603106
"29_pwo_gp_model_specific","db6cb901415724b9f55892557a81f2cbcc3e7f91cf2f712ea45b7b9a2b1eb5a5","b1d5697d50014504fea8964eae8d6ad099291a4087058c07ada854c160fad766",25,6,48,"FSA_lambda050","FSA_lambda050","c70c942054134cc9a61fb3109a1d85efedfe80c7e064c8ce6686d8bd4ae52c97",0.325000000000003,"mallows_gp","gp_c4","estimated_c",4,0.266666666666667,TRUE,NA,48,390,98389451,0.0455011603910052,1.08886350999731,FALSE,FALSE,0,1.92039632345417,0.128026421563611,FALSE,2,TRUE,2.44784568706155,-63.7111571818862,47,1e-10,271.79886444747,0.601903095599418,0.614872429843726,0.655390317352628,0.669512152160214,0.277969446116662,1.00501451450565,0.926388888888889,0.928205128205128,2.08274518064589,2.22259518301842,0.125483728032046,0.133375784444268,0.307164802459648,0.326483338710352
"29_pwo_gp_model_specific","db6cb901415724b9f55892557a81f2cbcc3e7f91cf2f712ea45b7b9a2b1eb5a5","b1d5697d50014504fea8964eae8d6ad099291a4087058c07ada854c160fad766",25,6,48,"SA_hamming_foldover","Hamming","c70c942054134cc9a61fb3109a1d85efedfe80c7e064c8ce6686d8bd4ae52c97",0.331000000000003,"mallows_gp","gp_c4","estimated_c",4,0.266666666666667,TRUE,NA,48,390,98389451,0.0455011603910052,1.08886350999731,FALSE,FALSE,0,1.59955569926882,0.106637046617922,FALSE,1.5,TRUE,1.73750468881997,-46.1673447272739,47,1e-10,731.048812099367,0.731466659286287,0.766611955974936,0.796467354076472,0.834735785188772,0.871800018890827,1.71173806344869,0.751388888888889,0.725641025641026,1.64051334282185,1.77457410401162,0.111320986367708,0.121444735505933,0.193420735777956,0.21101079737406
"29_pwo_gp_model_specific","db6cb901415724b9f55892557a81f2cbcc3e7f91cf2f712ea45b7b9a2b1eb5a5","b1d5697d50014504fea8964eae8d6ad099291a4087058c07ada854c160fad766",25,6,48,"SA_l2_position_foldover","L2","c70c942054134cc9a61fb3109a1d85efedfe80c7e064c8ce6686d8bd4ae52c97",0.304000000000002,"mallows_gp","gp_c4","estimated_c",4,0.266666666666667,TRUE,NA,48,390,98389451,0.0455011603910052,1.08886350999731,FALSE,FALSE,0,2.68504268612084,0.179002845741389,FALSE,3,TRUE,1.50188215219249,-59.1801805512885,47,1e-10,126.508262067604,0.544883267302008,0.545924291008664,0.593303506973267,0.594437039700486,0.166876739337889,0.879200436452954,0.948611111111111,0.958974358974359,2.17887823650379,2.31432869253821,0.224966650623628,0.237366660649034,0.337873397410151,0.356496751154315
"29_pwo_gp_model_specific","db6cb901415724b9f55892557a81f2cbcc3e7f91cf2f712ea45b7b9a2b1eb5a5","b1d5697d50014504fea8964eae8d6ad099291a4087058c07ada854c160fad766",25,6,48,"random_foldover","RandomFoldover","c70c942054134cc9a61fb3109a1d85efedfe80c7e064c8ce6686d8bd4ae52c97",0.322000000000003,"mallows_gp","gp_c4","estimated_c",4,0.266666666666667,TRUE,NA,48,390,98389451,0.0455011603910052,1.08886350999731,FALSE,FALSE,0,2.96195539527927,0.197463693018618,FALSE,3,TRUE,1.65399892868726,-59.5857465098082,47,1e-10,197.647128635264,0.595945806240548,0.627353521101585,0.648903642351259,0.683102356995843,0.229460035061456,1.01436337192619,0.9625,0.953846153846154,2.58299689637742,2.79402373899313,0.289442888488765,0.315607525426958,0.478738227476565,0.522014508941826
"29_pwo_gp_model_specific","db6cb901415724b9f55892557a81f2cbcc3e7f91cf2f712ea45b7b9a2b1eb5a5","b1d5697d50014504fea8964eae8d6ad099291a4087058c07ada854c160fad766",25,6,60,"FSA_lambda050","FSA_lambda050","5a70eb1d2941e4328d36994fa7062739f6b19e717ed016eccf3b5e415866017d",0.462000000000003,"mallows_gp","gp_c1","estimated_c",1,0.0666666666666667,TRUE,NA,60,356,91645178,-1.21924165520429,0.838324295276538,FALSE,FALSE,0,0.530419179745734,0.0353612786497156,FALSE,0.5,TRUE,3.51864482121816,-26.4689578821025,59,1e-10,23995.0366612812,0.184670219443287,0.197167818974482,0.154813531573357,0.165290572892995,-1.19034461057274,-0.374367342836845,0.988888888888889,0.985955056179775,0.682538675945394,0.746396915535905,0.00953744983174485,0.0104507524956482,0.033558898458097,0.0367724861466454
"29_pwo_gp_model_specific","db6cb901415724b9f55892557a81f2cbcc3e7f91cf2f712ea45b7b9a2b1eb5a5","b1d5697d50014504fea8964eae8d6ad099291a4087058c07ada854c160fad766",25,6,60,"SA_hamming_foldover","Hamming","5a70eb1d2941e4328d36994fa7062739f6b19e717ed016eccf3b5e415866017d",0.387,"mallows_gp","gp_c1","estimated_c",1,0.0666666666666667,TRUE,NA,60,356,91645178,-1.21924165520429,0.838324295276538,FALSE,FALSE,0,0.400262870090116,0.026684191339341,FALSE,0.5,TRUE,3.83887714266759,-10.4050590257965,59,1e-10,84068.0409381541,0.241811458790699,0.247617832400842,0.202716420780505,0.20758404484534,-0.889665424487527,-0.100968524346021,0.863888888888889,0.842696629213483,0.567325720092347,0.616887105241758,0.0061179959071207,0.00663093799342263,0.0234862346467795,0.0254553562973962
"29_pwo_gp_model_specific","db6cb901415724b9f55892557a81f2cbcc3e7f91cf2f712ea45b7b9a2b1eb5a5","b1d5697d50014504fea8964eae8d6ad099291a4087058c07ada854c160fad766",25,6,60,"SA_l2_position_foldover","L2","5a70eb1d2941e4328d36994fa7062739f6b19e717ed016eccf3b5e415866017d",0.432999999999993,"mallows_gp","gp_c1","estimated_c",1,0.0666666666666667,TRUE,NA,60,356,91645178,-1.21924165520429,0.838324295276538,FALSE,FALSE,0,0.571939335488438,0.0381292890325625,FALSE,0.5,TRUE,3.28609668299299,-27.491251262525,59,1e-10,19418.467290835,0.217669674886651,0.21988755732729,0.182477776802425,0.18433708153648,-1.07139397705635,-0.273460868294013,0.970833333333333,0.969101123595506,0.722677390394319,0.783978173911306,0.0115775574347954,0.0124981485935427,0.0380449730836419,0.0410701246367943
"29_pwo_gp_model_specific","db6cb901415724b9f55892557a81f2cbcc3e7f91cf2f712ea45b7b9a2b1eb5a5","b1d5697d50014504fea8964eae8d6ad099291a4087058c07ada854c160fad766",25,6,60,"random_foldover","RandomFoldover","5a70eb1d2941e4328d36994fa7062739f6b19e717ed016eccf3b5e415866017d",0.435999999999993,"mallows_gp","gp_c1","estimated_c",1,0.0666666666666667,TRUE,NA,60,356,91645178,-1.21924165520429,0.838324295276538,FALSE,FALSE,0,0.635338214469309,0.0423558809646206,FALSE,0.75,TRUE,2.71325976997164,-22.7945991741459,59,1e-10,24806.8280873252,0.222283130088463,0.239198765465283,0.186345348383274,0.200526136489701,-1.06182610169496,-0.219295781899959,0.976388888888889,0.966292134831461,0.779274039932158,0.854106040129983,0.0164069301726731,0.0180387344848779,0.0445162635862477,0.0489437725790192
"29_pwo_gp_model_specific","db6cb901415724b9f55892557a81f2cbcc3e7f91cf2f712ea45b7b9a2b1eb5a5","b1d5697d50014504fea8964eae8d6ad099291a4087058c07ada854c160fad766",25,6,60,"FSA_lambda050","FSA_lambda050","5a70eb1d2941e4328d36994fa7062739f6b19e717ed016eccf3b5e415866017d",0.462999999999994,"mallows_gp","gp_c4","estimated_c",4,0.266666666666667,TRUE,NA,60,356,98389451,0.0455011603910052,1.08886350999731,FALSE,FALSE,0,3.3403240894156,0.222688272627707,FALSE,3,TRUE,1.4232739699957,-76.4854311538698,59,1e-10,97.8275324476214,0.48018353581446,0.49967193888659,0.522854330249851,0.544074541223214,-0.11093341295973,0.822679450136917,0.977777777777778,0.974719101123595,2.21605035731686,2.42029047277873,0.247809701291087,0.270865041400415,0.352701097360014,0.385515162807019
"29_pwo_gp_model_specific","db6cb901415724b9f55892557a81f2cbcc3e7f91cf2f712ea45b7b9a2b1eb5a5","b1d5697d50014504fea8964eae8d6ad099291a4087058c07ada854c160fad766",25,6,60,"SA_hamming_foldover","Hamming","5a70eb1d2941e4328d36994fa7062739f6b19e717ed016eccf3b5e415866017d",0.446999999999989,"mallows_gp","gp_c4","estimated_c",4,0.266666666666667,TRUE,NA,60,356,98389451,0.0455011603910052,1.08886350999731,FALSE,FALSE,0,2.01699293404463,0.134466195602975,FALSE,2,TRUE,1.53622835339581,-59.2335492219296,59,1e-10,698.885523985096,0.564994302861492,0.584406307285341,0.615201679742247,0.636338703015283,0.108037158260131,1.04257952818795,0.844444444444444,0.837078651685393,1.63513116544504,1.77959770934554,0.126445776755566,0.137315579444533,0.194249587419058,0.210948086505668
"29_pwo_gp_model_specific","db6cb901415724b9f55892557a81f2cbcc3e7f91cf2f712ea45b7b9a2b1eb5a5","b1d5697d50014504fea8964eae8d6ad099291a4087058c07ada854c160fad766",25,6,60,"SA_l2_position_foldover","L2","5a70eb1d2941e4328d36994fa7062739f6b19e717ed016eccf3b5e415866017d",0.466999999999999,"mallows_gp","gp_c4","estimated_c",4,0.266666666666667,TRUE,NA,60,356,98389451,0.0455011603910052,1.08886350999731,FALSE,FALSE,0,4.21532197147839,0.281021464765226,FALSE,4,TRUE,1.30047921910103,-79.3655221893957,59,1e-10,47.3281596235885,0.508281252916829,0.526440941434939,0.553448909116849,0.573222331297136,-0.0583297776795769,0.875903958078213,0.983333333333333,0.974719101123595,2.49033743629622,2.70662890296821,0.34374298472265,0.37248475036623,0.447030608343568,0.484408677283317
"29_pwo_gp_model_specific","db6cb901415724b9f55892557a81f2cbcc3e7f91cf2f712ea45b7b9a2b1eb5a5","b1d5697d50014504fea8964eae8d6ad099291a4087058c07ada854c160fad766",25,6,60,"random_foldover","RandomFoldover","5a70eb1d2941e4328d36994fa7062739f6b19e717ed016eccf3b5e415866017d",0.490000000000009,"mallows_gp","gp_c4","estimated_c",4,0.266666666666667,TRUE,NA,60,356,98389451,0.0455011603910052,1.08886350999731,FALSE,FALSE,0,2.34463570208638,0.156309046805759,FALSE,2,TRUE,1.75977109636235,-67.3251170543424,59,1e-10,496.89527442689,0.568810122730178,0.583159240681798,0.619356586757982,0.634980817696148,0.0300576221620298,0.95190875513738,0.930555555555556,0.926966292134832,2.02694287326202,2.21955818122488,0.17003198685112,0.186643739033885,0.299217375917664,0.328450257268828
"29_pwo_gp_model_specific","db6cb901415724b9f55892557a81f2cbcc3e7f91cf2f712ea45b7b9a2b1eb5a5","b1d5697d50014504fea8964eae8d6ad099291a4087058c07ada854c160fad766",26,6,48,"FSA_lambda050","FSA_lambda050","d6728757682fcb8a47632e971a746a1728213cda7a9cec912eeb3c6040f53cd7",0.310000000000002,"mallows_gp","gp_c1","estimated_c",1,0.0666666666666667,TRUE,NA,48,402,91645179,0.335376786747262,0.72119841147611,FALSE,FALSE,0,0.886118964390747,0.0590745976260498,FALSE,1,TRUE,1.31374067962547,-24.6676538017976,47,1e-10,3154.00204145557,0.281201189543979,0.292536379998359,0.20280185120431,0.210976772553788,-0.840142934992399,-0.14215501920892,0.948611111111111,0.942786069651741,0.767302312081034,0.820042440639733,0.0317555852200188,0.033871602785699,0.041718604108852,0.0444985024636881
"29_pwo_gp_model_specific","db6cb901415724b9f55892557a81f2cbcc3e7f91cf2f712ea45b7b9a2b1eb5a5","b1d5697d50014504fea8964eae8d6ad099291a4087058c07ada854c160fad766",26,6,48,"SA_hamming_foldover","Hamming","d6728757682fcb8a47632e971a746a1728213cda7a9cec912eeb3c6040f53cd7",0.316000000000003,"mallows_gp","gp_c1","estimated_c",1,0.0666666666666667,TRUE,NA,48,402,91645179,0.335376786747262,0.72119841147611,FALSE,FALSE,0,0.606731036327409,0.0404487357551606,FALSE,0.5,TRUE,1.98819070711356,-17.5542947963443,47,1e-10,12149.1758766346,0.301651308460681,0.306096497086561,0.217550444481533,0.22075630745723,-0.751978819615356,-0.111568075850005,0.9125,0.920398009950249,0.69395278828681,0.737815979430042,0.017344137507241,0.0183359525410058,0.0344834530147964,0.036455370448103
"29_pwo_gp_model_specific","db6cb901415724b9f55892557a81f2cbcc3e7f91cf2f712ea45b7b9a2b1eb5a5","b1d5697d50014504fea8964eae8d6ad099291a4087058c07ada854c160fad766",26,6,48,"SA_l2_position_foldover","L2","d6728757682fcb8a47632e971a746a1728213cda7a9cec912eeb3c6040f53cd7",0.344999999999999,"mallows_gp","gp_c1","estimated_c",1,0.0666666666666667,TRUE,NA,48,402,91645179,0.335376786747262,0.72119841147611,FALSE,FALSE,0,0.93974471437635,0.06264964762509,FALSE,1,TRUE,1.14531238603176,-21.6416790509616,47,1e-10,2792.20488180179,0.307947615713796,0.314155198928084,0.222091331270645,0.226568230423896,-0.78649942999459,-0.108928283733663,0.940277777777778,0.940298507462687,0.78669627125199,0.844227913165664,0.0385991316239569,0.0414535096773025,0.044208063538988,0.0474772180779019
"29_pwo_gp_model_specific","db6cb901415724b9f55892557a81f2cbcc3e7f91cf2f712ea45b7b9a2b1eb5a5","b1d5697d50014504fea8964eae8d6ad099291a4087058c07ada854c160fad766",26,6,48,"random_foldover","RandomFoldover","d6728757682fcb8a47632e971a746a1728213cda7a9cec912eeb3c6040f53cd7",0.307000000000002,"mallows_gp","gp_c1","estimated_c",1,0.0666666666666667,TRUE,NA,48,402,91645179,0.335376786747262,0.72119841147611,FALSE,FALSE,0,0.876357020581148,0.0584238013720765,FALSE,1,TRUE,1.41758431805402,-19.8307615074538,47,1e-10,6862.81432332126,0.303550687554452,0.317615876228678,0.218920273666752,0.229064065395715,-0.781062240919756,-0.0857065807930803,0.956944444444444,0.955223880597015,0.881189176384894,0.951263264120398,0.0394507362899494,0.0428705031576527,0.0559247451003171,0.0607725529833739
"29_pwo_gp_model_specific","db6cb901415724b9f55892557a81f2cbcc3e7f91cf2f712ea45b7b9a2b1eb5a5","b1d5697d50014504fea8964eae8d6ad099291a4087058c07ada854c160fad766",26,6,48,"FSA_lambda050","FSA_lambda050","d6728757682fcb8a47632e971a746a1728213cda7a9cec912eeb3c6040f53cd7",0.319999999999993,"mallows_gp","gp_c4","estimated_c",4,0.266666666666667,TRUE,NA,48,402,98389452,-0.832976972078455,0.796361072075005,FALSE,FALSE,0,3.93453374913688,0.262302249942459,FALSE,4,TRUE,0.673623239180597,-49.2046729725297,47,1e-10,35.8266936001282,0.748902342597958,0.780798695486829,0.596396672430793,0.621797686212657,0.200893679907122,1.00457680561971,0.902777777777778,0.888059701492537,1.82934951126323,1.95605689628891,0.350282401554898,0.373906324992142,0.235958365963369,0.251871989791319
"29_pwo_gp_model_specific","db6cb901415724b9f55892557a81f2cbcc3e7f91cf2f712ea45b7b9a2b1eb5a5","b1d5697d50014504fea8964eae8d6ad099291a4087058c07ada854c160fad766",26,6,48,"SA_hamming_foldover","Hamming","d6728757682fcb8a47632e971a746a1728213cda7a9cec912eeb3c6040f53cd7",0.313000000000002,"mallows_gp","gp_c4","estimated_c",4,0.266666666666667,TRUE,NA,48,402,98389452,-0.832976972078455,0.796361072075005,FALSE,FALSE,0,12.1333174544186,0.808887830294574,FALSE,12,TRUE,0.411599204198126,-46.940880021089,47,1e-10,2.41411960782227,0.89593755256127,0.909473897840674,0.713489789869949,0.724269608308633,0.328129247607673,1.11099815987338,0.895833333333333,0.893034825870647,2.21864377695416,2.36950380849658,0.836415470276679,0.890751602791004,0.344267941944882,0.366632650846982
"29_pwo_gp_model_specific","db6cb901415724b9f55892557a81f2cbcc3e7f91cf2f712ea45b7b9a2b1eb5a5","b1d5697d50014504fea8964eae8d6ad099291a4087058c07ada854c160fad766",26,6,48,"SA_l2_position_foldover","L2","d6728757682fcb8a47632e971a746a1728213cda7a9cec912eeb3c6040f53cd7",0.347000000000008,"mallows_gp","gp_c4","estimated_c",4,0.266666666666667,TRUE,NA,48,402,98389452,-0.832976972078455,0.796361072075005,FALSE,FALSE,0,4.7497797753569,0.316651985023793,FALSE,4,TRUE,0.66251142860013,-50.9261877347804,47,1e-10,23.3671192890796,0.765240295368867,0.799046790365655,0.609407582014944,0.636329758613685,0.175148695640918,0.947302743336984,0.908333333333333,0.900497512437811,2.05270571196622,2.20033515049403,0.44936459957206,0.481634139406942,0.297709182824811,0.319088121761087
"29_pwo_gp_model_specific","db6cb901415724b9f55892557a81f2cbcc3e7f91cf2f712ea45b7b9a2b1eb5a5","b1d5697d50014504fea8964eae8d6ad099291a4087058c07ada854c160fad766",26,6,48,"random_foldover","RandomFoldover","d6728757682fcb8a47632e971a746a1728213cda7a9cec912eeb3c6040f53cd7",0.369,"mallows_gp","gp_c4","estimated_c",4,0.266666666666667,TRUE,NA,48,402,98389452,-0.832976972078455,0.796361072075005,FALSE,FALSE,0,4.69637297771602,0.313091531847735,FALSE,4,TRUE,0.909246868444042,-55.3162716741658,47,1e-10,47.3001427322672,0.779904274085762,0.821038700843096,0.621085403826816,0.653843260018478,0.188937765867893,0.97633604730873,0.948611111111111,0.940298507462687,2.47787239800246,2.66771261841613,0.479192167543557,0.518301847844595,0.435703977721892,0.471264332061458
"29_pwo_gp_model_specific","db6cb901415724b9f55892557a81f2cbcc3e7f91cf2f712ea45b7b9a2b1eb5a5","b1d5697d50014504fea8964eae8d6ad099291a4087058c07ada854c160fad766",26,6,60,"FSA_lambda050","FSA_lambda050","135327ee642a0585b508282cee587d24ab4e54a3ebb6483a2fe4058eef7944b9",0.394999999999996,"mallows_gp","gp_c1","estimated_c",1,0.0666666666666667,TRUE,NA,60,330,91645179,0.335376786747262,0.72119841147611,FALSE,FALSE,0,0.623195475548707,0.0415463650365804,FALSE,0.75,TRUE,2.0998681125819,-20.1837424232392,59,1e-10,13118.0358146105,0.246971133225675,0.248099033406638,0.178115188962812,0.178928628781626,-1.09253823377866,-0.31439756438607,0.936111111111111,0.942424242424242,0.612284059724365,0.667272324116533,0.0128896876364834,0.0140509474416467,0.0270666440489926,0.0295051364842781
"29_pwo_gp_model_specific","db6cb901415724b9f55892557a81f2cbcc3e7f91cf2f712ea45b7b9a2b1eb5a5","b1d5697d50014504fea8964eae8d6ad099291a4087058c07ada854c160fad766",26,6,60,"SA_hamming_foldover","Hamming","135327ee642a0585b508282cee587d24ab4e54a3ebb6483a2fe4058eef7944b9",0.415999999999997,"mallows_gp","gp_c1","estimated_c",1,0.0666666666666667,TRUE,NA,60,330,91645179,0.335376786747262,0.72119841147611,FALSE,FALSE,0,0.644805558726244,0.0429870372484163,FALSE,0.75,TRUE,2.07005708225769,-17.8364226181108,59,1e-10,16377.0313297231,0.242958700363236,0.25078862369064,0.175221428756266,0.18086835702197,-1.10927377191009,-0.30295237331003,0.948611111111111,0.948484848484848,0.669567803451789,0.729899712778561,0.015967597316317,0.017403459327355,0.033053837911281,0.036026154236375
"29_pwo_gp_model_specific","db6cb901415724b9f55892557a81f2cbcc3e7f91cf2f712ea45b7b9a2b1eb5a5","b1d5697d50014504fea8964eae8d6ad099291a4087058c07ada854c160fad766",26,6,60,"SA_l2_position_foldover","L2","135327ee642a0585b508282cee587d24ab4e54a3ebb6483a2fe4058eef7944b9",0.432999999999993,"mallows_gp","gp_c1","estimated_c",1,0.0666666666666667,TRUE,NA,60,330,91645179,0.335376786747262,0.72119841147611,FALSE,FALSE,0,0.92545418716694,0.0616969458111293,FALSE,1,TRUE,1.24944771957749,-21.1836712606294,59,1e-10,5683.29831101054,0.246459773110751,0.253249171945958,0.177746396860236,0.182642900515065,-1.12730003222784,-0.2891368226758,0.970833333333333,0.975757575757576,0.720677415907819,0.779696169661881,0.0302514749305146,0.0324215691185386,0.037797636365787,0.040509055600282
"29_pwo_gp_model_specific","db6cb901415724b9f55892557a81f2cbcc3e7f91cf2f712ea45b7b9a2b1eb5a5","b1d5697d50014504fea8964eae8d6ad099291a4087058c07ada854c160fad766",26,6,60,"random_foldover","RandomFoldover","135327ee642a0585b508282cee587d24ab4e54a3ebb6483a2fe4058eef7944b9",0.424999999999997,"mallows_gp","gp_c1","estimated_c",1,0.0666666666666667,TRUE,NA,60,330,91645179,0.335376786747262,0.72119841147611,FALSE,FALSE,0,0.958818193282909,0.0639212128855273,FALSE,1,TRUE,1.33241991298964,-21.6470614753759,59,1e-10,7034.00171039663,0.262205270180596,0.279514820960473,0.18910202433491,0.201585644860723,-1.07298966638682,-0.200640988839211,0.988888888888889,0.990909090909091,0.802285946495446,0.89644737655235,0.0353107305301458,0.0402723848883575,0.0470487205005773,0.0536597275688304
"29_pwo_gp_model_specific","db6cb901415724b9f55892557a81f2cbcc3e7f91cf2f712ea45b7b9a2b1eb5a5","b1d5697d50014504fea8964eae8d6ad099291a4087058c07ada854c160fad766",26,6,60,"FSA_lambda050","FSA_lambda050","135327ee642a0585b508282cee587d24ab4e54a3ebb6483a2fe4058eef7944b9",0.448000000000008,"mallows_gp","gp_c4","estimated_c",4,0.266666666666667,TRUE,NA,60,330,98389452,-0.832976972078455,0.796361072075005,FALSE,FALSE,0,3.25292944822268,0.216861963214845,FALSE,3,TRUE,1.37147537581897,-75.1795327052328,59,1e-10,89.9078838209021,0.690632054399175,0.738315045563502,0.54999248325069,0.587965361214057,-0.0805990218833777,0.889075743598032,0.954166666666667,0.948484848484848,2.12346232637987,2.31331799588376,0.236419977409117,0.257480117181429,0.324244177368282,0.353127640477313
"29_pwo_gp_model_specific","db6cb901415724b9f55892557a81f2cbcc3e7f91cf2f712ea45b7b9a2b1eb5a5","b1d5697d50014504fea8964eae8d6ad099291a4087058c07ada854c160fad766",26,6,60,"SA_hamming_foldover","Hamming","135327ee642a0585b508282cee587d24ab4e54a3ebb6483a2fe4058eef7944b9",0.471000000000004,"mallows_gp","gp_c4","estimated_c",4,0.266666666666667,TRUE,NA,60,330,98389452,-0.832976972078455,0.796361072075005,FALSE,FALSE,0,4.20409901264235,0.28027326750949,FALSE,4,TRUE,0.975194779334176,-69.1483657187154,59,1e-10,59.3293266235474,0.737311411765394,0.772148122162932,0.587166106326625,0.614908706366374,-0.0676912293022355,0.890271733589098,0.958333333333333,0.954545454545455,2.21188433492406,2.4143864443816,0.363908577480539,0.397498641800495,0.354881744913948,0.387638600276269
"29_pwo_gp_model_specific","db6cb901415724b9f55892557a81f2cbcc3e7f91cf2f712ea45b7b9a2b1eb5a5","b1d5697d50014504fea8964eae8d6ad099291a4087058c07ada854c160fad766",26,6,60,"SA_l2_position_foldover","L2","135327ee642a0585b508282cee587d24ab4e54a3ebb6483a2fe4058eef7944b9",0.457000000000008,"mallows_gp","gp_c4","estimated_c",4,0.266666666666667,TRUE,NA,60,330,98389452,-0.832976972078455,0.796361072075005,FALSE,FALSE,0,7.33759671744708,0.489173114496472,FALSE,8,TRUE,0.738717326706292,-71.8181752225801,59,1e-10,10.2371689482458,0.718732759623775,0.754364765933326,0.572370790989416,0.600746733734274,-0.0581935607383748,0.914787547383208,0.9875,0.993939393939394,2.48914863693014,2.70369275265538,0.600757890417741,0.649610317716739,0.443790262807105,0.479878397304534
"29_pwo_gp_model_specific","db6cb901415724b9f55892557a81f2cbcc3e7f91cf2f712ea45b7b9a2b1eb5a5","b1d5697d50014504fea8964eae8d6ad099291a4087058c07ada854c160fad766",26,6,60,"random_foldover","RandomFoldover","135327ee642a0585b508282cee587d24ab4e54a3ebb6483a2fe4058eef7944b9",0.438999999999993,"mallows_gp","gp_c4","estimated_c",4,0.266666666666667,TRUE,NA,60,330,98389452,-0.832976972078455,0.796361072075005,FALSE,FALSE,0,6.33121898967011,0.422081265978007,FALSE,6,TRUE,0.583108499116775,-60.6096469172205,59,1e-10,25.7780038780255,0.730841550114477,0.766092269592931,0.582013760366124,0.610086061121401,-0.0829078345129231,0.891240941175503,0.948611111111111,0.945454545454545,2.12239078587686,2.35015098608047,0.555061739204171,0.622892077744088,0.323661217664491,0.363213664565084
"29_pwo_gp_model_specific","db6cb901415724b9f55892557a81f2cbcc3e7f91cf2f712ea45b7b9a2b1eb5a5","b1d5697d50014504fea8964eae8d6ad099291a4087058c07ada854c160fad766",27,6,48,"FSA_lambda050","FSA_lambda050","ba04edaeb6a9c01046c7fbadd40bfe25816161ab1f6b1a6335b55acf3ff6e556",0.301000000000002,"mallows_gp","gp_c1","estimated_c",1,0.0666666666666667,TRUE,NA,48,402,91645180,0.185787218860739,0.480008832438395,FALSE,FALSE,0,1.95777636373336,0.130518424248891,FALSE,2,TRUE,0.417977629924193,-21.9721469972641,47,1e-10,298.376140150015,0.42365007480357,0.434241084039271,0.203355777768901,0.208439555746473,-0.868464204021409,-0.14790200904298,0.979166666666667,0.975124378109453,0.878542005917965,0.945026864737734,0.130569995811338,0.141000396999219,0.0545753373884348,0.0589350117561039
"29_pwo_gp_model_specific","db6cb901415724b9f55892557a81f2cbcc3e7f91cf2f712ea45b7b9a2b1eb5a5","b1d5697d50014504fea8964eae8d6ad099291a4087058c07ada854c160fad766",27,6,48,"SA_hamming_foldover","Hamming","ba04edaeb6a9c01046c7fbadd40bfe25816161ab1f6b1a6335b55acf3ff6e556",0.295000000000002,"mallows_gp","gp_c1","estimated_c",1,0.0666666666666667,TRUE,NA,48,402,91645180,0.185787218860739,0.480008832438395,FALSE,FALSE,0,1.17384452333499,0.0782563015556662,FALSE,1,TRUE,0.705822718115798,-15.9357885874716,47,1e-10,1935.31117146275,0.454484941228958,0.456415437151203,0.218156786000145,0.219083441093809,-0.831382352727686,-0.143322364207951,0.947222222222222,0.947761194029851,0.783781221178593,0.834698753005321,0.0624070937556239,0.0659790813338759,0.0440483445443019,0.0465695345258596
"29_pwo_gp_model_specific","db6cb901415724b9f55892557a81f2cbcc3e7f91cf2f712ea45b7b9a2b1eb5a5","b1d5697d50014504fea8964eae8d6ad099291a4087058c07ada854c160fad766",27,6,48,"SA_l2_position_foldover","L2","ba04edaeb6a9c01046c7fbadd40bfe25816161ab1f6b1a6335b55acf3ff6e556",0.322000000000003,"mallows_gp","gp_c1","estimated_c",1,0.0666666666666667,TRUE,NA,48,402,91645180,0.185787218860739,0.480008832438395,FALSE,FALSE,0,1.59518154648302,0.106345436432201,FALSE,1.5,TRUE,0.546735769765105,-21.3213171380534,47,1e-10,593.321144817411,0.432993481486084,0.440333176791572,0.207840695501571,0.211363814075612,-0.846417822346528,-0.141025099864946,0.973611111111111,0.980099502487562,0.876571264045247,0.941044903472435,0.099952672308176,0.107594273040593,0.0546477012344899,0.0588256376931655
"29_pwo_gp_model_specific","db6cb901415724b9f55892557a81f2cbcc3e7f91cf2f712ea45b7b9a2b1eb5a5","b1d5697d50014504fea8964eae8d6ad099291a4087058c07ada854c160fad766",27,6,48,"random_foldover","RandomFoldover","ba04edaeb6a9c01046c7fbadd40bfe25816161ab1f6b1a6335b55acf3ff6e556",0.302999999999997,"mallows_gp","gp_c1","estimated_c",1,0.0666666666666667,TRUE,NA,48,402,91645180,0.185787218860739,0.480008832438395,FALSE,FALSE,0,1.33377533780535,0.0889183558536899,FALSE,1.5,TRUE,0.46700550166454,-9.49536643841032,47,1e-10,1639.98171713059,0.482196644911897,0.494818685093284,0.231458648529871,0.237517339300329,-0.720382668779345,-0.00173315710042221,0.908333333333333,0.90547263681592,0.713752753145658,0.763049245733856,0.0778478090529424,0.0829660409588164,0.0363553551202547,0.0387455975790928
"29_pwo_gp_model_specific","db6cb901415724b9f55892557a81f2cbcc3e7f91cf2f712ea45b7b9a2b1eb5a5","b1d5697d50014504fea8964eae8d6ad099291a4087058c07ada854c160fad766",27,6,48,"FSA_lambda050","FSA_lambda050","ba04edaeb6a9c01046c7fbadd40bfe25816161ab1f6b1a6335b55acf3ff6e556",0.305000000000007,"mallows_gp","gp_c4","estimated_c",4,0.266666666666667,TRUE,NA,48,402,98389453,0.29198609888378,0.841044374444498,FALSE,FALSE,0,26.376437925708,1.7584291950472,FALSE,24,TRUE,0.553685278188278,-54.719251707028,47,1e-10,1.06538545252171,0.935136105671296,0.974036491759295,0.786490961014779,0.81920791189781,0.412292728448297,1.22718395730028,0.929166666666667,0.917910447761194,2.73013172273884,2.92555423865052,0.938738432544274,1.00607176422538,0.519765650169304,0.557047124652502
"29_pwo_gp_model_specific","db6cb901415724b9f55892557a81f2cbcc3e7f91cf2f712ea45b7b9a2b1eb5a5","b1d5697d50014504fea8964eae8d6ad099291a4087058c07ada854c160fad766",27,6,48,"SA_hamming_foldover","Hamming","ba04edaeb6a9c01046c7fbadd40bfe25816161ab1f6b1a6335b55acf3ff6e556",0.325000000000003,"mallows_gp","gp_c4","estimated_c",4,0.266666666666667,TRUE,NA,48,402,98389453,0.29198609888378,0.841044374444498,FALSE,FALSE,0,4.77119985095724,0.318079990063816,FALSE,4,TRUE,0.778562856550754,-53.7597612869774,47,1e-10,29.0779470081185,0.75207571569625,0.773318051664502,0.632529049842651,0.650394797008809,0.209966618292578,0.988146038189461,0.947222222222222,0.930348258706468,2.2631029383193,2.41595334256163,0.465872621518178,0.495114503974483,0.362711118997981,0.385477762534083
"29_pwo_gp_model_specific","db6cb901415724b9f55892557a81f2cbcc3e7f91cf2f712ea45b7b9a2b1eb5a5","b1d5697d50014504fea8964eae8d6ad099291a4087058c07ada854c160fad766",27,6,48,"SA_l2_position_foldover","L2","ba04edaeb6a9c01046c7fbadd40bfe25816161ab1f6b1a6335b55acf3ff6e556",0.334999999999994,"mallows_gp","gp_c4","estimated_c",4,0.266666666666667,TRUE,NA,48,402,98389453,0.29198609888378,0.841044374444498,FALSE,FALSE,0,5.03366122809885,0.33557741520659,FALSE,6,TRUE,0.596286430869578,-49.4671568057949,47,1e-10,19.0585327922102,0.756764770469872,0.754783152387378,0.636472752981468,0.634806124240888,0.238616800916542,0.976769388446172,0.911111111111111,0.922885572139303,1.99588555834989,2.14417636851585,0.471245579574212,0.507720729929836,0.280997344707373,0.302746981928359
"29_pwo_gp_model_specific","db6cb901415724b9f55892557a81f2cbcc3e7f91cf2f712ea45b7b9a2b1eb5a5","b1d5697d50014504fea8964eae8d6ad099291a4087058c07ada854c160fad766",27,6,48,"random_foldover","RandomFoldover","ba04edaeb6a9c01046c7fbadd40bfe25816161ab1f6b1a6335b55acf3ff6e556",0.312999999999988,"mallows_gp","gp_c4","estimated_c",4,0.266666666666667,TRUE,NA,48,402,98389453,0.29198609888378,0.841044374444498,FALSE,FALSE,0,5.04671802643985,0.336447868429324,FALSE,6,TRUE,1.21303472606592,-63.9448044326981,47,1e-10,32.4025069803131,0.641638362517495,0.679239615963611,0.539646335223119,0.571270657906036,0.165982517921799,0.941031005417223,0.998611111111111,0.997512437810945,2.91816558775233,3.12535183610745,0.495765443429108,0.530516344941026,0.601380698862977,0.64353474915903
"29_pwo_gp_model_specific","db6cb901415724b9f55892557a81f2cbcc3e7f91cf2f712ea45b7b9a2b1eb5a5","b1d5697d50014504fea8964eae8d6ad099291a4087058c07ada854c160fad766",27,6,60,"FSA_lambda050","FSA_lambda050","bee41b4d91fde3cd425cf2fbaf7f4071657fcef71db96242dc7ee26e234c663f",0.402000000000001,"mallows_gp","gp_c1","estimated_c",1,0.0666666666666667,TRUE,NA,60,350,91645180,0.185787218860739,0.480008832438395,FALSE,FALSE,0,1.10242624177425,0.0734950827849497,FALSE,1,TRUE,0.707293039050965,-15.3101963478837,59,1e-10,2381.6951715587,0.392275196321286,0.406271996238795,0.188295558980723,0.195014146567,-1.07497430598462,-0.202748536517124,0.915277777777778,0.905714285714286,0.610230739346435,0.659607288866716,0.0379290997752559,0.0406274604398419,0.026826988248508,0.0287355199634186
"29_pwo_gp_model_specific","db6cb901415724b9f55892557a81f2cbcc3e7f91cf2f712ea45b7b9a2b1eb5a5","b1d5697d50014504fea8964eae8d6ad099291a4087058c07ada854c160fad766",27,6,60,"SA_hamming_foldover","Hamming","bee41b4d91fde3cd425cf2fbaf7f4071657fcef71db96242dc7ee26e234c663f",0.426000000000002,"mallows_gp","gp_c1","estimated_c",1,0.0666666666666667,TRUE,NA,60,350,91645180,0.185787218860739,0.480008832438395,FALSE,FALSE,0,1.49628359575937,0.0997522397172914,FALSE,1.5,TRUE,0.39207728433195,-5.87188469054033,59,1e-10,1694.09693465668,0.466573742160943,0.50507920337822,0.223959517221087,0.242442478702494,-0.937310078919907,0.0489447880139953,0.890277777777778,0.86,0.654976600650673,0.722959128800395,0.080192176058078,0.0894365033097793,0.0314415306135209,0.0350660213378437
"29_pwo_gp_model_specific","db6cb901415724b9f55892557a81f2cbcc3e7f91cf2f712ea45b7b9a2b1eb5a5","b1d5697d50014504fea8964eae8d6ad099291a4087058c07ada854c160fad766",27,6,60,"SA_l2_position_foldover","L2","bee41b4d91fde3cd425cf2fbaf7f4071657fcef71db96242dc7ee26e234c663f",0.446999999999989,"mallows_gp","gp_c1","estimated_c",1,0.0666666666666667,TRUE,NA,60,350,91645180,0.185787218860739,0.480008832438395,FALSE,FALSE,0,1.57782394238395,0.105188262825597,FALSE,1.5,TRUE,0.477689755926575,-16.6216143738818,59,1e-10,971.542804778945,0.376858156707493,0.389697821125666,0.18089524379605,0.187058396122317,-1.14236832041047,-0.264313440011814,0.973611111111111,0.971428571428571,0.731879126207442,0.784209711165461,0.0815432964130812,0.0857362760823045,0.0389523973610131,0.0409553407958094
"29_pwo_gp_model_specific","db6cb901415724b9f55892557a81f2cbcc3e7f91cf2f712ea45b7b9a2b1eb5a5","b1d5697d50014504fea8964eae8d6ad099291a4087058c07ada854c160fad766",27,6,60,"random_foldover","RandomFoldover","bee41b4d91fde3cd425cf2fbaf7f4071657fcef71db96242dc7ee26e234c663f",0.433999999999997,"mallows_gp","gp_c1","estimated_c",1,0.0666666666666667,TRUE,NA,60,350,91645180,0.185787218860739,0.480008832438395,FALSE,FALSE,0,1.20668096571364,0.0804453977142424,FALSE,1,TRUE,0.558176715739317,-8.02478104929974,59,1e-10,2536.95131152572,0.399883067551796,0.424301455905465,0.191947404367421,0.203668446451094,-1.083886124856,-0.187985493138578,0.926388888888889,0.931428571428571,0.637627614887365,0.709256108350826,0.0536314320561777,0.0606594493353399,0.0299358166055136,0.0338586922085555
"29_pwo_gp_model_specific","db6cb901415724b9f55892557a81f2cbcc3e7f91cf2f712ea45b7b9a2b1eb5a5","b1d5697d50014504fea8964eae8d6ad099291a4087058c07ada854c160fad766",27,6,60,"FSA_lambda050","FSA_lambda050","bee41b4d91fde3cd425cf2fbaf7f4071657fcef71db96242dc7ee26e234c663f",0.412000000000006,"mallows_gp","gp_c4","estimated_c",4,0.266666666666667,TRUE,NA,60,350,98389453,0.29198609888378,0.841044374444498,FALSE,FALSE,0,4.68557555401272,0.312371703600848,FALSE,4,TRUE,0.958075782547266,-73.3212472765402,59,1e-10,30.1437112510269,0.674392764820505,0.741358276951475,0.567194241018358,0.623515208277905,-0.0740569235926341,0.929000901210692,0.969444444444444,0.954285714285714,2.24325409255107,2.43099290752922,0.376475509495362,0.405226658963095,0.360692068369649,0.388237848395082
"29_pwo_gp_model_specific","db6cb901415724b9f55892557a81f2cbcc3e7f91cf2f712ea45b7b9a2b1eb5a5","b1d5697d50014504fea8964eae8d6ad099291a4087058c07ada854c160fad766",27,6,60,"SA_hamming_foldover","Hamming","bee41b4d91fde3cd425cf2fbaf7f4071657fcef71db96242dc7ee26e234c663f",0.39800000000001,"mallows_gp","gp_c4","estimated_c",4,0.266666666666667,TRUE,NA,60,350,98389453,0.29198609888378,0.841044374444498,FALSE,FALSE,0,4.73908017795591,0.315938678530394,FALSE,4,TRUE,0.718363559214961,-61.5120009692156,59,1e-10,52.3757452529437,0.681868470704482,0.706424363560896,0.573481641397077,0.594134236943427,-0.0824890170702069,0.886010286488448,0.948611111111111,0.951428571428571,2.05761615728176,2.26229933119468,0.426501058150892,0.472228254803219,0.306382818142222,0.33923156988231
"29_pwo_gp_model_specific","db6cb901415724b9f55892557a81f2cbcc3e7f91cf2f712ea45b7b9a2b1eb5a5","b1d5697d50014504fea8964eae8d6ad099291a4087058c07ada854c160fad766",27,6,60,"SA_l2_position_foldover","L2","bee41b4d91fde3cd425cf2fbaf7f4071657fcef71db96242dc7ee26e234c663f",0.465000000000003,"mallows_gp","gp_c4","estimated_c",4,0.266666666666667,TRUE,NA,60,350,98389453,0.29198609888378,0.841044374444498,FALSE,FALSE,0,4.65294689047506,0.310196459365004,FALSE,4,TRUE,0.877267489894694,-69.3678003054521,59,1e-10,38.3173445131132,0.705353258318738,0.729696790147766,0.593233389905071,0.613707380403986,-0.0551791616625584,0.898467578695923,0.943055555555556,0.931428571428571,2.18369770682373,2.35381925086618,0.391569854329923,0.416689632787899,0.343511503226442,0.365548268220982
"29_pwo_gp_model_specific","db6cb901415724b9f55892557a81f2cbcc3e7f91cf2f712ea45b7b9a2b1eb5a5","b1d5697d50014504fea8964eae8d6ad099291a4087058c07ada854c160fad766",27,6,60,"random_foldover","RandomFoldover","bee41b4d91fde3cd425cf2fbaf7f4071657fcef71db96242dc7ee26e234c663f",0.465000000000003,"mallows_gp","gp_c4","estimated_c",4,0.266666666666667,TRUE,NA,60,350,98389453,0.29198609888378,0.841044374444498,FALSE,FALSE,0,5.39463018224525,0.359642012149684,FALSE,6,TRUE,0.65292499952469,-62.2478189442767,59,1e-10,29.7164985022231,0.782095931348938,0.833980923093629,0.657777383336955,0.701414963761927,0.0517829420450861,1.05042915662571,0.915277777777778,0.908571428571429,2.08310691720047,2.30368722960098,0.480327823605405,0.537848705101082,0.313618043999255,0.351174865522479
"29_pwo_gp_model_specific","db6cb901415724b9f55892557a81f2cbcc3e7f91cf2f712ea45b7b9a2b1eb5a5","b1d5697d50014504fea8964eae8d6ad099291a4087058c07ada854c160fad766",28,6,48,"FSA_lambda050","FSA_lambda050","0b30b8007f08b6f7a0e51833efcd44351751f1c115091c9f63a1bedde053c7e7",0.329999999999998,"mallows_gp","gp_c1","estimated_c",1,0.0666666666666667,TRUE,NA,48,396,91645181,-0.254535076105962,0.576071441898039,FALSE,FALSE,0,1.37415719909585,0.0916104799397233,FALSE,1.5,TRUE,0.757852084223166,-25.7425545654553,47,1e-10,818.949020734558,0.322730046012657,0.336409229009033,0.185915562950332,0.193795749623042,-0.902347746525217,-0.195632415360736,0.990277777777778,0.98989898989899,0.883352419984049,0.943904088640077,0.0729206078085373,0.0777161642390601,0.0552630346105201,0.0588973570464016
"29_pwo_gp_model_specific","db6cb901415724b9f55892557a81f2cbcc3e7f91cf2f712ea45b7b9a2b1eb5a5","b1d5697d50014504fea8964eae8d6ad099291a4087058c07ada854c160fad766",28,6,48,"SA_hamming_foldover","Hamming","0b30b8007f08b6f7a0e51833efcd44351751f1c115091c9f63a1bedde053c7e7",0.325999999999993,"mallows_gp","gp_c1","estimated_c",1,0.0666666666666667,TRUE,NA,48,396,91645181,-0.254535076105962,0.576071441898039,FALSE,FALSE,0,1.44458687227171,0.0963057914847808,FALSE,1.5,TRUE,0.554121633011499,-16.5657715891854,47,1e-10,920.968906526452,0.440922417464547,0.460470782844095,0.254002812793971,0.265264067824917,-0.671491054260167,0.0736300515299968,0.915277777777778,0.898989898989899,0.837100731815715,0.899693323197435,0.0907738183168364,0.0977533379212398,0.0502997364404145,0.0541672392412423
"29_pwo_gp_model_specific","db6cb901415724b9f55892557a81f2cbcc3e7f91cf2f712ea45b7b9a2b1eb5a5","b1d5697d50014504fea8964eae8d6ad099291a4087058c07ada854c160fad766",28,6,48,"SA_l2_position_foldover","L2","0b30b8007f08b6f7a0e51833efcd44351751f1c115091c9f63a1bedde053c7e7",0.353999999999999,"mallows_gp","gp_c1","estimated_c",1,0.0666666666666667,TRUE,NA,48,396,91645181,-0.254535076105962,0.576071441898039,FALSE,FALSE,0,0.948494308613649,0.0632329539075766,FALSE,1,TRUE,1.37528760572338,-26.7704543306621,47,1e-10,2577.2238121649,0.343504131023729,0.357777313879163,0.197882920056772,0.206105293084777,-0.856416507501423,-0.165955640213996,0.979166666666667,0.974747474747475,0.852220252159353,0.910266086251155,0.0375835377234618,0.0400084390969641,0.051688173610314,0.0550231104143933
"29_pwo_gp_model_specific","db6cb901415724b9f55892557a81f2cbcc3e7f91cf2f712ea45b7b9a2b1eb5a5","b1d5697d50014504fea8964eae8d6ad099291a4087058c07ada854c160fad766",28,6,48,"random_foldover","RandomFoldover","0b30b8007f08b6f7a0e51833efcd44351751f1c115091c9f63a1bedde053c7e7",0.331000000000003,"mallows_gp","gp_c1","estimated_c",1,0.0666666666666667,TRUE,NA,48,396,91645181,-0.254535076105962,0.576071441898039,FALSE,FALSE,0,0.927162725764957,0.0618108483843305,FALSE,1,TRUE,1.245744656052,-19.9433391309448,47,1e-10,4334.02972375611,0.337629375465449,0.341542712649877,0.194498641151516,0.196753002945982,-0.874437772349359,-0.207143636779024,0.973611111111111,0.97979797979798,0.851899538763799,0.917704931641959,0.0416967597003685,0.0451030908598185,0.0519435155714186,0.0561869344100469
"29_pwo_gp_model_specific","db6cb901415724b9f55892557a81f2cbcc3e7f91cf2f712ea45b7b9a2b1eb5a5","b1d5697d50014504fea8964eae8d6ad099291a4087058c07ada854c160fad766",28,6,48,"FSA_lambda050","FSA_lambda050","0b30b8007f08b6f7a0e51833efcd44351751f1c115091c9f63a1bedde053c7e7",0.358999999999995,"mallows_gp","gp_c4","estimated_c",4,0.266666666666667,TRUE,NA,48,396,98389454,0.328317449079222,1.05816989928227,FALSE,FALSE,0,2.42752553287609,0.161835035525073,FALSE,2,TRUE,1.25813211887404,-53.6028419530299,47,1e-10,148.423492288298,0.56961220541003,0.624243404994653,0.602746490028682,0.660555580990812,0.236035725634397,1.08155759922453,0.884722222222222,0.858585858585859,1.8116106030034,1.9364873547575,0.184393504255319,0.196675563076999,0.231991390215353,0.24744384290481
"29_pwo_gp_model_specific","db6cb901415724b9f55892557a81f2cbcc3e7f91cf2f712ea45b7b9a2b1eb5a5","b1d5697d50014504fea8964eae8d6ad099291a4087058c07ada854c160fad766",28,6,48,"SA_hamming_foldover","Hamming","0b30b8007f08b6f7a0e51833efcd44351751f1c115091c9f63a1bedde053c7e7",0.322000000000003,"mallows_gp","gp_c4","estimated_c",4,0.266666666666667,TRUE,NA,48,396,98389454,0.328317449079222,1.05816989928227,FALSE,FALSE,0,3.52599823760907,0.235066549173938,FALSE,4,TRUE,1.16238158724761,-57.3352340021023,47,1e-10,67.4745352296786,0.576534080139254,0.633647515687205,0.610071009513749,0.670506727855189,0.173474302545433,0.998234280325464,0.956944444444444,0.941919191919192,2.35318670218114,2.52837454165934,0.339199980166802,0.365306388864434,0.394279811340644,0.424625420119932
"29_pwo_gp_model_specific","db6cb901415724b9f55892557a81f2cbcc3e7f91cf2f712ea45b7b9a2b1eb5a5","b1d5697d50014504fea8964eae8d6ad099291a4087058c07ada854c160fad766",28,6,48,"SA_l2_position_foldover","L2","0b30b8007f08b6f7a0e51833efcd44351751f1c115091c9f63a1bedde053c7e7",0.358999999999995,"mallows_gp","gp_c4","estimated_c",4,0.266666666666667,TRUE,NA,48,396,98389454,0.328317449079222,1.05816989928227,FALSE,FALSE,0,3.45627633262874,0.230418422175249,FALSE,3,TRUE,1.17146152511804,-59.1918076975629,47,1e-10,53.3311134117066,0.545658984118287,0.588888743487444,0.577399912266912,0.62314434238457,0.139944557516625,0.941091522668992,0.948611111111111,0.934343434343434,2.24958755467622,2.40133218494145,0.305638319960065,0.325016341033123,0.358043532434934,0.380744138554948
"29_pwo_gp_model_specific","db6cb901415724b9f55892557a81f2cbcc3e7f91cf2f712ea45b7b9a2b1eb5a5","b1d5697d50014504fea8964eae8d6ad099291a4087058c07ada854c160fad766",28,6,48,"random_foldover","RandomFoldover","0b30b8007f08b6f7a0e51833efcd44351751f1c115091c9f63a1bedde053c7e7",0.329999999999998,"mallows_gp","gp_c4","estimated_c",4,0.266666666666667,TRUE,NA,48,396,98389454,0.328317449079222,1.05816989928227,FALSE,FALSE,0,3.13170078843869,0.20878005256258,FALSE,3,TRUE,1.51045905591636,-60.2367958801077,47,1e-10,118.900789737732,0.511297861043001,0.553428105194871,0.541040006123111,0.585620962334033,0.110255264477223,0.89362453877079,0.993055555555556,0.98989898989899,2.50367825505791,2.69212738222836,0.294956880119466,0.317952533671017,0.445520290681282,0.480254283834937
"29_pwo_gp_model_specific","db6cb901415724b9f55892557a81f2cbcc3e7f91cf2f712ea45b7b9a2b1eb5a5","b1d5697d50014504fea8964eae8d6ad099291a4087058c07ada854c160fad766",28,6,60,"FSA_lambda050","FSA_lambda050","c4faf2678c34829fe08fc1097472b49e9f04eb20e2cdb6f9928e104c8eb391cc",0.475000000000009,"mallows_gp","gp_c1","estimated_c",1,0.0666666666666667,TRUE,NA,60,330,91645181,-0.254535076105962,0.576071441898039,FALSE,FALSE,0,0.729185110624302,0.0486123407082868,FALSE,0.75,TRUE,1.5683245334147,-19.4243062804467,59,1e-10,7963.47758717189,0.318531282759083,0.327332103015565,0.183496775348657,0.188566676563694,-1.08543931852455,-0.254364640551304,0.934722222222222,0.933333333333333,0.620829660058925,0.673531056498334,0.017738116850298,0.0191507591183089,0.0278191238328991,0.0300346053587592
"29_pwo_gp_model_specific","db6cb901415724b9f55892557a81f2cbcc3e7f91cf2f712ea45b7b9a2b1eb5a5","b1d5697d50014504fea8964eae8d6ad099291a4087058c07ada854c160fad766",28,6,60,"SA_hamming_foldover","Hamming","c4faf2678c34829fe08fc1097472b49e9f04eb20e2cdb6f9928e104c8eb391cc",0.495000000000005,"mallows_gp","gp_c1","estimated_c",1,0.0666666666666667,TRUE,NA,60,330,91645181,-0.254535076105962,0.576071441898039,FALSE,FALSE,0,0.927562550497477,0.0618375033664985,FALSE,1,TRUE,1.17757965670549,-17.3173441272615,59,1e-10,6796.4529792053,0.319067040856284,0.325933271665517,0.18380541028822,0.1877608497709,-1.11859419734078,-0.282301695208128,0.969444444444444,0.96969696969697,0.726436648050345,0.792297894764396,0.0328015617302494,0.0357591026076243,0.038626451801711,0.0421091917727826
"29_pwo_gp_model_specific","db6cb901415724b9f55892557a81f2cbcc3e7f91cf2f712ea45b7b9a2b1eb5a5","b1d5697d50014504fea8964eae8d6ad099291a4087058c07ada854c160fad766",28,6,60,"SA_l2_position_foldover","L2","c4faf2678c34829fe08fc1097472b49e9f04eb20e2cdb6f9928e104c8eb391cc",0.498000000000005,"mallows_gp","gp_c1","estimated_c",1,0.0666666666666667,TRUE,NA,60,330,91645181,-0.254535076105962,0.576071441898039,FALSE,FALSE,0,1.12368456342148,0.0749123042280989,FALSE,1,TRUE,0.921665169241956,-21.0572416736051,59,1e-10,2316.38943088019,0.322466410028663,0.32838884337331,0.185763689788896,0.189175434505292,-1.08851791428305,-0.245380548619461,0.963888888888889,0.960606060606061,0.750934662306438,0.80620881304,0.044612813404199,0.0471197665474339,0.0411180762165409,0.0434286476095821
"29_pwo_gp_model_specific","db6cb901415724b9f55892557a81f2cbcc3e7f91cf2f712ea45b7b9a2b1eb5a5","b1d5697d50014504fea8964eae8d6ad099291a4087058c07ada854c160fad766",28,6,60,"random_foldover","RandomFoldover","c4faf2678c34829fe08fc1097472b49e9f04eb20e2cdb6f9928e104c8eb391cc",0.458999999999989,"mallows_gp","gp_c1","estimated_c",1,0.0666666666666667,TRUE,NA,60,330,91645181,-0.254535076105962,0.576071441898039,FALSE,FALSE,0,0.877227876321772,0.0584818584214515,FALSE,1,TRUE,1.39288742444163,-20.0851706781501,59,1e-10,7482.35025309129,0.304174140256408,0.314062231779402,0.175226035565605,0.180922282706876,-1.12485035182393,-0.280860652541156,0.976388888888889,0.978787878787879,0.743410416883021,0.809979063931004,0.0290954773422683,0.0316277104866331,0.0405267244981718,0.0440538402007119
"29_pwo_gp_model_specific","db6cb901415724b9f55892557a81f2cbcc3e7f91cf2f712ea45b7b9a2b1eb5a5","b1d5697d50014504fea8964eae8d6ad099291a4087058c07ada854c160fad766",28,6,60,"FSA_lambda050","FSA_lambda050","c4faf2678c34829fe08fc1097472b49e9f04eb20e2cdb6f9928e104c8eb391cc",0.469999999999999,"mallows_gp","gp_c4","estimated_c",4,0.266666666666667,TRUE,NA,60,330,98389454,0.328317449079222,1.05816989928227,FALSE,FALSE,0,2.62676498314596,0.175117665543064,FALSE,3,TRUE,1.60748377349449,-73.6055648194994,59,1e-10,169.043660251363,0.486166533111225,0.53358534415703,0.514446791376714,0.564623949885139,-0.147257840578998,0.820191357152912,0.951388888888889,0.939393939393939,1.9659039632879,2.13689643208661,0.172979063267854,0.187389653825184,0.278061037357352,0.301225827844734
"29_pwo_gp_model_specific","db6cb901415724b9f55892557a81f2cbcc3e7f91cf2f712ea45b7b9a2b1eb5a5","b1d5697d50014504fea8964eae8d6ad099291a4087058c07ada854c160fad766",28,6,60,"SA_hamming_foldover","Hamming","c4faf2678c34829fe08fc1097472b49e9f04eb20e2cdb6f9928e104c8eb391cc",0.435000000000002,"mallows_gp","gp_c4","estimated_c",4,0.266666666666667,TRUE,NA,60,330,98389454,0.328317449079222,1.05816989928227,FALSE,FALSE,0,3.39459366254591,0.226306244169728,FALSE,3,TRUE,1.2792827566157,-70.1734938250726,59,1e-10,144.938779346571,0.503261117643835,0.520947754905011,0.532535766169858,0.551251233339159,-0.126772161394099,0.80653206668253,0.980555555555556,0.972727272727273,2.23329541656587,2.43882880678229,0.28262875545608,0.308940518971135,0.361562093378718,0.395222278739679
"29_pwo_gp_model_specific","db6cb901415724b9f55892557a81f2cbcc3e7f91cf2f712ea45b7b9a2b1eb5a5","b1d5697d50014504fea8964eae8d6ad099291a4087058c07ada854c160fad766",28,6,60,"SA_l2_position_foldover","L2","c4faf2678c34829fe08fc1097472b49e9f04eb20e2cdb6f9928e104c8eb391cc",0.476000000000013,"mallows_gp","gp_c4","estimated_c",4,0.266666666666667,TRUE,NA,60,330,98389454,0.328317449079222,1.05816989928227,FALSE,FALSE,0,2.51245761075741,0.167497174050494,FALSE,3,TRUE,1.19009944883514,-60.8021810197197,59,1e-10,238.789489881185,0.55045457996268,0.563565349445905,0.582474467438572,0.596347889062149,0.0288068099701329,0.962572183181389,0.880555555555556,0.860606060606061,1.70080735050978,1.82843737117382,0.176397335831156,0.186797065745749,0.209930372148645,0.222307084988037
"29_pwo_gp_model_specific","db6cb901415724b9f55892557a81f2cbcc3e7f91cf2f712ea45b7b9a2b1eb5a5","b1d5697d50014504fea8964eae8d6ad099291a4087058c07ada854c160fad766",28,6,60,"random_foldover","RandomFoldover","c4faf2678c34829fe08fc1097472b49e9f04eb20e2cdb6f9928e104c8eb391cc",0.504000000000005,"mallows_gp","gp_c4","estimated_c",4,0.266666666666667,TRUE,NA,60,330,98389454,0.328317449079222,1.05816989928227,FALSE,FALSE,0,3.16799972577343,0.211199981718229,FALSE,3,TRUE,1.0560053008056,-62.9739774142395,59,1e-10,166.997141093534,0.535956170009789,0.557051665931997,0.567132686438969,0.58945530523428,-0.0798962132851675,0.867699541268655,0.931944444444444,0.93030303030303,1.92718479811638,2.10265631264552,0.255629456563527,0.278668592720104,0.26994606117314,0.294275511080468
"29_pwo_gp_model_specific","db6cb901415724b9f55892557a81f2cbcc3e7f91cf2f712ea45b7b9a2b1eb5a5","b1d5697d50014504fea8964eae8d6ad099291a4087058c07ada854c160fad766",29,6,48,"FSA_lambda050","FSA_lambda050","acfa05b1dc532ad81e385ed516b933faa40a856eb1efa1149af2d7a3cb782256",0.308000000000007,"mallows_gp","gp_c1","estimated_c",1,0.0666666666666667,TRUE,NA,48,380,91645182,0.289557869721545,0.741842199014939,FALSE,FALSE,0,0.746657249539556,0.0497771499693037,FALSE,0.75,TRUE,1.42515554508119,-20.5976566844534,47,1e-10,4357.27064246191,0.268651901107397,0.285940480003126,0.199297317087056,0.212122714472906,-0.839968384072072,-0.121744781129987,0.927777777777778,0.913157894736842,0.677431048251877,0.727688609821222,0.0227945216697372,0.0245291350020084,0.0324857389550993,0.0349578327641573
"29_pwo_gp_model_specific","db6cb901415724b9f55892557a81f2cbcc3e7f91cf2f712ea45b7b9a2b1eb5a5","b1d5697d50014504fea8964eae8d6ad099291a4087058c07ada854c160fad766",29,6,48,"SA_hamming_foldover","Hamming","acfa05b1dc532ad81e385ed516b933faa40a856eb1efa1149af2d7a3cb782256",0.337999999999994,"mallows_gp","gp_c1","estimated_c",1,0.0666666666666667,TRUE,NA,48,380,91645182,0.289557869721545,0.741842199014939,FALSE,FALSE,0,0.611013538577497,0.0407342359051665,FALSE,0.5,TRUE,2.2975935294737,-19.2406049509079,47,1e-10,16016.1613296055,0.240617638015824,0.240310504193053,0.178500317707439,0.178272472876963,-0.918348608334879,-0.272645954712725,0.970833333333333,0.968421052631579,0.778061323922766,0.837100968679652,0.0189434275668692,0.0204488524266662,0.0435242966036924,0.0469831510206709
"29_pwo_gp_model_specific","db6cb901415724b9f55892557a81f2cbcc3e7f91cf2f712ea45b7b9a2b1eb5a5","b1d5697d50014504fea8964eae8d6ad099291a4087058c07ada854c160fad766",29,6,48,"SA_l2_position_foldover","L2","acfa05b1dc532ad81e385ed516b933faa40a856eb1efa1149af2d7a3cb782256",0.362000000000009,"mallows_gp","gp_c1","estimated_c",1,0.0666666666666667,TRUE,NA,48,380,91645182,0.289557869721545,0.741842199014939,FALSE,FALSE,0,0.671546290110688,0.0447697526740459,FALSE,0.75,TRUE,1.4287015570846,-14.6766319920441,47,1e-10,7781.67318651446,0.276826712306163,0.301826957063451,0.20536173700328,0.223907973549938,-0.796415302512438,-0.042238936987564,0.9,0.881578947368421,0.643575311665418,0.700160539822117,0.0207323911605331,0.022898066060598,0.0296203995331407,0.0327145026350024
"29_pwo_gp_model_specific","db6cb901415724b9f55892557a81f2cbcc3e7f91cf2f712ea45b7b9a2b1eb5a5","b1d5697d50014504fea8964eae8d6ad099291a4087058c07ada854c160fad766",29,6,48,"random_foldover","RandomFoldover","acfa05b1dc532ad81e385ed516b933faa40a856eb1efa1149af2d7a3cb782256",0.350000000000009,"mallows_gp","gp_c1","estimated_c",1,0.0666666666666667,TRUE,NA,48,380,91645182,0.289557869721545,0.741842199014939,FALSE,FALSE,0,0.379945658310639,0.0253297105540426,FALSE,0.5,TRUE,3.26508114210174,-5.38442210682771,47,1e-10,102412.541536048,0.274179484157596,0.293162361536992,0.203397911452253,0.217480210951015,-0.732575277342163,0.00125369820502288,0.886111111111111,0.868421052631579,0.607776955462495,0.652555655692115,0.00823853308703287,0.00886980126347067,0.0268994790210523,0.0289606208395483
"29_pwo_gp_model_specific","db6cb901415724b9f55892557a81f2cbcc3e7f91cf2f712ea45b7b9a2b1eb5a5","b1d5697d50014504fea8964eae8d6ad099291a4087058c07ada854c160fad766",29,6,48,"FSA_lambda050","FSA_lambda050","acfa05b1dc532ad81e385ed516b933faa40a856eb1efa1149af2d7a3cb782256",0.373000000000005,"mallows_gp","gp_c4","estimated_c",4,0.266666666666667,TRUE,NA,48,380,98389455,-0.529835706982125,1.10845826279289,FALSE,FALSE,0,2.95325071464042,0.196883380976028,FALSE,3,TRUE,1.82797414078407,-67.4869085894724,47,1e-10,72.4444590365179,0.525279108668589,0.55435773779578,0.582249968276182,0.614482415002907,0.18071606955011,0.942597898833428,0.965277777777778,0.960526315789474,2.48276242279212,2.66790100164669,0.237852799346805,0.256162317136804,0.434788766519062,0.468258091569406
"29_pwo_gp_model_specific","db6cb901415724b9f55892557a81f2cbcc3e7f91cf2f712ea45b7b9a2b1eb5a5","b1d5697d50014504fea8964eae8d6ad099291a4087058c07ada854c160fad766",29,6,48,"SA_hamming_foldover","Hamming","acfa05b1dc532ad81e385ed516b933faa40a856eb1efa1149af2d7a3cb782256",0.319000000000003,"mallows_gp","gp_c4","estimated_c",4,0.266666666666667,TRUE,NA,48,380,98389455,-0.529835706982125,1.10845826279289,FALSE,FALSE,0,3.67440275936621,0.244960183957747,FALSE,4,TRUE,1.05319071390454,-54.8966894591166,47,1e-10,79.1034758287342,0.584743955318379,0.597496582919705,0.648164268890853,0.662300024327865,0.224592507027828,0.975961685794078,0.934722222222222,0.934210526315789,2.32209651323061,2.49059246520372,0.364101501650635,0.390857240003667,0.383468320457149,0.411647215634222
"29_pwo_gp_model_specific","db6cb901415724b9f55892557a81f2cbcc3e7f91cf2f712ea45b7b9a2b1eb5a5","b1d5697d50014504fea8964eae8d6ad099291a4087058c07ada854c160fad766",29,6,48,"SA_l2_position_foldover","L2","acfa05b1dc532ad81e385ed516b933faa40a856eb1efa1149af2d7a3cb782256",0.331000000000003,"mallows_gp","gp_c4","estimated_c",4,0.266666666666667,TRUE,NA,48,380,98389455,-0.529835706982125,1.10845826279289,FALSE,FALSE,0,3.2128528549914,0.21419019033276,FALSE,3,TRUE,1.53629448648287,-63.7945796485732,47,1e-10,71.7132755695627,0.57359827795104,0.601427175613048,0.635809750718603,0.666656922276473,0.218015207003946,0.989932793800282,0.969444444444444,0.963157894736842,2.49236217750985,2.70102558859835,0.287096044234948,0.31470609296558,0.441064069849192,0.483481235485586
"29_pwo_gp_model_specific","db6cb901415724b9f55892557a81f2cbcc3e7f91cf2f712ea45b7b9a2b1eb5a5","b1d5697d50014504fea8964eae8d6ad099291a4087058c07ada854c160fad766",29,6,48,"random_foldover","RandomFoldover","acfa05b1dc532ad81e385ed516b933faa40a856eb1efa1149af2d7a3cb782256",0.322999999999993,"mallows_gp","gp_c4","estimated_c",4,0.266666666666667,TRUE,NA,48,380,98389455,-0.529835706982125,1.10845826279289,FALSE,FALSE,0,3.17540568706907,0.211693712471271,FALSE,3,TRUE,1.58244110028361,-58.7230838039368,47,1e-10,179.769504094747,0.596379137028893,0.620040257399197,0.66106138219697,0.68728874657837,0.257057464427227,1.02106725882554,0.963888888888889,0.957894736842105,2.69077205690629,2.88251741471771,0.327931160104096,0.351408347769926,0.518931745812407,0.556083012493888
"29_pwo_gp_model_specific","db6cb901415724b9f55892557a81f2cbcc3e7f91cf2f712ea45b7b9a2b1eb5a5","b1d5697d50014504fea8964eae8d6ad099291a4087058c07ada854c160fad766",29,6,60,"FSA_lambda050","FSA_lambda050","4c2539ac798646b188c74da49d4512c522683b3cdd1771d86c02011d76a858d2",0.504999999999995,"mallows_gp","gp_c1","estimated_c",1,0.0666666666666667,TRUE,NA,60,366,91645182,0.289557869721545,0.741842199014939,FALSE,FALSE,0,0.869841648144665,0.0579894432096444,FALSE,1,TRUE,1.28258320086301,-22.1347104651667,59,1e-10,4825.5249450617,0.237672459727343,0.251399694065881,0.176315460169422,0.186498901877516,-1.12163177069906,-0.258154842497752,0.95,0.948087431693989,0.659027411205617,0.713058642514997,0.024424724964546,0.0262092377482071,0.0313267419252262,0.0336155280432752
"29_pwo_gp_model_specific","db6cb901415724b9f55892557a81f2cbcc3e7f91cf2f712ea45b7b9a2b1eb5a5","b1d5697d50014504fea8964eae8d6ad099291a4087058c07ada854c160fad766",29,6,60,"SA_hamming_foldover","Hamming","4c2539ac798646b188c74da49d4512c522683b3cdd1771d86c02011d76a858d2",0.475999999999999,"mallows_gp","gp_c1","estimated_c",1,0.0666666666666667,TRUE,NA,60,366,91645182,0.289557869721545,0.741842199014939,FALSE,FALSE,0,0.79494197664699,0.052996131776466,FALSE,0.75,TRUE,1.4196905273155,-14.8873888734563,59,1e-10,10071.7558699556,0.259294945621834,0.269519646786999,0.192355932653561,0.199941047450197,-1.08644067733782,-0.245773555945109,0.952777777777778,0.950819672131147,0.697705445096208,0.757981761165331,0.0252250372049599,0.0272872237584786,0.0358117463710626,0.0387394130866505
"29_pwo_gp_model_specific","db6cb901415724b9f55892557a81f2cbcc3e7f91cf2f712ea45b7b9a2b1eb5a5","b1d5697d50014504fea8964eae8d6ad099291a4087058c07ada854c160fad766",29,6,60,"SA_l2_position_foldover","L2","4c2539ac798646b188c74da49d4512c522683b3cdd1771d86c02011d76a858d2",0.491,"mallows_gp","gp_c1","estimated_c",1,0.0666666666666667,TRUE,NA,60,366,91645182,0.289557869721545,0.741842199014939,FALSE,FALSE,0,0.771272212955703,0.0514181475303802,FALSE,0.75,TRUE,1.51661857239914,-17.1167986775229,59,1e-10,9093.15231334399,0.231356802079959,0.243941595499956,0.171630238812061,0.1809661696369,-1.14905026368006,-0.302500024357799,0.975,0.975409836065574,0.68400665371003,0.745364375763364,0.0226660234900233,0.0246842432425405,0.0343757121874046,0.0374365817472549
"29_pwo_gp_model_specific","db6cb901415724b9f55892557a81f2cbcc3e7f91cf2f712ea45b7b9a2b1eb5a5","b1d5697d50014504fea8964eae8d6ad099291a4087058c07ada854c160fad766",29,6,60,"random_foldover","RandomFoldover","4c2539ac798646b188c74da49d4512c522683b3cdd1771d86c02011d76a858d2",0.47399999999999,"mallows_gp","gp_c1","estimated_c",1,0.0666666666666667,TRUE,NA,60,366,91645182,0.289557869721545,0.741842199014939,FALSE,FALSE,0,0.898047246896742,0.0598698164597828,FALSE,1,TRUE,1.379473916507,-19.2777062754766,59,1e-10,9477.05864240916,0.236077455225727,0.243717152886216,0.175132218522504,0.180799668634771,-1.13191244836667,-0.289897294912077,0.986111111111111,0.986338797814208,0.772061080496878,0.841196880262337,0.0316036615141265,0.0344462840347338,0.0435964267248535,0.0475177503465066
"29_pwo_gp_model_specific","db6cb901415724b9f55892557a81f2cbcc3e7f91cf2f712ea45b7b9a2b1eb5a5","b1d5697d50014504fea8964eae8d6ad099291a4087058c07ada854c160fad766",29,6,60,"FSA_lambda050","FSA_lambda050","4c2539ac798646b188c74da49d4512c522683b3cdd1771d86c02011d76a858d2",0.438000000000002,"mallows_gp","gp_c4","estimated_c",4,0.266666666666667,TRUE,NA,60,366,98389455,-0.529835706982125,1.10845826279289,FALSE,FALSE,0,3.22672354731521,0.215114903154348,FALSE,3,TRUE,1.2679495922565,-72.8292365575653,59,1e-10,93.482193918533,0.501978515351374,0.532600724804916,0.556422233085738,0.590365674179491,-0.0788487519993465,0.881239536856975,0.95,0.948087431693989,2.02436421315372,2.19150097430612,0.232257294319242,0.249467776484121,0.29449054163068,0.316312565474177
"29_pwo_gp_model_specific","db6cb901415724b9f55892557a81f2cbcc3e7f91cf2f712ea45b7b9a2b1eb5a5","b1d5697d50014504fea8964eae8d6ad099291a4087058c07ada854c160fad766",29,6,60,"SA_hamming_foldover","Hamming","4c2539ac798646b188c74da49d4512c522683b3cdd1771d86c02011d76a858d2",0.480000000000004,"mallows_gp","gp_c4","estimated_c",4,0.266666666666667,TRUE,NA,60,366,98389455,-0.529835706982125,1.10845826279289,FALSE,FALSE,0,2.48868239057218,0.165912159371479,FALSE,3,TRUE,1.60351142764819,-66.8727188723131,59,1e-10,330.095705599541,0.640428899454656,0.689018736874536,0.70988870533187,0.7637485121077,0.202210587967181,1.22215590059097,0.890277777777778,0.863387978142076,2.01919319682767,2.19483569199976,0.185566913722946,0.200902737576154,0.297558666748149,0.322149835549168
"29_pwo_gp_model_specific","db6cb901415724b9f55892557a81f2cbcc3e7f91cf2f712ea45b7b9a2b1eb5a5","b1d5697d50014504fea8964eae8d6ad099291a4087058c07ada854c160fad766",29,6,60,"SA_l2_position_foldover","L2","4c2539ac798646b188c74da49d4512c522683b3cdd1771d86c02011d76a858d2",0.454999999999998,"mallows_gp","gp_c4","estimated_c",4,0.266666666666667,TRUE,NA,60,366,98389455,-0.529835706982125,1.10845826279289,FALSE,FALSE,0,2.9823509043514,0.198823393623426,FALSE,3,TRUE,1.37601014077826,-69.6754880269342,59,1e-10,154.103388964679,0.569183999412521,0.595237440693148,0.630916707198312,0.659795859460013,0.0136051346226405,0.97736405939766,0.933333333333333,0.926229508196721,2.10308991703951,2.29287212079995,0.234073697936383,0.255143691459833,0.32208778204993,0.351080306804328
"29_pwo_gp_model_specific","db6cb901415724b9f55892557a81f2cbcc3e7f91cf2f712ea45b7b9a2b1eb5a5","b1d5697d50014504fea8964eae8d6ad099291a4087058c07ada854c160fad766",29,6,60,"random_foldover","RandomFoldover","4c2539ac798646b188c74da49d4512c522683b3cdd1771d86c02011d76a858d2",0.471000000000004,"mallows_gp","gp_c4","estimated_c",4,0.266666666666667,TRUE,NA,60,366,98389455,-0.529835706982125,1.10845826279289,FALSE,FALSE,0,2.75821366099448,0.183880910732965,FALSE,3,TRUE,1.68545475901797,-71.1158191285114,59,1e-10,315.93469365185,0.592067588667774,0.628091302296702,0.656282210790657,0.696212993819126,0.0797419913722624,1.03788761628994,0.9375,0.937158469945355,2.23475893908992,2.43808171985569,0.215270651119805,0.235033746282238,0.362828943406774,0.396138746201221
"29_pwo_gp_model_specific","db6cb901415724b9f55892557a81f2cbcc3e7f91cf2f712ea45b7b9a2b1eb5a5","b1d5697d50014504fea8964eae8d6ad099291a4087058c07ada854c160fad766",30,6,48,"FSA_lambda050","FSA_lambda050","e7ccaac73f9897520f33f54a5ae3938bd6472b4f61dfe3eba209dd837ec4e8ce",0.326999999999998,"mallows_gp","gp_c1","estimated_c",1,0.0666666666666667,TRUE,NA,48,380,91645304,-0.816843010812529,0.704593919853804,FALSE,FALSE,0,1.26392476742066,0.0842616511613776,FALSE,1.5,TRUE,0.797169189085816,-24.1452556486352,47,1e-10,1065.86171949846,0.309032320112621,0.332875431966426,0.217742293789667,0.234542005432252,-0.795629071705182,-0.0457842340778182,0.954166666666667,0.947368421052632,0.839151205154405,0.908778921839168,0.0626268408045725,0.0685503972281387,0.0499241878991876,0.0546462645698659
"29_pwo_gp_model_specific","db6cb901415724b9f55892557a81f2cbcc3e7f91cf2f712ea45b7b9a2b1eb5a5","b1d5697d50014504fea8964eae8d6ad099291a4087058c07ada854c160fad766",30,6,48,"SA_hamming_foldover","Hamming","e7ccaac73f9897520f33f54a5ae3938bd6472b4f61dfe3eba209dd837ec4e8ce",0.334999999999994,"mallows_gp","gp_c1","estimated_c",1,0.0666666666666667,TRUE,NA,48,380,91645304,-0.816843010812529,0.704593919853804,FALSE,FALSE,0,0.999812438479597,0.0666541625653065,FALSE,1,TRUE,0.813884129141822,-14.6100419723343,47,1e-10,2356.47802681445,0.306334368606784,0.327505457877834,0.215841333562594,0.230758354339658,-0.799081396074562,-0.054557581275043,0.923611111111111,0.9,0.727168825128114,0.776169056260189,0.046564252217418,0.0496037484072136,0.0378979058651134,0.040371703574575
"29_pwo_gp_model_specific","db6cb901415724b9f55892557a81f2cbcc3e7f91cf2f712ea45b7b9a2b1eb5a5","b1d5697d50014504fea8964eae8d6ad099291a4087058c07ada854c160fad766",30,6,48,"SA_l2_position_foldover","L2","e7ccaac73f9897520f33f54a5ae3938bd6472b4f61dfe3eba209dd837ec4e8ce",0.353999999999999,"mallows_gp","gp_c1","estimated_c",1,0.0666666666666667,TRUE,NA,48,380,91645304,-0.816843010812529,0.704593919853804,FALSE,FALSE,0,1.21077067113973,0.0807180447426486,FALSE,1,TRUE,0.85382218709633,-23.3391288786206,47,1e-10,1296.36229177775,0.260979496541313,0.264957175726157,0.183884566469516,0.186687215038286,-0.918595458247371,-0.243504575588333,0.983333333333333,0.986842105263158,0.849486314351659,0.906078454848262,0.0603140527586922,0.0640615279026043,0.05149747643907,0.0546971538625342
"29_pwo_gp_model_specific","db6cb901415724b9f55892557a81f2cbcc3e7f91cf2f712ea45b7b9a2b1eb5a5","b1d5697d50014504fea8964eae8d6ad099291a4087058c07ada854c160fad766",30,6,48,"random_foldover","RandomFoldover","e7ccaac73f9897520f33f54a5ae3938bd6472b4f61dfe3eba209dd837ec4e8ce",0.349000000000004,"mallows_gp","gp_c1","estimated_c",1,0.0666666666666667,TRUE,NA,48,380,91645304,-0.816843010812529,0.704593919853804,FALSE,FALSE,0,1.23274717320651,0.0821831448804342,FALSE,1.5,TRUE,0.690140614967966,-14.6827391011609,47,1e-10,2437.20084949038,0.311142079636658,0.321586415039668,0.219228817522657,0.226587832744532,-0.785435968857728,-0.0730771169238034,0.943055555555556,0.928947368421053,0.818775357036513,0.877724614396923,0.0694231128559443,0.0742995762769349,0.047911709799392,0.0512771552636232
"29_pwo_gp_model_specific","db6cb901415724b9f55892557a81f2cbcc3e7f91cf2f712ea45b7b9a2b1eb5a5","b1d5697d50014504fea8964eae8d6ad099291a4087058c07ada854c160fad766",30,6,48,"FSA_lambda050","FSA_lambda050","e7ccaac73f9897520f33f54a5ae3938bd6472b4f61dfe3eba209dd837ec4e8ce",0.343999999999994,"mallows_gp","gp_c4","estimated_c",4,0.266666666666667,TRUE,NA,48,380,98389577,0.0285621292264676,0.81518242908116,FALSE,FALSE,0,6.88422810913476,0.458948540608984,FALSE,6,TRUE,0.673291523845085,-56.0727567038285,47,1e-10,7.19662279768906,0.789636389066586,0.827230537109421,0.643697709730175,0.67434379865097,0.215229866039447,1.01313332211967,0.961111111111111,0.957894736842105,2.41908101198314,2.60411065153865,0.610222327766516,0.659931843952555,0.410857520946213,0.444326516848713
"29_pwo_gp_model_specific","db6cb901415724b9f55892557a81f2cbcc3e7f91cf2f712ea45b7b9a2b1eb5a5","b1d5697d50014504fea8964eae8d6ad099291a4087058c07ada854c160fad766",30,6,48,"SA_hamming_foldover","Hamming","e7ccaac73f9897520f33f54a5ae3938bd6472b4f61dfe3eba209dd837ec4e8ce",0.323000000000008,"mallows_gp","gp_c4","estimated_c",4,0.266666666666667,TRUE,NA,48,380,98389577,0.0285621292264676,0.81518242908116,FALSE,FALSE,0,4.65121670604688,0.310081113736458,FALSE,4,TRUE,0.806269399762078,-54.7291106201258,47,1e-10,27.2924286056341,0.738169767830701,0.744760460773037,0.601743024414507,0.607115641496568,0.169626472207285,0.915374173345156,0.945833333333333,0.947368421052632,2.25642214264061,2.41090355708457,0.447110317852872,0.47683764339826,0.360491367602667,0.384459600526679
"29_pwo_gp_model_specific","db6cb901415724b9f55892557a81f2cbcc3e7f91cf2f712ea45b7b9a2b1eb5a5","b1d5697d50014504fea8964eae8d6ad099291a4087058c07ada854c160fad766",30,6,48,"SA_l2_position_foldover","L2","e7ccaac73f9897520f33f54a5ae3938bd6472b4f61dfe3eba209dd837ec4e8ce",0.359000000000009,"mallows_gp","gp_c4","estimated_c",4,0.266666666666667,TRUE,NA,48,380,98389577,0.0285621292264676,0.81518242908116,FALSE,FALSE,0,7.56739738717597,0.504493159145065,FALSE,8,TRUE,0.699071694602116,-57.4595405062842,47,1e-10,6.0811833478027,0.776983276195789,0.781764172984706,0.633383114444721,0.637280417502297,0.20808493571533,0.972119196840281,0.972222222222222,0.971052631578947,2.56476538154464,2.73749125865143,0.660934105409935,0.702811423772415,0.462040325089257,0.491315573002308
"29_pwo_gp_model_specific","db6cb901415724b9f55892557a81f2cbcc3e7f91cf2f712ea45b7b9a2b1eb5a5","b1d5697d50014504fea8964eae8d6ad099291a4087058c07ada854c160fad766",30,6,48,"random_foldover","RandomFoldover","e7ccaac73f9897520f33f54a5ae3938bd6472b4f61dfe3eba209dd837ec4e8ce",0.329000000000008,"mallows_gp","gp_c4","estimated_c",4,0.266666666666667,TRUE,NA,48,380,98389577,0.0285621292264676,0.81518242908116,FALSE,FALSE,0,5.06666892046199,0.3377779280308,FALSE,6,TRUE,0.853039957163007,-54.7776570212991,47,1e-10,41.6242009745147,0.79252264132466,0.837390755201954,0.646050531856853,0.682626229915636,0.215128717536116,1.01022890088781,0.963888888888889,0.955263157894737,2.47077087502087,2.64844730734572,0.505491909989898,0.541868004378442,0.431204797244029,0.46223505924299
"29_pwo_gp_model_specific","db6cb901415724b9f55892557a81f2cbcc3e7f91cf2f712ea45b7b9a2b1eb5a5","b1d5697d50014504fea8964eae8d6ad099291a4087058c07ada854c160fad766",30,6,60,"FSA_lambda050","FSA_lambda050","8c91935473a121d689934b22bb84dc65822233f3c417329a8c992a49ab7c147f",0.406999999999996,"mallows_gp","gp_c1","estimated_c",1,0.0666666666666667,TRUE,NA,60,316,91645304,-0.816843010812529,0.704593919853804,FALSE,FALSE,0,1.25967367905384,0.083978245270256,FALSE,1.5,TRUE,0.784125477532251,-24.0592287014003,59,1e-10,1689.23642678746,0.265632125241415,0.279600659608154,0.187162780362945,0.197004924747019,-1.10398385221484,-0.217705093789617,0.968055555555556,0.974683544303797,0.734717044710108,0.80301934953324,0.049712606242115,0.0543874323717176,0.0389809211089712,0.0426465713802261
"29_pwo_gp_model_specific","db6cb901415724b9f55892557a81f2cbcc3e7f91cf2f712ea45b7b9a2b1eb5a5","b1d5697d50014504fea8964eae8d6ad099291a4087058c07ada854c160fad766",30,6,60,"SA_hamming_foldover","Hamming","8c91935473a121d689934b22bb84dc65822233f3c417329a8c992a49ab7c147f",0.477000000000004,"mallows_gp","gp_c1","estimated_c",1,0.0666666666666667,TRUE,NA,60,316,91645304,-0.816843010812529,0.704593919853804,FALSE,FALSE,0,1.12115309558315,0.0747435397055435,FALSE,1,TRUE,0.847658630108385,-18.6716811595368,59,1e-10,2555.70729301923,0.275234910909331,0.291939450495854,0.193928844758218,0.205698761784839,-1.07766045914015,-0.180979706799413,0.952777777777778,0.943037974683544,0.714294816285608,0.789951005934832,0.0438199560766191,0.0490646748096696,0.0371443639393166,0.0415900950358779
"29_pwo_gp_model_specific","db6cb901415724b9f55892557a81f2cbcc3e7f91cf2f712ea45b7b9a2b1eb5a5","b1d5697d50014504fea8964eae8d6ad099291a4087058c07ada854c160fad766",30,6,60,"SA_l2_position_foldover","L2","8c91935473a121d689934b22bb84dc65822233f3c417329a8c992a49ab7c147f",0.471999999999994,"mallows_gp","gp_c1","estimated_c",1,0.0666666666666667,TRUE,NA,60,316,91645304,-0.816843010812529,0.704593919853804,FALSE,FALSE,0,1.07340392241836,0.0715602614945571,FALSE,1,TRUE,1.04897451639978,-23.4754105078108,59,1e-10,3066.48412499815,0.242740404251758,0.243770476536473,0.171033412938643,0.171759195607463,-1.16064345853653,-0.336029363663252,0.9875,0.987341772151899,0.750564249804689,0.82324841093855,0.0389698968170795,0.0430466289201456,0.0408784286678454,0.0451548167541506
"29_pwo_gp_model_specific","db6cb901415724b9f55892557a81f2cbcc3e7f91cf2f712ea45b7b9a2b1eb5a5","b1d5697d50014504fea8964eae8d6ad099291a4087058c07ada854c160fad766",30,6,60,"random_foldover","RandomFoldover","8c91935473a121d689934b22bb84dc65822233f3c417329a8c992a49ab7c147f",0.466999999999999,"mallows_gp","gp_c1","estimated_c",1,0.0666666666666667,TRUE,NA,60,316,91645304,-0.816843010812529,0.704593919853804,FALSE,FALSE,0,0.754350466544849,0.0502900311029899,FALSE,0.75,TRUE,1.54149563794023,-13.5410720948646,59,1e-10,22410.8071886415,0.278160126644638,0.298851061250384,0.195989933979576,0.210568640698877,-1.04056231990378,-0.148040429723701,0.944444444444444,0.930379746835443,0.685803135280749,0.750372435801544,0.0223353977956498,0.0244641824040256,0.034429918273654,0.0377114304615796
"29_pwo_gp_model_specific","db6cb901415724b9f55892557a81f2cbcc3e7f91cf2f712ea45b7b9a2b1eb5a5","b1d5697d50014504fea8964eae8d6ad099291a4087058c07ada854c160fad766",30,6,60,"FSA_lambda050","FSA_lambda050","8c91935473a121d689934b22bb84dc65822233f3c417329a8c992a49ab7c147f",0.486999999999995,"mallows_gp","gp_c4","estimated_c",4,0.266666666666667,TRUE,NA,60,316,98389577,0.0285621292264676,0.81518242908116,FALSE,FALSE,0,5.77012942521599,0.384675295014399,FALSE,6,TRUE,0.847592094767867,-73.3950672960165,59,1e-10,16.5549810897154,0.664382871491728,0.717605592676668,0.541593243022543,0.584979470160392,-0.0944569403262684,0.892716109649444,0.977777777777778,0.965189873417722,2.37106697977214,2.59634035093653,0.475309516733724,0.522237862385274,0.40286858895144,0.442644683746228
"29_pwo_gp_model_specific","db6cb901415724b9f55892557a81f2cbcc3e7f91cf2f712ea45b7b9a2b1eb5a5","b1d5697d50014504fea8964eae8d6ad099291a4087058c07ada854c160fad766",30,6,60,"SA_hamming_foldover","Hamming","8c91935473a121d689934b22bb84dc65822233f3c417329a8c992a49ab7c147f",0.438000000000002,"mallows_gp","gp_c4","estimated_c",4,0.266666666666667,TRUE,NA,60,316,98389577,0.0285621292264676,0.81518242908116,FALSE,FALSE,0,4.73408837410794,0.315605891607196,FALSE,4,TRUE,0.720083313394137,-63.4182512754521,59,1e-10,34.4389103272504,0.748373908377957,0.795925860541542,0.610061260492504,0.648824776364767,-0.0260251777954233,0.970797660256211,0.931944444444444,0.927215189873418,2.01496735348068,2.22206956183325,0.406581236987465,0.453082906474367,0.292772364293821,0.326257440536308
"29_pwo_gp_model_specific","db6cb901415724b9f55892557a81f2cbcc3e7f91cf2f712ea45b7b9a2b1eb5a5","b1d5697d50014504fea8964eae8d6ad099291a4087058c07ada854c160fad766",30,6,60,"SA_l2_position_foldover","L2","8c91935473a121d689934b22bb84dc65822233f3c417329a8c992a49ab7c147f",0.628,"mallows_gp","gp_c4","estimated_c",4,0.266666666666667,TRUE,NA,60,316,98389577,0.0285621292264676,0.81518242908116,FALSE,FALSE,0,6.43717334203027,0.429144889468684,FALSE,6,TRUE,0.661374507305534,-66.9134255496518,59,1e-10,13.5603110142656,0.74248832432907,0.794401942692949,0.605263435790971,0.647582505311231,-0.0273787931860901,0.977231279072781,0.948611111111111,0.936708860759494,2.22574828280159,2.43180193419812,0.536920319480742,0.587836012853659,0.355105411758906,0.388779753377539
"29_pwo_gp_model_specific","db6cb901415724b9f55892557a81f2cbcc3e7f91cf2f712ea45b7b9a2b1eb5a5","b1d5697d50014504fea8964eae8d6ad099291a4087058c07ada854c160fad766",30,6,60,"random_foldover","RandomFoldover","8c91935473a121d689934b22bb84dc65822233f3c417329a8c992a49ab7c147f",0.446999999999989,"mallows_gp","gp_c4","estimated_c",4,0.266666666666667,TRUE,NA,60,316,98389577,0.0285621292264676,0.81518242908116,FALSE,FALSE,0,5.85463183860529,0.390308789240353,FALSE,6,TRUE,0.719713990149673,-64.6211678199443,59,1e-10,41.5881878862066,0.714320151526182,0.747304133915239,0.582301236262735,0.609189199147417,-0.0582105643149577,0.919360822834561,0.968055555555556,0.955696202531646,2.28883087919193,2.51157651354898,0.523304056457569,0.577065324715962,0.376629250534587,0.415321987428342
"29_pwo_gp_model_specific","db6cb901415724b9f55892557a81f2cbcc3e7f91cf2f712ea45b7b9a2b1eb5a5","b1d5697d50014504fea8964eae8d6ad099291a4087058c07ada854c160fad766",31,6,48,"FSA_lambda050","FSA_lambda050","041496e46271d866262f79e489d5d56559b766db4447123538da885a0031d57f",0.331000000000003,"mallows_gp","gp_c1","estimated_c",1,0.0666666666666667,TRUE,NA,48,408,91645305,0.205569505726945,0.696509051693831,FALSE,FALSE,0,0.710646444348969,0.0473764296232646,FALSE,0.75,TRUE,1.69447379205026,-23.0296635662086,47,1e-10,5413.29992431371,0.268981327099902,0.282243506747212,0.187347929061701,0.196585157231242,-0.909242268904555,-0.217986427611285,0.954166666666667,0.950980392156863,0.70044387156232,0.745194191798279,0.0205114725551821,0.0216752439607008,0.0347561526811143,0.0367281328277031
"29_pwo_gp_model_specific","db6cb901415724b9f55892557a81f2cbcc3e7f91cf2f712ea45b7b9a2b1eb5a5","b1d5697d50014504fea8964eae8d6ad099291a4087058c07ada854c160fad766",31,6,48,"SA_hamming_foldover","Hamming","041496e46271d866262f79e489d5d56559b766db4447123538da885a0031d57f",0.313000000000002,"mallows_gp","gp_c1","estimated_c",1,0.0666666666666667,TRUE,NA,48,408,91645305,0.205569505726945,0.696509051693831,FALSE,FALSE,0,0.714099098207216,0.0476066065471478,FALSE,0.75,TRUE,1.55387480155238,-16.537605205702,47,1e-10,8440.73301673061,0.275314853772945,0.284758805829658,0.191759287718619,0.198337085809883,-0.876542774030057,-0.209453947907372,0.959722222222222,0.958333333333333,0.741344656654307,0.793899742485999,0.0254777157603513,0.027288666222257,0.0395891805211237,0.0424031708107387
"29_pwo_gp_model_specific","db6cb901415724b9f55892557a81f2cbcc3e7f91cf2f712ea45b7b9a2b1eb5a5","b1d5697d50014504fea8964eae8d6ad099291a4087058c07ada854c160fad766",31,6,48,"SA_l2_position_foldover","L2","041496e46271d866262f79e489d5d56559b766db4447123538da885a0031d57f",0.36999999999999,"mallows_gp","gp_c1","estimated_c",1,0.0666666666666667,TRUE,NA,48,408,91645305,0.205569505726945,0.696509051693831,FALSE,FALSE,0,0.764928743403502,0.0509952495602335,FALSE,0.75,TRUE,1.51307091221263,-21.3656066814182,47,1e-10,4742.40276199708,0.288303756588089,0.305375809376771,0.200806176100939,0.21269701539925,-0.84834877902928,-0.142707756762223,0.941666666666667,0.919117647058823,0.738139545946511,0.7858270169864,0.0257634661727464,0.0272388415331551,0.0389819512637567,0.0412142988061864
"29_pwo_gp_model_specific","db6cb901415724b9f55892557a81f2cbcc3e7f91cf2f712ea45b7b9a2b1eb5a5","b1d5697d50014504fea8964eae8d6ad099291a4087058c07ada854c160fad766",31,6,48,"random_foldover","RandomFoldover","041496e46271d866262f79e489d5d56559b766db4447123538da885a0031d57f",0.350999999999999,"mallows_gp","gp_c1","estimated_c",1,0.0666666666666667,TRUE,NA,48,408,91645305,0.205569505726945,0.696509051693831,FALSE,FALSE,0,0.78510154822321,0.0523401032148807,FALSE,0.75,TRUE,1.48304382121838,-18.7023118387788,47,1e-10,7633.87791534224,0.288435505714074,0.306029682022512,0.20089794055974,0.213152443615665,-0.835504271644917,-0.127371389454131,0.9625,0.950980392156863,0.788483703590582,0.843964601106493,0.0302076058614614,0.0323074940604051,0.0447992032266404,0.0479134294453332
"29_pwo_gp_model_specific","db6cb901415724b9f55892557a81f2cbcc3e7f91cf2f712ea45b7b9a2b1eb5a5","b1d5697d50014504fea8964eae8d6ad099291a4087058c07ada854c160fad766",31,6,48,"FSA_lambda050","FSA_lambda050","041496e46271d866262f79e489d5d56559b766db4447123538da885a0031d57f",0.36399999999999,"mallows_gp","gp_c4","estimated_c",4,0.266666666666667,TRUE,NA,48,408,98389578,-0.423457453290424,0.779550768149948,FALSE,FALSE,0,8.17480812869863,0.544987208579909,FALSE,8,TRUE,0.570429857403442,-53.6641415130727,47,1e-10,4.02224881664855,0.817083126101669,0.82466753680159,0.636957778594917,0.642870211782005,0.206077356135667,0.977858929220149,0.941666666666667,0.943627450980392,2.35755545906764,2.51543393601607,0.682827078291503,0.725629624490726,0.389504952901031,0.413920803225958
"29_pwo_gp_model_specific","db6cb901415724b9f55892557a81f2cbcc3e7f91cf2f712ea45b7b9a2b1eb5a5","b1d5697d50014504fea8964eae8d6ad099291a4087058c07ada854c160fad766",31,6,48,"SA_hamming_foldover","Hamming","041496e46271d866262f79e489d5d56559b766db4447123538da885a0031d57f",0.316000000000003,"mallows_gp","gp_c4","estimated_c",4,0.266666666666667,TRUE,NA,48,408,98389578,-0.423457453290424,0.779550768149948,FALSE,FALSE,0,7.98801141854284,0.532534094569523,FALSE,8,TRUE,0.650044019274992,-55.0652527421989,47,1e-10,8.48090724976198,0.812728376538325,0.841433071398024,0.633563030227711,0.6559397971551,0.199684858266983,0.985077028436907,0.966666666666667,0.973039215686274,2.55175698718939,2.73167387705539,0.704444669219878,0.75365763333968,0.457920044136532,0.489910637133404
"29_pwo_gp_model_specific","db6cb901415724b9f55892557a81f2cbcc3e7f91cf2f712ea45b7b9a2b1eb5a5","b1d5697d50014504fea8964eae8d6ad099291a4087058c07ada854c160fad766",31,6,48,"SA_l2_position_foldover","L2","041496e46271d866262f79e489d5d56559b766db4447123538da885a0031d57f",0.325999999999993,"mallows_gp","gp_c4","estimated_c",4,0.266666666666667,TRUE,NA,48,408,98389578,-0.423457453290424,0.779550768149948,FALSE,FALSE,0,3.19380404901421,0.21292026993428,FALSE,3,TRUE,1.04539547230632,-54.9338567154351,47,1e-10,70.981275521607,0.840788712979499,0.849940931374422,0.655437487054975,0.662572105935013,0.267405738589011,1.01672225299257,0.905555555555556,0.901960784313726,2.02568546870818,2.15896220980983,0.278489080467486,0.295364172350712,0.291131223807459,0.308772368456937
"29_pwo_gp_model_specific","db6cb901415724b9f55892557a81f2cbcc3e7f91cf2f712ea45b7b9a2b1eb5a5","b1d5697d50014504fea8964eae8d6ad099291a4087058c07ada854c160fad766",31,6,48,"random_foldover","RandomFoldover","041496e46271d866262f79e489d5d56559b766db4447123538da885a0031d57f",0.364000000000004,"mallows_gp","gp_c4","estimated_c",4,0.266666666666667,TRUE,NA,48,408,98389578,-0.423457453290424,0.779550768149948,FALSE,FALSE,0,3.99740698054443,0.266493798702962,FALSE,4,TRUE,0.92995622228097,-54.2951815089062,47,1e-10,62.1045406265686,0.825625140561742,0.849323099279458,0.643616712528815,0.662090474450796,0.224892152343052,0.994624098870355,0.938888888888889,0.931372549019608,2.27073803854905,2.42903330641203,0.394127993754983,0.42098760868442,0.366521780167561,0.391500046199263
"29_pwo_gp_model_specific","db6cb901415724b9f55892557a81f2cbcc3e7f91cf2f712ea45b7b9a2b1eb5a5","b1d5697d50014504fea8964eae8d6ad099291a4087058c07ada854c160fad766",31,6,60,"FSA_lambda050","FSA_lambda050","fb75d0da2dd1fc2b0bafdd114360062886b947416fbafae3418ebf5fc09fd72b",0.437999999999988,"mallows_gp","gp_c1","estimated_c",1,0.0666666666666667,TRUE,NA,60,352,91645305,0.205569505726945,0.696509051693831,FALSE,FALSE,0,0.709400945248361,0.0472933963498907,FALSE,0.75,TRUE,1.5663028310683,-18.0487714145253,59,1e-10,8844.4870078476,0.266428465784679,0.282025340920866,0.185569838047929,0.196433202758421,-1.0672545498496,-0.207114551714315,0.9125,0.894886363636364,0.596747373130953,0.654711002308904,0.0164032406844361,0.0180955455764351,0.0256924423227271,0.0283431042660958
"29_pwo_gp_model_specific","db6cb901415724b9f55892557a81f2cbcc3e7f91cf2f712ea45b7b9a2b1eb5a5","b1d5697d50014504fea8964eae8d6ad099291a4087058c07ada854c160fad766",31,6,60,"SA_hamming_foldover","Hamming","fb75d0da2dd1fc2b0bafdd114360062886b947416fbafae3418ebf5fc09fd72b",0.460999999999999,"mallows_gp","gp_c1","estimated_c",1,0.0666666666666667,TRUE,NA,60,352,91645305,0.205569505726945,0.696509051693831,FALSE,FALSE,0,0.612699020692981,0.0408466013795321,FALSE,0.75,TRUE,2.10765202296054,-13.6674815840365,59,1e-10,19786.6951777313,0.257094347365381,0.265507563506925,0.179068540079306,0.184928421275748,-1.11868224108871,-0.304705520786929,0.948611111111111,0.940340909090909,0.65944408741068,0.715651557230012,0.0151978361296417,0.0164030834271785,0.0320317500632621,0.0345719919680833
"29_pwo_gp_model_specific","db6cb901415724b9f55892557a81f2cbcc3e7f91cf2f712ea45b7b9a2b1eb5a5","b1d5697d50014504fea8964eae8d6ad099291a4087058c07ada854c160fad766",31,6,60,"SA_l2_position_foldover","L2","fb75d0da2dd1fc2b0bafdd114360062886b947416fbafae3418ebf5fc09fd72b",0.477999999999994,"mallows_gp","gp_c1","estimated_c",1,0.0666666666666667,TRUE,NA,60,352,91645305,0.205569505726945,0.696509051693831,FALSE,FALSE,0,0.738527150005808,0.0492351433337205,FALSE,0.75,TRUE,1.49872772538933,-16.0233745388143,59,1e-10,9760.84210556182,0.268571317690679,0.29222206571015,0.187062353796897,0.203535313871789,-1.07230731125155,-0.177270122695437,0.925,0.900568181818182,0.637279676018278,0.699050432238414,0.0198220232881834,0.0218394680139204,0.0297078158753135,0.032731416220216
"29_pwo_gp_model_specific","db6cb901415724b9f55892557a81f2cbcc3e7f91cf2f712ea45b7b9a2b1eb5a5","b1d5697d50014504fea8964eae8d6ad099291a4087058c07ada854c160fad766",31,6,60,"random_foldover","RandomFoldover","fb75d0da2dd1fc2b0bafdd114360062886b947416fbafae3418ebf5fc09fd72b",0.435999999999993,"mallows_gp","gp_c1","estimated_c",1,0.0666666666666667,TRUE,NA,60,352,91645305,0.205569505726945,0.696509051693831,FALSE,FALSE,0,0.662505525658857,0.0441670350439238,FALSE,0.75,TRUE,1.85461220530936,-11.011208287859,59,1e-10,30893.5369793724,0.31051198348551,0.337120253995979,0.216274407157063,0.234807308417523,-0.960185479961393,-0.0823618534537281,0.918055555555556,0.909090909090909,0.677593205042625,0.746026299083504,0.0182788091764683,0.0203257525333919,0.0339001025971988,0.0376963887305262
"29_pwo_gp_model_specific","db6cb901415724b9f55892557a81f2cbcc3e7f91cf2f712ea45b7b9a2b1eb5a5","b1d5697d50014504fea8964eae8d6ad099291a4087058c07ada854c160fad766",31,6,60,"FSA_lambda050","FSA_lambda050","fb75d0da2dd1fc2b0bafdd114360062886b947416fbafae3418ebf5fc09fd72b",0.485000000000014,"mallows_gp","gp_c4","estimated_c",4,0.266666666666667,TRUE,NA,60,352,98389578,-0.423457453290424,0.779550768149948,FALSE,FALSE,0,6.27767350526729,0.418511567017819,FALSE,6,TRUE,0.82989928401435,-74.32445881498,59,1e-10,12.7809050221663,0.740034216021233,0.759224112612633,0.576894241556597,0.59185374018514,-0.0526162696688027,0.898666880557107,0.980555555555556,0.988636363636364,2.43093025443274,2.66289763514225,0.509322809911857,0.560109003751175,0.422686635278027,0.464834061183091
"29_pwo_gp_model_specific","db6cb901415724b9f55892557a81f2cbcc3e7f91cf2f712ea45b7b9a2b1eb5a5","b1d5697d50014504fea8964eae8d6ad099291a4087058c07ada854c160fad766",31,6,60,"SA_hamming_foldover","Hamming","fb75d0da2dd1fc2b0bafdd114360062886b947416fbafae3418ebf5fc09fd72b",0.638999999999996,"mallows_gp","gp_c4","estimated_c",4,0.266666666666667,TRUE,NA,60,352,98389578,-0.423457453290424,0.779550768149948,FALSE,FALSE,0,5.45326399070425,0.363550932713617,FALSE,6,TRUE,0.61454572435375,-59.6576384863778,59,1e-10,29.5358117458664,0.816349469253683,0.824597701227938,0.636385855835511,0.64281577140692,0.000857199821978823,0.948531533694609,0.915277777777778,0.920454545454545,2.05166802914636,2.23390442840846,0.494601859725357,0.537148025199013,0.303955458151632,0.330102022231114
"29_pwo_gp_model_specific","db6cb901415724b9f55892557a81f2cbcc3e7f91cf2f712ea45b7b9a2b1eb5a5","b1d5697d50014504fea8964eae8d6ad099291a4087058c07ada854c160fad766",31,6,60,"SA_l2_position_foldover","L2","fb75d0da2dd1fc2b0bafdd114360062886b947416fbafae3418ebf5fc09fd72b",0.477000000000004,"mallows_gp","gp_c4","estimated_c",4,0.266666666666667,TRUE,NA,60,352,98389578,-0.423457453290424,0.779550768149948,FALSE,FALSE,0,7.11545745071495,0.474363830047663,FALSE,8,TRUE,0.622921052108017,-66.4539773370796,59,1e-10,10.6182495384645,0.741904738333404,0.753953767350902,0.578352408661891,0.587745238487943,-0.0734471665468671,0.880908149060981,0.970833333333333,0.980113636363636,2.25993189196471,2.4700759251741,0.588040772923186,0.643647014067111,0.366302976951723,0.400941275188869
"29_pwo_gp_model_specific","db6cb901415724b9f55892557a81f2cbcc3e7f91cf2f712ea45b7b9a2b1eb5a5","b1d5697d50014504fea8964eae8d6ad099291a4087058c07ada854c160fad766",31,6,60,"random_foldover","RandomFoldover","fb75d0da2dd1fc2b0bafdd114360062886b947416fbafae3418ebf5fc09fd72b",0.468000000000004,"mallows_gp","gp_c4","estimated_c",4,0.266666666666667,TRUE,NA,60,352,98389578,-0.423457453290424,0.779550768149948,FALSE,FALSE,0,4.45069900630441,0.296713267086961,FALSE,4,TRUE,0.862722426325409,-63.1954089926488,59,1e-10,97.5877291887277,0.789967740819138,0.831784393154296,0.615819959169238,0.648418162618569,-0.0199741816593998,0.954615923581153,0.948611111111111,0.954545454545455,2.21279286354988,2.42628209778931,0.411627512956438,0.453520636120296,0.355120286720072,0.391262423582345
"29_pwo_gp_model_specific","db6cb901415724b9f55892557a81f2cbcc3e7f91cf2f712ea45b7b9a2b1eb5a5","b1d5697d50014504fea8964eae8d6ad099291a4087058c07ada854c160fad766",32,6,48,"FSA_lambda050","FSA_lambda050","bea7fd6095d13d5ac3a3971bf1ba2c249d7c6f00958aa9d4e8d3741480852a0b",0.329000000000008,"mallows_gp","gp_c1","estimated_c",1,0.0666666666666667,TRUE,NA,48,394,91645306,0.00744667383119441,0.509087759971744,FALSE,FALSE,0,1.04955218834819,0.0699701458898796,FALSE,1,TRUE,0.963893614382748,-23.3425195342383,47,1e-10,1594.98129250292,0.418364430539065,0.444096930239677,0.212984210794987,0.226084311426045,-0.819043764319107,-0.0946910633743567,0.948611111111111,0.941624365482233,0.771201328133158,0.835689144523962,0.0437109490741286,0.0479208738055705,0.0421327046911621,0.0461906242568309
"29_pwo_gp_model_specific","db6cb901415724b9f55892557a81f2cbcc3e7f91cf2f712ea45b7b9a2b1eb5a5","b1d5697d50014504fea8964eae8d6ad099291a4087058c07ada854c160fad766",32,6,48,"SA_hamming_foldover","Hamming","bea7fd6095d13d5ac3a3971bf1ba2c249d7c6f00958aa9d4e8d3741480852a0b",0.269999999999996,"mallows_gp","gp_c1","estimated_c",1,0.0666666666666667,TRUE,NA,48,394,91645306,0.00744667383119441,0.509087759971744,FALSE,FALSE,0,0.995657460262477,0.0663771640174985,FALSE,1,TRUE,1.18112627864474,-22.1860760801638,47,1e-10,3373.28424542761,0.371760911183867,0.383253168618971,0.189258929519649,0.195109497114305,-0.879367600635959,-0.195375473219267,0.984722222222222,0.987309644670051,0.871758898247462,0.928282386059086,0.0462643228435149,0.0491030775331799,0.0546440074741798,0.0579969352367691
"29_pwo_gp_model_specific","db6cb901415724b9f55892557a81f2cbcc3e7f91cf2f712ea45b7b9a2b1eb5a5","b1d5697d50014504fea8964eae8d6ad099291a4087058c07ada854c160fad766",32,6,48,"SA_l2_position_foldover","L2","bea7fd6095d13d5ac3a3971bf1ba2c249d7c6f00958aa9d4e8d3741480852a0b",0.366,"mallows_gp","gp_c1","estimated_c",1,0.0666666666666667,TRUE,NA,48,394,91645306,0.00744667383119441,0.509087759971744,FALSE,FALSE,0,0.91651045336076,0.0611006968907173,FALSE,1,TRUE,1.45398495767441,-27.0550948951727,47,1e-10,3147.2059490827,0.361642360507516,0.381841433367321,0.184107699221665,0.194390799977369,-0.897709217752504,-0.205190809145975,0.983333333333333,0.979695431472081,0.854921991295935,0.911618179850092,0.0358042976253734,0.0379796814842327,0.0520589101673903,0.0552218855753395
"29_pwo_gp_model_specific","db6cb901415724b9f55892557a81f2cbcc3e7f91cf2f712ea45b7b9a2b1eb5a5","b1d5697d50014504fea8964eae8d6ad099291a4087058c07ada854c160fad766",32,6,48,"random_foldover","RandomFoldover","bea7fd6095d13d5ac3a3971bf1ba2c249d7c6f00958aa9d4e8d3741480852a0b",0.322999999999993,"mallows_gp","gp_c1","estimated_c",1,0.0666666666666667,TRUE,NA,48,394,91645306,0.00744667383119441,0.509087759971744,FALSE,FALSE,0,0.894675395792804,0.059645026386187,FALSE,1,TRUE,1.05668853552797,-16.9253681685391,47,1e-10,4229.80555150944,0.432704011720031,0.451488700587044,0.220284316057338,0.229847371234412,-0.752828464548941,-0.0430317832545321,0.909722222222222,0.901015228426396,0.728878202099963,0.785210173410938,0.0358878415930355,0.0389120866422868,0.0379222707762045,0.0411179558483755
"29_pwo_gp_model_specific","db6cb901415724b9f55892557a81f2cbcc3e7f91cf2f712ea45b7b9a2b1eb5a5","b1d5697d50014504fea8964eae8d6ad099291a4087058c07ada854c160fad766",32,6,48,"FSA_lambda050","FSA_lambda050","bea7fd6095d13d5ac3a3971bf1ba2c249d7c6f00958aa9d4e8d3741480852a0b",0.301000000000002,"mallows_gp","gp_c4","estimated_c",4,0.266666666666667,TRUE,NA,48,394,98389579,-0.251780168144802,0.882119412073782,FALSE,FALSE,0,5.28919742458337,0.352613161638892,FALSE,6,TRUE,0.864532446256368,-59.7407652199026,47,1e-10,13.046407072662,0.649535180637935,0.666683227843823,0.572967591665573,0.588094216985044,0.131565456783559,0.897349420482106,0.977777777777778,0.979695431472081,2.42345418288648,2.61543844753855,0.47759042280949,0.519096923127432,0.412892416540102,0.448776132795513
"29_pwo_gp_model_specific","db6cb901415724b9f55892557a81f2cbcc3e7f91cf2f712ea45b7b9a2b1eb5a5","b1d5697d50014504fea8964eae8d6ad099291a4087058c07ada854c160fad766",32,6,48,"SA_hamming_foldover","Hamming","bea7fd6095d13d5ac3a3971bf1ba2c249d7c6f00958aa9d4e8d3741480852a0b",0.307000000000002,"mallows_gp","gp_c4","estimated_c",4,0.266666666666667,TRUE,NA,48,394,98389579,-0.251780168144802,0.882119412073782,FALSE,FALSE,0,5.07137108202334,0.338091405468223,FALSE,6,TRUE,0.674450569159359,-50.9887258692854,47,1e-10,24.9334865703508,0.733697890514645,0.743587128547346,0.647209151820553,0.655932640659817,0.212266435869103,0.972168222535239,0.938888888888889,0.939086294416244,2.18043037158733,2.31870379284369,0.499463150306184,0.527932295013292,0.336863205998132,0.356064236849321
"29_pwo_gp_model_specific","db6cb901415724b9f55892557a81f2cbcc3e7f91cf2f712ea45b7b9a2b1eb5a5","b1d5697d50014504fea8964eae8d6ad099291a4087058c07ada854c160fad766",32,6,48,"SA_l2_position_foldover","L2","bea7fd6095d13d5ac3a3971bf1ba2c249d7c6f00958aa9d4e8d3741480852a0b",0.347999999999999,"mallows_gp","gp_c4","estimated_c",4,0.266666666666667,TRUE,NA,48,394,98389579,-0.251780168144802,0.882119412073782,FALSE,FALSE,0,3.81626697490082,0.254417798326722,FALSE,4,TRUE,1.09060311405698,-59.6060942883671,47,1e-10,44.7906101565952,0.631434359830052,0.667725024701074,0.55700050625647,0.589013206216263,0.109839370489692,0.88565865985047,0.970833333333333,0.969543147208122,2.30418351728986,2.4584985389157,0.344134627057846,0.365494449681385,0.375314295924124,0.39860938499306
"29_pwo_gp_model_specific","db6cb901415724b9f55892557a81f2cbcc3e7f91cf2f712ea45b7b9a2b1eb5a5","b1d5697d50014504fea8964eae8d6ad099291a4087058c07ada854c160fad766",32,6,48,"random_foldover","RandomFoldover","bea7fd6095d13d5ac3a3971bf1ba2c249d7c6f00958aa9d4e8d3741480852a0b",0.516999999999996,"mallows_gp","gp_c4","estimated_c",4,0.266666666666667,TRUE,NA,48,394,98389579,-0.251780168144802,0.882119412073782,FALSE,FALSE,0,5.21939735646517,0.347959823764345,FALSE,6,TRUE,0.77922302130581,-55.2120002754047,47,1e-10,21.3336270710916,0.724952831512756,0.746612228024564,0.639494965515256,0.658601139632125,0.199669437586382,0.96794996438407,0.955555555555556,0.951776649746193,2.35501119723728,2.53907320592009,0.502697055332385,0.545501371361037,0.391713118257635,0.42506722671841
"29_pwo_gp_model_specific","db6cb901415724b9f55892557a81f2cbcc3e7f91cf2f712ea45b7b9a2b1eb5a5","b1d5697d50014504fea8964eae8d6ad099291a4087058c07ada854c160fad766",32,6,60,"FSA_lambda050","FSA_lambda050","6bfadf8b789644d6c4b95cdec1eb2e7376d03930e856fc8ce181a9ea85716ace",0.484999999999999,"mallows_gp","gp_c1","estimated_c",1,0.0666666666666667,TRUE,NA,60,362,91645306,0.00744667383119441,0.509087759971744,FALSE,FALSE,0,0.753708741337669,0.0502472494225113,FALSE,0.75,TRUE,1.42310132106343,-17.9026293108458,59,1e-10,8067.14464432253,0.386626789231976,0.398329374438716,0.196826966075174,0.202784608963952,-0.998948266038519,-0.156028791749294,0.904166666666667,0.889502762430939,0.607023595121052,0.656456275013583,0.0186857292262734,0.0200621231887213,0.0265916859469432,0.0285504340132066
"29_pwo_gp_model_specific","db6cb901415724b9f55892557a81f2cbcc3e7f91cf2f712ea45b7b9a2b1eb5a5","b1d5697d50014504fea8964eae8d6ad099291a4087058c07ada854c160fad766",32,6,60,"SA_hamming_foldover","Hamming","6bfadf8b789644d6c4b95cdec1eb2e7376d03930e856fc8ce181a9ea85716ace",0.501000000000005,"mallows_gp","gp_c1","estimated_c",1,0.0666666666666667,TRUE,NA,60,362,91645306,0.00744667383119441,0.509087759971744,FALSE,FALSE,0,0.822143421646624,0.0548095614431083,FALSE,0.75,TRUE,1.39995323205347,-15.9074148592129,59,1e-10,12481.7067056233,0.357395491901095,0.391214729158695,0.181945670395928,0.199162630135352,-1.12111669292249,-0.23561585223541,0.965277777777778,0.950276243093923,0.699057004917314,0.763748669900062,0.0255284699444496,0.0279612346531163,0.0357386640081121,0.0391444208248357
"29_pwo_gp_model_specific","db6cb901415724b9f55892557a81f2cbcc3e7f91cf2f712ea45b7b9a2b1eb5a5","b1d5697d50014504fea8964eae8d6ad099291a4087058c07ada854c160fad766",32,6,60,"SA_l2_position_foldover","L2","6bfadf8b789644d6c4b95cdec1eb2e7376d03930e856fc8ce181a9ea85716ace",0.418999999999997,"mallows_gp","gp_c1","estimated_c",1,0.0666666666666667,TRUE,NA,60,362,91645306,0.00744667383119441,0.509087759971744,FALSE,FALSE,0,0.822366807832854,0.0548244538555236,FALSE,0.75,TRUE,1.28503777554404,-17.1540110825083,59,1e-10,6784.46253331566,0.364388781781488,0.385428961989145,0.18550586867597,0.196217166887288,-1.09380340775048,-0.225986123736548,0.940277777777778,0.925414364640884,0.649366154697645,0.708573308136686,0.0238556259678078,0.026011497572178,0.0306553805278823,0.0334257569787208
"29_pwo_gp_model_specific","db6cb901415724b9f55892557a81f2cbcc3e7f91cf2f712ea45b7b9a2b1eb5a5","b1d5697d50014504fea8964eae8d6ad099291a4087058c07ada854c160fad766",32,6,60,"random_foldover","RandomFoldover","6bfadf8b789644d6c4b95cdec1eb2e7376d03930e856fc8ce181a9ea85716ace",0.468000000000004,"mallows_gp","gp_c1","estimated_c",1,0.0666666666666667,TRUE,NA,60,362,91645306,0.00744667383119441,0.509087759971744,FALSE,FALSE,0,0.779920793162213,0.0519947195441475,FALSE,0.75,TRUE,1.58244067474203,-18.5346225119487,59,1e-10,10619.1155792651,0.371267396329666,0.3945109755195,0.189007687148011,0.20084070881149,-1.10412244823046,-0.248197957907383,0.973611111111111,0.969613259668508,0.702410566662233,0.768633675299075,0.0228459787726585,0.0250699869307699,0.0361524060641478,0.0396717670345012
"29_pwo_gp_model_specific","db6cb901415724b9f55892557a81f2cbcc3e7f91cf2f712ea45b7b9a2b1eb5a5","b1d5697d50014504fea8964eae8d6ad099291a4087058c07ada854c160fad766",32,6,60,"FSA_lambda050","FSA_lambda050","6bfadf8b789644d6c4b95cdec1eb2e7376d03930e856fc8ce181a9ea85716ace",0.463000000000008,"mallows_gp","gp_c4","estimated_c",4,0.266666666666667,TRUE,NA,60,362,98389579,-0.251780168144802,0.882119412073782,FALSE,FALSE,0,3.97420380409232,0.264946920272821,FALSE,4,TRUE,0.882727599650777,-67.1306759906142,59,1e-10,54.7796199531448,0.621627701977036,0.642978130221755,0.548349862996759,0.567183490207514,-0.112435444622967,0.830102916283297,0.944444444444444,0.939226519337017,1.9530154696219,2.11038947808729,0.310240757565363,0.332461242794643,0.273858079239511,0.29347271482903
"29_pwo_gp_model_specific","db6cb901415724b9f55892557a81f2cbcc3e7f91cf2f712ea45b7b9a2b1eb5a5","b1d5697d50014504fea8964eae8d6ad099291a4087058c07ada854c160fad766",32,6,60,"SA_hamming_foldover","Hamming","6bfadf8b789644d6c4b95cdec1eb2e7376d03930e856fc8ce181a9ea85716ace",0.435000000000002,"mallows_gp","gp_c4","estimated_c",4,0.266666666666667,TRUE,NA,60,362,98389579,-0.251780168144802,0.882119412073782,FALSE,FALSE,0,5.31851024796443,0.354567349864295,FALSE,6,TRUE,0.724822811255549,-63.8959221104212,59,1e-10,44.6141525533376,0.680974743778028,0.735008948567082,0.600701040618568,0.648365661578963,-0.032458433063694,0.97748926925672,0.954166666666667,0.947513812154696,2.17629456369742,2.37194437783155,0.470645113145106,0.512832103144886,0.341134314013522,0.371712406703572
"29_pwo_gp_model_specific","db6cb901415724b9f55892557a81f2cbcc3e7f91cf2f712ea45b7b9a2b1eb5a5","b1d5697d50014504fea8964eae8d6ad099291a4087058c07ada854c160fad766",32,6,60,"SA_l2_position_foldover","L2","6bfadf8b789644d6c4b95cdec1eb2e7376d03930e856fc8ce181a9ea85716ace",0.656999999999996,"mallows_gp","gp_c4","estimated_c",4,0.266666666666667,TRUE,NA,60,362,98389579,-0.251780168144802,0.882119412073782,FALSE,FALSE,0,3.7500474621303,0.25000316414202,FALSE,4,TRUE,1.02605595633847,-68.9523999791275,59,1e-10,70.790635571262,0.591818635941367,0.619203887790899,0.522054707190906,0.546211769451908,-0.139488985160151,0.812538485855913,0.969444444444444,0.969613259668508,2.07138571545668,2.2611857295403,0.30158897795764,0.329220380234532,0.309447167199467,0.337798532087657
"29_pwo_gp_model_specific","db6cb901415724b9f55892557a81f2cbcc3e7f91cf2f712ea45b7b9a2b1eb5a5","b1d5697d50014504fea8964eae8d6ad099291a4087058c07ada854c160fad766",32,6,60,"random_foldover","RandomFoldover","6bfadf8b789644d6c4b95cdec1eb2e7376d03930e856fc8ce181a9ea85716ace",0.452999999999989,"mallows_gp","gp_c4","estimated_c",4,0.266666666666667,TRUE,NA,60,362,98389579,-0.251780168144802,0.882119412073782,FALSE,FALSE,0,3.75787337310468,0.250524891540312,FALSE,4,TRUE,0.795291921933664,-59.7628832997331,59,1e-10,95.7976686423052,0.623784966426019,0.665976754484733,0.550252827844184,0.587471023120879,-0.0836617181888872,0.914349823399776,0.943055555555556,0.930939226519337,1.86464097861091,2.04013288997307,0.316948463382922,0.347911979594165,0.252066552597725,0.276691586915189
"29_pwo_gp_model_specific","db6cb901415724b9f55892557a81f2cbcc3e7f91cf2f712ea45b7b9a2b1eb5a5","b1d5697d50014504fea8964eae8d6ad099291a4087058c07ada854c160fad766",33,6,48,"FSA_lambda050","FSA_lambda050","a65c10a97ea5b78a7cfd78c5422162ae2406e34dc642edf1b5198606469775b7",0.321999999999989,"mallows_gp","gp_c1","estimated_c",1,0.0666666666666667,TRUE,NA,48,404,91645307,-0.394618126955012,0.554797563621312,FALSE,FALSE,0,1.44875483961647,0.0965836559744313,FALSE,1.5,TRUE,0.638416866094108,-23.6959357200461,47,1e-10,631.585623878274,0.331047543681451,0.354572174861685,0.183664370677289,0.196715778741173,-0.924745793409655,-0.199691190633933,0.986111111111111,0.98019801980198,0.836710193960103,0.899355517457215,0.077513560389003,0.0835190453532204,0.0494859643033437,0.0533199671935747
"29_pwo_gp_model_specific","db6cb901415724b9f55892557a81f2cbcc3e7f91cf2f712ea45b7b9a2b1eb5a5","b1d5697d50014504fea8964eae8d6ad099291a4087058c07ada854c160fad766",33,6,48,"SA_hamming_foldover","Hamming","a65c10a97ea5b78a7cfd78c5422162ae2406e34dc642edf1b5198606469775b7",0.340000000000003,"mallows_gp","gp_c1","estimated_c",1,0.0666666666666667,TRUE,NA,48,404,91645307,-0.394618126955012,0.554797563621312,FALSE,FALSE,0,1.30393843708963,0.0869292291393088,FALSE,1.5,TRUE,0.708140325318451,-17.6631916990562,47,1e-10,1875.59603505953,0.339170841512493,0.347898136233022,0.188171156522521,0.193013038370476,-0.901277468421316,-0.201812376771158,0.983333333333333,0.982673267326733,0.877555839006318,0.93585788741663,0.0784339291711221,0.083339122594689,0.0555422281192427,0.0590157933859573
"29_pwo_gp_model_specific","db6cb901415724b9f55892557a81f2cbcc3e7f91cf2f712ea45b7b9a2b1eb5a5","b1d5697d50014504fea8964eae8d6ad099291a4087058c07ada854c160fad766",33,6,48,"SA_l2_position_foldover","L2","a65c10a97ea5b78a7cfd78c5422162ae2406e34dc642edf1b5198606469775b7",0.329999999999998,"mallows_gp","gp_c1","estimated_c",1,0.0666666666666667,TRUE,NA,48,404,91645307,-0.394618126955012,0.554797563621312,FALSE,FALSE,0,1.2483382775778,0.0832225518385201,FALSE,1.5,TRUE,0.580996965420533,-15.2034017753792,47,1e-10,1116.02944084137,0.352271662551092,0.377926601388471,0.195439460116175,0.209672757678007,-0.910971450637837,-0.173685927922702,0.956944444444444,0.955445544554455,0.737656181104375,0.804325537156108,0.0670890010063571,0.0743887697888498,0.0389785059977886,0.0432196495086884
"29_pwo_gp_model_specific","db6cb901415724b9f55892557a81f2cbcc3e7f91cf2f712ea45b7b9a2b1eb5a5","b1d5697d50014504fea8964eae8d6ad099291a4087058c07ada854c160fad766",33,6,48,"random_foldover","RandomFoldover","a65c10a97ea5b78a7cfd78c5422162ae2406e34dc642edf1b5198606469775b7",0.364000000000004,"mallows_gp","gp_c1","estimated_c",1,0.0666666666666667,TRUE,NA,48,404,91645307,-0.394618126955012,0.554797563621312,FALSE,FALSE,0,1.59026948800765,0.106017965867177,FALSE,1.5,TRUE,0.468966606132249,-13.6919093930598,47,1e-10,985.920130573054,0.412585099454871,0.43848618596185,0.228901207964019,0.243271067653236,-0.795156211578304,-0.0644842786118199,0.951388888888889,0.945544554455445,0.866694251012366,0.932079166708753,0.115371715355213,0.124540052993676,0.05410548179379,0.0584051259799746
"29_pwo_gp_model_specific","db6cb901415724b9f55892557a81f2cbcc3e7f91cf2f712ea45b7b9a2b1eb5a5","b1d5697d50014504fea8964eae8d6ad099291a4087058c07ada854c160fad766",33,6,48,"FSA_lambda050","FSA_lambda050","a65c10a97ea5b78a7cfd78c5422162ae2406e34dc642edf1b5198606469775b7",0.345999999999989,"mallows_gp","gp_c4","estimated_c",4,0.266666666666667,TRUE,NA,48,404,98389580,0.094576462376932,0.952399488336733,FALSE,FALSE,0,3.23889686686092,0.215926457790728,FALSE,3,TRUE,1.08111315555517,-56.8089714631841,47,1e-10,59.5175756394069,0.689998888757786,0.716009430661907,0.65715458860583,0.681927015406676,0.298600561267312,1.06209338762905,0.893055555555556,0.883663366336634,2.0372719210007,2.18854446158632,0.270574795339548,0.291275575122056,0.292521970803232,0.314901856156352
"29_pwo_gp_model_specific","db6cb901415724b9f55892557a81f2cbcc3e7f91cf2f712ea45b7b9a2b1eb5a5","b1d5697d50014504fea8964eae8d6ad099291a4087058c07ada854c160fad766",33,6,48,"SA_hamming_foldover","Hamming","a65c10a97ea5b78a7cfd78c5422162ae2406e34dc642edf1b5198606469775b7",0.336999999999989,"mallows_gp","gp_c4","estimated_c",4,0.266666666666667,TRUE,NA,48,404,98389580,0.094576462376932,0.952399488336733,FALSE,FALSE,0,2.98297366387271,0.198864910924848,FALSE,3,TRUE,1.57330567856119,-59.5727504889671,47,1e-10,170.286202771989,0.799111351828808,0.824165992025254,0.761073242605832,0.784935269109388,0.377027603854404,1.13464431093708,0.920833333333333,0.920792079207921,2.50389917562167,2.67017224647307,0.285399354632963,0.303170667582436,0.44902042530174,0.476980132880634
"29_pwo_gp_model_specific","db6cb901415724b9f55892557a81f2cbcc3e7f91cf2f712ea45b7b9a2b1eb5a5","b1d5697d50014504fea8964eae8d6ad099291a4087058c07ada854c160fad766",33,6,48,"SA_l2_position_foldover","L2","a65c10a97ea5b78a7cfd78c5422162ae2406e34dc642edf1b5198606469775b7",0.316000000000003,"mallows_gp","gp_c4","estimated_c",4,0.266666666666667,TRUE,NA,48,404,98389580,0.094576462376932,0.952399488336733,FALSE,FALSE,0,3.35972635554384,0.223981757036256,FALSE,3,TRUE,1.33381761042327,-61.4871608697151,47,1e-10,57.4898657239354,0.619313532003517,0.65593904427681,0.589833891000164,0.62471601014932,0.162835406801363,0.948288682860003,0.968055555555556,0.965346534653465,2.38484566207065,2.58815309100141,0.302908072902892,0.332715397474326,0.404024121977253,0.443781656410233
"29_pwo_gp_model_specific","db6cb901415724b9f55892557a81f2cbcc3e7f91cf2f712ea45b7b9a2b1eb5a5","b1d5697d50014504fea8964eae8d6ad099291a4087058c07ada854c160fad766",33,6,48,"random_foldover","RandomFoldover","a65c10a97ea5b78a7cfd78c5422162ae2406e34dc642edf1b5198606469775b7",0.299999999999997,"mallows_gp","gp_c4","estimated_c",4,0.266666666666667,TRUE,NA,48,404,98389580,0.094576462376932,0.952399488336733,FALSE,FALSE,0,4.98635187948142,0.332423458632094,FALSE,6,TRUE,1.01226042179651,-58.9296209278584,47,1e-10,33.1577073849726,0.724636415676683,0.760811193475962,0.690143351520637,0.724596191387365,0.292208746083791,1.08623204638935,0.968055555555556,0.967821782178218,2.70316171842211,2.90468963213123,0.513006890746445,0.552842645377043,0.519296571611514,0.559620729396466
"29_pwo_gp_model_specific","db6cb901415724b9f55892557a81f2cbcc3e7f91cf2f712ea45b7b9a2b1eb5a5","b1d5697d50014504fea8964eae8d6ad099291a4087058c07ada854c160fad766",33,6,60,"FSA_lambda050","FSA_lambda050","79a6ffd7f0090d7733ae79104f2997220b4e5acf596d7e61a2dee36733a0ceec",0.471999999999994,"mallows_gp","gp_c1","estimated_c",1,0.0666666666666667,TRUE,NA,60,324,91645307,-0.394618126955012,0.554797563621312,FALSE,FALSE,0,1.55050266558351,0.103366844372234,FALSE,1.5,TRUE,0.539050730671702,-21.935467767797,59,1e-10,916.00107785698,0.292393482127899,0.299173602490275,0.16221919150331,0.165980785761415,-1.22361374496397,-0.357199871302718,0.9875,0.996913580246914,0.730692610882051,0.79109952786496,0.0714074278497007,0.0767178466241694,0.038492226157768,0.0413548112783181
"29_pwo_gp_model_specific","db6cb901415724b9f55892557a81f2cbcc3e7f91cf2f712ea45b7b9a2b1eb5a5","b1d5697d50014504fea8964eae8d6ad099291a4087058c07ada854c160fad766",33,6,60,"SA_hamming_foldover","Hamming","79a6ffd7f0090d7733ae79104f2997220b4e5acf596d7e61a2dee36733a0ceec",0.486999999999995,"mallows_gp","gp_c1","estimated_c",1,0.0666666666666667,TRUE,NA,60,324,91645307,-0.394618126955012,0.554797563621312,FALSE,FALSE,0,0.777274389843651,0.0518182926562434,FALSE,0.75,TRUE,0.851506434717747,0.665438924307192,59,1e-10,10423.0050770952,0.363555510290438,0.373055883514583,0.201699711350238,0.206970495268486,-0.883894476043335,-0.0332570064532692,0.848611111111111,0.833333333333333,0.525750897451209,0.561884229814769,0.0238996113228526,0.0250998925953378,0.0203506728286621,0.0213727200556544
"29_pwo_gp_model_specific","db6cb901415724b9f55892557a81f2cbcc3e7f91cf2f712ea45b7b9a2b1eb5a5","b1d5697d50014504fea8964eae8d6ad099291a4087058c07ada854c160fad766",33,6,60,"SA_l2_position_foldover","L2","79a6ffd7f0090d7733ae79104f2997220b4e5acf596d7e61a2dee36733a0ceec",0.444999999999993,"mallows_gp","gp_c1","estimated_c",1,0.0666666666666667,TRUE,NA,60,324,91645307,-0.394618126955012,0.554797563621312,FALSE,FALSE,0,0.949088931490786,0.0632725954327191,FALSE,1,TRUE,0.74163834911796,-4.40524254246433,59,1e-10,6315.69707612612,0.341376494315374,0.338651712262423,0.189394847323754,0.187883144879378,-1.08546415992902,-0.272791775639248,0.9125,0.929012345679012,0.591133259162428,0.651874408995502,0.0345857087553327,0.0385778528869746,0.0256500879443795,0.0286108151276114
"29_pwo_gp_model_specific","db6cb901415724b9f55892557a81f2cbcc3e7f91cf2f712ea45b7b9a2b1eb5a5","b1d5697d50014504fea8964eae8d6ad099291a4087058c07ada854c160fad766",33,6,60,"random_foldover","RandomFoldover","79a6ffd7f0090d7733ae79104f2997220b4e5acf596d7e61a2dee36733a0ceec",0.459999999999994,"mallows_gp","gp_c1","estimated_c",1,0.0666666666666667,TRUE,NA,60,324,91645307,-0.394618126955012,0.554797563621312,FALSE,FALSE,0,1.36858142989815,0.0912387619932098,FALSE,1.5,TRUE,0.579841275252739,-11.5071556883665,59,1e-10,2764.06572040602,0.315545798114711,0.326662502567043,0.175064040004984,0.181231560550636,-1.16082926176278,-0.282142484302835,0.981944444444444,0.981481481481482,0.742301501386063,0.8039743744303,0.0697484898592695,0.0752367992096984,0.0404430533069516,0.0436254015996858
"29_pwo_gp_model_specific","db6cb901415724b9f55892557a81f2cbcc3e7f91cf2f712ea45b7b9a2b1eb5a5","b1d5697d50014504fea8964eae8d6ad099291a4087058c07ada854c160fad766",33,6,60,"FSA_lambda050","FSA_lambda050","79a6ffd7f0090d7733ae79104f2997220b4e5acf596d7e61a2dee36733a0ceec",0.495999999999995,"mallows_gp","gp_c4","estimated_c",4,0.266666666666667,TRUE,NA,60,324,98389580,0.094576462376932,0.952399488336733,FALSE,FALSE,0,4.15705153871969,0.277136769247979,FALSE,4,TRUE,0.871465017940929,-67.9058833824755,59,1e-10,45.1869327585042,0.638301992731136,0.666405539001438,0.607918491281451,0.634684294369734,0.00263600382333431,0.97778182848254,0.918055555555556,0.919753086419753,1.99574092158622,2.16291521012844,0.328069107634914,0.353220336534504,0.285900750770925,0.307819166915143
"29_pwo_gp_model_specific","db6cb901415724b9f55892557a81f2cbcc3e7f91cf2f712ea45b7b9a2b1eb5a5","b1d5697d50014504fea8964eae8d6ad099291a4087058c07ada854c160fad766",33,6,60,"SA_hamming_foldover","Hamming","79a6ffd7f0090d7733ae79104f2997220b4e5acf596d7e61a2dee36733a0ceec",0.426000000000002,"mallows_gp","gp_c4","estimated_c",4,0.266666666666667,TRUE,NA,60,324,98389580,0.094576462376932,0.952399488336733,FALSE,FALSE,0,3.5778427963883,0.238522853092553,FALSE,4,TRUE,1.07180272182873,-66.7135086118376,59,1e-10,102.003807347114,0.66393767014189,0.683430712760781,0.632333897330619,0.650899061146977,0.042870296850111,0.978130168624904,0.930555555555556,0.916666666666667,2.12011342416749,2.2693387856266,0.304989231750316,0.3211954016288,0.326888288718443,0.344258105704621
"29_pwo_gp_model_specific","db6cb901415724b9f55892557a81f2cbcc3e7f91cf2f712ea45b7b9a2b1eb5a5","b1d5697d50014504fea8964eae8d6ad099291a4087058c07ada854c160fad766",33,6,60,"SA_l2_position_foldover","L2","79a6ffd7f0090d7733ae79104f2997220b4e5acf596d7e61a2dee36733a0ceec",0.45999999999998,"mallows_gp","gp_c4","estimated_c",4,0.266666666666667,TRUE,NA,60,324,98389580,0.094576462376932,0.952399488336733,FALSE,FALSE,0,3.31878080810239,0.221252053873492,FALSE,3,TRUE,1.35755043479194,-71.1249612542125,59,1e-10,142.606376914084,0.631265080627675,0.647090307069724,0.601216539794644,0.616288477360865,-0.0266014519761434,0.905631557195288,0.955555555555556,0.953703703703704,2.27747681094356,2.5070592698216,0.277963144290829,0.308809628672375,0.377348987388149,0.41922464567212
"29_pwo_gp_model_specific","db6cb901415724b9f55892557a81f2cbcc3e7f91cf2f712ea45b7b9a2b1eb5a5","b1d5697d50014504fea8964eae8d6ad099291a4087058c07ada854c160fad766",33,6,60,"random_foldover","RandomFoldover","79a6ffd7f0090d7733ae79104f2997220b4e5acf596d7e61a2dee36733a0ceec",0.436999999999983,"mallows_gp","gp_c4","estimated_c",4,0.266666666666667,TRUE,NA,60,324,98389580,0.094576462376932,0.952399488336733,FALSE,FALSE,0,5.62629494417166,0.375086329611444,FALSE,6,TRUE,0.883722656043682,-69.3245529008481,59,1e-10,38.5527232516314,0.723793853373861,0.752221209145466,0.689340895614537,0.71641509470618,0.0851737203353674,1.05912205475122,0.951388888888889,0.947530864197531,2.51132979673793,2.72883010679971,0.514477339591292,0.557769385495545,0.454655281017904,0.492913442809975
"29_pwo_gp_model_specific","db6cb901415724b9f55892557a81f2cbcc3e7f91cf2f712ea45b7b9a2b1eb5a5","b1d5697d50014504fea8964eae8d6ad099291a4087058c07ada854c160fad766",34,6,48,"FSA_lambda050","FSA_lambda050","98b08557018215da1f0a8dd6c4bb9b85707985e784fc50ce95b081ec54821d7f",0.332999999999998,"mallows_gp","gp_c1","estimated_c",1,0.0666666666666667,TRUE,NA,48,384,91645308,1.13958560498824,0.481970562176319,FALSE,FALSE,0,1.65691475071408,0.110460983380939,FALSE,1.5,TRUE,0.341287147497991,-13.1504893426506,47,1e-10,443.675495360082,0.474439553370746,0.48136176774492,0.22866589825678,0.232002201810206,-0.718867877570233,-0.0176663206285842,0.894444444444444,0.8984375,0.682033860643851,0.731004544586712,0.0962390374238442,0.103116555977302,0.0328451465603362,0.0351923552493104
"29_pwo_gp_model_specific","db6cb901415724b9f55892557a81f2cbcc3e7f91cf2f712ea45b7b9a2b1eb5a5","b1d5697d50014504fea8964eae8d6ad099291a4087058c07ada854c160fad766",34,6,48,"SA_hamming_foldover","Hamming","98b08557018215da1f0a8dd6c4bb9b85707985e784fc50ce95b081ec54821d7f",0.378,"mallows_gp","gp_c1","estimated_c",1,0.0666666666666667,TRUE,NA,48,384,91645308,1.13958560498824,0.481970562176319,FALSE,FALSE,0,1.42041140185273,0.0946940934568489,FALSE,1.5,TRUE,0.724695814265826,-20.8909983613214,47,1e-10,1251.31808700395,0.466632495609647,0.496869850038623,0.22490312623872,0.239476640951578,-0.773059148348862,-0.0387319825623338,0.979166666666667,0.966145833333333,0.973713526077847,1.0511426256518,0.0944510292267202,0.102511577308896,0.0684482655337034,0.0742897109895444
"29_pwo_gp_model_specific","db6cb901415724b9f55892557a81f2cbcc3e7f91cf2f712ea45b7b9a2b1eb5a5","b1d5697d50014504fea8964eae8d6ad099291a4087058c07ada854c160fad766",34,6,48,"SA_l2_position_foldover","L2","98b08557018215da1f0a8dd6c4bb9b85707985e784fc50ce95b081ec54821d7f",0.355000000000004,"mallows_gp","gp_c1","estimated_c",1,0.0666666666666667,TRUE,NA,48,384,91645308,1.13958560498824,0.481970562176319,FALSE,FALSE,0,1.84230904511036,0.122820603007357,FALSE,2,TRUE,0.500177865539095,-23.4331115984306,47,1e-10,358.807854040169,0.440305084877683,0.46903238215262,0.212214089287589,0.226059800904996,-0.821214395739008,-0.0783378978306677,0.984722222222222,0.986979166666667,0.943815353265477,1.02409308598376,0.126869670570841,0.139305106191873,0.0634574010277714,0.0696773306737481
"29_pwo_gp_model_specific","db6cb901415724b9f55892557a81f2cbcc3e7f91cf2f712ea45b7b9a2b1eb5a5","b1d5697d50014504fea8964eae8d6ad099291a4087058c07ada854c160fad766",34,6,48,"random_foldover","RandomFoldover","98b08557018215da1f0a8dd6c4bb9b85707985e784fc50ce95b081ec54821d7f",0.359000000000009,"mallows_gp","gp_c1","estimated_c",1,0.0666666666666667,TRUE,NA,48,384,91645308,1.13958560498824,0.481970562176319,FALSE,FALSE,0,1.89124247564772,0.126082831709848,FALSE,2,TRUE,0.371714039613346,-15.8852603433567,47,1e-10,512.145924863267,0.4641927355261,0.473165135419908,0.223727233699678,0.228051666320567,-0.78392908755544,-0.0664906588607832,0.954166666666667,0.953125,0.844942186009929,0.906689300267264,0.137012978950135,0.147335158901338,0.0509296478850131,0.0547665470922905
"29_pwo_gp_model_specific","db6cb901415724b9f55892557a81f2cbcc3e7f91cf2f712ea45b7b9a2b1eb5a5","b1d5697d50014504fea8964eae8d6ad099291a4087058c07ada854c160fad766",34,6,48,"FSA_lambda050","FSA_lambda050","98b08557018215da1f0a8dd6c4bb9b85707985e784fc50ce95b081ec54821d7f",0.310999999999993,"mallows_gp","gp_c4","estimated_c",4,0.266666666666667,TRUE,NA,48,384,98389581,-0.303603958972199,0.970258861287604,FALSE,FALSE,0,2.75933416394406,0.183955610929604,FALSE,3,TRUE,1.31224939759413,-58.0157124370175,47,1e-10,95.9993671128484,0.599866394646235,0.622691192393153,0.582025684994157,0.604171647265201,0.154654317056336,0.91148564589962,0.923611111111111,0.916666666666667,2.00080465951165,2.14370633684122,0.215020052342359,0.230235724275493,0.282159934156919,0.302126690485164
"29_pwo_gp_model_specific","db6cb901415724b9f55892557a81f2cbcc3e7f91cf2f712ea45b7b9a2b1eb5a5","b1d5697d50014504fea8964eae8d6ad099291a4087058c07ada854c160fad766",34,6,48,"SA_hamming_foldover","Hamming","98b08557018215da1f0a8dd6c4bb9b85707985e784fc50ce95b081ec54821d7f",0.329000000000008,"mallows_gp","gp_c4","estimated_c",4,0.266666666666667,TRUE,NA,48,384,98389581,-0.303603958972199,0.970258861287604,FALSE,FALSE,0,3.62453603610749,0.241635735740499,FALSE,4,TRUE,0.939513754094642,-51.7351978873783,47,1e-10,77.4325016091485,0.743503041352963,0.783408785075354,0.721390414266996,0.760109315729918,0.347697116310497,1.17545153831138,0.904166666666667,0.880208333333333,2.18631176770822,2.35747760357577,0.362907333053139,0.393269931375251,0.340956430865229,0.369482509598905
"29_pwo_gp_model_specific","db6cb901415724b9f55892557a81f2cbcc3e7f91cf2f712ea45b7b9a2b1eb5a5","b1d5697d50014504fea8964eae8d6ad099291a4087058c07ada854c160fad766",34,6,48,"SA_l2_position_foldover","L2","98b08557018215da1f0a8dd6c4bb9b85707985e784fc50ce95b081ec54821d7f",0.338999999999999,"mallows_gp","gp_c4","estimated_c",4,0.266666666666667,TRUE,NA,48,384,98389581,-0.303603958972199,0.970258861287604,FALSE,FALSE,0,2.92784749376769,0.195189832917846,FALSE,3,TRUE,1.03948050103887,-52.4926586446273,47,1e-10,89.9569756778199,0.679733350485606,0.726017159289493,0.659517306621372,0.704424582247484,0.31596595844725,1.16144707439643,0.875,0.848958333333333,1.92116889825362,2.08298682617952,0.252122861561628,0.27648462851969,0.262076798459435,0.287400380183194
"29_pwo_gp_model_specific","db6cb901415724b9f55892557a81f2cbcc3e7f91cf2f712ea45b7b9a2b1eb5a5","b1d5697d50014504fea8964eae8d6ad099291a4087058c07ada854c160fad766",34,6,48,"random_foldover","RandomFoldover","98b08557018215da1f0a8dd6c4bb9b85707985e784fc50ce95b081ec54821d7f",0.340000000000003,"mallows_gp","gp_c4","estimated_c",4,0.266666666666667,TRUE,NA,48,384,98389581,-0.303603958972199,0.970258861287604,FALSE,FALSE,0,4.04119437021387,0.269412958014258,FALSE,4,TRUE,1.27079693358492,-62.4479180668311,47,1e-10,55.1927499619336,0.638563951163374,0.69398774534108,0.619572332115088,0.673347759542188,0.205485867132688,1.00362775497481,0.983333333333333,0.9765625,2.63940735222198,2.83221520049094,0.388527851772457,0.417758427331448,0.493740002644775,0.530886128432064
"29_pwo_gp_model_specific","db6cb901415724b9f55892557a81f2cbcc3e7f91cf2f712ea45b7b9a2b1eb5a5","b1d5697d50014504fea8964eae8d6ad099291a4087058c07ada854c160fad766",34,6,60,"FSA_lambda050","FSA_lambda050","4299b90234f705b9a8fd79c368346e487130f2b3773b99ab38b5b0ac98eeb1a8",0.403999999999996,"mallows_gp","gp_c1","estimated_c",1,0.0666666666666667,TRUE,NA,60,358,91645308,1.13958560498824,0.481970562176319,FALSE,FALSE,0,2.01794500340133,0.134529666893422,FALSE,2,TRUE,0.421941887802492,-24.5472160488311,59,1e-10,449.327334233391,0.379768645045469,0.396249911219038,0.183037307349504,0.190980792472556,-1.11818802470283,-0.217594109216753,0.983333333333333,0.986033519553073,0.813991388340688,0.891626672232967,0.113044845817734,0.124242941731469,0.0476983556506763,0.0524233013803109
"29_pwo_gp_model_specific","db6cb901415724b9f55892557a81f2cbcc3e7f91cf2f712ea45b7b9a2b1eb5a5","b1d5697d50014504fea8964eae8d6ad099291a4087058c07ada854c160fad766",34,6,60,"SA_hamming_foldover","Hamming","4299b90234f705b9a8fd79c368346e487130f2b3773b99ab38b5b0ac98eeb1a8",0.454000000000008,"mallows_gp","gp_c1","estimated_c",1,0.0666666666666667,TRUE,NA,60,358,91645308,1.13958560498824,0.481970562176319,FALSE,FALSE,0,1.68985476745191,0.112656984496794,FALSE,1.5,TRUE,0.455283214953755,-15.7087256191168,59,1e-10,1016.64855493685,0.422511183185446,0.441990011147101,0.203637952485671,0.213026174148886,-1.0524936719683,-0.151935858852556,0.958333333333333,0.958100558659218,0.78275143318999,0.868095922770939,0.0984395951941965,0.110829412717033,0.04481789537876,0.0504587713332475
"29_pwo_gp_model_specific","db6cb901415724b9f55892557a81f2cbcc3e7f91cf2f712ea45b7b9a2b1eb5a5","b1d5697d50014504fea8964eae8d6ad099291a4087058c07ada854c160fad766",34,6,60,"SA_l2_position_foldover","L2","4299b90234f705b9a8fd79c368346e487130f2b3773b99ab38b5b0ac98eeb1a8",0.459000000000003,"mallows_gp","gp_c1","estimated_c",1,0.0666666666666667,TRUE,NA,60,358,91645308,1.13958560498824,0.481970562176319,FALSE,FALSE,0,1.89092017018749,0.126061344679166,FALSE,2,TRUE,0.505989975824723,-25.8184360965912,59,1e-10,550.749373518048,0.391934599266661,0.387071983831456,0.188900939144903,0.18655730164995,-1.07933810617675,-0.221096277551063,0.984722222222222,0.986033519553073,0.869861429892906,0.948038394673763,0.108392950470367,0.118064292585766,0.0548457463880713,0.059739348551235
"29_pwo_gp_model_specific","db6cb901415724b9f55892557a81f2cbcc3e7f91cf2f712ea45b7b9a2b1eb5a5","b1d5697d50014504fea8964eae8d6ad099291a4087058c07ada854c160fad766",34,6,60,"random_foldover","RandomFoldover","4299b90234f705b9a8fd79c368346e487130f2b3773b99ab38b5b0ac98eeb1a8",0.439999999999998,"mallows_gp","gp_c1","estimated_c",1,0.0666666666666667,TRUE,NA,60,358,91645308,1.13958560498824,0.481970562176319,FALSE,FALSE,0,1.83529575212986,0.12235305014199,FALSE,2,TRUE,0.314890486184053,-5.97963843474627,59,1e-10,1245.41802949096,0.494944066376978,0.522238192495476,0.238548469917545,0.251703435226989,-0.924726362181965,0.0199712643306633,0.901388888888889,0.888268156424581,0.710648218135838,0.780148843358933,0.117560790427077,0.129576624842661,0.0370187744537637,0.0408024463947941
"29_pwo_gp_model_specific","db6cb901415724b9f55892557a81f2cbcc3e7f91cf2f712ea45b7b9a2b1eb5a5","b1d5697d50014504fea8964eae8d6ad099291a4087058c07ada854c160fad766",34,6,60,"FSA_lambda050","FSA_lambda050","4299b90234f705b9a8fd79c368346e487130f2b3773b99ab38b5b0ac98eeb1a8",0.454000000000008,"mallows_gp","gp_c4","estimated_c",4,0.266666666666667,TRUE,NA,60,358,98389581,-0.303603958972199,0.970258861287604,FALSE,FALSE,0,2.73225755478977,0.182150503652651,FALSE,3,TRUE,1.31844388667996,-68.513186615719,59,1e-10,178.930894088943,0.554426122183397,0.574410975874583,0.537936857977765,0.557327339363174,-0.0942594788114822,0.833596310575872,0.922222222222222,0.918994413407821,1.83430638564774,2.0085049732716,0.183531798619851,0.201569200010296,0.241976377901719,0.265757679496543
"29_pwo_gp_model_specific","db6cb901415724b9f55892557a81f2cbcc3e7f91cf2f712ea45b7b9a2b1eb5a5","b1d5697d50014504fea8964eae8d6ad099291a4087058c07ada854c160fad766",34,6,60,"SA_hamming_foldover","Hamming","4299b90234f705b9a8fd79c368346e487130f2b3773b99ab38b5b0ac98eeb1a8",0.444000000000017,"mallows_gp","gp_c4","estimated_c",4,0.266666666666667,TRUE,NA,60,358,98389581,-0.303603958972199,0.970258861287604,FALSE,FALSE,0,3.84100980178831,0.256067320119221,FALSE,4,TRUE,1.08363030884956,-68.9602958977951,59,1e-10,85.8289309638614,0.603739719819196,0.652799058938224,0.58578381306587,0.633384071575021,-0.0385604181692273,0.951828850538041,0.959722222222222,0.949720670391061,2.23102615505988,2.46632321402508,0.333260115951216,0.37296542179164,0.361130762375457,0.404156635206282
"29_pwo_gp_model_specific","db6cb901415724b9f55892557a81f2cbcc3e7f91cf2f712ea45b7b9a2b1eb5a5","b1d5697d50014504fea8964eae8d6ad099291a4087058c07ada854c160fad766",34,6,60,"SA_l2_position_foldover","L2","4299b90234f705b9a8fd79c368346e487130f2b3773b99ab38b5b0ac98eeb1a8",0.555000000000007,"mallows_gp","gp_c4","estimated_c",4,0.266666666666667,TRUE,NA,60,358,98389581,-0.303603958972199,0.970258861287604,FALSE,FALSE,0,4.6609057583891,0.310727050559274,FALSE,4,TRUE,1.01573855408499,-73.9628388661346,59,1e-10,36.211805453517,0.583785379251111,0.61202282067376,0.566422937308535,0.59382056506895,-0.0819872199417635,0.868832986386744,0.968055555555556,0.963687150837989,2.339330241879,2.55123795690417,0.387692926183705,0.422950440441553,0.393794652270817,0.429607068823715
"29_pwo_gp_model_specific","db6cb901415724b9f55892557a81f2cbcc3e7f91cf2f712ea45b7b9a2b1eb5a5","b1d5697d50014504fea8964eae8d6ad099291a4087058c07ada854c160fad766",34,6,60,"random_foldover","RandomFoldover","4299b90234f705b9a8fd79c368346e487130f2b3773b99ab38b5b0ac98eeb1a8",0.411000000000001,"mallows_gp","gp_c4","estimated_c",4,0.266666666666667,TRUE,NA,60,358,98389581,-0.303603958972199,0.970258861287604,FALSE,FALSE,0,3.50939083966742,0.233959389311161,FALSE,4,TRUE,1.123705385554,-65.6220097624957,59,1e-10,181.627266616132,0.580571856889061,0.606180569436809,0.56330498876081,0.588152069036429,-0.0745951562589163,0.873316006942476,0.961111111111111,0.960893854748603,2.18312453623058,2.39189785983522,0.308519957619133,0.33892089359077,0.346685537927511,0.380847233404721
"29_pwo_gp_model_specific","db6cb901415724b9f55892557a81f2cbcc3e7f91cf2f712ea45b7b9a2b1eb5a5","b1d5697d50014504fea8964eae8d6ad099291a4087058c07ada854c160fad766",35,6,48,"FSA_lambda050","FSA_lambda050","a4a2d99e4dc9d517ab1e905e07c30de1ecd4aa1ca5d3c04c4c67eaf37887ea0e",0.334000000000003,"mallows_gp","gp_c1","estimated_c",1,0.0666666666666667,TRUE,NA,48,394,91645309,0.269103560942262,0.630951950329686,FALSE,FALSE,0,1.22739872075966,0.0818265813839775,FALSE,1.5,TRUE,0.62696314990873,-17.9435209201381,47,1e-10,1198.63912295197,0.347081213190144,0.364629274325622,0.218991568385115,0.230063551783049,-0.786484215489514,-0.0558414331721495,0.934722222222222,0.931472081218274,0.724454146360747,0.780888705520653,0.0593534141401506,0.0643544086287105,0.0372124034871462,0.0403478427443699
"29_pwo_gp_model_specific","db6cb901415724b9f55892557a81f2cbcc3e7f91cf2f712ea45b7b9a2b1eb5a5","b1d5697d50014504fea8964eae8d6ad099291a4087058c07ada854c160fad766",35,6,48,"SA_hamming_foldover","Hamming","a4a2d99e4dc9d517ab1e905e07c30de1ecd4aa1ca5d3c04c4c67eaf37887ea0e",0.388000000000005,"mallows_gp","gp_c1","estimated_c",1,0.0666666666666667,TRUE,NA,48,394,91645309,0.269103560942262,0.630951950329686,FALSE,FALSE,0,1.04086315926108,0.0693908772840721,FALSE,1,TRUE,0.723584867641595,-12.6473066462863,47,1e-10,2555.65754896453,0.349112404565586,0.366988313575378,0.220273152544943,0.231551992198588,-0.770213105259357,-0.0415638676511967,0.918055555555556,0.906091370558376,0.709892387414936,0.761436342991496,0.0498632074293219,0.0535354409033277,0.0360802623479313,0.0387374349201689
"29_pwo_gp_model_specific","db6cb901415724b9f55892557a81f2cbcc3e7f91cf2f712ea45b7b9a2b1eb5a5","b1d5697d50014504fea8964eae8d6ad099291a4087058c07ada854c160fad766",35,6,48,"SA_l2_position_foldover","L2","a4a2d99e4dc9d517ab1e905e07c30de1ecd4aa1ca5d3c04c4c67eaf37887ea0e",0.322999999999993,"mallows_gp","gp_c1","estimated_c",1,0.0666666666666667,TRUE,NA,48,394,91645309,0.269103560942262,0.630951950329686,FALSE,FALSE,0,1.14001903242593,0.0760012688283952,FALSE,1,TRUE,0.953932874934915,-24.2584195477948,47,1e-10,1532.82568271646,0.327924286882681,0.340165393057011,0.206904468369099,0.214628018183985,-0.847947534222466,-0.150735580446148,0.969444444444444,0.977157360406091,0.860581284801047,0.922365048313006,0.0555346171037281,0.059422835699295,0.052976296952169,0.0566853964954135
"29_pwo_gp_model_specific","db6cb901415724b9f55892557a81f2cbcc3e7f91cf2f712ea45b7b9a2b1eb5a5","b1d5697d50014504fea8964eae8d6ad099291a4087058c07ada854c160fad766",35,6,48,"random_foldover","RandomFoldover","a4a2d99e4dc9d517ab1e905e07c30de1ecd4aa1ca5d3c04c4c67eaf37887ea0e",0.349000000000004,"mallows_gp","gp_c1","estimated_c",1,0.0666666666666667,TRUE,NA,48,394,91645309,0.269103560942262,0.630951950329686,FALSE,FALSE,0,0.946569855195272,0.0631046570130181,FALSE,1,TRUE,1.0893548078131,-15.4111104084208,47,1e-10,4694.38637523697,0.314087209455084,0.32953635626702,0.198173937379294,0.207921606691215,-0.865846381809432,-0.158561078249117,0.979166666666667,0.977157360406091,0.813011397488997,0.872053479970473,0.0435011910607394,0.0466221242338282,0.0473882316276127,0.0507880351845804
"29_pwo_gp_model_specific","db6cb901415724b9f55892557a81f2cbcc3e7f91cf2f712ea45b7b9a2b1eb5a5","b1d5697d50014504fea8964eae8d6ad099291a4087058c07ada854c160fad766",35,6,48,"FSA_lambda050","FSA_lambda050","a4a2d99e4dc9d517ab1e905e07c30de1ecd4aa1ca5d3c04c4c67eaf37887ea0e",0.309999999999988,"mallows_gp","gp_c4","estimated_c",4,0.266666666666667,TRUE,NA,48,394,98389582,-0.15785903202602,0.999269009981187,FALSE,FALSE,0,2.97454455777696,0.198302970518464,FALSE,3,TRUE,1.40656934024834,-61.2317754363578,47,1e-10,82.5492475225044,0.535183669463455,0.560846110058042,0.534792455542845,0.5604361371495,0.0836508960472749,0.843687360531722,0.977777777777778,0.979695431472081,2.20550816077758,2.37762535235397,0.244198747632114,0.264836633476633,0.343482471346372,0.372511088822818
"29_pwo_gp_model_specific","db6cb901415724b9f55892557a81f2cbcc3e7f91cf2f712ea45b7b9a2b1eb5a5","b1d5697d50014504fea8964eae8d6ad099291a4087058c07ada854c160fad766",35,6,48,"SA_hamming_foldover","Hamming","a4a2d99e4dc9d517ab1e905e07c30de1ecd4aa1ca5d3c04c4c67eaf37887ea0e",0.495000000000005,"mallows_gp","gp_c4","estimated_c",4,0.266666666666667,TRUE,NA,48,394,98389582,-0.15785903202602,0.999269009981187,FALSE,FALSE,0,2.76396249939036,0.184264166626024,FALSE,3,TRUE,1.36844533231759,-56.3326117818892,47,1e-10,139.893353376191,0.621086894166245,0.628401347051672,0.620632885845794,0.627941991939169,0.198407454799299,0.93292599883667,0.930555555555556,0.928934010152284,2.16460141252035,2.31924386925942,0.243841794028563,0.261184829554121,0.333684164862335,0.357417160875503
"29_pwo_gp_model_specific","db6cb901415724b9f55892557a81f2cbcc3e7f91cf2f712ea45b7b9a2b1eb5a5","b1d5697d50014504fea8964eae8d6ad099291a4087058c07ada854c160fad766",35,6,48,"SA_l2_position_foldover","L2","a4a2d99e4dc9d517ab1e905e07c30de1ecd4aa1ca5d3c04c4c67eaf37887ea0e",0.316000000000003,"mallows_gp","gp_c4","estimated_c",4,0.266666666666667,TRUE,NA,48,394,98389582,-0.15785903202602,0.999269009981187,FALSE,FALSE,0,2.04661360877826,0.136440907251884,FALSE,2,TRUE,1.72230669669262,-55.9065350432289,47,1e-10,266.033335380166,0.587946924884155,0.608748566870508,0.587517141550473,0.608303577744159,0.188604136554094,0.946391685752324,0.920833333333333,0.913705583756345,1.89819980195353,2.03393509859725,0.149151952543028,0.159581379482925,0.256885406689637,0.274848078550888
"29_pwo_gp_model_specific","db6cb901415724b9f55892557a81f2cbcc3e7f91cf2f712ea45b7b9a2b1eb5a5","b1d5697d50014504fea8964eae8d6ad099291a4087058c07ada854c160fad766",35,6,48,"random_foldover","RandomFoldover","a4a2d99e4dc9d517ab1e905e07c30de1ecd4aa1ca5d3c04c4c67eaf37887ea0e",0.332000000000022,"mallows_gp","gp_c4","estimated_c",4,0.266666666666667,TRUE,NA,48,394,98389582,-0.15785903202602,0.999269009981187,FALSE,FALSE,0,3.18819814879614,0.212546543253076,FALSE,3,TRUE,1.14377118697331,-51.7698991250626,47,1e-10,133.299207636416,0.629045014148524,0.650881825848155,0.628585188521797,0.650406037730033,0.22284250512731,0.979487781223281,0.925,0.928934010152284,2.23461476213053,2.40007349764372,0.310472933254719,0.333864167950939,0.355109995391836,0.381864215665102
"29_pwo_gp_model_specific","db6cb901415724b9f55892557a81f2cbcc3e7f91cf2f712ea45b7b9a2b1eb5a5","b1d5697d50014504fea8964eae8d6ad099291a4087058c07ada854c160fad766",35,6,60,"FSA_lambda050","FSA_lambda050","f56246e7993c1c151016e7c18770e0bcd1ddc9dad5c71cfbb001a222ff806056",0.466999999999999,"mallows_gp","gp_c1","estimated_c",1,0.0666666666666667,TRUE,NA,60,356,91645309,0.269103560942262,0.630951950329686,FALSE,FALSE,0,1.2037488792416,0.0802499252827736,FALSE,1,TRUE,0.674812687514845,-17.5697006891688,59,1e-10,2072.09919181331,0.308287833393872,0.322945266246647,0.194514809742777,0.203762945588062,-1.05822724585428,-0.15788460598342,0.922222222222222,0.904494382022472,0.653742541589585,0.70718829487394,0.0457602324451043,0.049147139892304,0.0308795854375848,0.0331651135543937
"29_pwo_gp_model_specific","db6cb901415724b9f55892557a81f2cbcc3e7f91cf2f712ea45b7b9a2b1eb5a5","b1d5697d50014504fea8964eae8d6ad099291a4087058c07ada854c160fad766",35,6,60,"SA_hamming_foldover","Hamming","f56246e7993c1c151016e7c18770e0bcd1ddc9dad5c71cfbb001a222ff806056",0.423000000000002,"mallows_gp","gp_c1","estimated_c",1,0.0666666666666667,TRUE,NA,60,356,91645309,0.269103560942262,0.630951950329686,FALSE,FALSE,0,1.34465090951529,0.0896433939676858,FALSE,1.5,TRUE,0.637541706815416,-17.6864539950789,59,1e-10,1789.69000477336,0.307454855375297,0.327658810552578,0.193989240637375,0.206736965560854,-1.09353962950653,-0.190993553883683,0.958333333333333,0.955056179775281,0.734411765555485,0.805590274456765,0.0619095469324885,0.0682085798538917,0.0394699182195078,0.0434858144195057
"29_pwo_gp_model_specific","db6cb901415724b9f55892557a81f2cbcc3e7f91cf2f712ea45b7b9a2b1eb5a5","b1d5697d50014504fea8964eae8d6ad099291a4087058c07ada854c160fad766",35,6,60,"SA_l2_position_foldover","L2","f56246e7993c1c151016e7c18770e0bcd1ddc9dad5c71cfbb001a222ff806056",0.425999999999988,"mallows_gp","gp_c1","estimated_c",1,0.0666666666666667,TRUE,NA,60,356,91645309,0.269103560942262,0.630951950329686,FALSE,FALSE,0,1.00538731177953,0.0670258207853019,FALSE,1,TRUE,0.814245383166543,-12.3628437415681,59,1e-10,4086.99246636376,0.318708189391814,0.334505914666668,0.201089553682808,0.21105715925575,-1.0100632929919,-0.132769609342483,0.911111111111111,0.898876404494382,0.635754636729737,0.693192036316386,0.0363989383740883,0.0398054889675449,0.0296376675232649,0.0324114356165102
"29_pwo_gp_model_specific","db6cb901415724b9f55892557a81f2cbcc3e7f91cf2f712ea45b7b9a2b1eb5a5","b1d5697d50014504fea8964eae8d6ad099291a4087058c07ada854c160fad766",35,6,60,"random_foldover","RandomFoldover","f56246e7993c1c151016e7c18770e0bcd1ddc9dad5c71cfbb001a222ff806056",0.448999999999984,"mallows_gp","gp_c1","estimated_c",1,0.0666666666666667,TRUE,NA,60,356,91645309,0.269103560942262,0.630951950329686,FALSE,FALSE,0,1.04610944574885,0.0697406297165903,FALSE,1,TRUE,0.866120323857245,-11.8629656777893,59,1e-10,8703.22828170229,0.305666870931257,0.319969601016641,0.192861108365249,0.201885443807661,-1.07010359759981,-0.190740672031854,0.959722222222222,0.943820224719101,0.705539921836856,0.766405242728099,0.0420538569908831,0.045559743286819,0.03642370023639,0.0394602196104326
"29_pwo_gp_model_specific","db6cb901415724b9f55892557a81f2cbcc3e7f91cf2f712ea45b7b9a2b1eb5a5","b1d5697d50014504fea8964eae8d6ad099291a4087058c07ada854c160fad766",35,6,60,"FSA_lambda050","FSA_lambda050","f56246e7993c1c151016e7c18770e0bcd1ddc9dad5c71cfbb001a222ff806056",0.480000000000018,"mallows_gp","gp_c4","estimated_c",4,0.266666666666667,TRUE,NA,60,356,98389582,-0.15785903202602,0.999269009981187,FALSE,FALSE,0,2.76713285631096,0.184475523754064,FALSE,3,TRUE,1.46829222064796,-72.1084530587019,59,1e-10,166.66286683308,0.543543739015349,0.557175527580928,0.543146413967341,0.55676823783154,-0.10541395395694,0.808046383034933,0.948611111111111,0.946629213483146,1.96040003842859,2.12154916144785,0.188539108171648,0.20258477907955,0.276830505816334,0.297453655144188
"29_pwo_gp_model_specific","db6cb901415724b9f55892557a81f2cbcc3e7f91cf2f712ea45b7b9a2b1eb5a5","b1d5697d50014504fea8964eae8d6ad099291a4087058c07ada854c160fad766",35,6,60,"SA_hamming_foldover","Hamming","f56246e7993c1c151016e7c18770e0bcd1ddc9dad5c71cfbb001a222ff806056",0.447000000000003,"mallows_gp","gp_c4","estimated_c",4,0.266666666666667,TRUE,NA,60,356,98389582,-0.15785903202602,0.999269009981187,FALSE,FALSE,0,2.86878158746455,0.19125210583097,FALSE,3,TRUE,1.26576963832331,-66.2454219004399,59,1e-10,185.190519633491,0.617599183987633,0.657755032221016,0.617147725148511,0.657274219857639,0.0171617011695863,0.976881556458832,0.927777777777778,0.921348314606742,1.94221009508819,2.12978071444383,0.216799402188909,0.238693927310914,0.274418100897364,0.302131526042305
"29_pwo_gp_model_specific","db6cb901415724b9f55892557a81f2cbcc3e7f91cf2f712ea45b7b9a2b1eb5a5","b1d5697d50014504fea8964eae8d6ad099291a4087058c07ada854c160fad766",35,6,60,"SA_l2_position_foldover","L2","f56246e7993c1c151016e7c18770e0bcd1ddc9dad5c71cfbb001a222ff806056",0.406999999999982,"mallows_gp","gp_c4","estimated_c",4,0.266666666666667,TRUE,NA,60,356,98389582,-0.15785903202602,0.999269009981187,FALSE,FALSE,0,2.28676478840074,0.152450985893383,FALSE,2,TRUE,1.43222100405597,-62.9197042915914,59,1e-10,351.117989458307,0.615536802186715,0.653207692672886,0.615086850928105,0.652730204369331,0.0788332069330173,1.04535433172796,0.876388888888889,0.876404494382023,1.73617620401822,1.89173817669404,0.153542888712521,0.167495293087363,0.219907350237501,0.239890276840233
"29_pwo_gp_model_specific","db6cb901415724b9f55892557a81f2cbcc3e7f91cf2f712ea45b7b9a2b1eb5a5","b1d5697d50014504fea8964eae8d6ad099291a4087058c07ada854c160fad766",35,6,60,"random_foldover","RandomFoldover","f56246e7993c1c151016e7c18770e0bcd1ddc9dad5c71cfbb001a222ff806056",0.453000000000003,"mallows_gp","gp_c4","estimated_c",4,0.266666666666667,TRUE,NA,60,356,98389582,-0.15785903202602,0.999269009981187,FALSE,FALSE,0,1.93330228034371,0.128886818689581,FALSE,2,TRUE,2.15266833314861,-64.691377514116,59,1e-10,1353.27483387228,0.545372032785039,0.568616802222428,0.544973371272533,0.568201149015474,-0.0606276594619076,0.861567907201386,0.933333333333333,0.918539325842697,1.92280924329241,2.089139265415,0.125245388751958,0.135730643583116,0.269611782239227,0.292183058279256
"29_pwo_gp_model_specific","db6cb901415724b9f55892557a81f2cbcc3e7f91cf2f712ea45b7b9a2b1eb5a5","b1d5697d50014504fea8964eae8d6ad099291a4087058c07ada854c160fad766",36,6,48,"FSA_lambda050","FSA_lambda050","a4402a833c0c0b5fd0419dbdbf72e5c4ce8368832a8bfa59cae957eef9b0041d",0.35499999999999,"mallows_gp","gp_c1","estimated_c",1,0.0666666666666667,TRUE,NA,48,386,91645310,0.73066786393955,0.701155727164685,FALSE,FALSE,0,1.05274785884987,0.0701831905899911,FALSE,1,TRUE,1.05328379535423,-25.5806835587123,47,1e-10,1585.64876576567,0.321685977624642,0.334234676224103,0.225551965560088,0.234350557451564,-0.753924998313607,-0.0501584146694119,0.947222222222222,0.94300518134715,0.800805481624202,0.861458425570517,0.0430703603188405,0.0465109844848207,0.0453653125839025,0.0489892662638336
"29_pwo_gp_model_specific","db6cb901415724b9f55892557a81f2cbcc3e7f91cf2f712ea45b7b9a2b1eb5a5","b1d5697d50014504fea8964eae8d6ad099291a4087058c07ada854c160fad766",36,6,48,"SA_hamming_foldover","Hamming","a4402a833c0c0b5fd0419dbdbf72e5c4ce8368832a8bfa59cae957eef9b0041d",0.358000000000004,"mallows_gp","gp_c1","estimated_c",1,0.0666666666666667,TRUE,NA,48,386,91645310,0.73066786393955,0.701155727164685,FALSE,FALSE,0,0.997535824877365,0.0665023883251577,FALSE,1,TRUE,1.12330224637675,-20.5494114981383,47,1e-10,3091.55566549789,0.313657572697515,0.338145030049938,0.219922803465436,0.237092324431788,-0.793198546192787,-0.0564716395711166,0.966666666666667,0.961139896373057,0.861745091220259,0.935318036021616,0.0475739035495589,0.0522820568157581,0.0534398727261303,0.0587285518663378
"29_pwo_gp_model_specific","db6cb901415724b9f55892557a81f2cbcc3e7f91cf2f712ea45b7b9a2b1eb5a5","b1d5697d50014504fea8964eae8d6ad099291a4087058c07ada854c160fad766",36,6,48,"SA_l2_position_foldover","L2","a4402a833c0c0b5fd0419dbdbf72e5c4ce8368832a8bfa59cae957eef9b0041d",0.341000000000008,"mallows_gp","gp_c1","estimated_c",1,0.0666666666666667,TRUE,NA,48,386,91645310,0.73066786393955,0.701155727164685,FALSE,FALSE,0,1.01036238252256,0.0673574921681706,FALSE,1,TRUE,1.05045365527883,-22.260824104932,47,1e-10,2344.00118953465,0.313186801270053,0.332347502691963,0.219592719382886,0.23302735492135,-0.795015510940162,-0.0747327984694114,0.951388888888889,0.950777202072539,0.80438626555452,0.864011736933997,0.0440522241260798,0.0474098631884971,0.0462748198564029,0.0498018640826261
"29_pwo_gp_model_specific","db6cb901415724b9f55892557a81f2cbcc3e7f91cf2f712ea45b7b9a2b1eb5a5","b1d5697d50014504fea8964eae8d6ad099291a4087058c07ada854c160fad766",36,6,48,"random_foldover","RandomFoldover","a4402a833c0c0b5fd0419dbdbf72e5c4ce8368832a8bfa59cae957eef9b0041d",0.343000000000004,"mallows_gp","gp_c1","estimated_c",1,0.0666666666666667,TRUE,NA,48,386,91645310,0.73066786393955,0.701155727164685,FALSE,FALSE,0,0.764768572994684,0.0509845715329789,FALSE,0.75,TRUE,1.96074190463702,-21.6458095230588,47,1e-10,12171.8820553821,0.302058317297511,0.31811830348771,0.211789919110877,0.223050470406321,-0.758732752138077,-0.0722465111388133,0.966666666666667,0.961139896373057,0.910825893183363,0.975048059337657,0.030715532550603,0.0327534588234155,0.0602252317952098,0.0642210792368741
"29_pwo_gp_model_specific","db6cb901415724b9f55892557a81f2cbcc3e7f91cf2f712ea45b7b9a2b1eb5a5","b1d5697d50014504fea8964eae8d6ad099291a4087058c07ada854c160fad766",36,6,48,"FSA_lambda050","FSA_lambda050","a4402a833c0c0b5fd0419dbdbf72e5c4ce8368832a8bfa59cae957eef9b0041d",0.337000000000003,"mallows_gp","gp_c4","estimated_c",4,0.266666666666667,TRUE,NA,48,386,98389583,0.148571129390907,0.938288528304644,FALSE,FALSE,0,3.50245115798252,0.233496743865501,FALSE,4,TRUE,1.29971504138277,-62.8818329108994,47,1e-10,43.4141718961208,0.661966098224188,0.692954173213548,0.621115196090341,0.650190951367101,0.199117793296637,0.971673095262069,0.943055555555556,0.937823834196891,2.34726664206118,2.52624063329082,0.298757613404213,0.322912107387513,0.388299763869073,0.419693723016158
"29_pwo_gp_model_specific","db6cb901415724b9f55892557a81f2cbcc3e7f91cf2f712ea45b7b9a2b1eb5a5","b1d5697d50014504fea8964eae8d6ad099291a4087058c07ada854c160fad766",36,6,48,"SA_hamming_foldover","Hamming","a4402a833c0c0b5fd0419dbdbf72e5c4ce8368832a8bfa59cae957eef9b0041d",0.304000000000002,"mallows_gp","gp_c4","estimated_c",4,0.266666666666667,TRUE,NA,48,386,98389583,0.148571129390907,0.938288528304644,FALSE,FALSE,0,3.33623861663175,0.22241590777545,FALSE,3,TRUE,1.09053490935842,-54.4789619062781,47,1e-10,89.809213644141,0.759058437078498,0.787535581687179,0.712215823823607,0.738935601928806,0.352180281225535,1.12143201099568,0.908333333333333,0.898963730569948,2.20342451606909,2.38431927501819,0.317062702060005,0.346583192957028,0.345767945051944,0.377961070916545
"29_pwo_gp_model_specific","db6cb901415724b9f55892557a81f2cbcc3e7f91cf2f712ea45b7b9a2b1eb5a5","b1d5697d50014504fea8964eae8d6ad099291a4087058c07ada854c160fad766",36,6,48,"SA_l2_position_foldover","L2","a4402a833c0c0b5fd0419dbdbf72e5c4ce8368832a8bfa59cae957eef9b0041d",0.311000000000007,"mallows_gp","gp_c4","estimated_c",4,0.266666666666667,TRUE,NA,48,386,98389583,0.148571129390907,0.938288528304644,FALSE,FALSE,0,4.03232831949679,0.268821887966453,FALSE,4,TRUE,1.10439718119396,-60.4904001173571,47,1e-10,37.2428530433397,0.62283469794929,0.633302102457441,0.584398652115908,0.59422009768703,0.150651410973322,0.894171791752128,0.963888888888889,0.963730569948187,2.42085090953501,2.60097915456957,0.376006699980322,0.40491189639776,0.415260739568312,0.447183557013588
"29_pwo_gp_model_specific","db6cb901415724b9f55892557a81f2cbcc3e7f91cf2f712ea45b7b9a2b1eb5a5","b1d5697d50014504fea8964eae8d6ad099291a4087058c07ada854c160fad766",36,6,48,"random_foldover","RandomFoldover","a4402a833c0c0b5fd0419dbdbf72e5c4ce8368832a8bfa59cae957eef9b0041d",0.296999999999997,"mallows_gp","gp_c4","estimated_c",4,0.266666666666667,TRUE,NA,48,386,98389583,0.148571129390907,0.938288528304644,FALSE,FALSE,0,3.50303857039588,0.233535904693059,FALSE,4,TRUE,1.07306207326332,-52.8112519497857,47,1e-10,141.812184096074,0.67211833984278,0.68520468466463,0.630640927937643,0.642919695161423,0.218883756670416,0.969017498074223,0.931944444444444,0.932642487046632,2.32325474667464,2.49250468038124,0.36015455559094,0.386205371317062,0.386468194117643,0.414422336450916
"29_pwo_gp_model_specific","db6cb901415724b9f55892557a81f2cbcc3e7f91cf2f712ea45b7b9a2b1eb5a5","b1d5697d50014504fea8964eae8d6ad099291a4087058c07ada854c160fad766",36,6,60,"FSA_lambda050","FSA_lambda050","63127078992d922154d951abfb4c66f3c6c7de4329cb928b1e2954ec777dfe49",0.409999999999997,"mallows_gp","gp_c1","estimated_c",1,0.0666666666666667,TRUE,NA,60,388,91645310,0.73066786393955,0.701155727164685,FALSE,FALSE,0,1.05607243763717,0.0704048291758112,FALSE,1,TRUE,0.962226468287573,-22.0055309480564,59,1e-10,3170.62445384454,0.298767545210452,0.314492092696351,0.209482575415243,0.220507931942053,-0.987985170807859,-0.0994821401673924,0.920833333333333,0.902061855670103,0.692884097103183,0.750104732032643,0.0359927842978752,0.0387186303735961,0.0346332097187809,0.0372560909613173
"29_pwo_gp_model_specific","db6cb901415724b9f55892557a81f2cbcc3e7f91cf2f712ea45b7b9a2b1eb5a5","b1d5697d50014504fea8964eae8d6ad099291a4087058c07ada854c160fad766",36,6,60,"SA_hamming_foldover","Hamming","63127078992d922154d951abfb4c66f3c6c7de4329cb928b1e2954ec777dfe49",0.456999999999994,"mallows_gp","gp_c1","estimated_c",1,0.0666666666666667,TRUE,NA,60,388,91645310,0.73066786393955,0.701155727164685,FALSE,FALSE,0,0.909704331981552,0.0606469554654368,FALSE,1,TRUE,1.2015157382652,-17.7749842150222,59,1e-10,6216.42719207977,0.281541986275345,0.299860028119424,0.197404776114279,0.210248576063697,-1.04060006959087,-0.164241345695782,0.948611111111111,0.945876288659794,0.711401507831159,0.782665783421649,0.0307519918059603,0.0340543283733434,0.0369490021378638,0.0409168114966232
"29_pwo_gp_model_specific","db6cb901415724b9f55892557a81f2cbcc3e7f91cf2f712ea45b7b9a2b1eb5a5","b1d5697d50014504fea8964eae8d6ad099291a4087058c07ada854c160fad766",36,6,60,"SA_l2_position_foldover","L2","63127078992d922154d951abfb4c66f3c6c7de4329cb928b1e2954ec777dfe49",0.448000000000008,"mallows_gp","gp_c1","estimated_c",1,0.0666666666666667,TRUE,NA,60,388,91645310,0.73066786393955,0.701155727164685,FALSE,FALSE,0,0.874228999479095,0.0582819332986063,FALSE,1,TRUE,1.18182643302826,-15.7058524072855,59,1e-10,7357.04770208161,0.309666651101405,0.319032911299145,0.217124545931658,0.223691752911419,-0.951508001666338,-0.0981034652891221,0.918055555555556,0.896907216494845,0.683808575588986,0.734729955084275,0.0290160783948947,0.0306595623927904,0.0342919684299067,0.0362342812608789
"29_pwo_gp_model_specific","db6cb901415724b9f55892557a81f2cbcc3e7f91cf2f712ea45b7b9a2b1eb5a5","b1d5697d50014504fea8964eae8d6ad099291a4087058c07ada854c160fad766",36,6,60,"random_foldover","RandomFoldover","63127078992d922154d951abfb4c66f3c6c7de4329cb928b1e2954ec777dfe49",0.439999999999998,"mallows_gp","gp_c1","estimated_c",1,0.0666666666666667,TRUE,NA,60,388,91645310,0.73066786393955,0.701155727164685,FALSE,FALSE,0,0.813354887276731,0.0542236591517821,FALSE,0.75,TRUE,1.53747145301083,-18.5559506016899,59,1e-10,10302.553102911,0.257775767389277,0.277629262808962,0.180740955629263,0.194661347647013,-1.10594958434317,-0.243765702529826,0.965277777777778,0.961340206185567,0.730585235814802,0.797160708797431,0.0253683519551262,0.0277496142991864,0.039003116940938,0.0426642398170602
"29_pwo_gp_model_specific","db6cb901415724b9f55892557a81f2cbcc3e7f91cf2f712ea45b7b9a2b1eb5a5","b1d5697d50014504fea8964eae8d6ad099291a4087058c07ada854c160fad766",36,6,60,"FSA_lambda050","FSA_lambda050","63127078992d922154d951abfb4c66f3c6c7de4329cb928b1e2954ec777dfe49",0.451000000000022,"mallows_gp","gp_c4","estimated_c",4,0.266666666666667,TRUE,NA,60,388,98389583,0.148571129390907,0.938288528304644,FALSE,FALSE,0,3.80630509961397,0.253753673307598,FALSE,4,TRUE,1.00076115072525,-69.6605985357486,59,1e-10,63.5965940336524,0.596520845777104,0.614439158535725,0.55970866648724,0.57652121379523,-0.0813750802457094,0.861027607968402,0.938888888888889,0.935567010309278,2.02847726990728,2.19593419027132,0.295332643944652,0.317554710196406,0.295557436600779,0.317796417194377
"29_pwo_gp_model_specific","db6cb901415724b9f55892557a81f2cbcc3e7f91cf2f712ea45b7b9a2b1eb5a5","b1d5697d50014504fea8964eae8d6ad099291a4087058c07ada854c160fad766",36,6,60,"SA_hamming_foldover","Hamming","63127078992d922154d951abfb4c66f3c6c7de4329cb928b1e2954ec777dfe49",0.466000000000008,"mallows_gp","gp_c4","estimated_c",4,0.266666666666667,TRUE,NA,60,388,98389583,0.148571129390907,0.938288528304644,FALSE,FALSE,0,4.41552280925162,0.294368187283441,FALSE,4,TRUE,0.93802816468175,-68.7128291136048,59,1e-10,54.5077758225333,0.625931659748303,0.661131056789667,0.587304495844518,0.620331686291671,-0.044806320851992,0.938029968624781,0.961111111111111,0.948453608247423,2.22948091750304,2.4505046804938,0.38258414173173,0.423044347939436,0.358874700304957,0.396827513276617
"29_pwo_gp_model_specific","db6cb901415724b9f55892557a81f2cbcc3e7f91cf2f712ea45b7b9a2b1eb5a5","b1d5697d50014504fea8964eae8d6ad099291a4087058c07ada854c160fad766",36,6,60,"SA_l2_position_foldover","L2","63127078992d922154d951abfb4c66f3c6c7de4329cb928b1e2954ec777dfe49",0.553000000000026,"mallows_gp","gp_c4","estimated_c",4,0.266666666666667,TRUE,NA,60,388,98389583,0.148571129390907,0.938288528304644,FALSE,FALSE,0,2.92693392432689,0.19512892828846,FALSE,3,TRUE,1.29277810051209,-67.325242211255,59,1e-10,191.391209588112,0.634261659860641,0.6407388405113,0.595120439390702,0.601197903690972,-0.0170670652512794,0.913846589415058,0.933333333333333,0.930412371134021,2.01030239204938,2.16721437873367,0.227409936294776,0.242051377161609,0.293990585480735,0.31291871959332
"29_pwo_gp_model_specific","db6cb901415724b9f55892557a81f2cbcc3e7f91cf2f712ea45b7b9a2b1eb5a5","b1d5697d50014504fea8964eae8d6ad099291a4087058c07ada854c160fad766",36,6,60,"random_foldover","RandomFoldover","63127078992d922154d951abfb4c66f3c6c7de4329cb928b1e2954ec777dfe49",0.423999999999978,"mallows_gp","gp_c4","estimated_c",4,0.266666666666667,TRUE,NA,60,388,98389583,0.148571129390907,0.938288528304644,FALSE,FALSE,0,3.89112218607875,0.259408145738583,FALSE,4,TRUE,0.935158957520373,-64.3172337412168,59,1e-10,96.8892061846437,0.630416355407282,0.644567835440676,0.591512434334277,0.604790605708142,-0.0362869408133478,0.898387260862375,0.934722222222222,0.938144329896907,2.08714875141143,2.27486892747455,0.337194832612578,0.367727248921259,0.315330768147235,0.343883430753039
"29_pwo_gp_model_specific","db6cb901415724b9f55892557a81f2cbcc3e7f91cf2f712ea45b7b9a2b1eb5a5","b1d5697d50014504fea8964eae8d6ad099291a4087058c07ada854c160fad766",37,6,48,"FSA_lambda050","FSA_lambda050","8430f0dd18a184a4dfd5b8c613a9f576db5837026c943d2fba6667111dc28588",0.331000000000017,"mallows_gp","gp_c1","estimated_c",1,0.0666666666666667,TRUE,NA,48,390,91645311,-0.449940163939211,0.7871794364126,FALSE,FALSE,0,0.459027584191514,0.0306018389461009,FALSE,0.5,TRUE,2.51046409867298,-15.460430869315,47,1e-10,18753.76923235,0.285929368617133,0.292995979444012,0.225077719241845,0.230640409969895,-0.519669531038628,0.148076732744749,0.806944444444444,0.8,0.561728636812579,0.600395558860627,0.00890107796344096,0.00949778234999245,0.0223458366667077,0.0238438416066659
"29_pwo_gp_model_specific","db6cb901415724b9f55892557a81f2cbcc3e7f91cf2f712ea45b7b9a2b1eb5a5","b1d5697d50014504fea8964eae8d6ad099291a4087058c07ada854c160fad766",37,6,48,"SA_hamming_foldover","Hamming","8430f0dd18a184a4dfd5b8c613a9f576db5837026c943d2fba6667111dc28588",0.322999999999979,"mallows_gp","gp_c1","estimated_c",1,0.0666666666666667,TRUE,NA,48,390,91645311,-0.449940163939211,0.7871794364126,FALSE,FALSE,0,0.79868415287246,0.0532456101914974,FALSE,0.75,TRUE,1.84110013967678,-25.5196265188607,47,1e-10,5026.45342458894,0.259480008902673,0.265499735921044,0.204257327168343,0.208995932490022,-0.819556099478452,-0.143583648019292,0.976388888888889,0.979487179487179,0.874136785508666,0.943241501472533,0.0296810909501495,0.0321489895756691,0.0546458606940796,0.0591895091982318
"29_pwo_gp_model_specific","db6cb901415724b9f55892557a81f2cbcc3e7f91cf2f712ea45b7b9a2b1eb5a5","b1d5697d50014504fea8964eae8d6ad099291a4087058c07ada854c160fad766",37,6,48,"SA_l2_position_foldover","L2","8430f0dd18a184a4dfd5b8c613a9f576db5837026c943d2fba6667111dc28588",0.341999999999985,"mallows_gp","gp_c1","estimated_c",1,0.0666666666666667,TRUE,NA,48,390,91645311,-0.449940163939211,0.7871794364126,FALSE,FALSE,0,0.898360736723381,0.0598907157815587,FALSE,1,TRUE,1.28531913790752,-23.2987499142234,47,1e-10,2961.43647669026,0.263887444749927,0.273252112518488,0.207726770034609,0.215098443930856,-0.82247079806085,-0.13872330669194,0.954166666666667,0.946153846153846,0.792611497976323,0.848379377308999,0.0348665597328174,0.0373316740309971,0.0448146564975859,0.0479831150821657
"29_pwo_gp_model_specific","db6cb901415724b9f55892557a81f2cbcc3e7f91cf2f712ea45b7b9a2b1eb5a5","b1d5697d50014504fea8964eae8d6ad099291a4087058c07ada854c160fad766",37,6,48,"random_foldover","RandomFoldover","8430f0dd18a184a4dfd5b8c613a9f576db5837026c943d2fba6667111dc28588",0.347999999999985,"mallows_gp","gp_c1","estimated_c",1,0.0666666666666667,TRUE,NA,48,390,91645311,-0.449940163939211,0.7871794364126,FALSE,FALSE,0,0.540275756670142,0.0360183837780095,FALSE,0.5,TRUE,2.53853526205389,-14.6942073934149,47,1e-10,36602.622190339,0.263645014777861,0.271128294506087,0.207535934145828,0.213426618064811,-0.800430992192595,-0.137610108692291,0.934722222222222,0.935897435897436,0.74157406741104,0.79111903575135,0.0155366372405127,0.0165456899414259,0.0394403014887811,0.0420018173513199
"29_pwo_gp_model_specific","db6cb901415724b9f55892557a81f2cbcc3e7f91cf2f712ea45b7b9a2b1eb5a5","b1d5697d50014504fea8964eae8d6ad099291a4087058c07ada854c160fad766",37,6,48,"FSA_lambda050","FSA_lambda050","8430f0dd18a184a4dfd5b8c613a9f576db5837026c943d2fba6667111dc28588",0.312000000000012,"mallows_gp","gp_c4","estimated_c",4,0.266666666666667,TRUE,NA,48,390,98389584,-0.47842287757618,0.987149670569135,FALSE,FALSE,0,3.01414287457543,0.200942858305029,FALSE,3,TRUE,1.35752576445547,-60.9169333526789,47,1e-10,71.2120416473263,0.646480905416257,0.672286526808343,0.638173412810895,0.663647423466925,0.225927359053767,0.997080252168125,0.934722222222222,0.928205128205128,2.17113016869967,2.32017833614719,0.244920590085448,0.261143581651111,0.332486011286633,0.354509140313565
"29_pwo_gp_model_specific","db6cb901415724b9f55892557a81f2cbcc3e7f91cf2f712ea45b7b9a2b1eb5a5","b1d5697d50014504fea8964eae8d6ad099291a4087058c07ada854c160fad766",37,6,48,"SA_hamming_foldover","Hamming","8430f0dd18a184a4dfd5b8c613a9f576db5837026c943d2fba6667111dc28588",0.324000000000012,"mallows_gp","gp_c4","estimated_c",4,0.266666666666667,TRUE,NA,48,390,98389584,-0.47842287757618,0.987149670569135,FALSE,FALSE,0,4.74736522306466,0.316491014870977,FALSE,4,TRUE,1.25945536475699,-64.966098696612,47,1e-10,26.6412889070882,0.592511844239983,0.601580899555959,0.58489787184981,0.593850386817349,0.198718250644126,0.957848511446635,0.988888888888889,0.992307692307692,2.8690706742348,3.09383989952988,0.462603569958572,0.501032335656935,0.58262854794006,0.631027863059853
"29_pwo_gp_model_specific","db6cb901415724b9f55892557a81f2cbcc3e7f91cf2f712ea45b7b9a2b1eb5a5","b1d5697d50014504fea8964eae8d6ad099291a4087058c07ada854c160fad766",37,6,48,"SA_l2_position_foldover","L2","8430f0dd18a184a4dfd5b8c613a9f576db5837026c943d2fba6667111dc28588",0.337999999999994,"mallows_gp","gp_c4","estimated_c",4,0.266666666666667,TRUE,NA,48,390,98389584,-0.47842287757618,0.987149670569135,FALSE,FALSE,0,5.39858267928639,0.359905511952426,FALSE,6,TRUE,0.865707565761226,-59.3990424157888,47,1e-10,14.6535627062488,0.605554512031842,0.619662630128852,0.597772937063887,0.6116997611957,0.152680271805274,0.918046326806108,0.983333333333333,0.987179487179487,2.47864936786296,2.65000638143185,0.500185935701724,0.533872968270997,0.43301474882434,0.462177867787605
"29_pwo_gp_model_specific","db6cb901415724b9f55892557a81f2cbcc3e7f91cf2f712ea45b7b9a2b1eb5a5","b1d5697d50014504fea8964eae8d6ad099291a4087058c07ada854c160fad766",37,6,48,"random_foldover","RandomFoldover","8430f0dd18a184a4dfd5b8c613a9f576db5837026c943d2fba6667111dc28588",0.318000000000012,"mallows_gp","gp_c4","estimated_c",4,0.266666666666667,TRUE,NA,48,390,98389584,-0.47842287757618,0.987149670569135,FALSE,FALSE,0,3.95101316916719,0.26340087794448,FALSE,4,TRUE,1.17769368322118,-57.2459494373371,47,1e-10,99.9507252503838,0.619231912578369,0.625438525007039,0.611274578507633,0.617401433921944,0.179935537353848,0.928370286848845,0.968055555555556,0.964102564102564,2.60218099966997,2.77701257504343,0.408145998822833,0.434636633275573,0.480670964645651,0.511868817505165
"29_pwo_gp_model_specific","db6cb901415724b9f55892557a81f2cbcc3e7f91cf2f712ea45b7b9a2b1eb5a5","b1d5697d50014504fea8964eae8d6ad099291a4087058c07ada854c160fad766",37,6,60,"FSA_lambda050","FSA_lambda050","7dd619b24e74ccc4c2520a60c8a146a4086b85becc2b816367882beda9714c66",0.370999999999981,"mallows_gp","gp_c1","estimated_c",1,0.0666666666666667,TRUE,NA,60,340,91645311,-0.449940163939211,0.7871794364126,FALSE,FALSE,0,0.908862173422347,0.0605908115614898,FALSE,1,TRUE,1.23655220546314,-23.4748098107848,59,1e-10,4123.64120641938,0.243447403799173,0.25393396262057,0.191636790118744,0.199891593581678,-1.06857402243865,-0.211839710275989,0.927777777777778,0.923529411764706,0.667209516232667,0.728817208381414,0.025954080876874,0.0283908412243643,0.0320935759490673,0.0351067573309415
"29_pwo_gp_model_specific","db6cb901415724b9f55892557a81f2cbcc3e7f91cf2f712ea45b7b9a2b1eb5a5","b1d5697d50014504fea8964eae8d6ad099291a4087058c07ada854c160fad766",37,6,60,"SA_hamming_foldover","Hamming","7dd619b24e74ccc4c2520a60c8a146a4086b85becc2b816367882beda9714c66",0.429000000000002,"mallows_gp","gp_c1","estimated_c",1,0.0666666666666667,TRUE,NA,60,340,91645311,-0.449940163939211,0.7871794364126,FALSE,FALSE,0,0.970186377475136,0.0646790918316758,FALSE,1,TRUE,0.977313533009504,-15.7316893217221,59,1e-10,5482.25251288384,0.282096638632541,0.293533257694047,0.222060673012653,0.231063344359955,-0.918113933194484,-0.0345456203550122,0.898611111111111,0.894117647058824,0.673132141459016,0.733064198589232,0.0337499610932153,0.0366769320223704,0.0329842937149436,0.0358448620147322
"29_pwo_gp_model_specific","db6cb901415724b9f55892557a81f2cbcc3e7f91cf2f712ea45b7b9a2b1eb5a5","b1d5697d50014504fea8964eae8d6ad099291a4087058c07ada854c160fad766",37,6,60,"SA_l2_position_foldover","L2","7dd619b24e74ccc4c2520a60c8a146a4086b85becc2b816367882beda9714c66",0.449999999999989,"mallows_gp","gp_c1","estimated_c",1,0.0666666666666667,TRUE,NA,60,340,91645311,-0.449940163939211,0.7871794364126,FALSE,FALSE,0,0.631069363431987,0.0420712908954658,FALSE,0.75,TRUE,2.02004707859977,-16.9800758613321,59,1e-10,14859.2619072676,0.236395038858394,0.250485586570863,0.186085313459285,0.197177102866331,-1.07337156585032,-0.248835622529602,0.943055555555556,0.938235294117647,0.637423393708789,0.693861742062465,0.0147793049927886,0.0160718022946496,0.0298548918744176,0.03246579727314
"29_pwo_gp_model_specific","db6cb901415724b9f55892557a81f2cbcc3e7f91cf2f712ea45b7b9a2b1eb5a5","b1d5697d50014504fea8964eae8d6ad099291a4087058c07ada854c160fad766",37,6,60,"random_foldover","RandomFoldover","7dd619b24e74ccc4c2520a60c8a146a4086b85becc2b816367882beda9714c66",0.401999999999987,"mallows_gp","gp_c1","estimated_c",1,0.0666666666666667,TRUE,NA,60,340,91645311,-0.449940163939211,0.7871794364126,FALSE,FALSE,0,0.907200922808097,0.0604800615205398,FALSE,1,TRUE,1.46332565592821,-20.4824261304274,59,1e-10,8660.50389368897,0.257105650792405,0.271029887951124,0.20238828128926,0.213349154448336,-1.00611076991016,-0.147742331779641,0.963888888888889,0.961764705882353,0.803429735803321,0.878071391404743,0.032263574753392,0.0353330214905267,0.0472121166885964,0.0517037168485507
"29_pwo_gp_model_specific","db6cb901415724b9f55892557a81f2cbcc3e7f91cf2f712ea45b7b9a2b1eb5a5","b1d5697d50014504fea8964eae8d6ad099291a4087058c07ada854c160fad766",37,6,60,"FSA_lambda050","FSA_lambda050","7dd619b24e74ccc4c2520a60c8a146a4086b85becc2b816367882beda9714c66",0.443999999999988,"mallows_gp","gp_c4","estimated_c",4,0.266666666666667,TRUE,NA,60,340,98389584,-0.47842287757618,0.987149670569135,FALSE,FALSE,0,4.18705559993071,0.279137039995381,FALSE,4,TRUE,1.04882099682974,-73.9324968951736,59,1e-10,42.6585096620574,0.525276197205936,0.521133476686437,0.518526225029648,0.514436739833565,-0.141557059598162,0.772213504859106,0.970833333333333,0.967647058823529,2.18207887285032,2.38443442347117,0.325574031605752,0.356326973880665,0.34146888037062,0.373723211942843
"29_pwo_gp_model_specific","db6cb901415724b9f55892557a81f2cbcc3e7f91cf2f712ea45b7b9a2b1eb5a5","b1d5697d50014504fea8964eae8d6ad099291a4087058c07ada854c160fad766",37,6,60,"SA_hamming_foldover","Hamming","7dd619b24e74ccc4c2520a60c8a146a4086b85becc2b816367882beda9714c66",0.451999999999998,"mallows_gp","gp_c4","estimated_c",4,0.266666666666667,TRUE,NA,60,340,98389584,-0.47842287757618,0.987149670569135,FALSE,FALSE,0,3.49952455854416,0.233301637236277,FALSE,4,TRUE,1.07821698458672,-67.7298688869807,59,1e-10,115.512703738995,0.568867045000948,0.55231223851607,0.561556916070323,0.54521484430244,-0.0786380941051196,0.80622491626701,0.944444444444444,0.955882352941177,2.04861243404372,2.22972248929083,0.281322360916496,0.305408536972778,0.3033265476842,0.329296671801829
"29_pwo_gp_model_specific","db6cb901415724b9f55892557a81f2cbcc3e7f91cf2f712ea45b7b9a2b1eb5a5","b1d5697d50014504fea8964eae8d6ad099291a4087058c07ada854c160fad766",37,6,60,"SA_l2_position_foldover","L2","7dd619b24e74ccc4c2520a60c8a146a4086b85becc2b816367882beda9714c66",0.576999999999998,"mallows_gp","gp_c4","estimated_c",4,0.266666666666667,TRUE,NA,60,340,98389584,-0.47842287757618,0.987149670569135,FALSE,FALSE,0,3.98916460563342,0.265944307042228,FALSE,4,TRUE,1.10313830048629,-72.5015462722417,59,1e-10,58.304541274257,0.572789557851519,0.573822411061939,0.565429023338568,0.56644860404498,-0.0816360999921146,0.8331822274932,0.965277777777778,0.967647058823529,2.24956864700203,2.45454256963537,0.332146240339819,0.362606867886197,0.36640323908138,0.400005523984637
"29_pwo_gp_model_specific","db6cb901415724b9f55892557a81f2cbcc3e7f91cf2f712ea45b7b9a2b1eb5a5","b1d5697d50014504fea8964eae8d6ad099291a4087058c07ada854c160fad766",37,6,60,"random_foldover","RandomFoldover","7dd619b24e74ccc4c2520a60c8a146a4086b85becc2b816367882beda9714c66",0.447000000000003,"mallows_gp","gp_c4","estimated_c",4,0.266666666666667,TRUE,NA,60,340,98389584,-0.47842287757618,0.987149670569135,FALSE,FALSE,0,4.22602693238894,0.281735128825929,FALSE,4,TRUE,1.00572215594367,-67.1380590990264,59,1e-10,85.4907327611552,0.579121352682748,0.585254876922316,0.571679452520327,0.577734158952845,-0.065855933594402,0.861511161428963,0.970833333333333,0.967647058823529,2.29906174501294,2.50808930436895,0.379564038909538,0.414168508171666,0.381735963530789,0.416538444962382
"29_pwo_gp_model_specific","db6cb901415724b9f55892557a81f2cbcc3e7f91cf2f712ea45b7b9a2b1eb5a5","b1d5697d50014504fea8964eae8d6ad099291a4087058c07ada854c160fad766",38,6,48,"FSA_lambda050","FSA_lambda050","7eb2474b030235bcb725424ff475af046a338ec90498c84a5c84d4baa47817e7",0.310000000000002,"mallows_gp","gp_c1","estimated_c",1,0.0666666666666667,TRUE,NA,48,406,91645312,0.549437240205136,0.729186953984348,FALSE,FALSE,0,0.765521752343385,0.051034783489559,FALSE,0.75,TRUE,1.94827544204494,-28.7297474697103,47,1e-10,4348.30445277816,0.305375302447292,0.313526295002243,0.22267568661359,0.228619284046684,-0.753961131848827,-0.083949171194553,0.948611111111111,0.943349753694581,0.814804062602409,0.869768488193509,0.0241720906075153,0.0257209603123633,0.0470938905135072,0.05011151532239
"29_pwo_gp_model_specific","db6cb901415724b9f55892557a81f2cbcc3e7f91cf2f712ea45b7b9a2b1eb5a5","b1d5697d50014504fea8964eae8d6ad099291a4087058c07ada854c160fad766",38,6,48,"SA_hamming_foldover","Hamming","7eb2474b030235bcb725424ff475af046a338ec90498c84a5c84d4baa47817e7",0.296000000000021,"mallows_gp","gp_c1","estimated_c",1,0.0666666666666667,TRUE,NA,48,406,91645312,0.549437240205136,0.729186953984348,FALSE,FALSE,0,0.945006118488028,0.0630004078992019,FALSE,1,TRUE,1.26764033013066,-22.4555926218171,47,1e-10,3117.87925764404,0.28441404801134,0.285091903583865,0.207391013339747,0.207885296779918,-0.807237143572518,-0.146796755664693,0.963888888888889,0.967980295566502,0.856757233012452,0.912981884556147,0.0415363089099814,0.0440390092507927,0.0526531003390577,0.0558256242253019
"29_pwo_gp_model_specific","db6cb901415724b9f55892557a81f2cbcc3e7f91cf2f712ea45b7b9a2b1eb5a5","b1d5697d50014504fea8964eae8d6ad099291a4087058c07ada854c160fad766",38,6,48,"SA_l2_position_foldover","L2","7eb2474b030235bcb725424ff475af046a338ec90498c84a5c84d4baa47817e7",0.326999999999998,"mallows_gp","gp_c1","estimated_c",1,0.0666666666666667,TRUE,NA,48,406,91645312,0.549437240205136,0.729186953984348,FALSE,FALSE,0,0.778727626356968,0.0519151750904645,FALSE,0.75,TRUE,1.64844051957504,-23.6252521215693,47,1e-10,4811.16818928395,0.324744823373554,0.33710025330494,0.236799688577947,0.245809106894781,-0.694507183011402,-0.0180488061632013,0.922222222222222,0.923645320197044,0.782460327093875,0.837880339296049,0.0264664131908244,0.028338158367755,0.0436283079115704,0.0467137685035419
"29_pwo_gp_model_specific","db6cb901415724b9f55892557a81f2cbcc3e7f91cf2f712ea45b7b9a2b1eb5a5","b1d5697d50014504fea8964eae8d6ad099291a4087058c07ada854c160fad766",38,6,48,"random_foldover","RandomFoldover","7eb2474b030235bcb725424ff475af046a338ec90498c84a5c84d4baa47817e7",0.319000000000017,"mallows_gp","gp_c1","estimated_c",1,0.0666666666666667,TRUE,NA,48,406,91645312,0.549437240205136,0.729186953984348,FALSE,FALSE,0,0.953140984814894,0.0635427323209929,FALSE,1,TRUE,1.3863560596773,-24.6358421241312,47,1e-10,3139.92088058356,0.293249758218275,0.302097490636474,0.21383389795183,0.220285549003525,-0.782624875229537,-0.103859357174933,0.972222222222222,0.977832512315271,0.90223827493959,0.964674999409566,0.0421550770269989,0.0448867131570127,0.0584419464825434,0.0622289667842214
"29_pwo_gp_model_specific","db6cb901415724b9f55892557a81f2cbcc3e7f91cf2f712ea45b7b9a2b1eb5a5","b1d5697d50014504fea8964eae8d6ad099291a4087058c07ada854c160fad766",38,6,48,"FSA_lambda050","FSA_lambda050","7eb2474b030235bcb725424ff475af046a338ec90498c84a5c84d4baa47817e7",0.326999999999998,"mallows_gp","gp_c4","estimated_c",4,0.266666666666667,TRUE,NA,48,406,98389585,0.483841530610533,0.875024743593154,FALSE,FALSE,0,5.13211396190758,0.342140930793839,FALSE,6,TRUE,0.664973458341524,-53.047558149812,47,1e-10,15.0646078971171,0.76898342322835,0.782255525677361,0.672879522737773,0.684492940780161,0.295110734019407,1.05884630498156,0.908333333333333,0.908866995073892,2.10110140041089,2.24585961433433,0.467245329359013,0.498356347241281,0.310705742557787,0.331393743711484
"29_pwo_gp_model_specific","db6cb901415724b9f55892557a81f2cbcc3e7f91cf2f712ea45b7b9a2b1eb5a5","b1d5697d50014504fea8964eae8d6ad099291a4087058c07ada854c160fad766",38,6,48,"SA_hamming_foldover","Hamming","7eb2474b030235bcb725424ff475af046a338ec90498c84a5c84d4baa47817e7",0.336999999999989,"mallows_gp","gp_c4","estimated_c",4,0.266666666666667,TRUE,NA,48,406,98389585,0.483841530610533,0.875024743593154,FALSE,FALSE,0,7.72057831595376,0.514705221063584,FALSE,8,TRUE,0.67438427663162,-56.0538433145138,47,1e-10,6.69055399662344,0.795868551047649,0.8263949773222,0.696404674814324,0.723116053138029,0.279771721976956,1.07144810187793,0.954166666666667,0.945812807881773,2.56269535310731,2.73570169926615,0.685043587071612,0.728807563613023,0.46198262392842,0.491496361590822
"29_pwo_gp_model_specific","db6cb901415724b9f55892557a81f2cbcc3e7f91cf2f712ea45b7b9a2b1eb5a5","b1d5697d50014504fea8964eae8d6ad099291a4087058c07ada854c160fad766",38,6,48,"SA_l2_position_foldover","L2","7eb2474b030235bcb725424ff475af046a338ec90498c84a5c84d4baa47817e7",0.312999999999988,"mallows_gp","gp_c4","estimated_c",4,0.266666666666667,TRUE,NA,48,406,98389585,0.483841530610533,0.875024743593154,FALSE,FALSE,0,4.34471149868389,0.289647433245593,FALSE,4,TRUE,1.03439793727562,-60.1066441697008,47,1e-10,30.140156289589,0.657804150153783,0.670428730022836,0.575594907822827,0.586641727585716,0.142476017004853,0.89711734560597,0.970833333333333,0.972906403940887,2.43391771675915,2.60448760518859,0.404577798725436,0.432525362461456,0.418494440469103,0.447403342749521
"29_pwo_gp_model_specific","db6cb901415724b9f55892557a81f2cbcc3e7f91cf2f712ea45b7b9a2b1eb5a5","b1d5697d50014504fea8964eae8d6ad099291a4087058c07ada854c160fad766",38,6,48,"random_foldover","RandomFoldover","7eb2474b030235bcb725424ff475af046a338ec90498c84a5c84d4baa47817e7",0.308000000000021,"mallows_gp","gp_c4","estimated_c",4,0.266666666666667,TRUE,NA,48,406,98389585,0.483841530610533,0.875024743593154,FALSE,FALSE,0,3.93382028542839,0.262254685695226,FALSE,4,TRUE,1.34563546269495,-62.8995149365833,47,1e-10,45.8517515812196,0.735796475247508,0.775791823593301,0.643840122090197,0.678837041521393,0.24077529635598,1.01992942031957,0.980555555555556,0.977832512315271,2.70235021759853,2.89035751852266,0.385941338000249,0.411416655294294,0.519336350933071,0.553616841307344
"29_pwo_gp_model_specific","db6cb901415724b9f55892557a81f2cbcc3e7f91cf2f712ea45b7b9a2b1eb5a5","b1d5697d50014504fea8964eae8d6ad099291a4087058c07ada854c160fad766",38,6,60,"FSA_lambda050","FSA_lambda050","242e0f0cf2eb589176a4f03c2d5c4e2917a788686cd99f16fa4381a2526b8282",0.50800000000001,"mallows_gp","gp_c1","estimated_c",1,0.0666666666666667,TRUE,NA,60,358,91645312,0.549437240205136,0.729186953984348,FALSE,FALSE,0,1.12663954104378,0.0751093027362523,FALSE,1,TRUE,1.16566069219673,-30.270142175704,59,1e-10,2516.58410071692,0.241754983562141,0.248383181381269,0.176284580074214,0.181117775452349,-1.10096739568872,-0.253729057880236,0.988888888888889,0.986033519553073,0.811145717977043,0.888032741909605,0.0406922250085336,0.0447118334171636,0.0474333271704726,0.052118826690436
"29_pwo_gp_model_specific","db6cb901415724b9f55892557a81f2cbcc3e7f91cf2f712ea45b7b9a2b1eb5a5","b1d5697d50014504fea8964eae8d6ad099291a4087058c07ada854c160fad766",38,6,60,"SA_hamming_foldover","Hamming","242e0f0cf2eb589176a4f03c2d5c4e2917a788686cd99f16fa4381a2526b8282",0.463999999999999,"mallows_gp","gp_c1","estimated_c",1,0.0666666666666667,TRUE,NA,60,358,91645312,0.549437240205136,0.729186953984348,FALSE,FALSE,0,0.805585198198563,0.0537056798799042,FALSE,0.75,TRUE,1.468010197773,-16.9079538531927,59,1e-10,10573.5084604375,0.297749808670979,0.314637882004664,0.217115276034214,0.229429838787067,-0.921270949261309,-0.0103215166647708,0.916666666666667,0.893854748603352,0.703897878954645,0.756476236371791,0.0246493360831604,0.0261597831100168,0.0361854767384134,0.0384028283770346
"29_pwo_gp_model_specific","db6cb901415724b9f55892557a81f2cbcc3e7f91cf2f712ea45b7b9a2b1eb5a5","b1d5697d50014504fea8964eae8d6ad099291a4087058c07ada854c160fad766",38,6,60,"SA_l2_position_foldover","L2","242e0f0cf2eb589176a4f03c2d5c4e2917a788686cd99f16fa4381a2526b8282",0.473000000000013,"mallows_gp","gp_c1","estimated_c",1,0.0666666666666667,TRUE,NA,60,358,91645312,0.549437240205136,0.729186953984348,FALSE,FALSE,0,1.00005375615675,0.0666702504104503,FALSE,1,TRUE,1.28453517099942,-25.1367038238272,59,1e-10,4311.42960596853,0.246441674756625,0.258525565669627,0.179702054150585,0.188513469757716,-1.10785653872721,-0.257515114124316,0.976388888888889,0.974860335195531,0.78241931497827,0.852159160580097,0.034502973244539,0.0374625357204445,0.0443202826366623,0.048121944727733
"29_pwo_gp_model_specific","db6cb901415724b9f55892557a81f2cbcc3e7f91cf2f712ea45b7b9a2b1eb5a5","b1d5697d50014504fea8964eae8d6ad099291a4087058c07ada854c160fad766",38,6,60,"random_foldover","RandomFoldover","242e0f0cf2eb589176a4f03c2d5c4e2917a788686cd99f16fa4381a2526b8282",0.481999999999999,"mallows_gp","gp_c1","estimated_c",1,0.0666666666666667,TRUE,NA,60,358,91645312,0.549437240205136,0.729186953984348,FALSE,FALSE,0,1.25289726199264,0.0835264841328423,FALSE,1.5,TRUE,0.845166272081903,-20.1582860063407,59,1e-10,2793.77944858225,0.285823798418912,0.296681654485818,0.208418984945323,0.216336391937551,-0.997320299388275,-0.12536071886687,0.963888888888889,0.955307262569832,0.820309400815897,0.888822097058623,0.0584500479934061,0.0629670075398881,0.0494000091655953,0.0532175910266403
"29_pwo_gp_model_specific","db6cb901415724b9f55892557a81f2cbcc3e7f91cf2f712ea45b7b9a2b1eb5a5","b1d5697d50014504fea8964eae8d6ad099291a4087058c07ada854c160fad766",38,6,60,"FSA_lambda050","FSA_lambda050","242e0f0cf2eb589176a4f03c2d5c4e2917a788686cd99f16fa4381a2526b8282",0.463000000000022,"mallows_gp","gp_c4","estimated_c",4,0.266666666666667,TRUE,NA,60,358,98389585,0.483841530610533,0.875024743593154,FALSE,FALSE,0,7.63906190995774,0.509270793997182,FALSE,8,TRUE,0.750361400019898,-73.2828374176661,59,1e-10,7.60411129451479,0.690866236674479,0.717423626149965,0.604525051603254,0.627763424519544,-0.0154374674489644,0.951246694789296,0.977777777777778,0.977653631284916,2.52678989233307,2.76334768306874,0.607952848535497,0.666577859133424,0.456184350573181,0.500174295601623
"29_pwo_gp_model_specific","db6cb901415724b9f55892557a81f2cbcc3e7f91cf2f712ea45b7b9a2b1eb5a5","b1d5697d50014504fea8964eae8d6ad099291a4087058c07ada854c160fad766",38,6,60,"SA_hamming_foldover","Hamming","242e0f0cf2eb589176a4f03c2d5c4e2917a788686cd99f16fa4381a2526b8282",0.423000000000002,"mallows_gp","gp_c4","estimated_c",4,0.266666666666667,TRUE,NA,60,358,98389585,0.483841530610533,0.875024743593154,FALSE,FALSE,0,3.9509799632893,0.263398664219287,FALSE,4,TRUE,1.13894600872248,-71.0077177066468,59,1e-10,92.4649692960793,0.607069069612954,0.61392717724994,0.531200456981409,0.537201470857997,-0.102590499541915,0.812434251182915,0.979166666666667,0.980446927374302,2.30981440631698,2.48558027409226,0.338738126061994,0.360251951623082,0.38580443668044,0.410307522435593
"29_pwo_gp_model_specific","db6cb901415724b9f55892557a81f2cbcc3e7f91cf2f712ea45b7b9a2b1eb5a5","b1d5697d50014504fea8964eae8d6ad099291a4087058c07ada854c160fad766",38,6,60,"SA_l2_position_foldover","L2","242e0f0cf2eb589176a4f03c2d5c4e2917a788686cd99f16fa4381a2526b8282",0.403999999999996,"mallows_gp","gp_c4","estimated_c",4,0.266666666666667,TRUE,NA,60,358,98389585,0.483841530610533,0.875024743593154,FALSE,FALSE,0,4.64587142348591,0.309724761565727,FALSE,4,TRUE,1.21512013035894,-78.3510002523731,59,1e-10,39.9855007531308,0.590833275997249,0.6033013376561,0.516993735835796,0.527903598291936,-0.0942278339404879,0.836120005866264,0.988888888888889,0.991620111731844,2.56953023407755,2.79358408704277,0.390496386448715,0.422830405897157,0.474500020006259,0.513789737933478
"29_pwo_gp_model_specific","db6cb901415724b9f55892557a81f2cbcc3e7f91cf2f712ea45b7b9a2b1eb5a5","b1d5697d50014504fea8964eae8d6ad099291a4087058c07ada854c160fad766",38,6,60,"random_foldover","RandomFoldover","242e0f0cf2eb589176a4f03c2d5c4e2917a788686cd99f16fa4381a2526b8282",0.459000000000003,"mallows_gp","gp_c4","estimated_c",4,0.266666666666667,TRUE,NA,60,358,98389585,0.483841530610533,0.875024743593154,FALSE,FALSE,0,4.73185012890336,0.315456675260224,FALSE,4,TRUE,1.0103114429246,-70.844997287587,59,1e-10,55.1019736077837,0.690117095017548,0.691400669519581,0.603869534116982,0.604992693566507,-0.0143788951634047,0.912477633251557,0.970833333333333,0.96927374301676,2.44179934029578,2.64790267592481,0.426735214912271,0.460248045249168,0.431135470724758,0.464993866698915
"29_pwo_gp_model_specific","db6cb901415724b9f55892557a81f2cbcc3e7f91cf2f712ea45b7b9a2b1eb5a5","b1d5697d50014504fea8964eae8d6ad099291a4087058c07ada854c160fad766",39,6,48,"FSA_lambda050","FSA_lambda050","ca274bda72d01a95a3cd85e49a031d469021fedac92ed8ca53a3960f0cb42aa2",0.339999999999975,"mallows_gp","gp_c1","estimated_c",1,0.0666666666666667,TRUE,NA,48,416,91645313,0.242202415394621,0.741965160912291,FALSE,FALSE,0,1.19419792611167,0.0796131950741112,FALSE,1,TRUE,0.979334037338835,-27.5071243598768,47,1e-10,1230.8370447658,0.246258737577202,0.250039797931132,0.182715403852526,0.185520818906449,-0.905311881615592,-0.221960247322063,0.994444444444444,0.995192307692308,0.882288452530352,0.941675536312198,0.0563371410177669,0.0598719970063901,0.055172879765057,0.0586346845518067
"29_pwo_gp_model_specific","db6cb901415724b9f55892557a81f2cbcc3e7f91cf2f712ea45b7b9a2b1eb5a5","b1d5697d50014504fea8964eae8d6ad099291a4087058c07ada854c160fad766",39,6,48,"SA_hamming_foldover","Hamming","ca274bda72d01a95a3cd85e49a031d469021fedac92ed8ca53a3960f0cb42aa2",0.294999999999987,"mallows_gp","gp_c1","estimated_c",1,0.0666666666666667,TRUE,NA,48,416,91645313,0.242202415394621,0.741965160912291,FALSE,FALSE,0,0.928901833580472,0.0619267889053648,FALSE,1,TRUE,1.33450480935472,-22.6719318169504,47,1e-10,3088.09572680006,0.285342148760688,0.297571222890033,0.211713933320283,0.220787480274471,-0.791369345987675,-0.0874942817007462,0.976388888888889,0.973557692307692,0.870070939624909,0.928062024412987,0.0406902639047476,0.0432214212159534,0.0543013528747984,0.057679194479836
"29_pwo_gp_model_specific","db6cb901415724b9f55892557a81f2cbcc3e7f91cf2f712ea45b7b9a2b1eb5a5","b1d5697d50014504fea8964eae8d6ad099291a4087058c07ada854c160fad766",39,6,48,"SA_l2_position_foldover","L2","ca274bda72d01a95a3cd85e49a031d469021fedac92ed8ca53a3960f0cb42aa2",0.314000000000021,"mallows_gp","gp_c1","estimated_c",1,0.0666666666666667,TRUE,NA,48,416,91645313,0.242202415394621,0.741965160912291,FALSE,FALSE,0,0.854255710015284,0.0569503806676856,FALSE,0.75,TRUE,1.37843884453399,-22.8354136174849,47,1e-10,3238.46616992408,0.272619617562949,0.275265103964899,0.20227425841294,0.204237117156854,-0.850151690059656,-0.195081804303584,0.961111111111111,0.961538461538462,0.782591860292966,0.839194128697479,0.031659778925926,0.0340307306191623,0.043641069080855,0.0469092809933256
"29_pwo_gp_model_specific","db6cb901415724b9f55892557a81f2cbcc3e7f91cf2f712ea45b7b9a2b1eb5a5","b1d5697d50014504fea8964eae8d6ad099291a4087058c07ada854c160fad766",39,6,48,"random_foldover","RandomFoldover","ca274bda72d01a95a3cd85e49a031d469021fedac92ed8ca53a3960f0cb42aa2",0.331000000000017,"mallows_gp","gp_c1","estimated_c",1,0.0666666666666667,TRUE,NA,48,416,91645313,0.242202415394621,0.741965160912291,FALSE,FALSE,0,0.751774028379752,0.0501182685586501,FALSE,0.75,TRUE,1.51861871446281,-19.961503410407,47,1e-10,7247.4756611821,0.293079066691623,0.312217117244507,0.217454456877874,0.231654223635892,-0.785460284062277,-0.0654801220671346,0.930555555555556,0.915865384615385,0.729334968484437,0.783634283425057,0.0249500626401813,0.02683018538426,0.0378896320523987,0.0407448216370438
"29_pwo_gp_model_specific","db6cb901415724b9f55892557a81f2cbcc3e7f91cf2f712ea45b7b9a2b1eb5a5","b1d5697d50014504fea8964eae8d6ad099291a4087058c07ada854c160fad766",39,6,48,"FSA_lambda050","FSA_lambda050","ca274bda72d01a95a3cd85e49a031d469021fedac92ed8ca53a3960f0cb42aa2",0.296999999999997,"mallows_gp","gp_c4","estimated_c",4,0.266666666666667,TRUE,NA,48,416,98389586,0.430997548628524,0.857285900659456,FALSE,FALSE,0,6.08514769741548,0.405676513161032,FALSE,6,TRUE,0.819109400198114,-59.8672233389757,47,1e-10,9.47257006564844,0.662113689853875,0.708409160104396,0.567620730945335,0.607309184855506,0.126114212125802,0.917302942591815,0.976388888888889,0.963942307692308,2.52616732321906,2.70099530514305,0.547423569893581,0.584072132744729,0.448399791989841,0.478418974324968
"29_pwo_gp_model_specific","db6cb901415724b9f55892557a81f2cbcc3e7f91cf2f712ea45b7b9a2b1eb5a5","b1d5697d50014504fea8964eae8d6ad099291a4087058c07ada854c160fad766",39,6,48,"SA_hamming_foldover","Hamming","ca274bda72d01a95a3cd85e49a031d469021fedac92ed8ca53a3960f0cb42aa2",0.323000000000008,"mallows_gp","gp_c4","estimated_c",4,0.266666666666667,TRUE,NA,48,416,98389586,0.430997548628524,0.857285900659456,FALSE,FALSE,0,3.64762278566756,0.243174852377838,FALSE,4,TRUE,0.874388415074441,-51.5062807601192,47,1e-10,54.950592400795,0.702040498452981,0.723300750357477,0.601849421015677,0.62007553521787,0.162544823337372,0.930618062978927,0.930555555555556,0.920673076923077,2.07316246808316,2.21392647467432,0.349376899122756,0.372027809573514,0.305491113087569,0.325296806776601
"29_pwo_gp_model_specific","db6cb901415724b9f55892557a81f2cbcc3e7f91cf2f712ea45b7b9a2b1eb5a5","b1d5697d50014504fea8964eae8d6ad099291a4087058c07ada854c160fad766",39,6,48,"SA_l2_position_foldover","L2","ca274bda72d01a95a3cd85e49a031d469021fedac92ed8ca53a3960f0cb42aa2",0.313000000000017,"mallows_gp","gp_c4","estimated_c",4,0.266666666666667,TRUE,NA,48,416,98389586,0.430997548628524,0.857285900659456,FALSE,FALSE,0,4.07351717420193,0.271567811613462,FALSE,4,TRUE,0.782306393933043,-52.578098627383,47,1e-10,33.0741925572843,0.685212270066724,0.724059394235122,0.587422818087062,0.620725909917797,0.12971964623488,0.917061599741749,0.934722222222222,0.913461538461538,2.03781621269908,2.18225898700881,0.375169425140303,0.401950344113747,0.293497440095443,0.314448324243771
"29_pwo_gp_model_specific","db6cb901415724b9f55892557a81f2cbcc3e7f91cf2f712ea45b7b9a2b1eb5a5","b1d5697d50014504fea8964eae8d6ad099291a4087058c07ada854c160fad766",39,6,48,"random_foldover","RandomFoldover","ca274bda72d01a95a3cd85e49a031d469021fedac92ed8ca53a3960f0cb42aa2",0.328999999999979,"mallows_gp","gp_c4","estimated_c",4,0.266666666666667,TRUE,NA,48,416,98389586,0.430997548628524,0.857285900659456,FALSE,FALSE,0,2.75665136498206,0.183776757665471,FALSE,3,TRUE,1.24692237751443,-55.0630975348653,47,1e-10,152.718953011403,0.671850374518572,0.711703083583112,0.575967853427547,0.61013301901166,0.136883709438829,0.919472292005968,0.943055555555556,0.942307692307692,2.01490891889706,2.1659607514884,0.230782255561873,0.248529736692949,0.287767558793353,0.309897290160206
"29_pwo_gp_model_specific","db6cb901415724b9f55892557a81f2cbcc3e7f91cf2f712ea45b7b9a2b1eb5a5","b1d5697d50014504fea8964eae8d6ad099291a4087058c07ada854c160fad766",39,6,60,"FSA_lambda050","FSA_lambda050","c98f8d09231a05568f2d4e69ebe68cf36923cc6f14c78db57d547f10be8bfdfe",0.456999999999994,"mallows_gp","gp_c1","estimated_c",1,0.0666666666666667,TRUE,NA,60,368,91645313,0.242202415394621,0.741965160912291,FALSE,FALSE,0,1.01631600401057,0.0677544002673713,FALSE,1,TRUE,1.12972618056331,-25.4860626017797,59,1e-10,2983.05398156852,0.234355548081855,0.251487510667483,0.173883651943241,0.18659497131983,-1.1534471532269,-0.27622272722559,0.970833333333333,0.970108695652174,0.717591931596968,0.787179868353724,0.0329199671934862,0.0362453104178273,0.0371905488017666,0.0409472761016635
"29_pwo_gp_model_specific","db6cb901415724b9f55892557a81f2cbcc3e7f91cf2f712ea45b7b9a2b1eb5a5","b1d5697d50014504fea8964eae8d6ad099291a4087058c07ada854c160fad766",39,6,60,"SA_hamming_foldover","Hamming","c98f8d09231a05568f2d4e69ebe68cf36923cc6f14c78db57d547f10be8bfdfe",0.496000000000009,"mallows_gp","gp_c1","estimated_c",1,0.0666666666666667,TRUE,NA,60,368,91645313,0.242202415394621,0.741965160912291,FALSE,FALSE,0,0.932787533041618,0.0621858355361079,FALSE,1,TRUE,1.17578096002363,-18.216117042529,59,1e-10,7235.29410861393,0.255388781149955,0.267939748418395,0.18948957810112,0.198801958550053,-1.10069372348715,-0.236236440575571,0.976388888888889,0.978260869565217,0.717622718926109,0.784906206046847,0.0320601878584546,0.035104583366603,0.0376957584587517,0.041275300732014
"29_pwo_gp_model_specific","db6cb901415724b9f55892557a81f2cbcc3e7f91cf2f712ea45b7b9a2b1eb5a5","b1d5697d50014504fea8964eae8d6ad099291a4087058c07ada854c160fad766",39,6,60,"SA_l2_position_foldover","L2","c98f8d09231a05568f2d4e69ebe68cf36923cc6f14c78db57d547f10be8bfdfe",0.466999999999985,"mallows_gp","gp_c1","estimated_c",1,0.0666666666666667,TRUE,NA,60,368,91645313,0.242202415394621,0.741965160912291,FALSE,FALSE,0,0.787373815138919,0.0524915876759279,FALSE,0.75,TRUE,1.54646061136232,-19.4158587712905,59,1e-10,8791.47509404395,0.231435815654376,0.237059759521333,0.171717312202866,0.175890082619075,-1.1306831971229,-0.285378263754303,0.968055555555556,0.959239130434783,0.693776053377583,0.756859003756707,0.0228280817411252,0.0249298130816875,0.0353027292456094,0.0385529739794548
"29_pwo_gp_model_specific","db6cb901415724b9f55892557a81f2cbcc3e7f91cf2f712ea45b7b9a2b1eb5a5","b1d5697d50014504fea8964eae8d6ad099291a4087058c07ada854c160fad766",39,6,60,"random_foldover","RandomFoldover","c98f8d09231a05568f2d4e69ebe68cf36923cc6f14c78db57d547f10be8bfdfe",0.457999999999998,"mallows_gp","gp_c1","estimated_c",1,0.0666666666666667,TRUE,NA,60,368,91645313,0.242202415394621,0.741965160912291,FALSE,FALSE,0,1.0374987958521,0.0691665863901399,FALSE,1,TRUE,1.06186225673114,-20.0585033359086,59,1e-10,4694.18717043082,0.283196586031949,0.309120854874446,0.210122000525007,0.229356904828263,-1.01003880753507,-0.0904630155079173,0.959722222222222,0.951086956521739,0.753657324748547,0.828210841519026,0.0390878843487389,0.0432557842866573,0.0415059490853976,0.0459316847193053
"29_pwo_gp_model_specific","db6cb901415724b9f55892557a81f2cbcc3e7f91cf2f712ea45b7b9a2b1eb5a5","b1d5697d50014504fea8964eae8d6ad099291a4087058c07ada854c160fad766",39,6,60,"FSA_lambda050","FSA_lambda050","c98f8d09231a05568f2d4e69ebe68cf36923cc6f14c78db57d547f10be8bfdfe",0.494999999999976,"mallows_gp","gp_c4","estimated_c",4,0.266666666666667,TRUE,NA,60,368,98389586,0.430997548628524,0.857285900659456,FALSE,FALSE,0,3.475195016369,0.231679667757933,FALSE,4,TRUE,1.03680097065008,-68.5541856934167,59,1e-10,72.6384006274204,0.662109854645556,0.707149411320169,0.567617443075317,0.606229219984415,-0.0717705166400532,0.909499912124167,0.944444444444444,0.929347826086957,1.93632999621045,2.12544390562791,0.260067393328171,0.286826865973088,0.269638125837083,0.297382373049417
"29_pwo_gp_model_specific","db6cb901415724b9f55892557a81f2cbcc3e7f91cf2f712ea45b7b9a2b1eb5a5","b1d5697d50014504fea8964eae8d6ad099291a4087058c07ada854c160fad766",39,6,60,"SA_hamming_foldover","Hamming","c98f8d09231a05568f2d4e69ebe68cf36923cc6f14c78db57d547f10be8bfdfe",0.373999999999995,"mallows_gp","gp_c4","estimated_c",4,0.266666666666667,TRUE,NA,60,368,98389586,0.430997548628524,0.857285900659456,FALSE,FALSE,0,4.50732275929795,0.300488183953197,FALSE,4,TRUE,0.610442661197384,-56.1525356737961,59,1e-10,64.0631942945029,0.709894303906316,0.757223733798708,0.608582377697343,0.649157230630341,0.0237216530287785,1.0508540704642,0.886111111111111,0.866847826086957,1.82519593924093,1.9961849774021,0.394427200245966,0.432101806582502,0.240775189766781,0.26377337671842
"29_pwo_gp_model_specific","db6cb901415724b9f55892557a81f2cbcc3e7f91cf2f712ea45b7b9a2b1eb5a5","b1d5697d50014504fea8964eae8d6ad099291a4087058c07ada854c160fad766",39,6,60,"SA_l2_position_foldover","L2","c98f8d09231a05568f2d4e69ebe68cf36923cc6f14c78db57d547f10be8bfdfe",0.400000000000006,"mallows_gp","gp_c4","estimated_c",4,0.266666666666667,TRUE,NA,60,368,98389586,0.430997548628524,0.857285900659456,FALSE,FALSE,0,4.36493303184061,0.290995535456041,FALSE,4,TRUE,0.952456279648771,-69.9077123699907,59,1e-10,48.9389645056305,0.629302907748799,0.665158189281386,0.539492510057044,0.570230737379106,-0.120116784592588,0.845048069632783,0.983333333333333,0.983695652173913,2.21214898952749,2.41010412221426,0.371862479884409,0.40483054399027,0.35418275413167,0.385583393817161
"29_pwo_gp_model_specific","db6cb901415724b9f55892557a81f2cbcc3e7f91cf2f712ea45b7b9a2b1eb5a5","b1d5697d50014504fea8964eae8d6ad099291a4087058c07ada854c160fad766",39,6,60,"random_foldover","RandomFoldover","c98f8d09231a05568f2d4e69ebe68cf36923cc6f14c78db57d547f10be8bfdfe",0.466999999999985,"mallows_gp","gp_c4","estimated_c",4,0.266666666666667,TRUE,NA,60,368,98389586,0.430997548628524,0.857285900659456,FALSE,FALSE,0,4.51156381784033,0.300770921189356,FALSE,4,TRUE,0.766723033785922,-62.7792010710143,59,1e-10,62.3280626466279,0.678670094803963,0.725996646390037,0.581814303474654,0.622386688876228,-0.0636776787632832,0.929802608993791,0.952777777777778,0.948369565217391,2.0422922106169,2.24068003914125,0.392961835924163,0.433704755381333,0.301292891001859,0.332531425813356
"29_pwo_gp_model_specific","db6cb901415724b9f55892557a81f2cbcc3e7f91cf2f712ea45b7b9a2b1eb5a5","b1d5697d50014504fea8964eae8d6ad099291a4087058c07ada854c160fad766",40,6,48,"FSA_lambda050","FSA_lambda050","4e7fa827b2508ac0aa2b1b854b4c11decfe92e3851ffb1eed521b3a7cbd391d6",0.341000000000008,"mallows_gp","gp_c1","estimated_c",1,0.0666666666666667,TRUE,NA,48,386,91645435,0.306777765346703,0.444397412057777,FALSE,FALSE,0,1.06301389576211,0.0708675930508071,FALSE,1,TRUE,0.802862166975707,-19.3012310578465,47,1e-10,1742.48870721711,0.437103647601748,0.444010531847442,0.194247729795231,0.1973171312794,-0.885462281313791,-0.203035826844229,0.945833333333333,0.94300518134715,0.709685492748712,0.755745352774635,0.0444372321183348,0.0470515950891739,0.0356769724729288,0.0377759455929577
"29_pwo_gp_model_specific","db6cb901415724b9f55892557a81f2cbcc3e7f91cf2f712ea45b7b9a2b1eb5a5","b1d5697d50014504fea8964eae8d6ad099291a4087058c07ada854c160fad766",40,6,48,"SA_hamming_foldover","Hamming","4e7fa827b2508ac0aa2b1b854b4c11decfe92e3851ffb1eed521b3a7cbd391d6",0.322999999999979,"mallows_gp","gp_c1","estimated_c",1,0.0666666666666667,TRUE,NA,48,386,91645435,0.306777765346703,0.444397412057777,FALSE,FALSE,0,1.4780054711536,0.0985336980769067,FALSE,1.5,TRUE,0.594359192919342,-19.0827285306789,47,1e-10,798.026679414687,0.528015790916243,0.54627847972944,0.234648851008819,0.24276474265462,-0.719801068487223,0.0156518499131882,0.951388888888889,0.961139896373057,0.882031551774944,0.945884063651816,0.0942226588752916,0.101343084998015,0.0560021034838328,0.0602341942073766
"29_pwo_gp_model_specific","db6cb901415724b9f55892557a81f2cbcc3e7f91cf2f712ea45b7b9a2b1eb5a5","b1d5697d50014504fea8964eae8d6ad099291a4087058c07ada854c160fad766",40,6,48,"SA_l2_position_foldover","L2","4e7fa827b2508ac0aa2b1b854b4c11decfe92e3851ffb1eed521b3a7cbd391d6",0.33499999999998,"mallows_gp","gp_c1","estimated_c",1,0.0666666666666667,TRUE,NA,48,386,91645435,0.306777765346703,0.444397412057777,FALSE,FALSE,0,0.932797111030286,0.0621864740686857,FALSE,1,TRUE,1.09476804919782,-20.4212304570001,47,1e-10,2528.22758588989,0.46622151723426,0.478880524263235,0.207187635704555,0.212813265667453,-0.839372092589629,-0.165602176885562,0.956944444444444,0.961139896373057,0.762797316019001,0.823111928465537,0.0380074653080087,0.0412278372192363,0.0416093586502024,0.0451349189251486
"29_pwo_gp_model_specific","db6cb901415724b9f55892557a81f2cbcc3e7f91cf2f712ea45b7b9a2b1eb5a5","b1d5697d50014504fea8964eae8d6ad099291a4087058c07ada854c160fad766",40,6,48,"random_foldover","RandomFoldover","4e7fa827b2508ac0aa2b1b854b4c11decfe92e3851ffb1eed521b3a7cbd391d6",0.325999999999993,"mallows_gp","gp_c1","estimated_c",1,0.0666666666666667,TRUE,NA,48,386,91645435,0.306777765346703,0.444397412057777,FALSE,FALSE,0,1.41054574518013,0.0940363830120084,FALSE,1.5,TRUE,0.661253380932568,-16.6160315151566,47,1e-10,1602.86650055656,0.553363513831415,0.572446565219793,0.245913313473878,0.254393772125039,-0.719704747818457,-0.00206661776848888,0.952777777777778,0.94300518134715,0.947258383981789,1.00138799812232,0.0984158411909185,0.102842883959304,0.0650778077248176,0.0680052047229454
"29_pwo_gp_model_specific","db6cb901415724b9f55892557a81f2cbcc3e7f91cf2f712ea45b7b9a2b1eb5a5","b1d5697d50014504fea8964eae8d6ad099291a4087058c07ada854c160fad766",40,6,48,"FSA_lambda050","FSA_lambda050","4e7fa827b2508ac0aa2b1b854b4c11decfe92e3851ffb1eed521b3a7cbd391d6",0.323999999999984,"mallows_gp","gp_c4","estimated_c",4,0.266666666666667,TRUE,NA,48,386,98389708,0.328397497301548,0.879793110381913,FALSE,FALSE,0,4.56237223715666,0.304158149143777,FALSE,4,TRUE,1.01697302432356,-61.2250242317094,47,1e-10,22.2713109776307,0.669452918000098,0.714932939163844,0.588980064981554,0.628993074261442,0.149137357331382,0.936994798370457,0.973611111111111,0.966321243523316,2.44650161888606,2.60686374745381,0.414565954936831,0.439367735558857,0.421602392973696,0.446825134821487
"29_pwo_gp_model_specific","db6cb901415724b9f55892557a81f2cbcc3e7f91cf2f712ea45b7b9a2b1eb5a5","b1d5697d50014504fea8964eae8d6ad099291a4087058c07ada854c160fad766",40,6,48,"SA_hamming_foldover","Hamming","4e7fa827b2508ac0aa2b1b854b4c11decfe92e3851ffb1eed521b3a7cbd391d6",0.331999999999994,"mallows_gp","gp_c4","estimated_c",4,0.266666666666667,TRUE,NA,48,386,98389708,0.328397497301548,0.879793110381913,FALSE,FALSE,0,5.05480193396266,0.33698679559751,FALSE,6,TRUE,0.88634749234542,-57.4508750407901,47,1e-10,22.9318106495559,0.648507825838632,0.667320562559266,0.570552717201582,0.587104033355824,0.126941337188522,0.895126427322541,0.979166666666667,0.976683937823834,2.49835842995347,2.67488528906697,0.499555032385533,0.534837131139073,0.442779350243452,0.474051549998336
"29_pwo_gp_model_specific","db6cb901415724b9f55892557a81f2cbcc3e7f91cf2f712ea45b7b9a2b1eb5a5","b1d5697d50014504fea8964eae8d6ad099291a4087058c07ada854c160fad766",40,6,48,"SA_l2_position_foldover","L2","4e7fa827b2508ac0aa2b1b854b4c11decfe92e3851ffb1eed521b3a7cbd391d6",0.375,"mallows_gp","gp_c4","estimated_c",4,0.266666666666667,TRUE,NA,48,386,98389708,0.328397497301548,0.879793110381913,FALSE,FALSE,0,3.72766190409897,0.248510793606598,FALSE,4,TRUE,1.1862066446561,-60.6673798928361,47,1e-10,42.7148308033229,0.607663434878547,0.638716460291715,0.534618103437154,0.561938341252173,0.0858057030637822,0.85215035620954,0.981944444444444,0.981865284974093,2.3951622982372,2.57938159801012,0.342758667123333,0.370713173338607,0.406582608455166,0.439742429475804
"29_pwo_gp_model_specific","db6cb901415724b9f55892557a81f2cbcc3e7f91cf2f712ea45b7b9a2b1eb5a5","b1d5697d50014504fea8964eae8d6ad099291a4087058c07ada854c160fad766",40,6,48,"random_foldover","RandomFoldover","4e7fa827b2508ac0aa2b1b854b4c11decfe92e3851ffb1eed521b3a7cbd391d6",0.311999999999983,"mallows_gp","gp_c4","estimated_c",4,0.266666666666667,TRUE,NA,48,386,98389708,0.328397497301548,0.879793110381913,FALSE,FALSE,0,4.33659043774044,0.289106029182696,FALSE,4,TRUE,0.99422977907441,-54.9747383074219,47,1e-10,57.5942920037336,0.613260121900212,0.659244404995539,0.539542030119778,0.579998685572899,0.113341027919828,0.899209665114648,0.984722222222222,0.976683937823834,2.52138594998623,2.67790863578492,0.455025855431007,0.479664769573283,0.452400255718314,0.476896997882623
"29_pwo_gp_model_specific","db6cb901415724b9f55892557a81f2cbcc3e7f91cf2f712ea45b7b9a2b1eb5a5","b1d5697d50014504fea8964eae8d6ad099291a4087058c07ada854c160fad766",40,6,60,"FSA_lambda050","FSA_lambda050","9182c5959e6eec2b9d6310191f723ccc213e2a16c86f2b16765d1c98ee97b5f1",0.497000000000014,"mallows_gp","gp_c1","estimated_c",1,0.0666666666666667,TRUE,NA,60,358,91645435,0.306777765346703,0.444397412057777,FALSE,FALSE,0,1.32150825083667,0.0881005500557777,FALSE,1.5,TRUE,0.664737653406739,-21.631617265661,59,1e-10,1571.60303700015,0.438063540004509,0.453316242366217,0.194674303494872,0.201452564951303,-1.07179298611188,-0.19316500779085,0.947222222222222,0.94413407821229,0.700102122009584,0.766012192568741,0.0530969116534629,0.0582593038732986,0.0352955164556678,0.0387271529458467
"29_pwo_gp_model_specific","db6cb901415724b9f55892557a81f2cbcc3e7f91cf2f712ea45b7b9a2b1eb5a5","b1d5697d50014504fea8964eae8d6ad099291a4087058c07ada854c160fad766",40,6,60,"SA_hamming_foldover","Hamming","9182c5959e6eec2b9d6310191f723ccc213e2a16c86f2b16765d1c98ee97b5f1",0.451999999999998,"mallows_gp","gp_c1","estimated_c",1,0.0666666666666667,TRUE,NA,60,358,91645435,0.306777765346703,0.444397412057777,FALSE,FALSE,0,1.15157683284968,0.0767717888566453,FALSE,1,TRUE,0.744186830482122,-15.0707581275191,59,1e-10,3108.01536166048,0.484446898634064,0.493007330655462,0.215286948032394,0.2190911818688,-0.984886328766696,-0.118188519222027,0.931944444444444,0.927374301675978,0.694633860503271,0.753298089574224,0.0474547672202032,0.0511783499752486,0.0353152128088699,0.038086254057385
"29_pwo_gp_model_specific","db6cb901415724b9f55892557a81f2cbcc3e7f91cf2f712ea45b7b9a2b1eb5a5","b1d5697d50014504fea8964eae8d6ad099291a4087058c07ada854c160fad766",40,6,60,"SA_l2_position_foldover","L2","9182c5959e6eec2b9d6310191f723ccc213e2a16c86f2b16765d1c98ee97b5f1",0.49199999999999,"mallows_gp","gp_c1","estimated_c",1,0.0666666666666667,TRUE,NA,60,358,91645435,0.306777765346703,0.444397412057777,FALSE,FALSE,0,1.35380353311689,0.0902535688744595,FALSE,1.5,TRUE,0.638848905016029,-18.4440580764023,59,1e-10,1571.47608288338,0.489417055837753,0.527450062778804,0.217495673031234,0.234397442888613,-0.982103294260083,-0.0514721505796981,0.934722222222222,0.921787709497207,0.742554732743971,0.812327220545211,0.0632703514315583,0.0693891695522081,0.0404201947320304,0.0443291949883998
"29_pwo_gp_model_specific","db6cb901415724b9f55892557a81f2cbcc3e7f91cf2f712ea45b7b9a2b1eb5a5","b1d5697d50014504fea8964eae8d6ad099291a4087058c07ada854c160fad766",40,6,60,"random_foldover","RandomFoldover","9182c5959e6eec2b9d6310191f723ccc213e2a16c86f2b16765d1c98ee97b5f1",0.457999999999998,"mallows_gp","gp_c1","estimated_c",1,0.0666666666666667,TRUE,NA,60,358,91645435,0.306777765346703,0.444397412057777,FALSE,FALSE,0,1.25611155249751,0.0837407701665009,FALSE,1.5,TRUE,0.668135972411839,-12.1258537345141,59,1e-10,3828.1698735102,0.458740165468016,0.481580000798202,0.203862942340943,0.214012906053503,-1.06213833108973,-0.164512328516342,0.959722222222222,0.952513966480447,0.732051720850183,0.802286204391256,0.0588465056451244,0.064674324884298,0.039317467272244,0.0432112429466496
"29_pwo_gp_model_specific","db6cb901415724b9f55892557a81f2cbcc3e7f91cf2f712ea45b7b9a2b1eb5a5","b1d5697d50014504fea8964eae8d6ad099291a4087058c07ada854c160fad766",40,6,60,"FSA_lambda050","FSA_lambda050","9182c5959e6eec2b9d6310191f723ccc213e2a16c86f2b16765d1c98ee97b5f1",0.467000000000013,"mallows_gp","gp_c4","estimated_c",4,0.266666666666667,TRUE,NA,60,358,98389708,0.328397497301548,0.879793110381913,FALSE,FALSE,0,4.24370928254758,0.282913952169838,FALSE,4,TRUE,0.949206948713992,-71.1362347238546,59,1e-10,44.7765503656292,0.613009573287019,0.63368711499122,0.539321599176075,0.557513557907066,-0.11302997178428,0.831344241202508,0.958333333333333,0.963687150837989,2.10284157318877,2.30060586861411,0.33420993514401,0.366584858229286,0.317234392767947,0.347964894724572
"29_pwo_gp_model_specific","db6cb901415724b9f55892557a81f2cbcc3e7f91cf2f712ea45b7b9a2b1eb5a5","b1d5697d50014504fea8964eae8d6ad099291a4087058c07ada854c160fad766",40,6,60,"SA_hamming_foldover","Hamming","9182c5959e6eec2b9d6310191f723ccc213e2a16c86f2b16765d1c98ee97b5f1",0.438999999999993,"mallows_gp","gp_c4","estimated_c",4,0.266666666666667,TRUE,NA,60,358,98389708,0.328397497301548,0.879793110381913,FALSE,FALSE,0,3.64259504944874,0.242839669963249,FALSE,4,TRUE,0.925929241161792,-63.7845045881349,59,1e-10,93.3941576599433,0.6268287904955,0.649573912511077,0.551479651266968,0.571490652911069,-0.0984947675564642,0.844995233329871,0.938888888888889,0.927374301675978,1.96714270477901,2.13990139281814,0.303220049522215,0.329211579448168,0.280760310359145,0.304826627940117
"29_pwo_gp_model_specific","db6cb901415724b9f55892557a81f2cbcc3e7f91cf2f712ea45b7b9a2b1eb5a5","b1d5697d50014504fea8964eae8d6ad099291a4087058c07ada854c160fad766",40,6,60,"SA_l2_position_foldover","L2","9182c5959e6eec2b9d6310191f723ccc213e2a16c86f2b16765d1c98ee97b5f1",0.457000000000022,"mallows_gp","gp_c4","estimated_c",4,0.266666666666667,TRUE,NA,60,358,98389708,0.328397497301548,0.879793110381913,FALSE,FALSE,0,6.48530301395097,0.432353534263398,FALSE,6,TRUE,0.805564516433815,-72.6385995476488,59,1e-10,13.8240421300657,0.651793162960106,0.680390906507932,0.573443134166337,0.598603231912183,-0.0596978149514019,0.918767557409527,0.980555555555556,0.983240223463687,2.48240957973874,2.70966589744358,0.550123724637581,0.600775332767447,0.443160152216442,0.483963290426173
"29_pwo_gp_model_specific","db6cb901415724b9f55892557a81f2cbcc3e7f91cf2f712ea45b7b9a2b1eb5a5","b1d5697d50014504fea8964eae8d6ad099291a4087058c07ada854c160fad766",40,6,60,"random_foldover","RandomFoldover","9182c5959e6eec2b9d6310191f723ccc213e2a16c86f2b16765d1c98ee97b5f1",0.36699999999999,"mallows_gp","gp_c4","estimated_c",4,0.266666666666667,TRUE,NA,60,358,98389708,0.328397497301548,0.879793110381913,FALSE,FALSE,0,3.76607624830658,0.251071749887105,FALSE,4,TRUE,1.10029813638789,-66.4471125879007,59,1e-10,133.705344250385,0.622244910493852,0.659018901193033,0.547446785222701,0.579800288881089,-0.0965833503638606,0.866697971437521,0.969444444444444,0.960893854748603,2.24431288049745,2.45585353744704,0.332340692820481,0.364503888931347,0.365673844956236,0.401062949697301
"29_pwo_gp_model_specific","db6cb901415724b9f55892557a81f2cbcc3e7f91cf2f712ea45b7b9a2b1eb5a5","b1d5697d50014504fea8964eae8d6ad099291a4087058c07ada854c160fad766",41,6,48,"FSA_lambda050","FSA_lambda050","b92f32a304340463f8bd406ee6a0112079f2297c9ecbc62ad543c37282ea0f8e",0.340000000000003,"mallows_gp","gp_c1","estimated_c",1,0.0666666666666667,TRUE,NA,48,376,91645436,1.0098244633263,0.777039442277915,FALSE,FALSE,0,0.653547457141498,0.0435698304760998,FALSE,0.75,TRUE,1.53259131533629,-17.4452189544332,47,1e-10,6645.80732091678,0.226268243296149,0.23489675113416,0.175819349576043,0.182524040494182,-0.974096645404335,-0.306102407857308,0.944444444444444,0.946808510638298,0.616444016437588,0.661910807032884,0.0175887068456856,0.0189249774934214,0.0269562993596938,0.0290042561493525
"29_pwo_gp_model_specific","db6cb901415724b9f55892557a81f2cbcc3e7f91cf2f712ea45b7b9a2b1eb5a5","b1d5697d50014504fea8964eae8d6ad099291a4087058c07ada854c160fad766",41,6,48,"SA_hamming_foldover","Hamming","b92f32a304340463f8bd406ee6a0112079f2297c9ecbc62ad543c37282ea0f8e",0.349999999999994,"mallows_gp","gp_c1","estimated_c",1,0.0666666666666667,TRUE,NA,48,376,91645436,1.0098244633263,0.777039442277915,FALSE,FALSE,0,1.11016479687772,0.0740109864585144,FALSE,1,TRUE,0.837800219975711,-18.6542294582395,47,1e-10,2380.41839437769,0.223868611721559,0.237117486622003,0.173954741195652,0.184249639559102,-0.95953224116214,-0.251835906802002,0.980555555555556,0.978723404255319,0.794333956436827,0.849443451693075,0.0536655359013375,0.0572718108956314,0.044960997783255,0.0479823357667673
"29_pwo_gp_model_specific","db6cb901415724b9f55892557a81f2cbcc3e7f91cf2f712ea45b7b9a2b1eb5a5","b1d5697d50014504fea8964eae8d6ad099291a4087058c07ada854c160fad766",41,6,48,"SA_l2_position_foldover","L2","b92f32a304340463f8bd406ee6a0112079f2297c9ecbc62ad543c37282ea0f8e",0.491000000000014,"mallows_gp","gp_c1","estimated_c",1,0.0666666666666667,TRUE,NA,48,376,91645436,1.0098244633263,0.777039442277915,FALSE,FALSE,0,0.830067268293598,0.0553378178862398,FALSE,0.75,TRUE,1.34473364084044,-21.4552577734244,47,1e-10,3791.57790479489,0.206708231603937,0.208929417788665,0.160620448999777,0.162346398273954,-1.02023606950909,-0.362364978055116,0.986111111111111,0.98936170212766,0.762008741922524,0.814189114714369,0.0308603716047303,0.0328326358461351,0.041498979865718,0.0441511499397618
"29_pwo_gp_model_specific","db6cb901415724b9f55892557a81f2cbcc3e7f91cf2f712ea45b7b9a2b1eb5a5","b1d5697d50014504fea8964eae8d6ad099291a4087058c07ada854c160fad766",41,6,48,"random_foldover","RandomFoldover","b92f32a304340463f8bd406ee6a0112079f2297c9ecbc62ad543c37282ea0f8e",0.288000000000011,"mallows_gp","gp_c1","estimated_c",1,0.0666666666666667,TRUE,NA,48,376,91645436,1.0098244633263,0.777039442277915,FALSE,FALSE,0,0.552432096130661,0.0368288064087107,FALSE,0.5,TRUE,2.13209631852841,-13.1895637287384,47,1e-10,22933.5229566971,0.269012490977471,0.281205461732545,0.209033315954927,0.21850773515016,-0.825420153075348,-0.16847789093056,0.927777777777778,0.925531914893617,0.681606544899399,0.733586590821017,0.0157678880790122,0.0170677645457534,0.03361865612423,0.0363901179535105
"29_pwo_gp_model_specific","db6cb901415724b9f55892557a81f2cbcc3e7f91cf2f712ea45b7b9a2b1eb5a5","b1d5697d50014504fea8964eae8d6ad099291a4087058c07ada854c160fad766",41,6,48,"FSA_lambda050","FSA_lambda050","b92f32a304340463f8bd406ee6a0112079f2297c9ecbc62ad543c37282ea0f8e",0.318999999999988,"mallows_gp","gp_c4","estimated_c",4,0.266666666666667,TRUE,NA,48,376,98389709,0.0387370690872184,0.824562236796245,FALSE,FALSE,0,5.52300549089255,0.368200366059504,FALSE,6,TRUE,0.577360191900047,-50.7083566432405,47,1e-10,11.483213745294,0.756857214026374,0.784577553968162,0.624075877332961,0.646933022840114,0.208796064594556,0.996221140569475,0.908333333333333,0.906914893617021,2.02507520206785,2.17278429736829,0.499464353941806,0.536575703852033,0.288370835239074,0.309797451344912
"29_pwo_gp_model_specific","db6cb901415724b9f55892557a81f2cbcc3e7f91cf2f712ea45b7b9a2b1eb5a5","b1d5697d50014504fea8964eae8d6ad099291a4087058c07ada854c160fad766",41,6,48,"SA_hamming_foldover","Hamming","b92f32a304340463f8bd406ee6a0112079f2297c9ecbc62ad543c37282ea0f8e",0.310999999999979,"mallows_gp","gp_c4","estimated_c",4,0.266666666666667,TRUE,NA,48,376,98389709,0.0387370690872184,0.824562236796245,FALSE,FALSE,0,5.6389049389786,0.375926995931906,FALSE,6,TRUE,0.636426441950694,-51.4331791334987,47,1e-10,20.258123427631,0.732863993992734,0.773327848134597,0.604291974154079,0.63765694023469,0.161269739493059,0.965402649477247,0.943055555555556,0.938829787234043,2.2011117741153,2.35308782242379,0.536797011430878,0.572352396282324,0.341631812034719,0.364260199107913
"29_pwo_gp_model_specific","db6cb901415724b9f55892557a81f2cbcc3e7f91cf2f712ea45b7b9a2b1eb5a5","b1d5697d50014504fea8964eae8d6ad099291a4087058c07ada854c160fad766",41,6,48,"SA_l2_position_foldover","L2","b92f32a304340463f8bd406ee6a0112079f2297c9ecbc62ad543c37282ea0f8e",0.320999999999998,"mallows_gp","gp_c4","estimated_c",4,0.266666666666667,TRUE,NA,48,376,98389709,0.0387370690872184,0.824562236796245,FALSE,FALSE,0,6.44235814902456,0.429490543268304,FALSE,6,TRUE,0.731233014926866,-57.382015287798,47,1e-10,8.69232984777359,0.775793699173059,0.840376144130099,0.63969018788257,0.692942433154118,0.214952296340665,1.04220027723196,0.9625,0.952127659574468,2.46366879653979,2.63795346588061,0.584057735060706,0.624938165434938,0.427082298499797,0.456975418853855
"29_pwo_gp_model_specific","db6cb901415724b9f55892557a81f2cbcc3e7f91cf2f712ea45b7b9a2b1eb5a5","b1d5697d50014504fea8964eae8d6ad099291a4087058c07ada854c160fad766",41,6,48,"random_foldover","RandomFoldover","b92f32a304340463f8bd406ee6a0112079f2297c9ecbc62ad543c37282ea0f8e",0.332999999999998,"mallows_gp","gp_c4","estimated_c",4,0.266666666666667,TRUE,NA,48,376,98389709,0.0387370690872184,0.824562236796245,FALSE,FALSE,0,3.59903577593704,0.239935718395802,FALSE,4,TRUE,0.724085069257261,-45.3240059268721,47,1e-10,86.5025397053998,0.782515225758729,0.842940512877024,0.645232504878736,0.695056914784053,0.284367605835725,1.14915488275615,0.880555555555556,0.859042553191489,1.91268476535857,2.0529140290074,0.360675595099905,0.388106746359756,0.261159813257318,0.281022300317114
"29_pwo_gp_model_specific","db6cb901415724b9f55892557a81f2cbcc3e7f91cf2f712ea45b7b9a2b1eb5a5","b1d5697d50014504fea8964eae8d6ad099291a4087058c07ada854c160fad766",41,6,60,"FSA_lambda050","FSA_lambda050","a2c5b1f53a5d652515e3dedf42400967244a70ecb2fed04f02ccaabd62acfe49",0.442999999999984,"mallows_gp","gp_c1","estimated_c",1,0.0666666666666667,TRUE,NA,60,330,91645436,1.0098244633263,0.777039442277915,FALSE,FALSE,0,0.743746287021031,0.049583085801402,FALSE,0.75,TRUE,1.29016403961808,-13.4915386745456,59,1e-10,8225.5249851031,0.194385495514522,0.202420651505619,0.15104519702152,0.157288830151458,-1.27774974595579,-0.43940940922673,0.961111111111111,0.963636363636364,0.583252785430254,0.643209453856233,0.0190709058755062,0.0212697113570836,0.0246045969635192,0.0274414167259654
"29_pwo_gp_model_specific","db6cb901415724b9f55892557a81f2cbcc3e7f91cf2f712ea45b7b9a2b1eb5a5","b1d5697d50014504fea8964eae8d6ad099291a4087058c07ada854c160fad766",41,6,60,"SA_hamming_foldover","Hamming","a2c5b1f53a5d652515e3dedf42400967244a70ecb2fed04f02ccaabd62acfe49",0.466000000000008,"mallows_gp","gp_c1","estimated_c",1,0.0666666666666667,TRUE,NA,60,330,91645436,1.0098244633263,0.777039442277915,FALSE,FALSE,0,0.618922812433424,0.0412615208288949,FALSE,0.75,TRUE,1.89439630307615,-10.7971635789085,59,1e-10,23969.2602015234,0.222702177806726,0.230315697537828,0.173048376037015,0.178964381162642,-1.15572639798914,-0.333687910516107,0.948611111111111,0.951515151515152,0.628347068086512,0.686248706571155,0.015264498465257,0.0166455972455711,0.0289170094608944,0.0315333578845044
"29_pwo_gp_model_specific","db6cb901415724b9f55892557a81f2cbcc3e7f91cf2f712ea45b7b9a2b1eb5a5","b1d5697d50014504fea8964eae8d6ad099291a4087058c07ada854c160fad766",41,6,60,"SA_l2_position_foldover","L2","a2c5b1f53a5d652515e3dedf42400967244a70ecb2fed04f02ccaabd62acfe49",0.447000000000003,"mallows_gp","gp_c1","estimated_c",1,0.0666666666666667,TRUE,NA,60,330,91645436,1.0098244633263,0.777039442277915,FALSE,FALSE,0,0.917394602535556,0.0611596401690371,FALSE,1,TRUE,0.962098541861664,-12.0629479586816,59,1e-10,5886.24375884928,0.223415178746207,0.227593098382979,0.173602405889373,0.176848814233812,-1.18246132892385,-0.353555755565705,0.952777777777778,0.951515151515152,0.643088625752049,0.697728636760488,0.0314156690144952,0.0339505306604292,0.0302249693504545,0.0326637560438287
"29_pwo_gp_model_specific","db6cb901415724b9f55892557a81f2cbcc3e7f91cf2f712ea45b7b9a2b1eb5a5","b1d5697d50014504fea8964eae8d6ad099291a4087058c07ada854c160fad766",41,6,60,"random_foldover","RandomFoldover","a2c5b1f53a5d652515e3dedf42400967244a70ecb2fed04f02ccaabd62acfe49",0.668999999999983,"mallows_gp","gp_c1","estimated_c",1,0.0666666666666667,TRUE,NA,60,330,91645436,1.0098244633263,0.777039442277915,FALSE,FALSE,0,0.807618619054123,0.0538412412702749,FALSE,0.75,TRUE,1.21759676870641,-11.0155827537404,59,1e-10,12129.9736653692,0.263008621896828,0.276115016588659,0.204368072872994,0.214552258494609,-1.02188254550537,-0.156906198711295,0.927777777777778,0.912121212121212,0.655239417114477,0.706490846460881,0.0260137114184914,0.0276297469458896,0.0316742109652161,0.033641890601491
"29_pwo_gp_model_specific","db6cb901415724b9f55892557a81f2cbcc3e7f91cf2f712ea45b7b9a2b1eb5a5","b1d5697d50014504fea8964eae8d6ad099291a4087058c07ada854c160fad766",41,6,60,"FSA_lambda050","FSA_lambda050","a2c5b1f53a5d652515e3dedf42400967244a70ecb2fed04f02ccaabd62acfe49",0.411000000000001,"mallows_gp","gp_c4","estimated_c",4,0.266666666666667,TRUE,NA,60,330,98389709,0.0387370690872184,0.824562236796245,FALSE,FALSE,0,3.47687855405212,0.231791903603474,FALSE,4,TRUE,1.15521492666915,-71.0910112536855,59,1e-10,79.7117976203306,0.640393320061573,0.678449155121225,0.528044148419344,0.55942355289928,-0.116460175432999,0.850098808243876,0.959722222222222,0.957575757575758,2.06949736876633,2.27804895108605,0.266781413498166,0.296361406788985,0.308189871030976,0.342361120811304
"29_pwo_gp_model_specific","db6cb901415724b9f55892557a81f2cbcc3e7f91cf2f712ea45b7b9a2b1eb5a5","b1d5697d50014504fea8964eae8d6ad099291a4087058c07ada854c160fad766",41,6,60,"SA_hamming_foldover","Hamming","a2c5b1f53a5d652515e3dedf42400967244a70ecb2fed04f02ccaabd62acfe49",0.448999999999984,"mallows_gp","gp_c4","estimated_c",4,0.266666666666667,TRUE,NA,60,330,98389709,0.0387370690872184,0.824562236796245,FALSE,FALSE,0,5.90750664893199,0.393833776595466,FALSE,6,TRUE,0.770465362616956,-67.5927325835251,59,1e-10,29.6706014799239,0.704861597706475,0.715090735710244,0.581202255636626,0.589636816549511,-0.0559225392819414,0.897489059053178,0.980555555555556,0.984848484848485,2.37418746118557,2.59675351896815,0.526563837238557,0.576424637746732,0.405699197798981,0.444115217542884
"29_pwo_gp_model_specific","db6cb901415724b9f55892557a81f2cbcc3e7f91cf2f712ea45b7b9a2b1eb5a5","b1d5697d50014504fea8964eae8d6ad099291a4087058c07ada854c160fad766",41,6,60,"SA_l2_position_foldover","L2","a2c5b1f53a5d652515e3dedf42400967244a70ecb2fed04f02ccaabd62acfe49",0.437000000000012,"mallows_gp","gp_c4","estimated_c",4,0.266666666666667,TRUE,NA,60,330,98389709,0.0387370690872184,0.824562236796245,FALSE,FALSE,0,5.73664845855837,0.382443230570558,FALSE,6,TRUE,0.834099099359238,-71.2057063977362,59,1e-10,21.7339446458424,0.644905537908071,0.680510465101971,0.531764752859765,0.561123231267734,-0.102430426386986,0.872197415242149,0.981944444444444,0.978787878787879,2.39866452697305,2.60849855768087,0.496560166626834,0.538538941310896,0.414180387761116,0.449194845917296
"29_pwo_gp_model_specific","db6cb901415724b9f55892557a81f2cbcc3e7f91cf2f712ea45b7b9a2b1eb5a5","b1d5697d50014504fea8964eae8d6ad099291a4087058c07ada854c160fad766",41,6,60,"random_foldover","RandomFoldover","a2c5b1f53a5d652515e3dedf42400967244a70ecb2fed04f02ccaabd62acfe49",0.448000000000008,"mallows_gp","gp_c4","estimated_c",4,0.266666666666667,TRUE,NA,60,330,98389709,0.0387370690872184,0.824562236796245,FALSE,FALSE,0,5.11565583224763,0.341043722149842,FALSE,6,TRUE,0.944027201866188,-70.8846764131789,59,1e-10,42.9968441005515,0.612975779527711,0.656978387606303,0.505436679869292,0.541719568811444,-0.124327080385819,0.837628642191844,0.988888888888889,0.987878787878788,2.45182631323749,2.65711402383782,0.460045632624106,0.49469123806751,0.434295591296895,0.467001985260592
"29_pwo_gp_model_specific","db6cb901415724b9f55892557a81f2cbcc3e7f91cf2f712ea45b7b9a2b1eb5a5","b1d5697d50014504fea8964eae8d6ad099291a4087058c07ada854c160fad766",42,6,48,"FSA_lambda050","FSA_lambda050","295152ead6a947a762414f1ca4e99353288adbbc278728bb6e14e14c2651aba8",0.335000000000008,"mallows_gp","gp_c1","estimated_c",1,0.0666666666666667,TRUE,NA,48,364,91645437,-0.783299841692433,0.389479668119603,FALSE,FALSE,0,1.12741352821612,0.0751609018810747,FALSE,1,TRUE,0.688706604640433,-17.6988564676948,47,1e-10,1360.10589905132,0.538256152520058,0.560628393866798,0.209639827646847,0.218353360781667,-0.8259252240782,-0.116083917075071,0.930555555555556,0.928571428571429,0.693350600575873,0.748298284449409,0.0494027321473187,0.0537442810226067,0.0340239879171406,0.0370140413019207
"29_pwo_gp_model_specific","db6cb901415724b9f55892557a81f2cbcc3e7f91cf2f712ea45b7b9a2b1eb5a5","b1d5697d50014504fea8964eae8d6ad099291a4087058c07ada854c160fad766",42,6,48,"SA_hamming_foldover","Hamming","295152ead6a947a762414f1ca4e99353288adbbc278728bb6e14e14c2651aba8",0.343999999999994,"mallows_gp","gp_c1","estimated_c",1,0.0666666666666667,TRUE,NA,48,364,91645437,-0.783299841692433,0.389479668119603,FALSE,FALSE,0,1.38086667251394,0.0920577781675961,FALSE,1.5,TRUE,0.774463131250436,-23.1618934842639,47,1e-10,1056.60450937918,0.528102644503481,0.552505155677138,0.205685242714301,0.215189524667502,-0.826963108410697,-0.109120215295286,0.981944444444444,0.980769230769231,0.953385479481244,1.03026586484338,0.0842345904961632,0.0916342687472372,0.0652365847152568,0.0709673627038293
"29_pwo_gp_model_specific","db6cb901415724b9f55892557a81f2cbcc3e7f91cf2f712ea45b7b9a2b1eb5a5","b1d5697d50014504fea8964eae8d6ad099291a4087058c07ada854c160fad766",42,6,48,"SA_l2_position_foldover","L2","295152ead6a947a762414f1ca4e99353288adbbc278728bb6e14e14c2651aba8",0.314999999999998,"mallows_gp","gp_c1","estimated_c",1,0.0666666666666667,TRUE,NA,48,364,91645437,-0.783299841692433,0.389479668119603,FALSE,FALSE,0,1.46429059554627,0.0976193730364177,FALSE,1.5,TRUE,0.578291645725602,-19.9929172114923,47,1e-10,724.635329122488,0.586488607520917,0.611419255051877,0.228425388213175,0.23813536853954,-0.780926428473304,-0.057307629659429,0.955555555555556,0.950549450549451,0.839220008678446,0.902640684868054,0.0869082891065221,0.0939394235286625,0.0502583375346071,0.0543243838309046
"29_pwo_gp_model_specific","db6cb901415724b9f55892557a81f2cbcc3e7f91cf2f712ea45b7b9a2b1eb5a5","b1d5697d50014504fea8964eae8d6ad099291a4087058c07ada854c160fad766",42,6,48,"random_foldover","RandomFoldover","295152ead6a947a762414f1ca4e99353288adbbc278728bb6e14e14c2651aba8",0.341000000000008,"mallows_gp","gp_c1","estimated_c",1,0.0666666666666667,TRUE,NA,48,364,91645437,-0.783299841692433,0.389479668119603,FALSE,FALSE,0,3.38618185282404,0.225745456854936,FALSE,3,TRUE,0.231091279886335,-16.9990393411317,47,1e-10,126.939375702124,0.627982415723331,0.632837305829239,0.24458638286087,0.246477263848076,-0.712672778369114,0.0230440042992162,0.976388888888889,0.972527472527473,1.03227300005452,1.09652684587639,0.327098371180767,0.344680484413851,0.075589581244899,0.0796526542950387
"29_pwo_gp_model_specific","db6cb901415724b9f55892557a81f2cbcc3e7f91cf2f712ea45b7b9a2b1eb5a5","b1d5697d50014504fea8964eae8d6ad099291a4087058c07ada854c160fad766",42,6,48,"FSA_lambda050","FSA_lambda050","295152ead6a947a762414f1ca4e99353288adbbc278728bb6e14e14c2651aba8",0.304000000000002,"mallows_gp","gp_c4","estimated_c",4,0.266666666666667,TRUE,NA,48,364,98389710,-0.432626996987192,0.728240326740836,FALSE,FALSE,0,7.80153827533677,0.520102551689118,FALSE,8,TRUE,0.423114252642883,-46.4139876693908,47,1e-10,4.54083112520316,0.84400645296196,0.861081900875933,0.614639535076392,0.627074564844509,0.175220722382764,0.960378377749819,0.926388888888889,0.925824175824176,1.99724932558606,2.15066359808823,0.660768599338154,0.715090280793234,0.279580612078848,0.302564889730019
"29_pwo_gp_model_specific","db6cb901415724b9f55892557a81f2cbcc3e7f91cf2f712ea45b7b9a2b1eb5a5","b1d5697d50014504fea8964eae8d6ad099291a4087058c07ada854c160fad766",42,6,48,"SA_hamming_foldover","Hamming","295152ead6a947a762414f1ca4e99353288adbbc278728bb6e14e14c2651aba8",0.342999999999989,"mallows_gp","gp_c4","estimated_c",4,0.266666666666667,TRUE,NA,48,364,98389710,-0.432626996987192,0.728240326740836,FALSE,FALSE,0,9.47501153421939,0.631667435614626,FALSE,8,TRUE,0.452288262316235,-48.0808759420117,47,1e-10,3.8913178504192,0.871095942787481,0.892244210530006,0.634367193998172,0.649768215408991,0.184098975360879,0.979528251703694,0.945833333333333,0.936813186813187,2.21836092285423,2.38584476733407,0.763100879605435,0.823267239151403,0.345141570808733,0.372354109017673
"29_pwo_gp_model_specific","db6cb901415724b9f55892557a81f2cbcc3e7f91cf2f712ea45b7b9a2b1eb5a5","b1d5697d50014504fea8964eae8d6ad099291a4087058c07ada854c160fad766",42,6,48,"SA_l2_position_foldover","L2","295152ead6a947a762414f1ca4e99353288adbbc278728bb6e14e14c2651aba8",0.478999999999985,"mallows_gp","gp_c4","estimated_c",4,0.266666666666667,TRUE,NA,48,364,98389710,-0.432626996987192,0.728240326740836,FALSE,FALSE,0,12.971076126179,0.864738408411934,FALSE,12,TRUE,0.456821699237077,-49.7968331404798,47,1e-10,1.82855266170205,0.875316695181088,0.903813888830812,0.637440916100384,0.658193721715056,0.200137657981563,0.995012358760576,0.961111111111111,0.961538461538462,2.35348273808326,2.52572408821817,0.847110681469775,0.910548642295415,0.386978540950901,0.415958378011405
"29_pwo_gp_model_specific","db6cb901415724b9f55892557a81f2cbcc3e7f91cf2f712ea45b7b9a2b1eb5a5","b1d5697d50014504fea8964eae8d6ad099291a4087058c07ada854c160fad766",42,6,48,"random_foldover","RandomFoldover","295152ead6a947a762414f1ca4e99353288adbbc278728bb6e14e14c2651aba8",0.293000000000006,"mallows_gp","gp_c4","estimated_c",4,0.266666666666667,TRUE,NA,48,364,98389710,-0.432626996987192,0.728240326740836,FALSE,FALSE,0,6.25351026502174,0.416900684334782,FALSE,6,TRUE,0.602763841063371,-49.7917810625788,47,1e-10,19.290291765117,0.783301934575133,0.776467380904747,0.570432056771724,0.565454859173674,0.107397116700834,0.844294739618447,0.965277777777778,0.967032967032967,2.26914796326203,2.41446725976829,0.601582918073662,0.635899755115602,0.362612430416192,0.383297378924737
"29_pwo_gp_model_specific","db6cb901415724b9f55892557a81f2cbcc3e7f91cf2f712ea45b7b9a2b1eb5a5","b1d5697d50014504fea8964eae8d6ad099291a4087058c07ada854c160fad766",42,6,60,"FSA_lambda050","FSA_lambda050","f774a16046ecb3e1156b9ac1e1ea1921638c240c33f0a0533ee38fc6ba852a79",0.441000000000003,"mallows_gp","gp_c1","estimated_c",1,0.0666666666666667,TRUE,NA,60,320,91645437,-0.783299841692433,0.389479668119603,FALSE,FALSE,0,1.44777332939739,0.0965182219598262,FALSE,1.5,TRUE,0.553341621081476,-19.9242001144014,59,1e-10,1084.99876407148,0.495743670996794,0.48570177496396,0.193082080452225,0.189170966118066,-1.09229793929116,-0.251728443867924,0.956944444444444,0.9625,0.6977073854204,0.752468981756883,0.0634270867960683,0.0676512200001708,0.0350968470282119,0.0374342357430341
"29_pwo_gp_model_specific","db6cb901415724b9f55892557a81f2cbcc3e7f91cf2f712ea45b7b9a2b1eb5a5","b1d5697d50014504fea8964eae8d6ad099291a4087058c07ada854c160fad766",42,6,60,"SA_hamming_foldover","Hamming","f774a16046ecb3e1156b9ac1e1ea1921638c240c33f0a0533ee38fc6ba852a79",0.438999999999993,"mallows_gp","gp_c1","estimated_c",1,0.0666666666666667,TRUE,NA,60,320,91645437,-0.783299841692433,0.389479668119603,FALSE,FALSE,0,1.72750186438293,0.115166790958862,FALSE,2,TRUE,0.473720900939716,-18.6836192642074,59,1e-10,922.779092200646,0.484908528687524,0.505984479928046,0.188862012821582,0.197070667316045,-1.12229870977994,-0.225180279747001,0.980555555555556,0.975,0.793210000777654,0.864377833225713,0.0966038310008775,0.104989203144726,0.0457632538559637,0.0497355799026626
"29_pwo_gp_model_specific","db6cb901415724b9f55892557a81f2cbcc3e7f91cf2f712ea45b7b9a2b1eb5a5","b1d5697d50014504fea8964eae8d6ad099291a4087058c07ada854c160fad766",42,6,60,"SA_l2_position_foldover","L2","f774a16046ecb3e1156b9ac1e1ea1921638c240c33f0a0533ee38fc6ba852a79",0.478000000000009,"mallows_gp","gp_c1","estimated_c",1,0.0666666666666667,TRUE,NA,60,320,91645437,-0.783299841692433,0.389479668119603,FALSE,FALSE,0,1.71122377362775,0.114081584908517,FALSE,1.5,TRUE,0.474780425648453,-19.9739203486386,59,1e-10,730.780297993445,0.461488370012511,0.463655486910415,0.179740337193529,0.180584385163702,-1.15234149289228,-0.283865684775485,0.984722222222222,0.984375,0.779717034786383,0.851836922023595,0.0934728014294501,0.102438007309169,0.0443790564492277,0.0486355607128268
"29_pwo_gp_model_specific","db6cb901415724b9f55892557a81f2cbcc3e7f91cf2f712ea45b7b9a2b1eb5a5","b1d5697d50014504fea8964eae8d6ad099291a4087058c07ada854c160fad766",42,6,60,"random_foldover","RandomFoldover","f774a16046ecb3e1156b9ac1e1ea1921638c240c33f0a0533ee38fc6ba852a79",0.503999999999991,"mallows_gp","gp_c1","estimated_c",1,0.0666666666666667,TRUE,NA,60,320,91645437,-0.783299841692433,0.389479668119603,FALSE,FALSE,0,1.00486270068087,0.0669908467120577,FALSE,1,TRUE,1.01797828975855,-15.3282727297166,59,1e-10,8301.18424769409,0.552892622875327,0.611813981978965,0.215340435263259,0.2382891066521,-0.957905421901745,-0.0239909470983844,0.934722222222222,0.921875,0.742461597874188,0.813537007293151,0.0398178088392836,0.0437457783698948,0.0405336649441469,0.0445322526491423
"29_pwo_gp_model_specific","db6cb901415724b9f55892557a81f2cbcc3e7f91cf2f712ea45b7b9a2b1eb5a5","b1d5697d50014504fea8964eae8d6ad099291a4087058c07ada854c160fad766",42,6,60,"FSA_lambda050","FSA_lambda050","f774a16046ecb3e1156b9ac1e1ea1921638c240c33f0a0533ee38fc6ba852a79",0.449999999999989,"mallows_gp","gp_c4","estimated_c",4,0.266666666666667,TRUE,NA,60,320,98389710,-0.432626996987192,0.728240326740836,FALSE,FALSE,0,5.38906135583653,0.359270757055768,FALSE,6,TRUE,0.733385836677994,-68.1308201673988,59,1e-10,20.1130115046351,0.751842645142792,0.793775144792843,0.547522133556481,0.578059070802695,-0.120889913620431,0.851123091753371,0.958333333333333,0.946875,2.12712354066924,2.29761171011283,0.442214154958388,0.473027060535787,0.324313598025009,0.34691134656237
"29_pwo_gp_model_specific","db6cb901415724b9f55892557a81f2cbcc3e7f91cf2f712ea45b7b9a2b1eb5a5","b1d5697d50014504fea8964eae8d6ad099291a4087058c07ada854c160fad766",42,6,60,"SA_hamming_foldover","Hamming","f774a16046ecb3e1156b9ac1e1ea1921638c240c33f0a0533ee38fc6ba852a79",0.537000000000006,"mallows_gp","gp_c4","estimated_c",4,0.266666666666667,TRUE,NA,60,320,98389710,-0.432626996987192,0.728240326740836,FALSE,FALSE,0,9.09770717052638,0.606513811368425,FALSE,8,TRUE,0.437064015052133,-57.8634055895637,59,1e-10,6.77962944036552,0.820951530757068,0.860790523057013,0.597850010996917,0.626862371766455,-0.0484933076744923,0.95515303642743,0.941666666666667,0.921875,2.07024183356221,2.26039153280441,0.700674449064752,0.765415187486988,0.306239587952682,0.334535435024945
"29_pwo_gp_model_specific","db6cb901415724b9f55892557a81f2cbcc3e7f91cf2f712ea45b7b9a2b1eb5a5","b1d5697d50014504fea8964eae8d6ad099291a4087058c07ada854c160fad766",42,6,60,"SA_l2_position_foldover","L2","f774a16046ecb3e1156b9ac1e1ea1921638c240c33f0a0533ee38fc6ba852a79",0.441000000000003,"mallows_gp","gp_c4","estimated_c",4,0.266666666666667,TRUE,NA,60,320,98389710,-0.432626996987192,0.728240326740836,FALSE,FALSE,0,6.28199469644073,0.418799646429382,FALSE,6,TRUE,0.628427719999731,-64.9310968740991,59,1e-10,15.3167125031253,0.719167443860235,0.763104282835944,0.523726734298149,0.555723312269779,-0.14976547134729,0.830518992528116,0.969444444444444,0.959375,2.15643652730181,2.35261466423944,0.531710028381222,0.580495371780526,0.334141320836603,0.364799382958432
"29_pwo_gp_model_specific","db6cb901415724b9f55892557a81f2cbcc3e7f91cf2f712ea45b7b9a2b1eb5a5","b1d5697d50014504fea8964eae8d6ad099291a4087058c07ada854c160fad766",42,6,60,"random_foldover","RandomFoldover","f774a16046ecb3e1156b9ac1e1ea1921638c240c33f0a0533ee38fc6ba852a79",0.397999999999996,"mallows_gp","gp_c4","estimated_c",4,0.266666666666667,TRUE,NA,60,320,98389710,-0.432626996987192,0.728240326740836,FALSE,FALSE,0,6.94267741274139,0.462845160849426,FALSE,8,TRUE,0.618824467498627,-63.6499478479432,59,1e-10,21.8890420714379,0.762375886809629,0.822923186478823,0.555192864909579,0.599285850203948,-0.105102157018597,0.898607849910959,0.973611111111111,0.96875,2.28013507163421,2.49306535138453,0.603956034269402,0.661378564015886,0.373742771299345,0.409277237692137
"29_pwo_gp_model_specific","db6cb901415724b9f55892557a81f2cbcc3e7f91cf2f712ea45b7b9a2b1eb5a5","b1d5697d50014504fea8964eae8d6ad099291a4087058c07ada854c160fad766",43,6,48,"FSA_lambda050","FSA_lambda050","56033807822724e50a76f4e87390850562e76c92ce2994d38c6270c0834c1f3b",0.385000000000019,"mallows_gp","gp_c1","estimated_c",1,0.0666666666666667,TRUE,NA,48,400,91645438,-0.526014508794345,0.845317503893432,FALSE,FALSE,0,0.871844740250462,0.0581229826833641,FALSE,1,TRUE,1.57247292147292,-28.6948193629169,47,1e-10,2867.23190641728,0.201889931316665,0.212504301945954,0.17066109280182,0.17963360608757,-0.946366795615999,-0.269111144767456,0.990277777777778,0.9875,0.82428472567928,0.877754555466202,0.0306481402076121,0.0324263404389924,0.0481933705699756,0.050989542282778
"29_pwo_gp_model_specific","db6cb901415724b9f55892557a81f2cbcc3e7f91cf2f712ea45b7b9a2b1eb5a5","b1d5697d50014504fea8964eae8d6ad099291a4087058c07ada854c160fad766",43,6,48,"SA_hamming_foldover","Hamming","56033807822724e50a76f4e87390850562e76c92ce2994d38c6270c0834c1f3b",0.38300000000001,"mallows_gp","gp_c1","estimated_c",1,0.0666666666666667,TRUE,NA,48,400,91645438,-0.526014508794345,0.845317503893432,FALSE,FALSE,0,0.885886233259565,0.0590590822173043,FALSE,1,TRUE,1.29872929394012,-20.7870320292881,47,1e-10,4031.32939735759,0.265531815790077,0.281759279359439,0.224458691727959,0.238176050726933,-0.790302229983487,-0.0687060671679968,0.956944444444444,0.9475,0.812644677857466,0.879048734824497,0.0363580087016289,0.0395993782447494,0.0472192109701352,0.0514288725482711
"29_pwo_gp_model_specific","db6cb901415724b9f55892557a81f2cbcc3e7f91cf2f712ea45b7b9a2b1eb5a5","b1d5697d50014504fea8964eae8d6ad099291a4087058c07ada854c160fad766",43,6,48,"SA_l2_position_foldover","L2","56033807822724e50a76f4e87390850562e76c92ce2994d38c6270c0834c1f3b",0.344000000000023,"mallows_gp","gp_c1","estimated_c",1,0.0666666666666667,TRUE,NA,48,400,91645438,-0.526014508794345,0.845317503893432,FALSE,FALSE,0,1.0200756524294,0.0680050434952933,FALSE,1,TRUE,1.09353484484836,-23.7105704577557,47,1e-10,1989.07774103226,0.238106035007697,0.247772241692477,0.201275199174669,0.209446212881565,-0.854240369501766,-0.169452502145873,0.969444444444444,0.9675,0.821947910012096,0.875423932341283,0.0439159923194806,0.0465334625390658,0.0480236678474449,0.0508859627379142
"29_pwo_gp_model_specific","db6cb901415724b9f55892557a81f2cbcc3e7f91cf2f712ea45b7b9a2b1eb5a5","b1d5697d50014504fea8964eae8d6ad099291a4087058c07ada854c160fad766",43,6,48,"random_foldover","RandomFoldover","56033807822724e50a76f4e87390850562e76c92ce2994d38c6270c0834c1f3b",0.364000000000004,"mallows_gp","gp_c1","estimated_c",1,0.0666666666666667,TRUE,NA,48,400,91645438,-0.526014508794345,0.845317503893432,FALSE,FALSE,0,0.70902432986411,0.0472682886576073,FALSE,0.75,TRUE,1.7225179167313,-16.7358170974777,47,1e-10,10757.0917385204,0.27952210459589,0.291422515854974,0.236284927740037,0.24634455368087,-0.706616185862065,-0.00870971633502503,0.934722222222222,0.9275,0.789331618541573,0.849827970548233,0.026097101172091,0.0282446674155652,0.0449527243436762,0.0486519456754279
"29_pwo_gp_model_specific","db6cb901415724b9f55892557a81f2cbcc3e7f91cf2f712ea45b7b9a2b1eb5a5","b1d5697d50014504fea8964eae8d6ad099291a4087058c07ada854c160fad766",43,6,48,"FSA_lambda050","FSA_lambda050","56033807822724e50a76f4e87390850562e76c92ce2994d38c6270c0834c1f3b",0.314000000000021,"mallows_gp","gp_c4","estimated_c",4,0.266666666666667,TRUE,NA,48,400,98389711,0.142930985434291,0.899135721961102,FALSE,FALSE,0,3.88170533859926,0.258780355906617,FALSE,4,TRUE,0.93332170817749,-57.0350441027818,47,1e-10,32.3953841401012,0.626540176919484,0.673886444013435,0.563344654312137,0.60591537435782,0.112124224864646,0.911920074128812,0.954166666666667,0.94,2.12363053171043,2.26544115260245,0.340702159923909,0.361850056130198,0.317984721879943,0.337722512491557
"29_pwo_gp_model_specific","db6cb901415724b9f55892557a81f2cbcc3e7f91cf2f712ea45b7b9a2b1eb5a5","b1d5697d50014504fea8964eae8d6ad099291a4087058c07ada854c160fad766",43,6,48,"SA_hamming_foldover","Hamming","56033807822724e50a76f4e87390850562e76c92ce2994d38c6270c0834c1f3b",0.301000000000016,"mallows_gp","gp_c4","estimated_c",4,0.266666666666667,TRUE,NA,48,400,98389711,0.142930985434291,0.899135721961102,FALSE,FALSE,0,2.31001689037584,0.154001126025056,FALSE,2,TRUE,1.40028953973672,-52.2223120415343,47,1e-10,234.695560754173,0.623890974341415,0.67356763988527,0.560962661639484,0.605628726177878,0.143903646823399,0.955149907550617,0.926388888888889,0.9175,1.92391009480965,2.07875412717822,0.188151534680317,0.204592805123143,0.263466625898258,0.286489164919331
"29_pwo_gp_model_specific","db6cb901415724b9f55892557a81f2cbcc3e7f91cf2f712ea45b7b9a2b1eb5a5","b1d5697d50014504fea8964eae8d6ad099291a4087058c07ada854c160fad766",43,6,48,"SA_l2_position_foldover","L2","56033807822724e50a76f4e87390850562e76c92ce2994d38c6270c0834c1f3b",0.311000000000007,"mallows_gp","gp_c4","estimated_c",4,0.266666666666667,TRUE,NA,48,400,98389711,0.142930985434291,0.899135721961102,FALSE,FALSE,0,4.30063760331623,0.286709173554415,FALSE,4,TRUE,0.576758355902737,-46.4559674467764,47,1e-10,27.6560206499352,0.659164750898839,0.705644442886118,0.592678574190737,0.634470125602249,0.199453877622321,1.03904697610708,0.872222222222222,0.845,1.79789586199401,1.91559860120649,0.395288960055176,0.419142421137591,0.227986210707926,0.241743893704409
"29_pwo_gp_model_specific","db6cb901415724b9f55892557a81f2cbcc3e7f91cf2f712ea45b7b9a2b1eb5a5","b1d5697d50014504fea8964eae8d6ad099291a4087058c07ada854c160fad766",43,6,48,"random_foldover","RandomFoldover","56033807822724e50a76f4e87390850562e76c92ce2994d38c6270c0834c1f3b",0.328000000000003,"mallows_gp","gp_c4","estimated_c",4,0.266666666666667,TRUE,NA,48,400,98389711,0.142930985434291,0.899135721961102,FALSE,FALSE,0,3.73441187763817,0.248960791842545,FALSE,4,TRUE,0.781499471524659,-47.2784802795277,47,1e-10,74.0675749422455,0.656573411881925,0.695719069523759,0.590348608712919,0.625545867858352,0.135658851067493,0.933171626147125,0.927777777777778,0.905,2.04517823467264,2.19484907195163,0.381560735114054,0.410301227393579,0.298189512846194,0.320650192374001
"29_pwo_gp_model_specific","db6cb901415724b9f55892557a81f2cbcc3e7f91cf2f712ea45b7b9a2b1eb5a5","b1d5697d50014504fea8964eae8d6ad099291a4087058c07ada854c160fad766",43,6,60,"FSA_lambda050","FSA_lambda050","07737e402422c67a0a144c0f47e6b40258c7fe923ef8c338bb2f5c4888631c04",0.433999999999997,"mallows_gp","gp_c1","estimated_c",1,0.0666666666666667,TRUE,NA,60,360,91645438,-0.526014508794345,0.845317503893432,FALSE,FALSE,0,0.767190219216733,0.0511460146144489,FALSE,0.75,TRUE,1.57980286617431,-21.3450751505037,59,1e-10,7898.85988709349,0.208515461898001,0.20322007023759,0.176261769774804,0.171785482514287,-1.136838397717,-0.363767983581928,0.961111111111111,0.969444444444444,0.656779972179766,0.715717222870502,0.0197217254054799,0.0214628055709539,0.0311564383214798,0.033907001757135
"29_pwo_gp_model_specific","db6cb901415724b9f55892557a81f2cbcc3e7f91cf2f712ea45b7b9a2b1eb5a5","b1d5697d50014504fea8964eae8d6ad099291a4087058c07ada854c160fad766",43,6,60,"SA_hamming_foldover","Hamming","07737e402422c67a0a144c0f47e6b40258c7fe923ef8c338bb2f5c4888631c04",0.38900000000001,"mallows_gp","gp_c1","estimated_c",1,0.0666666666666667,TRUE,NA,60,360,91645438,-0.526014508794345,0.845317503893432,FALSE,FALSE,0,0.87074990215812,0.058049993477208,FALSE,1,TRUE,1.43948787138597,-21.548965536306,59,1e-10,7412.24433686362,0.227651430144676,0.232241385028988,0.192437738687667,0.196317707893457,-1.09173108502698,-0.274125923866867,0.963888888888889,0.963888888888889,0.74304251126494,0.803635285816005,0.0280353808697373,0.0300908633667829,0.0403565907316732,0.0433154328560164
"29_pwo_gp_model_specific","db6cb901415724b9f55892557a81f2cbcc3e7f91cf2f712ea45b7b9a2b1eb5a5","b1d5697d50014504fea8964eae8d6ad099291a4087058c07ada854c160fad766",43,6,60,"SA_l2_position_foldover","L2","07737e402422c67a0a144c0f47e6b40258c7fe923ef8c338bb2f5c4888631c04",0.439999999999998,"mallows_gp","gp_c1","estimated_c",1,0.0666666666666667,TRUE,NA,60,360,91645438,-0.526014508794345,0.845317503893432,FALSE,FALSE,0,0.97710831816006,0.065140554544004,FALSE,1,TRUE,1.24339311377394,-23.7897219063496,59,1e-10,4270.77755302349,0.206287942987563,0.203553077469295,0.174378809049557,0.172066979356171,-1.13732950623668,-0.323042056721787,0.986111111111111,0.991666666666667,0.751719811637669,0.82398535816242,0.0329821816436341,0.0363732962085448,0.041009817532936,0.0452263060309644
"29_pwo_gp_model_specific","db6cb901415724b9f55892557a81f2cbcc3e7f91cf2f712ea45b7b9a2b1eb5a5","b1d5697d50014504fea8964eae8d6ad099291a4087058c07ada854c160fad766",43,6,60,"random_foldover","RandomFoldover","07737e402422c67a0a144c0f47e6b40258c7fe923ef8c338bb2f5c4888631c04",0.414999999999992,"mallows_gp","gp_c1","estimated_c",1,0.0666666666666667,TRUE,NA,60,360,91645438,-0.526014508794345,0.845317503893432,FALSE,FALSE,0,0.690909344705101,0.04606062298034,FALSE,0.75,TRUE,1.75968893535682,-10.245927203383,59,1e-10,68887.5175699271,0.220360661712277,0.219792154914245,0.186274724514927,0.185794155767468,-1.06385295472559,-0.268207392684239,0.955555555555556,0.958333333333333,0.702949036906452,0.766252587165851,0.0206099727831692,0.0224406615387531,0.0362671410645481,0.0394885838118313
"29_pwo_gp_model_specific","db6cb901415724b9f55892557a81f2cbcc3e7f91cf2f712ea45b7b9a2b1eb5a5","b1d5697d50014504fea8964eae8d6ad099291a4087058c07ada854c160fad766",43,6,60,"FSA_lambda050","FSA_lambda050","07737e402422c67a0a144c0f47e6b40258c7fe923ef8c338bb2f5c4888631c04",0.467000000000013,"mallows_gp","gp_c4","estimated_c",4,0.266666666666667,TRUE,NA,60,360,98389711,0.142930985434291,0.899135721961102,FALSE,FALSE,0,3.75841465544751,0.250560977029834,FALSE,4,TRUE,0.733366805585891,-59.9579288138289,59,1e-10,65.2024829098024,0.630892773633346,0.665213089518646,0.56725822950086,0.598116851502323,-0.0467452569680036,0.938731317265003,0.894444444444444,0.875,1.726690849396,1.88204299385899,0.292165398398839,0.318051874288086,0.214264404926486,0.233248687057259
"29_pwo_gp_model_specific","db6cb901415724b9f55892557a81f2cbcc3e7f91cf2f712ea45b7b9a2b1eb5a5","b1d5697d50014504fea8964eae8d6ad099291a4087058c07ada854c160fad766",43,6,60,"SA_hamming_foldover","Hamming","07737e402422c67a0a144c0f47e6b40258c7fe923ef8c338bb2f5c4888631c04",0.420999999999992,"mallows_gp","gp_c4","estimated_c",4,0.266666666666667,TRUE,NA,60,360,98389711,0.142930985434291,0.899135721961102,FALSE,FALSE,0,3.46481945101344,0.230987963400896,FALSE,3,TRUE,0.796071250555511,-57.770094777492,59,1e-10,122.368676201852,0.643786011098539,0.655472448596901,0.578850999877543,0.589358693294787,-0.0194653029427408,0.918171678902319,0.908333333333333,0.902777777777778,1.76801413018144,1.91366054781623,0.284652985418288,0.306026346639476,0.226604058076296,0.243618776472222
"29_pwo_gp_model_specific","db6cb901415724b9f55892557a81f2cbcc3e7f91cf2f712ea45b7b9a2b1eb5a5","b1d5697d50014504fea8964eae8d6ad099291a4087058c07ada854c160fad766",43,6,60,"SA_l2_position_foldover","L2","07737e402422c67a0a144c0f47e6b40258c7fe923ef8c338bb2f5c4888631c04",0.265999999999991,"mallows_gp","gp_c4","estimated_c",4,0.266666666666667,TRUE,NA,60,360,98389711,0.142930985434291,0.899135721961102,FALSE,FALSE,0,5.07531886774101,0.338354591182734,FALSE,6,TRUE,0.837867062051781,-69.7582346097113,59,1e-10,28.3984730530257,0.613281326987529,0.62609864028049,0.551423148706195,0.562947652947463,-0.101154201970052,0.845711816647581,0.972222222222222,0.975,2.2328937222489,2.44500438616013,0.427634557118738,0.470277518842636,0.358300910004892,0.39403004306168
"29_pwo_gp_model_specific","db6cb901415724b9f55892557a81f2cbcc3e7f91cf2f712ea45b7b9a2b1eb5a5","b1d5697d50014504fea8964eae8d6ad099291a4087058c07ada854c160fad766",43,6,60,"random_foldover","RandomFoldover","07737e402422c67a0a144c0f47e6b40258c7fe923ef8c338bb2f5c4888631c04",0.282000000000011,"mallows_gp","gp_c4","estimated_c",4,0.266666666666667,TRUE,NA,60,360,98389711,0.142930985434291,0.899135721961102,FALSE,FALSE,0,4.39017829688942,0.292678553125962,FALSE,4,TRUE,0.819514895799044,-60.4281697344473,59,1e-10,220.659741342785,0.653366976779551,0.675027058963522,0.587465588372225,0.606940942004446,-0.055441351462295,0.907685810619828,0.945833333333333,0.944444444444444,2.15237908750123,2.34420439172608,0.408838956733906,0.444666885423441,0.335049615026377,0.364411136273077
"29_pwo_gp_model_specific","db6cb901415724b9f55892557a81f2cbcc3e7f91cf2f712ea45b7b9a2b1eb5a5","b1d5697d50014504fea8964eae8d6ad099291a4087058c07ada854c160fad766",44,6,48,"FSA_lambda050","FSA_lambda050","db0ba07915fa085c5e86f1beb24f421b82ee62613fd3e2b990413631319875a9",0.335999999999984,"mallows_gp","gp_c1","estimated_c",1,0.0666666666666667,TRUE,NA,48,366,91645439,0.0795886295184632,0.517438700086989,FALSE,FALSE,0,0.797600403567838,0.0531733602378559,FALSE,0.75,TRUE,1.06603263979169,-15.8605261926265,47,1e-10,4089.6309655056,0.378435450044552,0.396509023389106,0.195817147337888,0.20516911363522,-0.87046751436038,-0.168306500558226,0.929166666666667,0.915300546448087,0.622895152843293,0.6627895291691,0.0257438994891131,0.0272135177359388,0.0274438371309111,0.0290104981500607
"29_pwo_gp_model_specific","db6cb901415724b9f55892557a81f2cbcc3e7f91cf2f712ea45b7b9a2b1eb5a5","b1d5697d50014504fea8964eae8d6ad099291a4087058c07ada854c160fad766",44,6,48,"SA_hamming_foldover","Hamming","db0ba07915fa085c5e86f1beb24f421b82ee62613fd3e2b990413631319875a9",0.364000000000004,"mallows_gp","gp_c1","estimated_c",1,0.0666666666666667,TRUE,NA,48,366,91645439,0.0795886295184632,0.517438700086989,FALSE,FALSE,0,1.05841203075141,0.070560802050094,FALSE,1,TRUE,0.858838079730229,-17.5420934332031,47,1e-10,2241.22684631993,0.417442477860179,0.436900753436707,0.216000893105063,0.226069357925316,-0.811931972097849,-0.102390997253116,0.948611111111111,0.934426229508197,0.80112361819716,0.858705788290296,0.0535343947025698,0.0573171475124376,0.0459773767458752,0.0492261489051962
"29_pwo_gp_model_specific","db6cb901415724b9f55892557a81f2cbcc3e7f91cf2f712ea45b7b9a2b1eb5a5","b1d5697d50014504fea8964eae8d6ad099291a4087058c07ada854c160fad766",44,6,48,"SA_l2_position_foldover","L2","db0ba07915fa085c5e86f1beb24f421b82ee62613fd3e2b990413631319875a9",0.337999999999994,"mallows_gp","gp_c1","estimated_c",1,0.0666666666666667,TRUE,NA,48,366,91645439,0.0795886295184632,0.517438700086989,FALSE,FALSE,0,1.00746919281852,0.0671646128545683,FALSE,1,TRUE,0.799467504047558,-15.5146251668006,47,1e-10,2016.50993263056,0.395312834913572,0.418714686309723,0.204550159425382,0.216659182991434,-0.854170682593015,-0.10477284444142,0.943055555555556,0.926229508196721,0.703272053653395,0.751998010762491,0.0441268433787713,0.0470327133756046,0.0352779773375238,0.0376011259709788
"29_pwo_gp_model_specific","db6cb901415724b9f55892557a81f2cbcc3e7f91cf2f712ea45b7b9a2b1eb5a5","b1d5697d50014504fea8964eae8d6ad099291a4087058c07ada854c160fad766",44,6,48,"random_foldover","RandomFoldover","db0ba07915fa085c5e86f1beb24f421b82ee62613fd3e2b990413631319875a9",0.35499999999999,"mallows_gp","gp_c1","estimated_c",1,0.0666666666666667,TRUE,NA,48,366,91645439,0.0795886295184632,0.517438700086989,FALSE,FALSE,0,0.763238135274628,0.0508825423516418,FALSE,0.75,TRUE,1.1188892192888,-8.49311425416304,47,1e-10,10242.5090275635,0.425157445785374,0.435017271659593,0.219992916079489,0.225094771562929,-0.750008543541919,-0.0606952581251491,0.906944444444444,0.909836065573771,0.68384116622381,0.735774818148969,0.0301608670593456,0.0324306297241853,0.0337466689971045,0.036286281973138
"29_pwo_gp_model_specific","db6cb901415724b9f55892557a81f2cbcc3e7f91cf2f712ea45b7b9a2b1eb5a5","b1d5697d50014504fea8964eae8d6ad099291a4087058c07ada854c160fad766",44,6,48,"FSA_lambda050","FSA_lambda050","db0ba07915fa085c5e86f1beb24f421b82ee62613fd3e2b990413631319875a9",0.349000000000018,"mallows_gp","gp_c4","estimated_c",4,0.266666666666667,TRUE,NA,48,366,98389712,-0.192548848216595,0.808346839453357,FALSE,FALSE,0,4.22001488154882,0.281334325436588,FALSE,4,TRUE,0.830396274543105,-55.3238152387636,47,1e-10,28.3738961022706,0.730781762807004,0.767374469408712,0.590725128295195,0.620304727023729,0.148252347773821,0.932983437900016,0.944444444444444,0.934426229508197,2.10829432058463,2.24711235266262,0.376826035000005,0.399616201645458,0.312914935614854,0.331839805093454
"29_pwo_gp_model_specific","db6cb901415724b9f55892557a81f2cbcc3e7f91cf2f712ea45b7b9a2b1eb5a5","b1d5697d50014504fea8964eae8d6ad099291a4087058c07ada854c160fad766",44,6,48,"SA_hamming_foldover","Hamming","db0ba07915fa085c5e86f1beb24f421b82ee62613fd3e2b990413631319875a9",0.349999999999994,"mallows_gp","gp_c4","estimated_c",4,0.266666666666667,TRUE,NA,48,366,98389712,-0.192548848216595,0.808346839453357,FALSE,FALSE,0,5.21994373651794,0.347996249101196,FALSE,6,TRUE,0.742320656231328,-54.3431840693095,47,1e-10,19.5416338807403,0.757756469353759,0.778818624328389,0.612530047077446,0.629555573483265,0.173745013320791,0.945078486361238,0.954166666666667,0.942622950819672,2.29910883755899,2.46992231180053,0.503211345397568,0.541645630761169,0.373544176138572,0.402074740071463
"29_pwo_gp_model_specific","db6cb901415724b9f55892557a81f2cbcc3e7f91cf2f712ea45b7b9a2b1eb5a5","b1d5697d50014504fea8964eae8d6ad099291a4087058c07ada854c160fad766",44,6,48,"SA_l2_position_foldover","L2","db0ba07915fa085c5e86f1beb24f421b82ee62613fd3e2b990413631319875a9",0.482999999999976,"mallows_gp","gp_c4","estimated_c",4,0.266666666666667,TRUE,NA,48,366,98389712,-0.192548848216595,0.808346839453357,FALSE,FALSE,0,4.96814936805,0.33120995787,FALSE,6,TRUE,0.790435154923524,-56.0121246410474,47,1e-10,19.2331799539481,0.690959291030702,0.712173590333985,0.5585347590956,0.575683270888626,0.0921845141843305,0.866127280353528,0.973611111111111,0.969945355191257,2.27616392953169,2.43777896887165,0.462293554136837,0.494749326641522,0.365413077084297,0.3910672606522
"29_pwo_gp_model_specific","db6cb901415724b9f55892557a81f2cbcc3e7f91cf2f712ea45b7b9a2b1eb5a5","b1d5697d50014504fea8964eae8d6ad099291a4087058c07ada854c160fad766",44,6,48,"random_foldover","RandomFoldover","db0ba07915fa085c5e86f1beb24f421b82ee62613fd3e2b990413631319875a9",0.307999999999993,"mallows_gp","gp_c4","estimated_c",4,0.266666666666667,TRUE,NA,48,366,98389712,-0.192548848216595,0.808346839453357,FALSE,FALSE,0,4.05335649931646,0.270223766621097,FALSE,4,TRUE,0.725934056123071,-46.3696270663828,47,1e-10,87.8462046996517,0.850897108308041,0.89138255544831,0.687819988200806,0.720546271440498,0.274154197872346,1.0889556223021,0.9,0.882513661202186,2.0670510441314,2.22300728822134,0.418619311179529,0.450777056425444,0.303890014536001,0.327234416978141
"29_pwo_gp_model_specific","db6cb901415724b9f55892557a81f2cbcc3e7f91cf2f712ea45b7b9a2b1eb5a5","b1d5697d50014504fea8964eae8d6ad099291a4087058c07ada854c160fad766",44,6,60,"FSA_lambda050","FSA_lambda050","bc26c1f5fc4ba2739816cd973f8ba441db44ccb8715c110f6a1be69b0738f521",0.631,"mallows_gp","gp_c1","estimated_c",1,0.0666666666666667,TRUE,NA,60,334,91645439,0.0795886295184632,0.517438700086989,FALSE,FALSE,0,1.23819757700064,0.0825465051333762,FALSE,1.5,TRUE,0.581452595772849,-14.6759038310981,59,1e-10,1642.45032891319,0.355205246657505,0.375898768518165,0.183796941094538,0.194504570146339,-1.11686379329057,-0.205506858063119,0.927777777777778,0.916167664670659,0.621830483824389,0.683578266143761,0.0480735874777768,0.0531867685901023,0.0279525122270665,0.0309255846574848
"29_pwo_gp_model_specific","db6cb901415724b9f55892557a81f2cbcc3e7f91cf2f712ea45b7b9a2b1eb5a5","b1d5697d50014504fea8964eae8d6ad099291a4087058c07ada854c160fad766",44,6,60,"SA_hamming_foldover","Hamming","bc26c1f5fc4ba2739816cd973f8ba441db44ccb8715c110f6a1be69b0738f521",0.436999999999983,"mallows_gp","gp_c1","estimated_c",1,0.0666666666666667,TRUE,NA,60,334,91645439,0.0795886295184632,0.517438700086989,FALSE,FALSE,0,1.03053175534322,0.0687021170228814,FALSE,1,TRUE,0.925969003545507,-15.321869014564,59,1e-10,5558.1001659631,0.347506961018845,0.356372286729755,0.179813550180771,0.184400812792472,-1.14231942721883,-0.300364391753441,0.968055555555556,0.970059880239521,0.707385481154222,0.763327156173022,0.0395935359815182,0.0423508233742016,0.0366623870596496,0.0392155497191412
"29_pwo_gp_model_specific","db6cb901415724b9f55892557a81f2cbcc3e7f91cf2f712ea45b7b9a2b1eb5a5","b1d5697d50014504fea8964eae8d6ad099291a4087058c07ada854c160fad766",44,6,60,"SA_l2_position_foldover","L2","bc26c1f5fc4ba2739816cd973f8ba441db44ccb8715c110f6a1be69b0738f521",0.419999999999987,"mallows_gp","gp_c1","estimated_c",1,0.0666666666666667,TRUE,NA,60,334,91645439,0.0795886295184632,0.517438700086989,FALSE,FALSE,0,1.49686307828227,0.0997908718854849,FALSE,1.5,TRUE,0.512836871955952,-17.1049196529745,59,1e-10,1197.20566970946,0.367554351239255,0.384040920608725,0.190186845716557,0.198717634739989,-1.13211639435997,-0.249981788149416,0.969444444444444,0.970059880239521,0.715755183039526,0.782102882924011,0.0728580408637387,0.0797052974250192,0.0373642897733986,0.0408758154097656
"29_pwo_gp_model_specific","db6cb901415724b9f55892557a81f2cbcc3e7f91cf2f712ea45b7b9a2b1eb5a5","b1d5697d50014504fea8964eae8d6ad099291a4087058c07ada854c160fad766",44,6,60,"random_foldover","RandomFoldover","bc26c1f5fc4ba2739816cd973f8ba441db44ccb8715c110f6a1be69b0738f521",0.427999999999997,"mallows_gp","gp_c1","estimated_c",1,0.0666666666666667,TRUE,NA,60,334,91645439,0.0795886295184632,0.517438700086989,FALSE,FALSE,0,0.924900849751662,0.0616600566501108,FALSE,1,TRUE,1.00908488581314,-9.29940736173436,59,1e-10,9818.17162712512,0.350372568769352,0.359164230209511,0.181296326530153,0.185845472397354,-1.13119177273238,-0.311072188520938,0.961111111111111,0.970059880239521,0.682718831535306,0.747841288994099,0.03382890363708,0.0372309573849032,0.0341362353638066,0.037569196381459
"29_pwo_gp_model_specific","db6cb901415724b9f55892557a81f2cbcc3e7f91cf2f712ea45b7b9a2b1eb5a5","b1d5697d50014504fea8964eae8d6ad099291a4087058c07ada854c160fad766",44,6,60,"FSA_lambda050","FSA_lambda050","bc26c1f5fc4ba2739816cd973f8ba441db44ccb8715c110f6a1be69b0738f521",0.406999999999982,"mallows_gp","gp_c4","estimated_c",4,0.266666666666667,TRUE,NA,60,334,98389712,-0.192548848216595,0.808346839453357,FALSE,FALSE,0,6.38620479135521,0.425746986090347,FALSE,6,TRUE,0.662118455625712,-67.6868589285581,59,1e-10,11.7680945053917,0.69691694552174,0.743531594521614,0.563350610273986,0.601031414465262,-0.0960498582738434,0.894577880695158,0.958333333333333,0.958083832335329,2.19857712560156,2.41498841717474,0.522711309518746,0.577808140588086,0.346096804996646,0.382577433694148
"29_pwo_gp_model_specific","db6cb901415724b9f55892557a81f2cbcc3e7f91cf2f712ea45b7b9a2b1eb5a5","b1d5697d50014504fea8964eae8d6ad099291a4087058c07ada854c160fad766",44,6,60,"SA_hamming_foldover","Hamming","bc26c1f5fc4ba2739816cd973f8ba441db44ccb8715c110f6a1be69b0738f521",0.424999999999983,"mallows_gp","gp_c4","estimated_c",4,0.266666666666667,TRUE,NA,60,334,98389712,-0.192548848216595,0.808346839453357,FALSE,FALSE,0,3.03116648749479,0.202077765832986,FALSE,3,TRUE,1.09912004699987,-62.4629092737115,59,1e-10,221.153875347952,0.768373657499338,0.80024775548071,0.621112417558806,0.646877743922475,0.000670241006086442,0.946840983835863,0.911111111111111,0.913173652694611,1.90801277233604,2.06048618149668,0.240714520876817,0.257565023610687,0.264574155499678,0.283094880856502
"29_pwo_gp_model_specific","db6cb901415724b9f55892557a81f2cbcc3e7f91cf2f712ea45b7b9a2b1eb5a5","b1d5697d50014504fea8964eae8d6ad099291a4087058c07ada854c160fad766",44,6,60,"SA_l2_position_foldover","L2","bc26c1f5fc4ba2739816cd973f8ba441db44ccb8715c110f6a1be69b0738f521",0.364000000000004,"mallows_gp","gp_c4","estimated_c",4,0.266666666666667,TRUE,NA,60,334,98389712,-0.192548848216595,0.808346839453357,FALSE,FALSE,0,5.99507445891888,0.399671630594592,FALSE,6,TRUE,0.754084330448466,-69.6519424158006,59,1e-10,17.4819272634034,0.632027888317802,0.670634712538494,0.510897745968074,0.542105450308202,-0.144444691399804,0.841646631248553,0.983333333333333,0.976047904191617,2.31354285633301,2.52482615783601,0.510579022664927,0.557366486341259,0.385019640447314,0.420301333667063
"29_pwo_gp_model_specific","db6cb901415724b9f55892557a81f2cbcc3e7f91cf2f712ea45b7b9a2b1eb5a5","b1d5697d50014504fea8964eae8d6ad099291a4087058c07ada854c160fad766",44,6,60,"random_foldover","RandomFoldover","bc26c1f5fc4ba2739816cd973f8ba441db44ccb8715c110f6a1be69b0738f521",0.334000000000003,"mallows_gp","gp_c4","estimated_c",4,0.266666666666667,TRUE,NA,60,334,98389712,-0.192548848216595,0.808346839453357,FALSE,FALSE,0,5.05398848821666,0.336932565881111,FALSE,6,TRUE,0.565976292934007,-53.3458111378437,59,1e-10,59.3719652524203,0.780160833951629,0.821279957486242,0.630640544390095,0.663879057940391,0.0351513763934545,1.04294735180492,0.905555555555556,0.895209580838323,1.91043517050642,2.08942927804847,0.465304747280126,0.51020171343271,0.263351455950201,0.288762074417224
"29_pwo_gp_model_specific","db6cb901415724b9f55892557a81f2cbcc3e7f91cf2f712ea45b7b9a2b1eb5a5","b1d5697d50014504fea8964eae8d6ad099291a4087058c07ada854c160fad766",45,6,48,"FSA_lambda050","FSA_lambda050","db121f1a5cd25ec0ef4d7fa22dab188583a87f1b5fdb53b0944b462c83acc613",0.365000000000009,"mallows_gp","gp_c1","estimated_c",1,0.0666666666666667,TRUE,NA,48,384,91645440,1.16440819260155,0.509791656175137,FALSE,FALSE,0,1.95492080896969,0.130328053931313,FALSE,2,TRUE,0.46158643807824,-24.4483343779265,47,1e-10,276.927669392455,0.414445569536793,0.42861504598881,0.211280893288609,0.218504374156218,-0.819804333136347,-0.0938067172384488,0.976388888888889,0.96875,0.920782728813589,0.986563212461931,0.129910665157129,0.139347070444198,0.0599650011982543,0.0643207179029751
"29_pwo_gp_model_specific","db6cb901415724b9f55892557a81f2cbcc3e7f91cf2f712ea45b7b9a2b1eb5a5","b1d5697d50014504fea8964eae8d6ad099291a4087058c07ada854c160fad766",45,6,48,"SA_hamming_foldover","Hamming","db121f1a5cd25ec0ef4d7fa22dab188583a87f1b5fdb53b0944b462c83acc613",0.372000000000014,"mallows_gp","gp_c1","estimated_c",1,0.0666666666666667,TRUE,NA,48,384,91645440,1.16440819260155,0.509791656175137,FALSE,FALSE,0,0.9533043695976,0.06355362463984,FALSE,1,TRUE,1.43057399505137,-23.4484129418643,47,1e-10,3946.88357488263,0.41560777373123,0.41797714924874,0.211873375289705,0.213081263158878,-0.781326365866626,-0.111591343849379,0.986111111111111,0.989583333333333,0.956791762949125,1.00922643603624,0.046548009244956,0.0484802170207216,0.066590371547245,0.0693545377442913
"29_pwo_gp_model_specific","db6cb901415724b9f55892557a81f2cbcc3e7f91cf2f712ea45b7b9a2b1eb5a5","b1d5697d50014504fea8964eae8d6ad099291a4087058c07ada854c160fad766",45,6,48,"SA_l2_position_foldover","L2","db121f1a5cd25ec0ef4d7fa22dab188583a87f1b5fdb53b0944b462c83acc613",0.370999999999981,"mallows_gp","gp_c1","estimated_c",1,0.0666666666666667,TRUE,NA,48,384,91645440,1.16440819260155,0.509791656175137,FALSE,FALSE,0,1.34544034948326,0.0896960232988843,FALSE,1.5,TRUE,0.708114042907768,-21.5925347719281,47,1e-10,943.718671131019,0.442693889017162,0.450439446625913,0.225681650860671,0.229630271502036,-0.783561173988565,-0.0894140354002022,0.977777777777778,0.971354166666667,0.884915442232585,0.946801602732303,0.0796484247331423,0.0849078846180627,0.0564001680490205,0.0601244654516427
"29_pwo_gp_model_specific","db6cb901415724b9f55892557a81f2cbcc3e7f91cf2f712ea45b7b9a2b1eb5a5","b1d5697d50014504fea8964eae8d6ad099291a4087058c07ada854c160fad766",45,6,48,"random_foldover","RandomFoldover","db121f1a5cd25ec0ef4d7fa22dab188583a87f1b5fdb53b0944b462c83acc613",0.332000000000022,"mallows_gp","gp_c1","estimated_c",1,0.0666666666666667,TRUE,NA,48,384,91645440,1.16440819260155,0.509791656175137,FALSE,FALSE,0,1.01586704574396,0.0677244697162643,FALSE,1,TRUE,0.717781984088196,-9.58446578017995,47,1e-10,4524.68756083117,0.452368081249582,0.440857588013983,0.230613473340993,0.224745519931025,-0.730988766700067,-0.0884490413207156,0.904166666666667,0.908854166666667,0.703881074250833,0.747155296741874,0.0496267527915142,0.0521329644146894,0.0356211890825475,0.0374201026339751
"29_pwo_gp_model_specific","db6cb901415724b9f55892557a81f2cbcc3e7f91cf2f712ea45b7b9a2b1eb5a5","b1d5697d50014504fea8964eae8d6ad099291a4087058c07ada854c160fad766",45,6,48,"FSA_lambda050","FSA_lambda050","db121f1a5cd25ec0ef4d7fa22dab188583a87f1b5fdb53b0944b462c83acc613",0.332999999999998,"mallows_gp","gp_c4","estimated_c",4,0.266666666666667,TRUE,NA,48,384,98389713,-0.435694157376475,0.86154848739736,FALSE,FALSE,0,2.52471009757994,0.168314006505329,FALSE,3,TRUE,0.826735928778131,-44.6885145367226,47,1e-10,128.5351278497,0.682734467367082,0.714563371347904,0.588208847654152,0.615630991734345,0.330000055378412,1.12582684118928,0.829166666666667,0.815104166666667,1.5027741638171,1.61022290014861,0.192995031660028,0.207017147309214,0.159555926749018,0.171148513553682
"29_pwo_gp_model_specific","db6cb901415724b9f55892557a81f2cbcc3e7f91cf2f712ea45b7b9a2b1eb5a5","b1d5697d50014504fea8964eae8d6ad099291a4087058c07ada854c160fad766",45,6,48,"SA_hamming_foldover","Hamming","db121f1a5cd25ec0ef4d7fa22dab188583a87f1b5fdb53b0944b462c83acc613",0.305000000000007,"mallows_gp","gp_c4","estimated_c",4,0.266666666666667,TRUE,NA,48,384,98389713,-0.435694157376475,0.86154848739736,FALSE,FALSE,0,4.11188697712229,0.274125798474819,FALSE,4,TRUE,0.725255729140264,-48.0022359021541,47,1e-10,49.936393488103,0.705774561811028,0.719615899894032,0.608059006171825,0.619983990060793,0.186908225287586,0.960307483556435,0.916666666666667,0.908854166666667,2.08572217960283,2.20678654148952,0.429391347067194,0.449466650325722,0.311418534503738,0.325978263206213
"29_pwo_gp_model_specific","db6cb901415724b9f55892557a81f2cbcc3e7f91cf2f712ea45b7b9a2b1eb5a5","b1d5697d50014504fea8964eae8d6ad099291a4087058c07ada854c160fad766",45,6,48,"SA_l2_position_foldover","L2","db121f1a5cd25ec0ef4d7fa22dab188583a87f1b5fdb53b0944b462c83acc613",0.308999999999997,"mallows_gp","gp_c4","estimated_c",4,0.266666666666667,TRUE,NA,48,384,98389713,-0.435694157376475,0.86154848739736,FALSE,FALSE,0,6.10859473250576,0.407239648833717,FALSE,6,TRUE,0.865783738859402,-60.443089892397,47,1e-10,11.1920231444406,0.63946316440078,0.661183531229479,0.550928522035821,0.569641671222803,0.130284363451868,0.897171825945998,0.988888888888889,0.989583333333333,2.64126008931827,2.83099365655702,0.56838662160626,0.608882050266512,0.492099894371932,0.527160178004119
"29_pwo_gp_model_specific","db6cb901415724b9f55892557a81f2cbcc3e7f91cf2f712ea45b7b9a2b1eb5a5","b1d5697d50014504fea8964eae8d6ad099291a4087058c07ada854c160fad766",45,6,48,"random_foldover","RandomFoldover","db121f1a5cd25ec0ef4d7fa22dab188583a87f1b5fdb53b0944b462c83acc613",0.323000000000008,"mallows_gp","gp_c4","estimated_c",4,0.266666666666667,TRUE,NA,48,384,98389713,-0.435694157376475,0.86154848739736,FALSE,FALSE,0,3.50687324668935,0.23379154977929,FALSE,4,TRUE,1.14991157892592,-55.4207813611757,47,1e-10,107.157150753673,0.730709852937993,0.762598647506643,0.629541968525075,0.657015711250621,0.197670267461328,0.96832338815481,0.948611111111111,0.942708333333333,2.37015630643209,2.52264625531016,0.348072553311442,0.36776953422531,0.400252659359136,0.422902445781876
"29_pwo_gp_model_specific","db6cb901415724b9f55892557a81f2cbcc3e7f91cf2f712ea45b7b9a2b1eb5a5","b1d5697d50014504fea8964eae8d6ad099291a4087058c07ada854c160fad766",45,6,60,"FSA_lambda050","FSA_lambda050","a676467116e188deeae80c270ee27bf3a71b5df98e794c45de877df8c3d36584",0.448000000000008,"mallows_gp","gp_c1","estimated_c",1,0.0666666666666667,TRUE,NA,60,318,91645440,1.16440819260155,0.509791656175137,FALSE,FALSE,0,1.25095570758704,0.0833970471724692,FALSE,1.5,TRUE,0.718819378998436,-21.0669939077809,59,1e-10,1873.19894663222,0.362004508116966,0.369456670949528,0.184546877735814,0.188345928168312,-1.1344679018333,-0.28571410807054,0.95,0.946540880503145,0.698761968013485,0.751743067821132,0.0490026013061286,0.0520015981483994,0.0352240194401793,0.0373797564879587
"29_pwo_gp_model_specific","db6cb901415724b9f55892557a81f2cbcc3e7f91cf2f712ea45b7b9a2b1eb5a5","b1d5697d50014504fea8964eae8d6ad099291a4087058c07ada854c160fad766",45,6,60,"SA_hamming_foldover","Hamming","a676467116e188deeae80c270ee27bf3a71b5df98e794c45de877df8c3d36584",0.405000000000001,"mallows_gp","gp_c1","estimated_c",1,0.0666666666666667,TRUE,NA,60,318,91645440,1.16440819260155,0.509791656175137,FALSE,FALSE,0,0.928502746883335,0.0619001831255556,FALSE,1,TRUE,1.19002519935287,-18.7697302460987,59,1e-10,6781.03553683089,0.356589818580945,0.357855148745001,0.181786514189571,0.182431568949514,-1.11221015832665,-0.28709787691097,0.9625,0.965408805031447,0.713926422457802,0.777978434037277,0.0312553527611659,0.034087630309554,0.0371946574004508,0.0405651390545941
"29_pwo_gp_model_specific","db6cb901415724b9f55892557a81f2cbcc3e7f91cf2f712ea45b7b9a2b1eb5a5","b1d5697d50014504fea8964eae8d6ad099291a4087058c07ada854c160fad766",45,6,60,"SA_l2_position_foldover","L2","a676467116e188deeae80c270ee27bf3a71b5df98e794c45de877df8c3d36584",0.396999999999991,"mallows_gp","gp_c1","estimated_c",1,0.0666666666666667,TRUE,NA,60,318,91645440,1.16440819260155,0.509791656175137,FALSE,FALSE,0,0.756212869294118,0.0504141912862745,FALSE,0.75,TRUE,1.52890607593115,-17.7946617602544,59,1e-10,9331.46987106213,0.368708214426625,0.391098411925943,0.187964371277926,0.199378707143192,-1.101297249293,-0.243702586596723,0.9375,0.924528301886792,0.657722429641516,0.713907931022486,0.0206413405615381,0.0223165136044067,0.0315586709998996,0.0341198532433776
"29_pwo_gp_model_specific","db6cb901415724b9f55892557a81f2cbcc3e7f91cf2f712ea45b7b9a2b1eb5a5","b1d5697d50014504fea8964eae8d6ad099291a4087058c07ada854c160fad766",45,6,60,"random_foldover","RandomFoldover","a676467116e188deeae80c270ee27bf3a71b5df98e794c45de877df8c3d36584",0.402999999999992,"mallows_gp","gp_c1","estimated_c",1,0.0666666666666667,TRUE,NA,60,318,91645440,1.16440819260155,0.509791656175137,FALSE,FALSE,0,1.33824398238851,0.0892162654925672,FALSE,1.5,TRUE,0.549580703114668,-11.7989164366517,59,1e-10,2067.87236286797,0.430552466812584,0.452173187587941,0.219492055126678,0.230514118178447,-1.00475163565503,-0.0934063446373306,0.934722222222222,0.930817610062893,0.699053915984358,0.770283917176883,0.065234546197448,0.0724857175036026,0.0358516477665598,0.0398367515914011
"29_pwo_gp_model_specific","db6cb901415724b9f55892557a81f2cbcc3e7f91cf2f712ea45b7b9a2b1eb5a5","b1d5697d50014504fea8964eae8d6ad099291a4087058c07ada854c160fad766",45,6,60,"FSA_lambda050","FSA_lambda050","a676467116e188deeae80c270ee27bf3a71b5df98e794c45de877df8c3d36584",0.433999999999997,"mallows_gp","gp_c4","estimated_c",4,0.266666666666667,TRUE,NA,60,318,98389713,-0.435694157376475,0.86154848739736,FALSE,FALSE,0,4.72840311225677,0.315226874150451,FALSE,4,TRUE,0.995492692191541,-74.3924042440465,59,1e-10,33.6934962421243,0.640853576417328,0.644237032385991,0.552126429405537,0.555041440777514,-0.0917136632401641,0.82892094314927,0.966666666666667,0.965408805031447,2.31155637445248,2.49312927917559,0.385149784305619,0.41081332066007,0.383413795675392,0.40896165857204
"29_pwo_gp_model_specific","db6cb901415724b9f55892557a81f2cbcc3e7f91cf2f712ea45b7b9a2b1eb5a5","b1d5697d50014504fea8964eae8d6ad099291a4087058c07ada854c160fad766",45,6,60,"SA_hamming_foldover","Hamming","a676467116e188deeae80c270ee27bf3a71b5df98e794c45de877df8c3d36584",0.35299999999998,"mallows_gp","gp_c4","estimated_c",4,0.266666666666667,TRUE,NA,60,318,98389713,-0.435694157376475,0.86154848739736,FALSE,FALSE,0,2.86285604419184,0.190857069612789,FALSE,3,TRUE,1.08240743371162,-61.1149723734354,59,1e-10,225.946643158323,0.689116082816568,0.691844936456233,0.593706918791808,0.59605795851739,0.0113440459216531,0.914989264091988,0.901388888888889,0.905660377358491,1.79725927946607,1.95643977119297,0.216525949781534,0.235456949747075,0.234369297635001,0.254860352725297
"29_pwo_gp_model_specific","db6cb901415724b9f55892557a81f2cbcc3e7f91cf2f712ea45b7b9a2b1eb5a5","b1d5697d50014504fea8964eae8d6ad099291a4087058c07ada854c160fad766",45,6,60,"SA_l2_position_foldover","L2","a676467116e188deeae80c270ee27bf3a71b5df98e794c45de877df8c3d36584",0.296999999999997,"mallows_gp","gp_c4","estimated_c",4,0.266666666666667,TRUE,NA,60,318,98389713,-0.435694157376475,0.86154848739736,FALSE,FALSE,0,3.88681879958358,0.259121253305572,FALSE,4,TRUE,0.963103707157885,-67.8497411952108,59,1e-10,65.2615478715653,0.629729322813491,0.624531931155134,0.542542345539727,0.538064540618057,-0.122511048507689,0.782956244971404,0.956944444444444,0.965408805031447,2.05983206589641,2.2366071139627,0.318259728888146,0.344179630904207,0.306517124731237,0.331480678452074
"29_pwo_gp_model_specific","db6cb901415724b9f55892557a81f2cbcc3e7f91cf2f712ea45b7b9a2b1eb5a5","b1d5697d50014504fea8964eae8d6ad099291a4087058c07ada854c160fad766",45,6,60,"random_foldover","RandomFoldover","a676467116e188deeae80c270ee27bf3a71b5df98e794c45de877df8c3d36584",0.277999999999992,"mallows_gp","gp_c4","estimated_c",4,0.266666666666667,TRUE,NA,60,318,98389713,-0.435694157376475,0.86154848739736,FALSE,FALSE,0,5.01092150435467,0.334061433623644,FALSE,6,TRUE,1.06070600654366,-74.6557567406,59,1e-10,40.3602397389627,0.661205443439779,0.645793184841581,0.569660549654442,0.556382141571788,-0.0410240769883981,0.879555835483444,0.980555555555556,0.984276729559748,2.56511119557471,2.81794182310881,0.448366413253516,0.495650521127397,0.475584947670442,0.525739484906326
"29_pwo_gp_model_specific","db6cb901415724b9f55892557a81f2cbcc3e7f91cf2f712ea45b7b9a2b1eb5a5","b1d5697d50014504fea8964eae8d6ad099291a4087058c07ada854c160fad766",46,6,48,"FSA_lambda050","FSA_lambda050","c6d281d0461426960130f43edc6d4b232968ed1abf9e0c538b4ac115f0f10281",0.329999999999984,"mallows_gp","gp_c1","estimated_c",1,0.0666666666666667,TRUE,NA,48,394,91645441,1.43627478651872,0.666456195218486,FALSE,FALSE,0,1.21998659090888,0.081332439393925,FALSE,1,TRUE,0.902951261566776,-26.9980755216856,47,1e-10,992.262189103185,0.278674430189645,0.301224258825186,0.18572430044887,0.200752773444142,-0.903313756317194,-0.181848422311336,0.9875,0.984771573604061,0.84674993977379,0.898888888283976,0.0561522879913869,0.0590983659690317,0.0507027792816837,0.0533629441082722
"29_pwo_gp_model_specific","db6cb901415724b9f55892557a81f2cbcc3e7f91cf2f712ea45b7b9a2b1eb5a5","b1d5697d50014504fea8964eae8d6ad099291a4087058c07ada854c160fad766",46,6,48,"SA_hamming_foldover","Hamming","c6d281d0461426960130f43edc6d4b232968ed1abf9e0c538b4ac115f0f10281",0.320999999999998,"mallows_gp","gp_c1","estimated_c",1,0.0666666666666667,TRUE,NA,48,394,91645441,1.43627478651872,0.666456195218486,FALSE,FALSE,0,1.16258195980363,0.0775054639869089,FALSE,1,TRUE,0.886795008655713,-19.9942791089585,47,1e-10,2384.72522060935,0.368937720491721,0.38447656737414,0.245880829471494,0.256236790242833,-0.694928292181394,0.00681601143747645,0.95,0.944162436548223,0.898474995610262,0.966687189766529,0.0655509218004476,0.0708547002764438,0.0581302302654179,0.0628335945449469
"29_pwo_gp_model_specific","db6cb901415724b9f55892557a81f2cbcc3e7f91cf2f712ea45b7b9a2b1eb5a5","b1d5697d50014504fea8964eae8d6ad099291a4087058c07ada854c160fad766",46,6,48,"SA_l2_position_foldover","L2","c6d281d0461426960130f43edc6d4b232968ed1abf9e0c538b4ac115f0f10281",0.330999999999989,"mallows_gp","gp_c1","estimated_c",1,0.0666666666666667,TRUE,NA,48,394,91645441,1.43627478651872,0.666456195218486,FALSE,FALSE,0,1.05337915195451,0.070225276796967,FALSE,1,TRUE,0.982622980518985,-22.5496759625564,47,1e-10,1865.65014800719,0.316984841847304,0.345795175489544,0.211256511639488,0.23045733698167,-0.835969143566342,-0.0925673795492755,0.965277777777778,0.956852791878173,0.805360837970526,0.866024469984955,0.0471303849499518,0.0509316997457578,0.0463113993325287,0.0500466586070746
"29_pwo_gp_model_specific","db6cb901415724b9f55892557a81f2cbcc3e7f91cf2f712ea45b7b9a2b1eb5a5","b1d5697d50014504fea8964eae8d6ad099291a4087058c07ada854c160fad766",46,6,48,"random_foldover","RandomFoldover","c6d281d0461426960130f43edc6d4b232968ed1abf9e0c538b4ac115f0f10281",0.342999999999989,"mallows_gp","gp_c1","estimated_c",1,0.0666666666666667,TRUE,NA,48,394,91645441,1.43627478651872,0.666456195218486,FALSE,FALSE,0,1.25272930170122,0.0835152867800814,FALSE,1.5,TRUE,0.902613559505537,-19.9895852955976,47,1e-10,2275.49152623294,0.310176161448769,0.31810305806756,0.206718824406621,0.212001753767071,-0.829201585707397,-0.129463343182051,0.997222222222222,0.99492385786802,0.990642652019254,1.06464748098277,0.0789857031063347,0.0851640348747293,0.0712935666308563,0.0768702126601331
"29_pwo_gp_model_specific","db6cb901415724b9f55892557a81f2cbcc3e7f91cf2f712ea45b7b9a2b1eb5a5","b1d5697d50014504fea8964eae8d6ad099291a4087058c07ada854c160fad766",46,6,48,"FSA_lambda050","FSA_lambda050","c6d281d0461426960130f43edc6d4b232968ed1abf9e0c538b4ac115f0f10281",0.298000000000002,"mallows_gp","gp_c4","estimated_c",4,0.266666666666667,TRUE,NA,48,394,98389714,0.124310710278174,1.03223272620044,FALSE,FALSE,0,2.60539618444905,0.17369307896327,FALSE,3,TRUE,1.32268770138506,-57.2044574993891,47,1e-10,101.890331042899,0.590815545479663,0.609314057448725,0.60985914119207,0.628953910632547,0.224678093537321,0.986230095699597,0.906944444444444,0.895939086294416,1.9252101622261,2.04485495053519,0.197744360136018,0.208318207130406,0.261554033170168,0.275539930545973
"29_pwo_gp_model_specific","db6cb901415724b9f55892557a81f2cbcc3e7f91cf2f712ea45b7b9a2b1eb5a5","b1d5697d50014504fea8964eae8d6ad099291a4087058c07ada854c160fad766",46,6,48,"SA_hamming_foldover","Hamming","c6d281d0461426960130f43edc6d4b232968ed1abf9e0c538b4ac115f0f10281",0.313000000000017,"mallows_gp","gp_c4","estimated_c",4,0.266666666666667,TRUE,NA,48,394,98389714,0.124310710278174,1.03223272620044,FALSE,FALSE,0,3.61502421008371,0.24100161400558,FALSE,4,TRUE,1.45048755122997,-62.7441154068972,47,1e-10,84.1291213489122,0.557478226201728,0.577605234179403,0.575447269229593,0.596223025544647,0.186838868110831,0.946001038867678,0.9875,0.987309644670051,2.68995784906939,2.89469912929148,0.355123481718042,0.384097886102838,0.515102189381463,0.557129202245912
"29_pwo_gp_model_specific","db6cb901415724b9f55892557a81f2cbcc3e7f91cf2f712ea45b7b9a2b1eb5a5","b1d5697d50014504fea8964eae8d6ad099291a4087058c07ada854c160fad766",46,6,48,"SA_l2_position_foldover","L2","c6d281d0461426960130f43edc6d4b232968ed1abf9e0c538b4ac115f0f10281",0.322999999999979,"mallows_gp","gp_c4","estimated_c",4,0.266666666666667,TRUE,NA,48,394,98389714,0.124310710278174,1.03223272620044,FALSE,FALSE,0,3.83086164214357,0.255390776142905,FALSE,4,TRUE,0.768205560523454,-51.2813071940757,47,1e-10,39.5435776352912,0.695813843988855,0.710820457582001,0.718241821108621,0.73373213876891,0.428813178123631,1.21133689450122,0.852777777777778,0.847715736040609,1.95174159470237,2.09611786619342,0.351212967208805,0.378386257321328,0.269803754337745,0.290678426899903
"29_pwo_gp_model_specific","db6cb901415724b9f55892557a81f2cbcc3e7f91cf2f712ea45b7b9a2b1eb5a5","b1d5697d50014504fea8964eae8d6ad099291a4087058c07ada854c160fad766",46,6,48,"random_foldover","RandomFoldover","c6d281d0461426960130f43edc6d4b232968ed1abf9e0c538b4ac115f0f10281",0.295999999999992,"mallows_gp","gp_c4","estimated_c",4,0.266666666666667,TRUE,NA,48,394,98389714,0.124310710278174,1.03223272620044,FALSE,FALSE,0,2.66895459102312,0.177930306068208,FALSE,3,TRUE,1.12698297909344,-47.0498148810963,47,1e-10,250.724698500291,0.71975083414714,0.745186293242468,0.742950365716741,0.769205679000871,0.448136321830361,1.22917463947676,0.856944444444444,0.845177664974619,2.01958359504886,2.16924194793039,0.260582173656575,0.28058504735661,0.293671674366131,0.316214572559026
"29_pwo_gp_model_specific","db6cb901415724b9f55892557a81f2cbcc3e7f91cf2f712ea45b7b9a2b1eb5a5","b1d5697d50014504fea8964eae8d6ad099291a4087058c07ada854c160fad766",46,6,60,"FSA_lambda050","FSA_lambda050","e15ac0adbc0d441c58ba7ee3f5b785b4193262c34254577548ae8dd3181655b8",0.378999999999991,"mallows_gp","gp_c1","estimated_c",1,0.0666666666666667,TRUE,NA,60,332,91645441,1.43627478651872,0.666456195218486,FALSE,FALSE,0,1.14327303959996,0.0762182026399974,FALSE,1,TRUE,0.843768169324203,-21.7324609081361,59,1e-10,2213.98105113486,0.288929943103347,0.312293536959935,0.19255915056535,0.208129962433642,-1.08224298232297,-0.175404444381887,0.963888888888889,0.957831325301205,0.703771164229219,0.767904132793171,0.0424290686205306,0.0462332081958567,0.0358002975560761,0.0390101094414027
"29_pwo_gp_model_specific","db6cb901415724b9f55892557a81f2cbcc3e7f91cf2f712ea45b7b9a2b1eb5a5","b1d5697d50014504fea8964eae8d6ad099291a4087058c07ada854c160fad766",46,6,60,"SA_hamming_foldover","Hamming","e15ac0adbc0d441c58ba7ee3f5b785b4193262c34254577548ae8dd3181655b8",0.443000000000012,"mallows_gp","gp_c1","estimated_c",1,0.0666666666666667,TRUE,NA,60,332,91645441,1.43627478651872,0.666456195218486,FALSE,FALSE,0,1.13653745434741,0.075769163623161,FALSE,1,TRUE,0.867127301840027,-18.6963434676554,59,1e-10,3381.59434218497,0.299785985806476,0.316836670443885,0.199794227480407,0.211157761889725,-1.05063873560275,-0.146510321957492,0.963888888888889,0.957831325301205,0.74104038405172,0.819985519997415,0.046163614831345,0.0517214734579475,0.0400297307718865,0.0448491017267805
"29_pwo_gp_model_specific","db6cb901415724b9f55892557a81f2cbcc3e7f91cf2f712ea45b7b9a2b1eb5a5","b1d5697d50014504fea8964eae8d6ad099291a4087058c07ada854c160fad766",46,6,60,"SA_l2_position_foldover","L2","e15ac0adbc0d441c58ba7ee3f5b785b4193262c34254577548ae8dd3181655b8",0.606999999999999,"mallows_gp","gp_c1","estimated_c",1,0.0666666666666667,TRUE,NA,60,332,91645441,1.43627478651872,0.666456195218486,FALSE,FALSE,0,0.894940720331886,0.0596627146887924,FALSE,1,TRUE,1.31156845097975,-21.0156855966994,59,1e-10,5741.8848399626,0.272847153799628,0.281982863511587,0.181840675997493,0.187929226332746,-1.09928569885773,-0.260140793557557,0.969444444444444,0.97289156626506,0.717990254415718,0.783740374202922,0.0286831800438982,0.0313411871385448,0.037619954019349,0.0411061122671678
"29_pwo_gp_model_specific","db6cb901415724b9f55892557a81f2cbcc3e7f91cf2f712ea45b7b9a2b1eb5a5","b1d5697d50014504fea8964eae8d6ad099291a4087058c07ada854c160fad766",46,6,60,"random_foldover","RandomFoldover","e15ac0adbc0d441c58ba7ee3f5b785b4193262c34254577548ae8dd3181655b8",0.442000000000007,"mallows_gp","gp_c1","estimated_c",1,0.0666666666666667,TRUE,NA,60,332,91645441,1.43627478651872,0.666456195218486,FALSE,FALSE,0,1.09640538905232,0.0730936926034877,FALSE,1,TRUE,0.955949912905936,-17.5136355371053,59,1e-10,5160.86505936174,0.308624633897022,0.327869659497739,0.205684799257707,0.218510765796444,-1.0065017966509,-0.120410569212581,0.955555555555556,0.939759036144578,0.777336246166773,0.835227637820092,0.0462728953046938,0.0491323441119056,0.0442345702364275,0.0469680600746406
"29_pwo_gp_model_specific","db6cb901415724b9f55892557a81f2cbcc3e7f91cf2f712ea45b7b9a2b1eb5a5","b1d5697d50014504fea8964eae8d6ad099291a4087058c07ada854c160fad766",46,6,60,"FSA_lambda050","FSA_lambda050","e15ac0adbc0d441c58ba7ee3f5b785b4193262c34254577548ae8dd3181655b8",0.435000000000002,"mallows_gp","gp_c4","estimated_c",4,0.266666666666667,TRUE,NA,60,332,98389714,0.124310710278174,1.03223272620044,FALSE,FALSE,0,3.4697963672564,0.231319757817093,FALSE,4,TRUE,1.33727655645448,-76.0062170553607,59,1e-10,79.8212684107024,0.546531471915777,0.566373841685877,0.56414767120996,0.584629614652027,-0.0683676801650599,0.868247671063963,0.969444444444444,0.963855421686747,2.20527513286407,2.4050339023872,0.261578932533357,0.284940056437433,0.349803374139246,0.381043657468595
"29_pwo_gp_model_specific","db6cb901415724b9f55892557a81f2cbcc3e7f91cf2f712ea45b7b9a2b1eb5a5","b1d5697d50014504fea8964eae8d6ad099291a4087058c07ada854c160fad766",46,6,60,"SA_hamming_foldover","Hamming","e15ac0adbc0d441c58ba7ee3f5b785b4193262c34254577548ae8dd3181655b8",0.283000000000015,"mallows_gp","gp_c4","estimated_c",4,0.266666666666667,TRUE,NA,60,332,98389714,0.124310710278174,1.03223272620044,FALSE,FALSE,0,4.05962659518367,0.270641773012245,FALSE,4,TRUE,1.20130352313018,-74.0699487541482,59,1e-10,73.4245647849984,0.541611183401953,0.563095267337322,0.559068788383642,0.581245362914167,-0.0623181943392182,0.888709960116438,0.972222222222222,0.963855421686747,2.39426168840452,2.641393570555,0.344568932888369,0.384071477523714,0.413931873040004,0.461386419083051
"29_pwo_gp_model_specific","db6cb901415724b9f55892557a81f2cbcc3e7f91cf2f712ea45b7b9a2b1eb5a5","b1d5697d50014504fea8964eae8d6ad099291a4087058c07ada854c160fad766",46,6,60,"SA_l2_position_foldover","L2","e15ac0adbc0d441c58ba7ee3f5b785b4193262c34254577548ae8dd3181655b8",0.282000000000011,"mallows_gp","gp_c4","estimated_c",4,0.266666666666667,TRUE,NA,60,332,98389714,0.124310710278174,1.03223272620044,FALSE,FALSE,0,3.60619929670136,0.240413286446757,FALSE,4,TRUE,1.04799619173783,-67.9333083923831,59,1e-10,84.7951208451316,0.586609120680816,0.60315695931431,0.605517131854399,0.622598352439776,-0.0094215883776249,0.934006665588998,0.940277777777778,0.933734939759036,2.0552171277395,2.24358064980033,0.291679128628801,0.318656092651445,0.305678616012392,0.333950371572771
"29_pwo_gp_model_specific","db6cb901415724b9f55892557a81f2cbcc3e7f91cf2f712ea45b7b9a2b1eb5a5","b1d5697d50014504fea8964eae8d6ad099291a4087058c07ada854c160fad766",46,6,60,"random_foldover","RandomFoldover","e15ac0adbc0d441c58ba7ee3f5b785b4193262c34254577548ae8dd3181655b8",0.275999999999982,"mallows_gp","gp_c4","estimated_c",4,0.266666666666667,TRUE,NA,60,332,98389714,0.124310710278174,1.03223272620044,FALSE,FALSE,0,2.95054328849682,0.196702885899788,FALSE,3,TRUE,1.37141679899331,-66.9482587940084,59,1e-10,255.808564001348,0.634217523778233,0.656301181046027,0.654660083573695,0.677455557319707,0.0857042613861298,1.01907677106473,0.913888888888889,0.906626506024096,2.12292987163609,2.28322633449497,0.238741993300668,0.253759707543293,0.327414780237685,0.348010325832502
"29_pwo_gp_model_specific","db6cb901415724b9f55892557a81f2cbcc3e7f91cf2f712ea45b7b9a2b1eb5a5","b1d5697d50014504fea8964eae8d6ad099291a4087058c07ada854c160fad766",47,6,48,"FSA_lambda050","FSA_lambda050","f5925061fb7241d79132881ee36ff7d27c7f40f39adb3f417e0718035ef4a3a5",0.34099999999998,"mallows_gp","gp_c1","estimated_c",1,0.0666666666666667,TRUE,NA,48,420,91645442,1.66003728618754,0.59857393547763,FALSE,FALSE,0,1.11102034812322,0.0740680232082149,FALSE,1,TRUE,1.20007721972816,-30.1573278709014,47,1e-10,1586.32112157438,0.373725119621328,0.397069825611069,0.223702115638587,0.237675648175434,-0.752125143004306,-0.0275573110788872,0.963888888888889,0.952380952380952,0.905871520629354,0.97494014339228,0.0484422459559836,0.0523630630139546,0.0581344358442446,0.0628397190782371
"29_pwo_gp_model_specific","db6cb901415724b9f55892557a81f2cbcc3e7f91cf2f712ea45b7b9a2b1eb5a5","b1d5697d50014504fea8964eae8d6ad099291a4087058c07ada854c160fad766",47,6,48,"SA_hamming_foldover","Hamming","f5925061fb7241d79132881ee36ff7d27c7f40f39adb3f417e0718035ef4a3a5",0.308999999999997,"mallows_gp","gp_c1","estimated_c",1,0.0666666666666667,TRUE,NA,48,420,91645442,1.66003728618754,0.59857393547763,FALSE,FALSE,0,1.27653054151027,0.0851020361006847,FALSE,1.5,TRUE,0.832241664119213,-20.4661016583782,47,1e-10,1610.2086620402,0.439586087724519,0.447994609588072,0.26312477451048,0.268157896533897,-0.652729060054752,0.0375043668342615,0.965277777777778,0.95952380952381,0.952619768450719,1.01501558160235,0.0786602579403773,0.0834321472320972,0.0654643439683461,0.0694357090534797
"29_pwo_gp_model_specific","db6cb901415724b9f55892557a81f2cbcc3e7f91cf2f712ea45b7b9a2b1eb5a5","b1d5697d50014504fea8964eae8d6ad099291a4087058c07ada854c160fad766",47,6,48,"SA_l2_position_foldover","L2","f5925061fb7241d79132881ee36ff7d27c7f40f39adb3f417e0718035ef4a3a5",0.334000000000003,"mallows_gp","gp_c1","estimated_c",1,0.0666666666666667,TRUE,NA,48,420,91645442,1.66003728618754,0.59857393547763,FALSE,FALSE,0,0.957284413727965,0.0638189609151977,FALSE,1,TRUE,1.2198575384656,-23.6275340134263,47,1e-10,2876.988885851,0.403533826568067,0.416233586392546,0.241544830667195,0.249146575884955,-0.701366876200913,-0.0105884830170417,0.925,0.921428571428571,0.827986647163397,0.885535465334297,0.0403126947480977,0.0430077502658863,0.0491757445843297,0.0524633283742874
"29_pwo_gp_model_specific","db6cb901415724b9f55892557a81f2cbcc3e7f91cf2f712ea45b7b9a2b1eb5a5","b1d5697d50014504fea8964eae8d6ad099291a4087058c07ada854c160fad766",47,6,48,"random_foldover","RandomFoldover","f5925061fb7241d79132881ee36ff7d27c7f40f39adb3f417e0718035ef4a3a5",0.355999999999995,"mallows_gp","gp_c1","estimated_c",1,0.0666666666666667,TRUE,NA,48,420,91645442,1.66003728618754,0.59857393547763,FALSE,FALSE,0,1.30539009682558,0.0870260064550386,FALSE,1.5,TRUE,0.803494451956595,-19.6611323919988,47,1e-10,2010.57599966009,0.383671222403809,0.397109721367244,0.229655593523761,0.237699528735217,-0.727198973174839,-0.0281474081531412,0.969444444444444,0.976190476190476,0.944299368578119,1.00568379784689,0.0798989641337433,0.0846271524765684,0.0641983743985417,0.0679974474998075
"29_pwo_gp_model_specific","db6cb901415724b9f55892557a81f2cbcc3e7f91cf2f712ea45b7b9a2b1eb5a5","b1d5697d50014504fea8964eae8d6ad099291a4087058c07ada854c160fad766",47,6,48,"FSA_lambda050","FSA_lambda050","f5925061fb7241d79132881ee36ff7d27c7f40f39adb3f417e0718035ef4a3a5",0.278999999999996,"mallows_gp","gp_c4","estimated_c",4,0.266666666666667,TRUE,NA,48,420,98389715,-0.126187575172687,0.81860235168389,FALSE,FALSE,0,5.2575606064457,0.350504040429713,FALSE,6,TRUE,0.846166383807632,-58.7211387183363,47,1e-10,15.197946735937,0.720843773687591,0.769454810496425,0.590084408337352,0.629877517386856,0.147679072692964,0.943202457380063,0.9625,0.957142857142857,2.40789173377458,2.58417330223091,0.482163433961861,0.518346820314338,0.407990489319778,0.438607654503568
"29_pwo_gp_model_specific","db6cb901415724b9f55892557a81f2cbcc3e7f91cf2f712ea45b7b9a2b1eb5a5","b1d5697d50014504fea8964eae8d6ad099291a4087058c07ada854c160fad766",47,6,48,"SA_hamming_foldover","Hamming","f5925061fb7241d79132881ee36ff7d27c7f40f39adb3f417e0718035ef4a3a5",0.332000000000022,"mallows_gp","gp_c4","estimated_c",4,0.266666666666667,TRUE,NA,48,420,98389715,-0.126187575172687,0.81860235168389,FALSE,FALSE,0,3.69954428251484,0.246636285500989,FALSE,4,TRUE,0.936978050061864,-51.8874349157471,47,1e-10,71.0624689425812,0.765020679218673,0.792407102990163,0.626247727095212,0.648666317998766,0.202931750900889,0.970088855894725,0.931944444444444,0.930952380952381,2.21676557783583,2.36389595538031,0.373737391462948,0.39713509295799,0.350183732288161,0.372106865010914
"29_pwo_gp_model_specific","db6cb901415724b9f55892557a81f2cbcc3e7f91cf2f712ea45b7b9a2b1eb5a5","b1d5697d50014504fea8964eae8d6ad099291a4087058c07ada854c160fad766",47,6,48,"SA_l2_position_foldover","L2","f5925061fb7241d79132881ee36ff7d27c7f40f39adb3f417e0718035ef4a3a5",0.270999999999987,"mallows_gp","gp_c4","estimated_c",4,0.266666666666667,TRUE,NA,48,420,98389715,-0.126187575172687,0.81860235168389,FALSE,FALSE,0,4.88970581033781,0.325980387355854,FALSE,4,TRUE,0.72042487124849,-53.2588836850841,47,1e-10,21.9583498800093,0.740832734504455,0.759723988149687,0.606447418669754,0.621911843329997,0.163285133552563,0.946492383471418,0.9375,0.935714285714286,2.17902235377554,2.33080421739819,0.466811985938958,0.498282587341575,0.336302964867326,0.358975168830919
"29_pwo_gp_model_specific","db6cb901415724b9f55892557a81f2cbcc3e7f91cf2f712ea45b7b9a2b1eb5a5","b1d5697d50014504fea8964eae8d6ad099291a4087058c07ada854c160fad766",47,6,48,"random_foldover","RandomFoldover","f5925061fb7241d79132881ee36ff7d27c7f40f39adb3f417e0718035ef4a3a5",0.301999999999992,"mallows_gp","gp_c4","estimated_c",4,0.266666666666667,TRUE,NA,48,420,98389715,-0.126187575172687,0.81860235168389,FALSE,FALSE,0,2.72221947524503,0.181481298349668,FALSE,3,TRUE,0.947680761560227,-44.4404049392124,47,1e-10,243.718577252451,0.832960812985266,0.864582761151306,0.681863680370263,0.70774948150381,0.42111332505485,1.2160415291329,0.844444444444444,0.835714285714286,1.83448831965399,1.95692021120395,0.253903612595997,0.269786758411752,0.240619568947868,0.255671720670514
"29_pwo_gp_model_specific","db6cb901415724b9f55892557a81f2cbcc3e7f91cf2f712ea45b7b9a2b1eb5a5","b1d5697d50014504fea8964eae8d6ad099291a4087058c07ada854c160fad766",47,6,60,"FSA_lambda050","FSA_lambda050","8609afaa52d7b45a24971e06951de776951bf0f7ac0ccbf5b4a679889eca793c",0.308999999999997,"mallows_gp","gp_c1","estimated_c",1,0.0666666666666667,TRUE,NA,60,398,91645442,1.66003728618754,0.59857393547763,FALSE,FALSE,0,1.08426112828465,0.0722840752189765,FALSE,1,TRUE,1.10397024045261,-27.8340947131579,59,1e-10,2363.94766632965,0.313338670049531,0.325960160084597,0.187556360868875,0.195111255830756,-1.07105882161234,-0.215599287270209,0.959722222222222,0.957286432160804,0.750635775161353,0.81538788774651,0.0367760524316117,0.0397652821021912,0.0405996674458242,0.043899688044022
"29_pwo_gp_model_specific","db6cb901415724b9f55892557a81f2cbcc3e7f91cf2f712ea45b7b9a2b1eb5a5","b1d5697d50014504fea8964eae8d6ad099291a4087058c07ada854c160fad766",47,6,60,"SA_hamming_foldover","Hamming","8609afaa52d7b45a24971e06951de776951bf0f7ac0ccbf5b4a679889eca793c",0.304000000000002,"mallows_gp","gp_c1","estimated_c",1,0.0666666666666667,TRUE,NA,60,398,91645442,1.66003728618754,0.59857393547763,FALSE,FALSE,0,0.858488284875964,0.0572325523250642,FALSE,0.75,TRUE,1.57356344311716,-21.9413776579088,59,1e-10,12312.1857436354,0.39267451557192,0.421930361902921,0.235044730147656,0.252556517221732,-0.896279508939035,0.00170580280564783,0.934722222222222,0.914572864321608,0.772232574890818,0.843412606276011,0.0277701613733424,0.0304140532703255,0.0436981107465558,0.047858442383202
"29_pwo_gp_model_specific","db6cb901415724b9f55892557a81f2cbcc3e7f91cf2f712ea45b7b9a2b1eb5a5","b1d5697d50014504fea8964eae8d6ad099291a4087058c07ada854c160fad766",47,6,60,"SA_l2_position_foldover","L2","8609afaa52d7b45a24971e06951de776951bf0f7ac0ccbf5b4a679889eca793c",0.335000000000008,"mallows_gp","gp_c1","estimated_c",1,0.0666666666666667,TRUE,NA,60,398,91645442,1.66003728618754,0.59857393547763,FALSE,FALSE,0,0.971168551560108,0.0647445701040072,FALSE,1,TRUE,1.30421394773679,-25.6024141294081,59,1e-10,3988.21953892821,0.326397251823474,0.319752951420225,0.19537288755306,0.191395782512192,-1.05140903602554,-0.247856512881451,0.966666666666667,0.979899497487437,0.766685997015888,0.83722664815412,0.0329984458469393,0.036046365836805,0.0430370333272155,0.0470121730895841
"29_pwo_gp_model_specific","db6cb901415724b9f55892557a81f2cbcc3e7f91cf2f712ea45b7b9a2b1eb5a5","b1d5697d50014504fea8964eae8d6ad099291a4087058c07ada854c160fad766",47,6,60,"random_foldover","RandomFoldover","8609afaa52d7b45a24971e06951de776951bf0f7ac0ccbf5b4a679889eca793c",0.294000000000011,"mallows_gp","gp_c1","estimated_c",1,0.0666666666666667,TRUE,NA,60,398,91645442,1.66003728618754,0.59857393547763,FALSE,FALSE,0,1.02762930530402,0.0685086203536015,FALSE,1,TRUE,1.24531719512025,-22.8399138786337,59,1e-10,4936.8381825941,0.349492759319879,0.353920804355699,0.209197256367036,0.211847768710599,-0.996932277749294,-0.167985539482541,0.972222222222222,0.982412060301508,0.820196538589311,0.893337869768751,0.0395847894191167,0.0431124452043385,0.0492956189288402,0.0536886693366424
"29_pwo_gp_model_specific","db6cb901415724b9f55892557a81f2cbcc3e7f91cf2f712ea45b7b9a2b1eb5a5","b1d5697d50014504fea8964eae8d6ad099291a4087058c07ada854c160fad766",47,6,60,"FSA_lambda050","FSA_lambda050","8609afaa52d7b45a24971e06951de776951bf0f7ac0ccbf5b4a679889eca793c",0.289999999999992,"mallows_gp","gp_c4","estimated_c",4,0.266666666666667,TRUE,NA,60,398,98389715,-0.126187575172687,0.81860235168389,FALSE,FALSE,0,4.39735491006456,0.293156994004304,FALSE,4,TRUE,0.862078767373662,-68.9885235903238,59,1e-10,36.1611652036791,0.723037111646652,0.763239161204451,0.591879879948676,0.624789372259204,-0.0365192751699492,0.93886478186627,0.933333333333333,0.9321608040201,2.04901668588274,2.22700117909628,0.349343492281081,0.378245510015507,0.301161607215685,0.32607742303879
"29_pwo_gp_model_specific","db6cb901415724b9f55892557a81f2cbcc3e7f91cf2f712ea45b7b9a2b1eb5a5","b1d5697d50014504fea8964eae8d6ad099291a4087058c07ada854c160fad766",47,6,60,"SA_hamming_foldover","Hamming","8609afaa52d7b45a24971e06951de776951bf0f7ac0ccbf5b4a679889eca793c",0.22799999999998,"mallows_gp","gp_c4","estimated_c",4,0.266666666666667,TRUE,NA,60,398,98389715,-0.126187575172687,0.81860235168389,FALSE,FALSE,0,5.22226409014949,0.348150939343299,FALSE,6,TRUE,0.650620431795303,-60.672514007377,59,1e-10,49.5789349478079,0.76130181213259,0.788883378490767,0.623203453752945,0.645781788836874,-4.53870391938223e-05,0.974125961427787,0.913888888888889,0.907035175879397,2.04350784954004,2.23160801053627,0.463015891158758,0.506425165073133,0.301247599033798,0.32949055957189
"29_pwo_gp_model_specific","db6cb901415724b9f55892557a81f2cbcc3e7f91cf2f712ea45b7b9a2b1eb5a5","b1d5697d50014504fea8964eae8d6ad099291a4087058c07ada854c160fad766",47,6,60,"SA_l2_position_foldover","L2","8609afaa52d7b45a24971e06951de776951bf0f7ac0ccbf5b4a679889eca793c",0.234999999999985,"mallows_gp","gp_c4","estimated_c",4,0.266666666666667,TRUE,NA,60,398,98389715,-0.126187575172687,0.81860235168389,FALSE,FALSE,0,4.81710629811172,0.321140419874114,FALSE,4,TRUE,0.913851299398547,-71.5788542470699,59,1e-10,33.2115014917178,0.681221383812499,0.714291111870824,0.557649426806265,0.584720383964357,-0.0832145719385417,0.875570838526611,0.958333333333333,0.957286432160804,2.26988495107568,2.47750923998726,0.406723133104647,0.443940199360982,0.37168446368313,0.405695328041284
"29_pwo_gp_model_specific","db6cb901415724b9f55892557a81f2cbcc3e7f91cf2f712ea45b7b9a2b1eb5a5","b1d5697d50014504fea8964eae8d6ad099291a4087058c07ada854c160fad766",47,6,60,"random_foldover","RandomFoldover","8609afaa52d7b45a24971e06951de776951bf0f7ac0ccbf5b4a679889eca793c",0.235000000000014,"mallows_gp","gp_c4","estimated_c",4,0.266666666666667,TRUE,NA,60,398,98389715,-0.126187575172687,0.81860235168389,FALSE,FALSE,0,5.41256506296085,0.360837670864057,FALSE,6,TRUE,0.953716020701077,-72.0553787767028,59,1e-10,37.4460972395152,0.704998227971095,0.729499988041773,0.577113207350113,0.597170405764365,-0.0398679999752069,0.915061464790785,0.990277777777778,0.989949748743719,2.53432955559264,2.76435428259705,0.485605283061917,0.52993687803096,0.463129538193231,0.505409290538439
"29_pwo_gp_model_specific","db6cb901415724b9f55892557a81f2cbcc3e7f91cf2f712ea45b7b9a2b1eb5a5","b1d5697d50014504fea8964eae8d6ad099291a4087058c07ada854c160fad766",48,6,48,"FSA_lambda050","FSA_lambda050","437c7df8224c8adc2d052d57194d5d2dd217b6f8d05768e4d4a2950eb0e004be",0.320999999999998,"mallows_gp","gp_c1","estimated_c",1,0.0666666666666667,TRUE,NA,48,374,91645443,-0.270927535309222,0.539618421946688,FALSE,FALSE,0,1.2542260038355,0.0836150669223667,FALSE,1.5,TRUE,0.527048044712837,-14.4105366723769,47,1e-10,1089.58707249557,0.402775820278214,0.410248871331131,0.217345252536812,0.221377848553115,-0.777899645012957,-0.079466249849252,0.904166666666667,0.903743315508021,0.673538142082657,0.720411710991652,0.0609745631927252,0.0651193579365775,0.0321365243079451,0.0343210302734285
"29_pwo_gp_model_specific","db6cb901415724b9f55892557a81f2cbcc3e7f91cf2f712ea45b7b9a2b1eb5a5","b1d5697d50014504fea8964eae8d6ad099291a4087058c07ada854c160fad766",48,6,48,"SA_hamming_foldover","Hamming","437c7df8224c8adc2d052d57194d5d2dd217b6f8d05768e4d4a2950eb0e004be",0.308999999999997,"mallows_gp","gp_c1","estimated_c",1,0.0666666666666667,TRUE,NA,48,374,91645443,-0.270927535309222,0.539618421946688,FALSE,FALSE,0,1.08404894977321,0.072269929984881,FALSE,1,TRUE,0.854089479298317,-16.0802883081735,47,1e-10,2413.92165905853,0.412163052521197,0.432077056032483,0.222410775986218,0.233156739135619,-0.796056499959053,-0.0868022455438716,0.952777777777778,0.946524064171123,0.827061174735581,0.886447101939953,0.0577018070216234,0.0620125017726992,0.0492825063136703,0.0529642253490306
"29_pwo_gp_model_specific","db6cb901415724b9f55892557a81f2cbcc3e7f91cf2f712ea45b7b9a2b1eb5a5","b1d5697d50014504fea8964eae8d6ad099291a4087058c07ada854c160fad766",48,6,48,"SA_l2_position_foldover","L2","437c7df8224c8adc2d052d57194d5d2dd217b6f8d05768e4d4a2950eb0e004be",0.34699999999998,"mallows_gp","gp_c1","estimated_c",1,0.0666666666666667,TRUE,NA,48,374,91645443,-0.270927535309222,0.539618421946688,FALSE,FALSE,0,1.5453501791388,0.10302334527592,FALSE,1.5,TRUE,0.467455709018626,-16.9125115590326,47,1e-10,572.400970454106,0.394061255115318,0.407301014850612,0.212642712635659,0.219787130890972,-0.871316313789026,-0.148492113367371,0.958333333333333,0.962566844919786,0.788704924468911,0.844680611565064,0.0951365170455556,0.101887097222373,0.0444721080290928,0.047627705271934
"29_pwo_gp_model_specific","db6cb901415724b9f55892557a81f2cbcc3e7f91cf2f712ea45b7b9a2b1eb5a5","b1d5697d50014504fea8964eae8d6ad099291a4087058c07ada854c160fad766",48,6,48,"random_foldover","RandomFoldover","437c7df8224c8adc2d052d57194d5d2dd217b6f8d05768e4d4a2950eb0e004be",-2.24799999999999,"mallows_gp","gp_c1","estimated_c",1,0.0666666666666667,TRUE,NA,48,374,91645443,-0.270927535309222,0.539618421946688,FALSE,FALSE,0,1.64045500599566,0.109363667066377,FALSE,1.5,TRUE,0.473923666919491,-15.8065471466845,47,1e-10,781.393537291302,0.425967658228867,0.43989836275909,0.229859995533787,0.237377260328992,-0.783407002111746,-0.0554213587002271,0.959722222222222,0.957219251336898,0.865328361538764,0.923924578853277,0.113068714063374,0.120054072609767,0.0535859395827854,0.0568964663198399
"29_pwo_gp_model_specific","db6cb901415724b9f55892557a81f2cbcc3e7f91cf2f712ea45b7b9a2b1eb5a5","b1d5697d50014504fea8964eae8d6ad099291a4087058c07ada854c160fad766",48,6,48,"FSA_lambda050","FSA_lambda050","437c7df8224c8adc2d052d57194d5d2dd217b6f8d05768e4d4a2950eb0e004be",0.229000000000013,"mallows_gp","gp_c4","estimated_c",4,0.266666666666667,TRUE,NA,48,374,98389716,0.0453011257770283,0.857077721170323,FALSE,FALSE,0,5.70258538496293,0.380172358997528,FALSE,6,TRUE,0.90761532400838,-61.2883299768186,47,1e-10,12.303887457311,0.642603975469748,0.674573783207801,0.550761550910601,0.578162160872986,0.121763532154929,0.895686497516889,0.983333333333333,0.981283422459893,2.59020610810779,2.76991034835435,0.519703352467082,0.554743518702496,0.471690726637652,0.503493718468715
"29_pwo_gp_model_specific","db6cb901415724b9f55892557a81f2cbcc3e7f91cf2f712ea45b7b9a2b1eb5a5","b1d5697d50014504fea8964eae8d6ad099291a4087058c07ada854c160fad766",48,6,48,"SA_hamming_foldover","Hamming","437c7df8224c8adc2d052d57194d5d2dd217b6f8d05768e4d4a2950eb0e004be",0.206999999999994,"mallows_gp","gp_c4","estimated_c",4,0.266666666666667,TRUE,NA,48,374,98389716,0.0453011257770283,0.857077721170323,FALSE,FALSE,0,4.76129230945097,0.317419487296731,FALSE,4,TRUE,0.579073041124038,-45.4548701970531,47,1e-10,34.2897466418759,0.725350012448933,0.756016469143336,0.621681335720597,0.647964872540604,0.206116594564291,0.995321689874505,0.908333333333333,0.893048128342246,1.98878844489411,2.13190917916943,0.485084202534396,0.52087332254319,0.280899184362821,0.301623698925467
"29_pwo_gp_model_specific","db6cb901415724b9f55892557a81f2cbcc3e7f91cf2f712ea45b7b9a2b1eb5a5","b1d5697d50014504fea8964eae8d6ad099291a4087058c07ada854c160fad766",48,6,48,"SA_l2_position_foldover","L2","437c7df8224c8adc2d052d57194d5d2dd217b6f8d05768e4d4a2950eb0e004be",0.183999999999997,"mallows_gp","gp_c4","estimated_c",4,0.266666666666667,TRUE,NA,48,374,98389716,0.0453011257770283,0.857077721170323,FALSE,FALSE,0,3.43595602513358,0.229063735008905,FALSE,3,TRUE,0.869046589390091,-51.8449057464016,47,1e-10,52.8866200285246,0.681029245233447,0.724457591275598,0.583694993555027,0.620916461415031,0.133611232137115,0.932207693676808,0.919444444444444,0.909090909090909,1.95145577871369,2.08985931008205,0.311225265254262,0.333238165463366,0.270469255301243,0.289599491150549
"29_pwo_gp_model_specific","db6cb901415724b9f55892557a81f2cbcc3e7f91cf2f712ea45b7b9a2b1eb5a5","b1d5697d50014504fea8964eae8d6ad099291a4087058c07ada854c160fad766",48,6,48,"random_foldover","RandomFoldover","437c7df8224c8adc2d052d57194d5d2dd217b6f8d05768e4d4a2950eb0e004be",0.176000000000016,"mallows_gp","gp_c4","estimated_c",4,0.266666666666667,TRUE,NA,48,374,98389716,0.0453011257770283,0.857077721170323,FALSE,FALSE,0,4.45541198563181,0.297027465708787,FALSE,4,TRUE,0.679710357963804,-48.1847752455198,47,1e-10,51.9802493287628,0.664363839625522,0.684579860963138,0.569411445694208,0.586738147193383,0.113365231637245,0.883246621127459,0.948611111111111,0.943850267379679,2.05661688109928,2.2007745966278,0.440854039736774,0.470475260296489,0.299653057159271,0.31978690758924
"29_pwo_gp_model_specific","db6cb901415724b9f55892557a81f2cbcc3e7f91cf2f712ea45b7b9a2b1eb5a5","b1d5697d50014504fea8964eae8d6ad099291a4087058c07ada854c160fad766",48,6,60,"FSA_lambda050","FSA_lambda050","0891de4a96da5c459a64790dcfaf33536964bb804d21be135a0eb317ec4e8c97",0.262,"mallows_gp","gp_c1","estimated_c",1,0.0666666666666667,TRUE,NA,60,330,91645443,-0.270927535309222,0.539618421946688,FALSE,FALSE,0,1.37887123389512,0.091924748926341,FALSE,1.5,TRUE,0.547378393579207,-17.6386928422935,59,1e-10,1328.57635540709,0.336905597267881,0.349561644212049,0.1818004667427,0.188629902822796,-1.14078542837922,-0.251226129068383,0.944444444444444,0.945454545454545,0.663996254415227,0.721884255943734,0.0581849486696793,0.0629937943038756,0.0318491837332977,0.0344814419315144
"29_pwo_gp_model_specific","db6cb901415724b9f55892557a81f2cbcc3e7f91cf2f712ea45b7b9a2b1eb5a5","b1d5697d50014504fea8964eae8d6ad099291a4087058c07ada854c160fad766",48,6,60,"SA_hamming_foldover","Hamming","0891de4a96da5c459a64790dcfaf33536964bb804d21be135a0eb317ec4e8c97",0.314000000000021,"mallows_gp","gp_c1","estimated_c",1,0.0666666666666667,TRUE,NA,60,330,91645443,-0.270927535309222,0.539618421946688,FALSE,FALSE,0,1.37955053123901,0.0919700354159342,FALSE,1.5,TRUE,0.579293422697959,-15.3866773562515,59,1e-10,1758.66473372076,0.361203727187727,0.372535016338072,0.194912185266303,0.201026757636234,-1.09957545579702,-0.22270874447785,0.956944444444444,0.948484848484848,0.729484186086274,0.791560924343142,0.0671117796854058,0.0724062908671608,0.0388774125573101,0.0419444880613016
"29_pwo_gp_model_specific","db6cb901415724b9f55892557a81f2cbcc3e7f91cf2f712ea45b7b9a2b1eb5a5","b1d5697d50014504fea8964eae8d6ad099291a4087058c07ada854c160fad766",48,6,60,"SA_l2_position_foldover","L2","0891de4a96da5c459a64790dcfaf33536964bb804d21be135a0eb317ec4e8c97",0.325000000000017,"mallows_gp","gp_c1","estimated_c",1,0.0666666666666667,TRUE,NA,60,330,91645443,-0.270927535309222,0.539618421946688,FALSE,FALSE,0,1.27766740313591,0.0851778268757271,FALSE,1.5,TRUE,0.602606879404585,-15.3655203006551,59,1e-10,1783.76052349801,0.321792012422727,0.342265593281958,0.173644897938601,0.184692819333457,-1.19122530249265,-0.314764068478827,0.968055555555556,0.963636363636364,0.669155270144214,0.734756085499022,0.0541881426872355,0.0599540568097337,0.0326541475654854,0.0361287270817588
"29_pwo_gp_model_specific","db6cb901415724b9f55892557a81f2cbcc3e7f91cf2f712ea45b7b9a2b1eb5a5","b1d5697d50014504fea8964eae8d6ad099291a4087058c07ada854c160fad766",48,6,60,"random_foldover","RandomFoldover","0891de4a96da5c459a64790dcfaf33536964bb804d21be135a0eb317ec4e8c97",0.320999999999998,"mallows_gp","gp_c1","estimated_c",1,0.0666666666666667,TRUE,NA,60,330,91645443,-0.270927535309222,0.539618421946688,FALSE,FALSE,0,1.43188800042816,0.0954592000285441,FALSE,1.5,TRUE,0.607162289939614,-15.9333875235432,59,1e-10,2207.68365270276,0.338858864922848,0.355917655099002,0.182854485952313,0.192059723387489,-1.13510581422244,-0.242803425142329,0.9875,0.984848484848485,0.781225996972661,0.857181759020482,0.0736459268015914,0.081108509955901,0.0447150295615794,0.0492460286384148
"29_pwo_gp_model_specific","db6cb901415724b9f55892557a81f2cbcc3e7f91cf2f712ea45b7b9a2b1eb5a5","b1d5697d50014504fea8964eae8d6ad099291a4087058c07ada854c160fad766",48,6,60,"FSA_lambda050","FSA_lambda050","0891de4a96da5c459a64790dcfaf33536964bb804d21be135a0eb317ec4e8c97",0.257999999999981,"mallows_gp","gp_c4","estimated_c",4,0.266666666666667,TRUE,NA,60,330,98389716,0.0453011257770283,0.857077721170323,FALSE,FALSE,0,4.10506325706642,0.273670883804428,FALSE,4,TRUE,0.957705439754079,-70.5546414885127,59,1e-10,49.0181139497979,0.601052580381827,0.626182805061195,0.515148775897199,0.536687331597889,-0.154307196664798,0.798058716124901,0.963888888888889,0.954545454545455,2.07383175290485,2.25702793683709,0.322683379314657,0.350305185740723,0.309035627687876,0.335489181957953
"29_pwo_gp_model_specific","db6cb901415724b9f55892557a81f2cbcc3e7f91cf2f712ea45b7b9a2b1eb5a5","b1d5697d50014504fea8964eae8d6ad099291a4087058c07ada854c160fad766",48,6,60,"SA_hamming_foldover","Hamming","0891de4a96da5c459a64790dcfaf33536964bb804d21be135a0eb317ec4e8c97",0.225999999999999,"mallows_gp","gp_c4","estimated_c",4,0.266666666666667,TRUE,NA,60,330,98389716,0.0453011257770283,0.857077721170323,FALSE,FALSE,0,4.73801727222705,0.31586781814847,FALSE,4,TRUE,0.958580046395366,-71.2485511969421,59,1e-10,41.3565099449701,0.61472313133604,0.648937498743747,0.526865500556178,0.55618987260526,-0.116967264626306,0.850094698606133,0.975,0.963636363636364,2.34712633527307,2.55613584145466,0.415117304591447,0.451148052029068,0.397923165094788,0.432461520645203
"29_pwo_gp_model_specific","db6cb901415724b9f55892557a81f2cbcc3e7f91cf2f712ea45b7b9a2b1eb5a5","b1d5697d50014504fea8964eae8d6ad099291a4087058c07ada854c160fad766",48,6,60,"SA_l2_position_foldover","L2","0891de4a96da5c459a64790dcfaf33536964bb804d21be135a0eb317ec4e8c97",0.230999999999995,"mallows_gp","gp_c4","estimated_c",4,0.266666666666667,TRUE,NA,60,330,98389716,0.0453011257770283,0.857077721170323,FALSE,FALSE,0,5.3976612344896,0.359844082299307,FALSE,6,TRUE,0.702454208088165,-66.0063160337623,59,1e-10,23.7961906916781,0.668868537479033,0.681446226748992,0.573272321865056,0.584052379122141,-0.092239342599285,0.852510958577622,0.943055555555556,0.936363636363636,2.11198868975072,2.31713853804996,0.45708591037778,0.504417922767973,0.321081921202681,0.354330492483454
"29_pwo_gp_model_specific","db6cb901415724b9f55892557a81f2cbcc3e7f91cf2f712ea45b7b9a2b1eb5a5","b1d5697d50014504fea8964eae8d6ad099291a4087058c07ada854c160fad766",48,6,60,"random_foldover","RandomFoldover","0891de4a96da5c459a64790dcfaf33536964bb804d21be135a0eb317ec4e8c97",0.216000000000008,"mallows_gp","gp_c4","estimated_c",4,0.266666666666667,TRUE,NA,60,330,98389716,0.0453011257770283,0.857077721170323,FALSE,FALSE,0,4.02320890091665,0.268213926727776,FALSE,4,TRUE,0.850869134193499,-61.6334650628024,59,1e-10,97.7567773003321,0.63306626228395,0.64664007203119,0.542586989428142,0.554220799353906,-0.13217805738413,0.79613585118993,0.958333333333333,0.951515151515152,2.04716440887501,2.24511804895258,0.357150233131907,0.393105470441062,0.303888109641952,0.334481311280914
"29_pwo_gp_model_specific","db6cb901415724b9f55892557a81f2cbcc3e7f91cf2f712ea45b7b9a2b1eb5a5","b1d5697d50014504fea8964eae8d6ad099291a4087058c07ada854c160fad766",49,6,48,"FSA_lambda050","FSA_lambda050","14435dbeb5f60337c0a2afbf85363b5e868f03fba9ed1896ac02398d9a8166a4",0.171999999999997,"mallows_gp","gp_c1","estimated_c",1,0.0666666666666667,TRUE,NA,48,378,91645444,0.754585110839842,0.616348161509312,FALSE,FALSE,0,0.622293410260507,0.0414862273507005,FALSE,0.75,TRUE,1.74853967376854,-17.7832833385217,47,1e-10,9281.21385842784,0.376263958278201,0.386849993041062,0.231909598926985,0.238434281990749,-0.614819845288088,0.0764605596023918,0.868055555555556,0.857142857142857,0.640712762853222,0.680419899074586,0.0166404626960356,0.0175126080266226,0.0290965092138837,0.0306214899257069
"29_pwo_gp_model_specific","db6cb901415724b9f55892557a81f2cbcc3e7f91cf2f712ea45b7b9a2b1eb5a5","b1d5697d50014504fea8964eae8d6ad099291a4087058c07ada854c160fad766",49,6,48,"SA_hamming_foldover","Hamming","14435dbeb5f60337c0a2afbf85363b5e868f03fba9ed1896ac02398d9a8166a4",0.164999999999992,"mallows_gp","gp_c1","estimated_c",1,0.0666666666666667,TRUE,NA,48,378,91645444,0.754585110839842,0.616348161509312,FALSE,FALSE,0,1.22366010979272,0.0815773406528481,FALSE,1.5,TRUE,0.88886330638946,-22.0596346683928,47,1e-10,1605.92561157215,0.344792970564432,0.352501931788944,0.212512513508722,0.217263917586596,-0.800794796250087,-0.10301394512868,0.972222222222222,0.965608465608466,0.919197811304996,0.978316936511235,0.0682366772337686,0.0720254142363527,0.060653078543038,0.0640207478421949
"29_pwo_gp_model_specific","db6cb901415724b9f55892557a81f2cbcc3e7f91cf2f712ea45b7b9a2b1eb5a5","b1d5697d50014504fea8964eae8d6ad099291a4087058c07ada854c160fad766",49,6,48,"SA_l2_position_foldover","L2","14435dbeb5f60337c0a2afbf85363b5e868f03fba9ed1896ac02398d9a8166a4",0.174999999999983,"mallows_gp","gp_c1","estimated_c",1,0.0666666666666667,TRUE,NA,48,378,91645444,0.754585110839842,0.616348161509312,FALSE,FALSE,0,0.936914615553997,0.0624609743702664,FALSE,1,TRUE,1.02751085996348,-18.9436006605594,47,1e-10,3554.99108508554,0.343362689557587,0.351323127357871,0.211630962439711,0.216537363642725,-0.79988505446215,-0.112864644994142,0.931944444444444,0.939153439153439,0.741189438922262,0.791764237042074,0.038260638318694,0.0407725055551964,0.0393132213815929,0.0418941922458856
"29_pwo_gp_model_specific","db6cb901415724b9f55892557a81f2cbcc3e7f91cf2f712ea45b7b9a2b1eb5a5","b1d5697d50014504fea8964eae8d6ad099291a4087058c07ada854c160fad766",49,6,48,"random_foldover","RandomFoldover","14435dbeb5f60337c0a2afbf85363b5e868f03fba9ed1896ac02398d9a8166a4",0.171999999999997,"mallows_gp","gp_c1","estimated_c",1,0.0666666666666667,TRUE,NA,48,378,91645444,0.754585110839842,0.616348161509312,FALSE,FALSE,0,0.6290279910843,0.04193519940562,FALSE,0.75,TRUE,1.91685221871405,-15.3306811198955,47,1e-10,16498.2322905951,0.417578312545355,0.451015144720666,0.257373625223491,0.277982355261439,-0.576768167774862,0.173583905461827,0.884722222222222,0.865079365079365,0.731516614285396,0.787391388907906,0.0201097900830936,0.0217206006479403,0.0385474957386516,0.0416351815438062
"29_pwo_gp_model_specific","db6cb901415724b9f55892557a81f2cbcc3e7f91cf2f712ea45b7b9a2b1eb5a5","b1d5697d50014504fea8964eae8d6ad099291a4087058c07ada854c160fad766",49,6,48,"FSA_lambda050","FSA_lambda050","14435dbeb5f60337c0a2afbf85363b5e868f03fba9ed1896ac02398d9a8166a4",0.158999999999992,"mallows_gp","gp_c4","estimated_c",4,0.266666666666667,TRUE,NA,48,378,98389717,0.109510650268239,0.984705603791676,FALSE,FALSE,0,3.01326077120445,0.20088405141363,FALSE,3,TRUE,1.4125334832983,-61.0437477446303,47,1e-10,80.6086021123398,0.568369735353641,0.600459530557494,0.559676863428322,0.591275864590083,0.115404044217672,0.891129970260084,0.970833333333333,0.957671957671958,2.24497362289966,2.3893992315848,0.251974036439237,0.26641273229997,0.35592176339225,0.376316904750696
"29_pwo_gp_model_specific","db6cb901415724b9f55892557a81f2cbcc3e7f91cf2f712ea45b7b9a2b1eb5a5","b1d5697d50014504fea8964eae8d6ad099291a4087058c07ada854c160fad766",49,6,48,"SA_hamming_foldover","Hamming","14435dbeb5f60337c0a2afbf85363b5e868f03fba9ed1896ac02398d9a8166a4",0.157999999999987,"mallows_gp","gp_c4","estimated_c",4,0.266666666666667,TRUE,NA,48,378,98389717,0.109510650268239,0.984705603791676,FALSE,FALSE,0,2.89669257792875,0.193112838528584,FALSE,3,TRUE,1.45366060384148,-57.9918691378384,47,1e-10,132.580890939288,0.582302950759254,0.621402419797981,0.573396978717066,0.611898444984779,0.121955158923851,0.897431138578581,0.961111111111111,0.94973544973545,2.3283557822858,2.48204698226332,0.266052092985604,0.281737130669375,0.386749446142742,0.40955016749341
"29_pwo_gp_model_specific","db6cb901415724b9f55892557a81f2cbcc3e7f91cf2f712ea45b7b9a2b1eb5a5","b1d5697d50014504fea8964eae8d6ad099291a4087058c07ada854c160fad766",49,6,48,"SA_l2_position_foldover","L2","14435dbeb5f60337c0a2afbf85363b5e868f03fba9ed1896ac02398d9a8166a4",0.164999999999992,"mallows_gp","gp_c4","estimated_c",4,0.266666666666667,TRUE,NA,48,378,98389717,0.109510650268239,0.984705603791676,FALSE,FALSE,0,3.90205503906519,0.260137002604346,FALSE,4,TRUE,1.08597883301977,-59.2834303767899,47,1e-10,49.6522044300911,0.599350745573359,0.627123189066252,0.590184037802805,0.617531718541245,0.153100526420745,0.928316588076984,0.970833333333333,0.965608465608466,2.35678380738753,2.51662966824791,0.362634109465176,0.38623854604158,0.393812967010157,0.419446885497489
"29_pwo_gp_model_specific","db6cb901415724b9f55892557a81f2cbcc3e7f91cf2f712ea45b7b9a2b1eb5a5","b1d5697d50014504fea8964eae8d6ad099291a4087058c07ada854c160fad766",49,6,48,"random_foldover","RandomFoldover","14435dbeb5f60337c0a2afbf85363b5e868f03fba9ed1896ac02398d9a8166a4",0.167000000000002,"mallows_gp","gp_c4","estimated_c",4,0.266666666666667,TRUE,NA,48,378,98389717,0.109510650268239,0.984705603791676,FALSE,FALSE,0,2.96867910380693,0.197911940253796,FALSE,3,TRUE,1.07597138758559,-50.577255191913,47,1e-10,162.64106842724,0.673386824073742,0.692196266396879,0.663087779184893,0.681609542444682,0.286687826007311,1.04907339482919,0.905555555555556,0.912698412698413,2.05938123477879,2.21594209649725,0.281524455972566,0.303807545641883,0.30291225953208,0.326888226443268
"29_pwo_gp_model_specific","db6cb901415724b9f55892557a81f2cbcc3e7f91cf2f712ea45b7b9a2b1eb5a5","b1d5697d50014504fea8964eae8d6ad099291a4087058c07ada854c160fad766",49,6,60,"FSA_lambda050","FSA_lambda050","9521221b3de1222ccbd5b307b86877224a3759366979337ec992c216b835f7f3",0.218000000000018,"mallows_gp","gp_c1","estimated_c",1,0.0666666666666667,TRUE,NA,60,348,91645444,0.754585110839842,0.616348161509312,FALSE,FALSE,0,0.77761500466904,0.0518410003112693,FALSE,0.75,TRUE,1.33858505905436,-17.0673148602465,59,1e-10,7458.80508781442,0.307110286022245,0.32016960881018,0.18928686017041,0.19733594976131,-1.04498310939351,-0.193748984043809,0.915277777777778,0.913793103448276,0.611100096353726,0.668906512375851,0.0201370038117646,0.02207270933748,0.0269550924365489,0.0295461989320004
"29_pwo_gp_model_specific","db6cb901415724b9f55892557a81f2cbcc3e7f91cf2f712ea45b7b9a2b1eb5a5","b1d5697d50014504fea8964eae8d6ad099291a4087058c07ada854c160fad766",49,6,60,"SA_hamming_foldover","Hamming","9521221b3de1222ccbd5b307b86877224a3759366979337ec992c216b835f7f3",0.225999999999999,"mallows_gp","gp_c1","estimated_c",1,0.0666666666666667,TRUE,NA,60,348,91645444,0.754585110839842,0.616348161509312,FALSE,FALSE,0,1.19976728285057,0.0799844855233716,FALSE,1,TRUE,0.956234557992308,-23.1543535294334,59,1e-10,3462.12958647514,0.315803846211594,0.324152293952133,0.194645120010085,0.199790670426423,-1.05600416428654,-0.204148575479524,0.979166666666667,0.971264367816092,0.819825949370073,0.882660217758826,0.0512326718093772,0.0543795949294176,0.0489904512824048,0.0519996479211324
"29_pwo_gp_model_specific","db6cb901415724b9f55892557a81f2cbcc3e7f91cf2f712ea45b7b9a2b1eb5a5","b1d5697d50014504fea8964eae8d6ad099291a4087058c07ada854c160fad766",49,6,60,"SA_l2_position_foldover","L2","9521221b3de1222ccbd5b307b86877224a3759366979337ec992c216b835f7f3",0.227000000000004,"mallows_gp","gp_c1","estimated_c",1,0.0666666666666667,TRUE,NA,60,348,91645444,0.754585110839842,0.616348161509312,FALSE,FALSE,0,1.20323497265367,0.080215664843578,FALSE,1,TRUE,0.775100999870478,-18.8505834060282,59,1e-10,2443.65809548911,0.316271766941982,0.32856452881077,0.194933522091992,0.202510143269691,-1.07241193010104,-0.196861236176374,0.956944444444444,0.942528735632184,0.737880884335805,0.799837417037963,0.0514887665256257,0.0554512058533665,0.03990899441611,0.042980285100968
"29_pwo_gp_model_specific","db6cb901415724b9f55892557a81f2cbcc3e7f91cf2f712ea45b7b9a2b1eb5a5","b1d5697d50014504fea8964eae8d6ad099291a4087058c07ada854c160fad766",49,6,60,"random_foldover","RandomFoldover","9521221b3de1222ccbd5b307b86877224a3759366979337ec992c216b835f7f3",0.227000000000004,"mallows_gp","gp_c1","estimated_c",1,0.0666666666666667,TRUE,NA,60,348,91645444,0.754585110839842,0.616348161509312,FALSE,FALSE,0,1.14879294286079,0.076586196190719,FALSE,1,TRUE,0.835042176244687,-15.8098023143777,59,1e-10,4613.5153471628,0.322554893292089,0.335831947815136,0.198806115466411,0.20698940361195,-1.04793334259444,-0.165196854502259,0.961111111111111,0.945402298850575,0.745072492551308,0.806089915092989,0.0485518038443262,0.0521504179752859,0.0405428039427713,0.0435477985181528
"29_pwo_gp_model_specific","db6cb901415724b9f55892557a81f2cbcc3e7f91cf2f712ea45b7b9a2b1eb5a5","b1d5697d50014504fea8964eae8d6ad099291a4087058c07ada854c160fad766",49,6,60,"FSA_lambda050","FSA_lambda050","9521221b3de1222ccbd5b307b86877224a3759366979337ec992c216b835f7f3",0.228999999999985,"mallows_gp","gp_c4","estimated_c",4,0.266666666666667,TRUE,NA,60,348,98389717,0.109510650268239,0.984705603791676,FALSE,FALSE,0,4.27918051188024,0.285278700792016,FALSE,4,TRUE,1.13352097940245,-75.9742786541596,59,1e-10,42.9114043040483,0.549701759051842,0.575076562963249,0.541294402552491,0.566281114159167,-0.096208447494008,0.850568648707702,0.977777777777778,0.979885057471264,2.32859580491546,2.54936062081289,0.343505063348385,0.376936428429156,0.389370195836362,0.427265349525479
"29_pwo_gp_model_specific","db6cb901415724b9f55892557a81f2cbcc3e7f91cf2f712ea45b7b9a2b1eb5a5","b1d5697d50014504fea8964eae8d6ad099291a4087058c07ada854c160fad766",49,6,60,"SA_hamming_foldover","Hamming","9521221b3de1222ccbd5b307b86877224a3759366979337ec992c216b835f7f3",0.27600000000001,"mallows_gp","gp_c4","estimated_c",4,0.266666666666667,TRUE,NA,60,348,98389717,0.109510650268239,0.984705603791676,FALSE,FALSE,0,2.75836324348085,0.183890882898723,FALSE,3,TRUE,1.15251659889761,-60.9389121585411,59,1e-10,281.811049305289,0.639561577760504,0.670745485452049,0.629779869590613,0.6604868382426,0.0904940870196796,1.08621707778828,0.890277777777778,0.867816091954023,1.81525674386163,1.95867156689628,0.207295525486986,0.221015691284371,0.238911534000955,0.254724252822068
"29_pwo_gp_model_specific","db6cb901415724b9f55892557a81f2cbcc3e7f91cf2f712ea45b7b9a2b1eb5a5","b1d5697d50014504fea8964eae8d6ad099291a4087058c07ada854c160fad766",49,6,60,"SA_l2_position_foldover","L2","9521221b3de1222ccbd5b307b86877224a3759366979337ec992c216b835f7f3",0.218999999999994,"mallows_gp","gp_c4","estimated_c",4,0.266666666666667,TRUE,NA,60,348,98389717,0.109510650268239,0.984705603791676,FALSE,FALSE,0,4.0294976650335,0.2686331776689,FALSE,4,TRUE,0.785285141606528,-62.1286248232984,59,1e-10,61.6625464139737,0.584788366482596,0.591795300317442,0.575844381507593,0.582744148520163,-0.051068992246442,0.887759597412242,0.934722222222222,0.939655172413793,1.9248394439744,2.09049482081692,0.341994288009921,0.369760228958925,0.268563032888495,0.290367213758471
"29_pwo_gp_model_specific","db6cb901415724b9f55892557a81f2cbcc3e7f91cf2f712ea45b7b9a2b1eb5a5","b1d5697d50014504fea8964eae8d6ad099291a4087058c07ada854c160fad766",49,6,60,"random_foldover","RandomFoldover","9521221b3de1222ccbd5b307b86877224a3759366979337ec992c216b835f7f3",0.218999999999994,"mallows_gp","gp_c4","estimated_c",4,0.266666666666667,TRUE,NA,60,348,98389717,0.109510650268239,0.984705603791676,FALSE,FALSE,0,3.46074728783741,0.230716485855828,FALSE,3,TRUE,1.13821194708098,-66.2115149303114,59,1e-10,167.347473822433,0.617851396495742,0.659832587097205,0.60840173243987,0.649740846078977,-0.0089467281098772,0.973223282066944,0.936111111111111,0.916666666666667,2.13376335991384,2.3108978812277,0.289613517919014,0.311545561365704,0.329641566131573,0.354604880006496
"29_pwo_gp_model_specific","db6cb901415724b9f55892557a81f2cbcc3e7f91cf2f712ea45b7b9a2b1eb5a5","b1d5697d50014504fea8964eae8d6ad099291a4087058c07ada854c160fad766",50,6,48,"FSA_lambda050","FSA_lambda050","7f1716fcf66f4f1186b8ce908c129abcab2bea9fa1a8ea6615d737ae72d25fd7",0.167000000000002,"mallows_gp","gp_c1","estimated_c",1,0.0666666666666667,TRUE,NA,48,370,91645566,0.389244082845283,0.659826871621475,FALSE,FALSE,0,0.470081845376371,0.031338789691758,FALSE,0.5,TRUE,2.61159436750366,-16.8853202737399,47,1e-10,19611.5804352385,0.334665453314865,0.357571899355841,0.22082125910053,0.235935547731713,-0.593437073575794,0.138757034241006,0.838888888888889,0.818918918918919,0.590341694038997,0.637212224781315,0.00946304461428935,0.0102944810034812,0.0247136340141139,0.026885008605065
"29_pwo_gp_model_specific","db6cb901415724b9f55892557a81f2cbcc3e7f91cf2f712ea45b7b9a2b1eb5a5","b1d5697d50014504fea8964eae8d6ad099291a4087058c07ada854c160fad766",50,6,48,"SA_hamming_foldover","Hamming","7f1716fcf66f4f1186b8ce908c129abcab2bea9fa1a8ea6615d737ae72d25fd7",0.165999999999997,"mallows_gp","gp_c1","estimated_c",1,0.0666666666666667,TRUE,NA,48,370,91645566,0.389244082845283,0.659826871621475,FALSE,FALSE,0,0.570585683806595,0.0380390455871063,FALSE,0.5,TRUE,2.11469953524072,-15.899862383687,47,1e-10,15304.229141909,0.363165145195673,0.382228721754971,0.23962612163642,0.252204781719458,-0.560930409962654,0.174917950298844,0.868055555555556,0.848648648648649,0.684595587025476,0.733949998906566,0.0159039530668665,0.0170407524665022,0.0336320821589929,0.0360360713210644
"29_pwo_gp_model_specific","db6cb901415724b9f55892557a81f2cbcc3e7f91cf2f712ea45b7b9a2b1eb5a5","b1d5697d50014504fea8964eae8d6ad099291a4087058c07ada854c160fad766",50,6,48,"SA_l2_position_foldover","L2","7f1716fcf66f4f1186b8ce908c129abcab2bea9fa1a8ea6615d737ae72d25fd7",0.171000000000021,"mallows_gp","gp_c1","estimated_c",1,0.0666666666666667,TRUE,NA,48,370,91645566,0.389244082845283,0.659826871621475,FALSE,FALSE,0,0.953576925331167,0.0635717950220778,FALSE,1,TRUE,1.16418362884991,-22.407529062366,47,1e-10,2429.47360909723,0.332759241573357,0.36016909225576,0.219563489370482,0.237649245397864,-0.779228731323513,-0.0465843524021098,0.945833333333333,0.940540540540541,0.818874377847043,0.878413711764204,0.0411121651086866,0.0441334087953154,0.0478621095661075,0.051379392004847
"29_pwo_gp_model_specific","db6cb901415724b9f55892557a81f2cbcc3e7f91cf2f712ea45b7b9a2b1eb5a5","b1d5697d50014504fea8964eae8d6ad099291a4087058c07ada854c160fad766",50,6,48,"random_foldover","RandomFoldover","7f1716fcf66f4f1186b8ce908c129abcab2bea9fa1a8ea6615d737ae72d25fd7",0.170000000000016,"mallows_gp","gp_c1","estimated_c",1,0.0666666666666667,TRUE,NA,48,370,91645566,0.389244082845283,0.659826871621475,FALSE,FALSE,0,0.701537358995454,0.0467691572663636,FALSE,0.75,TRUE,1.62212828829403,-15.8183489620285,47,1e-10,12060.9003403794,0.280126584897235,0.292853143678904,0.18483504817075,0.193232373638166,-0.934751669403833,-0.259318421683214,0.970833333333333,0.964864864864865,0.748651806882368,0.800952468012816,0.025040203654615,0.0267106552382337,0.0406184226927946,0.0433281094608079
"29_pwo_gp_model_specific","db6cb901415724b9f55892557a81f2cbcc3e7f91cf2f712ea45b7b9a2b1eb5a5","b1d5697d50014504fea8964eae8d6ad099291a4087058c07ada854c160fad766",50,6,48,"FSA_lambda050","FSA_lambda050","7f1716fcf66f4f1186b8ce908c129abcab2bea9fa1a8ea6615d737ae72d25fd7",0.155000000000001,"mallows_gp","gp_c4","estimated_c",4,0.266666666666667,TRUE,NA,48,370,98389839,-0.0010752627265885,0.8003801048036,FALSE,FALSE,0,4.53366667453558,0.302244444969039,FALSE,4,TRUE,0.685463242303001,-51.6898236640814,47,1e-10,23.2672838967093,0.645113024980617,0.647466949820065,0.516335630544154,0.518219665153851,0.0163407729087518,0.764666106732436,0.955555555555556,0.956756756756757,2.00448263741253,2.15631668731888,0.412896529967549,0.446252907048813,0.283025394167214,0.305889964552819
"29_pwo_gp_model_specific","db6cb901415724b9f55892557a81f2cbcc3e7f91cf2f712ea45b7b9a2b1eb5a5","b1d5697d50014504fea8964eae8d6ad099291a4087058c07ada854c160fad766",50,6,48,"SA_hamming_foldover","Hamming","7f1716fcf66f4f1186b8ce908c129abcab2bea9fa1a8ea6615d737ae72d25fd7",0.164999999999992,"mallows_gp","gp_c4","estimated_c",4,0.266666666666667,TRUE,NA,48,370,98389839,-0.0010752627265885,0.8003801048036,FALSE,FALSE,0,2.24508301751775,0.14967220116785,FALSE,2,TRUE,1.00281202393762,-43.5487505038104,47,1e-10,256.098052160719,0.773218918923309,0.812059260640156,0.618869039363964,0.649956076137902,0.384533901352374,1.22015075940305,0.826388888888889,0.802702702702703,1.605579647618,1.7219758419723,0.183559084093173,0.196807678371105,0.184075256631611,0.197361106273793
"29_pwo_gp_model_specific","db6cb901415724b9f55892557a81f2cbcc3e7f91cf2f712ea45b7b9a2b1eb5a5","b1d5697d50014504fea8964eae8d6ad099291a4087058c07ada854c160fad766",50,6,48,"SA_l2_position_foldover","L2","7f1716fcf66f4f1186b8ce908c129abcab2bea9fa1a8ea6615d737ae72d25fd7",0.158999999999992,"mallows_gp","gp_c4","estimated_c",4,0.266666666666667,TRUE,NA,48,370,98389839,-0.0010752627265885,0.8003801048036,FALSE,FALSE,0,3.24437710636733,0.216291807091155,FALSE,3,TRUE,0.713763786680187,-46.1040981389159,47,1e-10,62.3827785448694,0.68424928062151,0.685822412552231,0.547659510935632,0.548918614435212,0.11022498990091,0.850551511933435,0.9,0.910810810810811,1.6990921314013,1.82664421657126,0.28639119569759,0.308885332228557,0.204415664312979,0.220471164381422
"29_pwo_gp_model_specific","db6cb901415724b9f55892557a81f2cbcc3e7f91cf2f712ea45b7b9a2b1eb5a5","b1d5697d50014504fea8964eae8d6ad099291a4087058c07ada854c160fad766",50,6,48,"random_foldover","RandomFoldover","7f1716fcf66f4f1186b8ce908c129abcab2bea9fa1a8ea6615d737ae72d25fd7",0.161000000000001,"mallows_gp","gp_c4","estimated_c",4,0.266666666666667,TRUE,NA,48,370,98389839,-0.0010752627265885,0.8003801048036,FALSE,FALSE,0,2.21285466203261,0.147523644135507,FALSE,2,TRUE,1.21686408781696,-46.0818590496898,47,1e-10,411.230286573919,0.777417064818943,0.793392759971775,0.622229151815892,0.635015780376627,0.286544605682782,1.03760692001968,0.876388888888889,0.87027027027027,1.7843935220495,1.91038685323413,0.188293453419029,0.201147162208244,0.229127541436652,0.244768758057505
"29_pwo_gp_model_specific","db6cb901415724b9f55892557a81f2cbcc3e7f91cf2f712ea45b7b9a2b1eb5a5","b1d5697d50014504fea8964eae8d6ad099291a4087058c07ada854c160fad766",50,6,60,"FSA_lambda050","FSA_lambda050","bfe821ada1be6e4f8fb6a27cf51cfa041e0f7bcd529ad9dbb3ec9fc22df0b17a",0.22999999999999,"mallows_gp","gp_c1","estimated_c",1,0.0666666666666667,TRUE,NA,60,352,91645566,0.389244082845283,0.659826871621475,FALSE,FALSE,0,0.918676641298743,0.0612451094199162,FALSE,1,TRUE,1.21919513326179,-22.9602575178522,59,1e-10,4967.00235536073,0.305881131820943,0.307663768920049,0.201828590297449,0.203004822157789,-1.0284045558794,-0.208062808377188,0.926388888888889,0.940340909090909,0.678779999522418,0.742154619118613,0.0272923369262349,0.0298628684948915,0.0332746843558065,0.0364086639342084
"29_pwo_gp_model_specific","db6cb901415724b9f55892557a81f2cbcc3e7f91cf2f712ea45b7b9a2b1eb5a5","b1d5697d50014504fea8964eae8d6ad099291a4087058c07ada854c160fad766",50,6,60,"SA_hamming_foldover","Hamming","bfe821ada1be6e4f8fb6a27cf51cfa041e0f7bcd529ad9dbb3ec9fc22df0b17a",0.222999999999985,"mallows_gp","gp_c1","estimated_c",1,0.0666666666666667,TRUE,NA,60,352,91645566,0.389244082845283,0.659826871621475,FALSE,FALSE,0,0.940394307356447,0.0626929538237631,FALSE,1,TRUE,1.28430287289011,-20.6665257669199,59,1e-10,5955.70456409053,0.308057893938744,0.318344477403773,0.203264876435902,0.210052240623305,-1.01577605495627,-0.162982896406916,0.954166666666667,0.948863636363636,0.765786645491904,0.839168082446764,0.0333454950615325,0.0367278120926576,0.042825715105469,0.0471696345855682
"29_pwo_gp_model_specific","db6cb901415724b9f55892557a81f2cbcc3e7f91cf2f712ea45b7b9a2b1eb5a5","b1d5697d50014504fea8964eae8d6ad099291a4087058c07ada854c160fad766",50,6,60,"SA_l2_position_foldover","L2","bfe821ada1be6e4f8fb6a27cf51cfa041e0f7bcd529ad9dbb3ec9fc22df0b17a",0.224999999999994,"mallows_gp","gp_c1","estimated_c",1,0.0666666666666667,TRUE,NA,60,352,91645566,0.389244082845283,0.659826871621475,FALSE,FALSE,0,1.03721475774476,0.0691476505163173,FALSE,1,TRUE,1.06487684730191,-22.3174081027743,59,1e-10,3576.03995709328,0.280788916585552,0.285724475384978,0.185272072416628,0.188528686738957,-1.08861285474074,-0.258939292884482,0.9625,0.965909090909091,0.729051101236851,0.789263586947686,0.036213730908556,0.0389575778113039,0.038563163598943,0.0414850226382203
"29_pwo_gp_model_specific","db6cb901415724b9f55892557a81f2cbcc3e7f91cf2f712ea45b7b9a2b1eb5a5","b1d5697d50014504fea8964eae8d6ad099291a4087058c07ada854c160fad766",50,6,60,"random_foldover","RandomFoldover","bfe821ada1be6e4f8fb6a27cf51cfa041e0f7bcd529ad9dbb3ec9fc22df0b17a",0.222000000000008,"mallows_gp","gp_c1","estimated_c",1,0.0666666666666667,TRUE,NA,60,352,91645566,0.389244082845283,0.659826871621475,FALSE,FALSE,0,0.632290756972144,0.0421527171314762,FALSE,0.75,TRUE,2.08868536814096,-12.9390594484223,59,1e-10,26984.7619752116,0.300080311935135,0.305879723620896,0.198001053459357,0.201827661129217,-1.0429994569931,-0.238250666263557,0.941666666666667,0.931818181818182,0.688136622971789,0.744682618483781,0.0166650016997059,0.017934879847845,0.03480794521022,0.03746032111756
"29_pwo_gp_model_specific","db6cb901415724b9f55892557a81f2cbcc3e7f91cf2f712ea45b7b9a2b1eb5a5","b1d5697d50014504fea8964eae8d6ad099291a4087058c07ada854c160fad766",50,6,60,"FSA_lambda050","FSA_lambda050","bfe821ada1be6e4f8fb6a27cf51cfa041e0f7bcd529ad9dbb3ec9fc22df0b17a",0.228000000000009,"mallows_gp","gp_c4","estimated_c",4,0.266666666666667,TRUE,NA,60,352,98389839,-0.0010752627265885,0.8003801048036,FALSE,FALSE,0,4.20095464675677,0.280063643117118,FALSE,4,TRUE,0.782470443607285,-64.9457364596845,59,1e-10,49.5193478073726,0.600506425712629,0.644059296723688,0.480633395947109,0.515492247411438,-0.221370418146694,0.763807603252027,0.955555555555556,0.943181818181818,1.90380056612612,2.08103236922347,0.332622687233169,0.364035512475394,0.260267421633185,0.284847028935427
"29_pwo_gp_model_specific","db6cb901415724b9f55892557a81f2cbcc3e7f91cf2f712ea45b7b9a2b1eb5a5","b1d5697d50014504fea8964eae8d6ad099291a4087058c07ada854c160fad766",50,6,60,"SA_hamming_foldover","Hamming","bfe821ada1be6e4f8fb6a27cf51cfa041e0f7bcd529ad9dbb3ec9fc22df0b17a",0.210000000000008,"mallows_gp","gp_c4","estimated_c",4,0.266666666666667,TRUE,NA,60,352,98389839,-0.0010752627265885,0.8003801048036,FALSE,FALSE,0,7.10761471740969,0.473840981160646,FALSE,8,TRUE,0.623574746420556,-64.9498451435653,59,1e-10,14.7805422996401,0.660113855447837,0.722393917945217,0.528341996805648,0.578189719754475,-0.136033082429464,0.871421822696003,0.983333333333333,0.974431818181818,2.2919984342488,2.50768535128531,0.604484875142191,0.663397666115491,0.376941502731853,0.413678031423956
"29_pwo_gp_model_specific","db6cb901415724b9f55892557a81f2cbcc3e7f91cf2f712ea45b7b9a2b1eb5a5","b1d5697d50014504fea8964eae8d6ad099291a4087058c07ada854c160fad766",50,6,60,"SA_l2_position_foldover","L2","bfe821ada1be6e4f8fb6a27cf51cfa041e0f7bcd529ad9dbb3ec9fc22df0b17a",0.209000000000003,"mallows_gp","gp_c4","estimated_c",4,0.266666666666667,TRUE,NA,60,352,98389839,-0.0010752627265885,0.8003801048036,FALSE,FALSE,0,4.79488042279101,0.319658694852734,FALSE,4,TRUE,0.619274867879585,-59.675569717063,59,1e-10,35.1860992706182,0.698785756885962,0.746862867133876,0.559294217331649,0.597774179870528,-0.0991391481042117,0.901988121726009,0.930555555555556,0.900568181818182,1.862012633766,2.01794282654841,0.402814009139545,0.434072791794382,0.249452592289937,0.268810370788588
"29_pwo_gp_model_specific","db6cb901415724b9f55892557a81f2cbcc3e7f91cf2f712ea45b7b9a2b1eb5a5","b1d5697d50014504fea8964eae8d6ad099291a4087058c07ada854c160fad766",50,6,60,"random_foldover","RandomFoldover","bfe821ada1be6e4f8fb6a27cf51cfa041e0f7bcd529ad9dbb3ec9fc22df0b17a",0.206000000000017,"mallows_gp","gp_c4","estimated_c",4,0.266666666666667,TRUE,NA,60,352,98389839,-0.0010752627265885,0.8003801048036,FALSE,FALSE,0,5.38665271597826,0.359110181065217,FALSE,6,TRUE,0.541721485418099,-54.4986374290586,59,1e-10,44.2493727350787,0.707520323539717,0.753131947000709,0.566285190705396,0.602791826671367,-0.0755904036254315,0.915670531363606,0.920833333333333,0.90625,1.92471424493671,2.09100014638925,0.493470300172357,0.534377215570645,0.267323464019084,0.289483618992517
