"experiment","protocol_hash","source_bundle_hash","rep","m","n","method_id","internal_method","beta_seed","noise_seed","signal_sd","sigma_noise","target_snr","empirical_standard_noise_sd","common_test_sha256","elapsed_fit_predict_sec","model_family","scenario_id","fit_mode","snr","fit_success","fit_error","train_n","common_test_n","pwo_rank","pwo_df","sigma2_hat","sigma2_true","condition_XtX","beta_rmse_all","beta_rmse_effects","nrmse_full","nrmse_common","rmse_full","rmse_common","nll_full","nll_common","coverage_full","coverage_common","interval_length_full","interval_length_common","ipv_factor_full","ipv_factor_common","ipv_hat_full","ipv_hat_common","ipv_true_full","ipv_true_common"
"29_pwo_gp_model_specific","db6cb901415724b9f55892557a81f2cbcc3e7f91cf2f712ea45b7b9a2b1eb5a5","b1d5697d50014504fea8964eae8d6ad099291a4087058c07ada854c160fad766",1,6,48,"FSA_lambda050","FSA_lambda050",1460355582,396495140,0.755824414750692,0.377912207375346,2,1.02881462970596,"bcde65407a9700d87d0689586093fbc9f9fcbed6d6e5a1b9c2c01c6a4fc6ff9a",0.00700000000000145,"pwo","pwo_snr2","ols",2,TRUE,NA,48,386,16,32,0.15337718806979,0.142817636483306,33.9622691126608,0.0690610968206564,0.0712289493835798,0.258022195764208,0.26796871372356,0.195019475106171,0.202537296221605,-0.16043299625767,-0.131623188282078,0.995833333333333,0.992227979274611,1.01922503086817,1.02392182822466,0.413877766071076,0.417118631212737,0.063479407964588,0.0639764827469295,0.0591090443432618,0.059571897042955
"29_pwo_gp_model_specific","db6cb901415724b9f55892557a81f2cbcc3e7f91cf2f712ea45b7b9a2b1eb5a5","b1d5697d50014504fea8964eae8d6ad099291a4087058c07ada854c160fad766",1,6,48,"FSA_lambda050","FSA_lambda050",1460355582,396495140,0.755824414750692,0.151164882950138,5,1.02881462970596,"bcde65407a9700d87d0689586093fbc9f9fcbed6d6e5a1b9c2c01c6a4fc6ff9a",0.0069999999999979,"pwo","pwo_snr5","ols",5,TRUE,NA,48,386,16,32,0.0245403500911665,0.022850821837329,33.9622691126608,0.0276244387282626,0.028491579753432,0.103208878305684,0.107187485489424,0.0780077900424686,0.0810149184886424,-1.07672372813182,-1.04791392015623,0.995833333333333,0.992227979274611,0.407690012347268,0.409568731289863,0.413877766071076,0.417118631212737,0.0101567052743341,0.0102362372395087,0.00945744709492189,0.00953150352687281
"29_pwo_gp_model_specific","db6cb901415724b9f55892557a81f2cbcc3e7f91cf2f712ea45b7b9a2b1eb5a5","b1d5697d50014504fea8964eae8d6ad099291a4087058c07ada854c160fad766",1,6,48,"SA_hamming_foldover","Hamming",1460355582,396495140,0.755824414750692,0.377912207375346,2,1.02881462970596,"bcde65407a9700d87d0689586093fbc9f9fcbed6d6e5a1b9c2c01c6a4fc6ff9a",0.00400000000000134,"pwo","pwo_snr2","ols",2,TRUE,NA,48,386,16,32,0.0886074420773308,0.142817636483306,89.3345899512183,0.105791935167862,0.107700106052002,0.416783308031515,0.418072395125507,0.315014999870777,0.315989323369157,0.384413182705103,0.387161723811493,0.866666666666667,0.873056994818653,0.993935510469427,1.01757320835797,0.704052786155047,0.735432411522745,0.0623843164686167,0.0651647848057933,0.100551154878151,0.105032718806897
"29_pwo_gp_model_specific","db6cb901415724b9f55892557a81f2cbcc3e7f91cf2f712ea45b7b9a2b1eb5a5","b1d5697d50014504fea8964eae8d6ad099291a4087058c07ada854c160fad766",1,6,48,"SA_hamming_foldover","Hamming",1460355582,396495140,0.755824414750692,0.151164882950138,5,1.02881462970596,"bcde65407a9700d87d0689586093fbc9f9fcbed6d6e5a1b9c2c01c6a4fc6ff9a",0.00600000000000023,"pwo","pwo_snr5","ols",5,TRUE,NA,48,386,16,32,0.0141771907323729,0.022850821837329,89.3345899512183,0.0423167740671449,0.0430800424208006,0.166713323212606,0.167228958050203,0.126005999948311,0.126395729347663,-0.531877549169052,-0.529129008062662,0.866666666666667,0.873056994818653,0.397574204187771,0.407029283343186,0.704052786155047,0.735432411522745,0.00998149063497868,0.0104263655689269,0.0160881847805041,0.0168052350091035
"29_pwo_gp_model_specific","db6cb901415724b9f55892557a81f2cbcc3e7f91cf2f712ea45b7b9a2b1eb5a5","b1d5697d50014504fea8964eae8d6ad099291a4087058c07ada854c160fad766",1,6,48,"SA_l2_position_foldover","L2",1460355582,396495140,0.755824414750692,0.377912207375346,2,1.02881462970596,"bcde65407a9700d87d0689586093fbc9f9fcbed6d6e5a1b9c2c01c6a4fc6ff9a",0.00700000000000145,"pwo","pwo_snr2","ols",2,TRUE,NA,48,386,16,32,0.146832599662239,0.142817636483306,77.6789029487906,0.116250920942747,0.11468033192705,0.406760497193587,0.418005854614043,0.307439514735043,0.315939030426022,0.222230735399063,0.239204273037464,0.952777777777778,0.94300518134715,1.18487425827456,1.19711982688716,0.601394186539377,0.611767383626152,0.088304271831334,0.089827395326394,0.0858896963163545,0.0873711718070632
"29_pwo_gp_model_specific","db6cb901415724b9f55892557a81f2cbcc3e7f91cf2f712ea45b7b9a2b1eb5a5","b1d5697d50014504fea8964eae8d6ad099291a4087058c07ada854c160fad766",1,6,48,"SA_l2_position_foldover","L2",1460355582,396495140,0.755824414750692,0.151164882950138,5,1.02881462970596,"bcde65407a9700d87d0689586093fbc9f9fcbed6d6e5a1b9c2c01c6a4fc6ff9a",0.014999999999997,"pwo","pwo_snr5","ols",5,TRUE,NA,48,386,16,32,0.0234932159459582,0.022850821837329,77.6789029487906,0.0465003683770989,0.04587213277082,0.162704198877435,0.167202341845617,0.122975805894017,0.126375612170409,-0.694059996475092,-0.677086458836691,0.952777777777778,0.94300518134715,0.473949703309826,0.478847930754864,0.601394186539377,0.611767383626152,0.0141286834930135,0.014372383252223,0.0137423514106167,0.0139793874891301
"29_pwo_gp_model_specific","db6cb901415724b9f55892557a81f2cbcc3e7f91cf2f712ea45b7b9a2b1eb5a5","b1d5697d50014504fea8964eae8d6ad099291a4087058c07ada854c160fad766",1,6,48,"random_foldover","RandomFoldover",1460355582,396495140,0.755824414750692,0.377912207375346,2,1.02881462970596,"bcde65407a9700d87d0689586093fbc9f9fcbed6d6e5a1b9c2c01c6a4fc6ff9a",0.00700000000000145,"pwo","pwo_snr2","ols",2,TRUE,NA,48,386,16,32,0.113705977590588,0.142817636483306,139.762500757632,0.141680497687841,0.145597489855117,0.462557030182975,0.475788933560042,0.349611896626865,0.359612892252874,0.254164444786514,0.285493228261558,0.955555555555556,0.955958549222798,1.21410546385236,1.24328966271454,0.827522130988303,0.863695260013739,0.0940942128818715,0.0982073138802191,0.118184754885379,0.123350915676997
"29_pwo_gp_model_specific","db6cb901415724b9f55892557a81f2cbcc3e7f91cf2f712ea45b7b9a2b1eb5a5","b1d5697d50014504fea8964eae8d6ad099291a4087058c07ada854c160fad766",1,6,48,"random_foldover","RandomFoldover",1460355582,396495140,0.755824414750692,0.151164882950138,5,1.02881462970596,"bcde65407a9700d87d0689586093fbc9f9fcbed6d6e5a1b9c2c01c6a4fc6ff9a",0.0069999999999979,"pwo","pwo_snr5","ols",5,TRUE,NA,48,386,16,32,0.018192956414494,0.022850821837329,139.762500757632,0.0566721990751364,0.0582389959420467,0.18502281207319,0.190315573424017,0.139844758650746,0.14384515690115,-0.662126287087641,-0.630797503612598,0.955555555555556,0.955958549222798,0.485642185540943,0.497315865085815,0.827522130988303,0.863695260013739,0.0150550740610994,0.015713170220835,0.0189095607816606,0.0197361465083195
"29_pwo_gp_model_specific","db6cb901415724b9f55892557a81f2cbcc3e7f91cf2f712ea45b7b9a2b1eb5a5","b1d5697d50014504fea8964eae8d6ad099291a4087058c07ada854c160fad766",1,6,60,"FSA_lambda050","FSA_lambda050",1460355582,396495140,0.755824414750692,0.377912207375346,2,1.02881462970596,"1fce7a6770cf54e4e59f1b507457c3b6729a5414fbd3d9b435d40a05e16ca210",0.00600000000000023,"pwo","pwo_snr2","ols",2,TRUE,NA,60,326,16,44,0.143796198640351,0.142817636483306,12.8539498659567,0.110654465430012,0.114132649199502,0.366198883268041,0.361390020315842,0.276782056628424,0.273147400601962,0.273737766104052,0.255277692201346,0.863888888888889,0.868098159509202,0.819779225476233,0.82122351548529,0.288632242239699,0.289539393910123,0.0415042192391096,0.0416346642009068,0.041221774649551,0.0413513319070528
"29_pwo_gp_model_specific","db6cb901415724b9f55892557a81f2cbcc3e7f91cf2f712ea45b7b9a2b1eb5a5","b1d5697d50014504fea8964eae8d6ad099291a4087058c07ada854c160fad766",1,6,60,"FSA_lambda050","FSA_lambda050",1460355582,396495140,0.755824414750692,0.151164882950138,5,1.02881462970596,"1fce7a6770cf54e4e59f1b507457c3b6729a5414fbd3d9b435d40a05e16ca210",0.00500000000000256,"pwo","pwo_snr5","ols",5,TRUE,NA,60,326,16,44,0.0230073917824561,0.022850821837329,12.8539498659567,0.0442617861720049,0.0456530596798006,0.146479553307216,0.144556008126337,0.11071282265137,0.109258960240785,-0.642552965770101,-0.661013039672807,0.863888888888889,0.868098159509202,0.327911690190493,0.328489406194116,0.288632242239699,0.289539393910123,0.00664067507825753,0.00666154627214508,0.00659548394392816,0.00661621310512845
"29_pwo_gp_model_specific","db6cb901415724b9f55892557a81f2cbcc3e7f91cf2f712ea45b7b9a2b1eb5a5","b1d5697d50014504fea8964eae8d6ad099291a4087058c07ada854c160fad766",1,6,60,"SA_hamming_foldover","Hamming",1460355582,396495140,0.755824414750692,0.377912207375346,2,1.02881462970596,"1fce7a6770cf54e4e59f1b507457c3b6729a5414fbd3d9b435d40a05e16ca210",0.007000000000005,"pwo","pwo_snr2","ols",2,TRUE,NA,60,326,16,44,0.157258011544109,0.142817636483306,62.0589702213775,0.104801191223466,0.108147242171512,0.372387144042193,0.369439634589083,0.281459295206372,0.279231495599003,0.133269518021442,0.122872657726069,0.9625,0.969325153374233,1.08094742296983,1.106271170273,0.471092240122452,0.490912881144591,0.0740830289355166,0.0771999835301877,0.0672802802999149,0.0701110174042808
"29_pwo_gp_model_specific","db6cb901415724b9f55892557a81f2cbcc3e7f91cf2f712ea45b7b9a2b1eb5a5","b1d5697d50014504fea8964eae8d6ad099291a4087058c07ada854c160fad766",1,6,60,"SA_hamming_foldover","Hamming",1460355582,396495140,0.755824414750692,0.151164882950138,5,1.02881462970596,"1fce7a6770cf54e4e59f1b507457c3b6729a5414fbd3d9b435d40a05e16ca210",0.0069999999999979,"pwo","pwo_snr5","ols",5,TRUE,NA,60,326,16,44,0.0251612818470574,0.022850821837329,62.0589702213775,0.0419204764893865,0.0432588968686048,0.148954857616877,0.147775853835633,0.112583718082549,0.111692598239601,-0.783021213852714,-0.793418074148087,0.9625,0.969325153374233,0.432378969187933,0.442508468109201,0.471092240122452,0.490912881144591,0.0118532846296827,0.01235199736483,0.0107648448479864,0.0112177627846849
"29_pwo_gp_model_specific","db6cb901415724b9f55892557a81f2cbcc3e7f91cf2f712ea45b7b9a2b1eb5a5","b1d5697d50014504fea8964eae8d6ad099291a4087058c07ada854c160fad766",1,6,60,"SA_l2_position_foldover","L2",1460355582,396495140,0.755824414750692,0.377912207375346,2,1.02881462970596,"1fce7a6770cf54e4e59f1b507457c3b6729a5414fbd3d9b435d40a05e16ca210",0.00799999999999557,"pwo","pwo_snr2","ols",2,TRUE,NA,60,326,16,44,0.136841428230207,0.142817636483306,42.4024762332102,0.0948124244960893,0.0966640276814106,0.328077262616518,0.321068184860683,0.247968805010139,0.242671172917392,-0.0021519216288507,-0.00637299767857647,0.954166666666667,0.97239263803681,0.9624569714782,0.991394366578656,0.426437194217395,0.450667762495711,0.0583542747071906,0.0616700202772249,0.0609027521867011,0.0643633046788576
"29_pwo_gp_model_specific","db6cb901415724b9f55892557a81f2cbcc3e7f91cf2f712ea45b7b9a2b1eb5a5","b1d5697d50014504fea8964eae8d6ad099291a4087058c07ada854c160fad766",1,6,60,"SA_l2_position_foldover","L2",1460355582,396495140,0.755824414750692,0.151164882950138,5,1.02881462970596,"1fce7a6770cf54e4e59f1b507457c3b6729a5414fbd3d9b435d40a05e16ca210",0.0139999999999958,"pwo","pwo_snr5","ols",5,TRUE,NA,60,326,16,44,0.0218946285168331,0.022850821837329,42.4024762332102,0.0379249697984357,0.0386656110725643,0.131230905046607,0.128427273944273,0.0991875220040556,0.097068469166957,-0.918442653503005,-0.922663729552731,0.954166666666667,0.97239263803681,0.38498278859128,0.396557746631462,0.426437194217395,0.450667762495711,0.00933668395315049,0.00986720324435598,0.00974444034987218,0.0102981287486172
"29_pwo_gp_model_specific","db6cb901415724b9f55892557a81f2cbcc3e7f91cf2f712ea45b7b9a2b1eb5a5","b1d5697d50014504fea8964eae8d6ad099291a4087058c07ada854c160fad766",1,6,60,"random_foldover","RandomFoldover",1460355582,396495140,0.755824414750692,0.377912207375346,2,1.02881462970596,"1fce7a6770cf54e4e59f1b507457c3b6729a5414fbd3d9b435d40a05e16ca210",0.007000000000005,"pwo","pwo_snr2","ols",2,TRUE,NA,60,326,16,44,0.191504118294884,0.142817636483306,44.5968221552816,0.0977233855434657,0.10068495381485,0.337698308082679,0.347400597896908,0.255240626068889,0.262573853589471,0.0488088063896426,0.085623269199491,0.997222222222222,1,1.19580978225519,1.22296433959886,0.47084491700352,0.491012428664742,0.0901687406843871,0.0940309022232711,0.0672449581966214,0.0701252345458266
"29_pwo_gp_model_specific","db6cb901415724b9f55892557a81f2cbcc3e7f91cf2f712ea45b7b9a2b1eb5a5","b1d5697d50014504fea8964eae8d6ad099291a4087058c07ada854c160fad766",1,6,60,"random_foldover","RandomFoldover",1460355582,396495140,0.755824414750692,0.151164882950138,5,1.02881462970596,"1fce7a6770cf54e4e59f1b507457c3b6729a5414fbd3d9b435d40a05e16ca210",0.00499999999999545,"pwo","pwo_snr5","ols",5,TRUE,NA,60,326,16,44,0.0306406589271815,0.022850821837329,44.5968221552816,0.0390893542173863,0.0402739815259402,0.135079323233071,0.138960239158763,0.102096250427556,0.105029541435788,-0.867481925484513,-0.830667462674665,0.997222222222222,1,0.478323912902074,0.489185735839546,0.47084491700352,0.491012428664742,0.0144269985095019,0.0150449443557234,0.0107591933114594,0.0112200375273322
"29_pwo_gp_model_specific","db6cb901415724b9f55892557a81f2cbcc3e7f91cf2f712ea45b7b9a2b1eb5a5","b1d5697d50014504fea8964eae8d6ad099291a4087058c07ada854c160fad766",2,6,48,"FSA_lambda050","FSA_lambda050",1460355583,396495141,0.752902817797686,0.376451408898843,2,1.01841803505885,"805fa4e804e2552faa133733bb47b82cd9126e9523ed956c560848b4cef689fa",0.00600000000000023,"pwo","pwo_snr2","ols",2,TRUE,NA,48,376,16,32,0.126405750501933,0.141715663261924,21.9440229598428,0.0856034094752506,0.088254809801595,0.298418411900774,0.288712708860419,0.224680063202803,0.217372612035013,-0.0601370476039431,-0.0974246934680152,0.952777777777778,0.954787234042553,0.915273192867072,0.912842391979361,0.403778122025798,0.401155615224168,0.0510398765509319,0.0507083766104754,0.0572216843735401,0.0568500340827381
"29_pwo_gp_model_specific","db6cb901415724b9f55892557a81f2cbcc3e7f91cf2f712ea45b7b9a2b1eb5a5","b1d5697d50014504fea8964eae8d6ad099291a4087058c07ada854c160fad766",2,6,48,"FSA_lambda050","FSA_lambda050",1460355583,396495141,0.752902817797686,0.150580563559537,5,1.01841803505885,"805fa4e804e2552faa133733bb47b82cd9126e9523ed956c560848b4cef689fa",0.0069999999999979,"pwo","pwo_snr5","ols",5,TRUE,NA,48,376,16,32,0.0202249200803092,0.0226745061219078,21.9440229598428,0.0342413637901002,0.035301923920638,0.11936736476031,0.115485083544168,0.0898720252811213,0.0869490448140051,-0.976427779478098,-1.01371542534217,0.952777777777778,0.954787234042553,0.366109277146829,0.365136956791744,0.403778122025798,0.401155615224168,0.00816638024814911,0.00811334025767607,0.00915546949976642,0.0090960054532381
"29_pwo_gp_model_specific","db6cb901415724b9f55892557a81f2cbcc3e7f91cf2f712ea45b7b9a2b1eb5a5","b1d5697d50014504fea8964eae8d6ad099291a4087058c07ada854c160fad766",2,6,48,"SA_hamming_foldover","Hamming",1460355583,396495141,0.752902817797686,0.376451408898843,2,1.01841803505885,"805fa4e804e2552faa133733bb47b82cd9126e9523ed956c560848b4cef689fa",0.0069999999999979,"pwo","pwo_snr2","ols",2,TRUE,NA,48,376,16,32,0.178860603633949,0.141715663261924,94.7154531405405,0.0752340663075475,0.0767150145722522,0.306024030022461,0.306979912682705,0.230406354517714,0.231126041266096,0.104373091526514,0.129583295798982,1,1,1.54682994645642,1.57983965889801,0.85356487178335,0.881643365718077,0.152669128207904,0.157691264582201,0.120963511941857,0.124942674333212
"29_pwo_gp_model_specific","db6cb901415724b9f55892557a81f2cbcc3e7f91cf2f712ea45b7b9a2b1eb5a5","b1d5697d50014504fea8964eae8d6ad099291a4087058c07ada854c160fad766",2,6,48,"SA_hamming_foldover","Hamming",1460355583,396495141,0.752902817797686,0.150580563559537,5,1.01841803505885,"805fa4e804e2552faa133733bb47b82cd9126e9523ed956c560848b4cef689fa",0.00700000000000145,"pwo","pwo_snr5","ols",5,TRUE,NA,48,376,16,32,0.0286176965814318,0.0226745061219078,94.7154531405405,0.030093626523019,0.0306860058289009,0.122409612008984,0.122791965073082,0.0921625418070858,0.0924504165064384,-0.811917640347641,-0.786707436075173,1,1,0.618731978582566,0.631935863559204,0.85356487178335,0.881643365718077,0.0244270605132646,0.0252306023331522,0.019354161910697,0.019990827893314
"29_pwo_gp_model_specific","db6cb901415724b9f55892557a81f2cbcc3e7f91cf2f712ea45b7b9a2b1eb5a5","b1d5697d50014504fea8964eae8d6ad099291a4087058c07ada854c160fad766",2,6,48,"SA_l2_position_foldover","L2",1460355583,396495141,0.752902817797686,0.376451408898843,2,1.01841803505885,"805fa4e804e2552faa133733bb47b82cd9126e9523ed956c560848b4cef689fa",0.00700000000000145,"pwo","pwo_snr2","ols",2,TRUE,NA,48,376,16,32,0.128801212067283,0.141715663261924,145.273698621002,0.10420896759805,0.106034505096759,0.42970443446224,0.444868049280851,0.323525679526782,0.334942407851713,0.274161906300596,0.315460039211542,0.959722222222222,0.954787234042553,1.28309844269867,1.30521887321476,0.821876686052336,0.843864575647808,0.105858713333383,0.108690780164081,0.116472799683419,0.119588828041171
"29_pwo_gp_model_specific","db6cb901415724b9f55892557a81f2cbcc3e7f91cf2f712ea45b7b9a2b1eb5a5","b1d5697d50014504fea8964eae8d6ad099291a4087058c07ada854c160fad766",2,6,48,"SA_l2_position_foldover","L2",1460355583,396495141,0.752902817797686,0.150580563559537,5,1.01841803505885,"805fa4e804e2552faa133733bb47b82cd9126e9523ed956c560848b4cef689fa",0.0069999999999979,"pwo","pwo_snr5","ols",5,TRUE,NA,48,376,16,32,0.0206081939307653,0.0226745061219078,145.273698621002,0.0416835870392199,0.0424138020387037,0.171881773784896,0.177947219712341,0.129410271810713,0.133976963140685,-0.642128825573557,-0.600830692662611,0.959722222222222,0.954787234042553,0.513239377079466,0.522087549285904,0.821876686052336,0.843864575647808,0.0169373941333412,0.017390524826253,0.018635647949347,0.0191342124865874
"29_pwo_gp_model_specific","db6cb901415724b9f55892557a81f2cbcc3e7f91cf2f712ea45b7b9a2b1eb5a5","b1d5697d50014504fea8964eae8d6ad099291a4087058c07ada854c160fad766",2,6,48,"random_foldover","RandomFoldover",1460355583,396495141,0.752902817797686,0.376451408898843,2,1.01841803505885,"805fa4e804e2552faa133733bb47b82cd9126e9523ed956c560848b4cef689fa",0.00700000000000145,"pwo","pwo_snr2","ols",2,TRUE,NA,48,376,16,32,0.212541442280619,0.141715663261924,76.9171581806496,0.120114994081675,0.122079451131104,0.542434363594313,0.586994835688021,0.408400360820453,0.441950065822201,0.418450087297764,0.490164574601801,0.972222222222222,0.968085106382979,1.50835741312678,1.54011680321653,0.673670659511851,0.701683322878592,0.143182933594785,0.149136785468873,0.0954696843328197,0.0994395175015705
"29_pwo_gp_model_specific","db6cb901415724b9f55892557a81f2cbcc3e7f91cf2f712ea45b7b9a2b1eb5a5","b1d5697d50014504fea8964eae8d6ad099291a4087058c07ada854c160fad766",2,6,48,"random_foldover","RandomFoldover",1460355583,396495141,0.752902817797686,0.150580563559537,5,1.01841803505885,"805fa4e804e2552faa133733bb47b82cd9126e9523ed956c560848b4cef689fa",0.0069999999999979,"pwo","pwo_snr5","ols",5,TRUE,NA,48,376,16,32,0.034006630764899,0.0226745061219078,76.9171581806496,0.0480459976326698,0.0488317804524417,0.216973745437725,0.234797934275208,0.163360144328181,0.17678002632888,-0.497840644576392,-0.426126157272354,0.972222222222222,0.968085106382979,0.603342965250713,0.61604672128661,0.673670659511851,0.701683322878592,0.0229092693751655,0.0238618856750197,0.0152751494932512,0.0159103228002513
"29_pwo_gp_model_specific","db6cb901415724b9f55892557a81f2cbcc3e7f91cf2f712ea45b7b9a2b1eb5a5","b1d5697d50014504fea8964eae8d6ad099291a4087058c07ada854c160fad766",2,6,60,"FSA_lambda050","FSA_lambda050",1460355583,396495141,0.752902817797686,0.376451408898843,2,1.01841803505885,"0511d002b684efaf04f5e1df0f046480f6eeccb65f22de211b7de323ec1e2f66",0.00800000000000267,"pwo","pwo_snr2","ols",2,TRUE,NA,60,324,16,44,0.139312744660812,0.141715663261924,22.3290619076172,0.0659803223361836,0.0678050008177614,0.23976140681811,0.236678001374649,0.180517038792493,0.178195534145698,-0.268608421816026,-0.277284208458649,0.983333333333333,0.975308641975309,0.841634181488734,0.843405218786903,0.315972826245733,0.317475910571598,0.0440190416625268,0.0442284404654198,0.0447782986441586,0.0449913092363373
"29_pwo_gp_model_specific","db6cb901415724b9f55892557a81f2cbcc3e7f91cf2f712ea45b7b9a2b1eb5a5","b1d5697d50014504fea8964eae8d6ad099291a4087058c07ada854c160fad766",2,6,60,"FSA_lambda050","FSA_lambda050",1460355583,396495141,0.752902817797686,0.150580563559537,5,1.01841803505885,"0511d002b684efaf04f5e1df0f046480f6eeccb65f22de211b7de323ec1e2f66",0.00800000000000267,"pwo","pwo_snr5","ols",5,TRUE,NA,60,324,16,44,0.0222900391457299,0.0226745061219078,22.3290619076172,0.0263921289344734,0.0271220003271046,0.0959045627272442,0.0946712005498597,0.0722068155169971,0.0712782136582792,-1.18489915369018,-1.1935749403328,0.983333333333333,0.975308641975309,0.336653672595494,0.337362087514761,0.315972826245733,0.317475910571598,0.00704304666600429,0.00707655047446717,0.00716452778306538,0.00719860947781397
"29_pwo_gp_model_specific","db6cb901415724b9f55892557a81f2cbcc3e7f91cf2f712ea45b7b9a2b1eb5a5","b1d5697d50014504fea8964eae8d6ad099291a4087058c07ada854c160fad766",2,6,60,"SA_hamming_foldover","Hamming",1460355583,396495141,0.752902817797686,0.376451408898843,2,1.01841803505885,"0511d002b684efaf04f5e1df0f046480f6eeccb65f22de211b7de323ec1e2f66",0.00800000000000267,"pwo","pwo_snr2","ols",2,TRUE,NA,60,324,16,44,0.134521774615963,0.141715663261924,85.7696266034165,0.054109264528547,0.0549930559747032,0.191923132703291,0.19421447092221,0.144499467412867,0.146224622414419,-0.292961684121328,-0.277716905840778,1,1,1.02264186003083,1.03494475280165,0.501693512154635,0.51172835655526,0.0674887015683565,0.0688386066451236,0.0710978288291982,0.072519923459163
"29_pwo_gp_model_specific","db6cb901415724b9f55892557a81f2cbcc3e7f91cf2f712ea45b7b9a2b1eb5a5","b1d5697d50014504fea8964eae8d6ad099291a4087058c07ada854c160fad766",2,6,60,"SA_hamming_foldover","Hamming",1460355583,396495141,0.752902817797686,0.150580563559537,5,1.01841803505885,"0511d002b684efaf04f5e1df0f046480f6eeccb65f22de211b7de323ec1e2f66",0.00800000000000267,"pwo","pwo_snr5","ols",5,TRUE,NA,60,324,16,44,0.021523483938554,0.0226745061219078,85.7696266034165,0.0216437058114187,0.0219972223898812,0.0767692530813163,0.0776857883688836,0.0577997869651467,0.0584898489657672,-1.20925241599548,-1.19400763771493,1,1,0.409056744012331,0.413977901120662,0.501693512154635,0.51172835655526,0.010798192250937,0.0110141770632198,0.0113756526126717,0.0116031877534661
"29_pwo_gp_model_specific","db6cb901415724b9f55892557a81f2cbcc3e7f91cf2f712ea45b7b9a2b1eb5a5","b1d5697d50014504fea8964eae8d6ad099291a4087058c07ada854c160fad766",2,6,60,"SA_l2_position_foldover","L2",1460355583,396495141,0.752902817797686,0.376451408898843,2,1.01841803505885,"0511d002b684efaf04f5e1df0f046480f6eeccb65f22de211b7de323ec1e2f66",0.0069999999999979,"pwo","pwo_snr2","ols",2,TRUE,NA,60,324,16,44,0.114539995336418,0.141715663261924,58.8185602412526,0.106749038396084,0.109757225639033,0.402438434797644,0.412999107536478,0.302997031549237,0.310948191812144,0.274804461062224,0.311280376206286,0.873611111111111,0.851851851851852,0.914785175634366,0.933463790300713,0.466981996422963,0.482639625183574,0.0534881156924775,0.0552815404176974,0.0661786633544576,0.0683975945993766
"29_pwo_gp_model_specific","db6cb901415724b9f55892557a81f2cbcc3e7f91cf2f712ea45b7b9a2b1eb5a5","b1d5697d50014504fea8964eae8d6ad099291a4087058c07ada854c160fad766",2,6,60,"SA_l2_position_foldover","L2",1460355583,396495141,0.752902817797686,0.150580563559537,5,1.01841803505885,"0511d002b684efaf04f5e1df0f046480f6eeccb65f22de211b7de323ec1e2f66",0.0069999999999979,"pwo","pwo_snr5","ols",5,TRUE,NA,60,324,16,44,0.018326399253827,0.0226745061219078,58.8185602412526,0.0426996153584336,0.0439028902556132,0.160975373919057,0.165199643014591,0.121198812619694,0.124379276724857,-0.641486270811933,-0.605010355667871,0.873611111111111,0.851851851851852,0.365914070253746,0.373385516120285,0.466981996422963,0.482639625183574,0.00855809851079641,0.00884504646683158,0.0105885861367132,0.0109436151359003
"29_pwo_gp_model_specific","db6cb901415724b9f55892557a81f2cbcc3e7f91cf2f712ea45b7b9a2b1eb5a5","b1d5697d50014504fea8964eae8d6ad099291a4087058c07ada854c160fad766",2,6,60,"random_foldover","RandomFoldover",1460355583,396495141,0.752902817797686,0.376451408898843,2,1.01841803505885,"0511d002b684efaf04f5e1df0f046480f6eeccb65f22de211b7de323ec1e2f66",0.0069999999999979,"pwo","pwo_snr2","ols",2,TRUE,NA,60,324,16,44,0.181326493146863,0.141715663261924,78.8688698188334,0.117031635636355,0.120724954693633,0.530624158567786,0.562529246528445,0.399508424177212,0.423529854804875,0.533484408617706,0.628185398116711,0.879166666666667,0.876543209876543,1.27230517024054,1.30830328208401,0.575255799087618,0.600378840618323,0.104309116710954,0.1088645897289,0.0815227571129699,0.0850830856066505
"29_pwo_gp_model_specific","db6cb901415724b9f55892557a81f2cbcc3e7f91cf2f712ea45b7b9a2b1eb5a5","b1d5697d50014504fea8964eae8d6ad099291a4087058c07ada854c160fad766",2,6,60,"random_foldover","RandomFoldover",1460355583,396495141,0.752902817797686,0.150580563559537,5,1.01841803505885,"0511d002b684efaf04f5e1df0f046480f6eeccb65f22de211b7de323ec1e2f66",0.00799999999999557,"pwo","pwo_snr5","ols",5,TRUE,NA,60,324,16,44,0.0290122389034982,0.0226745061219078,78.8688698188334,0.0468126542545421,0.0482899818774534,0.212249663427114,0.225011698611378,0.159803369670885,0.16941194192195,-0.382806323256449,-0.288105333757444,0.879166666666667,0.876543209876543,0.508922068096217,0.523321312833605,0.575255799087618,0.600378840618323,0.0166894586737527,0.017418334356624,0.0130436411380752,0.0136132936970641
"29_pwo_gp_model_specific","db6cb901415724b9f55892557a81f2cbcc3e7f91cf2f712ea45b7b9a2b1eb5a5","b1d5697d50014504fea8964eae8d6ad099291a4087058c07ada854c160fad766",3,6,48,"FSA_lambda050","FSA_lambda050",1460355584,396495142,1.03085302265963,0.515426511329815,2,0.992301959512709,"d1d25f07bf2df8e76cfce63cbab75eb7778d8ac914eb1fbfb66874f244a50ece",0.00400000000000134,"pwo","pwo_snr2","ols",2,TRUE,NA,48,372,16,32,0.304917373590654,0.265664488581624,22.3582050153995,0.146004724990677,0.150694683900136,0.36255328161361,0.362417603133004,0.373739146226558,0.373599281654716,0.428970870949696,0.438967547121095,0.948611111111111,0.943548387096774,1.42432098252041,1.44347320533649,0.404530219651768,0.415097278354775,0.123348292114267,0.126570371900567,0.107469313919599,0.110276606165745
"29_pwo_gp_model_specific","db6cb901415724b9f55892557a81f2cbcc3e7f91cf2f712ea45b7b9a2b1eb5a5","b1d5697d50014504fea8964eae8d6ad099291a4087058c07ada854c160fad766",3,6,48,"FSA_lambda050","FSA_lambda050",1460355584,396495142,1.03085302265963,0.206170604531926,5,0.992301959512709,"d1d25f07bf2df8e76cfce63cbab75eb7778d8ac914eb1fbfb66874f244a50ece",0.00499999999999901,"pwo","pwo_snr5","ols",5,TRUE,NA,48,372,16,32,0.0487867797745047,0.0425063181730598,22.3582050153995,0.058401889996271,0.0602778735600544,0.145021312645444,0.144967041253202,0.149495658490623,0.149439712661886,-0.487319860924459,-0.47732318475306,0.948611111111111,0.943548387096774,0.569728393008165,0.577389282134595,0.404530219651768,0.415097278354775,0.0197357267382828,0.0202512595040907,0.0171950902271358,0.0176442569865193
"29_pwo_gp_model_specific","db6cb901415724b9f55892557a81f2cbcc3e7f91cf2f712ea45b7b9a2b1eb5a5","b1d5697d50014504fea8964eae8d6ad099291a4087058c07ada854c160fad766",3,6,48,"SA_hamming_foldover","Hamming",1460355584,396495142,1.03085302265963,0.515426511329815,2,0.992301959512709,"d1d25f07bf2df8e76cfce63cbab75eb7778d8ac914eb1fbfb66874f244a50ece",0.00600000000000023,"pwo","pwo_snr2","ols",2,TRUE,NA,48,372,16,32,0.26965454662045,0.265664488581624,145.667638047092,0.175152153409271,0.180639300680685,0.409473096653084,0.433348604386356,0.422106579382631,0.446718718697007,0.538451987635018,0.590258510120483,0.986111111111111,0.986559139784946,1.89603159068204,1.93574505817719,0.848904957014041,0.87465093647139,0.228911081307473,0.235853601725344,0.225523901259541,0.23236369372511
"29_pwo_gp_model_specific","db6cb901415724b9f55892557a81f2cbcc3e7f91cf2f712ea45b7b9a2b1eb5a5","b1d5697d50014504fea8964eae8d6ad099291a4087058c07ada854c160fad766",3,6,48,"SA_hamming_foldover","Hamming",1460355584,396495142,1.03085302265963,0.206170604531926,5,0.992301959512709,"d1d25f07bf2df8e76cfce63cbab75eb7778d8ac914eb1fbfb66874f244a50ece",0.00400000000000134,"pwo","pwo_snr5","ols",5,TRUE,NA,48,372,16,32,0.0431447274592719,0.0425063181730598,145.667638047092,0.0700608613637082,0.072255720272274,0.163789238661233,0.173339441754542,0.168842631753052,0.178687487478802,-0.377838744239139,-0.326032221753674,0.986111111111111,0.986559139784946,0.758412636272816,0.774298023270876,0.848904957014041,0.87465093647139,0.0366257730091958,0.0377365762760551,0.0360838242015265,0.0371781909960176
"29_pwo_gp_model_specific","db6cb901415724b9f55892557a81f2cbcc3e7f91cf2f712ea45b7b9a2b1eb5a5","b1d5697d50014504fea8964eae8d6ad099291a4087058c07ada854c160fad766",3,6,48,"SA_l2_position_foldover","L2",1460355584,396495142,1.03085302265963,0.515426511329815,2,0.992301959512709,"d1d25f07bf2df8e76cfce63cbab75eb7778d8ac914eb1fbfb66874f244a50ece",0.00399999999999778,"pwo","pwo_snr2","ols",2,TRUE,NA,48,372,16,32,0.203388129465568,0.265664488581624,64.1926681455758,0.16230706484448,0.165477224640846,0.482129562328691,0.494618687598031,0.497004716640096,0.50987916917437,0.847484128010857,0.882328286772444,0.856944444444444,0.852150537634409,1.44834944442444,1.48812386646882,0.646345185203444,0.678628270448801,0.131458938207604,0.138024934529035,0.171710963074268,0.180287432405813
"29_pwo_gp_model_specific","db6cb901415724b9f55892557a81f2cbcc3e7f91cf2f712ea45b7b9a2b1eb5a5","b1d5697d50014504fea8964eae8d6ad099291a4087058c07ada854c160fad766",3,6,48,"SA_l2_position_foldover","L2",1460355584,396495142,1.03085302265963,0.206170604531926,5,0.992301959512709,"d1d25f07bf2df8e76cfce63cbab75eb7778d8ac914eb1fbfb66874f244a50ece",0.00399999999999778,"pwo","pwo_snr5","ols",5,TRUE,NA,48,372,16,32,0.0325421007144909,0.0425063181730598,64.1926681455758,0.0649228259377921,0.0661908898563383,0.192851824931476,0.197847475039212,0.198801886656038,0.203951667669748,-0.068806603863298,-0.0339624451017111,0.856944444444444,0.852150537634409,0.579339777769775,0.595249546587526,0.646345185203444,0.678628270448801,0.0210334301132167,0.0220839895246456,0.0274737540918829,0.02884598918493
"29_pwo_gp_model_specific","db6cb901415724b9f55892557a81f2cbcc3e7f91cf2f712ea45b7b9a2b1eb5a5","b1d5697d50014504fea8964eae8d6ad099291a4087058c07ada854c160fad766",3,6,48,"random_foldover","RandomFoldover",1460355584,396495142,1.03085302265963,0.515426511329815,2,0.992301959512709,"d1d25f07bf2df8e76cfce63cbab75eb7778d8ac914eb1fbfb66874f244a50ece",0.00400000000000134,"pwo","pwo_snr2","ols",2,TRUE,NA,48,372,16,32,0.230885357935589,0.265664488581624,62.9647305174723,0.185129243300975,0.19094790420784,0.438715840392315,0.428996571354168,0.452251550157077,0.442232412291062,0.636224835074975,0.610815718665654,0.929166666666667,0.951612903225806,1.62190113790983,1.66793516811614,0.715348191588662,0.752550342203599,0.165163423263524,0.173752855124228,0.190042611476192,0.199925901793445
"29_pwo_gp_model_specific","db6cb901415724b9f55892557a81f2cbcc3e7f91cf2f712ea45b7b9a2b1eb5a5","b1d5697d50014504fea8964eae8d6ad099291a4087058c07ada854c160fad766",3,6,48,"random_foldover","RandomFoldover",1460355584,396495142,1.03085302265963,0.206170604531926,5,0.992301959512709,"d1d25f07bf2df8e76cfce63cbab75eb7778d8ac914eb1fbfb66874f244a50ece",0.00399999999999778,"pwo","pwo_snr5","ols",5,TRUE,NA,48,372,16,32,0.0369416572696942,0.0425063181730598,62.9647305174723,0.07405169732039,0.0763791616831361,0.175486336156926,0.171598628541667,0.180900620062831,0.176892964916425,-0.280065896799181,-0.305475013208502,0.929166666666667,0.951612903225806,0.648760455163931,0.667174067246457,0.715348191588662,0.752550342203599,0.0264261477221639,0.0278004568198764,0.0304068178361907,0.0319881442869512
"29_pwo_gp_model_specific","db6cb901415724b9f55892557a81f2cbcc3e7f91cf2f712ea45b7b9a2b1eb5a5","b1d5697d50014504fea8964eae8d6ad099291a4087058c07ada854c160fad766",3,6,60,"FSA_lambda050","FSA_lambda050",1460355584,396495142,1.03085302265963,0.515426511329815,2,0.992301959512709,"086549459b4fe265c4e8718e6eb1a6d196511785b3016bebf5e09b41ee6ff052",0.00800000000000267,"pwo","pwo_snr2","ols",2,TRUE,NA,60,332,16,44,0.166933101102694,0.265664488581624,16.150321408025,0.097619547639009,0.100567434839245,0.233857510121136,0.24226685005189,0.241072721180028,0.249741514666218,0.00322397267242961,0.049971703167516,0.940277777777778,0.933734939759036,0.901437391227587,0.904816718067912,0.300909518928939,0.303093233365495,0.0502317591461277,0.0505962933689446,0.0799409734555992,0.0805211088345949
"29_pwo_gp_model_specific","db6cb901415724b9f55892557a81f2cbcc3e7f91cf2f712ea45b7b9a2b1eb5a5","b1d5697d50014504fea8964eae8d6ad099291a4087058c07ada854c160fad766",3,6,60,"FSA_lambda050","FSA_lambda050",1460355584,396495142,1.03085302265963,0.206170604531926,5,0.992301959512709,"086549459b4fe265c4e8718e6eb1a6d196511785b3016bebf5e09b41ee6ff052",0.00800000000000267,"pwo","pwo_snr5","ols",5,TRUE,NA,60,332,16,44,0.0267092961764311,0.0425063181730598,16.150321408025,0.0390478190556037,0.0402269739356979,0.0935430040484544,0.096906740020756,0.0964290884720112,0.0998966058664873,-0.913066759201724,-0.866319028706638,0.940277777777778,0.933734939759036,0.360574956491035,0.361926687227165,0.300909518928939,0.303093233365495,0.00803708146338044,0.00809540693903114,0.0127905557528959,0.0128833774135352
"29_pwo_gp_model_specific","db6cb901415724b9f55892557a81f2cbcc3e7f91cf2f712ea45b7b9a2b1eb5a5","b1d5697d50014504fea8964eae8d6ad099291a4087058c07ada854c160fad766",3,6,60,"SA_hamming_foldover","Hamming",1460355584,396495142,1.03085302265963,0.515426511329815,2,0.992301959512709,"086549459b4fe265c4e8718e6eb1a6d196511785b3016bebf5e09b41ee6ff052",0.00500000000000256,"pwo","pwo_snr2","ols",2,TRUE,NA,60,332,16,44,0.17691883979153,0.265664488581624,52.8723712541086,0.0738764760135976,0.0756478553187152,0.192234808162408,0.198002186349834,0.198165833054612,0.204111152291942,-0.122097795022625,-0.0978455556500097,0.993055555555556,0.987951807228916,1.0900443677553,1.1033077747299,0.424604205155207,0.43374286090982,0.0751204833466641,0.0767372837200244,0.112802259012165,0.115230075319538
"29_pwo_gp_model_specific","db6cb901415724b9f55892557a81f2cbcc3e7f91cf2f712ea45b7b9a2b1eb5a5","b1d5697d50014504fea8964eae8d6ad099291a4087058c07ada854c160fad766",3,6,60,"SA_hamming_foldover","Hamming",1460355584,396495142,1.03085302265963,0.206170604531926,5,0.992301959512709,"086549459b4fe265c4e8718e6eb1a6d196511785b3016bebf5e09b41ee6ff052",0.00499999999999545,"pwo","pwo_snr5","ols",5,TRUE,NA,60,332,16,44,0.0283070143666448,0.0425063181730598,52.8723712541086,0.029550590405439,0.0302591421274861,0.076893923264963,0.0792008745399337,0.0792663332218448,0.0816444609167768,-1.03838852689678,-1.01413628752416,0.993055555555556,0.987951807228916,0.436017747102121,0.441323109891959,0.424604205155207,0.43374286090982,0.0120192773354663,0.0122779653952039,0.0180483614419464,0.0184368120511261
"29_pwo_gp_model_specific","db6cb901415724b9f55892557a81f2cbcc3e7f91cf2f712ea45b7b9a2b1eb5a5","b1d5697d50014504fea8964eae8d6ad099291a4087058c07ada854c160fad766",3,6,60,"SA_l2_position_foldover","L2",1460355584,396495142,1.03085302265963,0.515426511329815,2,0.992301959512709,"086549459b4fe265c4e8718e6eb1a6d196511785b3016bebf5e09b41ee6ff052",0.00399999999999778,"pwo","pwo_snr2","ols",2,TRUE,NA,60,332,16,44,0.266131828612262,0.265664488581624,54.8346137563559,0.0945442607335487,0.096774704596655,0.286151697921589,0.281837050605569,0.294980342741656,0.290532575514226,0.163657759659435,0.165402913387082,0.991666666666667,0.990963855421687,1.32383272311614,1.32973393669374,0.416418466688393,0.417854371836139,0.110822208007696,0.11120434807038,0.110627598988716,0.111009067995444
"29_pwo_gp_model_specific","db6cb901415724b9f55892557a81f2cbcc3e7f91cf2f712ea45b7b9a2b1eb5a5","b1d5697d50014504fea8964eae8d6ad099291a4087058c07ada854c160fad766",3,6,60,"SA_l2_position_foldover","L2",1460355584,396495142,1.03085302265963,0.206170604531926,5,0.992301959512709,"086549459b4fe265c4e8718e6eb1a6d196511785b3016bebf5e09b41ee6ff052",0.00799999999999557,"pwo","pwo_snr5","ols",5,TRUE,NA,60,332,16,44,0.0425810925779619,0.0425063181730598,54.8346137563559,0.0378177042934195,0.038709881838662,0.114460679168636,0.112734820242228,0.117992137096662,0.116213030205691,-0.75263297221472,-0.750887818487073,0.991666666666667,0.990963855421687,0.529533089246455,0.531893574677497,0.416418466688393,0.417854371836139,0.0177315532812314,0.0177926956912607,0.0177004158381946,0.017761450879271
"29_pwo_gp_model_specific","db6cb901415724b9f55892557a81f2cbcc3e7f91cf2f712ea45b7b9a2b1eb5a5","b1d5697d50014504fea8964eae8d6ad099291a4087058c07ada854c160fad766",3,6,60,"random_foldover","RandomFoldover",1460355584,396495142,1.03085302265963,0.515426511329815,2,0.992301959512709,"086549459b4fe265c4e8718e6eb1a6d196511785b3016bebf5e09b41ee6ff052",0.00799999999999557,"pwo","pwo_snr2","ols",2,TRUE,NA,60,332,16,44,0.353246835706292,0.265664488581624,48.5425695529756,0.121548771453019,0.125391756758034,0.294930588422707,0.305527957812262,0.304030088550331,0.314954418817794,0.29022656257845,0.322888593308273,0.984722222222222,0.978915662650602,1.63089698983611,1.67102327770367,0.475842885306268,0.49627847496283,0.168089993527791,0.175308800909764,0.126414556770094,0.131843567245069
"29_pwo_gp_model_specific","db6cb901415724b9f55892557a81f2cbcc3e7f91cf2f712ea45b7b9a2b1eb5a5","b1d5697d50014504fea8964eae8d6ad099291a4087058c07ada854c160fad766",3,6,60,"random_foldover","RandomFoldover",1460355584,396495142,1.03085302265963,0.206170604531926,5,0.992301959512709,"086549459b4fe265c4e8718e6eb1a6d196511785b3016bebf5e09b41ee6ff052",0.00800000000000267,"pwo","pwo_snr5","ols",5,TRUE,NA,60,332,16,44,0.0565194937130067,0.0425063181730598,48.5425695529756,0.0486195085812077,0.0501567027032137,0.117972235369083,0.122211183124905,0.121612035420133,0.125981767527118,-0.626064169295703,-0.59340213856588,0.984722222222222,0.978915662650602,0.652358795934446,0.668409311081469,0.475842885306268,0.49627847496283,0.0268943989644466,0.0280494081455622,0.0202263290832151,0.021094970759211
"29_pwo_gp_model_specific","db6cb901415724b9f55892557a81f2cbcc3e7f91cf2f712ea45b7b9a2b1eb5a5","b1d5697d50014504fea8964eae8d6ad099291a4087058c07ada854c160fad766",4,6,48,"FSA_lambda050","FSA_lambda050",1460355585,396495143,0.964726073547909,0.482363036773954,2,1.07435910285152,"c895dd012ae9880de138bfb71345de7adaa64b13abe8fb40b0e671496ab175e7",0.00600000000000023,"pwo","pwo_snr2","ols",2,TRUE,NA,48,380,16,32,0.224928897821116,0.232674099245791,42.5035988136699,0.0845830218755802,0.0826969638882528,0.282739413965385,0.27097747736608,0.272766084672063,0.261419037759296,0.170700641806538,0.134885194061727,0.977777777777778,0.989473684210526,1.33074219272246,1.3493067209008,0.487878393616098,0.500767372666639,0.109737949346806,0.112637053198683,0.113516665776109,0.116515597366892
"29_pwo_gp_model_specific","db6cb901415724b9f55892557a81f2cbcc3e7f91cf2f712ea45b7b9a2b1eb5a5","b1d5697d50014504fea8964eae8d6ad099291a4087058c07ada854c160fad766",4,6,48,"FSA_lambda050","FSA_lambda050",1460355585,396495143,0.964726073547909,0.192945214709582,5,1.07435910285152,"c895dd012ae9880de138bfb71345de7adaa64b13abe8fb40b0e671496ab175e7",0.00499999999999901,"pwo","pwo_snr5","ols",5,TRUE,NA,48,380,16,32,0.0359886236513786,0.0372278558793266,42.5035988136699,0.0338332087502321,0.0330787855553011,0.113095765586154,0.108390990946432,0.109106433868825,0.104567615103718,-0.745590090067617,-0.781405537812428,0.977777777777778,0.989473684210526,0.532296877088982,0.539722688360319,0.487878393616098,0.500767372666639,0.0175580718954889,0.0180219285117893,0.0181626665241775,0.0186424955787027
"29_pwo_gp_model_specific","db6cb901415724b9f55892557a81f2cbcc3e7f91cf2f712ea45b7b9a2b1eb5a5","b1d5697d50014504fea8964eae8d6ad099291a4087058c07ada854c160fad766",4,6,48,"SA_hamming_foldover","Hamming",1460355585,396495143,0.964726073547909,0.482363036773954,2,1.07435910285152,"c895dd012ae9880de138bfb71345de7adaa64b13abe8fb40b0e671496ab175e7",0.00700000000000145,"pwo","pwo_snr2","ols",2,TRUE,NA,48,380,16,32,0.242006644452797,0.232674099245791,205.926097665703,0.123774443079578,0.127776783156575,0.348964494683568,0.351593325568139,0.336655146763709,0.339191248461002,0.395135459976007,0.417665491393927,0.988888888888889,0.992105263157895,1.83865487675797,1.87595674141312,0.915590164213975,0.948308500102306,0.22157890333541,0.229496958015824,0.213034116736793,0.220646826068432
"29_pwo_gp_model_specific","db6cb901415724b9f55892557a81f2cbcc3e7f91cf2f712ea45b7b9a2b1eb5a5","b1d5697d50014504fea8964eae8d6ad099291a4087058c07ada854c160fad766",4,6,48,"SA_hamming_foldover","Hamming",1460355585,396495143,0.964726073547909,0.192945214709582,5,1.07435910285152,"c895dd012ae9880de138bfb71345de7adaa64b13abe8fb40b0e671496ab175e7",0.0069999999999979,"pwo","pwo_snr5","ols",5,TRUE,NA,48,380,16,32,0.0387210631124476,0.0372278558793266,205.926097665703,0.0495097772318311,0.0511107132626301,0.139585797873427,0.140637330227255,0.134662058705483,0.135676499384401,-0.521155271898149,-0.498625240480228,0.988888888888889,0.992105263157895,0.735461950703188,0.75038269656525,0.915590164213975,0.948308500102306,0.0354526245336655,0.0367195132825319,0.0340854586778868,0.035303492170949
"29_pwo_gp_model_specific","db6cb901415724b9f55892557a81f2cbcc3e7f91cf2f712ea45b7b9a2b1eb5a5","b1d5697d50014504fea8964eae8d6ad099291a4087058c07ada854c160fad766",4,6,48,"SA_l2_position_foldover","L2",1460355585,396495143,0.964726073547909,0.482363036773954,2,1.07435910285152,"c895dd012ae9880de138bfb71345de7adaa64b13abe8fb40b0e671496ab175e7",0.00700000000000145,"pwo","pwo_snr2","ols",2,TRUE,NA,48,380,16,32,0.216794465413249,0.232674099245791,61.564612971213,0.0910147184112566,0.0938555447007522,0.291223940340505,0.298780785539389,0.280951328487846,0.288241614084974,0.196704508079746,0.215374699196055,0.9875,0.989473684210526,1.43552325702077,1.466751532695,0.594732992793928,0.622353000752834,0.128934821236381,0.134922686096542,0.138378963390081,0.144805423863081
"29_pwo_gp_model_specific","db6cb901415724b9f55892557a81f2cbcc3e7f91cf2f712ea45b7b9a2b1eb5a5","b1d5697d50014504fea8964eae8d6ad099291a4087058c07ada854c160fad766",4,6,48,"SA_l2_position_foldover","L2",1460355585,396495143,0.964726073547909,0.192945214709582,5,1.07435910285152,"c895dd012ae9880de138bfb71345de7adaa64b13abe8fb40b0e671496ab175e7",0.00700000000000145,"pwo","pwo_snr5","ols",5,TRUE,NA,48,380,16,32,0.0346871144661198,0.0372278558793266,61.564612971213,0.0364058873645027,0.0375422178803009,0.116489576136202,0.119512314215756,0.112380531395139,0.11529664563399,-0.719586223794408,-0.700916032678099,0.9875,0.989473684210526,0.574209302808309,0.586700613077999,0.594732992793928,0.622353000752834,0.020629571397821,0.0215876297754467,0.0221406341424129,0.023168867818093
"29_pwo_gp_model_specific","db6cb901415724b9f55892557a81f2cbcc3e7f91cf2f712ea45b7b9a2b1eb5a5","b1d5697d50014504fea8964eae8d6ad099291a4087058c07ada854c160fad766",4,6,48,"random_foldover","RandomFoldover",1460355585,396495143,0.964726073547909,0.482363036773954,2,1.07435910285152,"c895dd012ae9880de138bfb71345de7adaa64b13abe8fb40b0e671496ab175e7",0.00700000000000145,"pwo","pwo_snr2","ols",2,TRUE,NA,48,380,16,32,0.278897700753048,0.232674099245791,92.631661683628,0.215526690596044,0.222592591664856,0.582202229469406,0.57490667547713,0.561665670846859,0.554627459689533,0.767058122071386,0.755395912910527,0.947222222222222,0.95,1.91553313197938,1.94246875822557,0.825633919779526,0.839064844522328,0.230267401890236,0.234013255919991,0.192103628591473,0.195228656908043
"29_pwo_gp_model_specific","db6cb901415724b9f55892557a81f2cbcc3e7f91cf2f712ea45b7b9a2b1eb5a5","b1d5697d50014504fea8964eae8d6ad099291a4087058c07ada854c160fad766",4,6,48,"random_foldover","RandomFoldover",1460355585,396495143,0.964726073547909,0.192945214709582,5,1.07435910285152,"c895dd012ae9880de138bfb71345de7adaa64b13abe8fb40b0e671496ab175e7",0.00499999999999901,"pwo","pwo_snr5","ols",5,TRUE,NA,48,380,16,32,0.0446236321204877,0.0372278558793266,92.631661683628,0.0862106762384176,0.0890370366659425,0.232880891787762,0.229962670190852,0.224666268338743,0.221850983875813,-0.14923260980277,-0.160894818963628,0.947222222222222,0.95,0.766213252791754,0.776987503290228,0.825633919779526,0.839064844522328,0.0368427843024378,0.0374421209471985,0.0307365805746357,0.0312365851052868
"29_pwo_gp_model_specific","db6cb901415724b9f55892557a81f2cbcc3e7f91cf2f712ea45b7b9a2b1eb5a5","b1d5697d50014504fea8964eae8d6ad099291a4087058c07ada854c160fad766",4,6,60,"FSA_lambda050","FSA_lambda050",1460355585,396495143,0.964726073547909,0.482363036773954,2,1.07435910285152,"482970ff02006b7a74c814319c28852da8a96165d9b203f32fc8632ec41b2e38",0.00900000000000034,"pwo","pwo_snr2","ols",2,TRUE,NA,60,338,16,44,0.208407589774807,0.232674099245791,15.4373475919794,0.105298704183158,0.108622914081066,0.328981591923866,0.347621446378365,0.317377119446252,0.335359473045645,0.346109661153343,0.435791716256249,0.8875,0.857988165680473,0.998200834414949,0.998908141161586,0.295691631338639,0.296198193498513,0.0616243802038667,0.0617299516026771,0.0687997839762365,0.0689176478704971
"29_pwo_gp_model_specific","db6cb901415724b9f55892557a81f2cbcc3e7f91cf2f712ea45b7b9a2b1eb5a5","b1d5697d50014504fea8964eae8d6ad099291a4087058c07ada854c160fad766",4,6,60,"FSA_lambda050","FSA_lambda050",1460355585,396495143,0.964726073547909,0.192945214709582,5,1.07435910285152,"482970ff02006b7a74c814319c28852da8a96165d9b203f32fc8632ec41b2e38",0.00800000000000267,"pwo","pwo_snr5","ols",5,TRUE,NA,60,338,16,44,0.0333452143639692,0.0372278558793266,15.4373475919794,0.0421194816732631,0.0434491656324264,0.131592636769546,0.139048578551346,0.126950847778501,0.134143789218258,-0.570181070720813,-0.480499015617907,0.8875,0.857988165680473,0.39928033376598,0.399563256464635,0.295691631338639,0.296198193498513,0.00985990083261867,0.00987679225642834,0.0110079654361978,0.0110268236592795
"29_pwo_gp_model_specific","db6cb901415724b9f55892557a81f2cbcc3e7f91cf2f712ea45b7b9a2b1eb5a5","b1d5697d50014504fea8964eae8d6ad099291a4087058c07ada854c160fad766",4,6,60,"SA_hamming_foldover","Hamming",1460355585,396495143,0.964726073547909,0.482363036773954,2,1.07435910285152,"482970ff02006b7a74c814319c28852da8a96165d9b203f32fc8632ec41b2e38",0.0069999999999979,"pwo","pwo_snr2","ols",2,TRUE,NA,60,338,16,44,0.231478797115116,0.232674099245791,35.0285471894748,0.0621026665435342,0.0627796540825332,0.16453553670476,0.158971685807657,0.158731722284281,0.153364130254513,-0.145801425087693,-0.148456205881076,1,1,1.21851134201931,1.22967483230684,0.402240786225729,0.408467941137152,0.0931102133461705,0.0945516676745162,0.0935910126149904,0.0950399102748698
"29_pwo_gp_model_specific","db6cb901415724b9f55892557a81f2cbcc3e7f91cf2f712ea45b7b9a2b1eb5a5","b1d5697d50014504fea8964eae8d6ad099291a4087058c07ada854c160fad766",4,6,60,"SA_hamming_foldover","Hamming",1460355585,396495143,0.964726073547909,0.192945214709582,5,1.07435910285152,"482970ff02006b7a74c814319c28852da8a96165d9b203f32fc8632ec41b2e38",0.00799999999999557,"pwo","pwo_snr5","ols",5,TRUE,NA,60,338,16,44,0.0370366075384186,0.0372278558793266,35.0285471894748,0.0248410666174137,0.0251118616330133,0.0658142146819039,0.0635886743230631,0.0634926889137123,0.0613456521018053,-1.06209215696185,-1.06474693775523,1,1,0.487404536807722,0.491869932922736,0.402240786225729,0.408467941137152,0.0148976341353873,0.0151282668279226,0.0149745620183985,0.0152063856439792
"29_pwo_gp_model_specific","db6cb901415724b9f55892557a81f2cbcc3e7f91cf2f712ea45b7b9a2b1eb5a5","b1d5697d50014504fea8964eae8d6ad099291a4087058c07ada854c160fad766",4,6,60,"SA_l2_position_foldover","L2",1460355585,396495143,0.964726073547909,0.482363036773954,2,1.07435910285152,"482970ff02006b7a74c814319c28852da8a96165d9b203f32fc8632ec41b2e38",0.00800000000000267,"pwo","pwo_snr2","ols",2,TRUE,NA,60,338,16,44,0.204304023840716,0.232674099245791,54.0443183187086,0.101137158698534,0.103635930516996,0.287349874421114,0.285071114819475,0.277213916084766,0.275015537281717,0.125901195203311,0.110874640811325,0.973611111111111,0.982248520710059,1.17659273461088,1.20236160545997,0.430255386480214,0.4470882433834,0.0879029067370501,0.091341927135106,0.100109284494934,0.104025854312616
"29_pwo_gp_model_specific","db6cb901415724b9f55892557a81f2cbcc3e7f91cf2f712ea45b7b9a2b1eb5a5","b1d5697d50014504fea8964eae8d6ad099291a4087058c07ada854c160fad766",4,6,60,"SA_l2_position_foldover","L2",1460355585,396495143,0.964726073547909,0.192945214709582,5,1.07435910285152,"482970ff02006b7a74c814319c28852da8a96165d9b203f32fc8632ec41b2e38",0.00800000000000267,"pwo","pwo_snr5","ols",5,TRUE,NA,60,338,16,44,0.0326886438145146,0.0372278558793266,54.0443183187086,0.0404548634794137,0.0414543722067986,0.114939949768445,0.11402844592779,0.110885566433906,0.110006214912687,-0.790389536670844,-0.80541609106283,0.973611111111111,0.982248520710059,0.470637093844351,0.48094464218399,0.430255386480214,0.4470882433834,0.014064465077928,0.014614708341617,0.0160174855191894,0.0166441366900185
"29_pwo_gp_model_specific","db6cb901415724b9f55892557a81f2cbcc3e7f91cf2f712ea45b7b9a2b1eb5a5","b1d5697d50014504fea8964eae8d6ad099291a4087058c07ada854c160fad766",4,6,60,"random_foldover","RandomFoldover",1460355585,396495143,0.964726073547909,0.482363036773954,2,1.07435910285152,"482970ff02006b7a74c814319c28852da8a96165d9b203f32fc8632ec41b2e38",0.00800000000000267,"pwo","pwo_snr2","ols",2,TRUE,NA,60,338,16,44,0.25193925494719,0.232674099245791,59.8348018475716,0.143670099098607,0.146451851003969,0.386741920767238,0.386959834871921,0.373100014698154,0.373310242116736,0.39518792132297,0.413197826059885,0.951388888888889,0.958579881656805,1.37568023324899,1.40477159470009,0.475589879297002,0.494100330486793,0.119819759850511,0.124483269132003,0.110657446775845,0.114964349333062
"29_pwo_gp_model_specific","db6cb901415724b9f55892557a81f2cbcc3e7f91cf2f712ea45b7b9a2b1eb5a5","b1d5697d50014504fea8964eae8d6ad099291a4087058c07ada854c160fad766",4,6,60,"random_foldover","RandomFoldover",1460355585,396495143,0.964726073547909,0.192945214709582,5,1.07435910285152,"482970ff02006b7a74c814319c28852da8a96165d9b203f32fc8632ec41b2e38",0.00900000000000034,"pwo","pwo_snr5","ols",5,TRUE,NA,60,338,16,44,0.0403102807915504,0.0372278558793266,59.8348018475716,0.0574680396394429,0.0585807404015874,0.154696768306895,0.154783933948768,0.149240005879262,0.149324096846694,-0.521102810551185,-0.50309290581427,0.951388888888889,0.958579881656805,0.550272093299596,0.561908637880036,0.475589879297002,0.494100330486793,0.0191711615760817,0.0199173230611205,0.0177051914841351,0.01839429589329
"29_pwo_gp_model_specific","db6cb901415724b9f55892557a81f2cbcc3e7f91cf2f712ea45b7b9a2b1eb5a5","b1d5697d50014504fea8964eae8d6ad099291a4087058c07ada854c160fad766",5,6,48,"FSA_lambda050","FSA_lambda050",1460355586,396495144,1.53842574230075,0.769212871150374,2,0.975783212184615,"4c0328d9e790d6f781f715e4630d7dfc2ead3d7e8952846744e27e884ab0781e",0.00700000000000145,"pwo","pwo_snr2","ols",2,TRUE,NA,48,402,16,32,0.633054732791425,0.591688441143402,30.7565107018604,0.234844121151616,0.238186263022393,0.413272057456454,0.43544676905142,0.635788371764602,0.669902518910393,0.948388081144484,1.02344658528444,0.913888888888889,0.900497512437811,2.1115519907564,2.11876730527403,0.430921623454759,0.432925576576681,0.272796973190199,0.274065585198324,0.25497134363693,0.256157059535765
"29_pwo_gp_model_specific","db6cb901415724b9f55892557a81f2cbcc3e7f91cf2f712ea45b7b9a2b1eb5a5","b1d5697d50014504fea8964eae8d6ad099291a4087058c07ada854c160fad766",5,6,48,"FSA_lambda050","FSA_lambda050",1460355586,396495144,1.53842574230075,0.30768514846015,5,0.975783212184615,"4c0328d9e790d6f781f715e4630d7dfc2ead3d7e8952846744e27e884ab0781e",0.0069999999999979,"pwo","pwo_snr5","ols",5,TRUE,NA,48,402,16,32,0.101288757246628,0.0946701505829443,30.7565107018604,0.0939376484606465,0.095274505208957,0.165308822982581,0.174178707620568,0.254315348705841,0.267961007564157,0.032097349270329,0.107155853410288,0.913888888888889,0.900497512437811,0.84462079630256,0.847506922109612,0.430921623454759,0.432925576576681,0.0436475157104319,0.0438504936317319,0.0407954149819088,0.0409851295257223
"29_pwo_gp_model_specific","db6cb901415724b9f55892557a81f2cbcc3e7f91cf2f712ea45b7b9a2b1eb5a5","b1d5697d50014504fea8964eae8d6ad099291a4087058c07ada854c160fad766",5,6,48,"SA_hamming_foldover","Hamming",1460355586,396495144,1.53842574230075,0.769212871150374,2,0.975783212184615,"4c0328d9e790d6f781f715e4630d7dfc2ead3d7e8952846744e27e884ab0781e",0.00600000000000023,"pwo","pwo_snr2","ols",2,TRUE,NA,48,402,16,32,0.369858558132565,0.591688441143402,75.2663302213115,0.205462061472187,0.211974660142939,0.403465831604478,0.407112280720404,0.620702221479108,0.626312012667037,1.08930857170866,1.09928344166566,0.863888888888889,0.865671641791045,2.01953602867759,2.04641024864427,0.692430480011372,0.70610032875963,0.256101338944046,0.261157249491967,0.409703111318106,0.417791402814629
"29_pwo_gp_model_specific","db6cb901415724b9f55892557a81f2cbcc3e7f91cf2f712ea45b7b9a2b1eb5a5","b1d5697d50014504fea8964eae8d6ad099291a4087058c07ada854c160fad766",5,6,48,"SA_hamming_foldover","Hamming",1460355586,396495144,1.53842574230075,0.30768514846015,5,0.975783212184615,"4c0328d9e790d6f781f715e4630d7dfc2ead3d7e8952846744e27e884ab0781e",0.00700000000000145,"pwo","pwo_snr5","ols",5,TRUE,NA,48,402,16,32,0.0591773693012105,0.0946701505829443,75.2663302213115,0.082184824588875,0.0847898640571755,0.161386332641791,0.162844912288161,0.248280888591643,0.250524805066815,0.173017839834508,0.1829927097915,0.863888888888889,0.865671641791045,0.807814411471036,0.818564099457709,0.692430480011372,0.70610032875963,0.0409762142310474,0.0417851599187147,0.065552497810897,0.0668466244503406
"29_pwo_gp_model_specific","db6cb901415724b9f55892557a81f2cbcc3e7f91cf2f712ea45b7b9a2b1eb5a5","b1d5697d50014504fea8964eae8d6ad099291a4087058c07ada854c160fad766",5,6,48,"SA_l2_position_foldover","L2",1460355586,396495144,1.53842574230075,0.769212871150374,2,0.975783212184615,"4c0328d9e790d6f781f715e4630d7dfc2ead3d7e8952846744e27e884ab0781e",0.00800000000000267,"pwo","pwo_snr2","ols",2,TRUE,NA,48,402,16,32,0.569913662741033,0.591688441143402,38.673469491392,0.204613000937051,0.211131791448096,0.33278859403614,0.328548253052155,0.511970539809271,0.505447090083376,0.779896636003409,0.760500425253531,0.959722222222222,0.967661691542289,2.21988161439915,2.2439735937684,0.533399071208538,0.544483611617826,0.303991418375123,0.310308649399581,0.315606064950718,0.322164659386281
"29_pwo_gp_model_specific","db6cb901415724b9f55892557a81f2cbcc3e7f91cf2f712ea45b7b9a2b1eb5a5","b1d5697d50014504fea8964eae8d6ad099291a4087058c07ada854c160fad766",5,6,48,"SA_l2_position_foldover","L2",1460355586,396495144,1.53842574230075,0.30768514846015,5,0.975783212184615,"4c0328d9e790d6f781f715e4630d7dfc2ead3d7e8952846744e27e884ab0781e",0.00700000000000145,"pwo","pwo_snr5","ols",5,TRUE,NA,48,402,16,32,0.0911861860385654,0.0946701505829443,38.673469491392,0.0818452003748205,0.0844527165792384,0.133115437614456,0.131419301220862,0.204788215923708,0.20217883603335,-0.136394095870747,-0.155790306620625,0.959722222222222,0.967661691542289,0.887952645759659,0.897589437507362,0.533399071208538,0.544483611617826,0.0486386269400198,0.0496493839039331,0.050496970392115,0.0515463455018049
"29_pwo_gp_model_specific","db6cb901415724b9f55892557a81f2cbcc3e7f91cf2f712ea45b7b9a2b1eb5a5","b1d5697d50014504fea8964eae8d6ad099291a4087058c07ada854c160fad766",5,6,48,"random_foldover","RandomFoldover",1460355586,396495144,1.53842574230075,0.769212871150374,2,0.975783212184615,"4c0328d9e790d6f781f715e4630d7dfc2ead3d7e8952846744e27e884ab0781e",0.00400000000000134,"pwo","pwo_snr2","ols",2,TRUE,NA,48,402,16,32,0.400281138448629,0.591688441143402,107.939490863944,0.238469723122869,0.245798693516997,0.494373692942262,0.501069030586755,0.760557215538661,0.770857495324344,1.04760998767628,1.06428609120031,0.930555555555556,0.945273631840796,2.36378254416524,2.42105787474229,0.888488597089876,0.922610036379912,0.355645227141761,0.369303395706282,0.525708432985797,0.545897694208887
"29_pwo_gp_model_specific","db6cb901415724b9f55892557a81f2cbcc3e7f91cf2f712ea45b7b9a2b1eb5a5","b1d5697d50014504fea8964eae8d6ad099291a4087058c07ada854c160fad766",5,6,48,"random_foldover","RandomFoldover",1460355586,396495144,1.53842574230075,0.30768514846015,5,0.975783212184615,"4c0328d9e790d6f781f715e4630d7dfc2ead3d7e8952846744e27e884ab0781e",0.0069999999999979,"pwo","pwo_snr5","ols",5,TRUE,NA,48,402,16,32,0.0640449821517806,0.0946701505829443,107.939490863944,0.0953878892491477,0.0983194774067988,0.197749477176905,0.200427612234702,0.304222886215464,0.308342998129738,0.131319255802122,0.147995359326153,0.930555555555556,0.945273631840796,0.945513017666095,0.968423149896918,0.888488597089876,0.922610036379912,0.0569032363426817,0.0590885433130051,0.0841133492777275,0.087343631073422
"29_pwo_gp_model_specific","db6cb901415724b9f55892557a81f2cbcc3e7f91cf2f712ea45b7b9a2b1eb5a5","b1d5697d50014504fea8964eae8d6ad099291a4087058c07ada854c160fad766",5,6,60,"FSA_lambda050","FSA_lambda050",1460355586,396495144,1.53842574230075,0.769212871150374,2,0.975783212184615,"319ee4fffe6e31544529988d1a1cd4294f1456cf1622756ef6da89c124bedd46",0.00499999999999545,"pwo","pwo_snr2","ols",2,TRUE,NA,60,330,16,44,0.583088839421549,0.591688441143402,18.4700603910136,0.203263011837489,0.208537878668092,0.332402294008718,0.321965518507724,0.511376245902833,0.49532004180549,0.761890452707226,0.725675037438764,0.926388888888889,0.954545454545455,1.68739077355656,1.69693065954937,0.302536737881711,0.305860444204677,0.176405795373828,0.178343811436264,0.17900749082584,0.180974089438894
"29_pwo_gp_model_specific","db6cb901415724b9f55892557a81f2cbcc3e7f91cf2f712ea45b7b9a2b1eb5a5","b1d5697d50014504fea8964eae8d6ad099291a4087058c07ada854c160fad766",5,6,60,"FSA_lambda050","FSA_lambda050",1460355586,396495144,1.53842574230075,0.30768514846015,5,0.975783212184615,"319ee4fffe6e31544529988d1a1cd4294f1456cf1622756ef6da89c124bedd46",0.00500000000000256,"pwo","pwo_snr5","ols",5,TRUE,NA,60,330,16,44,0.0932942143074478,0.0946701505829443,18.4700603910136,0.0813052047349957,0.083415151467237,0.132960917603487,0.12878620740309,0.204550498361134,0.198128016722196,-0.154400279166928,-0.19061569443539,0.926388888888889,0.954545454545455,0.674956309422625,0.678772263819746,0.302536737881711,0.305860444204677,0.0282249272598125,0.0285350098298023,0.0286411985321344,0.028955854310223
"29_pwo_gp_model_specific","db6cb901415724b9f55892557a81f2cbcc3e7f91cf2f712ea45b7b9a2b1eb5a5","b1d5697d50014504fea8964eae8d6ad099291a4087058c07ada854c160fad766",5,6,60,"SA_hamming_foldover","Hamming",1460355586,396495144,1.53842574230075,0.769212871150374,2,0.975783212184615,"319ee4fffe6e31544529988d1a1cd4294f1456cf1622756ef6da89c124bedd46",0.00900000000000034,"pwo","pwo_snr2","ols",2,TRUE,NA,60,330,16,44,0.421843625344126,0.591688441143402,47.6393372001309,0.237167890859059,0.244945280528396,0.381755606665585,0.370665121657501,0.587302652561975,0.570240764930938,0.907034687029273,0.853252851469526,0.880555555555556,0.866666666666667,1.78475973104517,1.80444472631739,0.477812821142545,0.484552496044838,0.201562292706676,0.2044053816011,0.282716323300163,0.286704111036915
"29_pwo_gp_model_specific","db6cb901415724b9f55892557a81f2cbcc3e7f91cf2f712ea45b7b9a2b1eb5a5","b1d5697d50014504fea8964eae8d6ad099291a4087058c07ada854c160fad766",5,6,60,"SA_hamming_foldover","Hamming",1460355586,396495144,1.53842574230075,0.30768514846015,5,0.975783212184615,"319ee4fffe6e31544529988d1a1cd4294f1456cf1622756ef6da89c124bedd46",0.00799999999999557,"pwo","pwo_snr5","ols",5,TRUE,NA,60,330,16,44,0.0674949800550602,0.0946701505829443,47.6393372001309,0.0948671563436236,0.0979781122113581,0.152702242666234,0.148266048663,0.23492106102479,0.228096305972375,-0.00925604484488414,-0.0630378804046309,0.880555555555556,0.866666666666667,0.713903892418068,0.721777890526954,0.477812821142545,0.484552496044838,0.0322499668330681,0.032704861056176,0.0452346117280262,0.0458726577659064
"29_pwo_gp_model_specific","db6cb901415724b9f55892557a81f2cbcc3e7f91cf2f712ea45b7b9a2b1eb5a5","b1d5697d50014504fea8964eae8d6ad099291a4087058c07ada854c160fad766",5,6,60,"SA_l2_position_foldover","L2",1460355586,396495144,1.53842574230075,0.769212871150374,2,0.975783212184615,"319ee4fffe6e31544529988d1a1cd4294f1456cf1622756ef6da89c124bedd46",0.00799999999999557,"pwo","pwo_snr2","ols",2,TRUE,NA,60,330,16,44,0.467452820391531,0.591688441143402,46.6139543432146,0.108977693114204,0.11234065501638,0.200345163233389,0.201346905469857,0.308216156463691,0.309757262507423,0.336049895554341,0.346182551515828,1,1,1.82005761496254,1.84604393270049,0.447744477069803,0.459652986135149,0.209299418621011,0.214866084770264,0.264925231668,0.271971358833216
"29_pwo_gp_model_specific","db6cb901415724b9f55892557a81f2cbcc3e7f91cf2f712ea45b7b9a2b1eb5a5","b1d5697d50014504fea8964eae8d6ad099291a4087058c07ada854c160fad766",5,6,60,"SA_l2_position_foldover","L2",1460355586,396495144,1.53842574230075,0.30768514846015,5,0.975783212184615,"319ee4fffe6e31544529988d1a1cd4294f1456cf1622756ef6da89c124bedd46",0.0069999999999979,"pwo","pwo_snr5","ols",5,TRUE,NA,60,330,16,44,0.0747924512626449,0.0946701505829443,46.6139543432146,0.0435910772456815,0.0449362620065519,0.0801380652933554,0.0805387621879426,0.123286462585476,0.123902905002969,-0.580240836319815,-0.570108180358327,1,1,0.728023045985017,0.738417573080197,0.447744477069803,0.459652986135149,0.0334879069793617,0.0343785735632423,0.0423880370668799,0.0435154174133145
"29_pwo_gp_model_specific","db6cb901415724b9f55892557a81f2cbcc3e7f91cf2f712ea45b7b9a2b1eb5a5","b1d5697d50014504fea8964eae8d6ad099291a4087058c07ada854c160fad766",5,6,60,"random_foldover","RandomFoldover",1460355586,396495144,1.53842574230075,0.769212871150374,2,0.975783212184615,"319ee4fffe6e31544529988d1a1cd4294f1456cf1622756ef6da89c124bedd46",0.0069999999999979,"pwo","pwo_snr2","ols",2,TRUE,NA,60,330,16,44,0.586485900193449,0.591688441143402,98.1702940314666,0.215549327618,0.222560940090271,0.357733227792984,0.36581156584775,0.550346006513064,0.562773929731523,0.805278981355625,0.835253825921394,0.970833333333333,0.966666666666667,2.36767973931115,2.41831719790513,0.625616345051909,0.649484007458429,0.366915165303504,0.380913212775506,0.370169959957596,0.384292179920648
"29_pwo_gp_model_specific","db6cb901415724b9f55892557a81f2cbcc3e7f91cf2f712ea45b7b9a2b1eb5a5","b1d5697d50014504fea8964eae8d6ad099291a4087058c07ada854c160fad766",5,6,60,"random_foldover","RandomFoldover",1460355586,396495144,1.53842574230075,0.30768514846015,5,0.975783212184615,"319ee4fffe6e31544529988d1a1cd4294f1456cf1622756ef6da89c124bedd46",0.0069999999999979,"pwo","pwo_snr5","ols",5,TRUE,NA,60,330,16,44,0.0938377440309519,0.0946701505829443,98.1702940314666,0.0862197310472002,0.0890243760361084,0.143093291117194,0.1463246263391,0.220138402605225,0.225109571892609,-0.11101175051853,-0.0810369059527615,0.970833333333333,0.966666666666667,0.94707189572446,0.967326879162052,0.625616345051909,0.649484007458429,0.0587064264485607,0.0609461140440809,0.0592271935932154,0.0614867487873036
"29_pwo_gp_model_specific","db6cb901415724b9f55892557a81f2cbcc3e7f91cf2f712ea45b7b9a2b1eb5a5","b1d5697d50014504fea8964eae8d6ad099291a4087058c07ada854c160fad766",6,6,48,"FSA_lambda050","FSA_lambda050",1460355587,396495145,1.07942852011596,0.539714260057982,2,0.951795514527457,"934c9a13cca62103a4df4b741a9a2d82f78f1973dff712d6252b5d0ba6b387b9",0.00400000000000134,"pwo","pwo_snr2","ols",2,TRUE,NA,48,400,16,32,0.268652918158091,0.291291482509935,33.5876601850183,0.100293803486867,0.0922208101204383,0.262488911684954,0.260443003234851,0.283338017486939,0.281129605556352,0.189978771278606,0.190201771769997,0.994444444444444,0.995,1.39810725475614,1.41105051005315,0.445640790573002,0.45404879431268,0.119722698837716,0.121981533578264,0.129811366552909,0.132260546427189
"29_pwo_gp_model_specific","db6cb901415724b9f55892557a81f2cbcc3e7f91cf2f712ea45b7b9a2b1eb5a5","b1d5697d50014504fea8964eae8d6ad099291a4087058c07ada854c160fad766",6,6,48,"FSA_lambda050","FSA_lambda050",1460355587,396495145,1.07942852011596,0.215885704023193,5,0.951795514527457,"934c9a13cca62103a4df4b741a9a2d82f78f1973dff712d6252b5d0ba6b387b9",0.00799999999999912,"pwo","pwo_snr5","ols",5,TRUE,NA,48,400,16,32,0.0429844669052945,0.0466066372015895,33.5876601850183,0.0401175213947467,0.0368883240481754,0.104995564673982,0.10417720129394,0.113335206994776,0.112451842222541,-0.726311960595549,-0.726088960104158,0.994444444444444,0.995,0.559242901902455,0.564420204021259,0.445640790573002,0.45404879431268,0.0191556318140345,0.0195170453725223,0.0207698186484655,0.0211616874283502
"29_pwo_gp_model_specific","db6cb901415724b9f55892557a81f2cbcc3e7f91cf2f712ea45b7b9a2b1eb5a5","b1d5697d50014504fea8964eae8d6ad099291a4087058c07ada854c160fad766",6,6,48,"SA_hamming_foldover","Hamming",1460355587,396495145,1.07942852011596,0.539714260057982,2,0.951795514527457,"934c9a13cca62103a4df4b741a9a2d82f78f1973dff712d6252b5d0ba6b387b9",0.00600000000000023,"pwo","pwo_snr2","ols",2,TRUE,NA,48,400,16,32,0.266789944664342,0.291291482509935,136.322418131627,0.170666716917755,0.176038021107182,0.395260259602944,0.401632092135717,0.426655197083858,0.433533134845136,0.542048787385655,0.583565692984685,0.986111111111111,0.9875,1.93187231923387,2.01199951644384,0.897200870860184,0.965862453801973,0.239364170689588,0.257682390603194,0.261346971782067,0.28134750606866
"29_pwo_gp_model_specific","db6cb901415724b9f55892557a81f2cbcc3e7f91cf2f712ea45b7b9a2b1eb5a5","b1d5697d50014504fea8964eae8d6ad099291a4087058c07ada854c160fad766",6,6,48,"SA_hamming_foldover","Hamming",1460355587,396495145,1.07942852011596,0.215885704023193,5,0.951795514527457,"934c9a13cca62103a4df4b741a9a2d82f78f1973dff712d6252b5d0ba6b387b9",0.00399999999999778,"pwo","pwo_snr5","ols",5,TRUE,NA,48,400,16,32,0.0426863911462947,0.0466066372015895,136.322418131627,0.0682666867671018,0.0704152084428724,0.158104103841177,0.160652836854287,0.170662078833543,0.173413253938054,-0.374241944488502,-0.332725038889472,0.986111111111111,0.9875,0.772748927693549,0.804799806577537,0.897200870860184,0.965862453801973,0.038298267310334,0.041229182496511,0.0418155154851308,0.0450156009709856
"29_pwo_gp_model_specific","db6cb901415724b9f55892557a81f2cbcc3e7f91cf2f712ea45b7b9a2b1eb5a5","b1d5697d50014504fea8964eae8d6ad099291a4087058c07ada854c160fad766",6,6,48,"SA_l2_position_foldover","L2",1460355587,396495145,1.07942852011596,0.539714260057982,2,0.951795514527457,"934c9a13cca62103a4df4b741a9a2d82f78f1973dff712d6252b5d0ba6b387b9",0.00399999999999778,"pwo","pwo_snr2","ols",2,TRUE,NA,48,400,16,32,0.306097847228693,0.291291482509935,91.2030499175041,0.200449840869527,0.205010033680333,0.464509639954406,0.478467777988453,0.501404953235584,0.516471765517249,0.702655358036454,0.727641611993074,0.945833333333333,0.935,1.84126664423915,1.8822240425115,0.700937598274022,0.729632367332787,0.214555489873329,0.223338896908941,0.204177152148193,0.212535693967601
"29_pwo_gp_model_specific","db6cb901415724b9f55892557a81f2cbcc3e7f91cf2f712ea45b7b9a2b1eb5a5","b1d5697d50014504fea8964eae8d6ad099291a4087058c07ada854c160fad766",6,6,48,"SA_l2_position_foldover","L2",1460355587,396495145,1.07942852011596,0.215885704023193,5,0.951795514527457,"934c9a13cca62103a4df4b741a9a2d82f78f1973dff712d6252b5d0ba6b387b9",0.00700000000000145,"pwo","pwo_snr5","ols",5,TRUE,NA,48,400,16,32,0.0489756555565909,0.0466066372015895,91.2030499175041,0.080179936347811,0.0820040134721331,0.185803855981762,0.191387111195381,0.200561981294233,0.2065887062069,-0.213635373837701,-0.188649119881081,0.945833333333333,0.935,0.73650665769566,0.752889617004602,0.700937598274022,0.729632367332787,0.0343288783797326,0.0357342235054306,0.0326683443437109,0.0340057110348161
"29_pwo_gp_model_specific","db6cb901415724b9f55892557a81f2cbcc3e7f91cf2f712ea45b7b9a2b1eb5a5","b1d5697d50014504fea8964eae8d6ad099291a4087058c07ada854c160fad766",6,6,48,"random_foldover","RandomFoldover",1460355587,396495145,1.07942852011596,0.539714260057982,2,0.951795514527457,"934c9a13cca62103a4df4b741a9a2d82f78f1973dff712d6252b5d0ba6b387b9",0.00700000000000145,"pwo","pwo_snr2","ols",2,TRUE,NA,48,400,16,32,0.259196353955959,0.291291482509935,63.9502429841536,0.138842378347817,0.143179779560653,0.44987088690823,0.452594263128263,0.485603465698607,0.488543155661516,0.681588000311476,0.702502793504295,0.936111111111111,0.9275,1.70212382371804,1.7073064254561,0.699020642713344,0.698986415390974,0.18118360193125,0.181174730334085,0.203618759321017,0.203608789193542
"29_pwo_gp_model_specific","db6cb901415724b9f55892557a81f2cbcc3e7f91cf2f712ea45b7b9a2b1eb5a5","b1d5697d50014504fea8964eae8d6ad099291a4087058c07ada854c160fad766",6,6,48,"random_foldover","RandomFoldover",1460355587,396495145,1.07942852011596,0.215885704023193,5,0.951795514527457,"934c9a13cca62103a4df4b741a9a2d82f78f1973dff712d6252b5d0ba6b387b9",0.00600000000000023,"pwo","pwo_snr5","ols",5,TRUE,NA,48,400,16,32,0.0414714166329534,0.0466066372015895,63.9502429841536,0.0555369513391267,0.0572719118242612,0.179948354763292,0.181037705251305,0.194241386279443,0.195417262264607,-0.234702731562679,-0.21378793836986,0.936111111111111,0.9275,0.680849529487217,0.68292257018244,0.699020642713344,0.698986415390974,0.0289893763089999,0.0289879568534537,0.0325790014913628,0.0325774062709667
"29_pwo_gp_model_specific","db6cb901415724b9f55892557a81f2cbcc3e7f91cf2f712ea45b7b9a2b1eb5a5","b1d5697d50014504fea8964eae8d6ad099291a4087058c07ada854c160fad766",6,6,60,"FSA_lambda050","FSA_lambda050",1460355587,396495145,1.07942852011596,0.539714260057982,2,0.951795514527457,"aded66e86da3622d582ec829ab6deb620b244809e0238b9caddc893f3c1c5cc5",0.00499999999999545,"pwo","pwo_snr2","ols",2,TRUE,NA,60,328,16,44,0.274526051754428,0.291291482509935,16.0559673675179,0.114896495309063,0.118039495222286,0.274151262793782,0.27190285931097,0.295926691885415,0.293499701041339,0.182832045761549,0.171508462752961,0.95,0.951219512195122,1.14102957786546,1.14555837156148,0.293174229164144,0.295585714969262,0.0804839636085804,0.0811459792855213,0.085399155846931,0.0861016011221554
"29_pwo_gp_model_specific","db6cb901415724b9f55892557a81f2cbcc3e7f91cf2f712ea45b7b9a2b1eb5a5","b1d5697d50014504fea8964eae8d6ad099291a4087058c07ada854c160fad766",6,6,60,"FSA_lambda050","FSA_lambda050",1460355587,396495145,1.07942852011596,0.215885704023193,5,0.951795514527457,"aded66e86da3622d582ec829ab6deb620b244809e0238b9caddc893f3c1c5cc5",0.00500000000000256,"pwo","pwo_snr5","ols",5,TRUE,NA,60,328,16,44,0.0439241682807085,0.0466066372015895,16.0559673675179,0.0459585981236253,0.0472157980889142,0.109660505117513,0.108761143724388,0.118370676754166,0.117399880416536,-0.733458686112607,-0.744782269121195,0.95,0.951219512195122,0.456411831146185,0.458223348624591,0.293174229164144,0.295585714969262,0.0128774341773729,0.0129833566856834,0.013663864935509,0.0137762561795449
"29_pwo_gp_model_specific","db6cb901415724b9f55892557a81f2cbcc3e7f91cf2f712ea45b7b9a2b1eb5a5","b1d5697d50014504fea8964eae8d6ad099291a4087058c07ada854c160fad766",6,6,60,"SA_hamming_foldover","Hamming",1460355587,396495145,1.07942852011596,0.539714260057982,2,0.951795514527457,"aded66e86da3622d582ec829ab6deb620b244809e0238b9caddc893f3c1c5cc5",0.00799999999999557,"pwo","pwo_snr2","ols",2,TRUE,NA,60,328,16,44,0.199599615301845,0.291291482509935,30.1297086108545,0.205591834629415,0.210806298809397,0.463885866195112,0.489819260381581,0.500731634049702,0.528724879357985,1.22945533065626,1.4404177109411,0.729166666666667,0.670731707317073,1.11177703029959,1.12504254875461,0.387218345853548,0.395852981238675,0.077288632870185,0.0790121027713278,0.112793406018725,0.115308601760991
"29_pwo_gp_model_specific","db6cb901415724b9f55892557a81f2cbcc3e7f91cf2f712ea45b7b9a2b1eb5a5","b1d5697d50014504fea8964eae8d6ad099291a4087058c07ada854c160fad766",6,6,60,"SA_hamming_foldover","Hamming",1460355587,396495145,1.07942852011596,0.215885704023193,5,0.951795514527457,"aded66e86da3622d582ec829ab6deb620b244809e0238b9caddc893f3c1c5cc5",0.0069999999999979,"pwo","pwo_snr5","ols",5,TRUE,NA,60,328,16,44,0.0319359384482951,0.0466066372015895,30.1297086108545,0.082236733851766,0.0843225195237587,0.185554346478045,0.195927704152632,0.200292653619881,0.211489951743194,0.313164598782103,0.524126979066951,0.729166666666667,0.670731707317073,0.444710812119836,0.450017019501844,0.387218345853548,0.395852981238675,0.0123661812592296,0.0126419364434124,0.018046944962996,0.0184493762817585
"29_pwo_gp_model_specific","db6cb901415724b9f55892557a81f2cbcc3e7f91cf2f712ea45b7b9a2b1eb5a5","b1d5697d50014504fea8964eae8d6ad099291a4087058c07ada854c160fad766",6,6,60,"SA_l2_position_foldover","L2",1460355587,396495145,1.07942852011596,0.539714260057982,2,0.951795514527457,"aded66e86da3622d582ec829ab6deb620b244809e0238b9caddc893f3c1c5cc5",0.00500000000000256,"pwo","pwo_snr2","ols",2,TRUE,NA,60,328,16,44,0.26113864190084,0.291291482509935,68.9023907795404,0.0935863451674202,0.0955926952642868,0.223984170748097,0.223105653526733,0.24177490196002,0.240826605415866,0.0980074365365256,0.116555266330157,0.993055555555556,0.996951219512195,1.39321529261893,1.43170475124102,0.472988627874106,0.498756233040891,0.123515607917586,0.130244525335877,0.137777558623788,0.145283442533552
"29_pwo_gp_model_specific","db6cb901415724b9f55892557a81f2cbcc3e7f91cf2f712ea45b7b9a2b1eb5a5","b1d5697d50014504fea8964eae8d6ad099291a4087058c07ada854c160fad766",6,6,60,"SA_l2_position_foldover","L2",1460355587,396495145,1.07942852011596,0.215885704023193,5,0.951795514527457,"aded66e86da3622d582ec829ab6deb620b244809e0238b9caddc893f3c1c5cc5",0.00500000000000256,"pwo","pwo_snr5","ols",5,TRUE,NA,60,328,16,44,0.0417821827041343,0.0466066372015895,68.9023907795404,0.0374345380669681,0.0382370781057147,0.0895936682992388,0.0892422614106931,0.0967099607840078,0.0963306421663464,-0.81828329533763,-0.799735465543998,0.993055555555556,0.996951219512195,0.557286117047573,0.572681900496409,0.472988627874106,0.498756233040891,0.0197624972668137,0.0208391240537403,0.0220444093798061,0.0232453508053683
"29_pwo_gp_model_specific","db6cb901415724b9f55892557a81f2cbcc3e7f91cf2f712ea45b7b9a2b1eb5a5","b1d5697d50014504fea8964eae8d6ad099291a4087058c07ada854c160fad766",6,6,60,"random_foldover","RandomFoldover",1460355587,396495145,1.07942852011596,0.539714260057982,2,0.951795514527457,"aded66e86da3622d582ec829ab6deb620b244809e0238b9caddc893f3c1c5cc5",0.00499999999999545,"pwo","pwo_snr2","ols",2,TRUE,NA,60,328,16,44,0.285174412081845,0.291291482509935,54.8655398718929,0.0941923631915756,0.0955959837396885,0.277252743558467,0.267239756275092,0.299274518677407,0.288466214632173,0.243176303927799,0.232015332032291,0.979166666666667,0.984756097560976,1.41617726960579,1.44106803680443,0.443681305825401,0.457738442770199,0.126526555540464,0.130535291304251,0.129240585335825,0.13333530959632
"29_pwo_gp_model_specific","db6cb901415724b9f55892557a81f2cbcc3e7f91cf2f712ea45b7b9a2b1eb5a5","b1d5697d50014504fea8964eae8d6ad099291a4087058c07ada854c160fad766",6,6,60,"random_foldover","RandomFoldover",1460355587,396495145,1.07942852011596,0.215885704023193,5,0.951795514527457,"aded66e86da3622d582ec829ab6deb620b244809e0238b9caddc893f3c1c5cc5",0.00500000000000256,"pwo","pwo_snr5","ols",5,TRUE,NA,60,328,16,44,0.0456279059330952,0.0466066372015895,54.8655398718929,0.0376769452766302,0.0382383934958753,0.110901097423387,0.106895902510036,0.119709807470962,0.115386485852869,-0.673114427946357,-0.684275399841865,0.979166666666667,0.984756097560976,0.566470907842316,0.576427214721771,0.443681305825401,0.457738442770199,0.0202442488864742,0.0208856466086801,0.020678493653732,0.0213336495354112
"29_pwo_gp_model_specific","db6cb901415724b9f55892557a81f2cbcc3e7f91cf2f712ea45b7b9a2b1eb5a5","b1d5697d50014504fea8964eae8d6ad099291a4087058c07ada854c160fad766",7,6,48,"FSA_lambda050","FSA_lambda050",1460355588,396495146,0.668913573025954,0.334456786512977,2,1.0275123005396,"c37359661a7e1d3ef43aab6fb4b239264b84a64c5bfde8cd398aa1c2c3117afb",0.00700000000000145,"pwo","pwo_snr2","ols",2,TRUE,NA,48,388,16,32,0.0928823305774487,0.111861342044587,22.6927604837612,0.0882734370232396,0.089885077419889,0.346110561293393,0.359486639384637,0.231518052216782,0.24046549240587,-0.00160304823865549,0.0562611583224613,0.909722222222222,0.899484536082474,0.77513879259585,0.782281221158357,0.392490524157489,0.399394501421311,0.036455434613312,0.0370966921118295,0.0439045167720402,0.0446768049342166
"29_pwo_gp_model_specific","db6cb901415724b9f55892557a81f2cbcc3e7f91cf2f712ea45b7b9a2b1eb5a5","b1d5697d50014504fea8964eae8d6ad099291a4087058c07ada854c160fad766",7,6,48,"FSA_lambda050","FSA_lambda050",1460355588,396495146,0.668913573025954,0.133782714605191,5,1.0275123005396,"c37359661a7e1d3ef43aab6fb4b239264b84a64c5bfde8cd398aa1c2c3117afb",0.0069999999999979,"pwo","pwo_snr5","ols",5,TRUE,NA,48,388,16,32,0.0148611728923918,0.0178978147271339,22.6927604837612,0.0353093748092958,0.0359540309679556,0.138444224517357,0.143794655753854,0.0926072208867127,0.0961861969623479,-0.917893780112812,-0.860029573551696,0.909722222222222,0.899484536082474,0.31005551703834,0.312912488463343,0.392490524157489,0.399394501421311,0.00583286953812992,0.00593547073789272,0.00702472268352643,0.00714828878947465
"29_pwo_gp_model_specific","db6cb901415724b9f55892557a81f2cbcc3e7f91cf2f712ea45b7b9a2b1eb5a5","b1d5697d50014504fea8964eae8d6ad099291a4087058c07ada854c160fad766",7,6,48,"SA_hamming_foldover","Hamming",1460355588,396495146,0.668913573025954,0.334456786512977,2,1.0275123005396,"c37359661a7e1d3ef43aab6fb4b239264b84a64c5bfde8cd398aa1c2c3117afb",0.0129999999999981,"pwo","pwo_snr2","ols",2,TRUE,NA,48,388,16,32,0.113575069158091,0.111861342044587,62.7229283011312,0.0533320475574951,0.0538132796891904,0.213538378935815,0.219680220843556,0.142838720032126,0.146947081447594,-0.298681617334692,-0.272649648151111,1,1,1.05377672200478,1.07642187634479,0.610231632330526,0.633517585309289,0.0693070998443943,0.0719518035643695,0.0682613293505517,0.0708661273015433
"29_pwo_gp_model_specific","db6cb901415724b9f55892557a81f2cbcc3e7f91cf2f712ea45b7b9a2b1eb5a5","b1d5697d50014504fea8964eae8d6ad099291a4087058c07ada854c160fad766",7,6,48,"SA_hamming_foldover","Hamming",1460355588,396495146,0.668913573025954,0.133782714605191,5,1.0275123005396,"c37359661a7e1d3ef43aab6fb4b239264b84a64c5bfde8cd398aa1c2c3117afb",0.0069999999999979,"pwo","pwo_snr5","ols",5,TRUE,NA,48,388,16,32,0.0181720110652946,0.0178978147271339,62.7229283011312,0.0213328190229981,0.0215253118756762,0.0854153515743264,0.0878720883374229,0.0571354880128507,0.0587788325790378,-1.21497234920885,-1.18894038002527,1,1,0.421510688801911,0.430568750537915,0.610231632330526,0.633517585309289,0.0110891359751031,0.0115122885702991,0.0109218126960883,0.0113385803682469
"29_pwo_gp_model_specific","db6cb901415724b9f55892557a81f2cbcc3e7f91cf2f712ea45b7b9a2b1eb5a5","b1d5697d50014504fea8964eae8d6ad099291a4087058c07ada854c160fad766",7,6,48,"SA_l2_position_foldover","L2",1460355588,396495146,0.668913573025954,0.334456786512977,2,1.0275123005396,"c37359661a7e1d3ef43aab6fb4b239264b84a64c5bfde8cd398aa1c2c3117afb",0.00400000000000134,"pwo","pwo_snr2","ols",2,TRUE,NA,48,388,16,32,0.0720621223677457,0.111861342044587,54.742863593796,0.0647050378397699,0.0668258757465464,0.306357675410076,0.296011166511951,0.204926807282479,0.19800588704709,-0.112230398142716,-0.146909508488462,0.933333333333333,0.938144329896907,0.828489627938673,0.841266334020936,0.592751107394769,0.609931066831582,0.0427149028346986,0.0439529271739071,0.066305934371594,0.0682277076904675
"29_pwo_gp_model_specific","db6cb901415724b9f55892557a81f2cbcc3e7f91cf2f712ea45b7b9a2b1eb5a5","b1d5697d50014504fea8964eae8d6ad099291a4087058c07ada854c160fad766",7,6,48,"SA_l2_position_foldover","L2",1460355588,396495146,0.668913573025954,0.133782714605191,5,1.0275123005396,"c37359661a7e1d3ef43aab6fb4b239264b84a64c5bfde8cd398aa1c2c3117afb",0.00400000000000134,"pwo","pwo_snr5","ols",5,TRUE,NA,48,388,16,32,0.0115299395788393,0.0178978147271339,54.742863593796,0.0258820151359079,0.0267303502986185,0.12254307016403,0.11840446660478,0.0819707229129916,0.0792023548188358,-1.02852113001687,-1.06320024036262,0.933333333333333,0.938144329896907,0.331395851175469,0.336506533608374,0.592751107394769,0.609931066831582,0.00683438445355177,0.00703246834782513,0.010608949499455,0.0109164332304748
"29_pwo_gp_model_specific","db6cb901415724b9f55892557a81f2cbcc3e7f91cf2f712ea45b7b9a2b1eb5a5","b1d5697d50014504fea8964eae8d6ad099291a4087058c07ada854c160fad766",7,6,48,"random_foldover","RandomFoldover",1460355588,396495146,0.668913573025954,0.334456786512977,2,1.0275123005396,"c37359661a7e1d3ef43aab6fb4b239264b84a64c5bfde8cd398aa1c2c3117afb",0.00400000000000134,"pwo","pwo_snr2","ols",2,TRUE,NA,48,388,16,32,0.113904619532842,0.111861342044587,301.482878342208,0.101380547573541,0.104393578956483,0.460898569078004,0.46612203447083,0.308301308644517,0.31179535554401,0.262160413332585,0.300986378356554,0.990277777777778,0.994845360824742,1.53516999036865,1.59970964942348,1.36555410457575,1.46914856567992,0.155542920733211,0.167342808410992,0.152752714772337,0.164340930219836
"29_pwo_gp_model_specific","db6cb901415724b9f55892557a81f2cbcc3e7f91cf2f712ea45b7b9a2b1eb5a5","b1d5697d50014504fea8964eae8d6ad099291a4087058c07ada854c160fad766",7,6,48,"random_foldover","RandomFoldover",1460355588,396495146,0.668913573025954,0.133782714605191,5,1.0275123005396,"c37359661a7e1d3ef43aab6fb4b239264b84a64c5bfde8cd398aa1c2c3117afb",0.00399999999999778,"pwo","pwo_snr5","ols",5,TRUE,NA,48,388,16,32,0.0182247391252547,0.0178978147271339,301.482878342208,0.0405522190294162,0.0417574315825931,0.184359427631201,0.186448813788332,0.123320523457807,0.124718142217604,-0.654130318541571,-0.615304353517602,0.990277777777778,0.994845360824742,0.614067996147461,0.639883859769392,1.36555410457575,1.46914856567992,0.0248868673173138,0.0267748493457586,0.024440434363574,0.0262945488351737
"29_pwo_gp_model_specific","db6cb901415724b9f55892557a81f2cbcc3e7f91cf2f712ea45b7b9a2b1eb5a5","b1d5697d50014504fea8964eae8d6ad099291a4087058c07ada854c160fad766",7,6,60,"FSA_lambda050","FSA_lambda050",1460355588,396495146,0.668913573025954,0.334456786512977,2,1.0275123005396,"6a32409f8609f08fbc0a9bb19d3b91334251ef2f952031adeaa2c4d277512c6e",0.00499999999999545,"pwo","pwo_snr2","ols",2,TRUE,NA,60,334,16,44,0.114586193109137,0.111861342044587,17.7003585105455,0.0944513473778636,0.0968391291780213,0.38683612372065,0.394294040972036,0.25875993369349,0.263748635769446,0.155920175796755,0.1812170237432,0.852777777777778,0.853293413173653,0.743861606135069,0.745674263235519,0.298923532885506,0.300435085587385,0.0342525096640839,0.0344257127338761,0.0334379875572819,0.0336070718710853
"29_pwo_gp_model_specific","db6cb901415724b9f55892557a81f2cbcc3e7f91cf2f712ea45b7b9a2b1eb5a5","b1d5697d50014504fea8964eae8d6ad099291a4087058c07ada854c160fad766",7,6,60,"FSA_lambda050","FSA_lambda050",1460355588,396495146,0.668913573025954,0.133782714605191,5,1.0275123005396,"6a32409f8609f08fbc0a9bb19d3b91334251ef2f952031adeaa2c4d277512c6e",0.00500000000000256,"pwo","pwo_snr5","ols",5,TRUE,NA,60,334,16,44,0.0183337908974618,0.0178978147271339,17.7003585105455,0.0377805389511454,0.0387356516712085,0.15473444948826,0.157717616388814,0.103503973477396,0.105499454307779,-0.760370556077399,-0.735073708130955,0.852777777777778,0.853293413173653,0.297544642454027,0.298269705294208,0.298923532885506,0.300435085587385,0.00548040154625342,0.00550811403742018,0.00535007800916511,0.00537713149937365
"29_pwo_gp_model_specific","db6cb901415724b9f55892557a81f2cbcc3e7f91cf2f712ea45b7b9a2b1eb5a5","b1d5697d50014504fea8964eae8d6ad099291a4087058c07ada854c160fad766",7,6,60,"SA_hamming_foldover","Hamming",1460355588,396495146,0.668913573025954,0.334456786512977,2,1.0275123005396,"6a32409f8609f08fbc0a9bb19d3b91334251ef2f952031adeaa2c4d277512c6e",0.00900000000000034,"pwo","pwo_snr2","ols",2,TRUE,NA,60,334,16,44,0.10160058559284,0.111861342044587,49.4443453673112,0.094325760125315,0.0965253928337031,0.361873351516077,0.381169794869996,0.242061996545496,0.254969649416059,0.0353800650176831,0.0800603925224011,0.913888888888889,0.910179640718563,0.839600836521709,0.864608288576094,0.437480490683411,0.460961614326912,0.0444482740388776,0.0468339699514351,0.0489371548061708,0.0515637848096477
"29_pwo_gp_model_specific","db6cb901415724b9f55892557a81f2cbcc3e7f91cf2f712ea45b7b9a2b1eb5a5","b1d5697d50014504fea8964eae8d6ad099291a4087058c07ada854c160fad766",7,6,60,"SA_hamming_foldover","Hamming",1460355588,396495146,0.668913573025954,0.133782714605191,5,1.0275123005396,"6a32409f8609f08fbc0a9bb19d3b91334251ef2f952031adeaa2c4d277512c6e",0.007000000000005,"pwo","pwo_snr5","ols",5,TRUE,NA,60,334,16,44,0.0162560936948544,0.0178978147271339,49.4443453673112,0.037730304050126,0.0386101571334813,0.144749340606431,0.152467917947998,0.0968247986181985,0.101987859766424,-0.880910666856472,-0.836230339351754,0.913888888888889,0.910179640718563,0.335840334608684,0.345843315430438,0.437480490683411,0.460961614326912,0.00711172384622041,0.00749343519222963,0.00782994476898733,0.00825020556954363
"29_pwo_gp_model_specific","db6cb901415724b9f55892557a81f2cbcc3e7f91cf2f712ea45b7b9a2b1eb5a5","b1d5697d50014504fea8964eae8d6ad099291a4087058c07ada854c160fad766",7,6,60,"SA_l2_position_foldover","L2",1460355588,396495146,0.668913573025954,0.334456786512977,2,1.0275123005396,"6a32409f8609f08fbc0a9bb19d3b91334251ef2f952031adeaa2c4d277512c6e",0.00900000000000034,"pwo","pwo_snr2","ols",2,TRUE,NA,60,334,16,44,0.073532397441425,0.111861342044587,55.8665716738268,0.0746993986632318,0.0765917864726652,0.371357164393402,0.383543895844379,0.248405847703177,0.256557717781558,0.141513317340484,0.17644603987424,0.855555555555556,0.841317365269461,0.722785686057553,0.739664641309805,0.450008770005806,0.47022607539286,0.0330902237281938,0.0345768506631093,0.0503385849446834,0.0526001198578045
"29_pwo_gp_model_specific","db6cb901415724b9f55892557a81f2cbcc3e7f91cf2f712ea45b7b9a2b1eb5a5","b1d5697d50014504fea8964eae8d6ad099291a4087058c07ada854c160fad766",7,6,60,"SA_l2_position_foldover","L2",1460355588,396495146,0.668913573025954,0.133782714605191,5,1.0275123005396,"6a32409f8609f08fbc0a9bb19d3b91334251ef2f952031adeaa2c4d277512c6e",0.00800000000000267,"pwo","pwo_snr5","ols",5,TRUE,NA,60,334,16,44,0.011765183590628,0.0178978147271339,55.8665716738268,0.0298797594652927,0.030636714589066,0.148542865757361,0.153417558337752,0.0993623390812709,0.102623087112623,-0.774777414533669,-0.739844691999914,0.855555555555556,0.841317365269461,0.289114274423021,0.295865856523922,0.450008770005806,0.47022607539286,0.00529443579651101,0.00553229610609749,0.00805417359114935,0.00841601917724872
"29_pwo_gp_model_specific","db6cb901415724b9f55892557a81f2cbcc3e7f91cf2f712ea45b7b9a2b1eb5a5","b1d5697d50014504fea8964eae8d6ad099291a4087058c07ada854c160fad766",7,6,60,"random_foldover","RandomFoldover",1460355588,396495146,0.668913573025954,0.334456786512977,2,1.0275123005396,"6a32409f8609f08fbc0a9bb19d3b91334251ef2f952031adeaa2c4d277512c6e",0.00400000000000489,"pwo","pwo_snr2","ols",2,TRUE,NA,60,334,16,44,0.11763596749391,0.111861342044587,76.0243388566939,0.118463174865886,0.121565988976466,0.433551463703442,0.453815057085029,0.290008458676502,0.303563051327724,0.202181035159769,0.259599713812836,0.902777777777778,0.901197604790419,0.968180330738616,0.966306307649226,0.507420218920299,0.502069337509299,0.0596908683786611,0.0590614122669329,0.0567607066689828,0.0561621498932269
"29_pwo_gp_model_specific","db6cb901415724b9f55892557a81f2cbcc3e7f91cf2f712ea45b7b9a2b1eb5a5","b1d5697d50014504fea8964eae8d6ad099291a4087058c07ada854c160fad766",7,6,60,"random_foldover","RandomFoldover",1460355588,396495146,0.668913573025954,0.133782714605191,5,1.0275123005396,"6a32409f8609f08fbc0a9bb19d3b91334251ef2f952031adeaa2c4d277512c6e",0.0069999999999979,"pwo","pwo_snr5","ols",5,TRUE,NA,60,334,16,44,0.0188217547990256,0.0178978147271339,76.0243388566939,0.0473852699463542,0.0486263955905863,0.173420585481377,0.181526022834012,0.116003383470601,0.12142522053109,-0.714109696714386,-0.65669101806132,0.902777777777778,0.901197604790419,0.387272132295446,0.38652252305969,0.507420218920299,0.502069337509299,0.00955053894058577,0.00944982596270927,0.00908171306703725,0.00898594398291631
"29_pwo_gp_model_specific","db6cb901415724b9f55892557a81f2cbcc3e7f91cf2f712ea45b7b9a2b1eb5a5","b1d5697d50014504fea8964eae8d6ad099291a4087058c07ada854c160fad766",8,6,48,"FSA_lambda050","FSA_lambda050",1460355589,396495147,0.456382367122262,0.228191183561131,2,0.985200019816304,"ca9a01a59de93df678726f6c31e67dfea0d924fa474b91a9e5bf315edf618429",0.00599999999999667,"pwo","pwo_snr2","ols",2,TRUE,NA,48,378,16,32,0.0603931046666771,0.0520712162550297,44.0537209142238,0.0379038551077592,0.0390542941345654,0.316147978314401,0.320098448422811,0.144284362704044,0.146087287603365,-0.482216633624503,-0.466256901619795,0.984722222222222,0.992063492063492,0.690585566682535,0.70267605573704,0.488397566951808,0.505416705231368,0.029495845379871,0.0305236839793251,0.0254314553271779,0.0263176625570072
"29_pwo_gp_model_specific","db6cb901415724b9f55892557a81f2cbcc3e7f91cf2f712ea45b7b9a2b1eb5a5","b1d5697d50014504fea8964eae8d6ad099291a4087058c07ada854c160fad766",8,6,48,"FSA_lambda050","FSA_lambda050",1460355589,396495147,0.456382367122262,0.0912764734244523,5,0.985200019816304,"ca9a01a59de93df678726f6c31e67dfea0d924fa474b91a9e5bf315edf618429",0.00700000000000145,"pwo","pwo_snr5","ols",5,TRUE,NA,48,378,16,32,0.00966289674666834,0.00833139460080476,44.0537209142238,0.0151615420431037,0.0156217176538262,0.12645919132576,0.128039379369124,0.0577137450816174,0.0584349150413462,-1.39850736549866,-1.38254763349395,0.984722222222222,0.992063492063492,0.276234226673014,0.281070422294816,0.488397566951808,0.505416705231368,0.00471933526077936,0.00488378943669202,0.00406903285234847,0.00421082600912115
"29_pwo_gp_model_specific","db6cb901415724b9f55892557a81f2cbcc3e7f91cf2f712ea45b7b9a2b1eb5a5","b1d5697d50014504fea8964eae8d6ad099291a4087058c07ada854c160fad766",8,6,48,"SA_hamming_foldover","Hamming",1460355589,396495147,0.456382367122262,0.228191183561131,2,0.985200019816304,"ca9a01a59de93df678726f6c31e67dfea0d924fa474b91a9e5bf315edf618429",0.0069999999999979,"pwo","pwo_snr2","ols",2,TRUE,NA,48,378,16,32,0.0441176082986739,0.0520712162550297,50.7573522640857,0.043087461794977,0.0422187127821964,0.329182824376938,0.326696238517441,0.150233236605139,0.149098402664529,-0.494797517406611,-0.495244317446095,0.981944444444444,0.989417989417989,0.658438164951754,0.671785343675547,0.610372952211781,0.632698624595274,0.0269281948217846,0.027913150091004,0.0317828619908406,0.0329453869055604
"29_pwo_gp_model_specific","db6cb901415724b9f55892557a81f2cbcc3e7f91cf2f712ea45b7b9a2b1eb5a5","b1d5697d50014504fea8964eae8d6ad099291a4087058c07ada854c160fad766",8,6,48,"SA_hamming_foldover","Hamming",1460355589,396495147,0.456382367122262,0.0912764734244523,5,0.985200019816304,"ca9a01a59de93df678726f6c31e67dfea0d924fa474b91a9e5bf315edf618429",0.0069999999999979,"pwo","pwo_snr5","ols",5,TRUE,NA,48,378,16,32,0.00705881732778783,0.00833139460080476,50.7573522640857,0.0172349847179908,0.0168874851128786,0.131673129750775,0.130678495406976,0.0600932946420556,0.0596393610658115,-1.41108824928077,-1.41153504932025,0.981944444444444,0.989417989417989,0.263375265980702,0.268714137470219,0.610372952211781,0.632698624595274,0.00430851117148554,0.00446610401456065,0.0050852579185345,0.00527126190488966
"29_pwo_gp_model_specific","db6cb901415724b9f55892557a81f2cbcc3e7f91cf2f712ea45b7b9a2b1eb5a5","b1d5697d50014504fea8964eae8d6ad099291a4087058c07ada854c160fad766",8,6,48,"SA_l2_position_foldover","L2",1460355589,396495147,0.456382367122262,0.228191183561131,2,0.985200019816304,"ca9a01a59de93df678726f6c31e67dfea0d924fa474b91a9e5bf315edf618429",0.00600000000000023,"pwo","pwo_snr2","ols",2,TRUE,NA,48,378,16,32,0.0562636688722152,0.0520712162550297,76.7789513058232,0.054501936276384,0.0562592680147378,0.334454058836931,0.330772044632163,0.152638935065647,0.150958528707097,-0.401693042511835,-0.414947811762878,0.984722222222222,0.997354497354497,0.769016655277793,0.774026221818135,0.663980517126878,0.669147569168047,0.0373579799532288,0.0376486972583187,0.0345742730964401,0.0348433277806768
"29_pwo_gp_model_specific","db6cb901415724b9f55892557a81f2cbcc3e7f91cf2f712ea45b7b9a2b1eb5a5","b1d5697d50014504fea8964eae8d6ad099291a4087058c07ada854c160fad766",8,6,48,"SA_l2_position_foldover","L2",1460355589,396495147,0.456382367122262,0.0912764734244523,5,0.985200019816304,"ca9a01a59de93df678726f6c31e67dfea0d924fa474b91a9e5bf315edf618429",0.00600000000000023,"pwo","pwo_snr5","ols",5,TRUE,NA,48,378,16,32,0.00900218701955443,0.00833139460080476,76.7789513058232,0.0218007745105536,0.0225037072058951,0.133781623534772,0.132308817852865,0.0610555740262586,0.0603834114828388,-1.31798377438599,-1.33123854363703,0.984722222222222,0.997354497354497,0.307606662111117,0.309610488727254,0.663980517126878,0.669147569168047,0.00597727679251661,0.00602379156133099,0.00553188369543042,0.0055749324449083
"29_pwo_gp_model_specific","db6cb901415724b9f55892557a81f2cbcc3e7f91cf2f712ea45b7b9a2b1eb5a5","b1d5697d50014504fea8964eae8d6ad099291a4087058c07ada854c160fad766",8,6,48,"random_foldover","RandomFoldover",1460355589,396495147,0.456382367122262,0.228191183561131,2,0.985200019816304,"ca9a01a59de93df678726f6c31e67dfea0d924fa474b91a9e5bf315edf618429",0.00600000000000023,"pwo","pwo_snr2","ols",2,TRUE,NA,48,378,16,32,0.0497178291458229,0.0520712162550297,136.117476197971,0.10752823422438,0.110949373710084,0.58327554302221,0.616704892879697,0.266196673008999,0.281453238828317,0.0790049219021017,0.16956086049534,0.909722222222222,0.907407407407407,0.857263520962884,0.877737957458254,0.94319442525371,0.976512430682255,0.0468935792860566,0.0485500781874326,0.0491132808879244,0.0508481899537804
"29_pwo_gp_model_specific","db6cb901415724b9f55892557a81f2cbcc3e7f91cf2f712ea45b7b9a2b1eb5a5","b1d5697d50014504fea8964eae8d6ad099291a4087058c07ada854c160fad766",8,6,48,"random_foldover","RandomFoldover",1460355589,396495147,0.456382367122262,0.0912764734244523,5,0.985200019816304,"ca9a01a59de93df678726f6c31e67dfea0d924fa474b91a9e5bf315edf618429",0.00700000000000145,"pwo","pwo_snr5","ols",5,TRUE,NA,48,378,16,32,0.00795485266333167,0.00833139460080476,136.117476197971,0.0430112936897519,0.0443797494840335,0.233310217208884,0.246681957151879,0.1064786692036,0.112581295531327,-0.837285809972052,-0.746729871378815,0.909722222222222,0.907407407407407,0.342905408385154,0.351095182983302,0.94319442525371,0.976512430682255,0.00750297268576906,0.00776801250998922,0.0078581249420679,0.00813571039260487
"29_pwo_gp_model_specific","db6cb901415724b9f55892557a81f2cbcc3e7f91cf2f712ea45b7b9a2b1eb5a5","b1d5697d50014504fea8964eae8d6ad099291a4087058c07ada854c160fad766",8,6,60,"FSA_lambda050","FSA_lambda050",1460355589,396495147,0.456382367122262,0.228191183561131,2,0.985200019816304,"f91e7454d52e62d0770ff943aab708bbdb41026045c5d195d273fc59ad17a3af",0.00399999999999778,"pwo","pwo_snr2","ols",2,TRUE,NA,60,328,16,44,0.0497321628861455,0.0520712162550297,16.3659001359441,0.0456834837937659,0.0468418845977357,0.243301882918605,0.253034893164369,0.111038689251696,0.115480663506883,-0.787364855154026,-0.761101842348013,0.994444444444444,0.990853658536585,0.490617755699707,0.491943897823965,0.299339116807893,0.300887112533614,0.0148867817152851,0.0149637668908637,0.0155869518848934,0.0156675579050893
"29_pwo_gp_model_specific","db6cb901415724b9f55892557a81f2cbcc3e7f91cf2f712ea45b7b9a2b1eb5a5","b1d5697d50014504fea8964eae8d6ad099291a4087058c07ada854c160fad766",8,6,60,"FSA_lambda050","FSA_lambda050",1460355589,396495147,0.456382367122262,0.0912764734244523,5,0.985200019816304,"f91e7454d52e62d0770ff943aab708bbdb41026045c5d195d273fc59ad17a3af",0.00499999999999545,"pwo","pwo_snr5","ols",5,TRUE,NA,60,328,16,44,0.00795714606178327,0.00833139460080476,16.3659001359441,0.0182733935175063,0.0187367538390942,0.0973207531674419,0.101213957265747,0.0444154757006785,0.0461922654027532,-1.70365558702818,-1.67739257422217,0.994444444444444,0.990853658536585,0.196247102279883,0.196777559129586,0.299339116807893,0.300887112533614,0.00238188507444561,0.00239420270253819,0.00249391230158295,0.00250680926481429
"29_pwo_gp_model_specific","db6cb901415724b9f55892557a81f2cbcc3e7f91cf2f712ea45b7b9a2b1eb5a5","b1d5697d50014504fea8964eae8d6ad099291a4087058c07ada854c160fad766",8,6,60,"SA_hamming_foldover","Hamming",1460355589,396495147,0.456382367122262,0.228191183561131,2,0.985200019816304,"f91e7454d52e62d0770ff943aab708bbdb41026045c5d195d273fc59ad17a3af",0.0069999999999979,"pwo","pwo_snr2","ols",2,TRUE,NA,60,328,16,44,0.055670569726854,0.0520712162550297,48.8628765868645,0.0584627137705341,0.0603591147520513,0.353439253393339,0.372700541328166,0.161303443097577,0.170093955279097,-0.430615013490965,-0.381492582545584,0.959722222222222,0.960365853658537,0.617190006510055,0.631437576660197,0.430367130288395,0.449353929343542,0.0239587833348661,0.0250157892555554,0.0224097399103035,0.0233984056298949
"29_pwo_gp_model_specific","db6cb901415724b9f55892557a81f2cbcc3e7f91cf2f712ea45b7b9a2b1eb5a5","b1d5697d50014504fea8964eae8d6ad099291a4087058c07ada854c160fad766",8,6,60,"SA_hamming_foldover","Hamming",1460355589,396495147,0.456382367122262,0.0912764734244523,5,0.985200019816304,"f91e7454d52e62d0770ff943aab708bbdb41026045c5d195d273fc59ad17a3af",0.00800000000000267,"pwo","pwo_snr5","ols",5,TRUE,NA,60,328,16,44,0.00890729115629664,0.00833139460080476,48.8628765868645,0.0233850855082137,0.0241436459008205,0.141375701357336,0.149080216531266,0.0645213772390307,0.0680375821116387,-1.34690574536512,-1.29778331441974,0.959722222222222,0.960365853658537,0.246876002604022,0.252575030664079,0.430367130288395,0.449353929343542,0.00383340533357858,0.00400252628088887,0.00358555838564857,0.00374374490078318
"29_pwo_gp_model_specific","db6cb901415724b9f55892557a81f2cbcc3e7f91cf2f712ea45b7b9a2b1eb5a5","b1d5697d50014504fea8964eae8d6ad099291a4087058c07ada854c160fad766",8,6,60,"SA_l2_position_foldover","L2",1460355589,396495147,0.456382367122262,0.228191183561131,2,0.985200019816304,"f91e7454d52e62d0770ff943aab708bbdb41026045c5d195d273fc59ad17a3af",0.00800000000000267,"pwo","pwo_snr2","ols",2,TRUE,NA,60,328,16,44,0.049929911163757,0.0520712162550297,82.7563118508791,0.0536537631976625,0.0551111562438983,0.310373028153962,0.312482880959243,0.14164877727981,0.142611676897363,-0.583712691260237,-0.564505669044913,0.991666666666667,0.98780487804878,0.642633144246838,0.656721128681546,0.531198382416296,0.550964839640331,0.026522688044377,0.0275096254975953,0.0276601458451209,0.0286894093138295
"29_pwo_gp_model_specific","db6cb901415724b9f55892557a81f2cbcc3e7f91cf2f712ea45b7b9a2b1eb5a5","b1d5697d50014504fea8964eae8d6ad099291a4087058c07ada854c160fad766",8,6,60,"SA_l2_position_foldover","L2",1460355589,396495147,0.456382367122262,0.0912764734244523,5,0.985200019816304,"f91e7454d52e62d0770ff943aab708bbdb41026045c5d195d273fc59ad17a3af",0.00800000000000267,"pwo","pwo_snr5","ols",5,TRUE,NA,60,328,16,44,0.00798878578620111,0.00833139460080476,82.7563118508791,0.021461505279065,0.0220444624975594,0.124149211261585,0.124993152383697,0.0566595109119239,0.0570446707589453,-1.50000342313439,-1.48079640091907,0.991666666666667,0.98780487804878,0.257053257698735,0.262688451472618,0.531198382416296,0.550964839640331,0.00424363008710033,0.00440154007961526,0.00442562333521934,0.00459030549021271
"29_pwo_gp_model_specific","db6cb901415724b9f55892557a81f2cbcc3e7f91cf2f712ea45b7b9a2b1eb5a5","b1d5697d50014504fea8964eae8d6ad099291a4087058c07ada854c160fad766",8,6,60,"random_foldover","RandomFoldover",1460355589,396495147,0.456382367122262,0.228191183561131,2,0.985200019816304,"f91e7454d52e62d0770ff943aab708bbdb41026045c5d195d273fc59ad17a3af",0.00799999999999557,"pwo","pwo_snr2","ols",2,TRUE,NA,60,328,16,44,0.0290979560016,0.0520712162550297,54.9778605906738,0.0325251522124708,0.0335282010758545,0.248950800579103,0.246219492367788,0.113616755665273,0.112370234758453,-0.746572811457725,-0.764018793025445,0.959722222222222,0.963414634146341,0.449623043947501,0.459161491957487,0.439190489058292,0.455830472561933,0.0127795455269394,0.0132637350347957,0.0228691829329066,0.0237356471124048
"29_pwo_gp_model_specific","db6cb901415724b9f55892557a81f2cbcc3e7f91cf2f712ea45b7b9a2b1eb5a5","b1d5697d50014504fea8964eae8d6ad099291a4087058c07ada854c160fad766",8,6,60,"random_foldover","RandomFoldover",1460355589,396495147,0.456382367122262,0.0912764734244523,5,0.985200019816304,"f91e7454d52e62d0770ff943aab708bbdb41026045c5d195d273fc59ad17a3af",0.00799999999999557,"pwo","pwo_snr5","ols",5,TRUE,NA,60,328,16,44,0.00465567296025601,0.00833139460080476,54.9778605906738,0.0130100608849883,0.0134112804303418,0.0995803202316413,0.0984877969471151,0.0454467022661093,0.0449480939033811,-1.66286354333188,-1.6803095248996,0.959722222222222,0.963414634146341,0.179849217579001,0.183664596782995,0.439190489058292,0.455830472561933,0.0020447272843103,0.00212219760556731,0.00365906926926506,0.00379770353798477
"29_pwo_gp_model_specific","db6cb901415724b9f55892557a81f2cbcc3e7f91cf2f712ea45b7b9a2b1eb5a5","b1d5697d50014504fea8964eae8d6ad099291a4087058c07ada854c160fad766",9,6,48,"FSA_lambda050","FSA_lambda050",1460355590,396495148,1.23139928719066,0.615699643595328,2,0.938257769543095,"5dae3e976f33edc808a88c07477aed89a1c99f6c027230fa8051b90d3e463460",0.00799999999999912,"pwo","pwo_snr2","ols",2,TRUE,NA,48,396,16,32,0.43125552754749,0.379086051123414,34.2408460874321,0.132682346698523,0.136166651070847,0.292849397703245,0.30389730504186,0.360614539585989,0.374218924807708,0.431791277036971,0.453930211475339,0.990277777777778,0.992424242424242,1.77803689541898,1.80172402596752,0.449134240819122,0.46069935907074,0.193691623964092,0.198679145136842,0.170260525776434,0.174644700785214
"29_pwo_gp_model_specific","db6cb901415724b9f55892557a81f2cbcc3e7f91cf2f712ea45b7b9a2b1eb5a5","b1d5697d50014504fea8964eae8d6ad099291a4087058c07ada854c160fad766",9,6,48,"FSA_lambda050","FSA_lambda050",1460355590,396495148,1.23139928719066,0.246279857438131,5,0.938257769543095,"5dae3e976f33edc808a88c07477aed89a1c99f6c027230fa8051b90d3e463460",0.0069999999999979,"pwo","pwo_snr5","ols",5,TRUE,NA,48,396,16,32,0.0690008844075985,0.0606537681797462,34.2408460874321,0.0530729386794093,0.0544666604283389,0.117139759081298,0.121558922016744,0.144245815834396,0.149687569923083,-0.484499454837183,-0.462360520398816,0.990277777777778,0.992424242424242,0.71121475816759,0.720689610387009,0.449134240819122,0.46069935907074,0.0309906598342548,0.0317886632218948,0.0272416841242294,0.0279431521256343
"29_pwo_gp_model_specific","db6cb901415724b9f55892557a81f2cbcc3e7f91cf2f712ea45b7b9a2b1eb5a5","b1d5697d50014504fea8964eae8d6ad099291a4087058c07ada854c160fad766",9,6,48,"SA_hamming_foldover","Hamming",1460355590,396495148,1.23139928719066,0.615699643595328,2,0.938257769543095,"5dae3e976f33edc808a88c07477aed89a1c99f6c027230fa8051b90d3e463460",0.0069999999999979,"pwo","pwo_snr2","ols",2,TRUE,NA,48,396,16,32,0.341973576419348,0.379086051123414,112.602795567832,0.168020438686962,0.17308928204808,0.339605062134337,0.35613978124235,0.418189431438561,0.438550272762067,0.578006834798056,0.624098068649907,0.990277777777778,0.984848484848485,2.06850691711946,2.1153162062706,0.78690783717138,0.814954141100782,0.269101687389911,0.278692782249993,0.298305784591365,0.308937747196569
"29_pwo_gp_model_specific","db6cb901415724b9f55892557a81f2cbcc3e7f91cf2f712ea45b7b9a2b1eb5a5","b1d5697d50014504fea8964eae8d6ad099291a4087058c07ada854c160fad766",9,6,48,"SA_hamming_foldover","Hamming",1460355590,396495148,1.23139928719066,0.246279857438131,5,0.938257769543095,"5dae3e976f33edc808a88c07477aed89a1c99f6c027230fa8051b90d3e463460",0.0069999999999979,"pwo","pwo_snr5","ols",5,TRUE,NA,48,396,16,32,0.0547157722270957,0.0606537681797462,112.602795567832,0.0672081754747847,0.0692357128192319,0.135842024853735,0.14245591249694,0.167275772575424,0.175420109104826,-0.3382838970761,-0.292192663224249,0.990277777777778,0.984848484848485,0.827402766847783,0.846126482508241,0.78690783717138,0.814954141100782,0.0430562699823857,0.0445908451599988,0.0477289255346184,0.0494300395514511
"29_pwo_gp_model_specific","db6cb901415724b9f55892557a81f2cbcc3e7f91cf2f712ea45b7b9a2b1eb5a5","b1d5697d50014504fea8964eae8d6ad099291a4087058c07ada854c160fad766",9,6,48,"SA_l2_position_foldover","L2",1460355590,396495148,1.23139928719066,0.615699643595328,2,0.938257769543095,"5dae3e976f33edc808a88c07477aed89a1c99f6c027230fa8051b90d3e463460",0.00600000000000023,"pwo","pwo_snr2","ols",2,TRUE,NA,48,396,16,32,0.329232861126824,0.379086051123414,96.4253608277718,0.233273612750868,0.238351386253436,0.468914922783238,0.488364793963724,0.577421501668341,0.601372059175942,0.899237861830156,0.969825474119111,0.905555555555556,0.888888888888889,1.89944960494217,1.95220572227466,0.696560237231045,0.732086203764636,0.229330519850757,0.241026835456906,0.264056269701506,0.277523668067067
"29_pwo_gp_model_specific","db6cb901415724b9f55892557a81f2cbcc3e7f91cf2f712ea45b7b9a2b1eb5a5","b1d5697d50014504fea8964eae8d6ad099291a4087058c07ada854c160fad766",9,6,48,"SA_l2_position_foldover","L2",1460355590,396495148,1.23139928719066,0.246279857438131,5,0.938257769543095,"5dae3e976f33edc808a88c07477aed89a1c99f6c027230fa8051b90d3e463460",0.0069999999999979,"pwo","pwo_snr5","ols",5,TRUE,NA,48,396,16,32,0.0526772577802919,0.0606537681797462,96.4253608277718,0.0933094451003474,0.0953405545013744,0.187565969113295,0.19534591758549,0.230968600667336,0.240548823670377,-0.017052870043999,0.0535347422449561,0.905555555555556,0.888888888888889,0.759779841976868,0.780882288909864,0.696560237231045,0.732086203764636,0.036692883176121,0.038564293673105,0.0422490031522409,0.0444037868907307
"29_pwo_gp_model_specific","db6cb901415724b9f55892557a81f2cbcc3e7f91cf2f712ea45b7b9a2b1eb5a5","b1d5697d50014504fea8964eae8d6ad099291a4087058c07ada854c160fad766",9,6,48,"random_foldover","RandomFoldover",1460355590,396495148,1.23139928719066,0.615699643595328,2,0.938257769543095,"5dae3e976f33edc808a88c07477aed89a1c99f6c027230fa8051b90d3e463460",0.00600000000000023,"pwo","pwo_snr2","ols",2,TRUE,NA,48,396,16,32,0.430326496554655,0.379086051123414,133.097314747991,0.273476489987607,0.281812809072975,0.554745308285286,0.564652546743883,0.683112977194862,0.695312743570806,1.00256837977749,1.0373293354567,0.9625,0.95959595959596,2.40088463946095,2.46583701459015,0.846388243872849,0.887026732690703,0.36422328771085,0.381711106229113,0.32085397708704,0.336259461336623
"29_pwo_gp_model_specific","db6cb901415724b9f55892557a81f2cbcc3e7f91cf2f712ea45b7b9a2b1eb5a5","b1d5697d50014504fea8964eae8d6ad099291a4087058c07ada854c160fad766",9,6,48,"random_foldover","RandomFoldover",1460355590,396495148,1.23139928719066,0.246279857438131,5,0.938257769543095,"5dae3e976f33edc808a88c07477aed89a1c99f6c027230fa8051b90d3e463460",0.0069999999999979,"pwo","pwo_snr5","ols",5,TRUE,NA,48,396,16,32,0.0688522394487448,0.0606537681797462,133.097314747991,0.109390595995043,0.11272512362919,0.221898123314114,0.225861018697553,0.273245190877944,0.278125097428322,0.0862776479033381,0.121038603582539,0.9625,0.95959595959596,0.960353855784379,0.98633480583606,0.846388243872849,0.887026732690703,0.058275726033736,0.0610737769966581,0.0513366363339263,0.0538015138138596
"29_pwo_gp_model_specific","db6cb901415724b9f55892557a81f2cbcc3e7f91cf2f712ea45b7b9a2b1eb5a5","b1d5697d50014504fea8964eae8d6ad099291a4087058c07ada854c160fad766",9,6,60,"FSA_lambda050","FSA_lambda050",1460355590,396495148,1.23139928719066,0.615699643595328,2,0.938257769543095,"2ba212d6d11640e7e03c8167e0a4cc8fe1f924dc092f9286054267e0ae8c8960",0.00800000000000267,"pwo","pwo_snr2","ols",2,TRUE,NA,60,372,16,44,0.269759072456686,0.379086051123414,18.4314817223268,0.0686755588100189,0.0690983425296503,0.215283936193474,0.209724242782105,0.265100485572243,0.258254283068484,0.113378698122527,0.0902819889537331,0.965277777777778,0.973118279569892,1.15615977625617,1.16243541803718,0.307073950994427,0.310247239964882,0.0828359841958666,0.0836920076851736,0.116407451485342,0.117610401070225
"29_pwo_gp_model_specific","db6cb901415724b9f55892557a81f2cbcc3e7f91cf2f712ea45b7b9a2b1eb5a5","b1d5697d50014504fea8964eae8d6ad099291a4087058c07ada854c160fad766",9,6,60,"FSA_lambda050","FSA_lambda050",1460355590,396495148,1.23139928719066,0.246279857438131,5,0.938257769543095,"2ba212d6d11640e7e03c8167e0a4cc8fe1f924dc092f9286054267e0ae8c8960",0.017000000000003,"pwo","pwo_snr5","ols",5,TRUE,NA,60,372,16,44,0.0431614515930698,0.0606537681797462,18.4314817223268,0.0274702235240077,0.0276393370118602,0.0861135744773901,0.0838896971128422,0.106040194228898,0.103301713227394,-0.802912033751625,-0.826008742920419,0.965277777777778,0.973118279569892,0.462463910502466,0.464974167214871,0.307073950994427,0.310247239964882,0.0132537574713387,0.0133907212296278,0.0186251922376547,0.0188176641712361
"29_pwo_gp_model_specific","db6cb901415724b9f55892557a81f2cbcc3e7f91cf2f712ea45b7b9a2b1eb5a5","b1d5697d50014504fea8964eae8d6ad099291a4087058c07ada854c160fad766",9,6,60,"SA_hamming_foldover","Hamming",1460355590,396495148,1.23139928719066,0.615699643595328,2,0.938257769543095,"2ba212d6d11640e7e03c8167e0a4cc8fe1f924dc092f9286054267e0ae8c8960",0.00900000000000034,"pwo","pwo_snr2","ols",2,TRUE,NA,60,372,16,44,0.331403406397176,0.379086051123414,53.8933083153364,0.118790874046965,0.120522512421509,0.268013875589993,0.276422926268709,0.330032095358723,0.340386994370443,0.299727685655427,0.321674095591289,0.994444444444444,0.991935483870968,1.56413701314157,1.59022140254713,0.468855339199066,0.482573852641841,0.155380256518074,0.159926618603715,0.177736519085103,0.182937016173408
"29_pwo_gp_model_specific","db6cb901415724b9f55892557a81f2cbcc3e7f91cf2f712ea45b7b9a2b1eb5a5","b1d5697d50014504fea8964eae8d6ad099291a4087058c07ada854c160fad766",9,6,60,"SA_hamming_foldover","Hamming",1460355590,396495148,1.23139928719066,0.246279857438131,5,0.938257769543095,"2ba212d6d11640e7e03c8167e0a4cc8fe1f924dc092f9286054267e0ae8c8960",0.00800000000000267,"pwo","pwo_snr5","ols",5,TRUE,NA,60,372,16,44,0.0530245450235481,0.0606537681797462,53.8933083153364,0.047516349618786,0.0482090049686034,0.107205550235997,0.110569170507483,0.132012838143489,0.136154797748177,-0.616563046218729,-0.594616636282866,0.994444444444444,0.991935483870968,0.62565480525663,0.636088561018851,0.468855339199066,0.482573852641841,0.0248608410428918,0.0255882589765944,0.0284378430536164,0.0292699225877452
"29_pwo_gp_model_specific","db6cb901415724b9f55892557a81f2cbcc3e7f91cf2f712ea45b7b9a2b1eb5a5","b1d5697d50014504fea8964eae8d6ad099291a4087058c07ada854c160fad766",9,6,60,"SA_l2_position_foldover","L2",1460355590,396495148,1.23139928719066,0.615699643595328,2,0.938257769543095,"2ba212d6d11640e7e03c8167e0a4cc8fe1f924dc092f9286054267e0ae8c8960",0.00800000000000267,"pwo","pwo_snr2","ols",2,TRUE,NA,60,372,16,44,0.232957849815398,0.379086051123414,27.9340285232033,0.131003236275169,0.134733513367648,0.269604827843249,0.257588398979949,0.331991192829336,0.317194170892492,0.310721273498874,0.279684670559073,0.926388888888889,0.935483870967742,1.19665451724995,1.21564717737355,0.385260209723609,0.396554242310006,0.0897493900766411,0.0923804236237132,0.146046771559101,0.150328181773538
"29_pwo_gp_model_specific","db6cb901415724b9f55892557a81f2cbcc3e7f91cf2f712ea45b7b9a2b1eb5a5","b1d5697d50014504fea8964eae8d6ad099291a4087058c07ada854c160fad766",9,6,60,"SA_l2_position_foldover","L2",1460355590,396495148,1.23139928719066,0.246279857438131,5,0.938257769543095,"2ba212d6d11640e7e03c8167e0a4cc8fe1f924dc092f9286054267e0ae8c8960",0.00800000000000267,"pwo","pwo_snr5","ols",5,TRUE,NA,60,372,16,44,0.0372732559704637,0.0606537681797462,27.9340285232033,0.0524012945100676,0.0538934053470592,0.107841931137299,0.10303535959198,0.132796477131734,0.126877668356997,-0.605569458375282,-0.636606061315083,0.926388888888889,0.935483870967742,0.478661806899981,0.48625887094942,0.385260209723609,0.396554242310006,0.0143599024122626,0.0147808677797941,0.0233674834494562,0.024052509083766
"29_pwo_gp_model_specific","db6cb901415724b9f55892557a81f2cbcc3e7f91cf2f712ea45b7b9a2b1eb5a5","b1d5697d50014504fea8964eae8d6ad099291a4087058c07ada854c160fad766",9,6,60,"random_foldover","RandomFoldover",1460355590,396495148,1.23139928719066,0.615699643595328,2,0.938257769543095,"2ba212d6d11640e7e03c8167e0a4cc8fe1f924dc092f9286054267e0ae8c8960",0.00900000000000034,"pwo","pwo_snr2","ols",2,TRUE,NA,60,372,16,44,0.287115100691114,0.379086051123414,68.2701296423639,0.144890636062001,0.149454388953121,0.387057342272781,0.382903852512281,0.476622135376612,0.471507531046179,0.74825590380036,0.712787502429323,0.872222222222222,0.89247311827957,1.51329671599285,1.54994705802745,0.50952006013665,0.531524066799593,0.146290903370277,0.152608585958916,0.193151947565367,0.201493359560116
"29_pwo_gp_model_specific","db6cb901415724b9f55892557a81f2cbcc3e7f91cf2f712ea45b7b9a2b1eb5a5","b1d5697d50014504fea8964eae8d6ad099291a4087058c07ada854c160fad766",9,6,60,"random_foldover","RandomFoldover",1460355590,396495148,1.23139928719066,0.246279857438131,5,0.938257769543095,"2ba212d6d11640e7e03c8167e0a4cc8fe1f924dc092f9286054267e0ae8c8960",0.00800000000000267,"pwo","pwo_snr5","ols",5,TRUE,NA,60,372,16,44,0.0459384161105783,0.0606537681797462,68.2701296423639,0.0579562544248004,0.0597817555812483,0.154822936909112,0.153161541004912,0.190648854150645,0.188603012418472,-0.168034828073794,-0.203503229444832,0.872222222222222,0.89247311827957,0.605318686397141,0.619978823210982,0.50952006013665,0.531524066799593,0.0234065445392443,0.0244173737534265,0.0309043116104588,0.0322389375296185
"29_pwo_gp_model_specific","db6cb901415724b9f55892557a81f2cbcc3e7f91cf2f712ea45b7b9a2b1eb5a5","b1d5697d50014504fea8964eae8d6ad099291a4087058c07ada854c160fad766",10,6,48,"FSA_lambda050","FSA_lambda050",180538179,401256162,1.28397032535716,0.64198516267858,2,1.00090333367369,"29bab431b9e3a2cef27152d7ab2bcb0c181400458eb1571b33436f262765406a",0.00799999999999912,"pwo","pwo_snr2","ols",2,TRUE,NA,48,398,16,32,0.550119028524529,0.412144949099443,39.9186694877442,0.193298371908202,0.198345386050615,0.390016018054528,0.399977549729588,0.500768993595977,0.513559304661858,0.705427813520199,0.735105611150053,0.966666666666667,0.962311557788945,1.97390264803182,1.99968732640267,0.435772092197894,0.447220519675713,0.239726520018007,0.246024517820238,0.179601266757859,0.184319678317973
"29_pwo_gp_model_specific","db6cb901415724b9f55892557a81f2cbcc3e7f91cf2f712ea45b7b9a2b1eb5a5","b1d5697d50014504fea8964eae8d6ad099291a4087058c07ada854c160fad766",10,6,48,"FSA_lambda050","FSA_lambda050",180538179,401256162,1.28397032535716,0.256794065071432,5,1.00090333367369,"29bab431b9e3a2cef27152d7ab2bcb0c181400458eb1571b33436f262765406a",0.0139999999999993,"pwo","pwo_snr5","ols",5,TRUE,NA,48,398,16,32,0.0880190445639247,0.0659431918559108,39.9186694877442,0.0773193487632808,0.0793381544202459,0.156006407221811,0.159991019891835,0.200307597438391,0.205423721864744,-0.210862918353955,-0.181185120724101,0.966666666666667,0.962311557788945,0.789561059212727,0.799874930561067,0.435772092197894,0.447220519675713,0.0383562432028811,0.0393639228512381,0.0287362026812574,0.0294911485308757
"29_pwo_gp_model_specific","db6cb901415724b9f55892557a81f2cbcc3e7f91cf2f712ea45b7b9a2b1eb5a5","b1d5697d50014504fea8964eae8d6ad099291a4087058c07ada854c160fad766",10,6,48,"SA_hamming_foldover","Hamming",180538179,401256162,1.28397032535716,0.64198516267858,2,1.00090333367369,"29bab431b9e3a2cef27152d7ab2bcb0c181400458eb1571b33436f262765406a",0.00400000000000134,"pwo","pwo_snr2","ols",2,TRUE,NA,48,398,16,32,0.479199052808601,0.412144949099443,78.2176059512541,0.131859633115919,0.132268538933534,0.286848924982134,0.300009539501457,0.368305507537663,0.385203346043937,0.538252999835142,0.568716048177052,1,1,2.34410599191637,2.40244415093321,0.719446161588149,0.749814060242976,0.344757919179825,0.359310187451005,0.296516101647537,0.309032077692888
"29_pwo_gp_model_specific","db6cb901415724b9f55892557a81f2cbcc3e7f91cf2f712ea45b7b9a2b1eb5a5","b1d5697d50014504fea8964eae8d6ad099291a4087058c07ada854c160fad766",10,6,48,"SA_hamming_foldover","Hamming",180538179,401256162,1.28397032535716,0.256794065071432,5,1.00090333367369,"29bab431b9e3a2cef27152d7ab2bcb0c181400458eb1571b33436f262765406a",0.00399999999999778,"pwo","pwo_snr5","ols",5,TRUE,NA,48,398,16,32,0.0766718484493761,0.0659431918559108,78.2176059512541,0.0527438532463676,0.0529074155734135,0.114739569992854,0.120003815800583,0.147322203015065,0.154081338417575,-0.378037732039012,-0.347574683697102,1,1,0.937642396766548,0.960977660373282,0.719446161588149,0.749814060242976,0.0551612670687719,0.0574896299921608,0.047442576263606,0.0494451324308621
"29_pwo_gp_model_specific","db6cb901415724b9f55892557a81f2cbcc3e7f91cf2f712ea45b7b9a2b1eb5a5","b1d5697d50014504fea8964eae8d6ad099291a4087058c07ada854c160fad766",10,6,48,"SA_l2_position_foldover","L2",180538179,401256162,1.28397032535716,0.64198516267858,2,1.00090333367369,"29bab431b9e3a2cef27152d7ab2bcb0c181400458eb1571b33436f262765406a",0.00600000000000023,"pwo","pwo_snr2","ols",2,TRUE,NA,48,398,16,32,0.349151482946894,0.412144949099443,54.3023122383205,0.199441486558736,0.204649728374282,0.407357905443784,0.408948953835816,0.523035462389466,0.525078321311043,0.748663787035264,0.779653095973482,0.927777777777778,0.9321608040201,1.83143007449956,1.84907895617139,0.595648630416096,0.605014169054634,0.207971602625066,0.211241594329308,0.245493574463994,0.249353533909464
"29_pwo_gp_model_specific","db6cb901415724b9f55892557a81f2cbcc3e7f91cf2f712ea45b7b9a2b1eb5a5","b1d5697d50014504fea8964eae8d6ad099291a4087058c07ada854c160fad766",10,6,48,"SA_l2_position_foldover","L2",180538179,401256162,1.28397032535716,0.256794065071432,5,1.00090333367369,"29bab431b9e3a2cef27152d7ab2bcb0c181400458eb1571b33436f262765406a",0.00800000000000267,"pwo","pwo_snr5","ols",5,TRUE,NA,48,398,16,32,0.0558642372715031,0.0659431918559108,54.3023122383205,0.0797765946234947,0.0818598913497128,0.162943162177514,0.163579581534327,0.209214184955787,0.210031328524418,-0.167626944838889,-0.136637635900671,0.927777777777778,0.9321608040201,0.732572029799823,0.739631582468557,0.595648630416096,0.605014169054634,0.0332754564200106,0.0337986550926893,0.0392789719142391,0.0398965654255142
"29_pwo_gp_model_specific","db6cb901415724b9f55892557a81f2cbcc3e7f91cf2f712ea45b7b9a2b1eb5a5","b1d5697d50014504fea8964eae8d6ad099291a4087058c07ada854c160fad766",10,6,48,"random_foldover","RandomFoldover",180538179,401256162,1.28397032535716,0.64198516267858,2,1.00090333367369,"29bab431b9e3a2cef27152d7ab2bcb0c181400458eb1571b33436f262765406a",0.00800000000000267,"pwo","pwo_snr2","ols",2,TRUE,NA,48,398,16,32,0.470606422940061,0.412144949099443,164.916823206383,0.203252962917463,0.209912199803398,0.56146546277907,0.580251202113075,0.720904992921251,0.745025324766008,1.0823893930189,1.13547504063886,0.934722222222222,0.924623115577889,2.6458311556221,2.74245958970462,0.95938346087014,1.02103024731779,0.451492018747953,0.480503392403829,0.395405047647171,0.420812459309781
"29_pwo_gp_model_specific","db6cb901415724b9f55892557a81f2cbcc3e7f91cf2f712ea45b7b9a2b1eb5a5","b1d5697d50014504fea8964eae8d6ad099291a4087058c07ada854c160fad766",10,6,48,"random_foldover","RandomFoldover",180538179,401256162,1.28397032535716,0.256794065071432,5,1.00090333367369,"29bab431b9e3a2cef27152d7ab2bcb0c181400458eb1571b33436f262765406a",0.00600000000000023,"pwo","pwo_snr5","ols",5,TRUE,NA,48,398,16,32,0.0752970276704098,0.0659431918559108,164.916823206383,0.081301185166985,0.0839648799213591,0.224586185111628,0.23210048084523,0.2883619971685,0.298010129906403,0.166098661144749,0.219184308764704,0.934722222222222,0.924623115577889,1.05833246224884,1.09698383588185,0.95938346087014,1.02103024731779,0.0722387229996725,0.0768805427846127,0.0632648076235474,0.0673299934895649
"29_pwo_gp_model_specific","db6cb901415724b9f55892557a81f2cbcc3e7f91cf2f712ea45b7b9a2b1eb5a5","b1d5697d50014504fea8964eae8d6ad099291a4087058c07ada854c160fad766",10,6,60,"FSA_lambda050","FSA_lambda050",180538179,401256162,1.28397032535716,0.64198516267858,2,1.00090333367369,"c6ae59e5c2df5eb55e65f15b1406b087ccc6d47e039a384b161645bd7c1a5e93",0.00800000000000267,"pwo","pwo_snr2","ols",2,TRUE,NA,60,332,16,44,0.567980922634086,0.412144949099443,31.7153320795571,0.147602295783548,0.151788233189557,0.29591210343421,0.290681262667556,0.379942359723544,0.373226115402492,0.46893107287433,0.465763333342549,0.986111111111111,0.996987951807229,1.78701469422771,1.82021235293917,0.352324529911842,0.365115995490471,0.200113611565949,0.207378919987141,0.145208775447001,0.150480713376813
"29_pwo_gp_model_specific","db6cb901415724b9f55892557a81f2cbcc3e7f91cf2f712ea45b7b9a2b1eb5a5","b1d5697d50014504fea8964eae8d6ad099291a4087058c07ada854c160fad766",10,6,60,"FSA_lambda050","FSA_lambda050",180538179,401256162,1.28397032535716,0.256794065071432,5,1.00090333367369,"c6ae59e5c2df5eb55e65f15b1406b087ccc6d47e039a384b161645bd7c1a5e93",0.00900000000000034,"pwo","pwo_snr5","ols",5,TRUE,NA,60,332,16,44,0.0908769476214537,0.0659431918559108,31.7153320795571,0.0590409183134195,0.0607152932758228,0.118364841373684,0.116272505067022,0.151976943889418,0.149290446160997,-0.447359658999824,-0.450527398531605,0.986111111111111,0.996987951807229,0.714805877691083,0.728084941175669,0.352324529911842,0.365115995490471,0.0320181778505518,0.0331806271979425,0.0232334040715202,0.02407691414029
"29_pwo_gp_model_specific","db6cb901415724b9f55892557a81f2cbcc3e7f91cf2f712ea45b7b9a2b1eb5a5","b1d5697d50014504fea8964eae8d6ad099291a4087058c07ada854c160fad766",10,6,60,"SA_hamming_foldover","Hamming",180538179,401256162,1.28397032535716,0.64198516267858,2,1.00090333367369,"c6ae59e5c2df5eb55e65f15b1406b087ccc6d47e039a384b161645bd7c1a5e93",0.00499999999999545,"pwo","pwo_snr2","ols",2,TRUE,NA,60,332,16,44,0.244992667731697,0.412144949099443,35.7113488893862,0.139329691370707,0.141017243977088,0.272666677070377,0.265782341741764,0.350095922072108,0.34125663980036,0.444594980027528,0.402453921622928,0.908333333333333,0.91566265060241,1.20405556235869,1.22680935564907,0.371111657775921,0.384682213453426,0.0909196350648554,0.0942443217028888,0.152951795304267,0.158544831283223
"29_pwo_gp_model_specific","db6cb901415724b9f55892557a81f2cbcc3e7f91cf2f712ea45b7b9a2b1eb5a5","b1d5697d50014504fea8964eae8d6ad099291a4087058c07ada854c160fad766",10,6,60,"SA_hamming_foldover","Hamming",180538179,401256162,1.28397032535716,0.256794065071432,5,1.00090333367369,"c6ae59e5c2df5eb55e65f15b1406b087ccc6d47e039a384b161645bd7c1a5e93",0.00900000000000034,"pwo","pwo_snr5","ols",5,TRUE,NA,60,332,16,44,0.0391988268370715,0.0659431918559108,35.7113488893862,0.0557318765482828,0.0564068975908353,0.109066670828151,0.106312936696705,0.140038368828843,0.136502655920144,-0.471695751846628,-0.513836810251228,0.908333333333333,0.91566265060241,0.481622224943478,0.490723742259628,0.371111657775921,0.384682213453426,0.0145471416103769,0.0150790914724622,0.0244722872486827,0.0253671730053157
"29_pwo_gp_model_specific","db6cb901415724b9f55892557a81f2cbcc3e7f91cf2f712ea45b7b9a2b1eb5a5","b1d5697d50014504fea8964eae8d6ad099291a4087058c07ada854c160fad766",10,6,60,"SA_l2_position_foldover","L2",180538179,401256162,1.28397032535716,0.64198516267858,2,1.00090333367369,"c6ae59e5c2df5eb55e65f15b1406b087ccc6d47e039a384b161645bd7c1a5e93",0.00800000000000267,"pwo","pwo_snr2","ols",2,TRUE,NA,60,332,16,44,0.438691009158445,0.412144949099443,86.0070311014982,0.158758885004419,0.163462706043185,0.3212831253481,0.329456462301952,0.412517998984966,0.423012321092856,0.519475490420896,0.53962131812653,0.980555555555556,0.97289156626506,1.78135472644702,1.82261093973484,0.464794851175513,0.484833876504947,0.203901322313835,0.212692262558156,0.191562850279415,0.199821833353817
"29_pwo_gp_model_specific","db6cb901415724b9f55892557a81f2cbcc3e7f91cf2f712ea45b7b9a2b1eb5a5","b1d5697d50014504fea8964eae8d6ad099291a4087058c07ada854c160fad766",10,6,60,"SA_l2_position_foldover","L2",180538179,401256162,1.28397032535716,0.256794065071432,5,1.00090333367369,"c6ae59e5c2df5eb55e65f15b1406b087ccc6d47e039a384b161645bd7c1a5e93",0.00800000000000267,"pwo","pwo_snr5","ols",5,TRUE,NA,60,332,16,44,0.0701905614653512,0.0659431918559108,86.0070311014982,0.0635035540017675,0.0653850824172739,0.12851325013924,0.131782584920781,0.165007199593986,0.169204928437142,-0.39681524145326,-0.376669413747627,0.980555555555556,0.97289156626506,0.71254189057881,0.729044375893938,0.464794851175513,0.484833876504947,0.0326242115702136,0.034030762009305,0.0306500560447063,0.0319714933366107
"29_pwo_gp_model_specific","db6cb901415724b9f55892557a81f2cbcc3e7f91cf2f712ea45b7b9a2b1eb5a5","b1d5697d50014504fea8964eae8d6ad099291a4087058c07ada854c160fad766",10,6,60,"random_foldover","RandomFoldover",180538179,401256162,1.28397032535716,0.64198516267858,2,1.00090333367369,"c6ae59e5c2df5eb55e65f15b1406b087ccc6d47e039a384b161645bd7c1a5e93",0.00800000000000267,"pwo","pwo_snr2","ols",2,TRUE,NA,60,332,16,44,0.395833616419404,0.412144949099443,48.25759053216,0.108418951385487,0.110165182143372,0.241505587024012,0.224335004604657,0.310086007146793,0.288039488851241,0.319461905674008,0.289539235603651,0.993055555555556,0.996987951807229,1.63543253235188,1.6557744591439,0.427013806212354,0.437432239039454,0.169026419174051,0.173150385117424,0.17599158342615,0.180285487893371
"29_pwo_gp_model_specific","db6cb901415724b9f55892557a81f2cbcc3e7f91cf2f712ea45b7b9a2b1eb5a5","b1d5697d50014504fea8964eae8d6ad099291a4087058c07ada854c160fad766",10,6,60,"random_foldover","RandomFoldover",180538179,401256162,1.28397032535716,0.256794065071432,5,1.00090333367369,"c6ae59e5c2df5eb55e65f15b1406b087ccc6d47e039a384b161645bd7c1a5e93",0.00800000000000267,"pwo","pwo_snr5","ols",5,TRUE,NA,60,332,16,44,0.0633333786271046,0.0659431918559108,48.25759053216,0.0433675805541951,0.0440660728573489,0.0966022348096051,0.0897340018418629,0.124034402858717,0.115215795540497,-0.596828826200146,-0.626751496270503,0.993055555555556,0.996987951807229,0.654173012940753,0.662309783657558,0.427013806212354,0.437432239039454,0.0270442270678481,0.0277040616187879,0.028158653348184,0.0288456780629394
"29_pwo_gp_model_specific","db6cb901415724b9f55892557a81f2cbcc3e7f91cf2f712ea45b7b9a2b1eb5a5","b1d5697d50014504fea8964eae8d6ad099291a4087058c07ada854c160fad766",11,6,48,"FSA_lambda050","FSA_lambda050",180538180,401256163,0.820368182563342,0.410184091281671,2,1.02280392758648,"64204db9df2c862c28c60d3cbfd8c500ad2438e2fb9488e49c9f5d138b6ef9a4",0.00499999999999901,"pwo","pwo_snr2","ols",2,TRUE,NA,48,394,16,32,0.134134641582167,0.16825098874057,17.0648615887205,0.14048841668601,0.142591196549737,0.46304198343521,0.467530719903091,0.379864910401268,0.38354732697943,0.859055427565733,0.894160849571367,0.741666666666667,0.725888324873096,0.922229801331944,0.917118166503382,0.384434344390552,0.379894242959917,0.0515659629967021,0.0509569781185572,0.0646814585495433,0.0639175819948565
"29_pwo_gp_model_specific","db6cb901415724b9f55892557a81f2cbcc3e7f91cf2f712ea45b7b9a2b1eb5a5","b1d5697d50014504fea8964eae8d6ad099291a4087058c07ada854c160fad766",11,6,48,"FSA_lambda050","FSA_lambda050",180538180,401256163,0.820368182563342,0.164073636512668,5,1.02280392758648,"64204db9df2c862c28c60d3cbfd8c500ad2438e2fb9488e49c9f5d138b6ef9a4",0.0069999999999979,"pwo","pwo_snr5","ols",5,TRUE,NA,48,394,16,32,0.0214615426531468,0.0269201581984913,17.0648615887205,0.056195366674404,0.0570364786198946,0.185216793374084,0.187012287961236,0.151945964160507,0.153418930791772,-0.0572353043084218,-0.0221298823027881,0.741666666666667,0.725888324873096,0.368891920532777,0.366847266601353,0.384434344390552,0.379894242959917,0.00825055407947234,0.00815311649896916,0.0103490333679269,0.010226813119177
"29_pwo_gp_model_specific","db6cb901415724b9f55892557a81f2cbcc3e7f91cf2f712ea45b7b9a2b1eb5a5","b1d5697d50014504fea8964eae8d6ad099291a4087058c07ada854c160fad766",11,6,48,"SA_hamming_foldover","Hamming",180538180,401256163,0.820368182563342,0.410184091281671,2,1.02280392758648,"64204db9df2c862c28c60d3cbfd8c500ad2438e2fb9488e49c9f5d138b6ef9a4",0.00799999999999912,"pwo","pwo_snr2","ols",2,TRUE,NA,48,394,16,32,0.114108038967747,0.16825098874057,79.2797138105223,0.115086201422261,0.118242207689924,0.34986353813758,0.353002512736401,0.287016914927107,0.289592029813855,0.221610774674398,0.225178294810313,0.916666666666667,0.913705583756345,1.06529706223442,1.0773631444648,0.61929947624894,0.630294248744055,0.0706670487685197,0.0719216406968338,0.104197749205402,0.106047630548682
"29_pwo_gp_model_specific","db6cb901415724b9f55892557a81f2cbcc3e7f91cf2f712ea45b7b9a2b1eb5a5","b1d5697d50014504fea8964eae8d6ad099291a4087058c07ada854c160fad766",11,6,48,"SA_hamming_foldover","Hamming",180538180,401256163,0.820368182563342,0.164073636512668,5,1.02280392758648,"64204db9df2c862c28c60d3cbfd8c500ad2438e2fb9488e49c9f5d138b6ef9a4",0.00499999999999901,"pwo","pwo_snr5","ols",5,TRUE,NA,48,394,16,32,0.0182572862348396,0.0269201581984913,79.2797138105223,0.0460344805689045,0.0472968830759695,0.139945415255032,0.14120100509456,0.114806765970843,0.115836811925542,-0.694679957199759,-0.691112437063844,0.916666666666667,0.913705583756345,0.426118824893768,0.430945257785918,0.61929947624894,0.630294248744055,0.0113067278029631,0.0115074625114934,0.0166716398728643,0.0169676208877892
"29_pwo_gp_model_specific","db6cb901415724b9f55892557a81f2cbcc3e7f91cf2f712ea45b7b9a2b1eb5a5","b1d5697d50014504fea8964eae8d6ad099291a4087058c07ada854c160fad766",11,6,48,"SA_l2_position_foldover","L2",180538180,401256163,0.820368182563342,0.410184091281671,2,1.02280392758648,"64204db9df2c862c28c60d3cbfd8c500ad2438e2fb9488e49c9f5d138b6ef9a4",0.00499999999999901,"pwo","pwo_snr2","ols",2,TRUE,NA,48,394,16,32,0.199412703984901,0.16825098874057,69.5182254373262,0.11286282398789,0.116245931856448,0.343722560101238,0.355216171471207,0.281979051936272,0.291408045006943,0.150434596185946,0.177073011029103,0.998611111111111,0.99746192893401,1.39491065949129,1.41935943667395,0.610310184475719,0.630450135766909,0.121703604155827,0.125719766300927,0.10268529197648,0.106073858694409
"29_pwo_gp_model_specific","db6cb901415724b9f55892557a81f2cbcc3e7f91cf2f712ea45b7b9a2b1eb5a5","b1d5697d50014504fea8964eae8d6ad099291a4087058c07ada854c160fad766",11,6,48,"SA_l2_position_foldover","L2",180538180,401256163,0.820368182563342,0.164073636512668,5,1.02280392758648,"64204db9df2c862c28c60d3cbfd8c500ad2438e2fb9488e49c9f5d138b6ef9a4",0.00499999999999901,"pwo","pwo_snr5","ols",5,TRUE,NA,48,394,16,32,0.0319060326375842,0.0269201581984913,69.5182254373262,0.0451451295951561,0.0464983727425791,0.137489024040495,0.142086468588483,0.112791620774509,0.116563218002777,-0.765856135688209,-0.739217720845052,0.998611111111111,0.99746192893401,0.557964263796516,0.567743774669578,0.610310184475719,0.630450135766909,0.0194725766649323,0.0201151626081484,0.0164296467162367,0.0169718173911055
"29_pwo_gp_model_specific","db6cb901415724b9f55892557a81f2cbcc3e7f91cf2f712ea45b7b9a2b1eb5a5","b1d5697d50014504fea8964eae8d6ad099291a4087058c07ada854c160fad766",11,6,48,"random_foldover","RandomFoldover",180538180,401256163,0.820368182563342,0.410184091281671,2,1.02280392758648,"64204db9df2c862c28c60d3cbfd8c500ad2438e2fb9488e49c9f5d138b6ef9a4",0.00799999999999912,"pwo","pwo_snr2","ols",2,TRUE,NA,48,394,16,32,0.184593107559563,0.16825098874057,95.6335147000028,0.078376235745274,0.080696776340126,0.299878533480708,0.297126442087444,0.246010807501328,0.243753079286789,0.169492368039731,0.178110441895073,0.997222222222222,0.99746192893401,1.5017614463264,1.53915885200422,0.777793688698158,0.814120106686068,0.143575354037008,0.150280960419904,0.13086455715964,0.13697651290351
"29_pwo_gp_model_specific","db6cb901415724b9f55892557a81f2cbcc3e7f91cf2f712ea45b7b9a2b1eb5a5","b1d5697d50014504fea8964eae8d6ad099291a4087058c07ada854c160fad766",11,6,48,"random_foldover","RandomFoldover",180538180,401256163,0.820368182563342,0.164073636512668,5,1.02280392758648,"64204db9df2c862c28c60d3cbfd8c500ad2438e2fb9488e49c9f5d138b6ef9a4",0.00799999999999912,"pwo","pwo_snr5","ols",5,TRUE,NA,48,394,16,32,0.02953489720953,0.0269201581984913,95.6335147000028,0.0313504942981096,0.0322787105360504,0.119951413392283,0.118850576834978,0.0984043230005315,0.0975012317147156,-0.746798363834423,-0.738180289979082,0.997222222222222,0.99746192893401,0.600704578530561,0.615663540801688,0.777793688698158,0.814120106686068,0.0229720566459213,0.0240449536671846,0.0209383291455425,0.0219162420645615
"29_pwo_gp_model_specific","db6cb901415724b9f55892557a81f2cbcc3e7f91cf2f712ea45b7b9a2b1eb5a5","b1d5697d50014504fea8964eae8d6ad099291a4087058c07ada854c160fad766",11,6,60,"FSA_lambda050","FSA_lambda050",180538180,401256163,0.820368182563342,0.410184091281671,2,1.02280392758648,"ec38be4c80fb9a4be834e22e84b876869b9c31845187b273094e811c7c5da650",0.00799999999999557,"pwo","pwo_snr2","ols",2,TRUE,NA,60,358,16,44,0.16671633614243,0.16825098874057,24.8358012427448,0.101997398720191,0.1052216105217,0.329780520170019,0.335348878741908,0.270541445976672,0.275109550178154,0.130958185836774,0.141469057172956,0.923611111111111,0.927374301675978,0.936618370855619,0.948877553467404,0.327198944840845,0.335659529830448,0.0545494092735346,0.0559599270046228,0.0550515459843435,0.0564750477741678
"29_pwo_gp_model_specific","db6cb901415724b9f55892557a81f2cbcc3e7f91cf2f712ea45b7b9a2b1eb5a5","b1d5697d50014504fea8964eae8d6ad099291a4087058c07ada854c160fad766",11,6,60,"FSA_lambda050","FSA_lambda050",180538180,401256163,0.820368182563342,0.164073636512668,5,1.02280392758648,"ec38be4c80fb9a4be834e22e84b876869b9c31845187b273094e811c7c5da650",0.0069999999999979,"pwo","pwo_snr5","ols",5,TRUE,NA,60,358,16,44,0.0266746137827888,0.0269201581984913,24.8358012427448,0.0407989594880763,0.0420886442086798,0.131912208068007,0.134139551496763,0.108216578390669,0.110043820071261,-0.785332546037383,-0.774821674701201,0.923611111111111,0.927374301675978,0.374647348342247,0.379551021386962,0.327198944840845,0.335659529830448,0.00872790548376554,0.00895358832073965,0.00880824735749496,0.00903600764386684
"29_pwo_gp_model_specific","db6cb901415724b9f55892557a81f2cbcc3e7f91cf2f712ea45b7b9a2b1eb5a5","b1d5697d50014504fea8964eae8d6ad099291a4087058c07ada854c160fad766",11,6,60,"SA_hamming_foldover","Hamming",180538180,401256163,0.820368182563342,0.410184091281671,2,1.02280392758648,"ec38be4c80fb9a4be834e22e84b876869b9c31845187b273094e811c7c5da650",0.00600000000000023,"pwo","pwo_snr2","ols",2,TRUE,NA,60,358,16,44,0.164999530475364,0.16825098874057,45.3628403326714,0.143473946001135,0.147805267072942,0.434385987780485,0.447877847074811,0.356356443326458,0.367424735415145,0.455787982082734,0.491800423812805,0.870833333333333,0.868715083798883,1.05809913752797,1.0789884141314,0.428283978389582,0.443965727634898,0.0706666553444021,0.0732541366069117,0.0720592028257922,0.0746976726414984
"29_pwo_gp_model_specific","db6cb901415724b9f55892557a81f2cbcc3e7f91cf2f712ea45b7b9a2b1eb5a5","b1d5697d50014504fea8964eae8d6ad099291a4087058c07ada854c160fad766",11,6,60,"SA_hamming_foldover","Hamming",180538180,401256163,0.820368182563342,0.164073636512668,5,1.02280392758648,"ec38be4c80fb9a4be834e22e84b876869b9c31845187b273094e811c7c5da650",0.00800000000000267,"pwo","pwo_snr5","ols",5,TRUE,NA,60,358,16,44,0.0263999248760583,0.0269201581984913,45.3628403326714,0.057389578400454,0.0591221068291767,0.173754395112194,0.179151138829924,0.142542577330584,0.146969894166058,-0.46050274979142,-0.424490308061349,0.870833333333333,0.868715083798883,0.423239655011186,0.431595365652562,0.428283978389582,0.443965727634898,0.0113066648551043,0.0117206618571059,0.0115294724521268,0.0119516276226398
"29_pwo_gp_model_specific","db6cb901415724b9f55892557a81f2cbcc3e7f91cf2f712ea45b7b9a2b1eb5a5","b1d5697d50014504fea8964eae8d6ad099291a4087058c07ada854c160fad766",11,6,60,"SA_l2_position_foldover","L2",180538180,401256163,0.820368182563342,0.410184091281671,2,1.02280392758648,"ec38be4c80fb9a4be834e22e84b876869b9c31845187b273094e811c7c5da650",0.00800000000000267,"pwo","pwo_snr2","ols",2,TRUE,NA,60,358,16,44,0.221963580330111,0.16825098874057,74.4276048229389,0.071699538698488,0.0737935581634516,0.234181185492361,0.226891156708653,0.192114793532897,0.186134285868772,-0.0158451782203567,-0.0162894812780431,0.994444444444444,0.991620111731844,1.29505207876059,1.32079449991641,0.486145241600481,0.503950029037583,0.107906538386089,0.111858552752645,0.0817944175708044,0.0847900906614125
"29_pwo_gp_model_specific","db6cb901415724b9f55892557a81f2cbcc3e7f91cf2f712ea45b7b9a2b1eb5a5","b1d5697d50014504fea8964eae8d6ad099291a4087058c07ada854c160fad766",11,6,60,"SA_l2_position_foldover","L2",180538180,401256163,0.820368182563342,0.164073636512668,5,1.02280392758648,"ec38be4c80fb9a4be834e22e84b876869b9c31845187b273094e811c7c5da650",0.00800000000000267,"pwo","pwo_snr5","ols",5,TRUE,NA,60,358,16,44,0.0355141728528177,0.0269201581984913,74.4276048229389,0.0286798154793952,0.0295174232653806,0.0936724741969443,0.090756462683461,0.0768459174131588,0.0744537143475087,-0.932135910094512,-0.932580213152199,0.994444444444444,0.991620111731844,0.518020831504236,0.528317799966564,0.486145241600481,0.503950029037583,0.0172650461417743,0.0178973684404232,0.0130871068113287,0.013566414505826
"29_pwo_gp_model_specific","db6cb901415724b9f55892557a81f2cbcc3e7f91cf2f712ea45b7b9a2b1eb5a5","b1d5697d50014504fea8964eae8d6ad099291a4087058c07ada854c160fad766",11,6,60,"random_foldover","RandomFoldover",180538180,401256163,0.820368182563342,0.410184091281671,2,1.02280392758648,"ec38be4c80fb9a4be834e22e84b876869b9c31845187b273094e811c7c5da650",0.00900000000000034,"pwo","pwo_snr2","ols",2,TRUE,NA,60,358,16,44,0.242749296846608,0.16825098874057,43.7707790116607,0.0929444475603534,0.0959926101502386,0.353009557799975,0.358195763902865,0.289597809359855,0.293852407834881,0.128800106368987,0.149682107842746,1,1,1.24352070810592,1.26049628105373,0.401770881015399,0.410436343685559,0.0975295988599303,0.0996331338299622,0.0675983479780109,0.0690563206401598
"29_pwo_gp_model_specific","db6cb901415724b9f55892557a81f2cbcc3e7f91cf2f712ea45b7b9a2b1eb5a5","b1d5697d50014504fea8964eae8d6ad099291a4087058c07ada854c160fad766",11,6,60,"random_foldover","RandomFoldover",180538180,401256163,0.820368182563342,0.164073636512668,5,1.02280392758648,"ec38be4c80fb9a4be834e22e84b876869b9c31845187b273094e811c7c5da650",0.00900000000000034,"pwo","pwo_snr5","ols",5,TRUE,NA,60,358,16,44,0.0388398874954573,0.0269201581984913,43.7707790116607,0.0371777790241414,0.0383970440600954,0.14120382311999,0.143278305561146,0.115839123743942,0.117540963133952,-0.787490625505168,-0.766608624031409,1,1,0.497408283242368,0.504198512421492,0.401770881015399,0.410436343685559,0.0156047358175888,0.0159413014127939,0.0108157356764817,0.0110490113024256
"29_pwo_gp_model_specific","db6cb901415724b9f55892557a81f2cbcc3e7f91cf2f712ea45b7b9a2b1eb5a5","b1d5697d50014504fea8964eae8d6ad099291a4087058c07ada854c160fad766",12,6,48,"FSA_lambda050","FSA_lambda050",180538181,401256164,0.695363996532697,0.347681998266349,2,1.00119179047282,"837a71cf75b9bce15d2f30a61749e208b26ecac3b6619bb5b6d2985211013215",0.0069999999999979,"pwo","pwo_snr2","ols",2,TRUE,NA,48,390,16,32,0.155398920409966,0.120882771918481,36.9039752137196,0.0951071823936262,0.097959701017804,0.368331015791052,0.366530222889153,0.256124127187414,0.254871920638222,0.0142571907136986,0.0170629995160146,0.981944444444444,0.984615384615385,1.06040566620405,1.06999698867866,0.44503607621168,0.451890567970156,0.0691581257867825,0.0702233064060087,0.0537971944961923,0.0546257844600493
"29_pwo_gp_model_specific","db6cb901415724b9f55892557a81f2cbcc3e7f91cf2f712ea45b7b9a2b1eb5a5","b1d5697d50014504fea8964eae8d6ad099291a4087058c07ada854c160fad766",12,6,48,"FSA_lambda050","FSA_lambda050",180538181,401256164,0.695363996532697,0.139072799306539,5,1.00119179047282,"837a71cf75b9bce15d2f30a61749e208b26ecac3b6619bb5b6d2985211013215",0.00600000000000023,"pwo","pwo_snr5","ols",5,TRUE,NA,48,390,16,32,0.0248638272655946,0.019341243506957,36.9039752137196,0.0380428729574505,0.0391838804071216,0.147332406316421,0.146612089155661,0.102449650874965,0.101948768255289,-0.902033541160456,-0.899227732358141,0.981944444444444,0.984615384615385,0.424162266481619,0.427998795471466,0.44503607621168,0.451890567970156,0.0110653001258852,0.0112357290249614,0.00860755111939077,0.00874012551360789
"29_pwo_gp_model_specific","db6cb901415724b9f55892557a81f2cbcc3e7f91cf2f712ea45b7b9a2b1eb5a5","b1d5697d50014504fea8964eae8d6ad099291a4087058c07ada854c160fad766",12,6,48,"SA_hamming_foldover","Hamming",180538181,401256164,0.695363996532697,0.347681998266349,2,1.00119179047282,"837a71cf75b9bce15d2f30a61749e208b26ecac3b6619bb5b6d2985211013215",0.0069999999999979,"pwo","pwo_snr2","ols",2,TRUE,NA,48,390,16,32,0.151878008139076,0.120882771918481,52.153477584895,0.100905120658448,0.101998664944404,0.40490510873326,0.414140688417312,0.281556434625266,0.287978524224665,0.161190519494167,0.182213286996325,0.970833333333333,0.976923076923077,1.2043822035367,1.22386237704792,0.590026695136603,0.607237224730984,0.0896120792062289,0.092225980160042,0.0713240624140132,0.073404518937567
"29_pwo_gp_model_specific","db6cb901415724b9f55892557a81f2cbcc3e7f91cf2f712ea45b7b9a2b1eb5a5","b1d5697d50014504fea8964eae8d6ad099291a4087058c07ada854c160fad766",12,6,48,"SA_hamming_foldover","Hamming",180538181,401256164,0.695363996532697,0.139072799306539,5,1.00119179047282,"837a71cf75b9bce15d2f30a61749e208b26ecac3b6619bb5b6d2985211013215",0.00600000000000023,"pwo","pwo_snr5","ols",5,TRUE,NA,48,390,16,32,0.0243004813022521,0.019341243506957,52.153477584895,0.0403620482633793,0.0407994659777616,0.161962043493304,0.165656275366925,0.112622573850106,0.115191409689866,-0.755100212379988,-0.73407744487783,0.970833333333333,0.976923076923077,0.48175288141468,0.489544950819169,0.590026695136603,0.607237224730984,0.0143379326729966,0.0147561568256067,0.0114118499862421,0.0117447230300107
"29_pwo_gp_model_specific","db6cb901415724b9f55892557a81f2cbcc3e7f91cf2f712ea45b7b9a2b1eb5a5","b1d5697d50014504fea8964eae8d6ad099291a4087058c07ada854c160fad766",12,6,48,"SA_l2_position_foldover","L2",180538181,401256164,0.695363996532697,0.347681998266349,2,1.00119179047282,"837a71cf75b9bce15d2f30a61749e208b26ecac3b6619bb5b6d2985211013215",0.00700000000000145,"pwo","pwo_snr2","ols",2,TRUE,NA,48,390,16,32,0.139412308116446,0.120882771918481,98.3206884563731,0.0901425213314681,0.0928849909182733,0.358061239144587,0.365143539893733,0.24898289425503,0.253907671208602,0.0912083130758184,0.112454580964541,0.998611111111111,1,1.38805851489064,1.42845532912216,0.885857142914831,0.935484584837192,0.123499388955197,0.130418065179509,0.107084866959331,0.113083969702129
"29_pwo_gp_model_specific","db6cb901415724b9f55892557a81f2cbcc3e7f91cf2f712ea45b7b9a2b1eb5a5","b1d5697d50014504fea8964eae8d6ad099291a4087058c07ada854c160fad766",12,6,48,"SA_l2_position_foldover","L2",180538181,401256164,0.695363996532697,0.139072799306539,5,1.00119179047282,"837a71cf75b9bce15d2f30a61749e208b26ecac3b6619bb5b6d2985211013215",0.0139999999999993,"pwo","pwo_snr5","ols",5,TRUE,NA,48,390,16,32,0.0223059692986314,0.019341243506957,98.3206884563731,0.0360570085325872,0.0371539963673093,0.143224495657835,0.146057415957493,0.0995931577020118,0.101563068483441,-0.825082418798337,-0.803836150909614,0.998611111111111,1,0.555223405956256,0.571382131648863,0.885857142914831,0.935484584837192,0.0197599022328316,0.0208668904287214,0.0171335787134929,0.0180934351523407
"29_pwo_gp_model_specific","db6cb901415724b9f55892557a81f2cbcc3e7f91cf2f712ea45b7b9a2b1eb5a5","b1d5697d50014504fea8964eae8d6ad099291a4087058c07ada854c160fad766",12,6,48,"random_foldover","RandomFoldover",180538181,401256164,0.695363996532697,0.347681998266349,2,1.00119179047282,"837a71cf75b9bce15d2f30a61749e208b26ecac3b6619bb5b6d2985211013215",0.00600000000000023,"pwo","pwo_snr2","ols",2,TRUE,NA,48,390,16,32,0.148066066184128,0.120882771918481,119.682656364633,0.107085338523723,0.110433840444296,0.383673869475409,0.408159730760723,0.266792995243585,0.283819581605486,0.0855943884245949,0.136436343195919,0.998611111111111,0.997435897435897,1.41289117201682,1.44816134145451,0.864227518765451,0.906096461199515,0.12796276899167,0.134162138593172,0.104470218036599,0.109531451855324
"29_pwo_gp_model_specific","db6cb901415724b9f55892557a81f2cbcc3e7f91cf2f712ea45b7b9a2b1eb5a5","b1d5697d50014504fea8964eae8d6ad099291a4087058c07ada854c160fad766",12,6,48,"random_foldover","RandomFoldover",180538181,401256164,0.695363996532697,0.139072799306539,5,1.00119179047282,"837a71cf75b9bce15d2f30a61749e208b26ecac3b6619bb5b6d2985211013215",0.00700000000000145,"pwo","pwo_snr5","ols",5,TRUE,NA,48,390,16,32,0.0236905705894606,0.019341243506957,119.682656364633,0.0428341354094893,0.0441735361777185,0.153469547790164,0.163263892304289,0.106717198097434,0.113527832642195,-0.83069634344956,-0.779854388678236,0.998611111111111,0.997435897435897,0.565156468806729,0.579264536581804,0.864227518765451,0.906096461199515,0.0204740430386673,0.0214659421749075,0.0167152348858558,0.0175250322968518
"29_pwo_gp_model_specific","db6cb901415724b9f55892557a81f2cbcc3e7f91cf2f712ea45b7b9a2b1eb5a5","b1d5697d50014504fea8964eae8d6ad099291a4087058c07ada854c160fad766",12,6,60,"FSA_lambda050","FSA_lambda050",180538181,401256164,0.695363996532697,0.347681998266349,2,1.00119179047282,"91d3118b6213403fff3be572e9a921a719ca4d528c41b9ca789b739411e5753e",0.00800000000000267,"pwo","pwo_snr2","ols",2,TRUE,NA,60,330,16,44,0.107209739662613,0.120882771918481,19.8972729053478,0.0894009579746556,0.092290609453823,0.305902588655647,0.310385522778359,0.212713646597288,0.21583091758505,-0.153356522423528,-0.134030293474988,0.927777777777778,0.924242424242424,0.731339916196784,0.739437593516579,0.309172581451013,0.316114631230645,0.0331463119681812,0.0338905673177805,0.0373736386469908,0.0382128128671488
"29_pwo_gp_model_specific","db6cb901415724b9f55892557a81f2cbcc3e7f91cf2f712ea45b7b9a2b1eb5a5","b1d5697d50014504fea8964eae8d6ad099291a4087058c07ada854c160fad766",12,6,60,"FSA_lambda050","FSA_lambda050",180538181,401256164,0.695363996532697,0.139072799306539,5,1.00119179047282,"91d3118b6213403fff3be572e9a921a719ca4d528c41b9ca789b739411e5753e",0.00900000000000034,"pwo","pwo_snr5","ols",5,TRUE,NA,60,330,16,44,0.0171535583460182,0.019341243506957,19.8972729053478,0.0357603831898623,0.0369162437815292,0.122361035462259,0.124154209111344,0.0850854586389155,0.0863323670340201,-1.06964725429768,-1.05032102534914,0.927777777777778,0.924242424242424,0.292535966478714,0.295775037406632,0.309172581451013,0.316114631230645,0.005303409914909,0.00542249077084488,0.00597978218351853,0.00611405005874381
"29_pwo_gp_model_specific","db6cb901415724b9f55892557a81f2cbcc3e7f91cf2f712ea45b7b9a2b1eb5a5","b1d5697d50014504fea8964eae8d6ad099291a4087058c07ada854c160fad766",12,6,60,"SA_hamming_foldover","Hamming",180538181,401256164,0.695363996532697,0.347681998266349,2,1.00119179047282,"91d3118b6213403fff3be572e9a921a719ca4d528c41b9ca789b739411e5753e",0.00800000000000267,"pwo","pwo_snr2","ols",2,TRUE,NA,60,330,16,44,0.213069442189056,0.120882771918481,44.8225543410226,0.0815210421184894,0.0833802625372656,0.31696123882647,0.318556403988495,0.220403433776329,0.221512654198525,-0.0426039433124856,-0.0166794515594983,1,1,1.25439781176794,1.27979749399846,0.466788318719465,0.483032972147817,0.0994583266899239,0.102919565934457,0.0564266658659764,0.0583903646012506
"29_pwo_gp_model_specific","db6cb901415724b9f55892557a81f2cbcc3e7f91cf2f712ea45b7b9a2b1eb5a5","b1d5697d50014504fea8964eae8d6ad099291a4087058c07ada854c160fad766",12,6,60,"SA_hamming_foldover","Hamming",180538181,401256164,0.695363996532697,0.139072799306539,5,1.00119179047282,"91d3118b6213403fff3be572e9a921a719ca4d528c41b9ca789b739411e5753e",0.00900000000000034,"pwo","pwo_snr5","ols",5,TRUE,NA,60,330,16,44,0.034091110750249,0.019341243506957,44.8225543410226,0.0326084168473957,0.0333521050149062,0.126784495530588,0.127422561595398,0.0881613735105315,0.0886050616794099,-0.95889467518664,-0.932970183433653,1,1,0.501759124707177,0.511918997599385,0.466788318719465,0.483032972147817,0.0159133322703878,0.0164671305495132,0.00902826653855623,0.0093424583362001
"29_pwo_gp_model_specific","db6cb901415724b9f55892557a81f2cbcc3e7f91cf2f712ea45b7b9a2b1eb5a5","b1d5697d50014504fea8964eae8d6ad099291a4087058c07ada854c160fad766",12,6,60,"SA_l2_position_foldover","L2",180538181,401256164,0.695363996532697,0.347681998266349,2,1.00119179047282,"91d3118b6213403fff3be572e9a921a719ca4d528c41b9ca789b739411e5753e",0.00799999999999557,"pwo","pwo_snr2","ols",2,TRUE,NA,60,330,16,44,0.172447821547908,0.120882771918481,44.2837528568996,0.0594692217029311,0.0613173887668082,0.356633257765682,0.344504260612271,0.24798992741642,0.239555859481891,0.0126617819785927,-0.024290612896844,0.986111111111111,0.987878787878788,1.05173389848054,1.05845663966409,0.404336366812951,0.408989377738954,0.0697269256294891,0.070529327227317,0.0488773008077973,0.0494397696662996
"29_pwo_gp_model_specific","db6cb901415724b9f55892557a81f2cbcc3e7f91cf2f712ea45b7b9a2b1eb5a5","b1d5697d50014504fea8964eae8d6ad099291a4087058c07ada854c160fad766",12,6,60,"SA_l2_position_foldover","L2",180538181,401256164,0.695363996532697,0.139072799306539,5,1.00119179047282,"91d3118b6213403fff3be572e9a921a719ca4d528c41b9ca789b739411e5753e",0.00799999999999557,"pwo","pwo_snr5","ols",5,TRUE,NA,60,330,16,44,0.0275916514476652,0.019341243506957,44.2837528568996,0.0237876886811723,0.0245269555067232,0.142653303106272,0.137801704244908,0.0991959709665677,0.0958223437927559,-0.903628949895566,-0.940581344771003,0.986111111111111,0.987878787878788,0.420693559392216,0.423382655865636,0.404336366812951,0.408989377738954,0.0111563081007183,0.0112846923563707,0.00782036812924757,0.00791036314660793
"29_pwo_gp_model_specific","db6cb901415724b9f55892557a81f2cbcc3e7f91cf2f712ea45b7b9a2b1eb5a5","b1d5697d50014504fea8964eae8d6ad099291a4087058c07ada854c160fad766",12,6,60,"random_foldover","RandomFoldover",180538181,401256164,0.695363996532697,0.347681998266349,2,1.00119179047282,"91d3118b6213403fff3be572e9a921a719ca4d528c41b9ca789b739411e5753e",0.00799999999999557,"pwo","pwo_snr2","ols",2,TRUE,NA,60,330,16,44,0.159402344815831,0.120882771918481,68.1554210659694,0.101286681206098,0.104576628231298,0.39637780220217,0.425876294023402,0.275626852676148,0.296139041840647,0.120998259070886,0.206025650415162,0.958333333333333,0.942424242424242,1.17501700174003,1.2136983798597,0.553127821929723,0.585122241848051,0.0881698717984713,0.0932698573544751,0.066863624340097,0.0707311985057483
"29_pwo_gp_model_specific","db6cb901415724b9f55892557a81f2cbcc3e7f91cf2f712ea45b7b9a2b1eb5a5","b1d5697d50014504fea8964eae8d6ad099291a4087058c07ada854c160fad766",12,6,60,"random_foldover","RandomFoldover",180538181,401256164,0.695363996532697,0.139072799306539,5,1.00119179047282,"91d3118b6213403fff3be572e9a921a719ca4d528c41b9ca789b739411e5753e",0.007000000000005,"pwo","pwo_snr5","ols",5,TRUE,NA,60,330,16,44,0.025504375170533,0.019341243506957,68.1554210659694,0.0405146724824391,0.0418306512925193,0.158551120880868,0.170350517609361,0.110250741070459,0.118455616736259,-0.795292472803269,-0.710265081458993,0.958333333333333,0.942424242424242,0.47000680069601,0.48547935194388,0.553127821929723,0.585122241848051,0.0141071794877554,0.014923177176716,0.0106981798944155,0.0113169917609197
"29_pwo_gp_model_specific","db6cb901415724b9f55892557a81f2cbcc3e7f91cf2f712ea45b7b9a2b1eb5a5","b1d5697d50014504fea8964eae8d6ad099291a4087058c07ada854c160fad766",13,6,48,"FSA_lambda050","FSA_lambda050",180538182,401256165,0.719230081345278,0.359615040672639,2,1.03509049590663,"59ee48a840359ef5c5305d86c55affd5fae301561696ce2e358d56f29582f456",0.00800000000000978,"pwo","pwo_snr2","ols",2,TRUE,NA,48,412,16,32,0.125657765322036,0.129322977477984,31.861254561745,0.109376473766767,0.112925867185858,0.388934846349885,0.384790720664565,0.279733641178241,0.276753061324484,0.157491412394382,0.133045037581841,0.913888888888889,0.929611650485437,0.959121191897889,0.972193079660886,0.448382572086884,0.460247072789561,0.0563427520177845,0.0578336186627446,0.0579861692715126,0.0595205218286724
"29_pwo_gp_model_specific","db6cb901415724b9f55892557a81f2cbcc3e7f91cf2f712ea45b7b9a2b1eb5a5","b1d5697d50014504fea8964eae8d6ad099291a4087058c07ada854c160fad766",13,6,48,"FSA_lambda050","FSA_lambda050",180538182,401256165,0.719230081345278,0.143846016269056,5,1.03509049590663,"59ee48a840359ef5c5305d86c55affd5fae301561696ce2e358d56f29582f456",0.00800000000000978,"pwo","pwo_snr5","ols",5,TRUE,NA,48,412,16,32,0.0201052424515257,0.0206916763964774,31.861254561745,0.0437505895067068,0.0451703468743433,0.155573938539954,0.153916288265826,0.111893456471297,0.110701224529793,-0.758799319479772,-0.783245694292314,0.913888888888889,0.929611650485437,0.383648476759156,0.388877231864354,0.448382572086884,0.460247072789561,0.00901484032284552,0.00925337898603914,0.00927778708344202,0.00952328349258759
"29_pwo_gp_model_specific","db6cb901415724b9f55892557a81f2cbcc3e7f91cf2f712ea45b7b9a2b1eb5a5","b1d5697d50014504fea8964eae8d6ad099291a4087058c07ada854c160fad766",13,6,48,"SA_hamming_foldover","Hamming",180538182,401256165,0.719230081345278,0.359615040672639,2,1.03509049590663,"59ee48a840359ef5c5305d86c55affd5fae301561696ce2e358d56f29582f456",0.00600000000000023,"pwo","pwo_snr2","ols",2,TRUE,NA,48,412,16,32,0.0787303700256788,0.129322977477984,110.536903446689,0.0640060777600381,0.0657212434639879,0.281699757565942,0.28333612843649,0.202606939549097,0.203783866703433,-0.131796644012994,-0.13192324308422,0.979166666666667,0.985436893203884,1.00645150894806,1.02191325567634,0.812251675709352,0.830996556065534,0.0639488749825749,0.0654246663491042,0.105042805164215,0.107466948904345
"29_pwo_gp_model_specific","db6cb901415724b9f55892557a81f2cbcc3e7f91cf2f712ea45b7b9a2b1eb5a5","b1d5697d50014504fea8964eae8d6ad099291a4087058c07ada854c160fad766",13,6,48,"SA_hamming_foldover","Hamming",180538182,401256165,0.719230081345278,0.143846016269056,5,1.03509049590663,"59ee48a840359ef5c5305d86c55affd5fae301561696ce2e358d56f29582f456",0.00699999999999079,"pwo","pwo_snr5","ols",5,TRUE,NA,48,412,16,32,0.0125968592041086,0.0206916763964774,110.536903446689,0.0256024311040153,0.0262884973855952,0.112679903026377,0.113334451374596,0.081042775819639,0.0815135466813731,-1.04808737588715,-1.04821397495837,0.979166666666667,0.985436893203884,0.402580603579225,0.408765302270534,0.812251675709352,0.830996556065534,0.010231819997212,0.0104679466158567,0.0168068488262744,0.0171947118246952
"29_pwo_gp_model_specific","db6cb901415724b9f55892557a81f2cbcc3e7f91cf2f712ea45b7b9a2b1eb5a5","b1d5697d50014504fea8964eae8d6ad099291a4087058c07ada854c160fad766",13,6,48,"SA_l2_position_foldover","L2",180538182,401256165,0.719230081345278,0.359615040672639,2,1.03509049590663,"59ee48a840359ef5c5305d86c55affd5fae301561696ce2e358d56f29582f456",0.007000000000005,"pwo","pwo_snr2","ols",2,TRUE,NA,48,412,16,32,0.0982770488459513,0.129322977477984,53.9384687625967,0.0944798499094134,0.0966660484459045,0.41585061948159,0.429532926002213,0.299092274877228,0.308933001309047,0.307240800269541,0.350477698094526,0.879166666666667,0.883495145631068,0.938253428251177,0.958339240561057,0.554385188481344,0.577377065508087,0.054483340247853,0.0567429140694703,0.0716947432441007,0.0746681212390068
"29_pwo_gp_model_specific","db6cb901415724b9f55892557a81f2cbcc3e7f91cf2f712ea45b7b9a2b1eb5a5","b1d5697d50014504fea8964eae8d6ad099291a4087058c07ada854c160fad766",13,6,48,"SA_l2_position_foldover","L2",180538182,401256165,0.719230081345278,0.143846016269056,5,1.03509049590663,"59ee48a840359ef5c5305d86c55affd5fae301561696ce2e358d56f29582f456",0.00799999999999557,"pwo","pwo_snr5","ols",5,TRUE,NA,48,412,16,32,0.0157243278153522,0.0206916763964774,53.9384687625967,0.0377919399637654,0.0386664193783619,0.166340247792636,0.171813170400885,0.119636909950891,0.123573200523619,-0.609049931604613,-0.565813033779627,0.879166666666667,0.883495145631068,0.375301371300471,0.383335696224423,0.554385188481344,0.577377065508087,0.00871733443965648,0.00907886625111525,0.0114711589190561,0.0119468993982411
"29_pwo_gp_model_specific","db6cb901415724b9f55892557a81f2cbcc3e7f91cf2f712ea45b7b9a2b1eb5a5","b1d5697d50014504fea8964eae8d6ad099291a4087058c07ada854c160fad766",13,6,48,"random_foldover","RandomFoldover",180538182,401256165,0.719230081345278,0.359615040672639,2,1.03509049590663,"59ee48a840359ef5c5305d86c55affd5fae301561696ce2e358d56f29582f456",0.00699999999999079,"pwo","pwo_snr2","ols",2,TRUE,NA,48,412,16,32,0.1229886763155,0.129322977477984,83.2706249509425,0.147423249894183,0.151583310482808,0.579642370072845,0.603454329540903,0.416896228978662,0.434022506523864,0.560854994985563,0.596645964969782,0.872222222222222,0.868932038834951,1.21775015884105,1.24836229550667,0.762799155499101,0.799233281158397,0.0938156584294158,0.0982966433169652,0.0986474580068353,0.103359227618902
"29_pwo_gp_model_specific","db6cb901415724b9f55892557a81f2cbcc3e7f91cf2f712ea45b7b9a2b1eb5a5","b1d5697d50014504fea8964eae8d6ad099291a4087058c07ada854c160fad766",13,6,48,"random_foldover","RandomFoldover",180538182,401256165,0.719230081345278,0.143846016269056,5,1.03509049590663,"59ee48a840359ef5c5305d86c55affd5fae301561696ce2e358d56f29582f456",0.007000000000005,"pwo","pwo_snr5","ols",5,TRUE,NA,48,412,16,32,0.01967818821048,0.0206916763964774,83.2706249509425,0.0589692999576731,0.0606333241931232,0.231856948029138,0.241381731816361,0.166758491591465,0.173609002609545,-0.355435736888592,-0.319644766904373,0.872222222222222,0.868932038834951,0.487100063536421,0.499344918202669,0.762799155499101,0.799233281158397,0.0150105053487065,0.0157274629307144,0.0157835932810937,0.0165374764190244
"29_pwo_gp_model_specific","db6cb901415724b9f55892557a81f2cbcc3e7f91cf2f712ea45b7b9a2b1eb5a5","b1d5697d50014504fea8964eae8d6ad099291a4087058c07ada854c160fad766",13,6,60,"FSA_lambda050","FSA_lambda050",180538182,401256165,0.719230081345278,0.359615040672639,2,1.03509049590663,"cf85f45480369205f3e75e2e4744865c1f38a7ac30d84864f3d4afa164cd2405",0.00799999999999557,"pwo","pwo_snr2","ols",2,TRUE,NA,60,314,16,44,0.12524415698509,0.129322977477984,14.7412081960587,0.0657737775244162,0.0678708179832535,0.255240089070199,0.26138262756794,0.183576350024535,0.187994248487932,-0.268347314116887,-0.249864565933133,0.966666666666667,0.977707006369427,0.773285143887196,0.774743474909084,0.295072944024395,0.29616052826221,0.0369561621234439,0.0370923756944594,0.0381597116944292,0.0383003613263216
"29_pwo_gp_model_specific","db6cb901415724b9f55892557a81f2cbcc3e7f91cf2f712ea45b7b9a2b1eb5a5","b1d5697d50014504fea8964eae8d6ad099291a4087058c07ada854c160fad766",13,6,60,"FSA_lambda050","FSA_lambda050",180538182,401256165,0.719230081345278,0.143846016269056,5,1.03509049590663,"cf85f45480369205f3e75e2e4744865c1f38a7ac30d84864f3d4afa164cd2405",0.00799999999999557,"pwo","pwo_snr5","ols",5,TRUE,NA,60,314,16,44,0.0200390651176144,0.0206916763964774,14.7412081960587,0.0263095110097665,0.0271483271933014,0.102096035628079,0.104553051027176,0.0734305400098139,0.0751976993951728,-1.18463804599104,-1.16615529780729,0.966666666666667,0.977707006369427,0.309314057554879,0.309897389963634,0.295072944024395,0.29616052826221,0.00591298593975103,0.0059347801111135,0.00610555387110867,0.00612805781221145
"29_pwo_gp_model_specific","db6cb901415724b9f55892557a81f2cbcc3e7f91cf2f712ea45b7b9a2b1eb5a5","b1d5697d50014504fea8964eae8d6ad099291a4087058c07ada854c160fad766",13,6,60,"SA_hamming_foldover","Hamming",180538182,401256165,0.719230081345278,0.359615040672639,2,1.03509049590663,"cf85f45480369205f3e75e2e4744865c1f38a7ac30d84864f3d4afa164cd2405",0.00799999999999557,"pwo","pwo_snr2","ols",2,TRUE,NA,60,314,16,44,0.150081656631914,0.129322977477984,44.7915158583047,0.0667179686180522,0.0688911884514493,0.229832407449087,0.250081883141454,0.165302381105388,0.179866413154809,-0.255056771494106,-0.204177518044999,1,1,1.00442498883797,1.02494826997435,0.423948690907108,0.440649322017455,0.0636269218582698,0.0661333802421092,0.0548263070060006,0.0569860823469521
"29_pwo_gp_model_specific","db6cb901415724b9f55892557a81f2cbcc3e7f91cf2f712ea45b7b9a2b1eb5a5","b1d5697d50014504fea8964eae8d6ad099291a4087058c07ada854c160fad766",13,6,60,"SA_hamming_foldover","Hamming",180538182,401256165,0.719230081345278,0.143846016269056,5,1.03509049590663,"cf85f45480369205f3e75e2e4744865c1f38a7ac30d84864f3d4afa164cd2405",0.00699999999999079,"pwo","pwo_snr5","ols",5,TRUE,NA,60,314,16,44,0.0240130650611062,0.0206916763964774,44.7915158583047,0.0266871874472209,0.0275564753805797,0.0919329629796347,0.100032753256582,0.0661209524421551,0.0719465652619235,-1.17134750336826,-1.12046824991915,1,1,0.401769995535189,0.409979307989741,0.423948690907108,0.440649322017455,0.0101803074973232,0.0105813408387375,0.0087722091209601,0.00911777317551234
"29_pwo_gp_model_specific","db6cb901415724b9f55892557a81f2cbcc3e7f91cf2f712ea45b7b9a2b1eb5a5","b1d5697d50014504fea8964eae8d6ad099291a4087058c07ada854c160fad766",13,6,60,"SA_l2_position_foldover","L2",180538182,401256165,0.719230081345278,0.359615040672639,2,1.03509049590663,"cf85f45480369205f3e75e2e4744865c1f38a7ac30d84864f3d4afa164cd2405",0.00699999999999079,"pwo","pwo_snr2","ols",2,TRUE,NA,60,314,16,44,0.164274879120615,0.129322977477984,33.8983364827434,0.0516988608785829,0.0521020158281041,0.190875841304553,0.181958139040721,0.137283646868322,0.130869767143693,-0.286600662752413,-0.288025198701625,1,1,1.05267300235013,1.06855068263768,0.424366878114421,0.436704385582617,0.0697128176050393,0.0717395601530269,0.0548803882207935,0.0564759114212376
"29_pwo_gp_model_specific","db6cb901415724b9f55892557a81f2cbcc3e7f91cf2f712ea45b7b9a2b1eb5a5","b1d5697d50014504fea8964eae8d6ad099291a4087058c07ada854c160fad766",13,6,60,"SA_l2_position_foldover","L2",180538182,401256165,0.719230081345278,0.143846016269056,5,1.03509049590663,"cf85f45480369205f3e75e2e4744865c1f38a7ac30d84864f3d4afa164cd2405",0.007000000000005,"pwo","pwo_snr5","ols",5,TRUE,NA,60,314,16,44,0.0262839806592984,0.0206916763964774,33.8983364827434,0.0206795443514331,0.0208408063312416,0.0763503365218214,0.0727832556162883,0.054913458747329,0.0523479068574772,-1.20289139462657,-1.20431593057578,1,1,0.421069200940053,0.427420273055072,0.424366878114421,0.436704385582617,0.0111540508168063,0.0114783296244843,0.00878086211532697,0.00903614582739801
"29_pwo_gp_model_specific","db6cb901415724b9f55892557a81f2cbcc3e7f91cf2f712ea45b7b9a2b1eb5a5","b1d5697d50014504fea8964eae8d6ad099291a4087058c07ada854c160fad766",13,6,60,"random_foldover","RandomFoldover",180538182,401256165,0.719230081345278,0.359615040672639,2,1.03509049590663,"cf85f45480369205f3e75e2e4744865c1f38a7ac30d84864f3d4afa164cd2405",0.00499999999999545,"pwo","pwo_snr2","ols",2,TRUE,NA,60,314,16,44,0.168734937014721,0.129322977477984,64.1301904327824,0.100166040652207,0.101674928187495,0.375168693912592,0.376805639712289,0.269832610240955,0.271009950901629,0.117901711632267,0.130271994870141,0.968055555555556,0.964968152866242,1.15171617307985,1.17099432757337,0.501028819966858,0.516389183817803,0.0845410663796678,0.0871328964065803,0.0647945388003948,0.0667809867887442
"29_pwo_gp_model_specific","db6cb901415724b9f55892557a81f2cbcc3e7f91cf2f712ea45b7b9a2b1eb5a5","b1d5697d50014504fea8964eae8d6ad099291a4087058c07ada854c160fad766",13,6,60,"random_foldover","RandomFoldover",180538182,401256165,0.719230081345278,0.143846016269056,5,1.03509049590663,"cf85f45480369205f3e75e2e4744865c1f38a7ac30d84864f3d4afa164cd2405",0.00400000000000489,"pwo","pwo_snr5","ols",5,TRUE,NA,60,314,16,44,0.0269975899223554,0.0206916763964774,64.1301904327824,0.0400664162608829,0.0406699712749979,0.150067477565037,0.150722255884916,0.107933044096382,0.108403980360652,-0.798389020241889,-0.786018737004015,0.968055555555556,0.964968152866242,0.460686469231939,0.468397731029347,0.501028819966858,0.516389183817803,0.0135265706207469,0.0139412634250528,0.0103671262080632,0.0106849578861991
"29_pwo_gp_model_specific","db6cb901415724b9f55892557a81f2cbcc3e7f91cf2f712ea45b7b9a2b1eb5a5","b1d5697d50014504fea8964eae8d6ad099291a4087058c07ada854c160fad766",14,6,48,"FSA_lambda050","FSA_lambda050",180538183,401256166,1.02489045077421,0.512445225387105,2,0.986394190316202,"a40eeb17dba1b08676ac0807a6e8bcccdeccb675bb5e186c0a16ebae493a2ac5",0.00500000000000966,"pwo","pwo_snr2","ols",2,TRUE,NA,48,382,16,32,0.281998074377107,0.262600109022041,36.8516419636553,0.1197552800321,0.123551554637577,0.311899594506305,0.311138018584803,0.319662916009861,0.318882384120373,0.281095496066683,0.284332360585344,0.973611111111111,0.973821989528796,1.41474380115554,1.43264556133345,0.434933382913041,0.445947553235881,0.122650376463798,0.125756351285701,0.11421355377029,0.117105876097855
"29_pwo_gp_model_specific","db6cb901415724b9f55892557a81f2cbcc3e7f91cf2f712ea45b7b9a2b1eb5a5","b1d5697d50014504fea8964eae8d6ad099291a4087058c07ada854c160fad766",14,6,48,"FSA_lambda050","FSA_lambda050",180538183,401256166,1.02489045077421,0.204978090154842,5,0.986394190316202,"a40eeb17dba1b08676ac0807a6e8bcccdeccb675bb5e186c0a16ebae493a2ac5",0.00499999999999545,"pwo","pwo_snr5","ols",5,TRUE,NA,48,382,16,32,0.0451196919003371,0.0420160174435266,36.8516419636553,0.04790211201284,0.0494206218550307,0.124759837802522,0.124455207433921,0.127865166403944,0.127552953648149,-0.635195235807471,-0.631958371288811,0.973611111111111,0.973821989528796,0.565897520462216,0.57305822453338,0.434933382913041,0.445947553235881,0.0196240602342078,0.0201210162057121,0.0182741686032464,0.0187369401756568
"29_pwo_gp_model_specific","db6cb901415724b9f55892557a81f2cbcc3e7f91cf2f712ea45b7b9a2b1eb5a5","b1d5697d50014504fea8964eae8d6ad099291a4087058c07ada854c160fad766",14,6,48,"SA_hamming_foldover","Hamming",180538183,401256166,1.02489045077421,0.512445225387105,2,0.986394190316202,"a40eeb17dba1b08676ac0807a6e8bcccdeccb675bb5e186c0a16ebae493a2ac5",0.007000000000005,"pwo","pwo_snr2","ols",2,TRUE,NA,48,382,16,32,0.202044954419683,0.262600109022041,47.4060106313536,0.123675244809016,0.125507069208152,0.311823831842472,0.308867129155153,0.319585267579173,0.316554971229161,0.271246028802417,0.252410983413938,0.975,0.979057591623037,1.36693830332293,1.38079858869295,0.573160412919108,0.58212662963453,0.115804169503408,0.117615748350992,0.150511986919676,0.152866516406661
"29_pwo_gp_model_specific","db6cb901415724b9f55892557a81f2cbcc3e7f91cf2f712ea45b7b9a2b1eb5a5","b1d5697d50014504fea8964eae8d6ad099291a4087058c07ada854c160fad766",14,6,48,"SA_hamming_foldover","Hamming",180538183,401256166,1.02489045077421,0.204978090154842,5,0.986394190316202,"a40eeb17dba1b08676ac0807a6e8bcccdeccb675bb5e186c0a16ebae493a2ac5",0.00800000000000978,"pwo","pwo_snr5","ols",5,TRUE,NA,48,382,16,32,0.0323271927071492,0.0420160174435266,47.4060106313536,0.0494700979236065,0.0502028276832608,0.124729532736989,0.123546851662061,0.127834107031669,0.126621988491664,-0.645044703071739,-0.663879748460217,0.975,0.979057591623037,0.546775321329172,0.552319435477182,0.573160412919108,0.58212662963453,0.0185286671205452,0.0188185197361587,0.0240819179071482,0.0244586426250657
"29_pwo_gp_model_specific","db6cb901415724b9f55892557a81f2cbcc3e7f91cf2f712ea45b7b9a2b1eb5a5","b1d5697d50014504fea8964eae8d6ad099291a4087058c07ada854c160fad766",14,6,48,"SA_l2_position_foldover","L2",180538183,401256166,1.02489045077421,0.512445225387105,2,0.986394190316202,"a40eeb17dba1b08676ac0807a6e8bcccdeccb675bb5e186c0a16ebae493a2ac5",0.007000000000005,"pwo","pwo_snr2","ols",2,TRUE,NA,48,382,16,32,0.206676082515493,0.262600109022041,61.3753868327361,0.167011053308589,0.172488086161687,0.406299553492329,0.421370894783717,0.416412532528114,0.431859006298016,0.547424841071844,0.600102922482029,0.923611111111111,0.908376963350785,1.39839109935946,1.4161395293641,0.589461930273664,0.601099657584724,0.121827682540982,0.124232922431015,0.154792767154207,0.15784883561486
"29_pwo_gp_model_specific","db6cb901415724b9f55892557a81f2cbcc3e7f91cf2f712ea45b7b9a2b1eb5a5","b1d5697d50014504fea8964eae8d6ad099291a4087058c07ada854c160fad766",14,6,48,"SA_l2_position_foldover","L2",180538183,401256166,1.02489045077421,0.204978090154842,5,0.986394190316202,"a40eeb17dba1b08676ac0807a6e8bcccdeccb675bb5e186c0a16ebae493a2ac5",0.00799999999999557,"pwo","pwo_snr5","ols",5,TRUE,NA,48,382,16,32,0.0330681732024789,0.0420160174435266,61.3753868327361,0.0668044213234355,0.0689952344646746,0.162519821396932,0.168548357913487,0.166565013011246,0.172743602519206,-0.368865890802312,-0.316187809392126,0.923611111111111,0.908376963350785,0.559356439743785,0.56645581174564,0.589461930273664,0.601099657584724,0.0194924292065571,0.0198772675889624,0.0247668427446731,0.0252558136983776
"29_pwo_gp_model_specific","db6cb901415724b9f55892557a81f2cbcc3e7f91cf2f712ea45b7b9a2b1eb5a5","b1d5697d50014504fea8964eae8d6ad099291a4087058c07ada854c160fad766",14,6,48,"random_foldover","RandomFoldover",180538183,401256166,1.02489045077421,0.512445225387105,2,0.986394190316202,"a40eeb17dba1b08676ac0807a6e8bcccdeccb675bb5e186c0a16ebae493a2ac5",0.00799999999999557,"pwo","pwo_snr2","ols",2,TRUE,NA,48,382,16,32,0.358387078296548,0.262600109022041,88.0227676056445,0.219474389170682,0.225997121500484,0.573622823260222,0.5895433712778,0.587900553905545,0.604217371539853,0.808498126686099,0.854012296277475,0.969444444444444,0.968586387434555,2.12704860199003,2.17235280043318,0.805423317853644,0.83127566156054,0.28865330967748,0.297918455605712,0.211504251077261,0.218293079353167
"29_pwo_gp_model_specific","db6cb901415724b9f55892557a81f2cbcc3e7f91cf2f712ea45b7b9a2b1eb5a5","b1d5697d50014504fea8964eae8d6ad099291a4087058c07ada854c160fad766",14,6,48,"random_foldover","RandomFoldover",180538183,401256166,1.02489045077421,0.204978090154842,5,0.986394190316202,"a40eeb17dba1b08676ac0807a6e8bcccdeccb675bb5e186c0a16ebae493a2ac5",0.00699999999999079,"pwo","pwo_snr5","ols",5,TRUE,NA,48,382,16,32,0.0573419325274478,0.0420160174435266,88.0227676056445,0.0877897556682728,0.0903988486001938,0.229449129304089,0.23581734851112,0.235160221562218,0.241686948615941,-0.107792605188055,-0.062278435596679,0.969444444444444,0.968586387434555,0.850819440796014,0.868941120173272,0.805423317853644,0.83127566156054,0.0461845295483967,0.047666952896914,0.0338406801723617,0.0349268926965067
"29_pwo_gp_model_specific","db6cb901415724b9f55892557a81f2cbcc3e7f91cf2f712ea45b7b9a2b1eb5a5","b1d5697d50014504fea8964eae8d6ad099291a4087058c07ada854c160fad766",14,6,60,"FSA_lambda050","FSA_lambda050",180538183,401256166,1.02489045077421,0.512445225387105,2,0.986394190316202,"4f1f560d1c86ac7fc0d56096246d6a52dd5d8b50994f486801b1d3f010aae327",0.00900000000000034,"pwo","pwo_snr2","ols",2,TRUE,NA,60,328,16,44,0.248285865296127,0.262600109022041,14.6546550291815,0.071452551198067,0.0733039944612026,0.19184684428559,0.193887515748139,0.196621998719468,0.198713463414603,-0.126315471618072,-0.115611759622789,0.998611111111111,1,1.08847060743226,1.10324879399492,0.294946930756207,0.30309111438792,0.0732311539192417,0.0752532395993721,0.0774530961722964,0.0795917596818798
"29_pwo_gp_model_specific","db6cb901415724b9f55892557a81f2cbcc3e7f91cf2f712ea45b7b9a2b1eb5a5","b1d5697d50014504fea8964eae8d6ad099291a4087058c07ada854c160fad766",14,6,60,"FSA_lambda050","FSA_lambda050",180538183,401256166,1.02489045077421,0.204978090154842,5,0.986394190316202,"4f1f560d1c86ac7fc0d56096246d6a52dd5d8b50994f486801b1d3f010aae327",0.00799999999999557,"pwo","pwo_snr5","ols",5,TRUE,NA,60,328,16,44,0.0397257384473803,0.0420160174435266,14.6546550291815,0.0285810204792268,0.0293215977844811,0.0767387377142362,0.0775550062992561,0.0786487994877874,0.0794853853658413,-1.04260620349222,-1.03190249149694,0.998611111111111,1,0.435388242972904,0.441299517597969,0.294946930756207,0.30309111438792,0.0117169846270787,0.0120405183358995,0.0123924953875674,0.0127346815491008
"29_pwo_gp_model_specific","db6cb901415724b9f55892557a81f2cbcc3e7f91cf2f712ea45b7b9a2b1eb5a5","b1d5697d50014504fea8964eae8d6ad099291a4087058c07ada854c160fad766",14,6,60,"SA_hamming_foldover","Hamming",180538183,401256166,1.02489045077421,0.512445225387105,2,0.986394190316202,"4f1f560d1c86ac7fc0d56096246d6a52dd5d8b50994f486801b1d3f010aae327",0.00799999999999557,"pwo","pwo_snr2","ols",2,TRUE,NA,60,328,16,44,0.23447176077541,0.262600109022041,44.4940136302714,0.138843750305431,0.142644981227614,0.356072094685335,0.358340139595098,0.36493488963017,0.367259387200114,0.421442836135491,0.424204552602988,0.915277777777778,0.926829268292683,1.22658051139245,1.26033722132289,0.403450813257332,0.425102482471402,0.0945978225707176,0.0996745275750674,0.105946227546406,0.111631958242531
"29_pwo_gp_model_specific","db6cb901415724b9f55892557a81f2cbcc3e7f91cf2f712ea45b7b9a2b1eb5a5","b1d5697d50014504fea8964eae8d6ad099291a4087058c07ada854c160fad766",14,6,60,"SA_hamming_foldover","Hamming",180538183,401256166,1.02489045077421,0.204978090154842,5,0.986394190316202,"4f1f560d1c86ac7fc0d56096246d6a52dd5d8b50994f486801b1d3f010aae327",0.007000000000005,"pwo","pwo_snr5","ols",5,TRUE,NA,60,328,16,44,0.0375154817240656,0.0420160174435266,44.4940136302714,0.0555375001221725,0.0570579924910457,0.142428837874134,0.143336055838039,0.145973955852068,0.146903754880045,-0.494847895738666,-0.492086179271169,0.915277777777778,0.926829268292683,0.490632204556979,0.504134888529157,0.403450813257332,0.425102482471402,0.0151356516113148,0.0159479244120108,0.016951396407425,0.0178611133188049
"29_pwo_gp_model_specific","db6cb901415724b9f55892557a81f2cbcc3e7f91cf2f712ea45b7b9a2b1eb5a5","b1d5697d50014504fea8964eae8d6ad099291a4087058c07ada854c160fad766",14,6,60,"SA_l2_position_foldover","L2",180538183,401256166,1.02489045077421,0.512445225387105,2,0.986394190316202,"4f1f560d1c86ac7fc0d56096246d6a52dd5d8b50994f486801b1d3f010aae327",0.00800000000000978,"pwo","pwo_snr2","ols",2,TRUE,NA,60,328,16,44,0.20545013096815,0.262600109022041,46.167322207655,0.11603287406353,0.119409646933665,0.283411642792725,0.282698003052513,0.290465886336495,0.289734483781459,0.195049188808474,0.182442727600556,0.9625,0.966463414634146,1.21361364226787,1.2370562186791,0.452135924241422,0.468000411641472,0.0928913848508056,0.0961507458648885,0.118730942998579,0.122896959119411
"29_pwo_gp_model_specific","db6cb901415724b9f55892557a81f2cbcc3e7f91cf2f712ea45b7b9a2b1eb5a5","b1d5697d50014504fea8964eae8d6ad099291a4087058c07ada854c160fad766",14,6,60,"SA_l2_position_foldover","L2",180538183,401256166,1.02489045077421,0.204978090154842,5,0.986394190316202,"4f1f560d1c86ac7fc0d56096246d6a52dd5d8b50994f486801b1d3f010aae327",0.007000000000005,"pwo","pwo_snr5","ols",5,TRUE,NA,60,328,16,44,0.032872020954904,0.0420160174435266,46.167322207655,0.046413149625412,0.0477638587734658,0.11336465711709,0.113079201221005,0.116186354534598,0.115893793512583,-0.721241543065681,-0.7338480042736,0.9625,0.966463414634146,0.485445456907148,0.494822487471641,0.452135924241422,0.468000411641472,0.0148626215761289,0.0153841193383822,0.0189969508797726,0.0196635134591057
"29_pwo_gp_model_specific","db6cb901415724b9f55892557a81f2cbcc3e7f91cf2f712ea45b7b9a2b1eb5a5","b1d5697d50014504fea8964eae8d6ad099291a4087058c07ada854c160fad766",14,6,60,"random_foldover","RandomFoldover",180538183,401256166,1.02489045077421,0.512445225387105,2,0.986394190316202,"4f1f560d1c86ac7fc0d56096246d6a52dd5d8b50994f486801b1d3f010aae327",0.00799999999999557,"pwo","pwo_snr2","ols",2,TRUE,NA,60,328,16,44,0.26931990162193,0.262600109022041,163.101935178922,0.182542427591571,0.188285661794755,0.495690355103632,0.494446882730673,0.50802831148659,0.506753888525742,0.637734047367701,0.638179673273063,0.973611111111111,0.972560975609756,1.85381180152478,1.9100917619972,0.843134551430044,0.882722639182183,0.227072914445189,0.237734774343996,0.221407225125779,0.231803061285465
"29_pwo_gp_model_specific","db6cb901415724b9f55892557a81f2cbcc3e7f91cf2f712ea45b7b9a2b1eb5a5","b1d5697d50014504fea8964eae8d6ad099291a4087058c07ada854c160fad766",14,6,60,"random_foldover","RandomFoldover",180538183,401256166,1.02489045077421,0.204978090154842,5,0.986394190316202,"4f1f560d1c86ac7fc0d56096246d6a52dd5d8b50994f486801b1d3f010aae327",0.00900000000000034,"pwo","pwo_snr5","ols",5,TRUE,NA,60,328,16,44,0.0430911842595088,0.0420160174435266,163.101935178922,0.0730169710366284,0.0753142647179022,0.198276142041453,0.197778753092269,0.203211324594636,0.202701555410297,-0.278556684506454,-0.278111058601092,0.973611111111111,0.972560975609756,0.741524720609912,0.76403670479888,0.843134551430044,0.882722639182183,0.0363316663112303,0.0380375638950393,0.0354251560201247,0.0370884898056744
"29_pwo_gp_model_specific","db6cb901415724b9f55892557a81f2cbcc3e7f91cf2f712ea45b7b9a2b1eb5a5","b1d5697d50014504fea8964eae8d6ad099291a4087058c07ada854c160fad766",15,6,48,"FSA_lambda050","FSA_lambda050",180538184,401256167,0.731820219739609,0.365910109869804,2,1.01043259575223,"8c77502544ec241b896b4687bd33c025affd3dee39df28fc1f861afd90fa9290",0.00900000000000034,"pwo","pwo_snr2","ols",2,TRUE,NA,48,384,16,32,0.113646885053088,0.133890208504932,24.6753244821158,0.0514850311913091,0.0517265804994956,0.222695703653978,0.221907737879644,0.162973218783121,0.162396569497001,-0.326666593237632,-0.329383377913857,0.988888888888889,0.9921875,0.894131889242606,0.901933912353184,0.429684065691261,0.437187527378104,0.0488322556227583,0.0496850006705832,0.05753048914665,0.0585351291964102
"29_pwo_gp_model_specific","db6cb901415724b9f55892557a81f2cbcc3e7f91cf2f712ea45b7b9a2b1eb5a5","b1d5697d50014504fea8964eae8d6ad099291a4087058c07ada854c160fad766",15,6,48,"FSA_lambda050","FSA_lambda050",180538184,401256167,0.731820219739609,0.146364043947922,5,1.01043259575223,"8c77502544ec241b896b4687bd33c025affd3dee39df28fc1f861afd90fa9290",0.00399999999999068,"pwo","pwo_snr5","ols",5,TRUE,NA,48,384,16,32,0.0181835016084941,0.0214224333607892,24.6753244821158,0.0205940124765236,0.0206906321997982,0.0890782814615913,0.0887630951518577,0.0651892875132484,0.0649586277988003,-1.24295732511179,-1.24567410978801,0.988888888888889,0.9921875,0.357652755697042,0.360773564941274,0.429684065691261,0.437187527378104,0.00781316089964133,0.00794960010729332,0.009204878263464,0.00936562067142563
"29_pwo_gp_model_specific","db6cb901415724b9f55892557a81f2cbcc3e7f91cf2f712ea45b7b9a2b1eb5a5","b1d5697d50014504fea8964eae8d6ad099291a4087058c07ada854c160fad766",15,6,48,"SA_hamming_foldover","Hamming",180538184,401256167,0.731820219739609,0.365910109869804,2,1.01043259575223,"8c77502544ec241b896b4687bd33c025affd3dee39df28fc1f861afd90fa9290",0.00799999999999557,"pwo","pwo_snr2","ols",2,TRUE,NA,48,384,16,32,0.137609935360251,0.133890208504932,103.01161420335,0.130116053599917,0.134030368457788,0.502244337288423,0.512541991191629,0.367552561277388,0.375088592619635,0.39145402292502,0.432960897532208,0.931944444444444,0.924479166666667,1.27451228173584,1.28213944897167,0.75242148670857,0.757709433610109,0.10354067214963,0.104268346180939,0.100741869739002,0.101449874052212
"29_pwo_gp_model_specific","db6cb901415724b9f55892557a81f2cbcc3e7f91cf2f712ea45b7b9a2b1eb5a5","b1d5697d50014504fea8964eae8d6ad099291a4087058c07ada854c160fad766",15,6,48,"SA_hamming_foldover","Hamming",180538184,401256167,0.731820219739609,0.146364043947922,5,1.01043259575223,"8c77502544ec241b896b4687bd33c025affd3dee39df28fc1f861afd90fa9290",0.00699999999999079,"pwo","pwo_snr5","ols",5,TRUE,NA,48,384,16,32,0.0220175896576401,0.0214224333607892,103.01161420335,0.0520464214399668,0.0536121473831154,0.200897734915369,0.205016796476652,0.147021024510955,0.150035437047854,-0.524836708949136,-0.483329834341947,0.931944444444444,0.924479166666667,0.509804912694338,0.512855779588669,0.75242148670857,0.757709433610109,0.0165665075439408,0.0166829353889503,0.0161186991582403,0.0162319798483539
"29_pwo_gp_model_specific","db6cb901415724b9f55892557a81f2cbcc3e7f91cf2f712ea45b7b9a2b1eb5a5","b1d5697d50014504fea8964eae8d6ad099291a4087058c07ada854c160fad766",15,6,48,"SA_l2_position_foldover","L2",180538184,401256167,0.731820219739609,0.365910109869804,2,1.01043259575223,"8c77502544ec241b896b4687bd33c025affd3dee39df28fc1f861afd90fa9290",0.00799999999999557,"pwo","pwo_snr2","ols",2,TRUE,NA,48,384,16,32,0.151687191389696,0.133890208504932,53.7769606736922,0.123682923641154,0.12723316919024,0.435538537526448,0.439915989657406,0.318735908237673,0.321939416218051,0.206026847464517,0.226249375518547,0.976388888888889,0.979166666666667,1.18715326776347,1.19973663176231,0.576211582153387,0.588258806768836,0.0874039165430603,0.0892313262090186,0.0771490888774739,0.0787620942931421
"29_pwo_gp_model_specific","db6cb901415724b9f55892557a81f2cbcc3e7f91cf2f712ea45b7b9a2b1eb5a5","b1d5697d50014504fea8964eae8d6ad099291a4087058c07ada854c160fad766",15,6,48,"SA_l2_position_foldover","L2",180538184,401256167,0.731820219739609,0.146364043947922,5,1.01043259575223,"8c77502544ec241b896b4687bd33c025affd3dee39df28fc1f861afd90fa9290",0.00799999999999557,"pwo","pwo_snr5","ols",5,TRUE,NA,48,384,16,32,0.0242699506223513,0.0214224333607892,53.7769606736922,0.0494731694564617,0.0508932676760958,0.174215415010579,0.175966395862962,0.127494363295069,0.12877576648722,-0.710263884409639,-0.690041356355608,0.976388888888889,0.979166666666667,0.474861307105387,0.479894652704925,0.576211582153387,0.588258806768836,0.0139846266468896,0.014277012193443,0.0123438542203958,0.0126019350869027
"29_pwo_gp_model_specific","db6cb901415724b9f55892557a81f2cbcc3e7f91cf2f712ea45b7b9a2b1eb5a5","b1d5697d50014504fea8964eae8d6ad099291a4087058c07ada854c160fad766",15,6,48,"random_foldover","RandomFoldover",180538184,401256167,0.731820219739609,0.365910109869804,2,1.01043259575223,"8c77502544ec241b896b4687bd33c025affd3dee39df28fc1f861afd90fa9290",0.007000000000005,"pwo","pwo_snr2","ols",2,TRUE,NA,48,384,16,32,0.0928133949833489,0.133890208504932,54.7905114740504,0.0685214784601921,0.069099228990552,0.282165197638091,0.296333819845954,0.206494196938378,0.216863081155943,-0.177260758551655,-0.128543139131518,1,1,0.999574409182161,1.03061160612762,0.670397609701021,0.708097002772172,0.0622218781450739,0.0657208868048191,0.0897596757440779,0.0948072553428837
"29_pwo_gp_model_specific","db6cb901415724b9f55892557a81f2cbcc3e7f91cf2f712ea45b7b9a2b1eb5a5","b1d5697d50014504fea8964eae8d6ad099291a4087058c07ada854c160fad766",15,6,48,"random_foldover","RandomFoldover",180538184,401256167,0.731820219739609,0.146364043947922,5,1.01043259575223,"8c77502544ec241b896b4687bd33c025affd3dee39df28fc1f861afd90fa9290",0.007000000000005,"pwo","pwo_snr5","ols",5,TRUE,NA,48,384,16,32,0.0148501431973358,0.0214224333607892,54.7905114740504,0.0274085913840768,0.0276396915962207,0.112866079055236,0.118533527938381,0.082597678775351,0.0867452324623773,-1.09355149042581,-1.04483387100567,1,1,0.399829763672864,0.412244642451046,0.670397609701021,0.708097002772172,0.00995550050321182,0.0105153418887711,0.0143615481190525,0.0151691608548614
"29_pwo_gp_model_specific","db6cb901415724b9f55892557a81f2cbcc3e7f91cf2f712ea45b7b9a2b1eb5a5","b1d5697d50014504fea8964eae8d6ad099291a4087058c07ada854c160fad766",15,6,60,"FSA_lambda050","FSA_lambda050",180538184,401256167,0.731820219739609,0.365910109869804,2,1.01043259575223,"86faaf6a85a451db2693d329947d534f762d128a4b6845c6423a53bcc2e43cfe",0.00500000000000966,"pwo","pwo_snr2","ols",2,TRUE,NA,60,322,16,44,0.174682217535879,0.133890208504932,20.383166776151,0.032098660100128,0.03274791143148,0.137321210227705,0.136642770933802,0.100494438243748,0.0999979426506043,-0.443250386920281,-0.439819305172965,1,1,0.944779245649076,0.951244031178966,0.317257776087937,0.321361383553703,0.0554192918575423,0.056136119109559,0.0424777097902251,0.0430271426494388
"29_pwo_gp_model_specific","db6cb901415724b9f55892557a81f2cbcc3e7f91cf2f712ea45b7b9a2b1eb5a5","b1d5697d50014504fea8964eae8d6ad099291a4087058c07ada854c160fad766",15,6,60,"FSA_lambda050","FSA_lambda050",180538184,401256167,0.731820219739609,0.146364043947922,5,1.01043259575223,"86faaf6a85a451db2693d329947d534f762d128a4b6845c6423a53bcc2e43cfe",0.00499999999999545,"pwo","pwo_snr5","ols",5,TRUE,NA,60,322,16,44,0.0279491548057406,0.0214224333607892,20.383166776151,0.0128394640400512,0.013099164572592,0.0549284840910822,0.054657108373521,0.0401977752974994,0.0399991770602418,-1.35954111879444,-1.35611003704712,1,1,0.37791169825963,0.380497612471587,0.317257776087937,0.321361383553703,0.00886708669720677,0.00898177905752944,0.00679643356643601,0.00688434282391021
"29_pwo_gp_model_specific","db6cb901415724b9f55892557a81f2cbcc3e7f91cf2f712ea45b7b9a2b1eb5a5","b1d5697d50014504fea8964eae8d6ad099291a4087058c07ada854c160fad766",15,6,60,"SA_hamming_foldover","Hamming",180538184,401256167,0.731820219739609,0.365910109869804,2,1.01043259575223,"86faaf6a85a451db2693d329947d534f762d128a4b6845c6423a53bcc2e43cfe",0.00699999999999079,"pwo","pwo_snr2","ols",2,TRUE,NA,60,322,16,44,0.112268151382634,0.133890208504932,48.9761503620867,0.0973372846728456,0.0994211090737549,0.327674573783882,0.327821485290123,0.239798878589603,0.239906391400383,-0.0345656653439102,-0.023214498219966,0.947222222222222,0.950310559006211,0.868047543659522,0.882369761596303,0.424404690266706,0.437551772314839,0.0476471300143626,0.0491231286119823,0.0568236324702805,0.0585838980269365
"29_pwo_gp_model_specific","db6cb901415724b9f55892557a81f2cbcc3e7f91cf2f712ea45b7b9a2b1eb5a5","b1d5697d50014504fea8964eae8d6ad099291a4087058c07ada854c160fad766",15,6,60,"SA_hamming_foldover","Hamming",180538184,401256167,0.731820219739609,0.146364043947922,5,1.01043259575223,"86faaf6a85a451db2693d329947d534f762d128a4b6845c6423a53bcc2e43cfe",0.00799999999999557,"pwo","pwo_snr5","ols",5,TRUE,NA,60,322,16,44,0.0179629042212215,0.0214224333607892,48.9761503620867,0.0389349138691382,0.039768443629502,0.131069829513553,0.131128594116049,0.0959195514358413,0.0959625565601531,-0.950856397218066,-0.939505230094122,0.947222222222222,0.950310559006211,0.347219017463809,0.352947904638521,0.424404690266706,0.437551772314839,0.00762354080229801,0.00785970057791716,0.00909178119524488,0.00937342368430984
"29_pwo_gp_model_specific","db6cb901415724b9f55892557a81f2cbcc3e7f91cf2f712ea45b7b9a2b1eb5a5","b1d5697d50014504fea8964eae8d6ad099291a4087058c07ada854c160fad766",15,6,60,"SA_l2_position_foldover","L2",180538184,401256167,0.731820219739609,0.365910109869804,2,1.01043259575223,"86faaf6a85a451db2693d329947d534f762d128a4b6845c6423a53bcc2e43cfe",0.00699999999999079,"pwo","pwo_snr2","ols",2,TRUE,NA,60,322,16,44,0.107247532209354,0.133890208504932,40.133561877661,0.108266522580788,0.109331009930067,0.42092334485933,0.430345894771483,0.308040214728486,0.314935827275706,0.30736458961964,0.336122868798631,0.838888888888889,0.838509316770186,0.838386155546557,0.850239226347647,0.411779749598972,0.422535640238334,0.0441623619582756,0.0453159046860608,0.0551332765319151,0.0565733849722755
"29_pwo_gp_model_specific","db6cb901415724b9f55892557a81f2cbcc3e7f91cf2f712ea45b7b9a2b1eb5a5","b1d5697d50014504fea8964eae8d6ad099291a4087058c07ada854c160fad766",15,6,60,"SA_l2_position_foldover","L2",180538184,401256167,0.731820219739609,0.146364043947922,5,1.01043259575223,"86faaf6a85a451db2693d329947d534f762d128a4b6845c6423a53bcc2e43cfe",0.007000000000005,"pwo","pwo_snr5","ols",5,TRUE,NA,60,322,16,44,0.0171596051534967,0.0214224333607892,40.133561877661,0.0433066090323152,0.043732403972027,0.168369337943732,0.172138357908593,0.123216085891394,0.125974330910282,-0.608926142254516,-0.580167863075525,0.838888888888889,0.838509316770186,0.335354462218623,0.340095690539059,0.411779749598972,0.422535640238334,0.00706597791332409,0.00725054474976973,0.00882132424510642,0.00905174159556409
"29_pwo_gp_model_specific","db6cb901415724b9f55892557a81f2cbcc3e7f91cf2f712ea45b7b9a2b1eb5a5","b1d5697d50014504fea8964eae8d6ad099291a4087058c07ada854c160fad766",15,6,60,"random_foldover","RandomFoldover",180538184,401256167,0.731820219739609,0.365910109869804,2,1.01043259575223,"86faaf6a85a451db2693d329947d534f762d128a4b6845c6423a53bcc2e43cfe",0.00800000000000978,"pwo","pwo_snr2","ols",2,TRUE,NA,60,322,16,44,0.122086260816182,0.133890208504932,62.5707347285363,0.085252238894366,0.0878101028341551,0.301593109865851,0.30534578017715,0.220711935933979,0.223458215945804,-0.0878022228503981,-0.053103068876054,0.972222222222222,0.972049689440994,1.00771103535004,1.03285773625481,0.536793437646311,0.561256322874587,0.0655351036329024,0.068521685819198,0.071871385290544,0.07514672609439
"29_pwo_gp_model_specific","db6cb901415724b9f55892557a81f2cbcc3e7f91cf2f712ea45b7b9a2b1eb5a5","b1d5697d50014504fea8964eae8d6ad099291a4087058c07ada854c160fad766",15,6,60,"random_foldover","RandomFoldover",180538184,401256167,0.731820219739609,0.146364043947922,5,1.01043259575223,"86faaf6a85a451db2693d329947d534f762d128a4b6845c6423a53bcc2e43cfe",0.00799999999999557,"pwo","pwo_snr5","ols",5,TRUE,NA,60,322,16,44,0.0195338017305891,0.0214224333607892,62.5707347285363,0.0341008955577464,0.035124041133662,0.12063724394634,0.12213831207086,0.0882847743735917,0.0893832863783215,-1.00409295472455,-0.969393800750209,0.972222222222222,0.972049689440994,0.403084414140016,0.413143094501922,0.536793437646311,0.561256322874587,0.0104856165812644,0.0109634697310717,0.011499421646487,0.0120234761751024
"29_pwo_gp_model_specific","db6cb901415724b9f55892557a81f2cbcc3e7f91cf2f712ea45b7b9a2b1eb5a5","b1d5697d50014504fea8964eae8d6ad099291a4087058c07ada854c160fad766",16,6,48,"FSA_lambda050","FSA_lambda050",180538185,401256168,0.990709982523431,0.495354991261715,2,0.96568936369502,"74b6d023c46a493d59f3190f5818a2df3c8c8a94236766d652ff9479631be55a",0.00600000000000023,"pwo","pwo_snr2","ols",2,TRUE,NA,48,380,16,32,0.143788651108026,0.245376567367894,31.8859918851735,0.164051295358981,0.168451636787613,0.40358808652199,0.399581855457035,0.399838746144866,0.39586973303652,0.782220422860856,0.769743115179249,0.773611111111111,0.789473684210526,1.00897670840401,1.0175095725985,0.432381049429928,0.438785767138823,0.0621714878622022,0.0630924135822919,0.106096177704043,0.107667745350413
"29_pwo_gp_model_specific","db6cb901415724b9f55892557a81f2cbcc3e7f91cf2f712ea45b7b9a2b1eb5a5","b1d5697d50014504fea8964eae8d6ad099291a4087058c07ada854c160fad766",16,6,48,"FSA_lambda050","FSA_lambda050",180538185,401256168,0.990709982523431,0.198141996504686,5,0.96568936369502,"74b6d023c46a493d59f3190f5818a2df3c8c8a94236766d652ff9479631be55a",0.007000000000005,"pwo","pwo_snr5","ols",5,TRUE,NA,48,380,16,32,0.0230061841772842,0.0392602507788631,31.8859918851735,0.0656205181435922,0.067380654715045,0.161435234608796,0.159832742182814,0.159935498457946,0.158347893214608,-0.134070309013301,-0.146547616694908,0.773611111111111,0.789473684210526,0.403590683361605,0.407003829039402,0.432381049429928,0.438785767138823,0.00994743805795235,0.0100947861731667,0.016975388432647,0.017226839256066
"29_pwo_gp_model_specific","db6cb901415724b9f55892557a81f2cbcc3e7f91cf2f712ea45b7b9a2b1eb5a5","b1d5697d50014504fea8964eae8d6ad099291a4087058c07ada854c160fad766",16,6,48,"SA_hamming_foldover","Hamming",180538185,401256168,0.990709982523431,0.495354991261715,2,0.96568936369502,"74b6d023c46a493d59f3190f5818a2df3c8c8a94236766d652ff9479631be55a",0.00900000000000034,"pwo","pwo_snr2","ols",2,TRUE,NA,48,380,16,32,0.33175856968536,0.245376567367894,80.375512904099,0.107300768152691,0.110561092329322,0.30909771013154,0.32325441657472,0.306226187002451,0.320251377395363,0.35476311395944,0.384341005415606,1,1,1.86921435335943,1.90438281670537,0.661546035828213,0.683409037256438,0.219473566627388,0.226726804710245,0.162327895427365,0.167692563670182
"29_pwo_gp_model_specific","db6cb901415724b9f55892557a81f2cbcc3e7f91cf2f712ea45b7b9a2b1eb5a5","b1d5697d50014504fea8964eae8d6ad099291a4087058c07ada854c160fad766",16,6,48,"SA_hamming_foldover","Hamming",180538185,401256168,0.990709982523431,0.198141996504686,5,0.96568936369502,"74b6d023c46a493d59f3190f5818a2df3c8c8a94236766d652ff9479631be55a",0.00799999999999557,"pwo","pwo_snr5","ols",5,TRUE,NA,48,380,16,32,0.0530813711496576,0.0392602507788631,80.375512904099,0.0429203072610762,0.0442244369317288,0.123639084052616,0.129301766629888,0.12249047480098,0.128100550958145,-0.561527617914715,-0.531949726458549,1,1,0.747685741343772,0.761753126682148,0.661546035828213,0.683409037256438,0.0351157706603821,0.0362762887536392,0.0259724632683784,0.0268308101872291
"29_pwo_gp_model_specific","db6cb901415724b9f55892557a81f2cbcc3e7f91cf2f712ea45b7b9a2b1eb5a5","b1d5697d50014504fea8964eae8d6ad099291a4087058c07ada854c160fad766",16,6,48,"SA_l2_position_foldover","L2",180538185,401256168,0.990709982523431,0.495354991261715,2,0.96568936369502,"74b6d023c46a493d59f3190f5818a2df3c8c8a94236766d652ff9479631be55a",0.00499999999999545,"pwo","pwo_snr2","ols",2,TRUE,NA,48,380,16,32,0.222449288453643,0.245376567367894,94.3067525986205,0.281971944286044,0.291169976679971,0.709801585162872,0.745758589579273,0.703207516031812,0.73883047924878,1.22606482257598,1.33777172209076,0.7875,0.781578947368421,1.62357426735017,1.68837178557372,0.747620271325678,0.803630394501308,0.166307597389917,0.178767009436536,0.183448495872549,0.197192067635238
"29_pwo_gp_model_specific","db6cb901415724b9f55892557a81f2cbcc3e7f91cf2f712ea45b7b9a2b1eb5a5","b1d5697d50014504fea8964eae8d6ad099291a4087058c07ada854c160fad766",16,6,48,"SA_l2_position_foldover","L2",180538185,401256168,0.990709982523431,0.198141996504686,5,0.96568936369502,"74b6d023c46a493d59f3190f5818a2df3c8c8a94236766d652ff9479631be55a",0.00500000000000966,"pwo","pwo_snr5","ols",5,TRUE,NA,48,380,16,32,0.0355918861525829,0.0392602507788631,94.3067525986205,0.112788777714418,0.116467990671989,0.283920634065149,0.29830343583171,0.281283006412725,0.295532191699512,0.30977409070183,0.421480990216612,0.7875,0.781578947368421,0.649429706940066,0.67534871422949,0.747620271325678,0.803630394501308,0.0266092155823867,0.0286027215098458,0.0293517593396078,0.031550730821638
"29_pwo_gp_model_specific","db6cb901415724b9f55892557a81f2cbcc3e7f91cf2f712ea45b7b9a2b1eb5a5","b1d5697d50014504fea8964eae8d6ad099291a4087058c07ada854c160fad766",16,6,48,"random_foldover","RandomFoldover",180538185,401256168,0.990709982523431,0.495354991261715,2,0.96568936369502,"74b6d023c46a493d59f3190f5818a2df3c8c8a94236766d652ff9479631be55a",0.00800000000000978,"pwo","pwo_snr2","ols",2,TRUE,NA,48,380,16,32,0.169611222220613,0.245376567367894,134.790342151655,0.163336137289091,0.16077260252968,0.460834805605701,0.46033882759225,0.456553642207813,0.456062271838774,0.606227724126065,0.614456443048385,0.925,0.934210526315789,1.56023187804104,1.60896492134815,0.917105933493478,0.967174872981492,0.155551458285605,0.164043712307457,0.225036305873358,0.237322050376678
"29_pwo_gp_model_specific","db6cb901415724b9f55892557a81f2cbcc3e7f91cf2f712ea45b7b9a2b1eb5a5","b1d5697d50014504fea8964eae8d6ad099291a4087058c07ada854c160fad766",16,6,48,"random_foldover","RandomFoldover",180538185,401256168,0.990709982523431,0.198141996504686,5,0.96568936369502,"74b6d023c46a493d59f3190f5818a2df3c8c8a94236766d652ff9479631be55a",0.007000000000005,"pwo","pwo_snr5","ols",5,TRUE,NA,48,380,16,32,0.0271377955552982,0.0392602507788631,134.790342151655,0.0653344549156364,0.0643090410118718,0.18433392224228,0.1841355310369,0.182621456883125,0.182424908735509,-0.310063007748092,-0.301834288825772,0.925,0.934210526315789,0.624092751216418,0.643585968539259,0.917105933493478,0.967174872981492,0.0248882333256969,0.0262469939691932,0.0360058089397373,0.0379715280602684
"29_pwo_gp_model_specific","db6cb901415724b9f55892557a81f2cbcc3e7f91cf2f712ea45b7b9a2b1eb5a5","b1d5697d50014504fea8964eae8d6ad099291a4087058c07ada854c160fad766",16,6,60,"FSA_lambda050","FSA_lambda050",180538185,401256168,0.990709982523431,0.495354991261715,2,0.96568936369502,"35c9e5618a2c750c07a46be61a6b1a0e1d037bea81d5af4a53dae7c763acba9f",0.00500000000000966,"pwo","pwo_snr2","ols",2,TRUE,NA,60,370,16,44,0.246596324461196,0.245376567367894,18.0683020921168,0.0907034116323683,0.0909478738173792,0.24860945183296,0.247304295213753,0.246299865680592,0.245006833989187,0.00592797406492335,0.00604472063899958,0.986111111111111,0.991891891891892,1.10965391452528,1.11980347563651,0.309314890015113,0.314907906206783,0.0762759149788462,0.0776551322143639,0.0758986259476862,0.0772710210620312
"29_pwo_gp_model_specific","db6cb901415724b9f55892557a81f2cbcc3e7f91cf2f712ea45b7b9a2b1eb5a5","b1d5697d50014504fea8964eae8d6ad099291a4087058c07ada854c160fad766",16,6,60,"FSA_lambda050","FSA_lambda050",180538185,401256168,0.990709982523431,0.198141996504686,5,0.96568936369502,"35c9e5618a2c750c07a46be61a6b1a0e1d037bea81d5af4a53dae7c763acba9f",0.00699999999999079,"pwo","pwo_snr5","ols",5,TRUE,NA,60,370,16,44,0.0394554119137914,0.0392602507788631,18.0683020921168,0.0362813646529473,0.0363791495269517,0.099443780733184,0.0989217180855013,0.0985199462722366,0.0980027335956747,-0.910362757809233,-0.910246011235156,0.986111111111111,0.991891891891892,0.443861565810112,0.447921390254606,0.309314890015113,0.314907906206783,0.0122041463966154,0.0124248211542982,0.0121437801516298,0.012363363369925
"29_pwo_gp_model_specific","db6cb901415724b9f55892557a81f2cbcc3e7f91cf2f712ea45b7b9a2b1eb5a5","b1d5697d50014504fea8964eae8d6ad099291a4087058c07ada854c160fad766",16,6,60,"SA_hamming_foldover","Hamming",180538185,401256168,0.990709982523431,0.495354991261715,2,0.96568936369502,"35c9e5618a2c750c07a46be61a6b1a0e1d037bea81d5af4a53dae7c763acba9f",0.00799999999999557,"pwo","pwo_snr2","ols",2,TRUE,NA,60,370,16,44,0.208018114974549,0.245376567367894,44.1424979705676,0.137263327893434,0.141636620015378,0.372461485096291,0.376038717294023,0.369001311390397,0.372545311038495,0.42701373791321,0.457918312594029,0.895833333333333,0.881081081081081,1.21757333409496,1.23934460089582,0.448984192180578,0.462024724630751,0.0933968453107746,0.096109512289324,0.110170199879717,0.11337004096899
"29_pwo_gp_model_specific","db6cb901415724b9f55892557a81f2cbcc3e7f91cf2f712ea45b7b9a2b1eb5a5","b1d5697d50014504fea8964eae8d6ad099291a4087058c07ada854c160fad766",16,6,60,"SA_hamming_foldover","Hamming",180538185,401256168,0.990709982523431,0.198141996504686,5,0.96568936369502,"35c9e5618a2c750c07a46be61a6b1a0e1d037bea81d5af4a53dae7c763acba9f",0.00399999999999068,"pwo","pwo_snr5","ols",5,TRUE,NA,60,370,16,44,0.0332828983959279,0.0392602507788631,44.1424979705676,0.0549053311573736,0.0566546480061512,0.148984594038517,0.15041548691761,0.147600524556159,0.149018124415398,-0.48927699396094,-0.458372419280122,0.895833333333333,0.881081081081081,0.487029333637984,0.495737840358329,0.448984192180578,0.462024724630751,0.0149434952497239,0.0153775219662918,0.0176272319807547,0.0181392065550384
"29_pwo_gp_model_specific","db6cb901415724b9f55892557a81f2cbcc3e7f91cf2f712ea45b7b9a2b1eb5a5","b1d5697d50014504fea8964eae8d6ad099291a4087058c07ada854c160fad766",16,6,60,"SA_l2_position_foldover","L2",180538185,401256168,0.990709982523431,0.495354991261715,2,0.96568936369502,"35c9e5618a2c750c07a46be61a6b1a0e1d037bea81d5af4a53dae7c763acba9f",0.00400000000000489,"pwo","pwo_snr2","ols",2,TRUE,NA,60,370,16,44,0.174872674183588,0.245376567367894,44.3716846176853,0.104156772038942,0.105767364072383,0.30678436110033,0.304470615614957,0.303934329024169,0.301642078274792,0.255739608634035,0.244087181242101,0.918055555555556,0.932432432432432,1.05805055500499,1.08814131380264,0.40253949860809,0.424524279099619,0.0703931585861173,0.0742376959420102,0.0987737603984464,0.104168310369794
"29_pwo_gp_model_specific","db6cb901415724b9f55892557a81f2cbcc3e7f91cf2f712ea45b7b9a2b1eb5a5","b1d5697d50014504fea8964eae8d6ad099291a4087058c07ada854c160fad766",16,6,60,"SA_l2_position_foldover","L2",180538185,401256168,0.990709982523431,0.198141996504686,5,0.96568936369502,"35c9e5618a2c750c07a46be61a6b1a0e1d037bea81d5af4a53dae7c763acba9f",0.00400000000000489,"pwo","pwo_snr5","ols",5,TRUE,NA,60,370,16,44,0.027979627869374,0.0392602507788631,44.3716846176853,0.041662708815577,0.0423069456289531,0.122713744440132,0.121788246245983,0.121573731609668,0.120656831309917,-0.660551123240119,-0.672203550632053,0.918055555555556,0.932432432432432,0.423220222001996,0.435256525521054,0.40253949860809,0.424524279099619,0.0112629053737788,0.0118780313507216,0.0158038016637514,0.0166669296591671
"29_pwo_gp_model_specific","db6cb901415724b9f55892557a81f2cbcc3e7f91cf2f712ea45b7b9a2b1eb5a5","b1d5697d50014504fea8964eae8d6ad099291a4087058c07ada854c160fad766",16,6,60,"random_foldover","RandomFoldover",180538185,401256168,0.990709982523431,0.495354991261715,2,0.96568936369502,"35c9e5618a2c750c07a46be61a6b1a0e1d037bea81d5af4a53dae7c763acba9f",0.00600000000000023,"pwo","pwo_snr2","ols",2,TRUE,NA,60,370,16,44,0.18392436374762,0.245376567367894,77.5339218394564,0.129056574276277,0.13248781778997,0.385346806147491,0.387817527319282,0.38176692758384,0.384214695712766,0.428299252726095,0.438701221845635,0.927777777777778,0.943243243243243,1.27188322133344,1.29840866665901,0.563504500941015,0.583505733505173,0.103642206804496,0.107320920778027,0.138270800137265,0.143178633926985
"29_pwo_gp_model_specific","db6cb901415724b9f55892557a81f2cbcc3e7f91cf2f712ea45b7b9a2b1eb5a5","b1d5697d50014504fea8964eae8d6ad099291a4087058c07ada854c160fad766",16,6,60,"random_foldover","RandomFoldover",180538185,401256168,0.990709982523431,0.198141996504686,5,0.96568936369502,"35c9e5618a2c750c07a46be61a6b1a0e1d037bea81d5af4a53dae7c763acba9f",0.00800000000000978,"pwo","pwo_snr5","ols",5,TRUE,NA,60,370,16,44,0.0294278981996192,0.0392602507788631,77.5339218394564,0.0516226297105106,0.0529951271159879,0.154138722458996,0.155127010927713,0.152706771033536,0.153685878285106,-0.487991479148062,-0.477589510028521,0.927777777777778,0.943243243243243,0.508753288533375,0.519363466663605,0.563504500941015,0.583505733505173,0.0165827530887194,0.0171713473244843,0.0221233280219623,0.0229085814283175
"29_pwo_gp_model_specific","db6cb901415724b9f55892557a81f2cbcc3e7f91cf2f712ea45b7b9a2b1eb5a5","b1d5697d50014504fea8964eae8d6ad099291a4087058c07ada854c160fad766",17,6,48,"FSA_lambda050","FSA_lambda050",180538186,401256169,0.798058996262698,0.399029498131349,2,1.06162791176286,"70259ae6cb248cc254f1ada85a729fb24c20359d06d398b92f934bbbd4f0c0ca",0.007000000000005,"pwo","pwo_snr2","ols",2,TRUE,NA,48,392,16,32,0.118278311218674,0.159224540378956,39.0563964417056,0.0949870496801154,0.0960622363333427,0.428275499516101,0.423052334785334,0.341789115267725,0.337620721665374,0.572250796060036,0.566829131156443,0.804166666666667,0.816326530612245,0.948468041595593,0.95348097442654,0.468838645017117,0.473520431397502,0.0554534431666759,0.0560071969532344,0.0746506177647432,0.0753960730493124
"29_pwo_gp_model_specific","db6cb901415724b9f55892557a81f2cbcc3e7f91cf2f712ea45b7b9a2b1eb5a5","b1d5697d50014504fea8964eae8d6ad099291a4087058c07ada854c160fad766",17,6,48,"FSA_lambda050","FSA_lambda050",180538186,401256169,0.798058996262698,0.15961179925254,5,1.06162791176286,"70259ae6cb248cc254f1ada85a729fb24c20359d06d398b92f934bbbd4f0c0ca",0.007000000000005,"pwo","pwo_snr5","ols",5,TRUE,NA,48,392,16,32,0.0189245297949878,0.025475926460633,39.0563964417056,0.0379948198720461,0.038424894533337,0.17131019980644,0.169220933914134,0.13671564610709,0.13504828866615,-0.34403993581412,-0.349461600717713,0.804166666666667,0.816326530612245,0.379387216638237,0.381392389770616,0.468838645017117,0.473520431397502,0.00887255090666815,0.00896115151251751,0.0119440988423589,0.01206337168789
"29_pwo_gp_model_specific","db6cb901415724b9f55892557a81f2cbcc3e7f91cf2f712ea45b7b9a2b1eb5a5","b1d5697d50014504fea8964eae8d6ad099291a4087058c07ada854c160fad766",17,6,48,"SA_hamming_foldover","Hamming",180538186,401256169,0.798058996262698,0.399029498131349,2,1.06162791176286,"70259ae6cb248cc254f1ada85a729fb24c20359d06d398b92f934bbbd4f0c0ca",0.00600000000000023,"pwo","pwo_snr2","ols",2,TRUE,NA,48,392,16,32,0.166014380098584,0.159224540378956,168.422345886005,0.137579551102703,0.141703490367939,0.463235771555879,0.464771701522366,0.369689474880861,0.370915237608246,0.478228255476985,0.480867446853667,0.925,0.933673469387755,1.5335976273653,1.57658310608906,0.9257491467623,0.970315056133453,0.153687670726537,0.161086252544318,0.147401982399438,0.15449796883563
"29_pwo_gp_model_specific","db6cb901415724b9f55892557a81f2cbcc3e7f91cf2f712ea45b7b9a2b1eb5a5","b1d5697d50014504fea8964eae8d6ad099291a4087058c07ada854c160fad766",17,6,48,"SA_hamming_foldover","Hamming",180538186,401256169,0.798058996262698,0.15961179925254,5,1.06162791176286,"70259ae6cb248cc254f1ada85a729fb24c20359d06d398b92f934bbbd4f0c0ca",0.00799999999999557,"pwo","pwo_snr5","ols",5,TRUE,NA,48,392,16,32,0.0265623008157735,0.025475926460633,168.422345886005,0.055031820441081,0.0566813961471757,0.185294308622352,0.185908680608946,0.147875789952345,0.148366095043298,-0.43806247639717,-0.435423285020488,0.925,0.933673469387755,0.613439050946121,0.630633242435624,0.9257491467623,0.970315056133453,0.0245900273162459,0.0257738004070909,0.0235843171839101,0.0247196750137008
"29_pwo_gp_model_specific","db6cb901415724b9f55892557a81f2cbcc3e7f91cf2f712ea45b7b9a2b1eb5a5","b1d5697d50014504fea8964eae8d6ad099291a4087058c07ada854c160fad766",17,6,48,"SA_l2_position_foldover","L2",180538186,401256169,0.798058996262698,0.399029498131349,2,1.06162791176286,"70259ae6cb248cc254f1ada85a729fb24c20359d06d398b92f934bbbd4f0c0ca",0.00600000000000023,"pwo","pwo_snr2","ols",2,TRUE,NA,48,392,16,32,0.160615710438372,0.159224540378956,49.2208407321761,0.129461408950334,0.133697871212039,0.43764772397746,0.435612454766654,0.349268703314106,0.347644438410605,0.35609963940733,0.353651765436141,0.948611111111111,0.956632653061224,1.26126766902265,1.28388145871316,0.615165414721966,0.634531367102603,0.0988052301226842,0.101915706322616,0.097949430416135,0.101032965282943
"29_pwo_gp_model_specific","db6cb901415724b9f55892557a81f2cbcc3e7f91cf2f712ea45b7b9a2b1eb5a5","b1d5697d50014504fea8964eae8d6ad099291a4087058c07ada854c160fad766",17,6,48,"SA_l2_position_foldover","L2",180538186,401256169,0.798058996262698,0.15961179925254,5,1.06162791176286,"70259ae6cb248cc254f1ada85a729fb24c20359d06d398b92f934bbbd4f0c0ca",0.00499999999999545,"pwo","pwo_snr5","ols",5,TRUE,NA,48,392,16,32,0.0256985136701395,0.025475926460633,49.2208407321761,0.0517845635801335,0.0534791484848156,0.175059089590984,0.174244981906661,0.139707481325642,0.139057775364242,-0.560191092466824,-0.562638966438013,0.948611111111111,0.956632653061224,0.50450706760906,0.513552583485264,0.615165414721966,0.634531367102603,0.0158088368196295,0.0163065130116185,0.0156719088665816,0.0161652744452708
"29_pwo_gp_model_specific","db6cb901415724b9f55892557a81f2cbcc3e7f91cf2f712ea45b7b9a2b1eb5a5","b1d5697d50014504fea8964eae8d6ad099291a4087058c07ada854c160fad766",17,6,48,"random_foldover","RandomFoldover",180538186,401256169,0.798058996262698,0.399029498131349,2,1.06162791176286,"70259ae6cb248cc254f1ada85a729fb24c20359d06d398b92f934bbbd4f0c0ca",0.00699999999999079,"pwo","pwo_snr2","ols",2,TRUE,NA,48,392,16,32,0.118720968466274,0.159224540378956,170.833548241211,0.194445610814919,0.20001273559758,0.611687968808282,0.611344210963891,0.488163086413106,0.487888747372854,0.767178940192855,0.756162275008319,0.856944444444444,0.85969387755102,1.38292319693269,1.42060798294889,1.03694231750334,1.08105799411688,0.123106796177659,0.128344252029763,0.165106663903959,0.172130962236257
"29_pwo_gp_model_specific","db6cb901415724b9f55892557a81f2cbcc3e7f91cf2f712ea45b7b9a2b1eb5a5","b1d5697d50014504fea8964eae8d6ad099291a4087058c07ada854c160fad766",17,6,48,"random_foldover","RandomFoldover",180538186,401256169,0.798058996262698,0.15961179925254,5,1.06162791176286,"70259ae6cb248cc254f1ada85a729fb24c20359d06d398b92f934bbbd4f0c0ca",0.0100000000000051,"pwo","pwo_snr5","ols",5,TRUE,NA,48,392,16,32,0.0189953549546038,0.025475926460633,170.833548241211,0.0777782443259675,0.0800050942390322,0.244675187523313,0.244537684385556,0.195265234565242,0.195155498949141,-0.1491117916813,-0.160128456865836,0.856944444444444,0.85969387755102,0.553169278773077,0.568243193179555,1.03694231750334,1.08105799411688,0.0196970873884254,0.0205350803247621,0.0264170662246334,0.0275409539578011
"29_pwo_gp_model_specific","db6cb901415724b9f55892557a81f2cbcc3e7f91cf2f712ea45b7b9a2b1eb5a5","b1d5697d50014504fea8964eae8d6ad099291a4087058c07ada854c160fad766",17,6,60,"FSA_lambda050","FSA_lambda050",180538186,401256169,0.798058996262698,0.399029498131349,2,1.06162791176286,"6bf396889d29e17e6e19dd547194ce510692e645f1c921e8b342911a82557793",0.00800000000000978,"pwo","pwo_snr2","ols",2,TRUE,NA,60,322,16,44,0.220240243949682,0.159224540378956,20.5462234805138,0.0869316247926144,0.0886365927725609,0.265769066580767,0.269413431365974,0.212099394513121,0.215007812615618,-0.093722279052398,-0.0784605243862764,0.991666666666667,0.996894409937888,1.05779066599024,1.07074099606395,0.31550778988534,0.323621753020884,0.0694875126123723,0.0712745338327433,0.0502365828304736,0.0515285248813824
"29_pwo_gp_model_specific","db6cb901415724b9f55892557a81f2cbcc3e7f91cf2f712ea45b7b9a2b1eb5a5","b1d5697d50014504fea8964eae8d6ad099291a4087058c07ada854c160fad766",17,6,60,"FSA_lambda050","FSA_lambda050",180538186,401256169,0.798058996262698,0.15961179925254,5,1.06162791176286,"6bf396889d29e17e6e19dd547194ce510692e645f1c921e8b342911a82557793",0.007000000000005,"pwo","pwo_snr5","ols",5,TRUE,NA,60,322,16,44,0.0352384390319491,0.025475926460633,20.5462234805138,0.0347726499170458,0.0354546371090244,0.106307626632307,0.10776537254639,0.0848397578052487,0.0860031250462475,-1.01001301092655,-0.99475125626043,0.991666666666667,0.996894409937888,0.423116266396097,0.42829639842558,0.31550778988534,0.323621753020884,0.0111180020179796,0.0114039254132389,0.00803785325287578,0.00824456398102118
"29_pwo_gp_model_specific","db6cb901415724b9f55892557a81f2cbcc3e7f91cf2f712ea45b7b9a2b1eb5a5","b1d5697d50014504fea8964eae8d6ad099291a4087058c07ada854c160fad766",17,6,60,"SA_hamming_foldover","Hamming",180538186,401256169,0.798058996262698,0.399029498131349,2,1.06162791176286,"6bf396889d29e17e6e19dd547194ce510692e645f1c921e8b342911a82557793",0.00900000000000034,"pwo","pwo_snr2","ols",2,TRUE,NA,60,322,16,44,0.168985624510874,0.159224540378956,45.7883062822922,0.0607634524326653,0.0604848774153366,0.244137302508753,0.245221351438025,0.194835970590418,0.195701105590813,-0.150401734763509,-0.131419718390836,0.997222222222222,1,1.04480165869277,1.0685094450744,0.406314428709348,0.424166881526844,0.0686612974832283,0.0716781053716438,0.0646952281605842,0.067537776755087
"29_pwo_gp_model_specific","db6cb901415724b9f55892557a81f2cbcc3e7f91cf2f712ea45b7b9a2b1eb5a5","b1d5697d50014504fea8964eae8d6ad099291a4087058c07ada854c160fad766",17,6,60,"SA_hamming_foldover","Hamming",180538186,401256169,0.798058996262698,0.15961179925254,5,1.06162791176286,"6bf396889d29e17e6e19dd547194ce510692e645f1c921e8b342911a82557793",0.00800000000000978,"pwo","pwo_snr5","ols",5,TRUE,NA,60,322,16,44,0.0270376999217399,0.025475926460633,45.7883062822922,0.0243053809730661,0.0241939509661347,0.0976549210035014,0.0980885405752104,0.0779343882361674,0.0782804422363253,-1.06669246663766,-1.04771045026499,0.997222222222222,1,0.417920663477109,0.42740377802976,0.406314428709348,0.424166881526844,0.0109858075973165,0.011468496859463,0.0103512365056935,0.0108060442808139
"29_pwo_gp_model_specific","db6cb901415724b9f55892557a81f2cbcc3e7f91cf2f712ea45b7b9a2b1eb5a5","b1d5697d50014504fea8964eae8d6ad099291a4087058c07ada854c160fad766",17,6,60,"SA_l2_position_foldover","L2",180538186,401256169,0.798058996262698,0.399029498131349,2,1.06162791176286,"6bf396889d29e17e6e19dd547194ce510692e645f1c921e8b342911a82557793",0.007000000000005,"pwo","pwo_snr2","ols",2,TRUE,NA,60,322,16,44,0.163479636303387,0.159224540378956,45.3688780767271,0.0706037361190654,0.0728881064020629,0.248359690270088,0.240841337655399,0.198205685129061,0.192205596187833,-0.135234197406006,-0.148566360481333,1,1,1.03447392253781,1.0456597136509,0.411588502959791,0.419490764285008,0.067286338770522,0.0685781975779428,0.0655349902090355,0.0667932241364975
"29_pwo_gp_model_specific","db6cb901415724b9f55892557a81f2cbcc3e7f91cf2f712ea45b7b9a2b1eb5a5","b1d5697d50014504fea8964eae8d6ad099291a4087058c07ada854c160fad766",17,6,60,"SA_l2_position_foldover","L2",180538186,401256169,0.798058996262698,0.15961179925254,5,1.06162791176286,"6bf396889d29e17e6e19dd547194ce510692e645f1c921e8b342911a82557793",0.0109999999999957,"pwo","pwo_snr5","ols",5,TRUE,NA,60,322,16,44,0.0261567418085418,0.025475926460633,45.3688780767271,0.0282414944476262,0.0291552425608252,0.0993438761080351,0.0963365350621596,0.0792822740516243,0.0768822384751333,-1.05152492928016,-1.06485709235549,1,1,0.413789569015124,0.418263885460362,0.411588502959791,0.419490764285008,0.0107658142032835,0.0109725116124708,0.0104855984334457,0.0106869158618396
"29_pwo_gp_model_specific","db6cb901415724b9f55892557a81f2cbcc3e7f91cf2f712ea45b7b9a2b1eb5a5","b1d5697d50014504fea8964eae8d6ad099291a4087058c07ada854c160fad766",17,6,60,"random_foldover","RandomFoldover",180538186,401256169,0.798058996262698,0.399029498131349,2,1.06162791176286,"6bf396889d29e17e6e19dd547194ce510692e645f1c921e8b342911a82557793",0.00499999999999545,"pwo","pwo_snr2","ols",2,TRUE,NA,60,322,16,44,0.175046491961924,0.159224540378956,71.382612236562,0.136114527101469,0.13763844794282,0.464730998019974,0.472445835296569,0.370882753811982,0.377039649105272,0.3863550827424,0.415219729004699,0.909722222222222,0.906832298136646,1.15380018215342,1.1763858590263,0.484523916142701,0.501184709725433,0.0848142117924333,0.0877306252623923,0.0771480978504335,0.0798009050509927
"29_pwo_gp_model_specific","db6cb901415724b9f55892557a81f2cbcc3e7f91cf2f712ea45b7b9a2b1eb5a5","b1d5697d50014504fea8964eae8d6ad099291a4087058c07ada854c160fad766",17,6,60,"random_foldover","RandomFoldover",180538186,401256169,0.798058996262698,0.15961179925254,5,1.06162791176286,"6bf396889d29e17e6e19dd547194ce510692e645f1c921e8b342911a82557793",0.00499999999999545,"pwo","pwo_snr5","ols",5,TRUE,NA,60,322,16,44,0.0280074387139078,0.025475926460633,71.382612236562,0.0544458108405875,0.0550553791771278,0.185892399207989,0.188978334118627,0.148353101524793,0.150815859642109,-0.529935649131756,-0.501071002869457,0.909722222222222,0.906832298136646,0.461520072861368,0.470554343610521,0.484523916142701,0.501184709725433,0.0135702738867893,0.0140369000419828,0.0123436956560694,0.0127681448081588
"29_pwo_gp_model_specific","db6cb901415724b9f55892557a81f2cbcc3e7f91cf2f712ea45b7b9a2b1eb5a5","b1d5697d50014504fea8964eae8d6ad099291a4087058c07ada854c160fad766",18,6,48,"FSA_lambda050","FSA_lambda050",180538187,401256170,1.08493708099634,0.542468540498168,2,0.982507158145009,"244719d53066961db537d89ebf707030ab1639d84bcee330d4fc5fc0d203a481",0.00699999999999079,"pwo","pwo_snr2","ols",2,TRUE,NA,48,384,16,32,0.179094079564578,0.294272117430212,37.6535123566681,0.16107172061351,0.166306544304268,0.402254207168109,0.402159822394128,0.436420505343464,0.43631810380229,0.901002269139754,0.891577210998192,0.773611111111111,0.783854166666667,1.13830356009548,1.15635274393484,0.445636613204251,0.458276157315526,0.0798108790620913,0.0820745465808159,0.131138429772043,0.134857895181021
"29_pwo_gp_model_specific","db6cb901415724b9f55892557a81f2cbcc3e7f91cf2f712ea45b7b9a2b1eb5a5","b1d5697d50014504fea8964eae8d6ad099291a4087058c07ada854c160fad766",18,6,48,"FSA_lambda050","FSA_lambda050",180538187,401256170,1.08493708099634,0.216987416199267,5,0.982507158145009,"244719d53066961db537d89ebf707030ab1639d84bcee330d4fc5fc0d203a481",0.00600000000000023,"pwo","pwo_snr5","ols",5,TRUE,NA,48,384,16,32,0.0286550527303325,0.0470835387888339,37.6535123566681,0.064428688245404,0.0665226177217075,0.160901682867244,0.160863928957652,0.174568202137386,0.174527241520916,-0.0152884627343966,-0.0247135208759579,0.773611111111111,0.783854166666667,0.455321424038193,0.462541097573934,0.445636613204251,0.458276157315526,0.0127697406499346,0.0131319274529305,0.0209821487635269,0.0215772632289633
"29_pwo_gp_model_specific","db6cb901415724b9f55892557a81f2cbcc3e7f91cf2f712ea45b7b9a2b1eb5a5","b1d5697d50014504fea8964eae8d6ad099291a4087058c07ada854c160fad766",18,6,48,"SA_hamming_foldover","Hamming",180538187,401256170,1.08493708099634,0.542468540498168,2,0.982507158145009,"244719d53066961db537d89ebf707030ab1639d84bcee330d4fc5fc0d203a481",0.00699999999999079,"pwo","pwo_snr2","ols",2,TRUE,NA,48,384,16,32,0.308191842645498,0.294272117430212,47.2797813086619,0.0980305617721262,0.0988840975972073,0.262791963895054,0.253882854112752,0.285112746217594,0.275446922656107,0.26856180191531,0.264252109583273,1,1,1.6875960327643,1.72607405635596,0.570739234441479,0.595445245467792,0.1758971763326,0.18351136739522,0.167952643019592,0.175222933197559
"29_pwo_gp_model_specific","db6cb901415724b9f55892557a81f2cbcc3e7f91cf2f712ea45b7b9a2b1eb5a5","b1d5697d50014504fea8964eae8d6ad099291a4087058c07ada854c160fad766",18,6,48,"SA_hamming_foldover","Hamming",180538187,401256170,1.08493708099634,0.216987416199267,5,0.982507158145009,"244719d53066961db537d89ebf707030ab1639d84bcee330d4fc5fc0d203a481",0.007000000000005,"pwo","pwo_snr5","ols",5,TRUE,NA,48,384,16,32,0.0493106948232797,0.0470835387888339,47.2797813086619,0.0392122247088505,0.0395536390388829,0.105116785558022,0.101553141645101,0.114045098487038,0.110178769062443,-0.647728929958845,-0.652038622290882,1,1,0.675038413105718,0.690429622542385,0.570739234441479,0.595445245467792,0.028143548213216,0.0293618187832351,0.0268724228831348,0.0280356693116095
"29_pwo_gp_model_specific","db6cb901415724b9f55892557a81f2cbcc3e7f91cf2f712ea45b7b9a2b1eb5a5","b1d5697d50014504fea8964eae8d6ad099291a4087058c07ada854c160fad766",18,6,48,"SA_l2_position_foldover","L2",180538187,401256170,1.08493708099634,0.542468540498168,2,0.982507158145009,"244719d53066961db537d89ebf707030ab1639d84bcee330d4fc5fc0d203a481",0.0110000000000099,"pwo","pwo_snr2","ols",2,TRUE,NA,48,384,16,32,0.343875344334809,0.294272117430212,109.88622581951,0.156892369588694,0.161619040266461,0.384993532303503,0.387952291313012,0.417693759139831,0.42090382650298,0.556816683374498,0.572042848424628,0.997222222222222,0.997395833333333,2.12149298112381,2.1754723540206,0.84069144192846,0.874347052401797,0.289093059072477,0.300666393712793,0.247392050721746,0.257295958479141
"29_pwo_gp_model_specific","db6cb901415724b9f55892557a81f2cbcc3e7f91cf2f712ea45b7b9a2b1eb5a5","b1d5697d50014504fea8964eae8d6ad099291a4087058c07ada854c160fad766",18,6,48,"SA_l2_position_foldover","L2",180538187,401256170,1.08493708099634,0.216987416199267,5,0.982507158145009,"244719d53066961db537d89ebf707030ab1639d84bcee330d4fc5fc0d203a481",0.00499999999999545,"pwo","pwo_snr5","ols",5,TRUE,NA,48,384,16,32,0.0550200550935695,0.0470835387888339,109.88622581951,0.0627569478354776,0.0646476161065843,0.153997412921401,0.155180916525205,0.167077503655932,0.168361530601191,-0.359474048499658,-0.344247883449529,0.997222222222222,0.997395833333333,0.848597192449525,0.87018894160824,0.84069144192846,0.874347052401797,0.0462548894515963,0.0481066229940469,0.0395827281154794,0.0411673533566626
"29_pwo_gp_model_specific","db6cb901415724b9f55892557a81f2cbcc3e7f91cf2f712ea45b7b9a2b1eb5a5","b1d5697d50014504fea8964eae8d6ad099291a4087058c07ada854c160fad766",18,6,48,"random_foldover","RandomFoldover",180538187,401256170,1.08493708099634,0.542468540498168,2,0.982507158145009,"244719d53066961db537d89ebf707030ab1639d84bcee330d4fc5fc0d203a481",0.00699999999999079,"pwo","pwo_snr2","ols",2,TRUE,NA,48,384,16,32,0.215702500309771,0.294272117430212,119.702651304539,0.0971784094302874,0.100332249992531,0.270199709995788,0.285740241325284,0.293149684648887,0.310010183346642,0.31958068078252,0.36601830227674,0.995833333333333,0.997395833333333,1.77843337394475,1.835525839536,0.939971838831466,0.994244875095909,0.202754275856721,0.214461105478364,0.276607503337706,0.29257854463861
"29_pwo_gp_model_specific","db6cb901415724b9f55892557a81f2cbcc3e7f91cf2f712ea45b7b9a2b1eb5a5","b1d5697d50014504fea8964eae8d6ad099291a4087058c07ada854c160fad766",18,6,48,"random_foldover","RandomFoldover",180538187,401256170,1.08493708099634,0.216987416199267,5,0.982507158145009,"244719d53066961db537d89ebf707030ab1639d84bcee330d4fc5fc0d203a481",0.007000000000005,"pwo","pwo_snr5","ols",5,TRUE,NA,48,384,16,32,0.0345124000495634,0.0470835387888339,119.702651304539,0.0388713637721149,0.0401328999970124,0.108079883998315,0.114296096530113,0.117259873859555,0.124004073338657,-0.596710051091636,-0.550272429597415,0.995833333333333,0.997395833333333,0.711373349577901,0.734210335814399,0.939971838831466,0.994244875095909,0.0324406841370753,0.0343137768765382,0.0442572005340329,0.0468125671421776
"29_pwo_gp_model_specific","db6cb901415724b9f55892557a81f2cbcc3e7f91cf2f712ea45b7b9a2b1eb5a5","b1d5697d50014504fea8964eae8d6ad099291a4087058c07ada854c160fad766",18,6,60,"FSA_lambda050","FSA_lambda050",180538187,401256170,1.08493708099634,0.542468540498168,2,0.982507158145009,"2b55b135ac9eaa8db5cc2ac94c5e420b81ec0e4cb4015a8e805015dbe9f70124",0.00800000000000978,"pwo","pwo_snr2","ols",2,TRUE,NA,60,368,16,44,0.28465261068301,0.294272117430212,17.2457830872954,0.12233259295797,0.125999164011836,0.299426938398356,0.285357795210347,0.324859388517582,0.309595253375064,0.285576581263764,0.230231596392214,0.9375,0.953804347826087,1.19137850804136,1.19870734494384,0.308787350118503,0.312611364487467,0.0878971253571204,0.0889856410305354,0.0908675073550361,0.0919928081604748
"29_pwo_gp_model_specific","db6cb901415724b9f55892557a81f2cbcc3e7f91cf2f712ea45b7b9a2b1eb5a5","b1d5697d50014504fea8964eae8d6ad099291a4087058c07ada854c160fad766",18,6,60,"FSA_lambda050","FSA_lambda050",180538187,401256170,1.08493708099634,0.216987416199267,5,0.982507158145009,"2b55b135ac9eaa8db5cc2ac94c5e420b81ec0e4cb4015a8e805015dbe9f70124",0.00800000000000978,"pwo","pwo_snr5","ols",5,TRUE,NA,60,368,16,44,0.0455444177092815,0.0470835387888339,17.2457830872954,0.0489330371831877,0.0503996656047342,0.119770775359342,0.114143118084139,0.129943755407032,0.123838101350025,-0.630714150610395,-0.686059135481945,0.9375,0.953804347826087,0.476551403216544,0.479482937977534,0.308787350118503,0.312611364487467,0.0140635400571393,0.0142377025648857,0.0145388011768058,0.014718849305676
"29_pwo_gp_model_specific","db6cb901415724b9f55892557a81f2cbcc3e7f91cf2f712ea45b7b9a2b1eb5a5","b1d5697d50014504fea8964eae8d6ad099291a4087058c07ada854c160fad766",18,6,60,"SA_hamming_foldover","Hamming",180538187,401256170,1.08493708099634,0.542468540498168,2,0.982507158145009,"2b55b135ac9eaa8db5cc2ac94c5e420b81ec0e4cb4015a8e805015dbe9f70124",0.00800000000000978,"pwo","pwo_snr2","ols",2,TRUE,NA,60,368,16,44,0.289133782541599,0.294272117430212,63.5018118678206,0.111114835500977,0.114316255262029,0.270766360272002,0.273164513735707,0.293764464545507,0.296366310164202,0.209004254789926,0.230618310849922,0.998611111111111,1,1.50687271400868,1.53624555877968,0.503463126128011,0.520049899066304,0.14556819802761,0.150363994427417,0.148155160173724,0.153036184967609
"29_pwo_gp_model_specific","db6cb901415724b9f55892557a81f2cbcc3e7f91cf2f712ea45b7b9a2b1eb5a5","b1d5697d50014504fea8964eae8d6ad099291a4087058c07ada854c160fad766",18,6,60,"SA_hamming_foldover","Hamming",180538187,401256170,1.08493708099634,0.216987416199267,5,0.982507158145009,"2b55b135ac9eaa8db5cc2ac94c5e420b81ec0e4cb4015a8e805015dbe9f70124",0.007000000000005,"pwo","pwo_snr5","ols",5,TRUE,NA,60,368,16,44,0.0462614052066559,0.0470835387888339,63.5018118678206,0.0444459342003909,0.0457265021048118,0.108306544108801,0.109265805494283,0.117505785818203,0.118546524065681,-0.70728647708423,-0.685672421024233,0.998611111111111,1,0.60274908560347,0.614498223511871,0.503463126128011,0.520049899066304,0.0232909116844176,0.0240582391083868,0.0237048256277958,0.0244857895948175
"29_pwo_gp_model_specific","db6cb901415724b9f55892557a81f2cbcc3e7f91cf2f712ea45b7b9a2b1eb5a5","b1d5697d50014504fea8964eae8d6ad099291a4087058c07ada854c160fad766",18,6,60,"SA_l2_position_foldover","L2",180538187,401256170,1.08493708099634,0.542468540498168,2,0.982507158145009,"2b55b135ac9eaa8db5cc2ac94c5e420b81ec0e4cb4015a8e805015dbe9f70124",0.00799999999999557,"pwo","pwo_snr2","ols",2,TRUE,NA,60,368,16,44,0.216483781414831,0.294272117430212,42.1347107951751,0.137583170071262,0.141585279601585,0.314597469227549,0.308799871510703,0.341318459952571,0.335028431208866,0.369681035058295,0.331503436655421,0.909722222222222,0.942934782608696,1.17342635423368,1.19320909449195,0.398964736618529,0.412065408797094,0.0863693948343515,0.0892054778866432,0.117404197824722,0.121259360366467
"29_pwo_gp_model_specific","db6cb901415724b9f55892557a81f2cbcc3e7f91cf2f712ea45b7b9a2b1eb5a5","b1d5697d50014504fea8964eae8d6ad099291a4087058c07ada854c160fad766",18,6,60,"SA_l2_position_foldover","L2",180538187,401256170,1.08493708099634,0.216987416199267,5,0.982507158145009,"2b55b135ac9eaa8db5cc2ac94c5e420b81ec0e4cb4015a8e805015dbe9f70124",0.00699999999999079,"pwo","pwo_snr5","ols",5,TRUE,NA,60,368,16,44,0.034637405026373,0.0470835387888339,42.1347107951751,0.0550332680285051,0.0566341118406341,0.12583898769102,0.123519948604281,0.136527383981029,0.134011372483546,-0.546609696815859,-0.584787295218733,0.909722222222222,0.942934782608696,0.469370541693471,0.47728363779678,0.398964736618529,0.412065408797094,0.0138191031734962,0.0142728764618629,0.0187846716519554,0.0194014976586347
"29_pwo_gp_model_specific","db6cb901415724b9f55892557a81f2cbcc3e7f91cf2f712ea45b7b9a2b1eb5a5","b1d5697d50014504fea8964eae8d6ad099291a4087058c07ada854c160fad766",18,6,60,"random_foldover","RandomFoldover",180538187,401256170,1.08493708099634,0.542468540498168,2,0.982507158145009,"2b55b135ac9eaa8db5cc2ac94c5e420b81ec0e4cb4015a8e805015dbe9f70124",0.00900000000000034,"pwo","pwo_snr2","ols",2,TRUE,NA,60,368,16,44,0.335494351691545,0.294272117430212,48.7560272278355,0.10878718376481,0.110090244495152,0.276879978338343,0.268895452994276,0.30039735548473,0.291734647864797,0.255337393259997,0.243602746759314,0.993055555555556,0.994565217391304,1.54245300715675,1.55783483064204,0.447925627532242,0.455402775844792,0.150276518014958,0.152785059040578,0.131812022865169,0.134012339131443
"29_pwo_gp_model_specific","db6cb901415724b9f55892557a81f2cbcc3e7f91cf2f712ea45b7b9a2b1eb5a5","b1d5697d50014504fea8964eae8d6ad099291a4087058c07ada854c160fad766",18,6,60,"random_foldover","RandomFoldover",180538187,401256170,1.08493708099634,0.216987416199267,5,0.982507158145009,"2b55b135ac9eaa8db5cc2ac94c5e420b81ec0e4cb4015a8e805015dbe9f70124",0.00699999999999079,"pwo","pwo_snr5","ols",5,TRUE,NA,60,368,16,44,0.0536790962706471,0.0470835387888339,48.7560272278355,0.0435148735059239,0.0440360977980605,0.110751991335337,0.10755818119771,0.120158942193892,0.116693859145919,-0.660953338614158,-0.672687985114842,0.993055555555556,0.994565217391304,0.616981202862698,0.623133932256817,0.447925627532242,0.455402775844792,0.0240442428823932,0.0244456094464925,0.0210899236584271,0.0214419742610309
"29_pwo_gp_model_specific","db6cb901415724b9f55892557a81f2cbcc3e7f91cf2f712ea45b7b9a2b1eb5a5","b1d5697d50014504fea8964eae8d6ad099291a4087058c07ada854c160fad766",19,6,48,"FSA_lambda050","FSA_lambda050",180538188,401256171,1.33889855668339,0.669449278341696,2,1.06025895780333,"fbe6b0316de8cd6eed95cccc3008c34fd22fcfc3f46f869f3f80c46f9f115af2",0.0150000000000006,"pwo","pwo_snr2","ols",2,TRUE,NA,48,400,16,32,0.57902823878187,0.448162336272218,39.5157004837596,0.116760421388676,0.11258852903026,0.310980242751164,0.312208722793557,0.416370998176584,0.418015808332259,0.58475772264091,0.601377940665203,0.9875,0.99,2.10263393069649,2.14388785055585,0.468903353950307,0.486747413313081,0.271508283196758,0.281840497462304,0.210144822592248,0.218141857924849
"29_pwo_gp_model_specific","db6cb901415724b9f55892557a81f2cbcc3e7f91cf2f712ea45b7b9a2b1eb5a5","b1d5697d50014504fea8964eae8d6ad099291a4087058c07ada854c160fad766",19,6,48,"FSA_lambda050","FSA_lambda050",180538188,401256171,1.33889855668339,0.267779711336679,5,1.06025895780333,"fbe6b0316de8cd6eed95cccc3008c34fd22fcfc3f46f869f3f80c46f9f115af2",0.00799999999999557,"pwo","pwo_snr5","ols",5,TRUE,NA,48,400,16,32,0.0926445182050992,0.0717059738035549,39.5157004837596,0.0467041685554705,0.0450354116121041,0.124392097100466,0.124883489117423,0.166548399270634,0.167206323332904,-0.331533009233245,-0.314912791208952,0.9875,0.99,0.841053572278596,0.857555140222341,0.468903353950307,0.486747413313081,0.0434413253114813,0.0450944795939687,0.0336231716147597,0.0349026972679759
"29_pwo_gp_model_specific","db6cb901415724b9f55892557a81f2cbcc3e7f91cf2f712ea45b7b9a2b1eb5a5","b1d5697d50014504fea8964eae8d6ad099291a4087058c07ada854c160fad766",19,6,48,"SA_hamming_foldover","Hamming",180538188,401256171,1.33889855668339,0.669449278341696,2,1.06025895780333,"fbe6b0316de8cd6eed95cccc3008c34fd22fcfc3f46f869f3f80c46f9f115af2",0.00400000000000489,"pwo","pwo_snr2","ols",2,TRUE,NA,48,400,16,32,0.536340672397368,0.448162336272218,143.537584760682,0.237656922010992,0.245437192575974,0.451521788216316,0.469611779338213,0.60454187055393,0.628762533557454,0.946210035187621,0.990167389665879,0.955555555555556,0.96,2.66617775978747,2.72511668387623,0.850512527541033,0.880008847754245,0.456164460903742,0.471984537120145,0.381167681371578,0.394386821149765
"29_pwo_gp_model_specific","db6cb901415724b9f55892557a81f2cbcc3e7f91cf2f712ea45b7b9a2b1eb5a5","b1d5697d50014504fea8964eae8d6ad099291a4087058c07ada854c160fad766",19,6,48,"SA_hamming_foldover","Hamming",180538188,401256171,1.33889855668339,0.267779711336679,5,1.06025895780333,"fbe6b0316de8cd6eed95cccc3008c34fd22fcfc3f46f869f3f80c46f9f115af2",0.00399999999999068,"pwo","pwo_snr5","ols",5,TRUE,NA,48,400,16,32,0.0858145075835788,0.0717059738035549,143.537584760682,0.095062768804397,0.0981748770303897,0.180608715286526,0.187844711735285,0.241816748221572,0.251505013422981,0.0299193033134659,0.0738766577917233,0.955555555555556,0.96,1.06647110391499,1.09004667355049,0.850512527541033,0.880008847754245,0.0729863137445987,0.0755175259392231,0.0609868290194526,0.0631018913839624
"29_pwo_gp_model_specific","db6cb901415724b9f55892557a81f2cbcc3e7f91cf2f712ea45b7b9a2b1eb5a5","b1d5697d50014504fea8964eae8d6ad099291a4087058c07ada854c160fad766",19,6,48,"SA_l2_position_foldover","L2",180538188,401256171,1.33889855668339,0.669449278341696,2,1.06025895780333,"fbe6b0316de8cd6eed95cccc3008c34fd22fcfc3f46f869f3f80c46f9f115af2",0.00600000000000023,"pwo","pwo_snr2","ols",2,TRUE,NA,48,400,16,32,0.579385804998915,0.448162336272218,40.3624946317839,0.206589269603801,0.212770008477116,0.51249580834233,0.508041642683512,0.686179898095835,0.680216222124015,1.04996687707654,1.05704644011357,0.894444444444444,0.8925,2.24529333357094,2.25303324792697,0.536340495639177,0.538652596257908,0.310748069819422,0.312087668097643,0.240367609563053,0.24140380597804
"29_pwo_gp_model_specific","db6cb901415724b9f55892557a81f2cbcc3e7f91cf2f712ea45b7b9a2b1eb5a5","b1d5697d50014504fea8964eae8d6ad099291a4087058c07ada854c160fad766",19,6,48,"SA_l2_position_foldover","L2",180538188,401256171,1.33889855668339,0.267779711336679,5,1.06025895780333,"fbe6b0316de8cd6eed95cccc3008c34fd22fcfc3f46f869f3f80c46f9f115af2",0.00699999999999079,"pwo","pwo_snr5","ols",5,TRUE,NA,48,400,16,32,0.0927017287998263,0.0717059738035549,40.3624946317839,0.0826357078415205,0.0851080033908466,0.204998323336932,0.203216657073405,0.274471959238334,0.272086488849606,0.133676145202385,0.14075570823942,0.894444444444444,0.8925,0.898117333428376,0.90121329917079,0.536340495639177,0.538652596257908,0.0497196911711075,0.0499340268956229,0.0384588175300885,0.0386246089564863
"29_pwo_gp_model_specific","db6cb901415724b9f55892557a81f2cbcc3e7f91cf2f712ea45b7b9a2b1eb5a5","b1d5697d50014504fea8964eae8d6ad099291a4087058c07ada854c160fad766",19,6,48,"random_foldover","RandomFoldover",180538188,401256171,1.33889855668339,0.669449278341696,2,1.06025895780333,"fbe6b0316de8cd6eed95cccc3008c34fd22fcfc3f46f869f3f80c46f9f115af2",0.00799999999999557,"pwo","pwo_snr2","ols",2,TRUE,NA,48,400,16,32,0.527569871758775,0.448162336272218,92.9788687617823,0.08296138837953,0.0855153404940815,0.191049569108345,0.183293314635373,0.255795992334147,0.245411154415016,0.569108500072082,0.585714969071283,1,1,2.70324875735856,2.77209817289506,0.885306324917598,0.921362772670084,0.46706094430401,0.486083239820866,0.396760950891642,0.412920092754073
"29_pwo_gp_model_specific","db6cb901415724b9f55892557a81f2cbcc3e7f91cf2f712ea45b7b9a2b1eb5a5","b1d5697d50014504fea8964eae8d6ad099291a4087058c07ada854c160fad766",19,6,48,"random_foldover","RandomFoldover",180538188,401256171,1.33889855668339,0.267779711336679,5,1.06025895780333,"fbe6b0316de8cd6eed95cccc3008c34fd22fcfc3f46f869f3f80c46f9f115af2",0.007000000000005,"pwo","pwo_snr5","ols",5,TRUE,NA,48,400,16,32,0.084411179481404,0.0717059738035549,92.9788687617823,0.033184555351812,0.0342061361976325,0.0764198276433381,0.0733173258541493,0.102318396933659,0.0981644617660065,-0.347182231802073,-0.330575762802872,1,1,1.08129950294342,1.10883926915802,0.885306324917598,0.921362772670084,0.0747297510886415,0.0777733183713385,0.0634817521426627,0.0660672148406517
"29_pwo_gp_model_specific","db6cb901415724b9f55892557a81f2cbcc3e7f91cf2f712ea45b7b9a2b1eb5a5","b1d5697d50014504fea8964eae8d6ad099291a4087058c07ada854c160fad766",19,6,60,"FSA_lambda050","FSA_lambda050",180538188,401256171,1.33889855668339,0.669449278341696,2,1.06025895780333,"ed19b6a47b2bebd4ae78bda538cdc5d046fb04412c304a2f48967932635f36b9",0.00800000000000978,"pwo","pwo_snr2","ols",2,TRUE,NA,60,368,16,44,0.295382449862093,0.448162336272218,16.1571024254292,0.134495321020986,0.138904091348661,0.248977397062831,0.240936166808358,0.333355477574212,0.32258908599254,0.342813169943455,0.304194679521133,0.922222222222222,0.945652173913043,1.19460337155063,1.21031178140153,0.29888866882886,0.306795097688299,0.0882864672346883,0.0906218875608499,0.133950644107635,0.137494007736852
"29_pwo_gp_model_specific","db6cb901415724b9f55892557a81f2cbcc3e7f91cf2f712ea45b7b9a2b1eb5a5","b1d5697d50014504fea8964eae8d6ad099291a4087058c07ada854c160fad766",19,6,60,"FSA_lambda050","FSA_lambda050",180538188,401256171,1.33889855668339,0.267779711336679,5,1.06025895780333,"ed19b6a47b2bebd4ae78bda538cdc5d046fb04412c304a2f48967932635f36b9",0.00900000000000034,"pwo","pwo_snr5","ols",5,TRUE,NA,60,368,16,44,0.0472611919779348,0.0717059738035549,16.1571024254292,0.0537981284083941,0.0555616365394642,0.0995909588251321,0.096374466723343,0.133342191029685,0.129035634397016,-0.573477561930702,-0.612096052353024,0.922222222222222,0.945652173913043,0.47784134862025,0.484124712560613,0.29888866882886,0.306795097688299,0.0141258347575501,0.014499502009736,0.0214321030572216,0.0219990412378963
"29_pwo_gp_model_specific","db6cb901415724b9f55892557a81f2cbcc3e7f91cf2f712ea45b7b9a2b1eb5a5","b1d5697d50014504fea8964eae8d6ad099291a4087058c07ada854c160fad766",19,6,60,"SA_hamming_foldover","Hamming",180538188,401256171,1.33889855668339,0.669449278341696,2,1.06025895780333,"ed19b6a47b2bebd4ae78bda538cdc5d046fb04412c304a2f48967932635f36b9",0.00799999999999557,"pwo","pwo_snr2","ols",2,TRUE,NA,60,368,16,44,0.54709270702306,0.448162336272218,66.5795652427154,0.179837044499767,0.184874923332424,0.391678708256984,0.402355152387232,0.524418057168891,0.538712732805391,0.745886911598605,0.775097507695401,0.961111111111111,0.959239130434783,2.0652438192319,2.10716022824003,0.495778113068728,0.511302665162535,0.271236589961555,0.279729959191876,0.222189077425513,0.229146596961453
"29_pwo_gp_model_specific","db6cb901415724b9f55892557a81f2cbcc3e7f91cf2f712ea45b7b9a2b1eb5a5","b1d5697d50014504fea8964eae8d6ad099291a4087058c07ada854c160fad766",19,6,60,"SA_hamming_foldover","Hamming",180538188,401256171,1.33889855668339,0.267779711336679,5,1.06025895780333,"ed19b6a47b2bebd4ae78bda538cdc5d046fb04412c304a2f48967932635f36b9",0.00799999999999557,"pwo","pwo_snr5","ols",5,TRUE,NA,60,368,16,44,0.0875348331236895,0.0717059738035549,66.5795652427154,0.0719348177999068,0.0739499693329697,0.156671483302794,0.160942060954893,0.209767222867557,0.215485093122156,-0.170403820275549,-0.141193224178754,0.961111111111111,0.959239130434783,0.82609752769276,0.842864091296011,0.495778113068728,0.511302665162535,0.0433978543938488,0.0447567934707002,0.0355502523880821,0.0366634555138325
"29_pwo_gp_model_specific","db6cb901415724b9f55892557a81f2cbcc3e7f91cf2f712ea45b7b9a2b1eb5a5","b1d5697d50014504fea8964eae8d6ad099291a4087058c07ada854c160fad766",19,6,60,"SA_l2_position_foldover","L2",180538188,401256171,1.33889855668339,0.669449278341696,2,1.06025895780333,"ed19b6a47b2bebd4ae78bda538cdc5d046fb04412c304a2f48967932635f36b9",0.00799999999999557,"pwo","pwo_snr2","ols",2,TRUE,NA,60,368,16,44,0.390527597518521,0.448162336272218,52.0733195316041,0.0932293851370522,0.0958572224588338,0.186592046161315,0.191302284586044,0.249827821293986,0.25613435272249,0.202870469498217,0.227503444255801,1,1,1.64804999616696,1.67351280253896,0.43724589445744,0.449666614203429,0.170756588687301,0.175607222529153,0.195957141585482,0.201523640365027
"29_pwo_gp_model_specific","db6cb901415724b9f55892557a81f2cbcc3e7f91cf2f712ea45b7b9a2b1eb5a5","b1d5697d50014504fea8964eae8d6ad099291a4087058c07ada854c160fad766",19,6,60,"SA_l2_position_foldover","L2",180538188,401256171,1.33889855668339,0.267779711336679,5,1.06025895780333,"ed19b6a47b2bebd4ae78bda538cdc5d046fb04412c304a2f48967932635f36b9",0.00699999999999079,"pwo","pwo_snr5","ols",5,TRUE,NA,60,368,16,44,0.0624844156029633,0.0717059738035549,52.0733195316041,0.0372917540548209,0.0383428889835336,0.0746368184645261,0.0765209138344175,0.0999311285175944,0.102453741088996,-0.713420262375938,-0.688787287618354,1,1,0.659219998466784,0.669405121015582,0.43724589445744,0.449666614203429,0.0273210541899681,0.0280971556046644,0.0313531426536771,0.0322437824584043
"29_pwo_gp_model_specific","db6cb901415724b9f55892557a81f2cbcc3e7f91cf2f712ea45b7b9a2b1eb5a5","b1d5697d50014504fea8964eae8d6ad099291a4087058c07ada854c160fad766",19,6,60,"random_foldover","RandomFoldover",180538188,401256171,1.33889855668339,0.669449278341696,2,1.06025895780333,"ed19b6a47b2bebd4ae78bda538cdc5d046fb04412c304a2f48967932635f36b9",0.00799999999999557,"pwo","pwo_snr2","ols",2,TRUE,NA,60,368,16,44,0.636171350734736,0.448162336272218,70.458132688155,0.133587091304588,0.136592997011736,0.312932194791504,0.311223770853145,0.418984463946111,0.416697057600839,0.594525162940135,0.599066994209218,0.9875,0.997282608695652,2.15188126385629,2.17684524946354,0.460982552820118,0.469753977704873,0.293263893292721,0.298844022509524,0.206595017852595,0.210526040121383
"29_pwo_gp_model_specific","db6cb901415724b9f55892557a81f2cbcc3e7f91cf2f712ea45b7b9a2b1eb5a5","b1d5697d50014504fea8964eae8d6ad099291a4087058c07ada854c160fad766",19,6,60,"random_foldover","RandomFoldover",180538188,401256171,1.33889855668339,0.267779711336679,5,1.06025895780333,"ed19b6a47b2bebd4ae78bda538cdc5d046fb04412c304a2f48967932635f36b9",0.007000000000005,"pwo","pwo_snr5","ols",5,TRUE,NA,60,368,16,44,0.101787416117558,0.0717059738035549,70.458132688155,0.0534348365218353,0.0546371988046942,0.125172877916602,0.124489508341258,0.167593785578444,0.166678823040336,-0.321765568934021,-0.317223737664937,0.9875,0.997282608695652,0.860752505542517,0.870738099785416,0.460982552820118,0.469753977704873,0.0469222229268354,0.0478150436015238,0.0330552028564152,0.0336841664194213
"29_pwo_gp_model_specific","db6cb901415724b9f55892557a81f2cbcc3e7f91cf2f712ea45b7b9a2b1eb5a5","b1d5697d50014504fea8964eae8d6ad099291a4087058c07ada854c160fad766",20,6,48,"FSA_lambda050","FSA_lambda050",180538310,401256293,0.615651750861092,0.307825875430546,2,1.00236756935273,"e54cb83bc28d93ecaef6c5c5ba74b564d42e4c17bcb05dd87f25bbc6018455e8",0.00600000000000023,"pwo","pwo_snr2","ols",2,TRUE,NA,48,394,16,32,0.083265470708984,0.0947567695845821,29.5467169911105,0.0665296097451817,0.068671188661852,0.268048915326063,0.266461497255096,0.165024784036908,0.164047487322168,-0.35575437970888,-0.348801023050415,0.9875,0.984771573604061,0.765737619894688,0.772772750103882,0.430481575890801,0.438499853842346,0.0358442510480927,0.0365118967360036,0.0407910434970924,0.0415508296134121
"29_pwo_gp_model_specific","db6cb901415724b9f55892557a81f2cbcc3e7f91cf2f712ea45b7b9a2b1eb5a5","b1d5697d50014504fea8964eae8d6ad099291a4087058c07ada854c160fad766",20,6,48,"FSA_lambda050","FSA_lambda050",180538310,401256293,0.615651750861092,0.123130350172218,5,1.00236756935273,"e54cb83bc28d93ecaef6c5c5ba74b564d42e4c17bcb05dd87f25bbc6018455e8",0.007000000000005,"pwo","pwo_snr5","ols",5,TRUE,NA,48,394,16,32,0.0133224753134374,0.0151610831335331,29.5467169911105,0.0266118438980727,0.0274684754647408,0.107219566130425,0.106584598902038,0.066009913614763,0.0656189949288672,-1.27204511158304,-1.26509175492457,0.9875,0.984771573604061,0.306295047957875,0.309109100041553,0.430481575890801,0.438499853842346,0.00573508016769484,0.00584190347776058,0.00652656695953478,0.00664813273814594
"29_pwo_gp_model_specific","db6cb901415724b9f55892557a81f2cbcc3e7f91cf2f712ea45b7b9a2b1eb5a5","b1d5697d50014504fea8964eae8d6ad099291a4087058c07ada854c160fad766",20,6,48,"SA_hamming_foldover","Hamming",180538310,401256293,0.615651750861092,0.307825875430546,2,1.00236756935273,"e54cb83bc28d93ecaef6c5c5ba74b564d42e4c17bcb05dd87f25bbc6018455e8",0.00900000000000034,"pwo","pwo_snr2","ols",2,TRUE,NA,48,394,16,32,0.06152800089728,0.0947567695845821,94.1653853733167,0.179886271368312,0.18574597054022,0.748446557761818,0.800846872347869,0.460782433712021,0.493042779132595,1.37458387555923,1.61042203184605,0.631944444444444,0.593908629441624,0.896975111235734,0.909710201225164,0.82651925263732,0.845647403057842,0.0508540773178882,0.0520309941741254,0.0783182943793756,0.0801308161213522
"29_pwo_gp_model_specific","db6cb901415724b9f55892557a81f2cbcc3e7f91cf2f712ea45b7b9a2b1eb5a5","b1d5697d50014504fea8964eae8d6ad099291a4087058c07ada854c160fad766",20,6,48,"SA_hamming_foldover","Hamming",180538310,401256293,0.615651750861092,0.123130350172218,5,1.00236756935273,"e54cb83bc28d93ecaef6c5c5ba74b564d42e4c17bcb05dd87f25bbc6018455e8",0.00499999999999545,"pwo","pwo_snr5","ols",5,TRUE,NA,48,394,16,32,0.00984448014356479,0.0151610831335331,94.1653853733167,0.0719545085473246,0.0742983882160878,0.299378623104727,0.320338748939148,0.184312973484808,0.197217111653038,0.45829314368508,0.694131299971896,0.631944444444444,0.593908629441624,0.358790044494294,0.363884080490066,0.82651925263732,0.845647403057842,0.0081366523708621,0.00832495906786006,0.0125309271007001,0.0128209305794164
"29_pwo_gp_model_specific","db6cb901415724b9f55892557a81f2cbcc3e7f91cf2f712ea45b7b9a2b1eb5a5","b1d5697d50014504fea8964eae8d6ad099291a4087058c07ada854c160fad766",20,6,48,"SA_l2_position_foldover","L2",180538310,401256293,0.615651750861092,0.307825875430546,2,1.00236756935273,"e54cb83bc28d93ecaef6c5c5ba74b564d42e4c17bcb05dd87f25bbc6018455e8",0.00600000000000023,"pwo","pwo_snr2","ols",2,TRUE,NA,48,394,16,32,0.106304760195029,0.0947567695845821,142.092234582661,0.12183691302215,0.125464322242539,0.472833668869277,0.472411820091889,0.291100876105445,0.290841164167047,0.159707369335958,0.175970183159281,0.968055555555556,0.972081218274112,1.24632655333119,1.27501130452589,0.942769571423394,0.977231910263379,0.100220893209334,0.103884403875478,0.0893337990507218,0.0925993389515281
"29_pwo_gp_model_specific","db6cb901415724b9f55892557a81f2cbcc3e7f91cf2f712ea45b7b9a2b1eb5a5","b1d5697d50014504fea8964eae8d6ad099291a4087058c07ada854c160fad766",20,6,48,"SA_l2_position_foldover","L2",180538310,401256293,0.615651750861092,0.123130350172218,5,1.00236756935273,"e54cb83bc28d93ecaef6c5c5ba74b564d42e4c17bcb05dd87f25bbc6018455e8",0.00500000000000966,"pwo","pwo_snr5","ols",5,TRUE,NA,48,394,16,32,0.0170087616312046,0.0151610831335331,142.092234582661,0.0487347652088599,0.0501857288970158,0.189133467547711,0.188964728036756,0.116440350442178,0.116336465666819,-0.756583362538197,-0.740320548714874,0.968055555555556,0.972081218274112,0.498530621332476,0.510004521810354,0.942769571423394,0.977231910263379,0.0160353429134934,0.0166215046200765,0.0142934078481155,0.0148158942322445
"29_pwo_gp_model_specific","db6cb901415724b9f55892557a81f2cbcc3e7f91cf2f712ea45b7b9a2b1eb5a5","b1d5697d50014504fea8964eae8d6ad099291a4087058c07ada854c160fad766",20,6,48,"random_foldover","RandomFoldover",180538310,401256293,0.615651750861092,0.307825875430546,2,1.00236756935273,"e54cb83bc28d93ecaef6c5c5ba74b564d42e4c17bcb05dd87f25bbc6018455e8",0.00600000000000023,"pwo","pwo_snr2","ols",2,TRUE,NA,48,394,16,32,0.0555526694767378,0.0947567695845821,177.049873525516,0.149856573944589,0.154538937936844,0.687420938319646,0.709962767273564,0.423211904255065,0.437089820718156,0.768247453907648,0.844148155961241,0.759722222222222,0.741116751269036,0.94552695211611,0.967200887322671,1.03947501912107,1.07486980664912,0.0577456121665586,0.0597118870993037,0.0984972948757846,0.101851190602075
"29_pwo_gp_model_specific","db6cb901415724b9f55892557a81f2cbcc3e7f91cf2f712ea45b7b9a2b1eb5a5","b1d5697d50014504fea8964eae8d6ad099291a4087058c07ada854c160fad766",20,6,48,"random_foldover","RandomFoldover",180538310,401256293,0.615651750861092,0.123130350172218,5,1.00236756935273,"e54cb83bc28d93ecaef6c5c5ba74b564d42e4c17bcb05dd87f25bbc6018455e8",0.0160000000000053,"pwo","pwo_snr5","ols",5,TRUE,NA,48,394,16,32,0.00888842711627805,0.0151610831335331,177.049873525516,0.0599426295778355,0.0618155751747377,0.274968375327858,0.283985106909426,0.169284761702026,0.174835928287262,-0.148043277966506,-0.0721425759129129,0.759722222222222,0.741116751269036,0.378210780846444,0.386880354929068,1.03947501912107,1.07486980664912,0.00923929794664938,0.00955390193588859,0.0157595671801255,0.016296190496332
"29_pwo_gp_model_specific","db6cb901415724b9f55892557a81f2cbcc3e7f91cf2f712ea45b7b9a2b1eb5a5","b1d5697d50014504fea8964eae8d6ad099291a4087058c07ada854c160fad766",20,6,60,"FSA_lambda050","FSA_lambda050",180538310,401256293,0.615651750861092,0.307825875430546,2,1.00236756935273,"f0b1716c3afd971d910c1d5dcaf0aa321ddaa6926f799671d3c1cfa9884298a0",0.00900000000000034,"pwo","pwo_snr2","ols",2,TRUE,NA,60,390,16,44,0.0589100830392446,0.0947567695845821,14.799232955268,0.0771116726450857,0.0795298982760553,0.330233744293533,0.33117045775879,0.203308982867728,0.203885672152668,0.0840950598699259,0.0932358699636519,0.791666666666667,0.776923076923077,0.530039894776199,0.531895596337422,0.294713524892838,0.296648023228483,0.0173615982242256,0.0174755596818177,0.0279261015717307,0.0281094083847831
"29_pwo_gp_model_specific","db6cb901415724b9f55892557a81f2cbcc3e7f91cf2f712ea45b7b9a2b1eb5a5","b1d5697d50014504fea8964eae8d6ad099291a4087058c07ada854c160fad766",20,6,60,"FSA_lambda050","FSA_lambda050",180538310,401256293,0.615651750861092,0.123130350172218,5,1.00236756935273,"f0b1716c3afd971d910c1d5dcaf0aa321ddaa6926f799671d3c1cfa9884298a0",0.00799999999999557,"pwo","pwo_snr5","ols",5,TRUE,NA,60,390,16,44,0.00942561328627914,0.0151610831335331,14.799232955268,0.0308446690580343,0.0318119593104221,0.132093497717413,0.132468183103516,0.081323593147091,0.0815542688610672,-0.832195672004233,-0.823054861910507,0.791666666666667,0.776923076923077,0.21201595791048,0.212758238534969,0.294713524892838,0.296648023228483,0.00277785571587609,0.00279608954909083,0.00446817625147691,0.0044975053415653
"29_pwo_gp_model_specific","db6cb901415724b9f55892557a81f2cbcc3e7f91cf2f712ea45b7b9a2b1eb5a5","b1d5697d50014504fea8964eae8d6ad099291a4087058c07ada854c160fad766",20,6,60,"SA_hamming_foldover","Hamming",180538310,401256293,0.615651750861092,0.307825875430546,2,1.00236756935273,"f0b1716c3afd971d910c1d5dcaf0aa321ddaa6926f799671d3c1cfa9884298a0",0.00900000000000034,"pwo","pwo_snr2","ols",2,TRUE,NA,60,390,16,44,0.095039826899677,0.0947567695845821,57.2107678551736,0.0819369988190606,0.084592929706589,0.354880718369346,0.358747417094546,0.21848293561093,0.220863475451152,-0.0936644257136516,-0.0812991539760813,0.9375,0.928205128205128,0.828361290346078,0.830293921236463,0.459738459401183,0.461139099463369,0.0436934636006126,0.0438265801896716,0.0435633312666486,0.0436960513942922
"29_pwo_gp_model_specific","db6cb901415724b9f55892557a81f2cbcc3e7f91cf2f712ea45b7b9a2b1eb5a5","b1d5697d50014504fea8964eae8d6ad099291a4087058c07ada854c160fad766",20,6,60,"SA_hamming_foldover","Hamming",180538310,401256293,0.615651750861092,0.123130350172218,5,1.00236756935273,"f0b1716c3afd971d910c1d5dcaf0aa321ddaa6926f799671d3c1cfa9884298a0",0.00900000000000034,"pwo","pwo_snr5","ols",5,TRUE,NA,60,390,16,44,0.0152063723039483,0.0151610831335331,57.2107678551736,0.0327747995276243,0.0338371718826357,0.141952287347739,0.143498966837819,0.0873931742443721,0.0883453901804608,-1.00995515758781,-0.997589885850236,0.9375,0.928205128205128,0.331344516138431,0.332117568494585,0.459738459401183,0.461139099463369,0.00699095417609802,0.00701225283034745,0.00697013300266378,0.00699136822308675
"29_pwo_gp_model_specific","db6cb901415724b9f55892557a81f2cbcc3e7f91cf2f712ea45b7b9a2b1eb5a5","b1d5697d50014504fea8964eae8d6ad099291a4087058c07ada854c160fad766",20,6,60,"SA_l2_position_foldover","L2",180538310,401256293,0.615651750861092,0.307825875430546,2,1.00236756935273,"f0b1716c3afd971d910c1d5dcaf0aa321ddaa6926f799671d3c1cfa9884298a0",0.00900000000000034,"pwo","pwo_snr2","ols",2,TRUE,NA,60,390,16,44,0.0754967984436623,0.0947567695845821,31.2585919438126,0.0869201977508997,0.0893776924655623,0.364830363750461,0.35225567187264,0.224608452210261,0.216866821139141,-0.0458861108331923,-0.087577685898793,0.890277777777778,0.917948717948718,0.691760984805945,0.697759808386795,0.397894167604339,0.403958719950045,0.0300397357735336,0.0304975900596284,0.0377031659587335,0.0382778233479892
"29_pwo_gp_model_specific","db6cb901415724b9f55892557a81f2cbcc3e7f91cf2f712ea45b7b9a2b1eb5a5","b1d5697d50014504fea8964eae8d6ad099291a4087058c07ada854c160fad766",20,6,60,"SA_l2_position_foldover","L2",180538310,401256293,0.615651750861092,0.123130350172218,5,1.00236756935273,"f0b1716c3afd971d910c1d5dcaf0aa321ddaa6926f799671d3c1cfa9884298a0",0.00900000000000034,"pwo","pwo_snr5","ols",5,TRUE,NA,60,390,16,44,0.012079487750986,0.0151610831335331,31.2585919438126,0.0347680791003599,0.0357510769862249,0.145932145500184,0.140902268749056,0.0898433808841042,0.0867467284556566,-0.962176842707347,-1.00386841777295,0.890277777777778,0.917948717948718,0.276704393922378,0.279103923354718,0.397894167604339,0.403958719950045,0.00480635772376537,0.00487961440954055,0.00603250655339735,0.00612445173567827
"29_pwo_gp_model_specific","db6cb901415724b9f55892557a81f2cbcc3e7f91cf2f712ea45b7b9a2b1eb5a5","b1d5697d50014504fea8964eae8d6ad099291a4087058c07ada854c160fad766",20,6,60,"random_foldover","RandomFoldover",180538310,401256293,0.615651750861092,0.307825875430546,2,1.00236756935273,"f0b1716c3afd971d910c1d5dcaf0aa321ddaa6926f799671d3c1cfa9884298a0",0.00699999999999079,"pwo","pwo_snr2","ols",2,TRUE,NA,60,390,16,44,0.07256227075487,0.0947567695845821,56.0081736038297,0.0633973548904069,0.0639050755626901,0.29372742403219,0.295904074731733,0.180833802881336,0.182173861695523,-0.264468162316265,-0.257896486067461,0.956944444444444,0.964102564102564,0.758189734399462,0.771579621629763,0.503809142449643,0.517662749443581,0.0365575354032099,0.0375627845848356,0.0477393268257068,0.0490520498715467
"29_pwo_gp_model_specific","db6cb901415724b9f55892557a81f2cbcc3e7f91cf2f712ea45b7b9a2b1eb5a5","b1d5697d50014504fea8964eae8d6ad099291a4087058c07ada854c160fad766",20,6,60,"random_foldover","RandomFoldover",180538310,401256293,0.615651750861092,0.123130350172218,5,1.00236756935273,"f0b1716c3afd971d910c1d5dcaf0aa321ddaa6926f799671d3c1cfa9884298a0",0.00900000000000034,"pwo","pwo_snr5","ols",5,TRUE,NA,60,390,16,44,0.0116099633207792,0.0151610831335331,56.0081736038297,0.0253589419561628,0.025562030225076,0.117490969612876,0.118361629892693,0.0723335211525346,0.0728695446782093,-1.18075889419042,-1.17418721794162,0.956944444444444,0.964102564102564,0.303275893759785,0.308631848651905,0.503809142449643,0.517662749443581,0.00584920566451359,0.00601004553357369,0.00763829229211309,0.00784832797944747
"29_pwo_gp_model_specific","db6cb901415724b9f55892557a81f2cbcc3e7f91cf2f712ea45b7b9a2b1eb5a5","b1d5697d50014504fea8964eae8d6ad099291a4087058c07ada854c160fad766",21,6,48,"FSA_lambda050","FSA_lambda050",180538311,401256294,0.939659629500836,0.469829814750418,2,0.982222895827324,"5fc963dcc0dcb914d504c06eb68cf78be4dd34b3c2aa1db106fd7e81c1b3481a",0.00699999999999079,"pwo","pwo_snr2","ols",2,TRUE,NA,48,370,16,32,0.192769018583658,0.220740054828412,30.804749500939,0.103029496953949,0.106227047572755,0.289655977865791,0.298157050533057,0.272178028844072,0.280166143636954,0.135568057703645,0.157251550130886,0.963888888888889,0.97027027027027,1.1492770986088,1.15689191019293,0.418733460520648,0.423486204403315,0.0807188382327041,0.0816350200065453,0.0924312470338185,0.0934803679790639
"29_pwo_gp_model_specific","db6cb901415724b9f55892557a81f2cbcc3e7f91cf2f712ea45b7b9a2b1eb5a5","b1d5697d50014504fea8964eae8d6ad099291a4087058c07ada854c160fad766",21,6,48,"FSA_lambda050","FSA_lambda050",180538311,401256294,0.939659629500836,0.187931925900167,5,0.982222895827324,"5fc963dcc0dcb914d504c06eb68cf78be4dd34b3c2aa1db106fd7e81c1b3481a",0.00600000000000023,"pwo","pwo_snr5","ols",5,TRUE,NA,48,370,16,32,0.0308430429733853,0.035318408772546,30.804749500939,0.0412117987815796,0.042490819029102,0.115862391146317,0.119262820213223,0.108871211537629,0.112066457454782,-0.780722674170508,-0.759039181743267,0.963888888888889,0.97027027027027,0.459710839443522,0.462756764077172,0.418733460520648,0.423486204403315,0.0129150141172327,0.0130616032010473,0.014788999525411,0.0149568588766502
"29_pwo_gp_model_specific","db6cb901415724b9f55892557a81f2cbcc3e7f91cf2f712ea45b7b9a2b1eb5a5","b1d5697d50014504fea8964eae8d6ad099291a4087058c07ada854c160fad766",21,6,48,"SA_hamming_foldover","Hamming",180538311,401256294,0.939659629500836,0.469829814750418,2,0.982222895827324,"5fc963dcc0dcb914d504c06eb68cf78be4dd34b3c2aa1db106fd7e81c1b3481a",0.00499999999999545,"pwo","pwo_snr2","ols",2,TRUE,NA,48,370,16,32,0.25358339542191,0.220740054828412,72.0468309611147,0.14850435581316,0.152257248458525,0.406673557584234,0.426746796946153,0.382134724447389,0.400996737109091,0.404976223775011,0.446031203693438,0.980555555555556,0.981081081081081,1.62791641526815,1.66982788099009,0.653568785807026,0.683200882376174,0.165734191846721,0.173248399508195,0.144268809613182,0.150809800234536
"29_pwo_gp_model_specific","db6cb901415724b9f55892557a81f2cbcc3e7f91cf2f712ea45b7b9a2b1eb5a5","b1d5697d50014504fea8964eae8d6ad099291a4087058c07ada854c160fad766",21,6,48,"SA_hamming_foldover","Hamming",180538311,401256294,0.939659629500836,0.187931925900167,5,0.982222895827324,"5fc963dcc0dcb914d504c06eb68cf78be4dd34b3c2aa1db106fd7e81c1b3481a",0.00399999999999068,"pwo","pwo_snr5","ols",5,TRUE,NA,48,370,16,32,0.0405733432675056,0.035318408772546,72.0468309611147,0.0594017423252639,0.0609028993834099,0.162669423033694,0.170698718778461,0.152853889778955,0.160398694843636,-0.511314508099144,-0.470259528180718,0.980555555555556,0.981081081081081,0.651166566107259,0.667931152396038,0.653568785807026,0.683200882376174,0.0265174706954753,0.0277197439213112,0.0230830095381091,0.0241295680375258
"29_pwo_gp_model_specific","db6cb901415724b9f55892557a81f2cbcc3e7f91cf2f712ea45b7b9a2b1eb5a5","b1d5697d50014504fea8964eae8d6ad099291a4087058c07ada854c160fad766",21,6,48,"SA_l2_position_foldover","L2",180538311,401256294,0.939659629500836,0.469829814750418,2,0.982222895827324,"5fc963dcc0dcb914d504c06eb68cf78be4dd34b3c2aa1db106fd7e81c1b3481a",0.00500000000000966,"pwo","pwo_snr2","ols",2,TRUE,NA,48,370,16,32,0.287538102487583,0.220740054828412,95.3286958875677,0.185661151310535,0.191737863614394,0.55824190333087,0.558565552300726,0.524557380055727,0.52486149992683,0.714822219009053,0.721312845918575,0.95,0.964864864864865,1.8159453428963,1.87608581612752,0.728214954678142,0.777977987168564,0.209389546271235,0.223698314207559,0.160746209022523,0.171730903542887
"29_pwo_gp_model_specific","db6cb901415724b9f55892557a81f2cbcc3e7f91cf2f712ea45b7b9a2b1eb5a5","b1d5697d50014504fea8964eae8d6ad099291a4087058c07ada854c160fad766",21,6,48,"SA_l2_position_foldover","L2",180538311,401256294,0.939659629500836,0.187931925900167,5,0.982222895827324,"5fc963dcc0dcb914d504c06eb68cf78be4dd34b3c2aa1db106fd7e81c1b3481a",0.00400000000000489,"pwo","pwo_snr5","ols",5,TRUE,NA,48,370,16,32,0.0460060963980134,0.035318408772546,95.3286958875677,0.074264460524214,0.0766951454457576,0.223296761332348,0.223426220920291,0.209822952022291,0.209944599970732,-0.201468512865101,-0.194977885955579,0.95,0.964864864864865,0.726378137158519,0.750434326451007,0.728214954678142,0.777977987168564,0.0335023274033976,0.0357917302732094,0.0257193934436037,0.0274769445668619
"29_pwo_gp_model_specific","db6cb901415724b9f55892557a81f2cbcc3e7f91cf2f712ea45b7b9a2b1eb5a5","b1d5697d50014504fea8964eae8d6ad099291a4087058c07ada854c160fad766",21,6,48,"random_foldover","RandomFoldover",180538311,401256294,0.939659629500836,0.469829814750418,2,0.982222895827324,"5fc963dcc0dcb914d504c06eb68cf78be4dd34b3c2aa1db106fd7e81c1b3481a",0.00499999999999545,"pwo","pwo_snr2","ols",2,TRUE,NA,48,370,16,32,0.122334467275033,0.220740054828412,58.7064690493663,0.149083309576497,0.153189878073453,0.43263536907063,0.425175176147999,0.406529990609865,0.399519948492181,0.623416409541945,0.616459835213451,0.843055555555556,0.875675675675676,1.16337188775896,1.18986245423337,0.689090179137446,0.717744024959228,0.0842994799692367,0.0878048329332253,0.15210980392452,0.158434855422265
"29_pwo_gp_model_specific","db6cb901415724b9f55892557a81f2cbcc3e7f91cf2f712ea45b7b9a2b1eb5a5","b1d5697d50014504fea8964eae8d6ad099291a4087058c07ada854c160fad766",21,6,48,"random_foldover","RandomFoldover",180538311,401256294,0.939659629500836,0.187931925900167,5,0.982222895827324,"5fc963dcc0dcb914d504c06eb68cf78be4dd34b3c2aa1db106fd7e81c1b3481a",0.00699999999999079,"pwo","pwo_snr5","ols",5,TRUE,NA,48,370,16,32,0.0195735147640053,0.035318408772546,58.7064690493663,0.0596333238305989,0.0612759512293812,0.173054147628252,0.1700700704592,0.162611996243946,0.159807979396873,-0.292874322332207,-0.299830896660702,0.843055555555556,0.875675675675676,0.465348755103584,0.475944981693347,0.689090179137446,0.717744024959228,0.0134879167950779,0.014048773269316,0.0243375686279232,0.0253495768675624
"29_pwo_gp_model_specific","db6cb901415724b9f55892557a81f2cbcc3e7f91cf2f712ea45b7b9a2b1eb5a5","b1d5697d50014504fea8964eae8d6ad099291a4087058c07ada854c160fad766",21,6,60,"FSA_lambda050","FSA_lambda050",180538311,401256294,0.939659629500836,0.469829814750418,2,0.982222895827324,"fb05f85c68186a612086e4e12544ca88469132a9790913aaf6df522ffc49ea0b",0.00799999999999557,"pwo","pwo_snr2","ols",2,TRUE,NA,60,358,16,44,0.203892092570509,0.220740054828412,26.8888135893197,0.104289537047178,0.106714678345627,0.280200869302796,0.286897648135009,0.263293445034877,0.269586137751204,0.0846344290041086,0.103786951376317,0.954166666666667,0.963687150837989,1.03610419124949,1.05536755834205,0.328063958894936,0.340490135631967,0.0668896470760538,0.0694232462536181,0.0724168562736941,0.075159811207934
"29_pwo_gp_model_specific","db6cb901415724b9f55892557a81f2cbcc3e7f91cf2f712ea45b7b9a2b1eb5a5","b1d5697d50014504fea8964eae8d6ad099291a4087058c07ada854c160fad766",21,6,60,"FSA_lambda050","FSA_lambda050",180538311,401256294,0.939659629500836,0.187931925900167,5,0.982222895827324,"fb05f85c68186a612086e4e12544ca88469132a9790913aaf6df522ffc49ea0b",0.007000000000005,"pwo","pwo_snr5","ols",5,TRUE,NA,60,358,16,44,0.0326227348112814,0.035318408772546,26.8888135893197,0.0417158148188711,0.0426858713382507,0.112080347721118,0.114759059254003,0.105317378013951,0.107834455100481,-0.831656302870047,-0.812503780497839,0.954166666666667,0.963687150837989,0.414441676499796,0.422147023336819,0.328063958894936,0.340490135631967,0.0107023435321686,0.0111077194005789,0.011586697003791,0.0120255697932694
"29_pwo_gp_model_specific","db6cb901415724b9f55892557a81f2cbcc3e7f91cf2f712ea45b7b9a2b1eb5a5","b1d5697d50014504fea8964eae8d6ad099291a4087058c07ada854c160fad766",21,6,60,"SA_hamming_foldover","Hamming",180538311,401256294,0.939659629500836,0.469829814750418,2,0.982222895827324,"fb05f85c68186a612086e4e12544ca88469132a9790913aaf6df522ffc49ea0b",0.00799999999999557,"pwo","pwo_snr2","ols",2,TRUE,NA,60,358,16,44,0.227913510549401,0.220740054828412,59.6524863315207,0.110210535836487,0.113667557408998,0.304921711301275,0.317079203963621,0.286522622268117,0.297946527318876,0.172029441194664,0.212404167956014,0.991666666666667,0.986033519553073,1.29569476489874,1.31279534586326,0.466106100636339,0.474863882264154,0.10623187768452,0.108227894439941,0.102888286210323,0.104821479407022
"29_pwo_gp_model_specific","db6cb901415724b9f55892557a81f2cbcc3e7f91cf2f712ea45b7b9a2b1eb5a5","b1d5697d50014504fea8964eae8d6ad099291a4087058c07ada854c160fad766",21,6,60,"SA_hamming_foldover","Hamming",180538311,401256294,0.939659629500836,0.187931925900167,5,0.982222895827324,"fb05f85c68186a612086e4e12544ca88469132a9790913aaf6df522ffc49ea0b",0.00799999999999557,"pwo","pwo_snr5","ols",5,TRUE,NA,60,358,16,44,0.0364661616879041,0.035318408772546,59.6524863315207,0.0440842143345946,0.0454670229635994,0.12196868452051,0.126831681585448,0.114609048907247,0.11917861092755,-0.744261290679492,-0.703886563918142,0.991666666666667,0.986033519553073,0.518277905959497,0.525118138345304,0.466106100636339,0.474863882264154,0.0169971004295232,0.0173164631103905,0.0164621257936517,0.0167714367051235
"29_pwo_gp_model_specific","db6cb901415724b9f55892557a81f2cbcc3e7f91cf2f712ea45b7b9a2b1eb5a5","b1d5697d50014504fea8964eae8d6ad099291a4087058c07ada854c160fad766",21,6,60,"SA_l2_position_foldover","L2",180538311,401256294,0.939659629500836,0.469829814750418,2,0.982222895827324,"fb05f85c68186a612086e4e12544ca88469132a9790913aaf6df522ffc49ea0b",0.00699999999999079,"pwo","pwo_snr2","ols",2,TRUE,NA,60,358,16,44,0.153773312784011,0.220740054828412,43.7658043999504,0.0547011132846335,0.0550918403719641,0.144361289631212,0.145829908461212,0.135650475929128,0.137030477754803,-0.309740057211413,-0.300250216258496,1,1,1.0322840579857,1.04019144152688,0.43833898085454,0.443643376115478,0.0674048372083696,0.0682205116399599,0.0967589706672615,0.0979298631679925
"29_pwo_gp_model_specific","db6cb901415724b9f55892557a81f2cbcc3e7f91cf2f712ea45b7b9a2b1eb5a5","b1d5697d50014504fea8964eae8d6ad099291a4087058c07ada854c160fad766",21,6,60,"SA_l2_position_foldover","L2",180538311,401256294,0.939659629500836,0.187931925900167,5,0.982222895827324,"fb05f85c68186a612086e4e12544ca88469132a9790913aaf6df522ffc49ea0b",0.00799999999999557,"pwo","pwo_snr5","ols",5,TRUE,NA,60,358,16,44,0.0246037300454417,0.035318408772546,43.7658043999504,0.0218804453138534,0.0220367361487857,0.0577445158524848,0.0583319633844848,0.054260190371651,0.0548121911019213,-1.22603078908557,-1.21654094813265,1,1,0.412913623194279,0.416076576610753,0.43833898085454,0.443643376115478,0.0107847739533391,0.0109152818623936,0.0154814353067618,0.0156687781068788
"29_pwo_gp_model_specific","db6cb901415724b9f55892557a81f2cbcc3e7f91cf2f712ea45b7b9a2b1eb5a5","b1d5697d50014504fea8964eae8d6ad099291a4087058c07ada854c160fad766",21,6,60,"random_foldover","RandomFoldover",180538311,401256294,0.939659629500836,0.469829814750418,2,0.982222895827324,"fb05f85c68186a612086e4e12544ca88469132a9790913aaf6df522ffc49ea0b",0.00799999999999557,"pwo","pwo_snr2","ols",2,TRUE,NA,60,358,16,44,0.188129738441154,0.220740054828412,91.1100840722742,0.118419890171315,0.119852107381889,0.328047884359434,0.340536455320941,0.308253353475719,0.319988359438403,0.193284535576385,0.234666760907139,0.973611111111111,0.977653631284916,1.24992989226951,1.28425057740279,0.532853931584204,0.559092185263612,0.100245670776277,0.105181866578136,0.117622206073432,0.123414039629227
"29_pwo_gp_model_specific","db6cb901415724b9f55892557a81f2cbcc3e7f91cf2f712ea45b7b9a2b1eb5a5","b1d5697d50014504fea8964eae8d6ad099291a4087058c07ada854c160fad766",21,6,60,"random_foldover","RandomFoldover",180538311,401256294,0.939659629500836,0.187931925900167,5,0.982222895827324,"fb05f85c68186a612086e4e12544ca88469132a9790913aaf6df522ffc49ea0b",0.0189999999999912,"pwo","pwo_snr5","ols",5,TRUE,NA,60,358,16,44,0.0301007581505846,0.035318408772546,91.1100840722742,0.047367956068526,0.0479408429527556,0.131219153743774,0.136214582128376,0.123301341390288,0.127995343775361,-0.723006196297769,-0.681623970967015,0.973611111111111,0.977653631284916,0.499971956907805,0.513700230961117,0.532853931584204,0.559092185263612,0.0160393073242043,0.0168290986525018,0.0188195529717492,0.0197462463406762
"29_pwo_gp_model_specific","db6cb901415724b9f55892557a81f2cbcc3e7f91cf2f712ea45b7b9a2b1eb5a5","b1d5697d50014504fea8964eae8d6ad099291a4087058c07ada854c160fad766",22,6,48,"FSA_lambda050","FSA_lambda050",180538312,401256295,0.984169986230714,0.492084993115357,2,1.01360193879583,"e800bad386a65e5b308c19c91c83b0fb3e96b1c400a8986a5a7d0dd092e14b10",0.00699999999999079,"pwo","pwo_snr2","ols",2,TRUE,NA,48,386,16,32,0.233994998919576,0.242147640449341,97.5590929528989,0.0744258336622079,0.0765757420695271,0.210071977755891,0.210942698865938,0.206746535455474,0.20760347303836,0.0667211355171613,0.0906780734678271,1,1,1.48699380454975,1.54793599180565,0.607893925649226,0.660892695522646,0.142244138475508,0.154645585574777,0.147200079739447,0.160033606811014
"29_pwo_gp_model_specific","db6cb901415724b9f55892557a81f2cbcc3e7f91cf2f712ea45b7b9a2b1eb5a5","b1d5697d50014504fea8964eae8d6ad099291a4087058c07ada854c160fad766",22,6,48,"FSA_lambda050","FSA_lambda050",180538312,401256295,0.984169986230714,0.196833997246143,5,1.01360193879583,"e800bad386a65e5b308c19c91c83b0fb3e96b1c400a8986a5a7d0dd092e14b10",0.00499999999999545,"pwo","pwo_snr5","ols",5,TRUE,NA,48,386,16,32,0.0374391998271322,0.0387436224718946,97.5590929528989,0.0297703334648831,0.0306302968278108,0.0840287911023563,0.084377079546375,0.0826986141821895,0.0830413892153437,-0.849569596356994,-0.825612658406328,1,1,0.5947975218199,0.61917439672226,0.607893925649226,0.660892695522646,0.0227590621560812,0.0247432936919644,0.0235520127583115,0.0256053770897622
"29_pwo_gp_model_specific","db6cb901415724b9f55892557a81f2cbcc3e7f91cf2f712ea45b7b9a2b1eb5a5","b1d5697d50014504fea8964eae8d6ad099291a4087058c07ada854c160fad766",22,6,48,"SA_hamming_foldover","Hamming",180538312,401256295,0.984169986230714,0.492084993115357,2,1.01360193879583,"e800bad386a65e5b308c19c91c83b0fb3e96b1c400a8986a5a7d0dd092e14b10",0.00499999999999545,"pwo","pwo_snr2","ols",2,TRUE,NA,48,386,16,32,0.15808577248526,0.242147640449341,76.5699192320247,0.126897101225797,0.129722762754829,0.380799794395444,0.376903619031666,0.374771728406823,0.370937229552701,0.414219619033277,0.397626593905914,0.931944444444444,0.937823834196891,1.33154657891608,1.36383650502693,0.70196638799802,0.732802030935777,0.110970898705355,0.11584557513925,0.169979504528467,0.177446282707584
"29_pwo_gp_model_specific","db6cb901415724b9f55892557a81f2cbcc3e7f91cf2f712ea45b7b9a2b1eb5a5","b1d5697d50014504fea8964eae8d6ad099291a4087058c07ada854c160fad766",22,6,48,"SA_hamming_foldover","Hamming",180538312,401256295,0.984169986230714,0.196833997246143,5,1.01360193879583,"e800bad386a65e5b308c19c91c83b0fb3e96b1c400a8986a5a7d0dd092e14b10",0.007000000000005,"pwo","pwo_snr5","ols",5,TRUE,NA,48,386,16,32,0.0252937235976416,0.0387436224718946,76.5699192320247,0.0507588404903187,0.0518891051019316,0.152319917758177,0.150761447612666,0.149908691362729,0.14837489182108,-0.50207111284088,-0.518664137968243,0.931944444444444,0.937823834196891,0.532618631566434,0.545534602010773,0.70196638799802,0.732802030935777,0.0177553437928567,0.01853529202228,0.0271967207245548,0.0283914052332134
"29_pwo_gp_model_specific","db6cb901415724b9f55892557a81f2cbcc3e7f91cf2f712ea45b7b9a2b1eb5a5","b1d5697d50014504fea8964eae8d6ad099291a4087058c07ada854c160fad766",22,6,48,"SA_l2_position_foldover","L2",180538312,401256295,0.984169986230714,0.492084993115357,2,1.01360193879583,"e800bad386a65e5b308c19c91c83b0fb3e96b1c400a8986a5a7d0dd092e14b10",0.00800000000000978,"pwo","pwo_snr2","ols",2,TRUE,NA,48,386,16,32,0.20163819416876,0.242147640449341,83.9611894553411,0.1571231588257,0.161808005859546,0.429215648232391,0.421316719141525,0.42242115861088,0.414647269676285,0.617931862679002,0.588207809660396,0.895833333333333,0.898963730569948,1.43289678208999,1.46503846343436,0.639077836844003,0.669261037058477,0.128862500954502,0.134948586939983,0.154751190255244,0.162059980968389
"29_pwo_gp_model_specific","db6cb901415724b9f55892557a81f2cbcc3e7f91cf2f712ea45b7b9a2b1eb5a5","b1d5697d50014504fea8964eae8d6ad099291a4087058c07ada854c160fad766",22,6,48,"SA_l2_position_foldover","L2",180538312,401256295,0.984169986230714,0.196833997246143,5,1.01360193879583,"e800bad386a65e5b308c19c91c83b0fb3e96b1c400a8986a5a7d0dd092e14b10",0.00600000000000023,"pwo","pwo_snr5","ols",5,TRUE,NA,48,386,16,32,0.0322621110670016,0.0387436224718946,83.9611894553411,0.0628492635302799,0.0647232023438186,0.171686259292957,0.16852668765661,0.168968463444352,0.165858907870514,-0.298358869195153,-0.328082922213759,0.895833333333333,0.898963730569948,0.573158712835996,0.586015385373746,0.639077836844003,0.669261037058477,0.0206180001527204,0.0215917739103973,0.0247601904408391,0.0259295969549423
"29_pwo_gp_model_specific","db6cb901415724b9f55892557a81f2cbcc3e7f91cf2f712ea45b7b9a2b1eb5a5","b1d5697d50014504fea8964eae8d6ad099291a4087058c07ada854c160fad766",22,6,48,"random_foldover","RandomFoldover",180538312,401256295,0.984169986230714,0.492084993115357,2,1.01360193879583,"e800bad386a65e5b308c19c91c83b0fb3e96b1c400a8986a5a7d0dd092e14b10",0.007000000000005,"pwo","pwo_snr2","ols",2,TRUE,NA,48,386,16,32,0.268216536776948,0.242147640449341,95.3061874069901,0.135400012020535,0.139820053274958,0.440726215649049,0.460928327680315,0.433749513586839,0.453631825906482,0.495611697235978,0.550047685999425,0.988888888888889,0.987046632124352,1.82125376676489,1.86787290471807,0.787410246838554,0.821268090053576,0.211196449429719,0.220277682879589,0.190669533337589,0.198868130182811
"29_pwo_gp_model_specific","db6cb901415724b9f55892557a81f2cbcc3e7f91cf2f712ea45b7b9a2b1eb5a5","b1d5697d50014504fea8964eae8d6ad099291a4087058c07ada854c160fad766",22,6,48,"random_foldover","RandomFoldover",180538312,401256295,0.984169986230714,0.196833997246143,5,1.01360193879583,"e800bad386a65e5b308c19c91c83b0fb3e96b1c400a8986a5a7d0dd092e14b10",0.01400000000001,"pwo","pwo_snr5","ols",5,TRUE,NA,48,386,16,32,0.0429146458843117,0.0387436224718946,95.3061874069901,0.0541600048082138,0.0559280213099831,0.176290486259619,0.184371331072126,0.173499805434736,0.181452730362593,-0.420679034638178,-0.366243045874731,0.988888888888889,0.987046632124352,0.728501506705957,0.747149161887226,0.787410246838554,0.821268090053576,0.033791431908755,0.0352444292607343,0.0305071253340143,0.0318189008292497
"29_pwo_gp_model_specific","db6cb901415724b9f55892557a81f2cbcc3e7f91cf2f712ea45b7b9a2b1eb5a5","b1d5697d50014504fea8964eae8d6ad099291a4087058c07ada854c160fad766",22,6,60,"FSA_lambda050","FSA_lambda050",180538312,401256295,0.984169986230714,0.492084993115357,2,1.01360193879583,"55d1ad3e6282beb953a680cf7c5be6a41705d0e762d4316bf54906851e17dac8",0.00500000000000966,"pwo","pwo_snr2","ols",2,TRUE,NA,60,386,16,44,0.307504635446494,0.242147640449341,18.9650619143766,0.11993488858959,0.123829879408602,0.328668143859796,0.314190474690227,0.32346532261697,0.309216835149702,0.309029655951031,0.256899030197493,0.938888888888889,0.963730569948187,1.22949447088725,1.23808185111482,0.304575702655056,0.309141715138022,0.0936584404108028,0.0950625104148213,0.073752287736122,0.0748579368851343
"29_pwo_gp_model_specific","db6cb901415724b9f55892557a81f2cbcc3e7f91cf2f712ea45b7b9a2b1eb5a5","b1d5697d50014504fea8964eae8d6ad099291a4087058c07ada854c160fad766",22,6,60,"FSA_lambda050","FSA_lambda050",180538312,401256295,0.984169986230714,0.196833997246143,5,1.01360193879583,"55d1ad3e6282beb953a680cf7c5be6a41705d0e762d4316bf54906851e17dac8",0.00500000000000966,"pwo","pwo_snr5","ols",5,TRUE,NA,60,386,16,44,0.049200741671439,0.0387436224718946,18.9650619143766,0.0479739554358358,0.0495319517634408,0.131467257543918,0.125676189876091,0.129386129046788,0.123686734059881,-0.607261075923124,-0.659391701676662,0.938888888888889,0.963730569948187,0.491797788354901,0.49523274044593,0.304575702655056,0.309141715138022,0.0149853504657285,0.0152100016663714,0.0118003660377795,0.0119772699016215
"29_pwo_gp_model_specific","db6cb901415724b9f55892557a81f2cbcc3e7f91cf2f712ea45b7b9a2b1eb5a5","b1d5697d50014504fea8964eae8d6ad099291a4087058c07ada854c160fad766",22,6,60,"SA_hamming_foldover","Hamming",180538312,401256295,0.984169986230714,0.492084993115357,2,1.01360193879583,"55d1ad3e6282beb953a680cf7c5be6a41705d0e762d4316bf54906851e17dac8",0.00900000000000034,"pwo","pwo_snr2","ols",2,TRUE,NA,60,386,16,44,0.326242678478971,0.242147640449341,42.8529926749606,0.119597227718889,0.122773667135677,0.346547540858537,0.3683455547288,0.341061688515034,0.362514639525588,0.319196223953958,0.378304828250729,0.9875,0.984455958549223,1.53169005987956,1.56808056273301,0.452215635182559,0.472665869083597,0.147532040072027,0.154203779155423,0.109502949033757,0.11445492491953
"29_pwo_gp_model_specific","db6cb901415724b9f55892557a81f2cbcc3e7f91cf2f712ea45b7b9a2b1eb5a5","b1d5697d50014504fea8964eae8d6ad099291a4087058c07ada854c160fad766",22,6,60,"SA_hamming_foldover","Hamming",180538312,401256295,0.984169986230714,0.196833997246143,5,1.01360193879583,"55d1ad3e6282beb953a680cf7c5be6a41705d0e762d4316bf54906851e17dac8",0.00800000000000978,"pwo","pwo_snr5","ols",5,TRUE,NA,60,386,16,44,0.0521988285566354,0.0387436224718946,42.8529926749606,0.0478388910875555,0.0491094668542706,0.138619016343415,0.14733822189152,0.136424675406013,0.145005855810235,-0.597094507920198,-0.537985903623427,0.9875,0.984455958549223,0.612676023951823,0.627232225093205,0.452215635182559,0.472665869083597,0.0236051264115244,0.0246726046648677,0.0175204718454011,0.0183127879871248
"29_pwo_gp_model_specific","db6cb901415724b9f55892557a81f2cbcc3e7f91cf2f712ea45b7b9a2b1eb5a5","b1d5697d50014504fea8964eae8d6ad099291a4087058c07ada854c160fad766",22,6,60,"SA_l2_position_foldover","L2",180538312,401256295,0.984169986230714,0.492084993115357,2,1.01360193879583,"55d1ad3e6282beb953a680cf7c5be6a41705d0e762d4316bf54906851e17dac8",0.00900000000000034,"pwo","pwo_snr2","ols",2,TRUE,NA,60,386,16,44,0.250676231949859,0.242147640449341,32.8481578550631,0.0730326398330535,0.0710165047076128,0.198150655563836,0.194837888904809,0.195013927957867,0.191753602440667,-0.0512379911708426,-0.0598632001248764,0.997222222222222,1,1.2504570120349,1.26584084615701,0.391363885197284,0.399651259525587,0.0981056240625124,0.10018307183189,0.094767841357609,0.0967746094967282
"29_pwo_gp_model_specific","db6cb901415724b9f55892557a81f2cbcc3e7f91cf2f712ea45b7b9a2b1eb5a5","b1d5697d50014504fea8964eae8d6ad099291a4087058c07ada854c160fad766",22,6,60,"SA_l2_position_foldover","L2",180538312,401256295,0.984169986230714,0.196833997246143,5,1.01360193879583,"55d1ad3e6282beb953a680cf7c5be6a41705d0e762d4316bf54906851e17dac8",0.00799999999999557,"pwo","pwo_snr5","ols",5,TRUE,NA,60,386,16,44,0.0401081971119775,0.0387436224718946,32.8481578550631,0.0292130559332214,0.0284066018830451,0.0792602622255343,0.0779351555619235,0.0780055711831469,0.0767014409762668,-0.967528723044998,-0.976153931999032,0.997222222222222,1,0.50018280481396,0.506336338462804,0.391363885197284,0.399651259525587,0.015696899850002,0.0160292914931023,0.0151628546172174,0.0154839375194765
"29_pwo_gp_model_specific","db6cb901415724b9f55892557a81f2cbcc3e7f91cf2f712ea45b7b9a2b1eb5a5","b1d5697d50014504fea8964eae8d6ad099291a4087058c07ada854c160fad766",22,6,60,"random_foldover","RandomFoldover",180538312,401256295,0.984169986230714,0.492084993115357,2,1.01360193879583,"55d1ad3e6282beb953a680cf7c5be6a41705d0e762d4316bf54906851e17dac8",0.00600000000000023,"pwo","pwo_snr2","ols",2,TRUE,NA,60,386,16,44,0.262787146342953,0.242147640449341,86.2903999961201,0.190246421845867,0.196313088331198,0.499606761649596,0.522246130773428,0.491697979733455,0.513978967332329,0.769637326478977,0.84582877906401,0.869444444444444,0.852331606217617,1.4533543096287,1.50595720737334,0.515317370902236,0.550735985081824,0.135418781360352,0.144726337908028,0.124782885446534,0.133359419298107
"29_pwo_gp_model_specific","db6cb901415724b9f55892557a81f2cbcc3e7f91cf2f712ea45b7b9a2b1eb5a5","b1d5697d50014504fea8964eae8d6ad099291a4087058c07ada854c160fad766",22,6,60,"random_foldover","RandomFoldover",180538312,401256295,0.984169986230714,0.196833997246143,5,1.01360193879583,"55d1ad3e6282beb953a680cf7c5be6a41705d0e762d4316bf54906851e17dac8",0.00499999999999545,"pwo","pwo_snr5","ols",5,TRUE,NA,60,386,16,44,0.0420459434148725,0.0387436224718946,86.2903999961201,0.0760985687383467,0.0785252353324789,0.199842704659838,0.208898452309371,0.196679191893382,0.205591586932931,-0.146653405395179,-0.0704619528101461,0.869444444444444,0.852331606217617,0.58134172385148,0.602382882949338,0.515317370902236,0.550735985081824,0.0216670050176563,0.0231562140652845,0.0199652616714455,0.0213375070876972
"29_pwo_gp_model_specific","db6cb901415724b9f55892557a81f2cbcc3e7f91cf2f712ea45b7b9a2b1eb5a5","b1d5697d50014504fea8964eae8d6ad099291a4087058c07ada854c160fad766",23,6,48,"FSA_lambda050","FSA_lambda050",180538313,401256296,0.935407726683455,0.467703863341728,2,0.961560646720478,"c6d42fe31b3f49bcfc1e0f335b481fffc8653f61e79cc9fa8444fdffb6f3bb90",0.007000000000005,"pwo","pwo_snr2","ols",2,TRUE,NA,48,392,16,32,0.226431486168683,0.218746903784777,23.8106740863505,0.0930434917374815,0.0957865383275199,0.252184584219372,0.259587481920088,0.235895408629255,0.242820136338352,0.00551873215479587,0.0295507622074774,0.994444444444444,0.997448979591837,1.21645626269916,1.22429997475014,0.3975300062161,0.402459305066958,0.0900133101041572,0.0911294585687265,0.0869584580213152,0.0880367268827702
"29_pwo_gp_model_specific","db6cb901415724b9f55892557a81f2cbcc3e7f91cf2f712ea45b7b9a2b1eb5a5","b1d5697d50014504fea8964eae8d6ad099291a4087058c07ada854c160fad766",23,6,48,"FSA_lambda050","FSA_lambda050",180538313,401256296,0.935407726683455,0.187081545336691,5,0.961560646720478,"c6d42fe31b3f49bcfc1e0f335b481fffc8653f61e79cc9fa8444fdffb6f3bb90",0.00799999999999557,"pwo","pwo_snr5","ols",5,TRUE,NA,48,392,16,32,0.0362290377869892,0.0349995046055644,23.8106740863505,0.0372173966949926,0.038314615331008,0.100873833687749,0.103834992768035,0.0943581634517018,0.0971280545353406,-0.91077199971936,-0.886739969666678,0.994444444444444,0.997448979591837,0.486582505079665,0.489719989900054,0.3975300062161,0.402459305066958,0.0144021296166651,0.0145807133709962,0.0139133532834104,0.0140858763012432
"29_pwo_gp_model_specific","db6cb901415724b9f55892557a81f2cbcc3e7f91cf2f712ea45b7b9a2b1eb5a5","b1d5697d50014504fea8964eae8d6ad099291a4087058c07ada854c160fad766",23,6,48,"SA_hamming_foldover","Hamming",180538313,401256296,0.935407726683455,0.467703863341728,2,0.961560646720478,"c6d42fe31b3f49bcfc1e0f335b481fffc8653f61e79cc9fa8444fdffb6f3bb90",0.00800000000000978,"pwo","pwo_snr2","ols",2,TRUE,NA,48,392,16,32,0.160565211551945,0.218746903784777,132.71130258169,0.148022988769817,0.151075940184746,0.420686297907518,0.44843432049194,0.393513213572551,0.419468928298206,0.435808719491554,0.514200357167221,0.943055555555556,0.931122448979592,1.36084665410972,1.4060948406977,0.736334818957193,0.779585895145693,0.118229755978925,0.125174374176981,0.161070961795811,0.170532000797405
"29_pwo_gp_model_specific","db6cb901415724b9f55892557a81f2cbcc3e7f91cf2f712ea45b7b9a2b1eb5a5","b1d5697d50014504fea8964eae8d6ad099291a4087058c07ada854c160fad766",23,6,48,"SA_hamming_foldover","Hamming",180538313,401256296,0.935407726683455,0.187081545336691,5,0.961560646720478,"c6d42fe31b3f49bcfc1e0f335b481fffc8653f61e79cc9fa8444fdffb6f3bb90",0.00600000000000023,"pwo","pwo_snr5","ols",5,TRUE,NA,48,392,16,32,0.0256904338483112,0.0349995046055644,132.71130258169,0.059209195507927,0.0604303760738986,0.168274519163008,0.179373728196776,0.15740528542902,0.167787571319283,-0.4804820123826,-0.402090374706932,0.943055555555556,0.931122448979592,0.54433866164389,0.562437936279078,0.736334818957193,0.779585895145693,0.018916760956628,0.0200278998683169,0.0257713538873297,0.0272851201275847
"29_pwo_gp_model_specific","db6cb901415724b9f55892557a81f2cbcc3e7f91cf2f712ea45b7b9a2b1eb5a5","b1d5697d50014504fea8964eae8d6ad099291a4087058c07ada854c160fad766",23,6,48,"SA_l2_position_foldover","L2",180538313,401256296,0.935407726683455,0.467703863341728,2,0.961560646720478,"c6d42fe31b3f49bcfc1e0f335b481fffc8653f61e79cc9fa8444fdffb6f3bb90",0.00799999999999557,"pwo","pwo_snr2","ols",2,TRUE,NA,48,392,16,32,0.17163720214048,0.218746903784777,81.4624838510871,0.137128406130373,0.140295633131213,0.38501374492789,0.395387034282239,0.360144831884881,0.369848086898062,0.355231993884685,0.391701836703022,0.954166666666667,0.941326530612245,1.33069688357654,1.3375103411842,0.651149791072548,0.656366152906743,0.11176152831405,0.112656850064624,0.142437000697225,0.143578063697476
"29_pwo_gp_model_specific","db6cb901415724b9f55892557a81f2cbcc3e7f91cf2f712ea45b7b9a2b1eb5a5","b1d5697d50014504fea8964eae8d6ad099291a4087058c07ada854c160fad766",23,6,48,"SA_l2_position_foldover","L2",180538313,401256296,0.935407726683455,0.187081545336691,5,0.961560646720478,"c6d42fe31b3f49bcfc1e0f335b481fffc8653f61e79cc9fa8444fdffb6f3bb90",0.00699999999999079,"pwo","pwo_snr5","ols",5,TRUE,NA,48,392,16,32,0.0274619523424768,0.0349995046055644,81.4624838510871,0.0548513624521491,0.0561182532524851,0.154005497971156,0.158154813712895,0.144057932753952,0.147939234759225,-0.561058737989469,-0.524588895171133,0.954166666666667,0.941326530612245,0.532278753430614,0.535004136473681,0.651149791072548,0.656366152906743,0.0178818445302481,0.0180250960103399,0.0227899201115559,0.0229724901915962
"29_pwo_gp_model_specific","db6cb901415724b9f55892557a81f2cbcc3e7f91cf2f712ea45b7b9a2b1eb5a5","b1d5697d50014504fea8964eae8d6ad099291a4087058c07ada854c160fad766",23,6,48,"random_foldover","RandomFoldover",180538313,401256296,0.935407726683455,0.467703863341728,2,0.961560646720478,"c6d42fe31b3f49bcfc1e0f335b481fffc8653f61e79cc9fa8444fdffb6f3bb90",0.007000000000005,"pwo","pwo_snr2","ols",2,TRUE,NA,48,392,16,32,0.220144378403145,0.218746903784777,110.865967500803,0.108440525170788,0.111541477881829,0.299439044968785,0.308733821067865,0.280097596334516,0.288792001715388,0.260599171845553,0.28599532442499,0.994444444444444,0.994897959183674,1.70437901886894,1.74457556022166,0.833021619624309,0.867031629286962,0.183385026648575,0.190872139085244,0.182220900078598,0.189660484389994
"29_pwo_gp_model_specific","db6cb901415724b9f55892557a81f2cbcc3e7f91cf2f712ea45b7b9a2b1eb5a5","b1d5697d50014504fea8964eae8d6ad099291a4087058c07ada854c160fad766",23,6,48,"random_foldover","RandomFoldover",180538313,401256296,0.935407726683455,0.187081545336691,5,0.961560646720478,"c6d42fe31b3f49bcfc1e0f335b481fffc8653f61e79cc9fa8444fdffb6f3bb90",0.0150000000000006,"pwo","pwo_snr5","ols",5,TRUE,NA,48,392,16,32,0.0352231005445032,0.0349995046055644,110.865967500803,0.043376210068315,0.0446165911527316,0.119775617987514,0.123493528427146,0.112039038533806,0.115516800686155,-0.655691560028604,-0.630295407449166,0.994444444444444,0.994897959183674,0.681751607547575,0.697830224088663,0.833021619624309,0.867031629286962,0.0293416042637719,0.0305395422536391,0.0291553440125757,0.030345677502399
"29_pwo_gp_model_specific","db6cb901415724b9f55892557a81f2cbcc3e7f91cf2f712ea45b7b9a2b1eb5a5","b1d5697d50014504fea8964eae8d6ad099291a4087058c07ada854c160fad766",23,6,60,"FSA_lambda050","FSA_lambda050",180538313,401256296,0.935407726683455,0.467703863341728,2,0.961560646720478,"9f54d0facd5adb349f6e8f4df2ca9c0ad9f2553e1e09371d9798b0d10e1933f6",0.007000000000005,"pwo","pwo_snr2","ols",2,TRUE,NA,60,350,16,44,0.255931373007161,0.218746903784777,16.861858111017,0.0842768849651039,0.0867286280695489,0.23034705418775,0.232269726136978,0.215468414305994,0.217266896503179,-0.0674675116036524,-0.0607707735934463,0.991666666666667,0.988571428571429,1.10887930899893,1.11295413256566,0.297160388733927,0.299228224684336,0.0760526662920155,0.0765818903859573,0.0650029149630273,0.0654552476747142
"29_pwo_gp_model_specific","db6cb901415724b9f55892557a81f2cbcc3e7f91cf2f712ea45b7b9a2b1eb5a5","b1d5697d50014504fea8964eae8d6ad099291a4087058c07ada854c160fad766",23,6,60,"FSA_lambda050","FSA_lambda050",180538313,401256296,0.935407726683455,0.187081545336691,5,0.961560646720478,"9f54d0facd5adb349f6e8f4df2ca9c0ad9f2553e1e09371d9798b0d10e1933f6",0.00900000000000034,"pwo","pwo_snr5","ols",5,TRUE,NA,60,350,16,44,0.0409490196811457,0.0349995046055644,16.861858111017,0.0337107539860415,0.0346914512278195,0.0921388216750997,0.0929078904547911,0.0861873657223973,0.0869067586012717,-0.983758243477808,-0.977061505467602,0.991666666666667,0.988571428571429,0.443551723599571,0.445181653026265,0.297160388733927,0.299228224684336,0.0121684266067225,0.0122531024617532,0.0104004663940844,0.0104728396279543
"29_pwo_gp_model_specific","db6cb901415724b9f55892557a81f2cbcc3e7f91cf2f712ea45b7b9a2b1eb5a5","b1d5697d50014504fea8964eae8d6ad099291a4087058c07ada854c160fad766",23,6,60,"SA_hamming_foldover","Hamming",180538313,401256296,0.935407726683455,0.467703863341728,2,0.961560646720478,"9f54d0facd5adb349f6e8f4df2ca9c0ad9f2553e1e09371d9798b0d10e1933f6",0.00600000000000023,"pwo","pwo_snr2","ols",2,TRUE,NA,60,350,16,44,0.169251676568823,0.218746903784777,41.4371318506424,0.0794912061012905,0.0794830943061205,0.250301683791862,0.257475816327757,0.234134129020787,0.240844868027114,-0.028808489780252,-0.00697587634858612,0.981944444444444,0.985714285714286,1.07085937120907,1.08853696697497,0.425562679794957,0.438708899042501,0.0720271970404175,0.0742522166886057,0.0930905185714995,0.0959662133283757
"29_pwo_gp_model_specific","db6cb901415724b9f55892557a81f2cbcc3e7f91cf2f712ea45b7b9a2b1eb5a5","b1d5697d50014504fea8964eae8d6ad099291a4087058c07ada854c160fad766",23,6,60,"SA_hamming_foldover","Hamming",180538313,401256296,0.935407726683455,0.187081545336691,5,0.961560646720478,"9f54d0facd5adb349f6e8f4df2ca9c0ad9f2553e1e09371d9798b0d10e1933f6",0.00900000000000034,"pwo","pwo_snr5","ols",5,TRUE,NA,60,350,16,44,0.0270802682510116,0.0349995046055644,41.4371318506424,0.0317964824405162,0.0317932377224482,0.100120673516745,0.102990326531103,0.0936536516083147,0.0963379472108458,-0.945099221654407,-0.923266608222741,0.981944444444444,0.985714285714286,0.428343748483629,0.43541478678999,0.425562679794957,0.438708899042501,0.0115243515264668,0.0118803546701769,0.0148944829714399,0.0153545941325401
"29_pwo_gp_model_specific","db6cb901415724b9f55892557a81f2cbcc3e7f91cf2f712ea45b7b9a2b1eb5a5","b1d5697d50014504fea8964eae8d6ad099291a4087058c07ada854c160fad766",23,6,60,"SA_l2_position_foldover","L2",180538313,401256296,0.935407726683455,0.467703863341728,2,0.961560646720478,"9f54d0facd5adb349f6e8f4df2ca9c0ad9f2553e1e09371d9798b0d10e1933f6",0.00900000000000034,"pwo","pwo_snr2","ols",2,TRUE,NA,60,350,16,44,0.16831963825076,0.218746903784777,52.7091407002427,0.0803672797933563,0.0791965063468654,0.256327882176684,0.265095312889504,0.239771081552477,0.24797220398441,-0.00486399693684197,0.0291527670309554,0.980555555555556,0.977142857142857,1.0882748257462,1.10761137874691,0.443432645685695,0.457892991388849,0.0746384225103936,0.0770723826681296,0.0969995182808379,0.100162674131061
"29_pwo_gp_model_specific","db6cb901415724b9f55892557a81f2cbcc3e7f91cf2f712ea45b7b9a2b1eb5a5","b1d5697d50014504fea8964eae8d6ad099291a4087058c07ada854c160fad766",23,6,60,"SA_l2_position_foldover","L2",180538313,401256296,0.935407726683455,0.187081545336691,5,0.961560646720478,"9f54d0facd5adb349f6e8f4df2ca9c0ad9f2553e1e09371d9798b0d10e1933f6",0.00799999999999557,"pwo","pwo_snr5","ols",5,TRUE,NA,60,350,16,44,0.0269311421201216,0.0349995046055644,52.7091407002427,0.0321469119173426,0.0316786025387462,0.102531152870674,0.106038125155802,0.0959084326209908,0.0991888815937642,-0.921154728810997,-0.887137964843199,0.980555555555556,0.977142857142857,0.435309930298479,0.443044551498764,0.443432645685695,0.457892991388849,0.011942147601663,0.0123315812269007,0.0155199229249341,0.0160260278609697
"29_pwo_gp_model_specific","db6cb901415724b9f55892557a81f2cbcc3e7f91cf2f712ea45b7b9a2b1eb5a5","b1d5697d50014504fea8964eae8d6ad099291a4087058c07ada854c160fad766",23,6,60,"random_foldover","RandomFoldover",180538313,401256296,0.935407726683455,0.467703863341728,2,0.961560646720478,"9f54d0facd5adb349f6e8f4df2ca9c0ad9f2553e1e09371d9798b0d10e1933f6",0.00799999999999557,"pwo","pwo_snr2","ols",2,TRUE,NA,60,350,16,44,0.183101623354509,0.218746903784777,36.9612785794844,0.151426033128978,0.154483824058357,0.438124136528155,0.468556225623204,0.409824702554953,0.438291113833581,0.605483099266884,0.743055216668662,0.838888888888889,0.805714285714286,1.10534094688444,1.13023234285017,0.420516697524273,0.438897922577013,0.0769972899643716,0.0803629221107728,0.0919867255732346,0.0960075616412925
"29_pwo_gp_model_specific","db6cb901415724b9f55892557a81f2cbcc3e7f91cf2f712ea45b7b9a2b1eb5a5","b1d5697d50014504fea8964eae8d6ad099291a4087058c07ada854c160fad766",23,6,60,"random_foldover","RandomFoldover",180538313,401256296,0.935407726683455,0.187081545336691,5,0.961560646720478,"9f54d0facd5adb349f6e8f4df2ca9c0ad9f2553e1e09371d9798b0d10e1933f6",0.00799999999999557,"pwo","pwo_snr5","ols",5,TRUE,NA,60,350,16,44,0.0292962597367215,0.0349995046055644,36.9612785794844,0.0605704132515913,0.061793529623343,0.175249654611262,0.187422490249282,0.163929881021981,0.175316445533433,-0.310807632607269,-0.173235515205491,0.838888888888889,0.805714285714286,0.442136378753778,0.452092937140068,0.420516697524273,0.438897922577013,0.0123195663942995,0.0128580675377236,0.0147178760917175,0.0153612098626068
"29_pwo_gp_model_specific","db6cb901415724b9f55892557a81f2cbcc3e7f91cf2f712ea45b7b9a2b1eb5a5","b1d5697d50014504fea8964eae8d6ad099291a4087058c07ada854c160fad766",24,6,48,"FSA_lambda050","FSA_lambda050",180538314,401256297,1.40106957791089,0.700534788955443,2,1.00803630000171,"1a149bfd628ed3d4a066200d9ea7c81ef85705eb3e53218f3ac7d5abadc23719",0.00799999999999557,"pwo","pwo_snr2","ols",2,TRUE,NA,48,388,16,32,0.333390138627022,0.490748990536847,33.7765683183156,0.267174970364179,0.273228984461734,0.482019373662468,0.479051190040987,0.675342680402144,0.671184048628433,1.40780487682607,1.38333432227925,0.738888888888889,0.744845360824742,1.55998079959604,1.5656118643117,0.448100141891421,0.450860004214951,0.149392168423969,0.150312279306602,0.219904692292633,0.221259091941926
"29_pwo_gp_model_specific","db6cb901415724b9f55892557a81f2cbcc3e7f91cf2f712ea45b7b9a2b1eb5a5","b1d5697d50014504fea8964eae8d6ad099291a4087058c07ada854c160fad766",24,6,48,"FSA_lambda050","FSA_lambda050",180538314,401256297,1.40106957791089,0.280213915582177,5,1.00803630000171,"1a149bfd628ed3d4a066200d9ea7c81ef85705eb3e53218f3ac7d5abadc23719",0.00600000000000023,"pwo","pwo_snr5","ols",5,TRUE,NA,48,388,16,32,0.0533424221803235,0.0785198384858955,33.7765683183156,0.106869988145671,0.109291593784693,0.192807749464987,0.191620476016395,0.270137072160858,0.268473619451373,0.491514144951911,0.467043590405099,0.738888888888889,0.744845360824742,0.623992319838414,0.626244745724682,0.448100141891421,0.450860004214951,0.023902746947835,0.0240499646890564,0.0351847507668212,0.0354014547107081
"29_pwo_gp_model_specific","db6cb901415724b9f55892557a81f2cbcc3e7f91cf2f712ea45b7b9a2b1eb5a5","b1d5697d50014504fea8964eae8d6ad099291a4087058c07ada854c160fad766",24,6,48,"SA_hamming_foldover","Hamming",180538314,401256297,1.40106957791089,0.700534788955443,2,1.00803630000171,"1a149bfd628ed3d4a066200d9ea7c81ef85705eb3e53218f3ac7d5abadc23719",0.00900000000000034,"pwo","pwo_snr2","ols",2,TRUE,NA,48,388,16,32,0.522269886900902,0.490748990536847,134.409852393216,0.266004326025727,0.274481358475779,0.530910138465997,0.563051017965967,0.743842043609164,0.788873652083872,0.956672125992806,1.03842676114971,0.995833333333333,0.992268041237113,2.72286449061773,2.81098434219978,0.910405969252025,0.961267504485738,0.475477622595161,0.502041070849279,0.446780810389151,0.47174105746225
"29_pwo_gp_model_specific","db6cb901415724b9f55892557a81f2cbcc3e7f91cf2f712ea45b7b9a2b1eb5a5","b1d5697d50014504fea8964eae8d6ad099291a4087058c07ada854c160fad766",24,6,48,"SA_hamming_foldover","Hamming",180538314,401256297,1.40106957791089,0.280213915582177,5,1.00803630000171,"1a149bfd628ed3d4a066200d9ea7c81ef85705eb3e53218f3ac7d5abadc23719",0.00799999999999557,"pwo","pwo_snr5","ols",5,TRUE,NA,48,388,16,32,0.0835631819041443,0.0785198384858955,134.409852393216,0.106401730410291,0.109792543390311,0.212364055386399,0.225220407186387,0.297536817443665,0.315549460833549,0.0403813941186511,0.122136029275558,0.995833333333333,0.992268041237113,1.08914579624709,1.12439373687991,0.910405969252025,0.961267504485738,0.0760764196152258,0.0803265713358846,0.0714849296622642,0.07547856919396
"29_pwo_gp_model_specific","db6cb901415724b9f55892557a81f2cbcc3e7f91cf2f712ea45b7b9a2b1eb5a5","b1d5697d50014504fea8964eae8d6ad099291a4087058c07ada854c160fad766",24,6,48,"SA_l2_position_foldover","L2",180538314,401256297,1.40106957791089,0.700534788955443,2,1.00803630000171,"1a149bfd628ed3d4a066200d9ea7c81ef85705eb3e53218f3ac7d5abadc23719",0.00799999999999557,"pwo","pwo_snr2","ols",2,TRUE,NA,48,388,16,32,0.587514826215429,0.490748990536847,63.5731784043344,0.19309942754658,0.198192670698298,0.358354290098564,0.371321603209379,0.50207929397095,0.520247401877758,0.705377436106842,0.733893526223649,0.997222222222222,0.997422680412371,2.38485653364517,2.4201698838279,0.604467690289194,0.622102088084579,0.355133730013098,0.365494200169267,0.296641908821561,0.305295971738372
"29_pwo_gp_model_specific","db6cb901415724b9f55892557a81f2cbcc3e7f91cf2f712ea45b7b9a2b1eb5a5","b1d5697d50014504fea8964eae8d6ad099291a4087058c07ada854c160fad766",24,6,48,"SA_l2_position_foldover","L2",180538314,401256297,1.40106957791089,0.280213915582177,5,1.00803630000171,"1a149bfd628ed3d4a066200d9ea7c81ef85705eb3e53218f3ac7d5abadc23719",0.00799999999999557,"pwo","pwo_snr5","ols",5,TRUE,NA,48,388,16,32,0.0940023721944687,0.0785198384858955,63.5731784043344,0.0772397710186318,0.0792770682793193,0.143341716039425,0.148528641283751,0.20083171758838,0.208098960751103,-0.210913295767314,-0.182397205650507,0.997222222222222,0.997422680412371,0.953942613458066,0.96806795353116,0.604467690289194,0.622102088084579,0.0568213968020957,0.0584790720270828,0.0474627054114498,0.0488473554781395
"29_pwo_gp_model_specific","db6cb901415724b9f55892557a81f2cbcc3e7f91cf2f712ea45b7b9a2b1eb5a5","b1d5697d50014504fea8964eae8d6ad099291a4087058c07ada854c160fad766",24,6,48,"random_foldover","RandomFoldover",180538314,401256297,1.40106957791089,0.700534788955443,2,1.00803630000171,"1a149bfd628ed3d4a066200d9ea7c81ef85705eb3e53218f3ac7d5abadc23719",0.00799999999999557,"pwo","pwo_snr2","ols",2,TRUE,NA,48,388,16,32,0.629566729384795,0.490748990536847,83.0081760489508,0.259888316202776,0.262553616161321,0.505248414865365,0.504947618735907,0.707888183355561,0.707466747049424,1.0174005286255,1.0241891982726,0.959722222222222,0.971649484536082,2.69415226318834,2.76312753979674,0.726403976261469,0.758206926370977,0.457319775547043,0.477341854832274,0.356482018072268,0.372089283734603
"29_pwo_gp_model_specific","db6cb901415724b9f55892557a81f2cbcc3e7f91cf2f712ea45b7b9a2b1eb5a5","b1d5697d50014504fea8964eae8d6ad099291a4087058c07ada854c160fad766",24,6,48,"random_foldover","RandomFoldover",180538314,401256297,1.40106957791089,0.280213915582177,5,1.00803630000171,"1a149bfd628ed3d4a066200d9ea7c81ef85705eb3e53218f3ac7d5abadc23719",0.00799999999999557,"pwo","pwo_snr5","ols",5,TRUE,NA,48,388,16,32,0.100730676701567,0.0785198384858955,83.0081760489508,0.103955326481111,0.105021446464528,0.202099365946146,0.201979047494363,0.283155273342225,0.28298669881977,0.101109796751345,0.107898466398446,0.959722222222222,0.971649484536082,1.07766090527534,1.1052510159187,0.726403976261469,0.758206926370977,0.0731711640875269,0.0763746967731638,0.0570371228915628,0.0595342853975364
"29_pwo_gp_model_specific","db6cb901415724b9f55892557a81f2cbcc3e7f91cf2f712ea45b7b9a2b1eb5a5","b1d5697d50014504fea8964eae8d6ad099291a4087058c07ada854c160fad766",24,6,60,"FSA_lambda050","FSA_lambda050",180538314,401256297,1.40106957791089,0.700534788955443,2,1.00803630000171,"413a4b473616f1abb53a97f285d2134e763ce9dc1b132fbf5bd02e37e29f66a3",0.007000000000005,"pwo","pwo_snr2","ols",2,TRUE,NA,60,344,16,44,0.518897654066513,0.490748990536847,21.8476686918794,0.154452701920307,0.158988045295376,0.285069872730965,0.291988986995952,0.399402726262283,0.409096886765046,0.514698786174318,0.54140841428383,0.966666666666667,0.962209302325581,1.6029277692047,1.6168156216054,0.30708799053801,0.31263724137506,0.159347237882173,0.162226731123345,0.150703121362517,0.153426410609035
"29_pwo_gp_model_specific","db6cb901415724b9f55892557a81f2cbcc3e7f91cf2f712ea45b7b9a2b1eb5a5","b1d5697d50014504fea8964eae8d6ad099291a4087058c07ada854c160fad766",24,6,60,"FSA_lambda050","FSA_lambda050",180538314,401256297,1.40106957791089,0.280213915582177,5,1.00803630000171,"413a4b473616f1abb53a97f285d2134e763ce9dc1b132fbf5bd02e37e29f66a3",0.00500000000000966,"pwo","pwo_snr5","ols",5,TRUE,NA,60,344,16,44,0.0830236246506421,0.0785198384858955,21.8476686918794,0.0617810807681226,0.0635952181181504,0.114027949092386,0.116795594798381,0.159761090504913,0.163638754706018,-0.401591945699838,-0.374882317590326,0.966666666666667,0.962209302325581,0.641171107681879,0.64672624864216,0.30708799053801,0.31263724137506,0.0254955580611476,0.0259562769797352,0.0241124994180027,0.0245482256974457
"29_pwo_gp_model_specific","db6cb901415724b9f55892557a81f2cbcc3e7f91cf2f712ea45b7b9a2b1eb5a5","b1d5697d50014504fea8964eae8d6ad099291a4087058c07ada854c160fad766",24,6,60,"SA_hamming_foldover","Hamming",180538314,401256297,1.40106957791089,0.700534788955443,2,1.00803630000171,"413a4b473616f1abb53a97f285d2134e763ce9dc1b132fbf5bd02e37e29f66a3",0.00400000000000489,"pwo","pwo_snr2","ols",2,TRUE,NA,60,344,16,44,0.422030103958435,0.490748990536847,54.2162893254571,0.218797170291647,0.224821051986795,0.43236651392058,0.459617790010438,0.605775569161508,0.643956503050259,0.963479878136348,1.0260873851952,0.865277777777778,0.854651162790698,1.74572232765271,1.79604515130846,0.456470559854167,0.481062394603397,0.192644317829219,0.203022812404966,0.224012466458222,0.236080884536856
"29_pwo_gp_model_specific","db6cb901415724b9f55892557a81f2cbcc3e7f91cf2f712ea45b7b9a2b1eb5a5","b1d5697d50014504fea8964eae8d6ad099291a4087058c07ada854c160fad766",24,6,60,"SA_hamming_foldover","Hamming",180538314,401256297,1.40106957791089,0.280213915582177,5,1.00803630000171,"413a4b473616f1abb53a97f285d2134e763ce9dc1b132fbf5bd02e37e29f66a3",0.00399999999999068,"pwo","pwo_snr5","ols",5,TRUE,NA,60,344,16,44,0.0675248166333496,0.0785198384858955,54.2162893254571,0.0875188681166589,0.089928420794718,0.172946605568232,0.183847116004176,0.242310227664604,0.257582601220104,0.0471891462621944,0.109796653321048,0.865277777777778,0.854651162790698,0.698288931061086,0.718418060523385,0.456470559854167,0.481062394603397,0.0308230908526751,0.0324836499847945,0.0358419946333155,0.0377729415258969
"29_pwo_gp_model_specific","db6cb901415724b9f55892557a81f2cbcc3e7f91cf2f712ea45b7b9a2b1eb5a5","b1d5697d50014504fea8964eae8d6ad099291a4087058c07ada854c160fad766",24,6,60,"SA_l2_position_foldover","L2",180538314,401256297,1.40106957791089,0.700534788955443,2,1.00803630000171,"413a4b473616f1abb53a97f285d2134e763ce9dc1b132fbf5bd02e37e29f66a3",0.00600000000000023,"pwo","pwo_snr2","ols",2,TRUE,NA,60,344,16,44,0.255873383219483,0.490748990536847,38.9161596211832,0.133274326458524,0.135001078968301,0.313022375807181,0.322934330835423,0.43856612794883,0.45245346659652,0.685400256597263,0.714717265212601,0.865277777777778,0.863372093023256,1.28937746713299,1.32339583618638,0.407879116164265,0.427942431340133,0.104365409397523,0.109499077730171,0.200166264518675,0.210012316188054
"29_pwo_gp_model_specific","db6cb901415724b9f55892557a81f2cbcc3e7f91cf2f712ea45b7b9a2b1eb5a5","b1d5697d50014504fea8964eae8d6ad099291a4087058c07ada854c160fad766",24,6,60,"SA_l2_position_foldover","L2",180538314,401256297,1.40106957791089,0.280213915582177,5,1.00803630000171,"413a4b473616f1abb53a97f285d2134e763ce9dc1b132fbf5bd02e37e29f66a3",0.00799999999999557,"pwo","pwo_snr5","ols",5,TRUE,NA,60,344,16,44,0.0409397413151173,0.0785198384858955,38.9161596211832,0.0533097305834098,0.0540004315873203,0.125208950322873,0.129173732334169,0.175426451179532,0.180981386638608,-0.23089047527689,-0.201573466661552,0.865277777777778,0.863372093023256,0.515750986853195,0.529358334474552,0.407879116164265,0.427942431340133,0.0166984655036037,0.0175198524368274,0.0320266023229879,0.0336019705900886
"29_pwo_gp_model_specific","db6cb901415724b9f55892557a81f2cbcc3e7f91cf2f712ea45b7b9a2b1eb5a5","b1d5697d50014504fea8964eae8d6ad099291a4087058c07ada854c160fad766",24,6,60,"random_foldover","RandomFoldover",180538314,401256297,1.40106957791089,0.700534788955443,2,1.00803630000171,"413a4b473616f1abb53a97f285d2134e763ce9dc1b132fbf5bd02e37e29f66a3",0.00600000000000023,"pwo","pwo_snr2","ols",2,TRUE,NA,60,344,16,44,0.407016804577481,0.490748990536847,59.6140457578831,0.178678216790102,0.184258313169584,0.349582137581996,0.369006834921151,0.489788897947192,0.51700425044921,0.711865111235319,0.783713476199322,0.931944444444444,0.918604651162791,1.79512503766681,1.83751694669904,0.502777010901951,0.522522827940126,0.204638692392329,0.212675571746979,0.246737310565266,0.256427550344076
"29_pwo_gp_model_specific","db6cb901415724b9f55892557a81f2cbcc3e7f91cf2f712ea45b7b9a2b1eb5a5","b1d5697d50014504fea8964eae8d6ad099291a4087058c07ada854c160fad766",24,6,60,"random_foldover","RandomFoldover",180538314,401256297,1.40106957791089,0.280213915582177,5,1.00803630000171,"413a4b473616f1abb53a97f285d2134e763ce9dc1b132fbf5bd02e37e29f66a3",0.00400000000000489,"pwo","pwo_snr5","ols",5,TRUE,NA,60,344,16,44,0.0651226887323969,0.0785198384858955,59.6140457578831,0.0714712867160411,0.0737033252678336,0.139832855032798,0.147602733968461,0.195915559178877,0.206801700179684,-0.204425620638835,-0.132577255674832,0.931944444444444,0.918604651162791,0.718050015066724,0.735006778679616,0.502777010901951,0.522522827940126,0.0327421907827727,0.0340280914795166,0.0394779696904426,0.0410284080550521
"29_pwo_gp_model_specific","db6cb901415724b9f55892557a81f2cbcc3e7f91cf2f712ea45b7b9a2b1eb5a5","b1d5697d50014504fea8964eae8d6ad099291a4087058c07ada854c160fad766",25,6,48,"FSA_lambda050","FSA_lambda050",180538315,401256298,1.21534348527081,0.607671742635406,2,0.947723964910044,"c70c942054134cc9a61fb3109a1d85efedfe80c7e064c8ce6686d8bd4ae52c97",0.00699999999999079,"pwo","pwo_snr2","ols",2,TRUE,NA,48,390,16,32,0.499876430535993,0.369264946797551,31.3980213292507,0.125381130521451,0.12892736730797,0.251749196098292,0.248282813493192,0.305961745400223,0.301748899883659,0.348877087829847,0.340770777953772,1,1,1.8885833788957,1.88403452631143,0.436711862095829,0.43451094537085,0.21830196679719,0.2172017804008,0.161262382522676,0.160449661125321
"29_pwo_gp_model_specific","db6cb901415724b9f55892557a81f2cbcc3e7f91cf2f712ea45b7b9a2b1eb5a5","b1d5697d50014504fea8964eae8d6ad099291a4087058c07ada854c160fad766",25,6,48,"FSA_lambda050","FSA_lambda050",180538315,401256298,1.21534348527081,0.243068697054162,5,0.947723964910044,"c70c942054134cc9a61fb3109a1d85efedfe80c7e064c8ce6686d8bd4ae52c97",0.00499999999999545,"pwo","pwo_snr5","ols",5,TRUE,NA,48,390,16,32,0.0799802288857588,0.0590823914876082,31.3980213292507,0.0501524522085802,0.0515709469231879,0.100699678439317,0.0993131253972765,0.122384698160089,0.120699559953463,-0.567413644044308,-0.575519953920384,1,1,0.755433351558282,0.753613810524573,0.436711862095829,0.43451094537085,0.0349283146875503,0.0347522848641281,0.0258019812036281,0.0256719457800513
"29_pwo_gp_model_specific","db6cb901415724b9f55892557a81f2cbcc3e7f91cf2f712ea45b7b9a2b1eb5a5","b1d5697d50014504fea8964eae8d6ad099291a4087058c07ada854c160fad766",25,6,48,"SA_hamming_foldover","Hamming",180538315,401256298,1.21534348527081,0.607671742635406,2,0.947723964910044,"c70c942054134cc9a61fb3109a1d85efedfe80c7e064c8ce6686d8bd4ae52c97",0.007000000000005,"pwo","pwo_snr2","ols",2,TRUE,NA,48,390,16,32,0.386093414238556,0.369264946797551,161.779949724959,0.157189076776165,0.160915043067855,0.346057117314423,0.358387715487017,0.420578263059682,0.435564175218236,0.554105771496487,0.600316942248743,0.997222222222222,0.997435897435897,2.21163535604564,2.30566745778599,0.81092254912807,0.876034933129557,0.31309185567589,0.338231318324236,0.299445271960711,0.323488992974882
"29_pwo_gp_model_specific","db6cb901415724b9f55892557a81f2cbcc3e7f91cf2f712ea45b7b9a2b1eb5a5","b1d5697d50014504fea8964eae8d6ad099291a4087058c07ada854c160fad766",25,6,48,"SA_hamming_foldover","Hamming",180538315,401256298,1.21534348527081,0.243068697054162,5,0.947723964910044,"c70c942054134cc9a61fb3109a1d85efedfe80c7e064c8ce6686d8bd4ae52c97",0.00600000000000023,"pwo","pwo_snr5","ols",5,TRUE,NA,48,390,16,32,0.061774946278169,0.0590823914876082,161.779949724959,0.062875630710466,0.0643660172271421,0.13842284692577,0.143355086194807,0.168231305223873,0.174225670087295,-0.362184960377667,-0.315973789625411,0.997222222222222,0.997435897435897,0.884654142418256,0.922266983114398,0.81092254912807,0.876034933129557,0.0500946969081424,0.0541170109318778,0.0479112435137138,0.0517582388759812
"29_pwo_gp_model_specific","db6cb901415724b9f55892557a81f2cbcc3e7f91cf2f712ea45b7b9a2b1eb5a5","b1d5697d50014504fea8964eae8d6ad099291a4087058c07ada854c160fad766",25,6,48,"SA_l2_position_foldover","L2",180538315,401256298,1.21534348527081,0.607671742635406,2,0.947723964910044,"c70c942054134cc9a61fb3109a1d85efedfe80c7e064c8ce6686d8bd4ae52c97",0.007000000000005,"pwo","pwo_snr2","ols",2,TRUE,NA,48,390,16,32,0.303233985155043,0.369264946797551,47.4056961754438,0.181651235745237,0.186421332187614,0.437014217266189,0.454585301125145,0.531122381925186,0.552477284222316,0.782150389576448,0.816085976178689,0.893055555555556,0.884615384615385,1.67632544619151,1.70283695367812,0.574962641554062,0.592948526746851,0.174348213113709,0.179802144757259,0.21231354924404,0.218955106182862
"29_pwo_gp_model_specific","db6cb901415724b9f55892557a81f2cbcc3e7f91cf2f712ea45b7b9a2b1eb5a5","b1d5697d50014504fea8964eae8d6ad099291a4087058c07ada854c160fad766",25,6,48,"SA_l2_position_foldover","L2",180538315,401256298,1.21534348527081,0.243068697054162,5,0.947723964910044,"c70c942054134cc9a61fb3109a1d85efedfe80c7e064c8ce6686d8bd4ae52c97",0.00699999999999079,"pwo","pwo_snr5","ols",5,TRUE,NA,48,390,16,32,0.0485174376248069,0.0590823914876082,47.4056961754438,0.0726604942980948,0.0745685328750456,0.174805686906476,0.181834120450058,0.212448952770074,0.220990913688926,-0.134140342297706,-0.100204755695466,0.893055555555556,0.884615384615385,0.670530178476603,0.681134781471248,0.574962641554062,0.592948526746851,0.0278957140981934,0.0287683431611615,0.0339701678790464,0.0350328169892579
"29_pwo_gp_model_specific","db6cb901415724b9f55892557a81f2cbcc3e7f91cf2f712ea45b7b9a2b1eb5a5","b1d5697d50014504fea8964eae8d6ad099291a4087058c07ada854c160fad766",25,6,48,"random_foldover","RandomFoldover",180538315,401256298,1.21534348527081,0.607671742635406,2,0.947723964910044,"c70c942054134cc9a61fb3109a1d85efedfe80c7e064c8ce6686d8bd4ae52c97",0.007000000000005,"pwo","pwo_snr2","ols",2,TRUE,NA,48,390,16,32,0.295285975144065,0.369264946797551,59.0536252614931,0.129745298139807,0.133827734781405,0.264485540046761,0.262318845969238,0.321440778044164,0.318807500512471,0.364351008386171,0.373778497978616,0.994444444444444,1,1.8237575504105,1.87130948359769,0.705622229112555,0.738625153781189,0.208360348006829,0.218105648800213,0.260561554892417,0.272748378114344
"29_pwo_gp_model_specific","db6cb901415724b9f55892557a81f2cbcc3e7f91cf2f712ea45b7b9a2b1eb5a5","b1d5697d50014504fea8964eae8d6ad099291a4087058c07ada854c160fad766",25,6,48,"random_foldover","RandomFoldover",180538315,401256298,1.21534348527081,0.243068697054162,5,0.947723964910044,"c70c942054134cc9a61fb3109a1d85efedfe80c7e064c8ce6686d8bd4ae52c97",0.00800000000000978,"pwo","pwo_snr5","ols",5,TRUE,NA,48,390,16,32,0.0472457560230503,0.0590823914876082,59.0536252614931,0.0518981192559228,0.0535310939125619,0.105794216018704,0.104927538387695,0.128576311217665,0.127523000204988,-0.551939723487984,-0.542512233895539,0.994444444444444,1,0.729503020164202,0.748523793439078,0.705622229112555,0.738625153781189,0.0333376556810927,0.0348969038080341,0.0416898487827867,0.043639740498295
"29_pwo_gp_model_specific","db6cb901415724b9f55892557a81f2cbcc3e7f91cf2f712ea45b7b9a2b1eb5a5","b1d5697d50014504fea8964eae8d6ad099291a4087058c07ada854c160fad766",25,6,60,"FSA_lambda050","FSA_lambda050",180538315,401256298,1.21534348527081,0.607671742635406,2,0.947723964910044,"5a70eb1d2941e4328d36994fa7062739f6b19e717ed016eccf3b5e415866017d",0.00399999999999068,"pwo","pwo_snr2","ols",2,TRUE,NA,60,356,16,44,0.35513694826788,0.369264946797551,18.0064548750855,0.1005957924959,0.10357284574554,0.23938783696951,0.24397145742582,0.290938448113965,0.296509121374496,0.187699343979765,0.201095989014804,0.994444444444444,0.997191011235955,1.33225497976623,1.34045097899284,0.309591196655147,0.313628493752807,0.10994727279071,0.111381066161224,0.114321176761853,0.115812009059826
"29_pwo_gp_model_specific","db6cb901415724b9f55892557a81f2cbcc3e7f91cf2f712ea45b7b9a2b1eb5a5","b1d5697d50014504fea8964eae8d6ad099291a4087058c07ada854c160fad766",25,6,60,"FSA_lambda050","FSA_lambda050",180538315,401256298,1.21534348527081,0.243068697054162,5,0.947723964910044,"5a70eb1d2941e4328d36994fa7062739f6b19e717ed016eccf3b5e415866017d",0.00400000000000489,"pwo","pwo_snr5","ols",5,TRUE,NA,60,356,16,44,0.0568219117228608,0.0590823914876082,18.0064548750855,0.0402383169983599,0.0414291382982161,0.095755134787804,0.0975885829703282,0.116375379245586,0.118603648549798,-0.728591387894389,-0.715194742859351,0.994444444444444,0.997191011235955,0.53290199190649,0.536180391597134,0.309591196655147,0.313628493752807,0.0175915636465136,0.0178209705857958,0.0182913882818965,0.0185299214495722
"29_pwo_gp_model_specific","db6cb901415724b9f55892557a81f2cbcc3e7f91cf2f712ea45b7b9a2b1eb5a5","b1d5697d50014504fea8964eae8d6ad099291a4087058c07ada854c160fad766",25,6,60,"SA_hamming_foldover","Hamming",180538315,401256298,1.21534348527081,0.607671742635406,2,0.947723964910044,"5a70eb1d2941e4328d36994fa7062739f6b19e717ed016eccf3b5e415866017d",0.00800000000000978,"pwo","pwo_snr2","ols",2,TRUE,NA,60,356,16,44,0.581235459179089,0.369264946797551,46.2878413384772,0.103902607202702,0.101170087973696,0.238465860930812,0.234633696039192,0.289817930541757,0.285160533906243,0.379938950474994,0.387092675643964,1,1,1.98178996423882,2.02177366003792,0.425720277531423,0.442427428188802,0.247443720992826,0.257154509376742,0.15720357563328,0.163372940731915
"29_pwo_gp_model_specific","db6cb901415724b9f55892557a81f2cbcc3e7f91cf2f712ea45b7b9a2b1eb5a5","b1d5697d50014504fea8964eae8d6ad099291a4087058c07ada854c160fad766",25,6,60,"SA_hamming_foldover","Hamming",180538315,401256298,1.21534348527081,0.243068697054162,5,0.947723964910044,"5a70eb1d2941e4328d36994fa7062739f6b19e717ed016eccf3b5e415866017d",0.00600000000000023,"pwo","pwo_snr5","ols",5,TRUE,NA,60,356,16,44,0.0929976734686543,0.0590823914876082,46.2878413384772,0.0415610428810807,0.0404680351894783,0.0953863443723248,0.0938534784156767,0.115927172216703,0.114064213562497,-0.53635178139916,-0.529198056230191,1,1,0.792715985695529,0.808709464015169,0.425720277531423,0.442427428188802,0.0395909953588522,0.0411447215002787,0.0251525721013247,0.0261396705171065
"29_pwo_gp_model_specific","db6cb901415724b9f55892557a81f2cbcc3e7f91cf2f712ea45b7b9a2b1eb5a5","b1d5697d50014504fea8964eae8d6ad099291a4087058c07ada854c160fad766",25,6,60,"SA_l2_position_foldover","L2",180538315,401256298,1.21534348527081,0.607671742635406,2,0.947723964910044,"5a70eb1d2941e4328d36994fa7062739f6b19e717ed016eccf3b5e415866017d",0.00900000000000034,"pwo","pwo_snr2","ols",2,TRUE,NA,60,356,16,44,0.350219250179667,0.369264946797551,26.9959148164527,0.0756216469502147,0.0780532201748305,0.179748160868251,0.180090659500234,0.218455756300639,0.218872009781733,0.0453859548032322,0.0521921096487853,1,1,1.40231005423137,1.41649137362639,0.349616577980495,0.356308780585201,0.12244245579071,0.124786193968981,0.129101147067509,0.131572342906295
"29_pwo_gp_model_specific","db6cb901415724b9f55892557a81f2cbcc3e7f91cf2f712ea45b7b9a2b1eb5a5","b1d5697d50014504fea8964eae8d6ad099291a4087058c07ada854c160fad766",25,6,60,"SA_l2_position_foldover","L2",180538315,401256298,1.21534348527081,0.243068697054162,5,0.947723964910044,"5a70eb1d2941e4328d36994fa7062739f6b19e717ed016eccf3b5e415866017d",0.0100000000000051,"pwo","pwo_snr5","ols",5,TRUE,NA,60,356,16,44,0.0560350800287468,0.0590823914876082,26.9959148164527,0.0302486587800859,0.0312212880699322,0.0718992643473006,0.0720362638000935,0.0873823025202557,0.0875488039126933,-0.870904777070923,-0.86409862222537,1,1,0.560924021692546,0.566596549450554,0.349616577980495,0.356308780585201,0.0195907929265136,0.0199657910350369,0.0206561835308015,0.0210515748650071
"29_pwo_gp_model_specific","db6cb901415724b9f55892557a81f2cbcc3e7f91cf2f712ea45b7b9a2b1eb5a5","b1d5697d50014504fea8964eae8d6ad099291a4087058c07ada854c160fad766",25,6,60,"random_foldover","RandomFoldover",180538315,401256298,1.21534348527081,0.607671742635406,2,0.947723964910044,"5a70eb1d2941e4328d36994fa7062739f6b19e717ed016eccf3b5e415866017d",0.00900000000000034,"pwo","pwo_snr2","ols",2,TRUE,NA,60,356,16,44,0.27332256912493,0.369264946797551,81.9639736425703,0.147572810123321,0.151358569081457,0.291581311900041,0.289988283331296,0.354371447844432,0.352435370951558,0.366130558368636,0.367022546241228,0.963888888888889,0.971910112359551,1.4834416355249,1.54021801628631,0.515232542857833,0.55219996178677,0.140824682310673,0.150928712226248,0.190257317526765,0.203908089510801
"29_pwo_gp_model_specific","db6cb901415724b9f55892557a81f2cbcc3e7f91cf2f712ea45b7b9a2b1eb5a5","b1d5697d50014504fea8964eae8d6ad099291a4087058c07ada854c160fad766",25,6,60,"random_foldover","RandomFoldover",180538315,401256298,1.21534348527081,0.243068697054162,5,0.947723964910044,"5a70eb1d2941e4328d36994fa7062739f6b19e717ed016eccf3b5e415866017d",0.0139999999999958,"pwo","pwo_snr5","ols",5,TRUE,NA,60,356,16,44,0.0437316110599887,0.0590823914876082,81.9639736425703,0.0590291240493283,0.0605434276325828,0.116632524760017,0.115995313332519,0.141748579137773,0.140974148380623,-0.550160173505519,-0.549268185632927,0.963888888888889,0.971910112359551,0.593376654209958,0.616087206514525,0.515232542857833,0.55219996178677,0.0225319491697077,0.0241485939561997,0.0304411708042823,0.0326252943217282
"29_pwo_gp_model_specific","db6cb901415724b9f55892557a81f2cbcc3e7f91cf2f712ea45b7b9a2b1eb5a5","b1d5697d50014504fea8964eae8d6ad099291a4087058c07ada854c160fad766",26,6,48,"FSA_lambda050","FSA_lambda050",180538316,401256299,1.17577739130353,0.587888695651764,2,1.02757294563047,"d6728757682fcb8a47632e971a746a1728213cda7a9cec912eeb3c6040f53cd7",0.00500000000000966,"pwo","pwo_snr2","ols",2,TRUE,NA,48,402,16,32,0.502744688163552,0.345613118475132,19.8084127256853,0.124992791933569,0.127203812810303,0.281219206046852,0.278785155057521,0.330651184470217,0.327789282347682,0.395055119934131,0.39672670446593,0.997222222222222,1,1.81173004007148,1.82562592560622,0.396547336682767,0.402658104039726,0.199362067122665,0.202434222951979,0.137051961653939,0.139163923016454
"29_pwo_gp_model_specific","db6cb901415724b9f55892557a81f2cbcc3e7f91cf2f712ea45b7b9a2b1eb5a5","b1d5697d50014504fea8964eae8d6ad099291a4087058c07ada854c160fad766",26,6,48,"FSA_lambda050","FSA_lambda050",180538316,401256299,1.17577739130353,0.235155478260706,5,1.02757294563047,"d6728757682fcb8a47632e971a746a1728213cda7a9cec912eeb3c6040f53cd7",0.00499999999999545,"pwo","pwo_snr5","ols",5,TRUE,NA,48,402,16,32,0.0804391501061683,0.0552980989560212,19.8084127256853,0.0499971167734279,0.0508815251241212,0.112487682418741,0.111514062023009,0.132260473788087,0.131115712939073,-0.521235611940024,-0.519564027408225,0.997222222222222,1,0.724692016028593,0.730250370242487,0.396547336682767,0.402658104039726,0.0318979307396264,0.0323894756723166,0.0219283138646303,0.0222662276826326
"29_pwo_gp_model_specific","db6cb901415724b9f55892557a81f2cbcc3e7f91cf2f712ea45b7b9a2b1eb5a5","b1d5697d50014504fea8964eae8d6ad099291a4087058c07ada854c160fad766",26,6,48,"SA_hamming_foldover","Hamming",180538316,401256299,1.17577739130353,0.587888695651764,2,1.02757294563047,"d6728757682fcb8a47632e971a746a1728213cda7a9cec912eeb3c6040f53cd7",0.00499999999999545,"pwo","pwo_snr2","ols",2,TRUE,NA,48,402,16,32,0.295270728582157,0.345613118475132,64.8508511354752,0.174896723189717,0.175276798520938,0.384355951805727,0.398368766802237,0.451917038346123,0.468392989407537,0.607323201779392,0.642241583558695,0.936111111111111,0.932835820895522,1.71612291993642,1.7322694775669,0.620555938235463,0.631074626437299,0.183232004008769,0.186337864737853,0.21447227300182,0.218107669633524
"29_pwo_gp_model_specific","db6cb901415724b9f55892557a81f2cbcc3e7f91cf2f712ea45b7b9a2b1eb5a5","b1d5697d50014504fea8964eae8d6ad099291a4087058c07ada854c160fad766",26,6,48,"SA_hamming_foldover","Hamming",180538316,401256299,1.17577739130353,0.235155478260706,5,1.02757294563047,"d6728757682fcb8a47632e971a746a1728213cda7a9cec912eeb3c6040f53cd7",0.00499999999999545,"pwo","pwo_snr5","ols",5,TRUE,NA,48,402,16,32,0.047243316573145,0.0552980989560212,64.8508511354752,0.0699586892758866,0.0701107194083753,0.153742380722291,0.159347506720894,0.180766815338449,0.187357195763015,-0.308967530094765,-0.274049148315462,0.936111111111111,0.932835820895522,0.686449167974569,0.69290779102676,0.620555938235463,0.631074626437299,0.029317120641403,0.0298140583580565,0.0343155636802912,0.0348972271413638
"29_pwo_gp_model_specific","db6cb901415724b9f55892557a81f2cbcc3e7f91cf2f712ea45b7b9a2b1eb5a5","b1d5697d50014504fea8964eae8d6ad099291a4087058c07ada854c160fad766",26,6,48,"SA_l2_position_foldover","L2",180538316,401256299,1.17577739130353,0.587888695651764,2,1.02757294563047,"d6728757682fcb8a47632e971a746a1728213cda7a9cec912eeb3c6040f53cd7",0.00600000000000023,"pwo","pwo_snr2","ols",2,TRUE,NA,48,402,16,32,0.333140943069534,0.345613118475132,35.5297175790093,0.148838797425624,0.153667949411262,0.404953516426187,0.40918752981962,0.476135189142772,0.481113446365248,0.637808586579675,0.663182109939043,0.944444444444444,0.950248756218905,1.6904735769037,1.71389638925783,0.527751954119995,0.541469609503716,0.175815783702325,0.18038569635356,0.182397998644757,0.187139000300091
"29_pwo_gp_model_specific","db6cb901415724b9f55892557a81f2cbcc3e7f91cf2f712ea45b7b9a2b1eb5a5","b1d5697d50014504fea8964eae8d6ad099291a4087058c07ada854c160fad766",26,6,48,"SA_l2_position_foldover","L2",180538316,401256299,1.17577739130353,0.235155478260706,5,1.02757294563047,"d6728757682fcb8a47632e971a746a1728213cda7a9cec912eeb3c6040f53cd7",0.00699999999999079,"pwo","pwo_snr5","ols",5,TRUE,NA,48,402,16,32,0.0533025508911254,0.0552980989560212,35.5297175790093,0.0595355189702497,0.0614671797645047,0.161981406570475,0.163675011927849,0.190454075657109,0.1924453785461,-0.278482145294478,-0.25310862193511,0.944444444444444,0.950248756218905,0.676189430761481,0.685558555703133,0.527751954119995,0.541469609503716,0.0281305253923719,0.0288617114165696,0.029183679783161,0.0299422400480146
"29_pwo_gp_model_specific","db6cb901415724b9f55892557a81f2cbcc3e7f91cf2f712ea45b7b9a2b1eb5a5","b1d5697d50014504fea8964eae8d6ad099291a4087058c07ada854c160fad766",26,6,48,"random_foldover","RandomFoldover",180538316,401256299,1.17577739130353,0.587888695651764,2,1.02757294563047,"d6728757682fcb8a47632e971a746a1728213cda7a9cec912eeb3c6040f53cd7",0.007000000000005,"pwo","pwo_snr2","ols",2,TRUE,NA,48,402,16,32,0.261813804884181,0.345613118475132,139.868457255814,0.296718967828119,0.306280680117128,0.765468942601315,0.803360872537684,0.900021076455644,0.944573550987684,1.75705053179446,1.8465532843301,0.702777777777778,0.691542288557214,2.01813716933971,2.08687438221498,0.992763908734678,1.04954848918378,0.259919296297517,0.274786283363649,0.343112230407354,0.362737726337671
"29_pwo_gp_model_specific","db6cb901415724b9f55892557a81f2cbcc3e7f91cf2f712ea45b7b9a2b1eb5a5","b1d5697d50014504fea8964eae8d6ad099291a4087058c07ada854c160fad766",26,6,48,"random_foldover","RandomFoldover",180538316,401256299,1.17577739130353,0.235155478260706,5,1.02757294563047,"d6728757682fcb8a47632e971a746a1728213cda7a9cec912eeb3c6040f53cd7",0.007000000000005,"pwo","pwo_snr5","ols",5,TRUE,NA,48,402,16,32,0.0418902087814689,0.0552980989560212,139.868457255814,0.118687587131248,0.122512272046851,0.306187577040526,0.321344349015074,0.360008430582258,0.377829420395074,0.840759799920303,0.930262552455945,0.702777777777778,0.691542288557214,0.807254867735886,0.834749752885992,0.992763908734678,1.04954848918378,0.0415870874076028,0.0439658053381839,0.0548979568651766,0.0580380362140273
"29_pwo_gp_model_specific","db6cb901415724b9f55892557a81f2cbcc3e7f91cf2f712ea45b7b9a2b1eb5a5","b1d5697d50014504fea8964eae8d6ad099291a4087058c07ada854c160fad766",26,6,60,"FSA_lambda050","FSA_lambda050",180538316,401256299,1.17577739130353,0.587888695651764,2,1.02757294563047,"135327ee642a0585b508282cee587d24ab4e54a3ebb6483a2fe4058eef7944b9",0.007000000000005,"pwo","pwo_snr2","ols",2,TRUE,NA,60,330,16,44,0.294229071308939,0.345613118475132,17.0103813441336,0.127549042497635,0.130849537369349,0.277502027310157,0.270439372428682,0.326280609752177,0.317976499819959,0.293461608322489,0.25985910772091,0.941666666666667,0.954545454545455,1.19650954158271,1.20463306106563,0.301217497801369,0.305324610354886,0.0886269446400993,0.0898353765524817,0.104104718754408,0.105524190731957
"29_pwo_gp_model_specific","db6cb901415724b9f55892557a81f2cbcc3e7f91cf2f712ea45b7b9a2b1eb5a5","b1d5697d50014504fea8964eae8d6ad099291a4087058c07ada854c160fad766",26,6,60,"FSA_lambda050","FSA_lambda050",180538316,401256299,1.17577739130353,0.235155478260706,5,1.02757294563047,"135327ee642a0585b508282cee587d24ab4e54a3ebb6483a2fe4058eef7944b9",0.00799999999999557,"pwo","pwo_snr5","ols",5,TRUE,NA,60,330,16,44,0.0470766514094303,0.0552980989560212,17.0103813441336,0.0510196169990539,0.0523398149477394,0.111000810924063,0.108175748971473,0.13051224390087,0.127190599927983,-0.622829123551668,-0.656431624153247,0.941666666666667,0.954545454545455,0.478603816633085,0.481853224426253,0.301217497801369,0.305324610354886,0.0141803111424159,0.0143736602483971,0.0166567550007052,0.0168838705171131
"29_pwo_gp_model_specific","db6cb901415724b9f55892557a81f2cbcc3e7f91cf2f712ea45b7b9a2b1eb5a5","b1d5697d50014504fea8964eae8d6ad099291a4087058c07ada854c160fad766",26,6,60,"SA_hamming_foldover","Hamming",180538316,401256299,1.17577739130353,0.587888695651764,2,1.02757294563047,"135327ee642a0585b508282cee587d24ab4e54a3ebb6483a2fe4058eef7944b9",0.00600000000000023,"pwo","pwo_snr2","ols",2,TRUE,NA,60,330,16,44,0.310671100609809,0.345613118475132,41.5575497792118,0.153827036989189,0.158279949612841,0.324906512253228,0.342561469314231,0.382017731394629,0.40277603075139,0.397266580695463,0.469303423199882,0.963888888888889,0.960606060606061,1.46595175202966,1.49944906493165,0.439633593685626,0.459369019010952,0.136581452415359,0.142712678722181,0.151943137300119,0.158763959191237
"29_pwo_gp_model_specific","db6cb901415724b9f55892557a81f2cbcc3e7f91cf2f712ea45b7b9a2b1eb5a5","b1d5697d50014504fea8964eae8d6ad099291a4087058c07ada854c160fad766",26,6,60,"SA_hamming_foldover","Hamming",180538316,401256299,1.17577739130353,0.235155478260706,5,1.02757294563047,"135327ee642a0585b508282cee587d24ab4e54a3ebb6483a2fe4058eef7944b9",0.00399999999999068,"pwo","pwo_snr5","ols",5,TRUE,NA,60,330,16,44,0.0497073760975694,0.0552980989560212,41.5575497792118,0.0615308147956755,0.0633119798451364,0.129962604901291,0.137024587725692,0.152807092557851,0.161110412300556,-0.519024151178691,-0.446987308674272,0.963888888888889,0.960606060606061,0.586380700811864,0.599779625972661,0.439633593685626,0.459369019010952,0.0218530323864575,0.0228340285955489,0.024310901968019,0.025402233470598
"29_pwo_gp_model_specific","db6cb901415724b9f55892557a81f2cbcc3e7f91cf2f712ea45b7b9a2b1eb5a5","b1d5697d50014504fea8964eae8d6ad099291a4087058c07ada854c160fad766",26,6,60,"SA_l2_position_foldover","L2",180538316,401256299,1.17577739130353,0.587888695651764,2,1.02757294563047,"135327ee642a0585b508282cee587d24ab4e54a3ebb6483a2fe4058eef7944b9",0.00500000000000966,"pwo","pwo_snr2","ols",2,TRUE,NA,60,330,16,44,0.342269501969517,0.345613118475132,41.0314054911004,0.124408554784625,0.127304239964798,0.356826874902041,0.344327709832628,0.419548972119312,0.404852736420525,0.535031989252506,0.50510295112168,0.923611111111111,0.936363636363636,1.48780032759523,1.50943397490223,0.405782622677902,0.41651852313943,0.13888701617185,0.142561587476012,0.140243797646728,0.143954265684875
"29_pwo_gp_model_specific","db6cb901415724b9f55892557a81f2cbcc3e7f91cf2f712ea45b7b9a2b1eb5a5","b1d5697d50014504fea8964eae8d6ad099291a4087058c07ada854c160fad766",26,6,60,"SA_l2_position_foldover","L2",180538316,401256299,1.17577739130353,0.235155478260706,5,1.02757294563047,"135327ee642a0585b508282cee587d24ab4e54a3ebb6483a2fe4058eef7944b9",0.007000000000005,"pwo","pwo_snr5","ols",5,TRUE,NA,60,330,16,44,0.0547631203151228,0.0552980989560212,41.0314054911004,0.0497634219138501,0.0509216959859193,0.142730749960816,0.137731083933051,0.167819588847725,0.16194109456821,-0.381258742621651,-0.411187780752477,0.923611111111111,0.936363636363636,0.595120131038094,0.603773589960891,0.405782622677902,0.41651852313943,0.022221922587496,0.0228098539961619,0.0224390076234764,0.02303268250958
"29_pwo_gp_model_specific","db6cb901415724b9f55892557a81f2cbcc3e7f91cf2f712ea45b7b9a2b1eb5a5","b1d5697d50014504fea8964eae8d6ad099291a4087058c07ada854c160fad766",26,6,60,"random_foldover","RandomFoldover",180538316,401256299,1.17577739130353,0.587888695651764,2,1.02757294563047,"135327ee642a0585b508282cee587d24ab4e54a3ebb6483a2fe4058eef7944b9",0.007000000000005,"pwo","pwo_snr2","ols",2,TRUE,NA,60,330,16,44,0.448895862419955,0.345613118475132,70.4306480835879,0.137652665304147,0.135816397233266,0.316799501755202,0.325259591317279,0.372485691739988,0.382432873775482,0.47278773685641,0.504622083997292,0.994444444444444,1,1.91625029450163,2.00761234750086,0.520772632665866,0.56841011791926,0.233772680065254,0.255156950091595,0.179985853592154,0.196449993426893
"29_pwo_gp_model_specific","db6cb901415724b9f55892557a81f2cbcc3e7f91cf2f712ea45b7b9a2b1eb5a5","b1d5697d50014504fea8964eae8d6ad099291a4087058c07ada854c160fad766",26,6,60,"random_foldover","RandomFoldover",180538316,401256299,1.17577739130353,0.235155478260706,5,1.02757294563047,"135327ee642a0585b508282cee587d24ab4e54a3ebb6483a2fe4058eef7944b9",0.00699999999999079,"pwo","pwo_snr5","ols",5,TRUE,NA,60,330,16,44,0.0718233379871928,0.0552980989560212,70.4306480835879,0.055061066121659,0.0543265588933063,0.126719800702081,0.130103836526912,0.148994276695995,0.152973149510193,-0.443502995017744,-0.411668647876862,0.994444444444444,1,0.766500117800654,0.803044939000344,0.520772632665866,0.56841011791926,0.0374036288104407,0.0408251120146551,0.0287977365747447,0.0314319989483029
"29_pwo_gp_model_specific","db6cb901415724b9f55892557a81f2cbcc3e7f91cf2f712ea45b7b9a2b1eb5a5","b1d5697d50014504fea8964eae8d6ad099291a4087058c07ada854c160fad766",27,6,48,"FSA_lambda050","FSA_lambda050",180538317,401256300,0.871285793433699,0.435642896716849,2,1.01411520767019,"ba04edaeb6a9c01046c7fbadd40bfe25816161ab1f6b1a6335b55acf3ff6e556",0.00699999999999079,"pwo","pwo_snr2","ols",2,TRUE,NA,48,402,16,32,0.182946941199088,0.189784733459847,26.5501439322433,0.126479667442376,0.128044160395443,0.373885850817655,0.386708063784096,0.325761430183294,0.336933242181336,0.316319338387183,0.359473079446054,0.916666666666667,0.902985074626866,1.12889196928593,1.13745179038156,0.424985159757869,0.431115876888342,0.0777497350327078,0.0788713309790846,0.0806556952690378,0.0818192117855623
"29_pwo_gp_model_specific","db6cb901415724b9f55892557a81f2cbcc3e7f91cf2f712ea45b7b9a2b1eb5a5","b1d5697d50014504fea8964eae8d6ad099291a4087058c07ada854c160fad766",27,6,48,"FSA_lambda050","FSA_lambda050",180538317,401256300,0.871285793433699,0.17425715868674,5,1.01411520767019,"ba04edaeb6a9c01046c7fbadd40bfe25816161ab1f6b1a6335b55acf3ff6e556",0.0130000000000052,"pwo","pwo_snr5","ols",5,TRUE,NA,48,402,16,32,0.029271510591854,0.0303655573535756,26.5501439322433,0.0505918669769503,0.0512176641581771,0.149554340327062,0.154683225513638,0.130304572073318,0.134773296872534,-0.599971393486972,-0.556817652428101,0.916666666666667,0.902985074626866,0.451556787714372,0.454980716152623,0.424985159757869,0.431115876888342,0.0124399576052332,0.0126194129566535,0.0129049112430461,0.01309107388569
"29_pwo_gp_model_specific","db6cb901415724b9f55892557a81f2cbcc3e7f91cf2f712ea45b7b9a2b1eb5a5","b1d5697d50014504fea8964eae8d6ad099291a4087058c07ada854c160fad766",27,6,48,"SA_hamming_foldover","Hamming",180538317,401256300,0.871285793433699,0.435642896716849,2,1.01411520767019,"ba04edaeb6a9c01046c7fbadd40bfe25816161ab1f6b1a6335b55acf3ff6e556",0.007000000000005,"pwo","pwo_snr2","ols",2,TRUE,NA,48,402,16,32,0.179361349136019,0.189784733459847,105.387471762313,0.14661537504553,0.151214844689024,0.443892622078988,0.455126107300112,0.386757335427456,0.396544911511368,0.375635584971443,0.403806896418645,0.981944444444444,0.977611940298508,1.45565649594216,1.48440149226028,0.746887148976554,0.773576687522939,0.133962686692789,0.138749758334287,0.141747778493101,0.146813045452293
"29_pwo_gp_model_specific","db6cb901415724b9f55892557a81f2cbcc3e7f91cf2f712ea45b7b9a2b1eb5a5","b1d5697d50014504fea8964eae8d6ad099291a4087058c07ada854c160fad766",27,6,48,"SA_hamming_foldover","Hamming",180538317,401256300,0.871285793433699,0.17425715868674,5,1.01411520767019,"ba04edaeb6a9c01046c7fbadd40bfe25816161ab1f6b1a6335b55acf3ff6e556",0.00800000000000978,"pwo","pwo_snr5","ols",5,TRUE,NA,48,402,16,32,0.028697815861763,0.0303655573535756,105.387471762313,0.058646150018212,0.0604859378756095,0.177557048831595,0.182050442920045,0.154702934170983,0.158617964604548,-0.540655146902711,-0.51248383545551,0.981944444444444,0.977611940298508,0.582262598376863,0.59376059690411,0.746887148976554,0.773576687522939,0.0214340298708463,0.0221999613334859,0.0226796445588961,0.0234900872723668
"29_pwo_gp_model_specific","db6cb901415724b9f55892557a81f2cbcc3e7f91cf2f712ea45b7b9a2b1eb5a5","b1d5697d50014504fea8964eae8d6ad099291a4087058c07ada854c160fad766",27,6,48,"SA_l2_position_foldover","L2",180538317,401256300,0.871285793433699,0.435642896716849,2,1.01411520767019,"ba04edaeb6a9c01046c7fbadd40bfe25816161ab1f6b1a6335b55acf3ff6e556",0.007000000000005,"pwo","pwo_snr2","ols",2,TRUE,NA,48,402,16,32,0.153364978622194,0.189784733459847,102.782051149759,0.239013027318074,0.246850666411744,0.65633827634995,0.667737510839009,0.571858215870472,0.581790206936809,1.01257974969554,1.03027199563336,0.783333333333333,0.76865671641791,1.32111728030374,1.34818036686178,0.721287337270406,0.748040097116416,0.110620217060935,0.114723153502803,0.136889325051827,0.141966590448517
"29_pwo_gp_model_specific","db6cb901415724b9f55892557a81f2cbcc3e7f91cf2f712ea45b7b9a2b1eb5a5","b1d5697d50014504fea8964eae8d6ad099291a4087058c07ada854c160fad766",27,6,48,"SA_l2_position_foldover","L2",180538317,401256300,0.871285793433699,0.17425715868674,5,1.01411520767019,"ba04edaeb6a9c01046c7fbadd40bfe25816161ab1f6b1a6335b55acf3ff6e556",0.00499999999999545,"pwo","pwo_snr5","ols",5,TRUE,NA,48,402,16,32,0.024538396579551,0.0303655573535756,102.782051149759,0.0956052109272296,0.0987402665646978,0.26253531053998,0.267095004335604,0.228743286348189,0.232716082774724,0.0962890178213827,0.113981263759211,0.783333333333333,0.76865671641791,0.528446912121494,0.539272146744713,0.721287337270406,0.748040097116416,0.0176992347297496,0.0183557045604485,0.0219022920082923,0.0227146544717628
"29_pwo_gp_model_specific","db6cb901415724b9f55892557a81f2cbcc3e7f91cf2f712ea45b7b9a2b1eb5a5","b1d5697d50014504fea8964eae8d6ad099291a4087058c07ada854c160fad766",27,6,48,"random_foldover","RandomFoldover",180538317,401256300,0.871285793433699,0.435642896716849,2,1.01411520767019,"ba04edaeb6a9c01046c7fbadd40bfe25816161ab1f6b1a6335b55acf3ff6e556",0.00499999999999545,"pwo","pwo_snr2","ols",2,TRUE,NA,48,402,16,32,0.106312528783426,0.189784733459847,67.7432370354453,0.200427609116161,0.206886595296041,0.561637993822331,0.584898370562631,0.489347205070001,0.50961364087374,1.22262056725177,1.35651451847521,0.7,0.68407960199005,1.03381171576789,1.04438941055027,0.624136843327356,0.634017478684875,0.0663535661210361,0.0674040014518809,0.118451644453353,0.120326838201094
"29_pwo_gp_model_specific","db6cb901415724b9f55892557a81f2cbcc3e7f91cf2f712ea45b7b9a2b1eb5a5","b1d5697d50014504fea8964eae8d6ad099291a4087058c07ada854c160fad766",27,6,48,"random_foldover","RandomFoldover",180538317,401256300,0.871285793433699,0.17425715868674,5,1.01411520767019,"ba04edaeb6a9c01046c7fbadd40bfe25816161ab1f6b1a6335b55acf3ff6e556",0.007000000000005,"pwo","pwo_snr5","ols",5,TRUE,NA,48,402,16,32,0.0170100046053481,0.0303655573535756,67.7432370354453,0.0801710436464642,0.0827546381184165,0.224655197528932,0.233959348225053,0.195738882028,0.203845456349496,0.306329835377616,0.440223786601053,0.7,0.68407960199005,0.413524686307157,0.417755764220108,0.624136843327356,0.634017478684875,0.0106165705793658,0.0107846402323009,0.0189522631125365,0.019252294112175
"29_pwo_gp_model_specific","db6cb901415724b9f55892557a81f2cbcc3e7f91cf2f712ea45b7b9a2b1eb5a5","b1d5697d50014504fea8964eae8d6ad099291a4087058c07ada854c160fad766",27,6,60,"FSA_lambda050","FSA_lambda050",180538317,401256300,0.871285793433699,0.435642896716849,2,1.01411520767019,"bee41b4d91fde3cd425cf2fbaf7f4071657fcef71db96242dc7ee26e234c663f",0.007000000000005,"pwo","pwo_snr2","ols",2,TRUE,NA,60,350,16,44,0.216328238794987,0.189784733459847,23.5130559245035,0.0788347762999601,0.0812069581864233,0.223964639586177,0.22157898742462,0.195137208702935,0.193058623866495,-0.14989502152731,-0.148473387690294,0.994444444444444,0.994285714285714,1.05737338048038,1.06535640733329,0.321252353657907,0.325993205217218,0.0694959558755593,0.0705215359437735,0.0609687923123146,0.0618685335618711
"29_pwo_gp_model_specific","db6cb901415724b9f55892557a81f2cbcc3e7f91cf2f712ea45b7b9a2b1eb5a5","b1d5697d50014504fea8964eae8d6ad099291a4087058c07ada854c160fad766",27,6,60,"FSA_lambda050","FSA_lambda050",180538317,401256300,0.871285793433699,0.17425715868674,5,1.01411520767019,"bee41b4d91fde3cd425cf2fbaf7f4071657fcef71db96242dc7ee26e234c663f",0.00699999999999079,"pwo","pwo_snr5","ols",5,TRUE,NA,60,350,16,44,0.0346125182071979,0.0303655573535756,23.5130559245035,0.031533910519984,0.0324827832745693,0.0895858558344708,0.0886315949698478,0.0780548834811738,0.077223449546598,-1.06618575340146,-1.06476411956445,0.994444444444444,0.994285714285714,0.422949352192152,0.426142562933317,0.321252353657907,0.325993205217218,0.0111193529400895,0.0112834457510038,0.00975500676997034,0.00989896536989938
"29_pwo_gp_model_specific","db6cb901415724b9f55892557a81f2cbcc3e7f91cf2f712ea45b7b9a2b1eb5a5","b1d5697d50014504fea8964eae8d6ad099291a4087058c07ada854c160fad766",27,6,60,"SA_hamming_foldover","Hamming",180538317,401256300,0.871285793433699,0.435642896716849,2,1.01411520767019,"bee41b4d91fde3cd425cf2fbaf7f4071657fcef71db96242dc7ee26e234c663f",0.00800000000000978,"pwo","pwo_snr2","ols",2,TRUE,NA,60,350,16,44,0.154949262230767,0.189784733459847,59.5676392120782,0.0983614103490991,0.101391648782249,0.366824125204684,0.378306435204975,0.319608648979586,0.329613022558641,0.241994080538313,0.285481260099685,0.9125,0.925714285714286,1.0494106691715,1.07742051343403,0.448756875531346,0.472134641818734,0.069534546784566,0.0731569144234,0.0851672040109904,0.0896039471547289
"29_pwo_gp_model_specific","db6cb901415724b9f55892557a81f2cbcc3e7f91cf2f712ea45b7b9a2b1eb5a5","b1d5697d50014504fea8964eae8d6ad099291a4087058c07ada854c160fad766",27,6,60,"SA_hamming_foldover","Hamming",180538317,401256300,0.871285793433699,0.17425715868674,5,1.01411520767019,"bee41b4d91fde3cd425cf2fbaf7f4071657fcef71db96242dc7ee26e234c663f",-2.517,"pwo","pwo_snr5","ols",5,TRUE,NA,60,350,16,44,0.0247918819569226,0.0303655573535756,59.5676392120782,0.0393445641396396,0.0405566595128997,0.146729650081874,0.15132257408199,0.127843459591834,0.131845209023456,-0.674296651335843,-0.630809471774471,0.9125,0.925714285714286,0.419764267668598,0.430968205373612,0.448756875531346,0.472134641818734,0.0111255274855306,0.011705106307744,0.0136267526417585,0.0143366315447566
"29_pwo_gp_model_specific","db6cb901415724b9f55892557a81f2cbcc3e7f91cf2f712ea45b7b9a2b1eb5a5","b1d5697d50014504fea8964eae8d6ad099291a4087058c07ada854c160fad766",27,6,60,"SA_l2_position_foldover","L2",180538317,401256300,0.871285793433699,0.435642896716849,2,1.01411520767019,"bee41b4d91fde3cd425cf2fbaf7f4071657fcef71db96242dc7ee26e234c663f",0.00799999999999557,"pwo","pwo_snr2","ols",2,TRUE,NA,60,350,16,44,0.142484164077884,0.189784733459847,58.6836426193417,0.109781981499331,0.109808875249135,0.339078259840858,0.328319749352375,0.29543407066156,0.286060333314437,0.211000139548025,0.176448277439331,0.913888888888889,0.925714285714286,1.02482033606178,1.03165551268563,0.468991633419712,0.474089812273181,0.0668238808473293,0.0675502905995854,0.0890074521434585,0.0899750086582948
"29_pwo_gp_model_specific","db6cb901415724b9f55892557a81f2cbcc3e7f91cf2f712ea45b7b9a2b1eb5a5","b1d5697d50014504fea8964eae8d6ad099291a4087058c07ada854c160fad766",27,6,60,"SA_l2_position_foldover","L2",180538317,401256300,0.871285793433699,0.17425715868674,5,1.01411520767019,"bee41b4d91fde3cd425cf2fbaf7f4071657fcef71db96242dc7ee26e234c663f",0.00799999999999557,"pwo","pwo_snr5","ols",5,TRUE,NA,60,350,16,44,0.0227974662524615,0.0303655573535756,58.6836426193417,0.0439127925997322,0.0439235500996539,0.135631303936343,0.13132789974095,0.118173628264624,0.114424133325775,-0.70529059232613,-0.739842454434824,0.913888888888889,0.925714285714286,0.409928134424711,0.41266220507425,0.468991633419712,0.474089812273181,0.0106918209355727,0.0108080464959337,0.0142411923429534,0.0143960013853272
"29_pwo_gp_model_specific","db6cb901415724b9f55892557a81f2cbcc3e7f91cf2f712ea45b7b9a2b1eb5a5","b1d5697d50014504fea8964eae8d6ad099291a4087058c07ada854c160fad766",27,6,60,"random_foldover","RandomFoldover",180538317,401256300,0.871285793433699,0.435642896716849,2,1.01411520767019,"bee41b4d91fde3cd425cf2fbaf7f4071657fcef71db96242dc7ee26e234c663f",0.00799999999999557,"pwo","pwo_snr2","ols",2,TRUE,NA,60,350,16,44,0.224622371274468,0.189784733459847,37.6430733027625,0.0969266120428612,0.0993040971986539,0.32637593818497,0.323020985402961,0.284366718259159,0.281443595562554,0.178180523229888,0.169393796893941,0.9625,0.971428571428571,1.24405199486971,1.28177170524726,0.43473436627105,0.459369919022452,0.0976510642263065,0.103184760502984,0.0825059458285869,0.0871813976411477
"29_pwo_gp_model_specific","db6cb901415724b9f55892557a81f2cbcc3e7f91cf2f712ea45b7b9a2b1eb5a5","b1d5697d50014504fea8964eae8d6ad099291a4087058c07ada854c160fad766",27,6,60,"random_foldover","RandomFoldover",180538317,401256300,0.871285793433699,0.17425715868674,5,1.01411520767019,"bee41b4d91fde3cd425cf2fbaf7f4071657fcef71db96242dc7ee26e234c663f",0.00799999999999557,"pwo","pwo_snr5","ols",5,TRUE,NA,60,350,16,44,0.0359395794039149,0.0303655573535756,37.6430733027625,0.0387706448171445,0.0397216388794616,0.130550375273988,0.129208394161184,0.113746687303664,0.112577438225022,-0.738110208644267,-0.746896934980214,0.9625,0.971428571428571,0.497620797947883,0.512708682098904,0.43473436627105,0.459369919022452,0.015624170276209,0.0165095616804774,0.0132009513325739,0.0139490236225836
"29_pwo_gp_model_specific","db6cb901415724b9f55892557a81f2cbcc3e7f91cf2f712ea45b7b9a2b1eb5a5","b1d5697d50014504fea8964eae8d6ad099291a4087058c07ada854c160fad766",28,6,48,"FSA_lambda050","FSA_lambda050",180538318,401256301,0.87152026735989,0.435760133679945,2,1.01853672920138,"0b30b8007f08b6f7a0e51833efcd44351751f1c115091c9f63a1bedde053c7e7",0.00600000000000023,"pwo","pwo_snr2","ols",2,TRUE,NA,48,396,16,32,0.147735857657367,0.189886894104763,45.0374480091882,0.114381924101465,0.11411250896497,0.367587485730704,0.363177763073742,0.320359943842173,0.316516781173194,0.324003016004359,0.298155373624506,0.891666666666667,0.893939393939394,1.07167825465529,1.08439553089019,0.480084729652222,0.491317060829816,0.0709257292833763,0.0725851473633898,0.0911617982207854,0.093294670701655
"29_pwo_gp_model_specific","db6cb901415724b9f55892557a81f2cbcc3e7f91cf2f712ea45b7b9a2b1eb5a5","b1d5697d50014504fea8964eae8d6ad099291a4087058c07ada854c160fad766",28,6,48,"FSA_lambda050","FSA_lambda050",180538318,401256301,0.87152026735989,0.174304053471978,5,1.01853672920138,"0b30b8007f08b6f7a0e51833efcd44351751f1c115091c9f63a1bedde053c7e7",0.00699999999999079,"pwo","pwo_snr5","ols",5,TRUE,NA,48,396,16,32,0.0236377372251788,0.0303819030567622,45.0374480091882,0.0457527696405861,0.0456450035859881,0.147034994292282,0.145271105229497,0.128143977536869,0.126606712469278,-0.592287715869792,-0.618135358249646,0.891666666666667,0.893939393939394,0.428671301862115,0.433758212356078,0.480084729652222,0.491317060829816,0.0113481166853402,0.0116136235781424,0.0145858877153257,0.0149271473122648
"29_pwo_gp_model_specific","db6cb901415724b9f55892557a81f2cbcc3e7f91cf2f712ea45b7b9a2b1eb5a5","b1d5697d50014504fea8964eae8d6ad099291a4087058c07ada854c160fad766",28,6,48,"SA_hamming_foldover","Hamming",180538318,401256301,0.87152026735989,0.435760133679945,2,1.01853672920138,"0b30b8007f08b6f7a0e51833efcd44351751f1c115091c9f63a1bedde053c7e7",0.00799999999999557,"pwo","pwo_snr2","ols",2,TRUE,NA,48,396,16,32,0.223677214331786,0.189886894104763,93.9950987600627,0.120763311410712,0.124483236795961,0.337760234830532,0.3354753963534,0.294364890163044,0.29237360712258,0.208374347123784,0.219328126507886,0.997222222222222,1,1.57872792672426,1.60871237166017,0.704546902181429,0.724195901801242,0.157591088446031,0.161986121945397,0.133784223006364,0.137515310516436
"29_pwo_gp_model_specific","db6cb901415724b9f55892557a81f2cbcc3e7f91cf2f712ea45b7b9a2b1eb5a5","b1d5697d50014504fea8964eae8d6ad099291a4087058c07ada854c160fad766",28,6,48,"SA_hamming_foldover","Hamming",180538318,401256301,0.87152026735989,0.174304053471978,5,1.01853672920138,"0b30b8007f08b6f7a0e51833efcd44351751f1c115091c9f63a1bedde053c7e7",0.00400000000000489,"pwo","pwo_snr5","ols",5,TRUE,NA,48,396,16,32,0.0357883542930857,0.0303819030567622,93.9950987600627,0.048305324564285,0.0497932947183843,0.135104093932213,0.13419015854136,0.117745956065218,0.116949442849032,-0.707916384750371,-0.696962605366269,0.997222222222222,1,0.631491170689703,0.643484948664066,0.704546902181429,0.724195901801242,0.025214574151365,0.0259177795112636,0.0214054756810183,0.0220024496826298
"29_pwo_gp_model_specific","db6cb901415724b9f55892557a81f2cbcc3e7f91cf2f712ea45b7b9a2b1eb5a5","b1d5697d50014504fea8964eae8d6ad099291a4087058c07ada854c160fad766",28,6,48,"SA_l2_position_foldover","L2",180538318,401256301,0.87152026735989,0.435760133679945,2,1.01853672920138,"0b30b8007f08b6f7a0e51833efcd44351751f1c115091c9f63a1bedde053c7e7",0.00500000000000966,"pwo","pwo_snr2","ols",2,TRUE,NA,48,396,16,32,0.195644973327798,0.189886894104763,35.6858014632259,0.122810552933438,0.126720074659897,0.353677727073283,0.344598311966692,0.308237307258146,0.300324412976978,0.232919196452129,0.212480036091948,0.979166666666667,0.977272727272727,1.27176192647953,1.28964737038876,0.50852934702309,0.522019479257041,0.0994912105347351,0.102130487095835,0.0965630582673379,0.0991246575783055
"29_pwo_gp_model_specific","db6cb901415724b9f55892557a81f2cbcc3e7f91cf2f712ea45b7b9a2b1eb5a5","b1d5697d50014504fea8964eae8d6ad099291a4087058c07ada854c160fad766",28,6,48,"SA_l2_position_foldover","L2",180538318,401256301,0.87152026735989,0.174304053471978,5,1.01853672920138,"0b30b8007f08b6f7a0e51833efcd44351751f1c115091c9f63a1bedde053c7e7",0.0130000000000052,"pwo","pwo_snr5","ols",5,TRUE,NA,48,396,16,32,0.0313031957324477,0.0303819030567622,35.6858014632259,0.0491242211733751,0.0506880298639586,0.141471090829313,0.137839324786677,0.123294922903258,0.120129765190791,-0.683371535422026,-0.703810695782207,0.979166666666667,0.977272727272727,0.508704770591813,0.515858948155503,0.50852934702309,0.522019479257041,0.0159185936855576,0.0163408779353336,0.0154500893227741,0.0158599452125289
"29_pwo_gp_model_specific","db6cb901415724b9f55892557a81f2cbcc3e7f91cf2f712ea45b7b9a2b1eb5a5","b1d5697d50014504fea8964eae8d6ad099291a4087058c07ada854c160fad766",28,6,48,"random_foldover","RandomFoldover",180538318,401256301,0.87152026735989,0.435760133679945,2,1.01853672920138,"0b30b8007f08b6f7a0e51833efcd44351751f1c115091c9f63a1bedde053c7e7",0.00699999999999079,"pwo","pwo_snr2","ols",2,TRUE,NA,48,396,16,32,0.139042310821309,0.189886894104763,93.1508139890195,0.148361972966931,0.150784563169141,0.429712971688392,0.457851154543568,0.37450356397388,0.399026560618844,0.437485330555617,0.514494753577676,0.933333333333333,0.924242424242424,1.30626540063528,1.34637915363231,0.771050319502224,0.814740508348541,0.107208618183098,0.113283403000509,0.146412350368763,0.154708544631641
"29_pwo_gp_model_specific","db6cb901415724b9f55892557a81f2cbcc3e7f91cf2f712ea45b7b9a2b1eb5a5","b1d5697d50014504fea8964eae8d6ad099291a4087058c07ada854c160fad766",28,6,48,"random_foldover","RandomFoldover",180538318,401256301,0.87152026735989,0.174304053471978,5,1.01853672920138,"0b30b8007f08b6f7a0e51833efcd44351751f1c115091c9f63a1bedde053c7e7",0.00600000000000023,"pwo","pwo_snr5","ols",5,TRUE,NA,48,396,16,32,0.0222467697314094,0.0303819030567622,93.1508139890195,0.0593447891867723,0.0603138252676565,0.171885188675357,0.183140461817427,0.149801425589552,0.159610624247538,-0.478805401318538,-0.401795978296479,0.933333333333333,0.924242424242424,0.52250616025411,0.538551661452925,0.771050319502224,0.814740508348541,0.0171533789092957,0.0181253444800815,0.0234259760590021,0.0247533671410625
"29_pwo_gp_model_specific","db6cb901415724b9f55892557a81f2cbcc3e7f91cf2f712ea45b7b9a2b1eb5a5","b1d5697d50014504fea8964eae8d6ad099291a4087058c07ada854c160fad766",28,6,60,"FSA_lambda050","FSA_lambda050",180538318,401256301,0.87152026735989,0.435760133679945,2,1.01853672920138,"c4faf2678c34829fe08fc1097472b49e9f04eb20e2cdb6f9928e104c8eb391cc",0.007000000000005,"pwo","pwo_snr2","ols",2,TRUE,NA,60,330,16,44,0.160299649312778,0.189886894104763,28.154015024789,0.106816359114963,0.10277126276687,0.352285597561537,0.349964763292398,0.307024038173869,0.305001384071131,0.343574447528604,0.319232849115577,0.866666666666667,0.857575757575758,0.911683798858496,0.912451100078378,0.322950016814444,0.323597147222303,0.0517687744409112,0.0518725092183507,0.0613239756439759,0.0614468572272051
"29_pwo_gp_model_specific","db6cb901415724b9f55892557a81f2cbcc3e7f91cf2f712ea45b7b9a2b1eb5a5","b1d5697d50014504fea8964eae8d6ad099291a4087058c07ada854c160fad766",28,6,60,"FSA_lambda050","FSA_lambda050",180538318,401256301,0.87152026735989,0.174304053471978,5,1.01853672920138,"c4faf2678c34829fe08fc1097472b49e9f04eb20e2cdb6f9928e104c8eb391cc",0.00399999999999068,"pwo","pwo_snr5","ols",5,TRUE,NA,60,330,16,44,0.0256479438900445,0.0303819030567622,28.154015024789,0.0427265436459852,0.0411085051067481,0.140914239024615,0.139985905316959,0.122809615269548,0.122000553628452,-0.57271628434555,-0.597057882758578,0.866666666666667,0.857575757575758,0.364673519543398,0.364980440031351,0.322950016814444,0.323597147222303,0.0082830039105458,0.00829960147493612,0.00981183610303614,0.00983149715635281
"29_pwo_gp_model_specific","db6cb901415724b9f55892557a81f2cbcc3e7f91cf2f712ea45b7b9a2b1eb5a5","b1d5697d50014504fea8964eae8d6ad099291a4087058c07ada854c160fad766",28,6,60,"SA_hamming_foldover","Hamming",180538318,401256301,0.87152026735989,0.435760133679945,2,1.01853672920138,"c4faf2678c34829fe08fc1097472b49e9f04eb20e2cdb6f9928e104c8eb391cc",0.00800000000000978,"pwo","pwo_snr2","ols",2,TRUE,NA,60,330,16,44,0.172295484521657,0.189886894104763,58.6035335018311,0.144697108462778,0.147754654987382,0.437668429829861,0.458283879704371,0.381436906980304,0.399403689366681,0.506544158406488,0.60252778833552,0.875,0.860606060606061,1.13063513272244,1.15301581406412,0.470883723588951,0.487117536687281,0.0811311393091202,0.083928152002531,0.0894146477567918,0.0924972361055109
"29_pwo_gp_model_specific","db6cb901415724b9f55892557a81f2cbcc3e7f91cf2f712ea45b7b9a2b1eb5a5","b1d5697d50014504fea8964eae8d6ad099291a4087058c07ada854c160fad766",28,6,60,"SA_hamming_foldover","Hamming",180538318,401256301,0.87152026735989,0.174304053471978,5,1.01853672920138,"c4faf2678c34829fe08fc1097472b49e9f04eb20e2cdb6f9928e104c8eb391cc",0.00800000000000978,"pwo","pwo_snr5","ols",5,TRUE,NA,60,330,16,44,0.0275672775234651,0.0303819030567622,58.6035335018311,0.0578788433851112,0.0591018619949529,0.175067371931944,0.183313551881749,0.152574762792121,0.159761475746673,-0.409746573467667,-0.313762943538635,0.875,0.860606060606061,0.452254053088975,0.461206325625646,0.470883723588951,0.487117536687281,0.0129809822894592,0.013428504320405,0.0143063436410867,0.0147995577768817
"29_pwo_gp_model_specific","db6cb901415724b9f55892557a81f2cbcc3e7f91cf2f712ea45b7b9a2b1eb5a5","b1d5697d50014504fea8964eae8d6ad099291a4087058c07ada854c160fad766",28,6,60,"SA_l2_position_foldover","L2",180538318,401256301,0.87152026735989,0.435760133679945,2,1.01853672920138,"c4faf2678c34829fe08fc1097472b49e9f04eb20e2cdb6f9928e104c8eb391cc",0.00800000000000978,"pwo","pwo_snr2","ols",2,TRUE,NA,60,330,16,44,0.282493136851221,0.189886894104763,42.7962425216643,0.102844234453421,0.106009011491853,0.288690605332084,0.291497873590929,0.251599713543306,0.254046304726806,0.127505501584975,0.142783029263212,1,1,1.43084482600904,1.44889796111798,0.457643629534252,0.467055110249917,0.129281184467109,0.131939863176892,0.0869005274190902,0.0886876442611145
"29_pwo_gp_model_specific","db6cb901415724b9f55892557a81f2cbcc3e7f91cf2f712ea45b7b9a2b1eb5a5","b1d5697d50014504fea8964eae8d6ad099291a4087058c07ada854c160fad766",28,6,60,"SA_l2_position_foldover","L2",180538318,401256301,0.87152026735989,0.174304053471978,5,1.01853672920138,"c4faf2678c34829fe08fc1097472b49e9f04eb20e2cdb6f9928e104c8eb391cc",0.00800000000000978,"pwo","pwo_snr5","ols",5,TRUE,NA,60,330,16,44,0.0451989018961954,0.0303819030567622,42.7962425216643,0.0411376937813682,0.0424036045967413,0.115476242132833,0.116599149436371,0.100639885417322,0.101618521890722,-0.788785230289181,-0.773507702610944,1,1,0.572337930403614,0.579559184447194,0.457643629534252,0.467055110249917,0.0206849895147375,0.0211103781083027,0.0139040843870544,0.0141900230817783
"29_pwo_gp_model_specific","db6cb901415724b9f55892557a81f2cbcc3e7f91cf2f712ea45b7b9a2b1eb5a5","b1d5697d50014504fea8964eae8d6ad099291a4087058c07ada854c160fad766",28,6,60,"random_foldover","RandomFoldover",180538318,401256301,0.87152026735989,0.435760133679945,2,1.01853672920138,"c4faf2678c34829fe08fc1097472b49e9f04eb20e2cdb6f9928e104c8eb391cc",0.00600000000000023,"pwo","pwo_snr2","ols",2,TRUE,NA,60,330,16,44,0.224825877259523,0.189886894104763,52.8641992923654,0.123394030270233,0.125549750144374,0.367367631666314,0.371041096991129,0.320168336569195,0.323369836051215,0.263742409513308,0.280955180285572,0.955555555555556,0.966666666666667,1.24803003245585,1.27443795493019,0.436954324664223,0.454043570018844,0.0982386393649763,0.102080743943532,0.0829718995761337,0.086216923299117
"29_pwo_gp_model_specific","db6cb901415724b9f55892557a81f2cbcc3e7f91cf2f712ea45b7b9a2b1eb5a5","b1d5697d50014504fea8964eae8d6ad099291a4087058c07ada854c160fad766",28,6,60,"random_foldover","RandomFoldover",180538318,401256301,0.87152026735989,0.174304053471978,5,1.01853672920138,"c4faf2678c34829fe08fc1097472b49e9f04eb20e2cdb6f9928e104c8eb391cc",0.00600000000000023,"pwo","pwo_snr5","ols",5,TRUE,NA,60,330,16,44,0.0359721403615236,0.0303819030567622,52.8641992923654,0.0493576121080931,0.0502199000577496,0.146947052666526,0.148416438796452,0.128067334627679,0.129347934420487,-0.652548322360843,-0.63533555158858,0.955555555555556,0.966666666666667,0.499212012982338,0.509775181972074,0.436954324664223,0.454043570018844,0.0157181822983962,0.0163329190309651,0.0132755039321814,0.0137947077278587
"29_pwo_gp_model_specific","db6cb901415724b9f55892557a81f2cbcc3e7f91cf2f712ea45b7b9a2b1eb5a5","b1d5697d50014504fea8964eae8d6ad099291a4087058c07ada854c160fad766",29,6,48,"FSA_lambda050","FSA_lambda050",180538319,401256302,1.31799662093449,0.658998310467243,2,0.988042995102944,"acfa05b1dc532ad81e385ed516b933faa40a856eb1efa1149af2d7a3cb782256",0.007000000000005,"pwo","pwo_snr2","ols",2,TRUE,NA,48,380,16,32,0.239267468528917,0.434278773198681,48.0143721426552,0.130928754711396,0.133185581576207,0.256190036870895,0.262645521672473,0.33765760291292,0.346165910067895,0.373271240293505,0.404466188800119,0.941666666666667,0.939473684210526,1.3635638582316,1.38087923155637,0.480361855159878,0.492231804845939,0.114934965061958,0.117775057874908,0.208610957150274,0.213765824337867
"29_pwo_gp_model_specific","db6cb901415724b9f55892557a81f2cbcc3e7f91cf2f712ea45b7b9a2b1eb5a5","b1d5697d50014504fea8964eae8d6ad099291a4087058c07ada854c160fad766",29,6,48,"FSA_lambda050","FSA_lambda050",180538319,401256302,1.31799662093449,0.263599324186897,5,0.988042995102944,"acfa05b1dc532ad81e385ed516b933faa40a856eb1efa1149af2d7a3cb782256",0.007000000000005,"pwo","pwo_snr5","ols",5,TRUE,NA,48,380,16,32,0.0382827949646268,0.0694846037117889,48.0143721426552,0.0523715018845584,0.0532742326304828,0.102476014748358,0.10505820866899,0.135063041165168,0.138466364027158,-0.543019491580648,-0.511824543074035,0.941666666666667,0.939473684210526,0.54542554329264,0.552351692622546,0.480361855159878,0.492231804845939,0.0183895944099134,0.0188440092599853,0.0333777531440439,0.0342025318940587
"29_pwo_gp_model_specific","db6cb901415724b9f55892557a81f2cbcc3e7f91cf2f712ea45b7b9a2b1eb5a5","b1d5697d50014504fea8964eae8d6ad099291a4087058c07ada854c160fad766",29,6,48,"SA_hamming_foldover","Hamming",180538319,401256302,1.31799662093449,0.658998310467243,2,0.988042995102944,"acfa05b1dc532ad81e385ed516b933faa40a856eb1efa1149af2d7a3cb782256",0.00400000000000489,"pwo","pwo_snr2","ols",2,TRUE,NA,48,380,16,32,0.598260080613875,0.434278773198681,89.9425894186673,0.170306795561731,0.175826671197542,0.361393356578211,0.372659115516232,0.476315222798253,0.491163455010828,0.727026085224615,0.768595982838627,1,1,2.67136877644406,2.73194655036821,0.756614430996834,0.786295442074383,0.452652210481787,0.470409174561743,0.328581586877723,0.341471419955777
"29_pwo_gp_model_specific","db6cb901415724b9f55892557a81f2cbcc3e7f91cf2f712ea45b7b9a2b1eb5a5","b1d5697d50014504fea8964eae8d6ad099291a4087058c07ada854c160fad766",29,6,48,"SA_hamming_foldover","Hamming",180538319,401256302,1.31799662093449,0.263599324186897,5,0.988042995102944,"acfa05b1dc532ad81e385ed516b933faa40a856eb1efa1149af2d7a3cb782256",0.00399999999999068,"pwo","pwo_snr5","ols",5,TRUE,NA,48,380,16,32,0.0957216128982199,0.0694846037117889,89.9425894186673,0.0681227182246922,0.0703306684790166,0.144557342631284,0.149063646206493,0.190526089119301,0.196465382004331,-0.189264646649541,-0.147694749035529,1,1,1.06854751057762,1.09277862014728,0.756614430996834,0.786295442074383,0.0724243536770858,0.0752654679298788,0.0525730539004356,0.0546354271929244
"29_pwo_gp_model_specific","db6cb901415724b9f55892557a81f2cbcc3e7f91cf2f712ea45b7b9a2b1eb5a5","b1d5697d50014504fea8964eae8d6ad099291a4087058c07ada854c160fad766",29,6,48,"SA_l2_position_foldover","L2",180538319,401256302,1.31799662093449,0.658998310467243,2,0.988042995102944,"acfa05b1dc532ad81e385ed516b933faa40a856eb1efa1149af2d7a3cb782256",0.00500000000000966,"pwo","pwo_snr2","ols",2,TRUE,NA,48,380,16,32,0.458262104007577,0.434278773198681,63.6800986462758,0.242107049009213,0.248905707157476,0.49134177547092,0.496875041390616,0.647586799794624,0.654879625579515,0.989841254252381,0.993445494874152,0.9125,0.918421052631579,2.09472821362809,2.15402535395303,0.597075180899915,0.629264762429197,0.2736169286499,0.288368194008632,0.259297077068595,0.273276329044911
"29_pwo_gp_model_specific","db6cb901415724b9f55892557a81f2cbcc3e7f91cf2f712ea45b7b9a2b1eb5a5","b1d5697d50014504fea8964eae8d6ad099291a4087058c07ada854c160fad766",29,6,48,"SA_l2_position_foldover","L2",180538319,401256302,1.31799662093449,0.263599324186897,5,0.988042995102944,"acfa05b1dc532ad81e385ed516b933faa40a856eb1efa1149af2d7a3cb782256",0.00499999999999545,"pwo","pwo_snr5","ols",5,TRUE,NA,48,380,16,32,0.0733219366412124,0.0694846037117889,63.6800986462758,0.096842819603685,0.0995622828629903,0.196536710188368,0.198750016556246,0.259034719917849,0.261951850231806,0.0735505223782242,0.0771547629999947,0.9125,0.918421052631579,0.837891285451235,0.861610141581213,0.597075180899915,0.629264762429197,0.043778708583984,0.0461389110413811,0.0414875323309752,0.0437242126471857
"29_pwo_gp_model_specific","db6cb901415724b9f55892557a81f2cbcc3e7f91cf2f712ea45b7b9a2b1eb5a5","b1d5697d50014504fea8964eae8d6ad099291a4087058c07ada854c160fad766",29,6,48,"random_foldover","RandomFoldover",180538319,401256302,1.31799662093449,0.658998310467243,2,0.988042995102944,"acfa05b1dc532ad81e385ed516b933faa40a856eb1efa1149af2d7a3cb782256",0.00499999999999545,"pwo","pwo_snr2","ols",2,TRUE,NA,48,380,16,32,0.268133763423287,0.434278773198681,131.218564025509,0.31851731864481,0.328679377036628,0.815007394018262,0.874406690534172,1.07417699135269,1.15246506344654,1.77562256833634,1.95104181584221,0.6875,0.655263157894737,2.14137817334131,2.24715664013878,1.1254092737277,1.22512341696179,0.301760223956075,0.328496952447962,0.488741358740883,0.532045094535144
"29_pwo_gp_model_specific","db6cb901415724b9f55892557a81f2cbcc3e7f91cf2f712ea45b7b9a2b1eb5a5","b1d5697d50014504fea8964eae8d6ad099291a4087058c07ada854c160fad766",29,6,48,"random_foldover","RandomFoldover",180538319,401256302,1.31799662093449,0.263599324186897,5,0.988042995102944,"acfa05b1dc532ad81e385ed516b933faa40a856eb1efa1149af2d7a3cb782256",0.00499999999999545,"pwo","pwo_snr5","ols",5,TRUE,NA,48,380,16,32,0.0429014021477259,0.0694846037117889,131.218564025509,0.127406927457924,0.131471750814651,0.326002957607304,0.349762676213668,0.429670796541076,0.460986025378617,0.859331836462185,1.03475108396805,0.6875,0.655263157894737,0.856551269336525,0.898862656055512,1.1254092737277,1.22512341696179,0.0482816358329721,0.052559512391674,0.0781986173985413,0.085127215125623
"29_pwo_gp_model_specific","db6cb901415724b9f55892557a81f2cbcc3e7f91cf2f712ea45b7b9a2b1eb5a5","b1d5697d50014504fea8964eae8d6ad099291a4087058c07ada854c160fad766",29,6,60,"FSA_lambda050","FSA_lambda050",180538319,401256302,1.31799662093449,0.658998310467243,2,0.988042995102944,"4c2539ac798646b188c74da49d4512c522683b3cdd1771d86c02011d76a858d2",0.00799999999999557,"pwo","pwo_snr2","ols",2,TRUE,NA,60,366,16,44,0.412575841800481,0.434278773198681,21.3547316949282,0.159609845992849,0.164741672700188,0.295944730105137,0.290492751616022,0.390054154261939,0.382868465035878,0.483302761893501,0.47008690039551,0.920833333333333,0.923497267759563,1.42184208457606,1.42654087223604,0.30405247043353,0.306335295268114,0.125444703940629,0.126386542318441,0.132043533847901,0.133034916216492
"29_pwo_gp_model_specific","db6cb901415724b9f55892557a81f2cbcc3e7f91cf2f712ea45b7b9a2b1eb5a5","b1d5697d50014504fea8964eae8d6ad099291a4087058c07ada854c160fad766",29,6,60,"FSA_lambda050","FSA_lambda050",180538319,401256302,1.31799662093449,0.263599324186897,5,0.988042995102944,"4c2539ac798646b188c74da49d4512c522683b3cdd1771d86c02011d76a858d2",0.00799999999999557,"pwo","pwo_snr5","ols",5,TRUE,NA,60,366,16,44,0.0660121346880769,0.0694846037117889,21.3547316949282,0.0638439383971397,0.065896669080075,0.118377892042055,0.116197100646409,0.156021661704776,0.153147386014351,-0.432987969980654,-0.446203831478644,0.920833333333333,0.923497267759563,0.568736833830426,0.570616348894418,0.30405247043353,0.306335295268114,0.0200711526305007,0.0202218467709505,0.0211269654156642,0.0212855865946387
"29_pwo_gp_model_specific","db6cb901415724b9f55892557a81f2cbcc3e7f91cf2f712ea45b7b9a2b1eb5a5","b1d5697d50014504fea8964eae8d6ad099291a4087058c07ada854c160fad766",29,6,60,"SA_hamming_foldover","Hamming",180538319,401256302,1.31799662093449,0.658998310467243,2,0.988042995102944,"4c2539ac798646b188c74da49d4512c522683b3cdd1771d86c02011d76a858d2",0.00799999999999557,"pwo","pwo_snr2","ols",2,TRUE,NA,60,366,16,44,0.380894357409495,0.434278773198681,75.7223313128949,0.117419312288384,0.121260061349288,0.235489634958955,0.241786530115971,0.310374543140999,0.318673829680325,0.321614698373138,0.360656131714052,1,1,1.74832259622722,1.77792502182754,0.515409150770237,0.530949176234129,0.196316437285603,0.202235545298799,0.223831253691873,0.230579956885808
"29_pwo_gp_model_specific","db6cb901415724b9f55892557a81f2cbcc3e7f91cf2f712ea45b7b9a2b1eb5a5","b1d5697d50014504fea8964eae8d6ad099291a4087058c07ada854c160fad766",29,6,60,"SA_hamming_foldover","Hamming",180538319,401256302,1.31799662093449,0.263599324186897,5,0.988042995102944,"4c2539ac798646b188c74da49d4512c522683b3cdd1771d86c02011d76a858d2",0.00799999999999557,"pwo","pwo_snr5","ols",5,TRUE,NA,60,366,16,44,0.0609430971855192,0.0694846037117889,75.7223313128949,0.0469677249153536,0.0485040245397154,0.0941958539835821,0.0967146120463885,0.124149817256399,0.12746953187213,-0.594676033501017,-0.555634600160103,1,1,0.699329038490889,0.711170008731018,0.515409150770237,0.530949176234129,0.0314106299656965,0.0323576872478079,0.0358130005906996,0.0368927931017292
"29_pwo_gp_model_specific","db6cb901415724b9f55892557a81f2cbcc3e7f91cf2f712ea45b7b9a2b1eb5a5","b1d5697d50014504fea8964eae8d6ad099291a4087058c07ada854c160fad766",29,6,60,"SA_l2_position_foldover","L2",180538319,401256302,1.31799662093449,0.658998310467243,2,0.988042995102944,"4c2539ac798646b188c74da49d4512c522683b3cdd1771d86c02011d76a858d2",0.00799999999999557,"pwo","pwo_snr2","ols",2,TRUE,NA,60,366,16,44,0.434998650452084,0.434278773198681,45.7509673399704,0.17646237524508,0.181506655377617,0.343050513399733,0.337752618542735,0.452139417470689,0.445156809951099,0.565131158576487,0.533078766578868,0.959722222222222,0.967213114754098,1.70119512486072,1.72016567209548,0.418425723235478,0.427029812480935,0.18201462492187,0.185757392132013,0.181713409761474,0.185449983083483
"29_pwo_gp_model_specific","db6cb901415724b9f55892557a81f2cbcc3e7f91cf2f712ea45b7b9a2b1eb5a5","b1d5697d50014504fea8964eae8d6ad099291a4087058c07ada854c160fad766",29,6,60,"SA_l2_position_foldover","L2",180538319,401256302,1.31799662093449,0.263599324186897,5,0.988042995102944,"4c2539ac798646b188c74da49d4512c522683b3cdd1771d86c02011d76a858d2",0.00799999999999557,"pwo","pwo_snr5","ols",5,TRUE,NA,60,366,16,44,0.0695997840723334,0.0694846037117889,45.7509673399704,0.070584950098032,0.0726026621510467,0.137220205359893,0.135101047417094,0.180855766988276,0.17806272398044,-0.351159573297667,-0.383211965295287,0.959722222222222,0.967213114754098,0.680478049944288,0.68806626883819,0.418425723235478,0.427029812480935,0.0291223399874992,0.0297211827411221,0.0290741455618358,0.0296719972933573
"29_pwo_gp_model_specific","db6cb901415724b9f55892557a81f2cbcc3e7f91cf2f712ea45b7b9a2b1eb5a5","b1d5697d50014504fea8964eae8d6ad099291a4087058c07ada854c160fad766",29,6,60,"random_foldover","RandomFoldover",180538319,401256302,1.31799662093449,0.658998310467243,2,0.988042995102944,"4c2539ac798646b188c74da49d4512c522683b3cdd1771d86c02011d76a858d2",0.00900000000000034,"pwo","pwo_snr2","ols",2,TRUE,NA,60,366,16,44,0.444497465784944,0.434278773198681,96.1342074766735,0.247283235023227,0.253126321192821,0.463296100978129,0.468599059493114,0.610622695581296,0.617611976985002,0.882887185948172,0.882830609763551,0.918055555555556,0.92896174863388,1.91899538848794,1.97031616062029,0.528998387701107,0.555241659387141,0.235138442737463,0.246803510495811,0.229732770834917,0.241129666667447
"29_pwo_gp_model_specific","db6cb901415724b9f55892557a81f2cbcc3e7f91cf2f712ea45b7b9a2b1eb5a5","b1d5697d50014504fea8964eae8d6ad099291a4087058c07ada854c160fad766",29,6,60,"random_foldover","RandomFoldover",180538319,401256302,1.31799662093449,0.263599324186897,5,0.988042995102944,"4c2539ac798646b188c74da49d4512c522683b3cdd1771d86c02011d76a858d2",0.00900000000000034,"pwo","pwo_snr5","ols",5,TRUE,NA,60,366,16,44,0.071119594525591,0.0694846037117889,96.1342074766735,0.0989132940092908,0.101250528477129,0.185318440391252,0.187439623797246,0.244249078232519,0.247044790794001,-0.0334035459259826,-0.0334601221106032,0.918055555555556,0.92896174863388,0.767598155395178,0.788126464248117,0.528998387701107,0.555241659387141,0.0376221508379941,0.0394885616793298,0.0367572433335867,0.0385807466667916
"29_pwo_gp_model_specific","db6cb901415724b9f55892557a81f2cbcc3e7f91cf2f712ea45b7b9a2b1eb5a5","b1d5697d50014504fea8964eae8d6ad099291a4087058c07ada854c160fad766",30,6,48,"FSA_lambda050","FSA_lambda050",180538441,401256424,0.599661363015063,0.299830681507532,2,1.01345827823958,"e7ccaac73f9897520f33f54a5ae3938bd6472b4f61dfe3eba209dd837ec4e8ce",0.00499999999999545,"pwo","pwo_snr2","ols",2,TRUE,NA,48,380,16,32,0.0950245630552268,0.0898984375732709,41.3975856008896,0.0753337716711865,0.0777780036401421,0.336903684908821,0.349896281108098,0.202028122897221,0.209819280843184,-0.229440579286149,-0.195668635534477,0.983333333333333,0.976315789473684,0.861848612543678,0.881428945267416,0.483261948961057,0.505388977481004,0.0459217555412418,0.0480243667580603,0.0434444941502128,0.0454336794422952
"29_pwo_gp_model_specific","db6cb901415724b9f55892557a81f2cbcc3e7f91cf2f712ea45b7b9a2b1eb5a5","b1d5697d50014504fea8964eae8d6ad099291a4087058c07ada854c160fad766",30,6,48,"FSA_lambda050","FSA_lambda050",180538441,401256424,0.599661363015063,0.119932272603013,5,1.01345827823958,"e7ccaac73f9897520f33f54a5ae3938bd6472b4f61dfe3eba209dd837ec4e8ce",0.00799999999999557,"pwo","pwo_snr5","ols",5,TRUE,NA,48,380,16,32,0.0152039300888363,0.0143837500117233,41.3975856008896,0.0301335086684747,0.0311112014560569,0.134761473963529,0.139958512443239,0.0808112491588885,0.0839277123372736,-1.1457313111603,-1.11195936740863,0.983333333333333,0.976315789473684,0.344739445017471,0.352571578106966,0.483261948961057,0.505388977481004,0.00734748088659869,0.00768389868128964,0.00695111906403405,0.00726938871076723
"29_pwo_gp_model_specific","db6cb901415724b9f55892557a81f2cbcc3e7f91cf2f712ea45b7b9a2b1eb5a5","b1d5697d50014504fea8964eae8d6ad099291a4087058c07ada854c160fad766",30,6,48,"SA_hamming_foldover","Hamming",180538441,401256424,0.599661363015063,0.299830681507532,2,1.01345827823958,"e7ccaac73f9897520f33f54a5ae3938bd6472b4f61dfe3eba209dd837ec4e8ce",0.00699999999999079,"pwo","pwo_snr2","ols",2,TRUE,NA,48,380,16,32,0.127971406381146,0.0898984375732709,130.936459660956,0.077137833133389,0.0796657228997305,0.316717334162227,0.308369285613016,0.189923148294218,0.184917146122683,-0.0470927360888045,-0.0421095979726728,1,1,1.3130469645591,1.34035216988968,0.867083772608023,0.904792736927123,0.110961929830918,0.11578759902801,0.0779494764025986,0.0813394533773919
"29_pwo_gp_model_specific","db6cb901415724b9f55892557a81f2cbcc3e7f91cf2f712ea45b7b9a2b1eb5a5","b1d5697d50014504fea8964eae8d6ad099291a4087058c07ada854c160fad766",30,6,48,"SA_hamming_foldover","Hamming",180538441,401256424,0.599661363015063,0.119932272603013,5,1.01345827823958,"e7ccaac73f9897520f33f54a5ae3938bd6472b4f61dfe3eba209dd837ec4e8ce",0.007000000000005,"pwo","pwo_snr5","ols",5,TRUE,NA,48,380,16,32,0.0204754250209833,0.0143837500117233,130.936459660956,0.0308551332533556,0.0318662891598922,0.126686933664891,0.123347714245207,0.0759692593176873,0.0739668584490731,-0.963383467962959,-0.958400329846827,1,1,0.525218785823639,0.536140867955873,0.867083772608023,0.904792736927123,0.0177539087729469,0.0185260158444816,0.0124719162244158,0.0130143125403827
"29_pwo_gp_model_specific","db6cb901415724b9f55892557a81f2cbcc3e7f91cf2f712ea45b7b9a2b1eb5a5","b1d5697d50014504fea8964eae8d6ad099291a4087058c07ada854c160fad766",30,6,48,"SA_l2_position_foldover","L2",180538441,401256424,0.599661363015063,0.299830681507532,2,1.01345827823958,"e7ccaac73f9897520f33f54a5ae3938bd6472b4f61dfe3eba209dd837ec4e8ce",0.00900000000000034,"pwo","pwo_snr2","ols",2,TRUE,NA,48,380,16,32,0.0999417124405155,0.0898984375732709,51.1071976211285,0.0502121427682576,0.0513642225362973,0.278798963721056,0.284529063712006,0.167184966592156,0.170621086162941,-0.300066146724972,-0.280749734920715,1,1,0.933366614603126,0.949584202825824,0.54278369528778,0.5625138731512,0.0542467319918517,0.0562185997542779,0.0487954061466177,0.050569118309582
"29_pwo_gp_model_specific","db6cb901415724b9f55892557a81f2cbcc3e7f91cf2f712ea45b7b9a2b1eb5a5","b1d5697d50014504fea8964eae8d6ad099291a4087058c07ada854c160fad766",30,6,48,"SA_l2_position_foldover","L2",180538441,401256424,0.599661363015063,0.119932272603013,5,1.01345827823958,"e7ccaac73f9897520f33f54a5ae3938bd6472b4f61dfe3eba209dd837ec4e8ce",0.00800000000000978,"pwo","pwo_snr5","ols",5,TRUE,NA,48,380,16,32,0.0159906739904825,0.0143837500117233,51.1071976211285,0.020084857107303,0.0205456890145189,0.111519585488423,0.113811625484802,0.0668739866368624,0.0682484344651765,-1.21635687859913,-1.19704046679487,1,1,0.373346645841251,0.37983368113033,0.54278369528778,0.5625138731512,0.00867947711869626,0.00899497596068445,0.00780726498345884,0.00809105892953312
"29_pwo_gp_model_specific","db6cb901415724b9f55892557a81f2cbcc3e7f91cf2f712ea45b7b9a2b1eb5a5","b1d5697d50014504fea8964eae8d6ad099291a4087058c07ada854c160fad766",30,6,48,"random_foldover","RandomFoldover",180538441,401256424,0.599661363015063,0.299830681507532,2,1.01345827823958,"e7ccaac73f9897520f33f54a5ae3938bd6472b4f61dfe3eba209dd837ec4e8ce",0.00800000000000978,"pwo","pwo_snr2","ols",2,TRUE,NA,48,380,16,32,0.10680597234644,0.0898984375732709,142.76660743722,0.0796126758235785,0.0822031569338198,0.376517896176905,0.396888627843996,0.225783234821007,0.237998775538109,-0.0563061204897875,-0.00115186145213736,1,1,1.18315084461118,1.21099109683318,0.840765619524664,0.867823290071676,0.089798789508789,0.0926887103209922,0.0755835155605904,0.0780159578671391
"29_pwo_gp_model_specific","db6cb901415724b9f55892557a81f2cbcc3e7f91cf2f712ea45b7b9a2b1eb5a5","b1d5697d50014504fea8964eae8d6ad099291a4087058c07ada854c160fad766",30,6,48,"random_foldover","RandomFoldover",180538441,401256424,0.599661363015063,0.119932272603013,5,1.01345827823958,"e7ccaac73f9897520f33f54a5ae3938bd6472b4f61dfe3eba209dd837ec4e8ce",0.007000000000005,"pwo","pwo_snr5","ols",5,TRUE,NA,48,380,16,32,0.0170889555754304,0.0143837500117233,142.76660743722,0.0318450703294314,0.032881262773528,0.150607158470762,0.158755451137599,0.090313293928403,0.0951995102152437,-0.972596852363941,-0.917442593326291,1,1,0.473260337844471,0.484396438733273,0.840765619524664,0.867823290071676,0.0143678063214062,0.0148301936513588,0.0120933624896945,0.0124825532587423
"29_pwo_gp_model_specific","db6cb901415724b9f55892557a81f2cbcc3e7f91cf2f712ea45b7b9a2b1eb5a5","b1d5697d50014504fea8964eae8d6ad099291a4087058c07ada854c160fad766",30,6,60,"FSA_lambda050","FSA_lambda050",180538441,401256424,0.599661363015063,0.299830681507532,2,1.01345827823958,"8c91935473a121d689934b22bb84dc65822233f3c417329a8c992a49ab7c147f",0.00900000000000034,"pwo","pwo_snr2","ols",2,TRUE,NA,60,316,16,44,0.0546894699727306,0.0898984375732709,17.9281075454181,0.0709619229463206,0.0723706258340655,0.329847108398058,0.330414537623043,0.197796566608557,0.198136831991026,0.0535341833668694,0.0635459970211504,0.791666666666667,0.791139240506329,0.511689535084579,0.514335197988243,0.295938664270247,0.298985518354503,0.0161847286933777,0.0163513595283299,0.026604423535416,0.0268783309571043
"29_pwo_gp_model_specific","db6cb901415724b9f55892557a81f2cbcc3e7f91cf2f712ea45b7b9a2b1eb5a5","b1d5697d50014504fea8964eae8d6ad099291a4087058c07ada854c160fad766",30,6,60,"FSA_lambda050","FSA_lambda050",180538441,401256424,0.599661363015063,0.119932272603013,5,1.01345827823958,"8c91935473a121d689934b22bb84dc65822233f3c417329a8c992a49ab7c147f",0.00900000000000034,"pwo","pwo_snr5","ols",5,TRUE,NA,60,316,16,44,0.00875031519563689,0.0143837500117233,17.9281075454181,0.0283847691785282,0.0289482503336262,0.131938843359223,0.132165815049217,0.0791186266434226,0.0792547327964103,-0.862756548507288,-0.852744734853008,0.791666666666667,0.791139240506329,0.204675814033832,0.205734079195297,0.295938664270247,0.298985518354503,0.00258955659094043,0.00261621752453278,0.00425670776566655,0.00430053295313669
"29_pwo_gp_model_specific","db6cb901415724b9f55892557a81f2cbcc3e7f91cf2f712ea45b7b9a2b1eb5a5","b1d5697d50014504fea8964eae8d6ad099291a4087058c07ada854c160fad766",30,6,60,"SA_hamming_foldover","Hamming",180538441,401256424,0.599661363015063,0.299830681507532,2,1.01345827823958,"8c91935473a121d689934b22bb84dc65822233f3c417329a8c992a49ab7c147f",0.007000000000005,"pwo","pwo_snr2","ols",2,TRUE,NA,60,316,16,44,0.0865652816740707,0.0898984375732709,39.0993379367792,0.102878965391442,0.104597102443784,0.43771730913179,0.440955972586876,0.262482158209255,0.264424259551079,0.181713230027088,0.164779625558459,0.847222222222222,0.860759493670886,0.749291780445954,0.773295659903641,0.407070292286498,0.432014779845246,0.035238154512927,0.0373974811046654,0.0365949832590509,0.0388374537166482
"29_pwo_gp_model_specific","db6cb901415724b9f55892557a81f2cbcc3e7f91cf2f712ea45b7b9a2b1eb5a5","b1d5697d50014504fea8964eae8d6ad099291a4087058c07ada854c160fad766",30,6,60,"SA_hamming_foldover","Hamming",180538441,401256424,0.599661363015063,0.119932272603013,5,1.01345827823958,"8c91935473a121d689934b22bb84dc65822233f3c417329a8c992a49ab7c147f",0.00799999999999557,"pwo","pwo_snr5","ols",5,TRUE,NA,60,316,16,44,0.0138504450678513,0.0143837500117233,39.0993379367792,0.041151586156577,0.0418388409775136,0.175086923652716,0.176382389034751,0.104992863283702,0.105769703820432,-0.734577501847065,-0.751511106315694,0.847222222222222,0.860759493670886,0.299716712178382,0.309318263961457,0.407070292286498,0.432014779845246,0.00563810472206833,0.00598359697674646,0.00585519732144814,0.00621399259466371
"29_pwo_gp_model_specific","db6cb901415724b9f55892557a81f2cbcc3e7f91cf2f712ea45b7b9a2b1eb5a5","b1d5697d50014504fea8964eae8d6ad099291a4087058c07ada854c160fad766",30,6,60,"SA_l2_position_foldover","L2",180538441,401256424,0.599661363015063,0.299830681507532,2,1.01345827823958,"8c91935473a121d689934b22bb84dc65822233f3c417329a8c992a49ab7c147f",0.00799999999999557,"pwo","pwo_snr2","ols",2,TRUE,NA,60,316,16,44,0.104726644285997,0.0898984375732709,35.647659432453,0.0730048957462233,0.0753969882512069,0.294311273617504,0.297329750510426,0.176487099488172,0.178297163456011,-0.320952640841036,-0.31232305676158,0.988888888888889,1,0.820170586942371,0.838558292444748,0.403809338226767,0.422422244756032,0.0422895969238383,0.0442388641650572,0.0363018285840828,0.0379750997997611
"29_pwo_gp_model_specific","db6cb901415724b9f55892557a81f2cbcc3e7f91cf2f712ea45b7b9a2b1eb5a5","b1d5697d50014504fea8964eae8d6ad099291a4087058c07ada854c160fad766",30,6,60,"SA_l2_position_foldover","L2",180538441,401256424,0.599661363015063,0.119932272603013,5,1.01345827823958,"8c91935473a121d689934b22bb84dc65822233f3c417329a8c992a49ab7c147f",0.00899999999998613,"pwo","pwo_snr5","ols",5,TRUE,NA,60,316,16,44,0.0167562630857595,0.0143837500117233,35.647659432453,0.0292019582984893,0.0301587953004827,0.117724509447002,0.11893190020417,0.0705948397952686,0.0713188653824041,-1.23724337271519,-1.22861378863574,0.988888888888889,1,0.328068234776949,0.335423316977899,0.403809338226767,0.422422244756032,0.00676633550781413,0.00707821826640915,0.00580829257345325,0.00607601596796177
"29_pwo_gp_model_specific","db6cb901415724b9f55892557a81f2cbcc3e7f91cf2f712ea45b7b9a2b1eb5a5","b1d5697d50014504fea8964eae8d6ad099291a4087058c07ada854c160fad766",30,6,60,"random_foldover","RandomFoldover",180538441,401256424,0.599661363015063,0.299830681507532,2,1.01345827823958,"8c91935473a121d689934b22bb84dc65822233f3c417329a8c992a49ab7c147f",0.00799999999999557,"pwo","pwo_snr2","ols",2,TRUE,NA,60,316,16,44,0.124443225176203,0.0898984375732709,50.8637953939938,0.114638429517024,0.117568317085311,0.526091125480307,0.560325536973804,0.31547652137565,0.336005575233859,0.28228869505708,0.424353042948388,0.8875,0.844936708860759,0.969558821540115,0.981195686761684,0.47883029479491,0.486518861915727,0.0595871861963507,0.0605439762858489,0.0430460953648111,0.0437372855361498
"29_pwo_gp_model_specific","db6cb901415724b9f55892557a81f2cbcc3e7f91cf2f712ea45b7b9a2b1eb5a5","b1d5697d50014504fea8964eae8d6ad099291a4087058c07ada854c160fad766",30,6,60,"random_foldover","RandomFoldover",180538441,401256424,0.599661363015063,0.119932272603013,5,1.01345827823958,"8c91935473a121d689934b22bb84dc65822233f3c417329a8c992a49ab7c147f",0.00799999999999557,"pwo","pwo_snr5","ols",5,TRUE,NA,60,316,16,44,0.0199109160281925,0.0143837500117233,50.8637953939938,0.0458553718068095,0.0470273268341241,0.210436450192123,0.224130214789521,0.12619060855026,0.134402230093543,-0.634002036817077,-0.49193768892577,0.8875,0.844936708860759,0.387823528616046,0.392478274704674,0.47883029479491,0.486518861915727,0.00953394979141611,0.00968703620573582,0.00688737525836978,0.00699796568578397
"29_pwo_gp_model_specific","db6cb901415724b9f55892557a81f2cbcc3e7f91cf2f712ea45b7b9a2b1eb5a5","b1d5697d50014504fea8964eae8d6ad099291a4087058c07ada854c160fad766",31,6,48,"FSA_lambda050","FSA_lambda050",180538442,401256425,0.71307806532167,0.356539032660835,2,0.983297182298202,"041496e46271d866262f79e489d5d56559b766db4447123538da885a0031d57f",0.00599999999998602,"pwo","pwo_snr2","ols",2,TRUE,NA,48,408,16,32,0.147656640441576,0.127120081810724,23.6953254376547,0.0763437936550897,0.0764842402396322,0.304596249723119,0.304705955156799,0.217200904456798,0.217279132995202,-0.0995547121323477,-0.0966690534694793,0.981944444444444,0.982843137254902,0.989614790127717,0.992807168251978,0.403350165043786,0.405554013472847,0.0595573302919207,0.0598827431469984,0.0512739059787351,0.0515540593713358
"29_pwo_gp_model_specific","db6cb901415724b9f55892557a81f2cbcc3e7f91cf2f712ea45b7b9a2b1eb5a5","b1d5697d50014504fea8964eae8d6ad099291a4087058c07ada854c160fad766",31,6,48,"FSA_lambda050","FSA_lambda050",180538442,401256425,0.71307806532167,0.142615613064334,5,0.983297182298202,"041496e46271d866262f79e489d5d56559b766db4447123538da885a0031d57f",0.007000000000005,"pwo","pwo_snr5","ols",5,TRUE,NA,48,408,16,32,0.0236250624706522,0.0203392130897158,23.6953254376547,0.0305375174620359,0.0305936960958529,0.121838499889248,0.12188238206272,0.0868803617827192,0.0869116531980808,-1.0158454440065,-1.01295978534363,0.981944444444444,0.982843137254902,0.395845916051087,0.397122867300791,0.403350165043786,0.405554013472847,0.00952917284670732,0.00958123890351974,0.00820382495659762,0.00824864949941373
"29_pwo_gp_model_specific","db6cb901415724b9f55892557a81f2cbcc3e7f91cf2f712ea45b7b9a2b1eb5a5","b1d5697d50014504fea8964eae8d6ad099291a4087058c07ada854c160fad766",31,6,48,"SA_hamming_foldover","Hamming",180538442,401256425,0.71307806532167,0.356539032660835,2,0.983297182298202,"041496e46271d866262f79e489d5d56559b766db4447123538da885a0031d57f",0.00500000000000966,"pwo","pwo_snr2","ols",2,TRUE,NA,48,408,16,32,0.16079253539968,0.127120081810724,143.794029003118,0.117360639212352,0.117645110828829,0.48495975941657,0.490634401755262,0.34581416700363,0.349860629983897,0.253657937231629,0.267554478737116,0.991666666666667,0.997549019607843,1.44949304627662,1.481029109047,0.843834712009313,0.874733791643247,0.135682322802236,0.140650664158093,0.107268337625353,0.111196231156294
"29_pwo_gp_model_specific","db6cb901415724b9f55892557a81f2cbcc3e7f91cf2f712ea45b7b9a2b1eb5a5","b1d5697d50014504fea8964eae8d6ad099291a4087058c07ada854c160fad766",31,6,48,"SA_hamming_foldover","Hamming",180538442,401256425,0.71307806532167,0.142615613064334,5,0.983297182298202,"041496e46271d866262f79e489d5d56559b766db4447123538da885a0031d57f",0.00600000000000023,"pwo","pwo_snr5","ols",5,TRUE,NA,48,408,16,32,0.0257268056639488,0.0203392130897158,143.794029003118,0.0469442556849407,0.0470580443315315,0.193983903766628,0.196253760702105,0.138325666801452,0.139944251993559,-0.662632794642526,-0.648736253137039,0.991666666666667,0.997549019607843,0.57979721851065,0.592411643618798,0.843834712009313,0.874733791643247,0.0217091716483578,0.0225041062652949,0.0171629340200564,0.0177913969850071
"29_pwo_gp_model_specific","db6cb901415724b9f55892557a81f2cbcc3e7f91cf2f712ea45b7b9a2b1eb5a5","b1d5697d50014504fea8964eae8d6ad099291a4087058c07ada854c160fad766",31,6,48,"SA_l2_position_foldover","L2",180538442,401256425,0.71307806532167,0.356539032660835,2,0.983297182298202,"041496e46271d866262f79e489d5d56559b766db4447123538da885a0031d57f",0.007000000000005,"pwo","pwo_snr2","ols",2,TRUE,NA,48,408,16,32,0.143020888463203,0.127120081810724,66.9695313646608,0.102514993774671,0.10579715817874,0.372275434868854,0.379720701834746,0.265461446863066,0.270770503426907,0.062375958162789,0.0900390644498884,0.977777777777778,0.977941176470588,1.17204736362363,1.18718390092394,0.602013857436813,0.613788518645282,0.0861005567577729,0.0877845792651614,0.0765280508085572,0.0780248467046714
"29_pwo_gp_model_specific","db6cb901415724b9f55892557a81f2cbcc3e7f91cf2f712ea45b7b9a2b1eb5a5","b1d5697d50014504fea8964eae8d6ad099291a4087058c07ada854c160fad766",31,6,48,"SA_l2_position_foldover","L2",180538442,401256425,0.71307806532167,0.142615613064334,5,0.983297182298202,"041496e46271d866262f79e489d5d56559b766db4447123538da885a0031d57f",0.00600000000000023,"pwo","pwo_snr5","ols",5,TRUE,NA,48,408,16,32,0.0228833421541124,0.0203392130897158,66.9695313646608,0.0410059975098683,0.042318863271496,0.148910173947542,0.151888280733898,0.106184578745227,0.108308201370763,-0.853914773711366,-0.826251667424266,0.977777777777778,0.977941176470588,0.468818945449452,0.474873560369575,0.602013857436813,0.613788518645282,0.0137760890812437,0.0140455326824258,0.0122444881293692,0.0124839754727474
"29_pwo_gp_model_specific","db6cb901415724b9f55892557a81f2cbcc3e7f91cf2f712ea45b7b9a2b1eb5a5","b1d5697d50014504fea8964eae8d6ad099291a4087058c07ada854c160fad766",31,6,48,"random_foldover","RandomFoldover",180538442,401256425,0.71307806532167,0.356539032660835,2,0.983297182298202,"041496e46271d866262f79e489d5d56559b766db4447123538da885a0031d57f",0.007000000000005,"pwo","pwo_snr2","ols",2,TRUE,NA,48,408,16,32,0.137521219797758,0.127120081810724,104.934249102307,0.158719255172378,0.162294814753849,0.575535012530857,0.58964707294858,0.410401393260386,0.420464394000759,0.453576964738558,0.469824476735226,0.930555555555556,0.943627450980392,1.27713101516569,1.31034906291726,0.757278671824286,0.793405261696193,0.104141886676102,0.10911005938242,0.0962653267158196,0.100857741775879
"29_pwo_gp_model_specific","db6cb901415724b9f55892557a81f2cbcc3e7f91cf2f712ea45b7b9a2b1eb5a5","b1d5697d50014504fea8964eae8d6ad099291a4087058c07ada854c160fad766",31,6,48,"random_foldover","RandomFoldover",180538442,401256425,0.71307806532167,0.142615613064334,5,0.983297182298202,"041496e46271d866262f79e489d5d56559b766db4447123538da885a0031d57f",0.007000000000005,"pwo","pwo_snr5","ols",5,TRUE,NA,48,408,16,32,0.0220033951676413,0.0203392130897158,104.934249102307,0.0634877020689511,0.0649179259015394,0.230214005012342,0.235858829179432,0.164160557304154,0.168185757600304,-0.462713767135598,-0.446466255138931,0.930555555555556,0.943627450980392,0.510852406066275,0.524139625166903,0.757278671824286,0.793405261696193,0.0166627018681763,0.0174576095011872,0.0154024522745311,0.0161372386841406
"29_pwo_gp_model_specific","db6cb901415724b9f55892557a81f2cbcc3e7f91cf2f712ea45b7b9a2b1eb5a5","b1d5697d50014504fea8964eae8d6ad099291a4087058c07ada854c160fad766",31,6,60,"FSA_lambda050","FSA_lambda050",180538442,401256425,0.71307806532167,0.356539032660835,2,0.983297182298202,"fb75d0da2dd1fc2b0bafdd114360062886b947416fbafae3418ebf5fc09fd72b",0.00699999999999079,"pwo","pwo_snr2","ols",2,TRUE,NA,60,352,16,44,0.114401913829514,0.127120081810724,19.2238825834822,0.0524238217309948,0.0529749224550721,0.231846859657334,0.242049555877913,0.165324910135357,0.172600229017391,-0.370454553915473,-0.333694963876087,0.991666666666667,0.985795454545455,0.756553236295204,0.762868397611665,0.310309195316375,0.315724227537566,0.0354999658230896,0.0361194558726423,0.0394465302952376,0.040134889634203
"29_pwo_gp_model_specific","db6cb901415724b9f55892557a81f2cbcc3e7f91cf2f712ea45b7b9a2b1eb5a5","b1d5697d50014504fea8964eae8d6ad099291a4087058c07ada854c160fad766",31,6,60,"FSA_lambda050","FSA_lambda050",180538442,401256425,0.71307806532167,0.142615613064334,5,0.983297182298202,"fb75d0da2dd1fc2b0bafdd114360062886b947416fbafae3418ebf5fc09fd72b",0.0160000000000053,"pwo","pwo_snr5","ols",5,TRUE,NA,60,352,16,44,0.0183043062127222,0.0203392130897158,19.2238825834822,0.0209695286923979,0.0211899689820289,0.0927387438629337,0.0968198223511651,0.0661299640541427,0.0690400916069566,-1.28674528578963,-1.24998569575024,0.991666666666667,0.985795454545455,0.302621294518082,0.305147359044666,0.310309195316375,0.315724227537566,0.00567999453169434,0.00577911293962277,0.00631144484723801,0.00642158234147248
"29_pwo_gp_model_specific","db6cb901415724b9f55892557a81f2cbcc3e7f91cf2f712ea45b7b9a2b1eb5a5","b1d5697d50014504fea8964eae8d6ad099291a4087058c07ada854c160fad766",31,6,60,"SA_hamming_foldover","Hamming",180538442,401256425,0.71307806532167,0.356539032660835,2,0.983297182298202,"fb75d0da2dd1fc2b0bafdd114360062886b947416fbafae3418ebf5fc09fd72b",0.00900000000000034,"pwo","pwo_snr2","ols",2,TRUE,NA,60,352,16,44,0.0804613447764272,0.127120081810724,56.6971203201719,0.0615764078956395,0.0619901160574571,0.239613080066626,0.247835362610567,0.170862831559676,0.176725960888638,-0.390022409629654,-0.354333733159523,0.994444444444444,0.991477272727273,0.772399222808202,0.791568132353589,0.467840899235196,0.489011590306778,0.0376431078938768,0.0393465301673426,0.0594719733851808,0.0621631933661899
"29_pwo_gp_model_specific","db6cb901415724b9f55892557a81f2cbcc3e7f91cf2f712ea45b7b9a2b1eb5a5","b1d5697d50014504fea8964eae8d6ad099291a4087058c07ada854c160fad766",31,6,60,"SA_hamming_foldover","Hamming",180538442,401256425,0.71307806532167,0.142615613064334,5,0.983297182298202,"fb75d0da2dd1fc2b0bafdd114360062886b947416fbafae3418ebf5fc09fd72b",0.00900000000000034,"pwo","pwo_snr5","ols",5,TRUE,NA,60,352,16,44,0.0128738151642283,0.0203392130897158,56.6971203201719,0.0246305631582558,0.0247960464229829,0.0958452320266505,0.0991341450442269,0.0683451326238705,0.0706903843554551,-1.30631314150381,-1.27062446503368,0.994444444444444,0.991477272727273,0.308959689123281,0.316627252941435,0.467840899235196,0.489011590306778,0.00602289726302029,0.00629544482677481,0.00951551574162892,0.00994611093859038
"29_pwo_gp_model_specific","db6cb901415724b9f55892557a81f2cbcc3e7f91cf2f712ea45b7b9a2b1eb5a5","b1d5697d50014504fea8964eae8d6ad099291a4087058c07ada854c160fad766",31,6,60,"SA_l2_position_foldover","L2",180538442,401256425,0.71307806532167,0.356539032660835,2,0.983297182298202,"fb75d0da2dd1fc2b0bafdd114360062886b947416fbafae3418ebf5fc09fd72b",0.00699999999999079,"pwo","pwo_snr2","ols",2,TRUE,NA,60,352,16,44,0.101398960714708,0.127120081810724,111.71661384174,0.0800766053004826,0.0814026520402065,0.286544489865109,0.289719253136522,0.204328590461597,0.20659244451303,-0.178510296098809,-0.168373017581601,0.975,0.977272727272727,0.891711176909136,0.925210291982706,0.508982356251363,0.547895947809375,0.0516102819460114,0.0555560796876704,0.0647018787668883,0.0696485777092919
"29_pwo_gp_model_specific","db6cb901415724b9f55892557a81f2cbcc3e7f91cf2f712ea45b7b9a2b1eb5a5","b1d5697d50014504fea8964eae8d6ad099291a4087058c07ada854c160fad766",31,6,60,"SA_l2_position_foldover","L2",180538442,401256425,0.71307806532167,0.142615613064334,5,0.983297182298202,"fb75d0da2dd1fc2b0bafdd114360062886b947416fbafae3418ebf5fc09fd72b",0.00400000000000489,"pwo","pwo_snr5","ols",5,TRUE,NA,60,352,16,44,0.0162238337143533,0.0203392130897158,111.71661384174,0.0320306421201932,0.0325610608160828,0.114617795946044,0.115887701254609,0.081731436184639,0.0826369778052125,-1.09480102797296,-1.08466374945575,0.975,0.977272727272727,0.356684470763654,0.370084116793083,0.508982356251363,0.547895947809375,0.00825764511136182,0.00888897275002727,0.0103523006027021,0.0111437724334867
"29_pwo_gp_model_specific","db6cb901415724b9f55892557a81f2cbcc3e7f91cf2f712ea45b7b9a2b1eb5a5","b1d5697d50014504fea8964eae8d6ad099291a4087058c07ada854c160fad766",31,6,60,"random_foldover","RandomFoldover",180538442,401256425,0.71307806532167,0.356539032660835,2,0.983297182298202,"fb75d0da2dd1fc2b0bafdd114360062886b947416fbafae3418ebf5fc09fd72b",0.00500000000000966,"pwo","pwo_snr2","ols",2,TRUE,NA,60,352,16,44,0.113862674887679,0.127120081810724,78.1257274078408,0.0894618928488741,0.0908112217389204,0.320329834541819,0.32997422515725,0.228420178679891,0.235297382081149,-0.0556921095654054,-0.025270087852456,0.984722222222222,0.988636363636364,0.993765038920404,1.03120329665328,0.553933912541904,0.592385951543112,0.063072396993019,0.0674506490085818,0.0704161242800613,0.075304150623684
"29_pwo_gp_model_specific","db6cb901415724b9f55892557a81f2cbcc3e7f91cf2f712ea45b7b9a2b1eb5a5","b1d5697d50014504fea8964eae8d6ad099291a4087058c07ada854c160fad766",31,6,60,"random_foldover","RandomFoldover",180538442,401256425,0.71307806532167,0.142615613064334,5,0.983297182298202,"fb75d0da2dd1fc2b0bafdd114360062886b947416fbafae3418ebf5fc09fd72b",0.00900000000000034,"pwo","pwo_snr5","ols",5,TRUE,NA,60,352,16,44,0.0182180279820287,0.0203392130897158,78.1257274078408,0.0357847571395496,0.0363244886955681,0.128131933816727,0.1319896900629,0.0913680714719561,0.0941189528324596,-0.971982841439562,-0.941560819726612,0.984722222222222,0.988636363636364,0.397506015568162,0.412481318661312,0.553933912541904,0.592385951543112,0.010091583518883,0.0107921038413731,0.0112665798848098,0.0120486640997894
"29_pwo_gp_model_specific","db6cb901415724b9f55892557a81f2cbcc3e7f91cf2f712ea45b7b9a2b1eb5a5","b1d5697d50014504fea8964eae8d6ad099291a4087058c07ada854c160fad766",32,6,48,"FSA_lambda050","FSA_lambda050",180538443,401256426,1.65160686402016,0.825803432010081,2,0.983423369468033,"bea7fd6095d13d5ac3a3971bf1ba2c249d7c6f00958aa9d4e8d3741480852a0b",0.00399999999999068,"pwo","pwo_snr2","ols",2,TRUE,NA,48,394,16,32,0.692500153920262,0.681951308319628,49.5138153554736,0.116875658689042,0.119387045068653,0.271071133228924,0.278828604125425,0.447702944278615,0.460515236458712,0.664034936078584,0.693097749298997,0.997222222222222,0.99492385786802,2.33925875998964,2.39518777209313,0.489555370278077,0.513955365474078,0.339017169270059,0.355914169698944,0.333852925256034,0.35049253390294
"29_pwo_gp_model_specific","db6cb901415724b9f55892557a81f2cbcc3e7f91cf2f712ea45b7b9a2b1eb5a5","b1d5697d50014504fea8964eae8d6ad099291a4087058c07ada854c160fad766",32,6,48,"FSA_lambda050","FSA_lambda050",180538443,401256426,1.65160686402016,0.330321372804032,5,0.983423369468033,"bea7fd6095d13d5ac3a3971bf1ba2c249d7c6f00958aa9d4e8d3741480852a0b",0.00500000000000966,"pwo","pwo_snr5","ols",5,TRUE,NA,48,394,16,32,0.110800024627242,0.10911220933114,49.5138153554736,0.0467502634756168,0.0477548180274612,0.10842845329157,0.11153144165017,0.179081177711446,0.184206094583485,-0.252255795795571,-0.223192982575158,0.997222222222222,0.99492385786802,0.935703503995854,0.958075108837252,0.489555370278077,0.513955365474078,0.0542427470832094,0.056946267151831,0.0534164680409655,0.0560788054244704
"29_pwo_gp_model_specific","db6cb901415724b9f55892557a81f2cbcc3e7f91cf2f712ea45b7b9a2b1eb5a5","b1d5697d50014504fea8964eae8d6ad099291a4087058c07ada854c160fad766",32,6,48,"SA_hamming_foldover","Hamming",180538443,401256426,1.65160686402016,0.825803432010081,2,0.983423369468033,"bea7fd6095d13d5ac3a3971bf1ba2c249d7c6f00958aa9d4e8d3741480852a0b",0.00600000000000023,"pwo","pwo_snr2","ols",2,TRUE,NA,48,394,16,32,0.623239961091566,0.681951308319628,109.059454003816,0.317733938934965,0.320047770905251,0.486204960088297,0.501354899456817,0.80301944940248,0.828041193253018,1.14244175243878,1.15159127554356,0.927777777777778,0.931472081218274,2.63884015039021,2.70476778006304,0.707972769055573,0.742488556270842,0.441236921040084,0.462748538921173,0.482802956112118,0.506341042361252
"29_pwo_gp_model_specific","db6cb901415724b9f55892557a81f2cbcc3e7f91cf2f712ea45b7b9a2b1eb5a5","b1d5697d50014504fea8964eae8d6ad099291a4087058c07ada854c160fad766",32,6,48,"SA_hamming_foldover","Hamming",180538443,401256426,1.65160686402016,0.330321372804032,5,0.983423369468033,"bea7fd6095d13d5ac3a3971bf1ba2c249d7c6f00958aa9d4e8d3741480852a0b",0.00599999999998602,"pwo","pwo_snr5","ols",5,TRUE,NA,48,394,16,32,0.0997183937746506,0.10911220933114,109.059454003816,0.127093575573986,0.1280191083621,0.194481984035319,0.200541959782727,0.321207779760993,0.331216477301207,0.226151020564629,0.235300543669408,0.927777777777778,0.931472081218274,1.05553606015608,1.08190711202522,0.707972769055573,0.742488556270842,0.0705979073664134,0.0740397662273876,0.0772484729779389,0.0810145667778004
"29_pwo_gp_model_specific","db6cb901415724b9f55892557a81f2cbcc3e7f91cf2f712ea45b7b9a2b1eb5a5","b1d5697d50014504fea8964eae8d6ad099291a4087058c07ada854c160fad766",32,6,48,"SA_l2_position_foldover","L2",180538443,401256426,1.65160686402016,0.825803432010081,2,0.983423369468033,"bea7fd6095d13d5ac3a3971bf1ba2c249d7c6f00958aa9d4e8d3741480852a0b",0.007000000000005,"pwo","pwo_snr2","ols",2,TRUE,NA,48,394,16,32,0.59055499347116,0.681951308319628,74.2913312563599,0.138596094696715,0.143119271073833,0.268339426483484,0.274084574823825,0.443191238667355,0.452679965101076,0.668104317051406,0.681232188735787,0.9875,0.987309644670051,2.335838732323,2.36654059026024,0.576429715387995,0.591946484202267,0.34041344680754,0.349576952113346,0.393096998563154,0.40367867935694
"29_pwo_gp_model_specific","db6cb901415724b9f55892557a81f2cbcc3e7f91cf2f712ea45b7b9a2b1eb5a5","b1d5697d50014504fea8964eae8d6ad099291a4087058c07ada854c160fad766",32,6,48,"SA_l2_position_foldover","L2",180538443,401256426,1.65160686402016,0.330321372804032,5,0.983423369468033,"bea7fd6095d13d5ac3a3971bf1ba2c249d7c6f00958aa9d4e8d3741480852a0b",0.00800000000000978,"pwo","pwo_snr5","ols",5,TRUE,NA,48,394,16,32,0.0944887989553857,0.10911220933114,74.2913312563599,0.0554384378786861,0.0572477084295335,0.107335770593394,0.10963382992953,0.177276495466943,0.181071986040431,-0.248186414822748,-0.235058543138367,0.9875,0.987309644670051,0.934335492929198,0.946616236104097,0.576429715387995,0.591946484202267,0.0544661514892064,0.0559323123381354,0.0628955197701046,0.0645885886971104
"29_pwo_gp_model_specific","db6cb901415724b9f55892557a81f2cbcc3e7f91cf2f712ea45b7b9a2b1eb5a5","b1d5697d50014504fea8964eae8d6ad099291a4087058c07ada854c160fad766",32,6,48,"random_foldover","RandomFoldover",180538443,401256426,1.65160686402016,0.825803432010081,2,0.983423369468033,"bea7fd6095d13d5ac3a3971bf1ba2c249d7c6f00958aa9d4e8d3741480852a0b",0.00800000000000978,"pwo","pwo_snr2","ols",2,TRUE,NA,48,394,16,32,0.533904035248871,0.681951308319628,45.8632414189016,0.186773857155347,0.187739941526127,0.3170366081477,0.320791116393039,0.523619838162412,0.529820809751433,0.776417346612363,0.8017342818134,0.9625,0.961928934010152,2.16630011519586,2.19338955292497,0.542050633517445,0.555181080055717,0.289403020544171,0.296413418935574,0.369652138702705,0.3786064638983
"29_pwo_gp_model_specific","db6cb901415724b9f55892557a81f2cbcc3e7f91cf2f712ea45b7b9a2b1eb5a5","b1d5697d50014504fea8964eae8d6ad099291a4087058c07ada854c160fad766",32,6,48,"random_foldover","RandomFoldover",180538443,401256426,1.65160686402016,0.330321372804032,5,0.983423369468033,"bea7fd6095d13d5ac3a3971bf1ba2c249d7c6f00958aa9d4e8d3741480852a0b",0.007000000000005,"pwo","pwo_snr5","ols",5,TRUE,NA,48,394,16,32,0.0854246456398194,0.10911220933114,45.8632414189016,0.0747095428621389,0.0750959766104509,0.12681464325908,0.128316446557215,0.209447935264965,0.211928323900573,-0.139873385261793,-0.114556450060755,0.9625,0.961928934010152,0.866520046078343,0.877355821169987,0.542050633517445,0.555181080055717,0.0463044832870673,0.0474261470296918,0.0591443421924328,0.0605770342237281
"29_pwo_gp_model_specific","db6cb901415724b9f55892557a81f2cbcc3e7f91cf2f712ea45b7b9a2b1eb5a5","b1d5697d50014504fea8964eae8d6ad099291a4087058c07ada854c160fad766",32,6,60,"FSA_lambda050","FSA_lambda050",180538443,401256426,1.65160686402016,0.825803432010081,2,0.983423369468033,"6bfadf8b789644d6c4b95cdec1eb2e7376d03930e856fc8ce181a9ea85716ace",0.00799999999999557,"pwo","pwo_snr2","ols",2,TRUE,NA,60,362,16,44,0.542625283823239,0.681951308319628,18.2019893117113,0.122268011196197,0.123986959966053,0.217857489705176,0.225029945813318,0.359814925375271,0.37166100311536,0.403737715379901,0.438042074594473,0.977777777777778,0.972375690607735,1.61834734894304,1.62704946570648,0.298707864908336,0.301909505130476,0.162086439976119,0.163823730910358,0.203704219279602,0.20588758201786
"29_pwo_gp_model_specific","db6cb901415724b9f55892557a81f2cbcc3e7f91cf2f712ea45b7b9a2b1eb5a5","b1d5697d50014504fea8964eae8d6ad099291a4087058c07ada854c160fad766",32,6,60,"FSA_lambda050","FSA_lambda050",180538443,401256426,1.65160686402016,0.330321372804032,5,0.983423369468033,"6bfadf8b789644d6c4b95cdec1eb2e7376d03930e856fc8ce181a9ea85716ace",0.00799999999999557,"pwo","pwo_snr5","ols",5,TRUE,NA,60,362,16,44,0.0868200454117182,0.10911220933114,18.2019893117113,0.0489072044784787,0.0495947839864214,0.0871429958820706,0.090011978325327,0.143925970150108,0.148664401246144,-0.512553016494254,-0.478248657279682,0.977777777777778,0.972375690607735,0.647338939577218,0.650819786282591,0.298707864908336,0.301909505130476,0.0259338303961791,0.0262117969456573,0.0325926750847363,0.0329420131228575
"29_pwo_gp_model_specific","db6cb901415724b9f55892557a81f2cbcc3e7f91cf2f712ea45b7b9a2b1eb5a5","b1d5697d50014504fea8964eae8d6ad099291a4087058c07ada854c160fad766",32,6,60,"SA_hamming_foldover","Hamming",180538443,401256426,1.65160686402016,0.825803432010081,2,0.983423369468033,"6bfadf8b789644d6c4b95cdec1eb2e7376d03930e856fc8ce181a9ea85716ace",0.00499999999999545,"pwo","pwo_snr2","ols",2,TRUE,NA,60,362,16,44,0.640508718041961,0.681951308319628,70.7601617270125,0.215956816182076,0.223020039393571,0.362553349285472,0.386862844782142,0.598795600253385,0.638945329876552,0.876346456821435,0.941996045319006,0.947222222222222,0.933701657458563,2.19146115073958,2.24580424978426,0.47421794778655,0.495326553810197,0.303740729809253,0.317260975993112,0.323393549921687,0.337788591416317
"29_pwo_gp_model_specific","db6cb901415724b9f55892557a81f2cbcc3e7f91cf2f712ea45b7b9a2b1eb5a5","b1d5697d50014504fea8964eae8d6ad099291a4087058c07ada854c160fad766",32,6,60,"SA_hamming_foldover","Hamming",180538443,401256426,1.65160686402016,0.330321372804032,5,0.983423369468033,"6bfadf8b789644d6c4b95cdec1eb2e7376d03930e856fc8ce181a9ea85716ace",0.00500000000000966,"pwo","pwo_snr5","ols",5,TRUE,NA,60,362,16,44,0.102481394886714,0.10911220933114,70.7601617270125,0.0863827264728302,0.0892080157574284,0.145021339714189,0.154745137912857,0.239518240101354,0.255578131950621,-0.0399442750527207,0.0257053134448504,0.947222222222222,0.933701657458563,0.876584460295834,0.898321699913703,0.47421794778655,0.495326553810197,0.0485985167694804,0.0507617561588979,0.0517429679874699,0.0540461746266106
"29_pwo_gp_model_specific","db6cb901415724b9f55892557a81f2cbcc3e7f91cf2f712ea45b7b9a2b1eb5a5","b1d5697d50014504fea8964eae8d6ad099291a4087058c07ada854c160fad766",32,6,60,"SA_l2_position_foldover","L2",180538443,401256426,1.65160686402016,0.825803432010081,2,0.983423369468033,"6bfadf8b789644d6c4b95cdec1eb2e7376d03930e856fc8ce181a9ea85716ace",0.00400000000000489,"pwo","pwo_snr2","ols",2,TRUE,NA,60,362,16,44,0.526315993004777,0.681951308319628,35.7474291759638,0.124514423447221,0.125874528208837,0.205051936583703,0.207483920930577,0.338665185942271,0.342681867982758,0.391568251516907,0.399424082600126,0.993055555555556,0.994475138121547,1.82894386697615,1.85788590515455,0.399626033318663,0.411277661215465,0.210329572556672,0.2164620106633,0.272525496260246,0.280471339148523
"29_pwo_gp_model_specific","db6cb901415724b9f55892557a81f2cbcc3e7f91cf2f712ea45b7b9a2b1eb5a5","b1d5697d50014504fea8964eae8d6ad099291a4087058c07ada854c160fad766",32,6,60,"SA_l2_position_foldover","L2",180538443,401256426,1.65160686402016,0.330321372804032,5,0.983423369468033,"6bfadf8b789644d6c4b95cdec1eb2e7376d03930e856fc8ce181a9ea85716ace",0.00900000000000034,"pwo","pwo_snr5","ols",5,TRUE,NA,60,362,16,44,0.0842105588807643,0.10911220933114,35.7474291759638,0.0498057693788886,0.050349811283535,0.0820207746334814,0.082993568372231,0.135466074376909,0.137072747193103,-0.524722480357247,-0.516866649274029,0.993055555555556,0.994475138121547,0.731577546790462,0.743154362061821,0.399626033318663,0.411277661215465,0.0336527316090676,0.034633921706128,0.0436040794016393,0.0448754142637637
"29_pwo_gp_model_specific","db6cb901415724b9f55892557a81f2cbcc3e7f91cf2f712ea45b7b9a2b1eb5a5","b1d5697d50014504fea8964eae8d6ad099291a4087058c07ada854c160fad766",32,6,60,"random_foldover","RandomFoldover",180538443,401256426,1.65160686402016,0.825803432010081,2,0.983423369468033,"6bfadf8b789644d6c4b95cdec1eb2e7376d03930e856fc8ce181a9ea85716ace",0.00800000000000978,"pwo","pwo_snr2","ols",2,TRUE,NA,60,362,16,44,0.464055249007001,0.681951308319628,56.4587826186453,0.257032754034371,0.263018670004143,0.421200734017286,0.427031169463584,0.69565802343328,0.705287610636612,1.20812425123545,1.21674296868564,0.805555555555556,0.814917127071823,1.81684987664749,1.85943056445088,0.449275436439284,0.468510673922094,0.208488624529561,0.217414837449355,0.306383971675642,0.319501467042883
"29_pwo_gp_model_specific","db6cb901415724b9f55892557a81f2cbcc3e7f91cf2f712ea45b7b9a2b1eb5a5","b1d5697d50014504fea8964eae8d6ad099291a4087058c07ada854c160fad766",32,6,60,"random_foldover","RandomFoldover",180538443,401256426,1.65160686402016,0.330321372804032,5,0.983423369468033,"6bfadf8b789644d6c4b95cdec1eb2e7376d03930e856fc8ce181a9ea85716ace",0.00800000000000978,"pwo","pwo_snr5","ols",5,TRUE,NA,60,362,16,44,0.0742488398411202,0.10911220933114,56.4587826186453,0.102813101613748,0.105207468001657,0.168480293606914,0.170812467785434,0.278263209373312,0.282115044254645,0.291833519361296,0.300452236811485,0.805555555555556,0.814917127071823,0.726739950658995,0.743772225780353,0.449275436439284,0.468510673922094,0.0333581799247298,0.0347863739918968,0.0490214354681027,0.0511202347268612
"29_pwo_gp_model_specific","db6cb901415724b9f55892557a81f2cbcc3e7f91cf2f712ea45b7b9a2b1eb5a5","b1d5697d50014504fea8964eae8d6ad099291a4087058c07ada854c160fad766",33,6,48,"FSA_lambda050","FSA_lambda050",180538444,401256427,0.842310612740003,0.421155306370001,2,1.04602553446101,"a65c10a97ea5b78a7cfd78c5422162ae2406e34dc642edf1b5198606469775b7",0.00400000000000489,"pwo","pwo_snr2","ols",2,TRUE,NA,48,404,16,32,0.120662603258522,0.17737179208361,39.6704883390566,0.103769355677575,0.105904362345499,0.361401470371924,0.352711701772587,0.304412293954113,0.297092809640637,0.348567525924416,0.289724707436095,0.8625,0.886138613861386,0.936448748148031,0.956273327501415,0.44695375229653,0.465220536784628,0.0539306032882639,0.0561347210577603,0.0792769880233293,0.0825170003235884
"29_pwo_gp_model_specific","db6cb901415724b9f55892557a81f2cbcc3e7f91cf2f712ea45b7b9a2b1eb5a5","b1d5697d50014504fea8964eae8d6ad099291a4087058c07ada854c160fad766",33,6,48,"FSA_lambda050","FSA_lambda050",180538444,401256427,0.842310612740003,0.168462122548001,5,1.04602553446101,"a65c10a97ea5b78a7cfd78c5422162ae2406e34dc642edf1b5198606469775b7",0.00400000000000489,"pwo","pwo_snr5","ols",5,TRUE,NA,48,404,16,32,0.0193060165213635,0.0283794867333776,39.6704883390566,0.0415077422710301,0.0423617449381996,0.14456058814877,0.141084680709035,0.121764917581645,0.118837123856255,-0.567723205949739,-0.626566024438059,0.8625,0.886138613861386,0.374579499259212,0.382509331000566,0.44695375229653,0.465220536784628,0.00862889652612223,0.00898155536924165,0.0126843180837327,0.0132027200517741
"29_pwo_gp_model_specific","db6cb901415724b9f55892557a81f2cbcc3e7f91cf2f712ea45b7b9a2b1eb5a5","b1d5697d50014504fea8964eae8d6ad099291a4087058c07ada854c160fad766",33,6,48,"SA_hamming_foldover","Hamming",180538444,401256427,0.842310612740003,0.421155306370001,2,1.04602553446101,"a65c10a97ea5b78a7cfd78c5422162ae2406e34dc642edf1b5198606469775b7",0.007000000000005,"pwo","pwo_snr2","ols",2,TRUE,NA,48,404,16,32,0.214722668909743,0.17737179208361,64.0103933558185,0.0964948744529536,0.099380752299679,0.283475638369013,0.295980357853753,0.238774538651466,0.2493073965828,0.121230716867619,0.164063592846738,1,1,1.52244812996463,1.56170271555995,0.671405223691698,0.703041126947103,0.144165921551025,0.150958867131396,0.119088347740493,0.124699664595088
"29_pwo_gp_model_specific","db6cb901415724b9f55892557a81f2cbcc3e7f91cf2f712ea45b7b9a2b1eb5a5","b1d5697d50014504fea8964eae8d6ad099291a4087058c07ada854c160fad766",33,6,48,"SA_hamming_foldover","Hamming",180538444,401256427,0.842310612740003,0.168462122548001,5,1.04602553446101,"a65c10a97ea5b78a7cfd78c5422162ae2406e34dc642edf1b5198606469775b7",0.00799999999999557,"pwo","pwo_snr5","ols",5,TRUE,NA,48,404,16,32,0.034355627025559,0.0283794867333776,64.0103933558185,0.0385979497811815,0.0397523009198716,0.113390255347605,0.118392143141501,0.0955098154605866,0.09972295863312,-0.795060015006536,-0.752227139027416,1,1,0.60897925198585,0.624681086223979,0.671405223691698,0.703041126947103,0.023066547448164,0.0241534187410233,0.0190541356384789,0.0199519463352141
"29_pwo_gp_model_specific","db6cb901415724b9f55892557a81f2cbcc3e7f91cf2f712ea45b7b9a2b1eb5a5","b1d5697d50014504fea8964eae8d6ad099291a4087058c07ada854c160fad766",33,6,48,"SA_l2_position_foldover","L2",180538444,401256427,0.842310612740003,0.421155306370001,2,1.04602553446101,"a65c10a97ea5b78a7cfd78c5422162ae2406e34dc642edf1b5198606469775b7",0.00799999999999557,"pwo","pwo_snr2","ols",2,TRUE,NA,48,404,16,32,0.168118480882333,0.17737179208361,158.764032947139,0.167560209755654,0.17284300099336,0.533540642809153,0.556175536138727,0.449406945766273,0.46847255663601,0.596951355735855,0.63770024183266,0.918055555555556,0.920792079207921,1.45664711358467,1.53222258976844,0.823224504409427,0.906782500126988,0.138399253106425,0.152446896412034,0.146016805634242,0.16083763707758
"29_pwo_gp_model_specific","db6cb901415724b9f55892557a81f2cbcc3e7f91cf2f712ea45b7b9a2b1eb5a5","b1d5697d50014504fea8964eae8d6ad099291a4087058c07ada854c160fad766",33,6,48,"SA_l2_position_foldover","L2",180538444,401256427,0.842310612740003,0.168462122548001,5,1.04602553446101,"a65c10a97ea5b78a7cfd78c5422162ae2406e34dc642edf1b5198606469775b7",0.00799999999999557,"pwo","pwo_snr5","ols",5,TRUE,NA,48,404,16,32,0.0268989569411733,0.0283794867333776,158.764032947139,0.0670240839022615,0.0691372003973441,0.213416257123661,0.222470214455491,0.179762778306509,0.187389022654404,-0.3193393761383,-0.278590490041495,0.918055555555556,0.920792079207921,0.58265884543387,0.612889035907376,0.823224504409427,0.906782500126988,0.0221438804970279,0.0243915034259254,0.0233626889014787,0.0257340219324128
"29_pwo_gp_model_specific","db6cb901415724b9f55892557a81f2cbcc3e7f91cf2f712ea45b7b9a2b1eb5a5","b1d5697d50014504fea8964eae8d6ad099291a4087058c07ada854c160fad766",33,6,48,"random_foldover","RandomFoldover",180538444,401256427,0.842310612740003,0.421155306370001,2,1.04602553446101,"a65c10a97ea5b78a7cfd78c5422162ae2406e34dc642edf1b5198606469775b7",0.00699999999999079,"pwo","pwo_snr2","ols",2,TRUE,NA,48,404,16,32,0.178931868862363,0.17737179208361,159.780359340642,0.146146885504891,0.149337879085687,0.47615720698328,0.500491293297161,0.401072268774655,0.421569127928168,0.487117014562624,0.551610421541458,0.961111111111111,0.952970297029703,1.63074020264648,1.6687713554116,0.947061950013409,0.982264069419998,0.169459564644333,0.17575834565767,0.167982075288076,0.174225938292364
"29_pwo_gp_model_specific","db6cb901415724b9f55892557a81f2cbcc3e7f91cf2f712ea45b7b9a2b1eb5a5","b1d5697d50014504fea8964eae8d6ad099291a4087058c07ada854c160fad766",33,6,48,"random_foldover","RandomFoldover",180538444,401256427,0.842310612740003,0.168462122548001,5,1.04602553446101,"a65c10a97ea5b78a7cfd78c5422162ae2406e34dc642edf1b5198606469775b7",0.00799999999999557,"pwo","pwo_snr5","ols",5,TRUE,NA,48,404,16,32,0.0286290990179781,0.0283794867333776,159.780359340642,0.0584587542019565,0.0597351516342748,0.190462882793312,0.200196517318864,0.160428907509862,0.168627651171267,-0.429173717311532,-0.364680310332697,0.961111111111111,0.952970297029703,0.652296081058591,0.667508542164642,0.947061950013409,0.982264069419998,0.0271135303430933,0.0281213353052272,0.0268771320460922,0.0278761501267783
"29_pwo_gp_model_specific","db6cb901415724b9f55892557a81f2cbcc3e7f91cf2f712ea45b7b9a2b1eb5a5","b1d5697d50014504fea8964eae8d6ad099291a4087058c07ada854c160fad766",33,6,60,"FSA_lambda050","FSA_lambda050",180538444,401256427,0.842310612740003,0.421155306370001,2,1.04602553446101,"79a6ffd7f0090d7733ae79104f2997220b4e5acf596d7e61a2dee36733a0ceec",0.00400000000000489,"pwo","pwo_snr2","ols",2,TRUE,NA,60,324,16,44,0.193135747598012,0.17737179208361,19.3135187734173,0.113695355322878,0.116468624131863,0.359729651722888,0.359510162818078,0.303004103363453,0.302819225529553,0.275963789561222,0.284426391719577,0.8875,0.864197530864197,0.981797350318665,0.980866017124101,0.309461734561993,0.308830047072801,0.0597681234576083,0.0596461220221348,0.0548897824405631,0.0547777388985683
"29_pwo_gp_model_specific","db6cb901415724b9f55892557a81f2cbcc3e7f91cf2f712ea45b7b9a2b1eb5a5","b1d5697d50014504fea8964eae8d6ad099291a4087058c07ada854c160fad766",33,6,60,"FSA_lambda050","FSA_lambda050",180538444,401256427,0.842310612740003,0.168462122548001,5,1.04602553446101,"79a6ffd7f0090d7733ae79104f2997220b4e5acf596d7e61a2dee36733a0ceec",0.00499999999999545,"pwo","pwo_snr5","ols",5,TRUE,NA,60,324,16,44,0.030901719615682,0.0283794867333776,19.3135187734173,0.0454781421291512,0.0465874496527452,0.143891860689155,0.143804065127231,0.121201641345381,0.121127690211821,-0.640326942312932,-0.631864340154578,0.8875,0.864197530864197,0.392718940127466,0.392346406849641,0.309461734561993,0.308830047072801,0.00956289975321732,0.00954337952354157,0.0087823651904901,0.00876443822377093
"29_pwo_gp_model_specific","db6cb901415724b9f55892557a81f2cbcc3e7f91cf2f712ea45b7b9a2b1eb5a5","b1d5697d50014504fea8964eae8d6ad099291a4087058c07ada854c160fad766",33,6,60,"SA_hamming_foldover","Hamming",180538444,401256427,0.842310612740003,0.421155306370001,2,1.04602553446101,"79a6ffd7f0090d7733ae79104f2997220b4e5acf596d7e61a2dee36733a0ceec",0.00799999999999557,"pwo","pwo_snr2","ols",2,TRUE,NA,60,324,16,44,0.154129930695708,0.17737179208361,80.5665571490754,0.14577478884799,0.147232557961521,0.430063998730815,0.419928365000063,0.362247470288369,0.353710118430111,0.4672358867686,0.425207993042098,0.866666666666667,0.882716049382716,1.0831512136917,1.10487966650459,0.48891936392947,0.50583035154679,0.0753571076782388,0.0779635970276922,0.0867205037645487,0.0897200359441364
"29_pwo_gp_model_specific","db6cb901415724b9f55892557a81f2cbcc3e7f91cf2f712ea45b7b9a2b1eb5a5","b1d5697d50014504fea8964eae8d6ad099291a4087058c07ada854c160fad766",33,6,60,"SA_hamming_foldover","Hamming",180538444,401256427,0.842310612740003,0.168462122548001,5,1.04602553446101,"79a6ffd7f0090d7733ae79104f2997220b4e5acf596d7e61a2dee36733a0ceec",0.00799999999999557,"pwo","pwo_snr5","ols",5,TRUE,NA,60,324,16,44,0.0246607889113133,0.0283794867333776,80.5665571490754,0.0583099155391961,0.0588930231846082,0.172025599492326,0.167971346000025,0.144898988115347,0.141484047372044,-0.449054845105556,-0.491082738832057,0.866666666666667,0.882716049382716,0.433260485476678,0.441951866601836,0.48891936392947,0.50583035154679,0.0120571372285182,0.0124741755244308,0.0138752806023278,0.0143552057510618
"29_pwo_gp_model_specific","db6cb901415724b9f55892557a81f2cbcc3e7f91cf2f712ea45b7b9a2b1eb5a5","b1d5697d50014504fea8964eae8d6ad099291a4087058c07ada854c160fad766",33,6,60,"SA_l2_position_foldover","L2",180538444,401256427,0.842310612740003,0.421155306370001,2,1.04602553446101,"79a6ffd7f0090d7733ae79104f2997220b4e5acf596d7e61a2dee36733a0ceec",0.00799999999999557,"pwo","pwo_snr2","ols",2,TRUE,NA,60,324,16,44,0.153158377464991,0.17737179208361,51.1788745249814,0.104772128426838,0.102731196963955,0.349286055246244,0.354338983990067,0.294207351216002,0.298463486722344,0.19158316139703,0.217350248401175,0.925,0.929012345679012,1.03405554493794,1.05389605725255,0.440974387533802,0.456360744403754,0.0675389216982951,0.0698954711515942,0.0782164173798427,0.0809455230715039
"29_pwo_gp_model_specific","db6cb901415724b9f55892557a81f2cbcc3e7f91cf2f712ea45b7b9a2b1eb5a5","b1d5697d50014504fea8964eae8d6ad099291a4087058c07ada854c160fad766",33,6,60,"SA_l2_position_foldover","L2",180538444,401256427,0.842310612740003,0.168462122548001,5,1.04602553446101,"79a6ffd7f0090d7733ae79104f2997220b4e5acf596d7e61a2dee36733a0ceec",0.00799999999999557,"pwo","pwo_snr5","ols",5,TRUE,NA,60,324,16,44,0.0245053403943985,0.0283794867333776,51.1788745249814,0.0419088513707349,0.0410924787855817,0.139714422098497,0.141735593596027,0.117682940486401,0.119385394688937,-0.724707570477127,-0.698940483472982,0.925,0.929012345679012,0.413622217975175,0.421558422901018,0.440974387533802,0.456360744403754,0.0108062274717272,0.0111832753842551,0.0125146267807748,0.0129512836914406
"29_pwo_gp_model_specific","db6cb901415724b9f55892557a81f2cbcc3e7f91cf2f712ea45b7b9a2b1eb5a5","b1d5697d50014504fea8964eae8d6ad099291a4087058c07ada854c160fad766",33,6,60,"random_foldover","RandomFoldover",180538444,401256427,0.842310612740003,0.421155306370001,2,1.04602553446101,"79a6ffd7f0090d7733ae79104f2997220b4e5acf596d7e61a2dee36733a0ceec",0.00699999999999079,"pwo","pwo_snr2","ols",2,TRUE,NA,60,324,16,44,0.137572578532983,0.17737179208361,58.0739831438892,0.129430927365731,0.130349305012487,0.405874678291665,0.398089497814851,0.341872548967504,0.335315008829787,0.450590199731753,0.444436931366663,0.8625,0.867283950617284,1.00238020612138,1.01387182695707,0.4634807836142,0.471229380870969,0.0637622465022932,0.0648282410069205,0.0822084171859664,0.0835827997675336
"29_pwo_gp_model_specific","db6cb901415724b9f55892557a81f2cbcc3e7f91cf2f712ea45b7b9a2b1eb5a5","b1d5697d50014504fea8964eae8d6ad099291a4087058c07ada854c160fad766",33,6,60,"random_foldover","RandomFoldover",180538444,401256427,0.842310612740003,0.168462122548001,5,1.04602553446101,"79a6ffd7f0090d7733ae79104f2997220b4e5acf596d7e61a2dee36733a0ceec",0.00500000000000966,"pwo","pwo_snr5","ols",5,TRUE,NA,60,324,16,44,0.0220116125652773,0.0283794867333776,58.0739831438892,0.0517723709462925,0.0521397220049946,0.162349871316666,0.159235799125941,0.136749019587002,0.134126003531915,-0.465700532142403,-0.471853800507493,0.8625,0.867283950617284,0.400952082448554,0.405548730782829,0.4634807836142,0.471229380870969,0.0102019594403669,0.0103725185611073,0.0131533467497546,0.0133732479628054
"29_pwo_gp_model_specific","db6cb901415724b9f55892557a81f2cbcc3e7f91cf2f712ea45b7b9a2b1eb5a5","b1d5697d50014504fea8964eae8d6ad099291a4087058c07ada854c160fad766",34,6,48,"FSA_lambda050","FSA_lambda050",180538445,401256428,0.867581571673408,0.433790785836704,2,1.04862335021256,"98b08557018215da1f0a8dd6c4bb9b85707985e784fc50ce95b081ec54821d7f",0.00800000000000978,"pwo","pwo_snr2","ols",2,TRUE,NA,48,384,16,32,0.147586763843589,0.188174445876825,34.4683452263352,0.071201666015875,0.0729681783130583,0.197045890569448,0.186690185299848,0.170953383432028,0.161968964378442,-0.224798708031158,-0.241204344576483,0.997222222222222,1,1.02314122203187,1.03597376825166,0.434521815940987,0.445976782615479,0.0641296686341698,0.0658202700955943,0.081765901936087,0.0839214339425971
"29_pwo_gp_model_specific","db6cb901415724b9f55892557a81f2cbcc3e7f91cf2f712ea45b7b9a2b1eb5a5","b1d5697d50014504fea8964eae8d6ad099291a4087058c07ada854c160fad766",34,6,48,"FSA_lambda050","FSA_lambda050",180538445,401256428,0.867581571673408,0.173516314334682,5,1.04862335021256,"98b08557018215da1f0a8dd6c4bb9b85707985e784fc50ce95b081ec54821d7f",0.00800000000000978,"pwo","pwo_snr5","ols",5,TRUE,NA,48,384,16,32,0.0236138822149742,0.030107911340292,34.4683452263352,0.02848066640635,0.0291872713252233,0.0788183562277793,0.0746760741199392,0.0683813533728113,0.0647875857513767,-1.14108943990531,-1.15749507645064,0.997222222222222,1,0.409256488812748,0.414389507300663,0.434521815940987,0.445976782615479,0.0102607469814672,0.0105312432152951,0.0130825443097739,0.0134274294308155
"29_pwo_gp_model_specific","db6cb901415724b9f55892557a81f2cbcc3e7f91cf2f712ea45b7b9a2b1eb5a5","b1d5697d50014504fea8964eae8d6ad099291a4087058c07ada854c160fad766",34,6,48,"SA_hamming_foldover","Hamming",180538445,401256428,0.867581571673408,0.433790785836704,2,1.04862335021256,"98b08557018215da1f0a8dd6c4bb9b85707985e784fc50ce95b081ec54821d7f",0.00800000000000978,"pwo","pwo_snr2","ols",2,TRUE,NA,48,384,16,32,0.258632846441301,0.188174445876825,165.208991544779,0.140873334610734,0.144276629669558,0.394214058891967,0.395953245447228,0.342012852789246,0.343521738994293,0.401597197130492,0.421192350090088,1,1,1.96820630098332,2.02861550298957,0.988503503928026,1.04329308910156,0.255659474938105,0.269829861306873,0.186011099098956,0.196321098928806
"29_pwo_gp_model_specific","db6cb901415724b9f55892557a81f2cbcc3e7f91cf2f712ea45b7b9a2b1eb5a5","b1d5697d50014504fea8964eae8d6ad099291a4087058c07ada854c160fad766",34,6,48,"SA_hamming_foldover","Hamming",180538445,401256428,0.867581571673408,0.173516314334682,5,1.04862335021256,"98b08557018215da1f0a8dd6c4bb9b85707985e784fc50ce95b081ec54821d7f",0.0100000000000051,"pwo","pwo_snr5","ols",5,TRUE,NA,48,384,16,32,0.0413812554306081,0.030107911340292,165.208991544779,0.0563493338442935,0.0577106518678233,0.157685623556787,0.158381298178891,0.136805141115698,0.137408695597717,-0.514693534743663,-0.495098381784067,1,1,0.787282520393327,0.811446201195827,0.988503503928026,1.04329308910156,0.0409055159900968,0.0431727778090997,0.029761775855833,0.031411375828609
"29_pwo_gp_model_specific","db6cb901415724b9f55892557a81f2cbcc3e7f91cf2f712ea45b7b9a2b1eb5a5","b1d5697d50014504fea8964eae8d6ad099291a4087058c07ada854c160fad766",34,6,48,"SA_l2_position_foldover","L2",180538445,401256428,0.867581571673408,0.433790785836704,2,1.04862335021256,"98b08557018215da1f0a8dd6c4bb9b85707985e784fc50ce95b081ec54821d7f",0.00900000000000034,"pwo","pwo_snr2","ols",2,TRUE,NA,48,384,16,32,0.155532397919526,0.188174445876825,78.6750707433726,0.123429006770507,0.126419077454582,0.341310528527588,0.338629764848037,0.296114724768646,0.293788943602257,0.212776896270971,0.207158570896939,0.954166666666667,0.963541666666667,1.22431512157856,1.25022104349542,0.601112365576891,0.625745237893177,0.0934924476372524,0.0973236573362499,0.113113986302139,0.117749263400611
"29_pwo_gp_model_specific","db6cb901415724b9f55892557a81f2cbcc3e7f91cf2f712ea45b7b9a2b1eb5a5","b1d5697d50014504fea8964eae8d6ad099291a4087058c07ada854c160fad766",34,6,48,"SA_l2_position_foldover","L2",180538445,401256428,0.867581571673408,0.173516314334682,5,1.04862335021256,"98b08557018215da1f0a8dd6c4bb9b85707985e784fc50ce95b081ec54821d7f",0.0100000000000051,"pwo","pwo_snr5","ols",5,TRUE,NA,48,384,16,32,0.0248851836671241,0.030107911340292,78.6750707433726,0.0493716027082031,0.0505676309818327,0.136524211411035,0.135451905939215,0.118445889907459,0.117515577440903,-0.703513835603183,-0.709132160977215,0.954166666666667,0.963541666666667,0.489726048631423,0.500088417398167,0.601112365576891,0.625745237893177,0.0149587916219604,0.0155717851738,0.0180982378083422,0.0188398821440977
"29_pwo_gp_model_specific","db6cb901415724b9f55892557a81f2cbcc3e7f91cf2f712ea45b7b9a2b1eb5a5","b1d5697d50014504fea8964eae8d6ad099291a4087058c07ada854c160fad766",34,6,48,"random_foldover","RandomFoldover",180538445,401256428,0.867581571673408,0.433790785836704,2,1.04862335021256,"98b08557018215da1f0a8dd6c4bb9b85707985e784fc50ce95b081ec54821d7f",0.00699999999999079,"pwo","pwo_snr2","ols",2,TRUE,NA,48,384,16,32,0.239188371759526,0.188174445876825,71.6343113148402,0.110866420182628,0.113583652015635,0.317646601992744,0.321624343115293,0.275584338193582,0.279035353088394,0.234338998616108,0.237565645175997,0.9875,0.9921875,1.54665163704333,1.58421597703734,0.622802593617889,0.650326145801265,0.148967138295073,0.155550451926853,0.117195532944696,0.122374762125364
"29_pwo_gp_model_specific","db6cb901415724b9f55892557a81f2cbcc3e7f91cf2f712ea45b7b9a2b1eb5a5","b1d5697d50014504fea8964eae8d6ad099291a4087058c07ada854c160fad766",34,6,48,"random_foldover","RandomFoldover",180538445,401256428,0.867581571673408,0.173516314334682,5,1.04862335021256,"98b08557018215da1f0a8dd6c4bb9b85707985e784fc50ce95b081ec54821d7f",0.00600000000000023,"pwo","pwo_snr5","ols",5,TRUE,NA,48,384,16,32,0.0382701394815242,0.030107911340292,71.6343113148402,0.0443465680730511,0.045433460806254,0.127058640797098,0.128649737246117,0.110233735277433,0.111614141235357,-0.681951733258046,-0.678725086698158,0.9875,0.9921875,0.618660654817334,0.633686390814935,0.622802593617889,0.650326145801265,0.0238347421272117,0.0248880723082965,0.0187512852711513,0.0195799619400583
"29_pwo_gp_model_specific","db6cb901415724b9f55892557a81f2cbcc3e7f91cf2f712ea45b7b9a2b1eb5a5","b1d5697d50014504fea8964eae8d6ad099291a4087058c07ada854c160fad766",34,6,60,"FSA_lambda050","FSA_lambda050",180538445,401256428,0.867581571673408,0.433790785836704,2,1.04862335021256,"4299b90234f705b9a8fd79c368346e487130f2b3773b99ab38b5b0ac98eeb1a8",0.00799999999999557,"pwo","pwo_snr2","ols",2,TRUE,NA,60,358,16,44,0.196811558279626,0.188174445876825,23.6223520594715,0.0926611255509966,0.0952977848228179,0.262761549551735,0.259480117386938,0.227967078135434,0.22512016806056,-0.0676947409377241,-0.0715548270073506,0.975,0.977653631284916,1.00609073317576,1.01583122926681,0.31964235936803,0.325883422017984,0.0629093108393981,0.0641376241048564,0.0601485238528401,0.0613229323586778
"29_pwo_gp_model_specific","db6cb901415724b9f55892557a81f2cbcc3e7f91cf2f712ea45b7b9a2b1eb5a5","b1d5697d50014504fea8964eae8d6ad099291a4087058c07ada854c160fad766",34,6,60,"FSA_lambda050","FSA_lambda050",180538445,401256428,0.867581571673408,0.173516314334682,5,1.04862335021256,"4299b90234f705b9a8fd79c368346e487130f2b3773b99ab38b5b0ac98eeb1a8",0.00799999999999557,"pwo","pwo_snr5","ols",5,TRUE,NA,60,358,16,44,0.0314898493247401,0.030107911340292,23.6223520594715,0.0370644502203986,0.0381191139291271,0.105104619820694,0.103792046954775,0.0911868312541735,0.0900480672242239,-0.98398547281188,-0.987845558881507,0.975,0.977653631284916,0.402436293270305,0.406332491706723,0.31964235936803,0.325883422017984,0.0100654897343037,0.010262019856777,0.00962376381645442,0.00981166917738844
"29_pwo_gp_model_specific","db6cb901415724b9f55892557a81f2cbcc3e7f91cf2f712ea45b7b9a2b1eb5a5","b1d5697d50014504fea8964eae8d6ad099291a4087058c07ada854c160fad766",34,6,60,"SA_hamming_foldover","Hamming",180538445,401256428,0.867581571673408,0.433790785836704,2,1.04862335021256,"4299b90234f705b9a8fd79c368346e487130f2b3773b99ab38b5b0ac98eeb1a8",0.00900000000000034,"pwo","pwo_snr2","ols",2,TRUE,NA,60,358,16,44,0.225486474480759,0.188174445876825,56.8103382163671,0.0712629215076299,0.0704244558240879,0.209480621793952,0.221903453374751,0.18174152709112,0.192519346838624,-0.0789083056108575,-0.0316875743269808,1,1,1.29503948059967,1.35377762367839,0.471699815967585,0.513895304605312,0.106361928515754,0.115876440487668,0.0887618514899007,0.0967019641828068
"29_pwo_gp_model_specific","db6cb901415724b9f55892557a81f2cbcc3e7f91cf2f712ea45b7b9a2b1eb5a5","b1d5697d50014504fea8964eae8d6ad099291a4087058c07ada854c160fad766",34,6,60,"SA_hamming_foldover","Hamming",180538445,401256428,0.867581571673408,0.173516314334682,5,1.04862335021256,"4299b90234f705b9a8fd79c368346e487130f2b3773b99ab38b5b0ac98eeb1a8",0.00800000000000978,"pwo","pwo_snr5","ols",5,TRUE,NA,60,358,16,44,0.0360778359169215,0.030107911340292,56.8103382163671,0.0285051686030519,0.0281697823296351,0.0837922487175807,0.0887613813499005,0.0726966108364478,0.0770077387354494,-0.995199037485013,-0.947978306201136,1,1,0.518015792239868,0.541511049471357,0.471699815967585,0.513895304605312,0.0170179085625206,0.0185402304780268,0.0142018962383841,0.0154723142692491
"29_pwo_gp_model_specific","db6cb901415724b9f55892557a81f2cbcc3e7f91cf2f712ea45b7b9a2b1eb5a5","b1d5697d50014504fea8964eae8d6ad099291a4087058c07ada854c160fad766",34,6,60,"SA_l2_position_foldover","L2",180538445,401256428,0.867581571673408,0.433790785836704,2,1.04862335021256,"4299b90234f705b9a8fd79c368346e487130f2b3773b99ab38b5b0ac98eeb1a8",0.00600000000000023,"pwo","pwo_snr2","ols",2,TRUE,NA,60,358,16,44,0.251423306067381,0.188174445876825,45.7578353333089,0.114960325649843,0.117864751652213,0.342912832385822,0.339746204475868,0.297504854068272,0.294757546049249,0.186401086024909,0.192488004485333,0.983333333333333,0.986033519553073,1.33487772897463,1.35665515026451,0.446782598851134,0.459377390795507,0.112331558096529,0.115498182326414,0.0840730679662201,0.0864430859612863
"29_pwo_gp_model_specific","db6cb901415724b9f55892557a81f2cbcc3e7f91cf2f712ea45b7b9a2b1eb5a5","b1d5697d50014504fea8964eae8d6ad099291a4087058c07ada854c160fad766",34,6,60,"SA_l2_position_foldover","L2",180538445,401256428,0.867581571673408,0.173516314334682,5,1.04862335021256,"4299b90234f705b9a8fd79c368346e487130f2b3773b99ab38b5b0ac98eeb1a8",0.00900000000000034,"pwo","pwo_snr5","ols",5,TRUE,NA,60,358,16,44,0.0402277289707809,0.030107911340292,45.7578353333089,0.0459841302599371,0.0471459006608853,0.137165132954329,0.135898481790347,0.119001941627309,0.1179030184197,-0.729889645849245,-0.723802727388822,0.983333333333333,0.986033519553073,0.533951091589851,0.542662060105803,0.446782598851134,0.459377390795507,0.0179730492954446,0.0184797091722262,0.0134516908745952,0.0138308937538058
"29_pwo_gp_model_specific","db6cb901415724b9f55892557a81f2cbcc3e7f91cf2f712ea45b7b9a2b1eb5a5","b1d5697d50014504fea8964eae8d6ad099291a4087058c07ada854c160fad766",34,6,60,"random_foldover","RandomFoldover",180538445,401256428,0.867581571673408,0.433790785836704,2,1.04862335021256,"4299b90234f705b9a8fd79c368346e487130f2b3773b99ab38b5b0ac98eeb1a8",0.00900000000000034,"pwo","pwo_snr2","ols",2,TRUE,NA,60,358,16,44,0.182720824625223,0.188174445876825,66.0366631244312,0.13588121187809,0.139148234673473,0.42947563523348,0.42395607212266,0.372605146611298,0.367816475372662,0.424024852512953,0.418762625623267,0.909722222222222,0.927374301675978,1.23520188595522,1.27336983343892,0.534267812261853,0.564559301740433,0.0976218552271996,0.103156741163852,0.100535549522198,0.106235633769613
"29_pwo_gp_model_specific","db6cb901415724b9f55892557a81f2cbcc3e7f91cf2f712ea45b7b9a2b1eb5a5","b1d5697d50014504fea8964eae8d6ad099291a4087058c07ada854c160fad766",34,6,60,"random_foldover","RandomFoldover",180538445,401256428,0.867581571673408,0.173516314334682,5,1.04862335021256,"4299b90234f705b9a8fd79c368346e487130f2b3773b99ab38b5b0ac98eeb1a8",0.0100000000000051,"pwo","pwo_snr5","ols",5,TRUE,NA,60,358,16,44,0.0292353319400357,0.030107911340292,66.0366631244312,0.0543524847512359,0.0556592938693892,0.171790254093392,0.169582428849064,0.149042058644519,0.147126590149065,-0.492265879361203,-0.497528106250889,0.909722222222222,0.927374301675978,0.494080754382087,0.509347933375569,0.534267812261853,0.564559301740433,0.0156194968363519,0.0165050785862163,0.0160856879235517,0.0169977014031381
"29_pwo_gp_model_specific","db6cb901415724b9f55892557a81f2cbcc3e7f91cf2f712ea45b7b9a2b1eb5a5","b1d5697d50014504fea8964eae8d6ad099291a4087058c07ada854c160fad766",35,6,48,"FSA_lambda050","FSA_lambda050",180538446,401256429,0.875852709641369,0.437926354820685,2,0.992621583195963,"a4a2d99e4dc9d517ab1e905e07c30de1ecd4aa1ca5d3c04c4c67eaf37887ea0e",0.00799999999999557,"pwo","pwo_snr2","ols",2,TRUE,NA,48,394,16,32,0.207251660021715,0.191779492246532,38.4573163815041,0.0812803364183673,0.0834495590580349,0.288897452223609,0.283782287729936,0.253031616338536,0.248551485656491,0.102331653488501,0.0927922165908263,0.986111111111111,0.984771573604061,1.30195418154659,1.30985670395551,0.506184106043373,0.511519089252245,0.104907496254097,0.106013180380323,0.0970757308402628,0.0980988712112042
"29_pwo_gp_model_specific","db6cb901415724b9f55892557a81f2cbcc3e7f91cf2f712ea45b7b9a2b1eb5a5","b1d5697d50014504fea8964eae8d6ad099291a4087058c07ada854c160fad766",35,6,48,"FSA_lambda050","FSA_lambda050",180538446,401256429,0.875852709641369,0.175170541928274,5,0.992621583195963,"a4a2d99e4dc9d517ab1e905e07c30de1ecd4aa1ca5d3c04c4c67eaf37887ea0e",0.007000000000005,"pwo","pwo_snr5","ols",5,TRUE,NA,48,394,16,32,0.0331602656034744,0.0306847187594451,38.4573163815041,0.0325121345673469,0.033379823623214,0.115558980889443,0.113512915091974,0.101212646535414,0.0994205942625964,-0.813959078385654,-0.823498515283329,0.986111111111111,0.984771573604061,0.520781672618637,0.523942681582205,0.506184106043373,0.511519089252245,0.0167851994006555,0.0169621088608518,0.0155321169344421,0.0156958193937927
"29_pwo_gp_model_specific","db6cb901415724b9f55892557a81f2cbcc3e7f91cf2f712ea45b7b9a2b1eb5a5","b1d5697d50014504fea8964eae8d6ad099291a4087058c07ada854c160fad766",35,6,48,"SA_hamming_foldover","Hamming",180538446,401256429,0.875852709641369,0.437926354820685,2,0.992621583195963,"a4a2d99e4dc9d517ab1e905e07c30de1ecd4aa1ca5d3c04c4c67eaf37887ea0e",0.0179999999999865,"pwo","pwo_snr2","ols",2,TRUE,NA,48,394,16,32,0.230995371139426,0.191779492246532,94.5754891983246,0.135050242085237,0.139416346026483,0.405224880945721,0.421761241761455,0.354917309990411,0.369400726418479,0.375923526313554,0.420114509619523,0.994444444444444,0.99238578680203,1.66390118342678,1.71430630263889,0.75500768593124,0.798488392385019,0.174403280624806,0.184447122549501,0.144794990650123,0.153133698456349
"29_pwo_gp_model_specific","db6cb901415724b9f55892557a81f2cbcc3e7f91cf2f712ea45b7b9a2b1eb5a5","b1d5697d50014504fea8964eae8d6ad099291a4087058c07ada854c160fad766",35,6,48,"SA_hamming_foldover","Hamming",180538446,401256429,0.875852709641369,0.175170541928274,5,0.992621583195963,"a4a2d99e4dc9d517ab1e905e07c30de1ecd4aa1ca5d3c04c4c67eaf37887ea0e",0.00600000000000023,"pwo","pwo_snr5","ols",5,TRUE,NA,48,394,16,32,0.0369592593823081,0.0306847187594451,94.5754891983246,0.0540200968340948,0.0557665384105933,0.162089952378288,0.168704496704582,0.141966923996164,0.147760290567392,-0.540367205560601,-0.496176222254632,0.994444444444444,0.99238578680203,0.665560473370712,0.685722521055557,0.75500768593124,0.798488392385019,0.0279045248999689,0.0295115396079201,0.0231671985040196,0.0245013917530158
"29_pwo_gp_model_specific","db6cb901415724b9f55892557a81f2cbcc3e7f91cf2f712ea45b7b9a2b1eb5a5","b1d5697d50014504fea8964eae8d6ad099291a4087058c07ada854c160fad766",35,6,48,"SA_l2_position_foldover","L2",180538446,401256429,0.875852709641369,0.437926354820685,2,0.992621583195963,"a4a2d99e4dc9d517ab1e905e07c30de1ecd4aa1ca5d3c04c4c67eaf37887ea0e",0.00399999999999068,"pwo","pwo_snr2","ols",2,TRUE,NA,48,394,16,32,0.210295072120338,0.191779492246532,75.0768004521309,0.174474886884237,0.179216628279348,0.519411478758344,0.529209433113755,0.454927951089326,0.463509515960456,0.607929735483929,0.633907717245718,0.916666666666667,0.908629441624365,1.44968311085322,1.48209594737355,0.626417316472154,0.649648099084378,0.13173247474494,0.136617793849789,0.120133994887465,0.124589182581327
"29_pwo_gp_model_specific","db6cb901415724b9f55892557a81f2cbcc3e7f91cf2f712ea45b7b9a2b1eb5a5","b1d5697d50014504fea8964eae8d6ad099291a4087058c07ada854c160fad766",35,6,48,"SA_l2_position_foldover","L2",180538446,401256429,0.875852709641369,0.175170541928274,5,0.992621583195963,"a4a2d99e4dc9d517ab1e905e07c30de1ecd4aa1ca5d3c04c4c67eaf37887ea0e",0.00400000000000489,"pwo","pwo_snr5","ols",5,TRUE,NA,48,394,16,32,0.033647211539254,0.0306847187594451,75.0768004521309,0.0697899547536949,0.0716866513117391,0.207764591503338,0.211683773245502,0.18197118043573,0.185403806384182,-0.308360996390227,-0.282383014628438,0.916666666666667,0.908629441624365,0.579873244341288,0.592838378949421,0.626417316472154,0.649648099084378,0.0210771959591904,0.0218588470159663,0.0192214391819944,0.0199342692130123
"29_pwo_gp_model_specific","db6cb901415724b9f55892557a81f2cbcc3e7f91cf2f712ea45b7b9a2b1eb5a5","b1d5697d50014504fea8964eae8d6ad099291a4087058c07ada854c160fad766",35,6,48,"random_foldover","RandomFoldover",180538446,401256429,0.875852709641369,0.437926354820685,2,0.992621583195963,"a4a2d99e4dc9d517ab1e905e07c30de1ecd4aa1ca5d3c04c4c67eaf37887ea0e",0.00500000000000966,"pwo","pwo_snr2","ols",2,TRUE,NA,48,394,16,32,0.1810587493369,0.191779492246532,119.034366532721,0.152812911506908,0.155833373662883,0.54402758230015,0.544597855559277,0.47648803207723,0.476987507456472,0.776072755565243,0.774131780092803,0.877777777777778,0.880710659898477,1.48778678301878,1.51726240563166,0.773419317388261,0.795450781709635,0.140034334319317,0.144023323695406,0.14832596398238,0.152551147023381
"29_pwo_gp_model_specific","db6cb901415724b9f55892557a81f2cbcc3e7f91cf2f712ea45b7b9a2b1eb5a5","b1d5697d50014504fea8964eae8d6ad099291a4087058c07ada854c160fad766",35,6,48,"random_foldover","RandomFoldover",180538446,401256429,0.875852709641369,0.175170541928274,5,0.992621583195963,"a4a2d99e4dc9d517ab1e905e07c30de1ecd4aa1ca5d3c04c4c67eaf37887ea0e",0.00499999999999545,"pwo","pwo_snr5","ols",5,TRUE,NA,48,394,16,32,0.028969399893904,0.0306847187594451,119.034366532721,0.061125164602763,0.0623333494651532,0.21761103292006,0.217839142223711,0.190595212830892,0.190795002982589,-0.140217976308913,-0.142158951781353,0.877777777777778,0.880710659898477,0.595114713207514,0.606904962252665,0.773419317388261,0.795450781709635,0.0224054934910908,0.023043731791265,0.0237321542371808,0.024408183523741
"29_pwo_gp_model_specific","db6cb901415724b9f55892557a81f2cbcc3e7f91cf2f712ea45b7b9a2b1eb5a5","b1d5697d50014504fea8964eae8d6ad099291a4087058c07ada854c160fad766",35,6,60,"FSA_lambda050","FSA_lambda050",180538446,401256429,0.875852709641369,0.437926354820685,2,0.992621583195963,"f56246e7993c1c151016e7c18770e0bcd1ddc9dad5c71cfbb001a222ff806056",0.00900000000000034,"pwo","pwo_snr2","ols",2,TRUE,NA,60,356,16,44,0.145233065682143,0.191779492246532,23.6633657104782,0.121254882617042,0.123740739818141,0.344643176345143,0.348938081912935,0.301856659861302,0.305618364540506,0.365241559222131,0.393362700053479,0.840277777777778,0.848314606741573,0.866241085018068,0.876503175351082,0.321578234660497,0.329520051244757,0.0467037928763955,0.0478572072460129,0.0616721105607262,0.0631951881127708
"29_pwo_gp_model_specific","db6cb901415724b9f55892557a81f2cbcc3e7f91cf2f712ea45b7b9a2b1eb5a5","b1d5697d50014504fea8964eae8d6ad099291a4087058c07ada854c160fad766",35,6,60,"FSA_lambda050","FSA_lambda050",180538446,401256429,0.875852709641369,0.175170541928274,5,0.992621583195963,"f56246e7993c1c151016e7c18770e0bcd1ddc9dad5c71cfbb001a222ff806056",0.00799999999999557,"pwo","pwo_snr5","ols",5,TRUE,NA,60,356,16,44,0.0232372905091429,0.0306847187594451,23.6633657104782,0.0485019530468168,0.0494962959272564,0.137857270538057,0.139575232765174,0.120742663944521,0.122247345816202,-0.551049172652026,-0.522928031820679,0.840277777777778,0.848314606741573,0.346496434007227,0.350601270140433,0.321578234660497,0.329520051244757,0.00747260686022328,0.00765715315936206,0.0098675376897162,0.0101112300980433
"29_pwo_gp_model_specific","db6cb901415724b9f55892557a81f2cbcc3e7f91cf2f712ea45b7b9a2b1eb5a5","b1d5697d50014504fea8964eae8d6ad099291a4087058c07ada854c160fad766",35,6,60,"SA_hamming_foldover","Hamming",180538446,401256429,0.875852709641369,0.437926354820685,2,0.992621583195963,"f56246e7993c1c151016e7c18770e0bcd1ddc9dad5c71cfbb001a222ff806056",0.00800000000000978,"pwo","pwo_snr2","ols",2,TRUE,NA,60,356,16,44,0.166318837605135,0.191779492246532,32.0126968602203,0.105532966492117,0.108927732043373,0.329433151119938,0.342144857591185,0.288534918054092,0.299668500611099,0.180569523665548,0.228057057344506,0.925,0.915730337078652,1.01802107764529,1.03507079351792,0.390626986540497,0.402879771584351,0.0649686263386121,0.0670064953045314,0.0749142451365295,0.0772640780308457
"29_pwo_gp_model_specific","db6cb901415724b9f55892557a81f2cbcc3e7f91cf2f712ea45b7b9a2b1eb5a5","b1d5697d50014504fea8964eae8d6ad099291a4087058c07ada854c160fad766",35,6,60,"SA_hamming_foldover","Hamming",180538446,401256429,0.875852709641369,0.175170541928274,5,0.992621583195963,"f56246e7993c1c151016e7c18770e0bcd1ddc9dad5c71cfbb001a222ff806056",0.00800000000000978,"pwo","pwo_snr5","ols",5,TRUE,NA,60,356,16,44,0.0266110140168216,0.0306847187594451,32.0126968602203,0.0422131865968469,0.0435710928173492,0.131773260447975,0.136857943036474,0.115413967221637,0.11986740024444,-0.735721208208607,-0.68823367452965,0.925,0.915730337078652,0.407208431058115,0.414028317407168,0.390626986540497,0.402879771584351,0.0103949802141779,0.010721039248725,0.0119862792218447,0.0123622524849353
"29_pwo_gp_model_specific","db6cb901415724b9f55892557a81f2cbcc3e7f91cf2f712ea45b7b9a2b1eb5a5","b1d5697d50014504fea8964eae8d6ad099291a4087058c07ada854c160fad766",35,6,60,"SA_l2_position_foldover","L2",180538446,401256429,0.875852709641369,0.437926354820685,2,0.992621583195963,"f56246e7993c1c151016e7c18770e0bcd1ddc9dad5c71cfbb001a222ff806056",0.00600000000000023,"pwo","pwo_snr2","ols",2,TRUE,NA,60,356,16,44,0.194631031118073,0.191779492246532,43.2982746372576,0.0759595025230299,0.0784039105910399,0.281352858392109,0.285557611344687,0.246423663388073,0.250106407654961,0.0213403531388411,0.0429517264678942,0.988888888888889,0.991573033707865,1.12985067305805,1.15373921069972,0.412805854719222,0.429700178419102,0.0803448291555796,0.0836329887973298,0.0791676972144481,0.0824076820354597
"29_pwo_gp_model_specific","db6cb901415724b9f55892557a81f2cbcc3e7f91cf2f712ea45b7b9a2b1eb5a5","b1d5697d50014504fea8964eae8d6ad099291a4087058c07ada854c160fad766",35,6,60,"SA_l2_position_foldover","L2",180538446,401256429,0.875852709641369,0.175170541928274,5,0.992621583195963,"f56246e7993c1c151016e7c18770e0bcd1ddc9dad5c71cfbb001a222ff806056",0.00500000000000966,"pwo","pwo_snr5","ols",5,TRUE,NA,60,356,16,44,0.0311409649788917,0.0306847187594451,43.2982746372576,0.0303838010092119,0.031361564236416,0.112541143356844,0.114223044537875,0.0985694653552292,0.100042563061984,-0.894950378735314,-0.873339005406261,0.988888888888889,0.991573033707865,0.451940269223219,0.461495684279888,0.412805854719222,0.429700178419102,0.0128551726648927,0.0133812782075728,0.0126668315543117,0.0131852291256735
"29_pwo_gp_model_specific","db6cb901415724b9f55892557a81f2cbcc3e7f91cf2f712ea45b7b9a2b1eb5a5","b1d5697d50014504fea8964eae8d6ad099291a4087058c07ada854c160fad766",35,6,60,"random_foldover","RandomFoldover",180538446,401256429,0.875852709641369,0.437926354820685,2,0.992621583195963,"f56246e7993c1c151016e7c18770e0bcd1ddc9dad5c71cfbb001a222ff806056",0.00500000000000966,"pwo","pwo_snr2","ols",2,TRUE,NA,60,356,16,44,0.198978569230661,0.191779492246532,39.8839907549711,0.0729337809204908,0.075291298029639,0.299902896553876,0.309253598887294,0.262670764576007,0.270860602551781,0.07813738646858,0.111198148805425,0.988888888888889,0.98876404494382,1.16418717518626,1.18485061132135,0.427741815154238,0.441503767776309,0.085111454379516,0.0878497880220759,0.0820321081228898,0.0846713684090714
"29_pwo_gp_model_specific","db6cb901415724b9f55892557a81f2cbcc3e7f91cf2f712ea45b7b9a2b1eb5a5","b1d5697d50014504fea8964eae8d6ad099291a4087058c07ada854c160fad766",35,6,60,"random_foldover","RandomFoldover",180538446,401256429,0.875852709641369,0.175170541928274,5,0.992621583195963,"f56246e7993c1c151016e7c18770e0bcd1ddc9dad5c71cfbb001a222ff806056",0.00500000000000966,"pwo","pwo_snr5","ols",5,TRUE,NA,60,356,16,44,0.0318365710769057,0.0306847187594451,39.8839907549711,0.0291735123681962,0.0301165192118556,0.11996115862155,0.123701439554917,0.105068305830403,0.108344241020712,-0.838153345405577,-0.805092583068732,0.988888888888889,0.98876404494382,0.465674870074504,0.473940244528542,0.427741815154238,0.441503767776309,0.0136178327007226,0.0140559660835321,0.0131251372996624,0.0135474189454514
"29_pwo_gp_model_specific","db6cb901415724b9f55892557a81f2cbcc3e7f91cf2f712ea45b7b9a2b1eb5a5","b1d5697d50014504fea8964eae8d6ad099291a4087058c07ada854c160fad766",36,6,48,"FSA_lambda050","FSA_lambda050",180538447,401256430,0.566808439556004,0.283404219778002,2,0.964585175665945,"a4402a833c0c0b5fd0419dbdbf72e5c4ce8368832a8bfa59cae957eef9b0041d",0.00500000000000966,"pwo","pwo_snr2","ols",2,TRUE,NA,48,386,16,32,0.117956984224442,0.080317951787978,20.5915116249487,0.0571882434065377,0.0590432279759653,0.256162675020688,0.261848575316945,0.145195166100968,0.14841798237536,-0.39688167356102,-0.38246643964197,1,1,0.889060930914765,0.898037316607488,0.40757169009795,0.415857685371907,0.048075927419213,0.0490533184330269,0.0327353233554319,0.033400837524361
"29_pwo_gp_model_specific","db6cb901415724b9f55892557a81f2cbcc3e7f91cf2f712ea45b7b9a2b1eb5a5","b1d5697d50014504fea8964eae8d6ad099291a4087058c07ada854c160fad766",36,6,48,"FSA_lambda050","FSA_lambda050",180538447,401256430,0.566808439556004,0.113361687911201,5,0.964585175665945,"a4402a833c0c0b5fd0419dbdbf72e5c4ce8368832a8bfa59cae957eef9b0041d",0.00499999999999545,"pwo","pwo_snr5","ols",5,TRUE,NA,48,386,16,32,0.0188731174759107,0.0128508722860765,20.5915116249487,0.0228752973626151,0.0236172911903861,0.102465070008275,0.104739430126778,0.0580780664403872,0.0593671929501441,-1.31317240543518,-1.29875717151613,1,1,0.355624372365906,0.359214926642995,0.40757169009795,0.415857685371907,0.00769214838707408,0.00784853094928431,0.00523765173686911,0.00534413400389776
"29_pwo_gp_model_specific","db6cb901415724b9f55892557a81f2cbcc3e7f91cf2f712ea45b7b9a2b1eb5a5","b1d5697d50014504fea8964eae8d6ad099291a4087058c07ada854c160fad766",36,6,48,"SA_hamming_foldover","Hamming",180538447,401256430,0.566808439556004,0.283404219778002,2,0.964585175665945,"a4402a833c0c0b5fd0419dbdbf72e5c4ce8368832a8bfa59cae957eef9b0041d",0.007000000000005,"pwo","pwo_snr2","ols",2,TRUE,NA,48,386,16,32,0.0690045020192281,0.080317951787978,96.9927332279515,0.0621769745222165,0.0641457866806082,0.276112366128708,0.282966133914071,0.156502819387529,0.16038759281103,-0.362945314467222,-0.333332470129651,1,1,0.916088103453326,0.944914887990432,0.769463565761446,0.812686883576374,0.0530964501773081,0.0560790536987461,0.0618017375774335,0.0652733459338093
"29_pwo_gp_model_specific","db6cb901415724b9f55892557a81f2cbcc3e7f91cf2f712ea45b7b9a2b1eb5a5","b1d5697d50014504fea8964eae8d6ad099291a4087058c07ada854c160fad766",36,6,48,"SA_hamming_foldover","Hamming",180538447,401256430,0.566808439556004,0.113361687911201,5,0.964585175665945,"a4402a833c0c0b5fd0419dbdbf72e5c4ce8368832a8bfa59cae957eef9b0041d",0.00799999999999557,"pwo","pwo_snr5","ols",5,TRUE,NA,48,386,16,32,0.0110407203230765,0.0128508722860765,96.9927332279515,0.0248707898088866,0.0256583146722433,0.110444946451483,0.113186453565629,0.0626011277550117,0.064155037124412,-1.27923604634138,-1.24962320200381,1,1,0.36643524138133,0.377965955196173,0.769463565761446,0.812686883576374,0.0084954320283693,0.00897264859179937,0.00988827801238936,0.0104437353494095
"29_pwo_gp_model_specific","db6cb901415724b9f55892557a81f2cbcc3e7f91cf2f712ea45b7b9a2b1eb5a5","b1d5697d50014504fea8964eae8d6ad099291a4087058c07ada854c160fad766",36,6,48,"SA_l2_position_foldover","L2",180538447,401256430,0.566808439556004,0.283404219778002,2,0.964585175665945,"a4402a833c0c0b5fd0419dbdbf72e5c4ce8368832a8bfa59cae957eef9b0041d",0.00900000000000034,"pwo","pwo_snr2","ols",2,TRUE,NA,48,386,16,32,0.089006230727695,0.080317951787978,39.5952787566479,0.0448144712001643,0.0446777028413358,0.314647580830696,0.315365027922273,0.178344904300718,0.178751559367159,-0.272090981175421,-0.267142468968948,1,1,0.885466821559465,0.904182951609007,0.542427481897375,0.564816082884779,0.0482794256068003,0.0502721505919555,0.0435666643395077,0.0453648709142143
"29_pwo_gp_model_specific","db6cb901415724b9f55892557a81f2cbcc3e7f91cf2f712ea45b7b9a2b1eb5a5","b1d5697d50014504fea8964eae8d6ad099291a4087058c07ada854c160fad766",36,6,48,"SA_l2_position_foldover","L2",180538447,401256430,0.566808439556004,0.113361687911201,5,0.964585175665945,"a4402a833c0c0b5fd0419dbdbf72e5c4ce8368832a8bfa59cae957eef9b0041d",0.00800000000000978,"pwo","pwo_snr5","ols",5,TRUE,NA,48,386,16,32,0.0142409969164312,0.0128508722860765,39.5952787566479,0.0179257884800657,0.0178710811365343,0.125859032332278,0.126146011168909,0.0713379617202871,0.0715006237468635,-1.18838171304958,-1.18343320084311,1,1,0.354186728623786,0.361673180643603,0.542427481897375,0.564816082884779,0.00772470809708805,0.00804354409471288,0.00697066629432123,0.00725837934627428
"29_pwo_gp_model_specific","db6cb901415724b9f55892557a81f2cbcc3e7f91cf2f712ea45b7b9a2b1eb5a5","b1d5697d50014504fea8964eae8d6ad099291a4087058c07ada854c160fad766",36,6,48,"random_foldover","RandomFoldover",180538447,401256430,0.566808439556004,0.283404219778002,2,0.964585175665945,"a4402a833c0c0b5fd0419dbdbf72e5c4ce8368832a8bfa59cae957eef9b0041d",0.00800000000000978,"pwo","pwo_snr2","ols",2,TRUE,NA,48,386,16,32,0.0723581345154195,0.080317951787978,100.595586603782,0.0602516035410828,0.0565496267144802,0.313842816043894,0.326068229970566,0.177888756827701,0.184818224618405,-0.233887490935193,-0.201575226762463,0.984722222222222,0.981865284974093,0.933901182208111,0.946168506579201,0.760825444040401,0.774669413197351,0.0550519098226291,0.056053633605115,0.0611079413335039,0.0622198605808061
"29_pwo_gp_model_specific","db6cb901415724b9f55892557a81f2cbcc3e7f91cf2f712ea45b7b9a2b1eb5a5","b1d5697d50014504fea8964eae8d6ad099291a4087058c07ada854c160fad766",36,6,48,"random_foldover","RandomFoldover",180538447,401256430,0.566808439556004,0.113361687911201,5,0.964585175665945,"a4402a833c0c0b5fd0419dbdbf72e5c4ce8368832a8bfa59cae957eef9b0041d",0.00900000000000034,"pwo","pwo_snr5","ols",5,TRUE,NA,48,386,16,32,0.0115773015224671,0.0128508722860765,100.595586603782,0.0241006414164331,0.0226198506857921,0.125537126417558,0.130427291988226,0.0711555027310806,0.0739272898473619,-1.15017822280935,-1.11786595863662,0.984722222222222,0.981865284974093,0.373560472883244,0.37846740263168,0.760825444040401,0.774669413197351,0.00880830557162066,0.0089685813768184,0.00977727061336063,0.00995517769292897
"29_pwo_gp_model_specific","db6cb901415724b9f55892557a81f2cbcc3e7f91cf2f712ea45b7b9a2b1eb5a5","b1d5697d50014504fea8964eae8d6ad099291a4087058c07ada854c160fad766",36,6,60,"FSA_lambda050","FSA_lambda050",180538447,401256430,0.566808439556004,0.283404219778002,2,0.964585175665945,"63127078992d922154d951abfb4c66f3c6c7de4329cb928b1e2954ec777dfe49",0.00900000000000034,"pwo","pwo_snr2","ols",2,TRUE,NA,60,388,16,44,0.0938824905890248,0.080317951787978,22.7600652451104,0.0534602212270627,0.053852327208934,0.266055892121381,0.263462219180203,0.150802725048001,0.149332609335493,-0.465468957862726,-0.468468811624244,0.9875,0.984536082474227,0.692536879087909,0.697536633097531,0.317379279504906,0.322016823994555,0.0297963572212708,0.0302317414481764,0.0254912536697783,0.0258637317445125
"29_pwo_gp_model_specific","db6cb901415724b9f55892557a81f2cbcc3e7f91cf2f712ea45b7b9a2b1eb5a5","b1d5697d50014504fea8964eae8d6ad099291a4087058c07ada854c160fad766",36,6,60,"FSA_lambda050","FSA_lambda050",180538447,401256430,0.566808439556004,0.113361687911201,5,0.964585175665945,"63127078992d922154d951abfb4c66f3c6c7de4329cb928b1e2954ec777dfe49",0.00900000000000034,"pwo","pwo_snr5","ols",5,TRUE,NA,60,388,16,44,0.015021198494244,0.0128508722860765,22.7600652451104,0.0213840884908251,0.0215409308835736,0.106422356848553,0.105384887672081,0.0603210900192003,0.0597330437341971,-1.38175968973688,-1.3847595434984,0.9875,0.984536082474227,0.277014751635164,0.279014653239012,0.317379279504906,0.322016823994555,0.00476741715540333,0.00483707863170823,0.00407860058716452,0.00413819707912199
"29_pwo_gp_model_specific","db6cb901415724b9f55892557a81f2cbcc3e7f91cf2f712ea45b7b9a2b1eb5a5","b1d5697d50014504fea8964eae8d6ad099291a4087058c07ada854c160fad766",36,6,60,"SA_hamming_foldover","Hamming",180538447,401256430,0.566808439556004,0.283404219778002,2,0.964585175665945,"63127078992d922154d951abfb4c66f3c6c7de4329cb928b1e2954ec777dfe49",0.007000000000005,"pwo","pwo_snr2","ols",2,TRUE,NA,60,388,16,44,0.0911964889166527,0.080317951787978,62.2079295002667,0.0837886309206475,0.0864998768517636,0.400561229637636,0.425181602542081,0.227041485517543,0.240996520664798,-0.127036081108557,-0.0611856971766749,0.980555555555556,0.979381443298969,0.843777360710349,0.868274409978763,0.497516279226909,0.524454390632255,0.0453717378443711,0.0478283990225843,0.0399594885286811,0.0421231024617948
"29_pwo_gp_model_specific","db6cb901415724b9f55892557a81f2cbcc3e7f91cf2f712ea45b7b9a2b1eb5a5","b1d5697d50014504fea8964eae8d6ad099291a4087058c07ada854c160fad766",36,6,60,"SA_hamming_foldover","Hamming",180538447,401256430,0.566808439556004,0.113361687911201,5,0.964585175665945,"63127078992d922154d951abfb4c66f3c6c7de4329cb928b1e2954ec777dfe49",0.00799999999999557,"pwo","pwo_snr5","ols",5,TRUE,NA,60,388,16,44,0.0145914382266644,0.0128508722860765,62.2079295002667,0.0335154523682591,0.0345999507407055,0.160224491855055,0.170072641016833,0.0908165942070174,0.0963986082659195,-1.04332681298271,-0.977476429050827,0.980555555555556,0.979381443298969,0.33751094428414,0.347309763991505,0.497516279226909,0.524454390632255,0.00725947805509937,0.00765254384361349,0.00639351816458897,0.00673969639388718
"29_pwo_gp_model_specific","db6cb901415724b9f55892557a81f2cbcc3e7f91cf2f712ea45b7b9a2b1eb5a5","b1d5697d50014504fea8964eae8d6ad099291a4087058c07ada854c160fad766",36,6,60,"SA_l2_position_foldover","L2",180538447,401256430,0.566808439556004,0.283404219778002,2,0.964585175665945,"63127078992d922154d951abfb4c66f3c6c7de4329cb928b1e2954ec777dfe49",0.00799999999999557,"pwo","pwo_snr2","ols",2,TRUE,NA,60,388,16,44,0.0966352294918636,0.080317951787978,63.8526659807999,0.0758217577926967,0.0781277745214979,0.337320081695997,0.344335048861641,0.191195869137012,0.195172011729707,-0.238938642736055,-0.223615852982197,0.959722222222222,0.958762886597938,0.855443413401358,0.861969918934159,0.482389836129456,0.486931220827789,0.0466158525189125,0.0470547102714467,0.0387445636012563,0.0391093183185076
"29_pwo_gp_model_specific","db6cb901415724b9f55892557a81f2cbcc3e7f91cf2f712ea45b7b9a2b1eb5a5","b1d5697d50014504fea8964eae8d6ad099291a4087058c07ada854c160fad766",36,6,60,"SA_l2_position_foldover","L2",180538447,401256430,0.566808439556004,0.113361687911201,5,0.964585175665945,"63127078992d922154d951abfb4c66f3c6c7de4329cb928b1e2954ec777dfe49",0.00699999999999079,"pwo","pwo_snr5","ols",5,TRUE,NA,60,388,16,44,0.0154616367186982,0.0128508722860765,63.8526659807999,0.0303287031170787,0.0312511098085991,0.134928032678399,0.137734019544657,0.0764783476548046,0.0780688046918829,-1.15522937461021,-1.13990658485635,0.959722222222222,0.958762886597938,0.342177365360543,0.344787967573664,0.482389836129456,0.486931220827789,0.007458536403026,0.00752875364343147,0.006199130176201,0.00625749093096122
"29_pwo_gp_model_specific","db6cb901415724b9f55892557a81f2cbcc3e7f91cf2f712ea45b7b9a2b1eb5a5","b1d5697d50014504fea8964eae8d6ad099291a4087058c07ada854c160fad766",36,6,60,"random_foldover","RandomFoldover",180538447,401256430,0.566808439556004,0.283404219778002,2,0.964585175665945,"63127078992d922154d951abfb4c66f3c6c7de4329cb928b1e2954ec777dfe49",0.00799999999999557,"pwo","pwo_snr2","ols",2,TRUE,NA,60,388,16,44,0.0806260160770748,0.080317951787978,61.7766027364035,0.0706314585774946,0.0729343179201856,0.359423912119749,0.359387959880391,0.203724506767709,0.20370412873502,-0.203781555023277,-0.209521233493565,0.952777777777778,0.945876288659794,0.775299321529304,0.788265029576364,0.472767651836253,0.487169808097209,0.0381173722976706,0.039278560779911,0.0379717294670997,0.0391284811593101
"29_pwo_gp_model_specific","db6cb901415724b9f55892557a81f2cbcc3e7f91cf2f712ea45b7b9a2b1eb5a5","b1d5697d50014504fea8964eae8d6ad099291a4087058c07ada854c160fad766",36,6,60,"random_foldover","RandomFoldover",180538447,401256430,0.566808439556004,0.113361687911201,5,0.964585175665945,"63127078992d922154d951abfb4c66f3c6c7de4329cb928b1e2954ec777dfe49",0.00900000000000034,"pwo","pwo_snr5","ols",5,TRUE,NA,60,388,16,44,0.012900162572332,0.0128508722860765,61.7766027364035,0.0282525834309979,0.0291737271680742,0.1437695648479,0.143755183952156,0.0814898027070837,0.081481651494008,-1.12007228689743,-1.12581196536772,0.952777777777778,0.945876288659794,0.310119728611721,0.315306011830545,0.472767651836253,0.487169808097209,0.0060987795676273,0.00628456972478576,0.00607547671473596,0.00626055698548962
"29_pwo_gp_model_specific","db6cb901415724b9f55892557a81f2cbcc3e7f91cf2f712ea45b7b9a2b1eb5a5","b1d5697d50014504fea8964eae8d6ad099291a4087058c07ada854c160fad766",37,6,48,"FSA_lambda050","FSA_lambda050",180538448,401256431,0.630490035476825,0.315245017738412,2,0.949456633653155,"8430f0dd18a184a4dfd5b8c613a9f576db5837026c943d2fba6667111dc28588",0.007000000000005,"pwo","pwo_snr2","ols",2,TRUE,NA,48,390,16,32,0.0570380054515001,0.099379421208892,45.9655416196794,0.10464438160911,0.106832373452911,0.441176492359052,0.448966115198281,0.278157382319,0.283068661899257,0.475774374369354,0.478157444575897,0.763888888888889,0.766666666666667,0.664789507626619,0.672047316926065,0.478805455633699,0.490139668642413,0.0273101081886429,0.0279565890920224,0.0475834090525368,0.0487097965812011
"29_pwo_gp_model_specific","db6cb901415724b9f55892557a81f2cbcc3e7f91cf2f712ea45b7b9a2b1eb5a5","b1d5697d50014504fea8964eae8d6ad099291a4087058c07ada854c160fad766",37,6,48,"FSA_lambda050","FSA_lambda050",180538448,401256431,0.630490035476825,0.126098007095365,5,0.949456633653155,"8430f0dd18a184a4dfd5b8c613a9f576db5837026c943d2fba6667111dc28588",0.00699999999997658,"pwo","pwo_snr5","ols",5,TRUE,NA,48,390,16,32,0.00912608087224001,0.0159007073934227,45.9655416196794,0.0418577526436438,0.0427329493811645,0.176470596943621,0.179586446079313,0.1112629529276,0.113227464759703,-0.440516357504799,-0.438133287298256,0.763888888888889,0.766666666666667,0.265915803050648,0.268818926770426,0.478805455633699,0.490139668642413,0.00436961731018286,0.00447305425472358,0.00761334544840589,0.00779356745299217
"29_pwo_gp_model_specific","db6cb901415724b9f55892557a81f2cbcc3e7f91cf2f712ea45b7b9a2b1eb5a5","b1d5697d50014504fea8964eae8d6ad099291a4087058c07ada854c160fad766",37,6,48,"SA_hamming_foldover","Hamming",180538448,401256431,0.630490035476825,0.315245017738412,2,0.949456633653155,"8430f0dd18a184a4dfd5b8c613a9f576db5837026c943d2fba6667111dc28588",0.007000000000005,"pwo","pwo_snr2","ols",2,TRUE,NA,48,390,16,32,0.0767478826551533,0.099379421208892,66.9019931007397,0.0810904255772572,0.0826539633021675,0.309146223378088,0.304241935804315,0.194913613345177,0.1918215088988,-0.200061211410008,-0.197262825985406,0.970833333333333,0.971794871794872,0.882408230926252,0.901762761391868,0.629032270744053,0.653522023246158,0.0482768949013693,0.0501564315526545,0.062512862988259,0.0649466404174672
"29_pwo_gp_model_specific","db6cb901415724b9f55892557a81f2cbcc3e7f91cf2f712ea45b7b9a2b1eb5a5","b1d5697d50014504fea8964eae8d6ad099291a4087058c07ada854c160fad766",37,6,48,"SA_hamming_foldover","Hamming",180538448,401256431,0.630490035476825,0.126098007095365,5,0.949456633653155,"8430f0dd18a184a4dfd5b8c613a9f576db5837026c943d2fba6667111dc28588",0.0159999999999911,"pwo","pwo_snr5","ols",5,TRUE,NA,48,390,16,32,0.0122796612248245,0.0159007073934227,66.9019931007397,0.0324361702309029,0.033061585320867,0.123658489351235,0.121696774321726,0.0779654453380709,0.0767286035595202,-1.11635194328416,-1.11355355785956,0.970833333333333,0.971794871794872,0.352963292370501,0.360705104556747,0.629032270744053,0.653522023246158,0.00772430318421908,0.00802502904842472,0.0100020580781214,0.0103914624667947
"29_pwo_gp_model_specific","db6cb901415724b9f55892557a81f2cbcc3e7f91cf2f712ea45b7b9a2b1eb5a5","b1d5697d50014504fea8964eae8d6ad099291a4087058c07ada854c160fad766",37,6,48,"SA_l2_position_foldover","L2",180538448,401256431,0.630490035476825,0.315245017738412,2,0.949456633653155,"8430f0dd18a184a4dfd5b8c613a9f576db5837026c943d2fba6667111dc28588",0.007000000000005,"pwo","pwo_snr2","ols",2,TRUE,NA,48,390,16,32,0.0895119622691379,0.099379421208892,57.3628055045873,0.096084191109432,0.0970563751803469,0.414536734395999,0.408937117150407,0.26136128037578,0.257830777499951,0.0996314850886869,0.0864023662648455,0.919444444444444,0.928205128205128,0.90233598818894,0.918792450820586,0.564771936682065,0.584944288764263,0.0505538442869529,0.0523595111054144,0.0561267081824886,0.0581314248568394
"29_pwo_gp_model_specific","db6cb901415724b9f55892557a81f2cbcc3e7f91cf2f712ea45b7b9a2b1eb5a5","b1d5697d50014504fea8964eae8d6ad099291a4087058c07ada854c160fad766",37,6,48,"SA_l2_position_foldover","L2",180538448,401256431,0.630490035476825,0.126098007095365,5,0.949456633653155,"8430f0dd18a184a4dfd5b8c613a9f576db5837026c943d2fba6667111dc28588",0.007000000000005,"pwo","pwo_snr5","ols",5,TRUE,NA,48,390,16,32,0.0143219139630621,0.0159007073934227,57.3628055045873,0.0384336764437729,0.0388225500721389,0.1658146937584,0.163574846860163,0.104544512150312,0.10313231099998,-0.816659246785466,-0.829888365609307,0.919444444444444,0.928205128205128,0.360934395275576,0.367516980328234,0.564771936682065,0.584944288764263,0.00808861508591246,0.0083775217768663,0.00898027330919817,0.00930102797709431
"29_pwo_gp_model_specific","db6cb901415724b9f55892557a81f2cbcc3e7f91cf2f712ea45b7b9a2b1eb5a5","b1d5697d50014504fea8964eae8d6ad099291a4087058c07ada854c160fad766",37,6,48,"random_foldover","RandomFoldover",180538448,401256431,0.630490035476825,0.315245017738412,2,0.949456633653155,"8430f0dd18a184a4dfd5b8c613a9f576db5837026c943d2fba6667111dc28588",0.00699999999997658,"pwo","pwo_snr2","ols",2,TRUE,NA,48,390,16,32,0.0890220138998067,0.099379421208892,105.070386918648,0.146591417511031,0.151393758499389,0.629262626851684,0.65037755736451,0.396743815927958,0.410056569216081,0.57897804563288,0.636447481134486,0.85,0.835897435897436,1.10456070370534,1.12873203564378,0.864361088295461,0.896208285109667,0.0769471648166906,0.0797822664141548,0.0858997046702908,0.0890646606568124
"29_pwo_gp_model_specific","db6cb901415724b9f55892557a81f2cbcc3e7f91cf2f712ea45b7b9a2b1eb5a5","b1d5697d50014504fea8964eae8d6ad099291a4087058c07ada854c160fad766",37,6,48,"random_foldover","RandomFoldover",180538448,401256431,0.630490035476825,0.126098007095365,5,0.949456633653155,"8430f0dd18a184a4dfd5b8c613a9f576db5837026c943d2fba6667111dc28588",0.00600000000000023,"pwo","pwo_snr5","ols",5,TRUE,NA,48,390,16,32,0.0142435222239691,0.0159007073934227,105.070386918648,0.0586365670044123,0.0605575033997555,0.251705050740674,0.260151022945804,0.158697526371183,0.164022627686432,-0.337312686241276,-0.27984325073967,0.85,0.835897435897436,0.441824281482135,0.451492814257511,0.864361088295461,0.896208285109667,0.0123115463706705,0.0127651626262648,0.0137439527472465,0.01425034570509
"29_pwo_gp_model_specific","db6cb901415724b9f55892557a81f2cbcc3e7f91cf2f712ea45b7b9a2b1eb5a5","b1d5697d50014504fea8964eae8d6ad099291a4087058c07ada854c160fad766",37,6,60,"FSA_lambda050","FSA_lambda050",180538448,401256431,0.630490035476825,0.315245017738412,2,0.949456633653155,"7dd619b24e74ccc4c2520a60c8a146a4086b85becc2b816367882beda9714c66",0.0160000000000196,"pwo","pwo_snr2","ols",2,TRUE,NA,60,340,16,44,0.0622771132553574,0.099379421208892,17.1981963357232,0.0550607406244205,0.0540838509767976,0.267753058076671,0.26195902201176,0.168815635085789,0.165162553081669,-0.309776051954451,-0.334931002266085,0.888888888888889,0.891176470588235,0.549986060703496,0.553168521293622,0.30054053645177,0.304074875602657,0.0187167970264327,0.0189369054660154,0.0298675445623868,0.0302187851415579
"29_pwo_gp_model_specific","db6cb901415724b9f55892557a81f2cbcc3e7f91cf2f712ea45b7b9a2b1eb5a5","b1d5697d50014504fea8964eae8d6ad099291a4087058c07ada854c160fad766",37,6,60,"FSA_lambda050","FSA_lambda050",180538448,401256431,0.630490035476825,0.126098007095365,5,0.949456633653155,"7dd619b24e74ccc4c2520a60c8a146a4086b85becc2b816367882beda9714c66",0.00699999999997658,"pwo","pwo_snr5","ols",5,TRUE,NA,60,340,16,44,0.00996433812085718,0.0159007073934227,17.1981963357232,0.0220242962497682,0.021633540390719,0.107101223230669,0.104783608804704,0.0675262540343155,0.0660650212326677,-1.2260667838286,-1.25122173414024,0.888888888888889,0.891176470588235,0.219994424281398,0.221267408517449,0.30054053645177,0.304074875602657,0.00299468752422924,0.00302990487456246,0.00477880712998188,0.00483500562264926
"29_pwo_gp_model_specific","db6cb901415724b9f55892557a81f2cbcc3e7f91cf2f712ea45b7b9a2b1eb5a5","b1d5697d50014504fea8964eae8d6ad099291a4087058c07ada854c160fad766",37,6,60,"SA_hamming_foldover","Hamming",180538448,401256431,0.630490035476825,0.315245017738412,2,0.949456633653155,"7dd619b24e74ccc4c2520a60c8a146a4086b85becc2b816367882beda9714c66",0.00799999999998136,"pwo","pwo_snr2","ols",2,TRUE,NA,60,340,16,44,0.140620684090394,0.099379421208892,49.8505978214154,0.0558121157565725,0.0566531796980459,0.245222697328213,0.244528647612053,0.154610467138188,0.154172875708023,-0.313649363888488,-0.299235077486047,1,1,0.978171328398539,0.991312198302311,0.429263388744295,0.439025851554056,0.0603633113801833,0.0617361155788989,0.0426599471195756,0.043630135023183
"29_pwo_gp_model_specific","db6cb901415724b9f55892557a81f2cbcc3e7f91cf2f712ea45b7b9a2b1eb5a5","b1d5697d50014504fea8964eae8d6ad099291a4087058c07ada854c160fad766",37,6,60,"SA_hamming_foldover","Hamming",180538448,401256431,0.630490035476825,0.126098007095365,5,0.949456633653155,"7dd619b24e74ccc4c2520a60c8a146a4086b85becc2b816367882beda9714c66",0.007000000000005,"pwo","pwo_snr5","ols",5,TRUE,NA,60,340,16,44,0.022499309454463,0.0159007073934227,49.8505978214154,0.0223248463026289,0.0226612718792183,0.098089078931285,0.0978114590448209,0.0618441868552749,0.0616691502832091,-1.22994009576264,-1.2155258093602,1,1,0.391268531359415,0.396524879320924,0.429263388744295,0.439025851554056,0.00965812982082933,0.00987777849262382,0.0068255915391321,0.00698082160370928
"29_pwo_gp_model_specific","db6cb901415724b9f55892557a81f2cbcc3e7f91cf2f712ea45b7b9a2b1eb5a5","b1d5697d50014504fea8964eae8d6ad099291a4087058c07ada854c160fad766",37,6,60,"SA_l2_position_foldover","L2",180538448,401256431,0.630490035476825,0.315245017738412,2,0.949456633653155,"7dd619b24e74ccc4c2520a60c8a146a4086b85becc2b816367882beda9714c66",0.007000000000005,"pwo","pwo_snr2","ols",2,TRUE,NA,60,340,16,44,0.0813582282202781,0.099379421208892,45.4271906054204,0.0947080887610332,0.0973620336293058,0.380822487580276,0.390347137636573,0.240104783704861,0.24610998065676,0.0335788642526103,0.0793259606169786,0.888888888888889,0.885294117647059,0.763128380906614,0.782087475913122,0.455277592267673,0.475401580756279,0.0370405782552921,0.0386778303034503,0.0452452236089393,0.0472451339373514
"29_pwo_gp_model_specific","db6cb901415724b9f55892557a81f2cbcc3e7f91cf2f712ea45b7b9a2b1eb5a5","b1d5697d50014504fea8964eae8d6ad099291a4087058c07ada854c160fad766",37,6,60,"SA_l2_position_foldover","L2",180538448,401256431,0.630490035476825,0.126098007095365,5,0.949456633653155,"7dd619b24e74ccc4c2520a60c8a146a4086b85becc2b816367882beda9714c66",0.007000000000005,"pwo","pwo_snr5","ols",5,TRUE,NA,60,340,16,44,0.0130173165152445,0.0159007073934227,45.4271906054204,0.0378832355044132,0.0389448134517222,0.15232899503211,0.156138855054629,0.0960419134819442,0.0984439922627037,-0.882711867621548,-0.83696477125718,0.888888888888889,0.885294117647059,0.305251352362646,0.312834990365249,0.455277592267673,0.475401580756279,0.00592649252084673,0.00618845284855205,0.00723923577743028,0.00755922142997621
"29_pwo_gp_model_specific","db6cb901415724b9f55892557a81f2cbcc3e7f91cf2f712ea45b7b9a2b1eb5a5","b1d5697d50014504fea8964eae8d6ad099291a4087058c07ada854c160fad766",37,6,60,"random_foldover","RandomFoldover",180538448,401256431,0.630490035476825,0.315245017738412,2,0.949456633653155,"7dd619b24e74ccc4c2520a60c8a146a4086b85becc2b816367882beda9714c66",0.007000000000005,"pwo","pwo_snr2","ols",2,TRUE,NA,60,340,16,44,0.0816222009215788,0.099379421208892,60.2510157867669,0.0889301547130307,0.0918429863875708,0.359580541287017,0.362242598903219,0.226711948232827,0.228390349033708,-0.0968548118702862,-0.0907227631480658,0.940277777777778,0.947058823529412,0.801032076805605,0.817727532197644,0.497751606880445,0.516509219007776,0.0406275816658344,0.0421586192517004,0.0494662665975745,0.0513303872340496
"29_pwo_gp_model_specific","db6cb901415724b9f55892557a81f2cbcc3e7f91cf2f712ea45b7b9a2b1eb5a5","b1d5697d50014504fea8964eae8d6ad099291a4087058c07ada854c160fad766",37,6,60,"random_foldover","RandomFoldover",180538448,401256431,0.630490035476825,0.126098007095365,5,0.949456633653155,"7dd619b24e74ccc4c2520a60c8a146a4086b85becc2b816367882beda9714c66",0.007000000000005,"pwo","pwo_snr5","ols",5,TRUE,NA,60,340,16,44,0.0130595521474526,0.0159007073934227,60.2510157867669,0.0355720618852124,0.0367371945550284,0.143832216514807,0.144897039561288,0.0906847792931312,0.0913561396134832,-1.01314554374444,-1.00701349502222,0.940277777777778,0.947058823529412,0.320412830722242,0.327091012879058,0.497751606880445,0.516509219007776,0.0065004130665335,0.00674537908027207,0.00791460265561192,0.00821286195744793
"29_pwo_gp_model_specific","db6cb901415724b9f55892557a81f2cbcc3e7f91cf2f712ea45b7b9a2b1eb5a5","b1d5697d50014504fea8964eae8d6ad099291a4087058c07ada854c160fad766",38,6,48,"FSA_lambda050","FSA_lambda050",180538449,401256432,0.529282029154612,0.264641014577306,2,1.00042106182017,"7eb2474b030235bcb725424ff475af046a338ec90498c84a5c84d4baa47817e7",0.007000000000005,"pwo","pwo_snr2","ols",2,TRUE,NA,48,406,16,32,0.099937416904118,0.070034866596506,22.7748227464625,0.0483654585638345,0.0499490029034884,0.258571491944785,0.26065327467642,0.136857243938071,0.13795909412653,-0.441618753103849,-0.432182176213768,0.998611111111111,0.997536945812808,0.818474316782874,0.821927691684839,0.407408796087965,0.410802030074022,0.0407153827050478,0.0410544937445656,0.0285328206842638,0.028770465373808
"29_pwo_gp_model_specific","db6cb901415724b9f55892557a81f2cbcc3e7f91cf2f712ea45b7b9a2b1eb5a5","b1d5697d50014504fea8964eae8d6ad099291a4087058c07ada854c160fad766",38,6,48,"FSA_lambda050","FSA_lambda050",180538449,401256432,0.529282029154612,0.105856405830922,5,1.00042106182017,"7eb2474b030235bcb725424ff475af046a338ec90498c84a5c84d4baa47817e7",0.007000000000005,"pwo","pwo_snr5","ols",5,TRUE,NA,48,406,16,32,0.0159899867046589,0.011205578655441,22.7748227464625,0.0193461834255337,0.0199796011613953,0.103428596777914,0.104261309870568,0.0547428975752284,0.0551836376506119,-1.35790948497801,-1.34847290808792,0.998611111111111,0.997536945812808,0.32738972671315,0.328771076673936,0.407408796087965,0.410802030074022,0.00651446123280765,0.00656871899913049,0.0045652513094822,0.00460327445980928
"29_pwo_gp_model_specific","db6cb901415724b9f55892557a81f2cbcc3e7f91cf2f712ea45b7b9a2b1eb5a5","b1d5697d50014504fea8964eae8d6ad099291a4087058c07ada854c160fad766",38,6,48,"SA_hamming_foldover","Hamming",180538449,401256432,0.529282029154612,0.264641014577306,2,1.00042106182017,"7eb2474b030235bcb725424ff475af046a338ec90498c84a5c84d4baa47817e7",0.00800000000000978,"pwo","pwo_snr2","ols",2,TRUE,NA,48,406,16,32,0.0766563410152443,0.070034866596506,69.8686093043013,0.0497067616729384,0.0510437871006537,0.288457182106702,0.298765727557564,0.152675202669657,0.158131330523522,-0.34209948003982,-0.318760896606341,1,1,0.902755603262252,0.918779774348323,0.66271109647404,0.681748140530214,0.0508010078059005,0.0522603179469928,0.0464128832335836,0.0477461400744495
"29_pwo_gp_model_specific","db6cb901415724b9f55892557a81f2cbcc3e7f91cf2f712ea45b7b9a2b1eb5a5","b1d5697d50014504fea8964eae8d6ad099291a4087058c07ada854c160fad766",38,6,48,"SA_hamming_foldover","Hamming",180538449,401256432,0.529282029154612,0.105856405830922,5,1.00042106182017,"7eb2474b030235bcb725424ff475af046a338ec90498c84a5c84d4baa47817e7",0.00800000000000978,"pwo","pwo_snr5","ols",5,TRUE,NA,48,406,16,32,0.0122650145624391,0.011205578655441,69.8686093043013,0.0198827046691753,0.0204175148402615,0.115382872842681,0.119506291023026,0.0610700810678626,0.0632525322094086,-1.25839021191398,-1.2350516284805,1,1,0.361102241304901,0.367511909739329,0.66271109647404,0.681748140530214,0.00812816124894407,0.00836165087151884,0.00742606131737337,0.00763938241191192
"29_pwo_gp_model_specific","db6cb901415724b9f55892557a81f2cbcc3e7f91cf2f712ea45b7b9a2b1eb5a5","b1d5697d50014504fea8964eae8d6ad099291a4087058c07ada854c160fad766",38,6,48,"SA_l2_position_foldover","L2",180538449,401256432,0.529282029154612,0.264641014577306,2,1.00042106182017,"7eb2474b030235bcb725424ff475af046a338ec90498c84a5c84d4baa47817e7",0.007000000000005,"pwo","pwo_snr2","ols",2,TRUE,NA,48,406,16,32,0.0690885646236082,0.070034866596506,42.2176747822902,0.048122218994469,0.044190829888934,0.283913909510275,0.278810574916772,0.150270530130817,0.147569426841713,-0.424965920995674,-0.42678701228653,0.993055555555556,0.992610837438424,0.775788470401077,0.791196956955167,0.536240250788959,0.555790957856657,0.0370480692204129,0.0383987995090968,0.0375555144276817,0.0389247455890353
"29_pwo_gp_model_specific","db6cb901415724b9f55892557a81f2cbcc3e7f91cf2f712ea45b7b9a2b1eb5a5","b1d5697d50014504fea8964eae8d6ad099291a4087058c07ada854c160fad766",38,6,48,"SA_l2_position_foldover","L2",180538449,401256432,0.529282029154612,0.105856405830922,5,1.00042106182017,"7eb2474b030235bcb725424ff475af046a338ec90498c84a5c84d4baa47817e7",0.007000000000005,"pwo","pwo_snr5","ols",5,TRUE,NA,48,406,16,32,0.0110541703397773,0.011205578655441,42.2176747822902,0.0192488875977877,0.0176763319555737,0.11356556380411,0.111524229966709,0.060108212052327,0.0590277707366854,-1.34125665286983,-1.34307774416068,0.993055555555556,0.992610837438424,0.310315388160431,0.316478782782067,0.536240250788959,0.555790957856657,0.00592769107526606,0.00614380792145548,0.00600888230842906,0.00622795929424564
"29_pwo_gp_model_specific","db6cb901415724b9f55892557a81f2cbcc3e7f91cf2f712ea45b7b9a2b1eb5a5","b1d5697d50014504fea8964eae8d6ad099291a4087058c07ada854c160fad766",38,6,48,"random_foldover","RandomFoldover",180538449,401256432,0.529282029154612,0.264641014577306,2,1.00042106182017,"7eb2474b030235bcb725424ff475af046a338ec90498c84a5c84d4baa47817e7",0.00799999999998136,"pwo","pwo_snr2","ols",2,TRUE,NA,48,406,16,32,0.063569184634067,0.070034866596506,54.5618622837928,0.0701456476352194,0.0722398667444877,0.471167461969755,0.47840866180764,0.249380470342981,0.25321310728669,0.134226572219802,0.156126983341095,0.872222222222222,0.862068965517241,0.782841517358001,0.799835345573743,0.596688622478257,0.619234294945527,0.0379310092113674,0.0393642192271385,0.0417890080749177,0.0433679912384914
"29_pwo_gp_model_specific","db6cb901415724b9f55892557a81f2cbcc3e7f91cf2f712ea45b7b9a2b1eb5a5","b1d5697d50014504fea8964eae8d6ad099291a4087058c07ada854c160fad766",38,6,48,"random_foldover","RandomFoldover",180538449,401256432,0.529282029154612,0.105856405830922,5,1.00042106182017,"7eb2474b030235bcb725424ff475af046a338ec90498c84a5c84d4baa47817e7",0.00600000000000023,"pwo","pwo_snr5","ols",5,TRUE,NA,48,406,16,32,0.0101710695414507,0.011205578655441,54.5618622837928,0.0280582590540878,0.0288959466977951,0.188466984787902,0.191363464723056,0.0997521881371922,0.101285242914676,-0.782064159654353,-0.76016374853306,0.872222222222222,0.862068965517241,0.3131366069432,0.319934138229497,0.596688622478257,0.619234294945527,0.00606896147381879,0.00629827507634215,0.00668624129198683,0.00693887859815862
"29_pwo_gp_model_specific","db6cb901415724b9f55892557a81f2cbcc3e7f91cf2f712ea45b7b9a2b1eb5a5","b1d5697d50014504fea8964eae8d6ad099291a4087058c07ada854c160fad766",38,6,60,"FSA_lambda050","FSA_lambda050",180538449,401256432,0.529282029154612,0.264641014577306,2,1.00042106182017,"242e0f0cf2eb589176a4f03c2d5c4e2917a788686cd99f16fa4381a2526b8282",0.007000000000005,"pwo","pwo_snr2","ols",2,TRUE,NA,60,358,16,44,0.0721945192609688,0.070034866596506,20.9672195958409,0.0439824414322939,0.0453134134085411,0.239614970568502,0.236079682015764,0.126823897838319,0.124952733139479,-0.632656323634183,-0.651715899968959,0.981944444444444,0.986033519553073,0.592665234617009,0.593194481109151,0.301601272846202,0.30218113427823,0.0217739589016278,0.0218158217189511,0.0211226049091201,0.0211632154271567
"29_pwo_gp_model_specific","db6cb901415724b9f55892557a81f2cbcc3e7f91cf2f712ea45b7b9a2b1eb5a5","b1d5697d50014504fea8964eae8d6ad099291a4087058c07ada854c160fad766",38,6,60,"FSA_lambda050","FSA_lambda050",180538449,401256432,0.529282029154612,0.105856405830922,5,1.00042106182017,"242e0f0cf2eb589176a4f03c2d5c4e2917a788686cd99f16fa4381a2526b8282",0.007000000000005,"pwo","pwo_snr5","ols",5,TRUE,NA,60,358,16,44,0.011551123081755,0.011205578655441,20.9672195958409,0.0175929765729176,0.0181253653634165,0.0958459882274008,0.0944318728063059,0.0507295591353278,0.0499810932557918,-1.54894705550834,-1.56800663184311,0.981944444444444,0.986033519553073,0.237066093846804,0.23727779244366,0.301601272846202,0.30218113427823,0.00348383342426045,0.00349053147503217,0.00337961678545922,0.00338611446834507
"29_pwo_gp_model_specific","db6cb901415724b9f55892557a81f2cbcc3e7f91cf2f712ea45b7b9a2b1eb5a5","b1d5697d50014504fea8964eae8d6ad099291a4087058c07ada854c160fad766",38,6,60,"SA_hamming_foldover","Hamming",180538449,401256432,0.529282029154612,0.264641014577306,2,1.00042106182017,"242e0f0cf2eb589176a4f03c2d5c4e2917a788686cd99f16fa4381a2526b8282",0.00799999999998136,"pwo","pwo_snr2","ols",2,TRUE,NA,60,358,16,44,0.06862403321607,0.070034866596506,53.2463989939475,0.0602031887473222,0.0616176371939121,0.310249505260857,0.311349249718383,0.164209487688681,0.164791562666712,-0.375190734596515,-0.383853923274637,0.968055555555556,0.972067039106145,0.709963663292895,0.726282019872548,0.463658594966134,0.482889256493292,0.0318181228218723,0.033137808377279,0.0324722678447766,0.0338190846593936
"29_pwo_gp_model_specific","db6cb901415724b9f55892557a81f2cbcc3e7f91cf2f712ea45b7b9a2b1eb5a5","b1d5697d50014504fea8964eae8d6ad099291a4087058c07ada854c160fad766",38,6,60,"SA_hamming_foldover","Hamming",180538449,401256432,0.529282029154612,0.105856405830922,5,1.00042106182017,"242e0f0cf2eb589176a4f03c2d5c4e2917a788686cd99f16fa4381a2526b8282",0.00900000000001455,"pwo","pwo_snr5","ols",5,TRUE,NA,60,358,16,44,0.0109798453145712,0.011205578655441,53.2463989939475,0.0240812754989289,0.0246470548775649,0.124099802104343,0.124539699887353,0.0656837950754723,0.0659166250666847,-1.29148146647067,-1.30014465514879,0.968055555555556,0.972067039106145,0.283985465317158,0.290512807949019,0.463658594966134,0.482889256493292,0.00509089965149957,0.00530204934036464,0.00519556285516425,0.00541105354550298
"29_pwo_gp_model_specific","db6cb901415724b9f55892557a81f2cbcc3e7f91cf2f712ea45b7b9a2b1eb5a5","b1d5697d50014504fea8964eae8d6ad099291a4087058c07ada854c160fad766",38,6,60,"SA_l2_position_foldover","L2",180538449,401256432,0.529282029154612,0.264641014577306,2,1.00042106182017,"242e0f0cf2eb589176a4f03c2d5c4e2917a788686cd99f16fa4381a2526b8282",0.00699999999997658,"pwo","pwo_snr2","ols",2,TRUE,NA,60,358,16,44,0.0507023644018266,0.070034866596506,34.0517861345868,0.0537745210164198,0.0555143747739755,0.328305310162617,0.340908523115483,0.173766100745104,0.180436754870665,-0.240265870285776,-0.187895598362748,0.8875,0.879888268156425,0.571760871199959,0.580784463554958,0.405457837281555,0.417722488488089,0.0205576710154259,0.0211795178301609,0.0283961855445215,0.0292551387556238
"29_pwo_gp_model_specific","db6cb901415724b9f55892557a81f2cbcc3e7f91cf2f712ea45b7b9a2b1eb5a5","b1d5697d50014504fea8964eae8d6ad099291a4087058c07ada854c160fad766",38,6,60,"SA_l2_position_foldover","L2",180538449,401256432,0.529282029154612,0.105856405830922,5,1.00042106182017,"242e0f0cf2eb589176a4f03c2d5c4e2917a788686cd99f16fa4381a2526b8282",0.00800000000000978,"pwo","pwo_snr5","ols",5,TRUE,NA,60,358,16,44,0.00811237830429225,0.011205578655441,34.0517861345868,0.0215098084065679,0.0222057499095902,0.131322124065047,0.136363409246193,0.0695064402980416,0.072174701948266,-1.15655660215993,-1.1041863302369,0.8875,0.879888268156425,0.228704348479984,0.232313785421983,0.405457837281555,0.417722488488089,0.00328922736246814,0.00338872285282575,0.00454338968712344,0.00468082220089981
"29_pwo_gp_model_specific","db6cb901415724b9f55892557a81f2cbcc3e7f91cf2f712ea45b7b9a2b1eb5a5","b1d5697d50014504fea8964eae8d6ad099291a4087058c07ada854c160fad766",38,6,60,"random_foldover","RandomFoldover",180538449,401256432,0.529282029154612,0.264641014577306,2,1.00042106182017,"242e0f0cf2eb589176a4f03c2d5c4e2917a788686cd99f16fa4381a2526b8282",0.00799999999998136,"pwo","pwo_snr2","ols",2,TRUE,NA,60,358,16,44,0.0810842296782575,0.070034866596506,43.6244006136253,0.0488471909729424,0.0504478253148416,0.333330134036776,0.343826172078091,0.176425649721364,0.181981014033955,-0.351133391466201,-0.317195016260969,0.994444444444444,0.988826815642458,0.762887249094532,0.779843819251322,0.454134085574545,0.472203685918122,0.0368231124994519,0.0382882721239047,0.0318052201001395,0.0330707221496541
"29_pwo_gp_model_specific","db6cb901415724b9f55892557a81f2cbcc3e7f91cf2f712ea45b7b9a2b1eb5a5","b1d5697d50014504fea8964eae8d6ad099291a4087058c07ada854c160fad766",38,6,60,"random_foldover","RandomFoldover",180538449,401256432,0.529282029154612,0.105856405830922,5,1.00042106182017,"242e0f0cf2eb589176a4f03c2d5c4e2917a788686cd99f16fa4381a2526b8282",0.007000000000005,"pwo","pwo_snr5","ols",5,TRUE,NA,60,358,16,44,0.0129734767485212,0.011205578655441,43.6244006136253,0.0195388763891769,0.0201791301259366,0.13333205361471,0.137530468831236,0.0705702598885454,0.0727924056135819,-1.26742412334036,-1.23348574813513,0.994444444444444,0.988826815642458,0.305154899637813,0.311937527700529,0.454134085574545,0.472203685918122,0.00589169799991229,0.00612612353982476,0.00508883521602232,0.00529131554394465
"29_pwo_gp_model_specific","db6cb901415724b9f55892557a81f2cbcc3e7f91cf2f712ea45b7b9a2b1eb5a5","b1d5697d50014504fea8964eae8d6ad099291a4087058c07ada854c160fad766",39,6,48,"FSA_lambda050","FSA_lambda050",180538450,401256433,0.862187567870141,0.43109378393507,2,1.02685904919268,"ca274bda72d01a95a3cd85e49a031d469021fedac92ed8ca53a3960f0cb42aa2",0.00499999999999545,"pwo","pwo_snr2","ols",2,TRUE,NA,48,416,16,32,0.200997937849928,0.185841850547457,62.1118291522841,0.15420777442361,0.15912446728993,0.432722770387528,0.451288806432652,0.373088192962452,0.389095598425187,0.381429182185124,0.442565318230472,0.947222222222222,0.935096153846154,1.30268521214149,1.3113157757065,0.527932762110694,0.532999849740912,0.106113396507666,0.107131870672244,0.0981120014752818,0.0990536784173676
"29_pwo_gp_model_specific","db6cb901415724b9f55892557a81f2cbcc3e7f91cf2f712ea45b7b9a2b1eb5a5","b1d5697d50014504fea8964eae8d6ad099291a4087058c07ada854c160fad766",39,6,48,"FSA_lambda050","FSA_lambda050",180538450,401256433,0.862187567870141,0.172437513574028,5,1.02685904919268,"ca274bda72d01a95a3cd85e49a031d469021fedac92ed8ca53a3960f0cb42aa2",0.00399999999999068,"pwo","pwo_snr5","ols",5,TRUE,NA,48,416,16,32,0.0321596700559884,0.0297346960875931,62.1118291522841,0.0616831097694442,0.063649786915972,0.173089108155011,0.180515522573061,0.149235277184981,0.155638239370075,-0.534861549689033,-0.473725413643685,0.947222222222222,0.935096153846154,0.521074084856598,0.524526310282599,0.527932762110694,0.532999849740912,0.0169781434412265,0.0171410993075591,0.0156979202360451,0.0158485885467788
"29_pwo_gp_model_specific","db6cb901415724b9f55892557a81f2cbcc3e7f91cf2f712ea45b7b9a2b1eb5a5","b1d5697d50014504fea8964eae8d6ad099291a4087058c07ada854c160fad766",39,6,48,"SA_hamming_foldover","Hamming",180538450,401256433,0.862187567870141,0.43109378393507,2,1.02685904919268,"ca274bda72d01a95a3cd85e49a031d469021fedac92ed8ca53a3960f0cb42aa2",0.007000000000005,"pwo","pwo_snr2","ols",2,TRUE,NA,48,416,16,32,0.126548459076539,0.185841850547457,133.147214250489,0.135371591911453,0.139223224967186,0.396249027207879,0.411644394417205,0.341640985039271,0.354914679249947,0.350184850166925,0.392936051104274,0.943055555555556,0.944711538461538,1.31395068841979,1.34319678818087,0.874419340278372,0.903322584258941,0.110656420098951,0.114314081087006,0.162503708351819,0.167875140699993
"29_pwo_gp_model_specific","db6cb901415724b9f55892557a81f2cbcc3e7f91cf2f712ea45b7b9a2b1eb5a5","b1d5697d50014504fea8964eae8d6ad099291a4087058c07ada854c160fad766",39,6,48,"SA_hamming_foldover","Hamming",180538450,401256433,0.862187567870141,0.172437513574028,5,1.02685904919268,"ca274bda72d01a95a3cd85e49a031d469021fedac92ed8ca53a3960f0cb42aa2",0.00800000000000978,"pwo","pwo_snr5","ols",5,TRUE,NA,48,416,16,32,0.0202477534522462,0.0297346960875931,133.147214250489,0.0541486367645811,0.0556892899868744,0.158499610883152,0.164657757766882,0.136656394015708,0.141965871699979,-0.56610588170723,-0.523354680769882,0.943055555555556,0.944711538461538,0.525580275367918,0.53727871527235,0.874419340278372,0.903322584258941,0.0177050272158322,0.0182902529739209,0.0260005933362911,0.0268600225119989
"29_pwo_gp_model_specific","db6cb901415724b9f55892557a81f2cbcc3e7f91cf2f712ea45b7b9a2b1eb5a5","b1d5697d50014504fea8964eae8d6ad099291a4087058c07ada854c160fad766",39,6,48,"SA_l2_position_foldover","L2",180538450,401256433,0.862187567870141,0.43109378393507,2,1.02685904919268,"ca274bda72d01a95a3cd85e49a031d469021fedac92ed8ca53a3960f0cb42aa2",0.00899999999998613,"pwo","pwo_snr2","ols",2,TRUE,NA,48,416,16,32,0.122943717187804,0.185841850547457,57.3825211965313,0.154520966518746,0.159433975797636,0.499785866031045,0.510621434235752,0.430909160289178,0.440251452486086,0.757043248347532,0.833006114313023,0.795833333333333,0.774038461538462,1.07066713275257,1.08537974365205,0.579361833193507,0.593413379008101,0.0712288973695501,0.0729564466442311,0.107669675217249,0.110281040494485
"29_pwo_gp_model_specific","db6cb901415724b9f55892557a81f2cbcc3e7f91cf2f712ea45b7b9a2b1eb5a5","b1d5697d50014504fea8964eae8d6ad099291a4087058c07ada854c160fad766",39,6,48,"SA_l2_position_foldover","L2",180538450,401256433,0.862187567870141,0.172437513574028,5,1.02685904919268,"ca274bda72d01a95a3cd85e49a031d469021fedac92ed8ca53a3960f0cb42aa2",0.007000000000005,"pwo","pwo_snr5","ols",5,TRUE,NA,48,416,16,32,0.0196709947500486,0.0297346960875931,57.3825211965313,0.0618083866074986,0.0637735903190545,0.199914346412418,0.204248573694301,0.172363664115671,0.176100580994434,-0.159247483526622,-0.0832846175611325,0.795833333333333,0.774038461538462,0.428266853101029,0.43415189746082,0.579361833193507,0.593413379008101,0.011396623579128,0.011673031463077,0.0172271480347598,0.0176449664791176
"29_pwo_gp_model_specific","db6cb901415724b9f55892557a81f2cbcc3e7f91cf2f712ea45b7b9a2b1eb5a5","b1d5697d50014504fea8964eae8d6ad099291a4087058c07ada854c160fad766",39,6,48,"random_foldover","RandomFoldover",180538450,401256433,0.862187567870141,0.43109378393507,2,1.02685904919268,"ca274bda72d01a95a3cd85e49a031d469021fedac92ed8ca53a3960f0cb42aa2",0.00799999999998136,"pwo","pwo_snr2","ols",2,TRUE,NA,48,416,16,32,0.223012194850111,0.185841850547457,41.6042363697556,0.0935031441413197,0.0923760029658497,0.336052112322088,0.340851744960096,0.289739953400604,0.293878136991438,0.205809638434267,0.223642453804681,0.988888888888889,0.987980769230769,1.39914545050482,1.4142854479523,0.54219108917847,0.552358947534481,0.120915224825863,0.123182781234762,0.100761795363268,0.102651408976254
"29_pwo_gp_model_specific","db6cb901415724b9f55892557a81f2cbcc3e7f91cf2f712ea45b7b9a2b1eb5a5","b1d5697d50014504fea8964eae8d6ad099291a4087058c07ada854c160fad766",39,6,48,"random_foldover","RandomFoldover",180538450,401256433,0.862187567870141,0.172437513574028,5,1.02685904919268,"ca274bda72d01a95a3cd85e49a031d469021fedac92ed8ca53a3960f0cb42aa2",0.007000000000005,"pwo","pwo_snr5","ols",5,TRUE,NA,48,416,16,32,0.0356819511760178,0.0297346960875931,41.6042363697556,0.0374012576565278,0.0369504011863398,0.134420844928835,0.136340697984038,0.115895981360241,0.117551254796575,-0.710481093439889,-0.692648278069476,0.988888888888889,0.987980769230769,0.55965818020193,0.565714179180919,0.54219108917847,0.552358947534481,0.0193464359721381,0.0197092449975619,0.0161218872581229,0.0164242254362006
"29_pwo_gp_model_specific","db6cb901415724b9f55892557a81f2cbcc3e7f91cf2f712ea45b7b9a2b1eb5a5","b1d5697d50014504fea8964eae8d6ad099291a4087058c07ada854c160fad766",39,6,60,"FSA_lambda050","FSA_lambda050",180538450,401256433,0.862187567870141,0.43109378393507,2,1.02685904919268,"c98f8d09231a05568f2d4e69ebe68cf36923cc6f14c78db57d547f10be8bfdfe",0.007000000000005,"pwo","pwo_snr2","ols",2,TRUE,NA,60,368,16,44,0.185944541235249,0.185841850547457,14.4213529228817,0.0604848381276101,0.0624665625868653,0.209395006142681,0.210350452025844,0.180537771070312,0.181361544632548,-0.229608334207361,-0.220809833990737,0.997222222222222,0.994565217391304,0.947221570913137,0.952248316626278,0.298596283195703,0.3018598385719,0.0555223488933755,0.0561291892005983,0.055491685835682,0.0560981910061586
"29_pwo_gp_model_specific","db6cb901415724b9f55892557a81f2cbcc3e7f91cf2f712ea45b7b9a2b1eb5a5","b1d5697d50014504fea8964eae8d6ad099291a4087058c07ada854c160fad766",39,6,60,"FSA_lambda050","FSA_lambda050",180538450,401256433,0.862187567870141,0.172437513574028,5,1.02685904919268,"c98f8d09231a05568f2d4e69ebe68cf36923cc6f14c78db57d547f10be8bfdfe",0.00699999999997658,"pwo","pwo_snr5","ols",5,TRUE,NA,60,368,16,44,0.0297511265976398,0.0297346960875931,14.4213529228817,0.0241939352510441,0.0249866250347462,0.0837580024570728,0.0841401808103381,0.0722151084281249,0.0725446178530193,-1.14589906608151,-1.13710056586489,0.997222222222222,0.994565217391304,0.378888628365255,0.380899326650511,0.298596283195703,0.3018598385719,0.00888357582294007,0.00898067027209572,0.00887866973370912,0.00897571056098537
"29_pwo_gp_model_specific","db6cb901415724b9f55892557a81f2cbcc3e7f91cf2f712ea45b7b9a2b1eb5a5","b1d5697d50014504fea8964eae8d6ad099291a4087058c07ada854c160fad766",39,6,60,"SA_hamming_foldover","Hamming",180538450,401256433,0.862187567870141,0.43109378393507,2,1.02685904919268,"c98f8d09231a05568f2d4e69ebe68cf36923cc6f14c78db57d547f10be8bfdfe",0.00699999999997658,"pwo","pwo_snr2","ols",2,TRUE,NA,60,368,16,44,0.256347746342724,0.185841850547457,32.0761908934538,0.104920930088461,0.10832716831984,0.317432433918138,0.320108347542802,0.273686298162979,0.275993437622858,0.131788279731924,0.146604910797921,0.9875,0.991847826086957,1.27185696386281,1.28569343790669,0.395545647830041,0.402847335238186,0.101397235396904,0.103269006508481,0.0735089351687276,0.0748658942687763
"29_pwo_gp_model_specific","db6cb901415724b9f55892557a81f2cbcc3e7f91cf2f712ea45b7b9a2b1eb5a5","b1d5697d50014504fea8964eae8d6ad099291a4087058c07ada854c160fad766",39,6,60,"SA_hamming_foldover","Hamming",180538450,401256433,0.862187567870141,0.172437513574028,5,1.02685904919268,"c98f8d09231a05568f2d4e69ebe68cf36923cc6f14c78db57d547f10be8bfdfe",0.00800000000000978,"pwo","pwo_snr5","ols",5,TRUE,NA,60,368,16,44,0.0410156394148358,0.0297346960875931,32.0761908934538,0.0419683720353846,0.0433308673279359,0.126972973567255,0.128043339017121,0.109474519265192,0.110397375049143,-0.784502452142231,-0.769685821076234,0.9875,0.991847826086957,0.508742785545125,0.514277375162674,0.395545647830041,0.402847335238186,0.0162235576635046,0.0165230410413569,0.0117614296269964,0.0119785430830042
"29_pwo_gp_model_specific","db6cb901415724b9f55892557a81f2cbcc3e7f91cf2f712ea45b7b9a2b1eb5a5","b1d5697d50014504fea8964eae8d6ad099291a4087058c07ada854c160fad766",39,6,60,"SA_l2_position_foldover","L2",180538450,401256433,0.862187567870141,0.43109378393507,2,1.02685904919268,"c98f8d09231a05568f2d4e69ebe68cf36923cc6f14c78db57d547f10be8bfdfe",0.00799999999998136,"pwo","pwo_snr2","ols",2,TRUE,NA,60,368,16,44,0.181987109297036,0.185841850547457,45.4673736765316,0.13865257501771,0.143138789827613,0.539339372906053,0.547387023087967,0.465011702182477,0.471950286119891,0.999216364544994,1.06379228903133,0.763888888888889,0.771739130434783,1.09543286901987,1.11649423582015,0.415496751651835,0.431024044031567,0.0756150527554259,0.0784408198108232,0.0772166852234342,0.0801023059732751
"29_pwo_gp_model_specific","db6cb901415724b9f55892557a81f2cbcc3e7f91cf2f712ea45b7b9a2b1eb5a5","b1d5697d50014504fea8964eae8d6ad099291a4087058c07ada854c160fad766",39,6,60,"SA_l2_position_foldover","L2",180538450,401256433,0.862187567870141,0.172437513574028,5,1.02685904919268,"c98f8d09231a05568f2d4e69ebe68cf36923cc6f14c78db57d547f10be8bfdfe",0.00800000000000978,"pwo","pwo_snr5","ols",5,TRUE,NA,60,368,16,44,0.0291179374875258,0.0297346960875931,45.4673736765316,0.0554610300070842,0.0572555159310454,0.215735749162421,0.218954809235187,0.186004680872991,0.188780114447957,0.0829256326708416,0.147501557157182,0.763888888888889,0.771739130434783,0.438173147607947,0.44659769432806,0.415496751651835,0.431024044031567,0.0120984084408681,0.0125505311697317,0.0123546696357495,0.012816368955724
"29_pwo_gp_model_specific","db6cb901415724b9f55892557a81f2cbcc3e7f91cf2f712ea45b7b9a2b1eb5a5","b1d5697d50014504fea8964eae8d6ad099291a4087058c07ada854c160fad766",39,6,60,"random_foldover","RandomFoldover",180538450,401256433,0.862187567870141,0.43109378393507,2,1.02685904919268,"c98f8d09231a05568f2d4e69ebe68cf36923cc6f14c78db57d547f10be8bfdfe",0.00899999999998613,"pwo","pwo_snr2","ols",2,TRUE,NA,60,368,16,44,0.350290330863889,0.185841850547457,40.3844003628207,0.124554589434139,0.128628479474769,0.365355394884098,0.375357861960991,0.315004879323356,0.323628882085083,0.284593932182499,0.307140693878834,0.991666666666667,0.986413043478261,1.55871603977417,1.5746425706425,0.437406696453396,0.444943817702253,0.153219336422741,0.155859517118764,0.081288469910749,0.082689182471437
"29_pwo_gp_model_specific","db6cb901415724b9f55892557a81f2cbcc3e7f91cf2f712ea45b7b9a2b1eb5a5","b1d5697d50014504fea8964eae8d6ad099291a4087058c07ada854c160fad766",39,6,60,"random_foldover","RandomFoldover",180538450,401256433,0.862187567870141,0.172437513574028,5,1.02685904919268,"c98f8d09231a05568f2d4e69ebe68cf36923cc6f14c78db57d547f10be8bfdfe",0.007000000000005,"pwo","pwo_snr5","ols",5,TRUE,NA,60,368,16,44,0.0560464529382222,0.0297346960875931,40.3844003628207,0.0498218357736555,0.0514513917899077,0.146142157953639,0.150143144784396,0.126001951729342,0.129451552834033,-0.631696799691655,-0.60915003799532,0.991666666666667,0.986413043478261,0.623486415909669,0.629857028257002,0.437406696453396,0.444943817702253,0.0245150938276385,0.0249375227390022,0.0130061551857198,0.0132302691954299
"29_pwo_gp_model_specific","db6cb901415724b9f55892557a81f2cbcc3e7f91cf2f712ea45b7b9a2b1eb5a5","b1d5697d50014504fea8964eae8d6ad099291a4087058c07ada854c160fad766",40,6,48,"FSA_lambda050","FSA_lambda050",180538572,401256555,1.35383584643366,0.67691792321683,2,0.967410155463913,"4e7fa827b2508ac0aa2b1b854b4c11decfe92e3851ffb1eed521b3a7cbd391d6",0.007000000000005,"pwo","pwo_snr2","ols",2,TRUE,NA,48,386,16,32,0.563796258056272,0.458217874772186,24.5316617545669,0.126229630487527,0.128579288380724,0.293172311985945,0.293456076777909,0.396907185148405,0.397291356095722,0.528486406653984,0.527017066680967,0.991666666666667,0.994818652849741,1.93627895894487,1.94639921616425,0.405402032606525,0.409780320913941,0.228564148991966,0.231032611556378,0.185762457809287,0.187768667772651
"29_pwo_gp_model_specific","db6cb901415724b9f55892557a81f2cbcc3e7f91cf2f712ea45b7b9a2b1eb5a5","b1d5697d50014504fea8964eae8d6ad099291a4087058c07ada854c160fad766",40,6,48,"FSA_lambda050","FSA_lambda050",180538572,401256555,1.35383584643366,0.270767169286732,5,0.967410155463913,"4e7fa827b2508ac0aa2b1b854b4c11decfe92e3851ffb1eed521b3a7cbd391d6",0.00699999999997658,"pwo","pwo_snr5","ols",5,TRUE,NA,48,386,16,32,0.0902074012890035,0.0733148599635498,24.5316617545669,0.0504918521950106,0.0514317153522897,0.117268924794378,0.117382430711164,0.158762874059362,0.158916542438289,-0.38780432522017,-0.389273665193188,0.991666666666667,0.994818652849741,0.774511583577946,0.778559686465698,0.405402032606525,0.409780320913941,0.0365702638387145,0.0369652178490205,0.0297219932494859,0.0300429868436241
"29_pwo_gp_model_specific","db6cb901415724b9f55892557a81f2cbcc3e7f91cf2f712ea45b7b9a2b1eb5a5","b1d5697d50014504fea8964eae8d6ad099291a4087058c07ada854c160fad766",40,6,48,"SA_hamming_foldover","Hamming",180538572,401256555,1.35383584643366,0.67691792321683,2,0.967410155463913,"4e7fa827b2508ac0aa2b1b854b4c11decfe92e3851ffb1eed521b3a7cbd391d6",0.00799999999998136,"pwo","pwo_snr2","ols",2,TRUE,NA,48,386,16,32,0.275386180099634,0.458217874772186,59.6242937912101,0.127886344925927,0.12561414499725,0.271665571268223,0.274612007973253,0.367790588624799,0.371779580255316,0.418928526024284,0.434561600079184,0.990277777777778,0.994818652849741,1.69271517081673,1.7300427440342,0.646061791157162,0.673816347349561,0.177916488775098,0.185559709985284,0.296037060915547,0.308754694669273
"29_pwo_gp_model_specific","db6cb901415724b9f55892557a81f2cbcc3e7f91cf2f712ea45b7b9a2b1eb5a5","b1d5697d50014504fea8964eae8d6ad099291a4087058c07ada854c160fad766",40,6,48,"SA_hamming_foldover","Hamming",180538572,401256555,1.35383584643366,0.270767169286732,5,0.967410155463913,"4e7fa827b2508ac0aa2b1b854b4c11decfe92e3851ffb1eed521b3a7cbd391d6",0.007000000000005,"pwo","pwo_snr5","ols",5,TRUE,NA,48,386,16,32,0.0440617888159414,0.0733148599635498,59.6242937912101,0.0511545379703708,0.0502456579989002,0.108666228507289,0.109844803189301,0.14711623544992,0.148711832102126,-0.49736220584987,-0.48172913179497,0.990277777777778,0.994818652849741,0.677086068326693,0.692017097613681,0.646061791157162,0.673816347349561,0.0284666382040157,0.0296895535976454,0.0473659297464875,0.0494007511470837
"29_pwo_gp_model_specific","db6cb901415724b9f55892557a81f2cbcc3e7f91cf2f712ea45b7b9a2b1eb5a5","b1d5697d50014504fea8964eae8d6ad099291a4087058c07ada854c160fad766",40,6,48,"SA_l2_position_foldover","L2",180538572,401256555,1.35383584643366,0.67691792321683,2,0.967410155463913,"4e7fa827b2508ac0aa2b1b854b4c11decfe92e3851ffb1eed521b3a7cbd391d6",0.00499999999999545,"pwo","pwo_snr2","ols",2,TRUE,NA,48,386,16,32,0.272677044536034,0.458217874772186,46.4943908830465,0.18069302547641,0.186582896004665,0.361042290497047,0.369529549585996,0.488791994953417,0.500282350546006,0.818414945658252,0.831275989462241,0.869444444444444,0.862694300518135,1.58105448905042,1.60931423830672,0.569717188842136,0.587598938415712,0.155348799274851,0.160224741899707,0.261054599492428,0.26924833677924
"29_pwo_gp_model_specific","db6cb901415724b9f55892557a81f2cbcc3e7f91cf2f712ea45b7b9a2b1eb5a5","b1d5697d50014504fea8964eae8d6ad099291a4087058c07ada854c160fad766",40,6,48,"SA_l2_position_foldover","L2",180538572,401256555,1.35383584643366,0.270767169286732,5,0.967410155463913,"4e7fa827b2508ac0aa2b1b854b4c11decfe92e3851ffb1eed521b3a7cbd391d6",0.0040000000000191,"pwo","pwo_snr5","ols",5,TRUE,NA,48,386,16,32,0.0436283271257654,0.0733148599635498,46.4943908830465,0.072277210190564,0.0746331584018661,0.144416916198819,0.147811819834399,0.195516797981367,0.200112940218403,-0.0978757862159015,-0.0850147424119129,0.869444444444444,0.862694300518135,0.632421795620169,0.643725695322688,0.569717188842136,0.587598938415712,0.0248558078839762,0.0256359587039532,0.0417687359187884,0.0430797338846785
"29_pwo_gp_model_specific","db6cb901415724b9f55892557a81f2cbcc3e7f91cf2f712ea45b7b9a2b1eb5a5","b1d5697d50014504fea8964eae8d6ad099291a4087058c07ada854c160fad766",40,6,48,"random_foldover","RandomFoldover",180538572,401256555,1.35383584643366,0.67691792321683,2,0.967410155463913,"4e7fa827b2508ac0aa2b1b854b4c11decfe92e3851ffb1eed521b3a7cbd391d6",0.00500000000002387,"pwo","pwo_snr2","ols",2,TRUE,NA,48,386,16,32,0.622034545920458,0.458217874772186,134.52263753031,0.189409290657346,0.195620548843923,0.426990483077664,0.416313520512539,0.578075022076567,0.563620167424871,0.949079029660738,0.940410710656049,0.997222222222222,1,3.2232494698998,3.28029669061907,1.1048486899551,1.13102578674268,0.687254053167031,0.703537111680812,0.506261418656059,0.518256232313771
"29_pwo_gp_model_specific","db6cb901415724b9f55892557a81f2cbcc3e7f91cf2f712ea45b7b9a2b1eb5a5","b1d5697d50014504fea8964eae8d6ad099291a4087058c07ada854c160fad766",40,6,48,"random_foldover","RandomFoldover",180538572,401256555,1.35383584643366,0.270767169286732,5,0.967410155463913,"4e7fa827b2508ac0aa2b1b854b4c11decfe92e3851ffb1eed521b3a7cbd391d6",0.00800000000000978,"pwo","pwo_snr5","ols",5,TRUE,NA,48,386,16,32,0.0995255273472733,0.0733148599635498,134.52263753031,0.0757637162629383,0.0782482195375693,0.170796193231065,0.166525408205016,0.231230008830627,0.225448066969948,0.032788297786583,0.0241199787818937,0.997222222222222,1,1.28929978795992,1.31211867624763,1.1048486899551,1.13102578674268,0.109960648506725,0.11256593786893,0.0810018269849694,0.0829209971702034
"29_pwo_gp_model_specific","db6cb901415724b9f55892557a81f2cbcc3e7f91cf2f712ea45b7b9a2b1eb5a5","b1d5697d50014504fea8964eae8d6ad099291a4087058c07ada854c160fad766",40,6,60,"FSA_lambda050","FSA_lambda050",180538572,401256555,1.35383584643366,0.67691792321683,2,0.967410155463913,"9182c5959e6eec2b9d6310191f723ccc213e2a16c86f2b16765d1c98ee97b5f1",0.007000000000005,"pwo","pwo_snr2","ols",2,TRUE,NA,60,358,16,44,0.521216070960177,0.458217874772186,19.0129412662594,0.101902732475191,0.104365078557899,0.201209895335213,0.208628597173681,0.272405168961976,0.282448873444898,0.234184175685634,0.252314903848209,0.997222222222222,0.994413407821229,1.60019855939436,1.60257901466941,0.304380030662351,0.305108972094264,0.158647763660569,0.159027699649671,0.139472370773195,0.13980638476696
"29_pwo_gp_model_specific","db6cb901415724b9f55892557a81f2cbcc3e7f91cf2f712ea45b7b9a2b1eb5a5","b1d5697d50014504fea8964eae8d6ad099291a4087058c07ada854c160fad766",40,6,60,"FSA_lambda050","FSA_lambda050",180538572,401256555,1.35383584643366,0.270767169286732,5,0.967410155463913,"9182c5959e6eec2b9d6310191f723ccc213e2a16c86f2b16765d1c98ee97b5f1",0.00499999999999545,"pwo","pwo_snr5","ols",5,TRUE,NA,60,358,16,44,0.0833945713536283,0.0733148599635498,19.0129412662594,0.0407610929900764,0.0417460314231596,0.0804839581340854,0.0834514388694727,0.108962067584791,0.112979549377959,-0.68210655618852,-0.663975828025944,0.997222222222222,0.994413407821229,0.640079423757744,0.641031605867765,0.304380030662351,0.305108972094264,0.025383642185691,0.0254444319439473,0.0223155793237113,0.0223690215627136
"29_pwo_gp_model_specific","db6cb901415724b9f55892557a81f2cbcc3e7f91cf2f712ea45b7b9a2b1eb5a5","b1d5697d50014504fea8964eae8d6ad099291a4087058c07ada854c160fad766",40,6,60,"SA_hamming_foldover","Hamming",180538572,401256555,1.35383584643366,0.67691792321683,2,0.967410155463913,"9182c5959e6eec2b9d6310191f723ccc213e2a16c86f2b16765d1c98ee97b5f1",0.00499999999999545,"pwo","pwo_snr2","ols",2,TRUE,NA,60,358,16,44,0.330770502656179,0.458217874772186,43.3891757823385,0.141025420370792,0.145256388435625,0.255157161998382,0.248868508297215,0.34544091238769,0.336927107581242,0.37213524725887,0.354956339584881,0.961111111111111,0.963687150837989,1.42920037606212,1.44655709558539,0.386728039736486,0.395369397095983,0.127918228094876,0.130776534212308,0.177205700482866,0.181165324887282
"29_pwo_gp_model_specific","db6cb901415724b9f55892557a81f2cbcc3e7f91cf2f712ea45b7b9a2b1eb5a5","b1d5697d50014504fea8964eae8d6ad099291a4087058c07ada854c160fad766",40,6,60,"SA_hamming_foldover","Hamming",180538572,401256555,1.35383584643366,0.270767169286732,5,0.967410155463913,"9182c5959e6eec2b9d6310191f723ccc213e2a16c86f2b16765d1c98ee97b5f1",0.00500000000002387,"pwo","pwo_snr5","ols",5,TRUE,NA,60,358,16,44,0.0529232804249885,0.0733148599635498,43.3891757823385,0.0564101681483171,0.05810255537425,0.102062864799353,0.099547403318886,0.138176364955076,0.134770843032497,-0.544155484615284,-0.561334392289273,0.961111111111111,0.963687150837989,0.57168015042485,0.578622838234157,0.386728039736486,0.395369397095983,0.0204669164951802,0.0209242454739693,0.0283529120772586,0.0289864519819651
"29_pwo_gp_model_specific","db6cb901415724b9f55892557a81f2cbcc3e7f91cf2f712ea45b7b9a2b1eb5a5","b1d5697d50014504fea8964eae8d6ad099291a4087058c07ada854c160fad766",40,6,60,"SA_l2_position_foldover","L2",180538572,401256555,1.35383584643366,0.67691792321683,2,0.967410155463913,"9182c5959e6eec2b9d6310191f723ccc213e2a16c86f2b16765d1c98ee97b5f1",0.0040000000000191,"pwo","pwo_snr2","ols",2,TRUE,NA,60,358,16,44,0.42237648976968,0.458217874772186,44.4086056069317,0.106239192254554,0.109668836555797,0.247425937014104,0.251731504955064,0.334974102867131,0.340803135084859,0.365489202147786,0.394990234995085,0.994444444444444,0.994413407821229,1.68705409100982,1.73307416657514,0.425597186690402,0.447581378300901,0.179762245770143,0.189047851453009,0.195016238394297,0.205089787952645
"29_pwo_gp_model_specific","db6cb901415724b9f55892557a81f2cbcc3e7f91cf2f712ea45b7b9a2b1eb5a5","b1d5697d50014504fea8964eae8d6ad099291a4087058c07ada854c160fad766",40,6,60,"SA_l2_position_foldover","L2",180538572,401256555,1.35383584643366,0.270767169286732,5,0.967410155463913,"9182c5959e6eec2b9d6310191f723ccc213e2a16c86f2b16765d1c98ee97b5f1",0.00499999999999545,"pwo","pwo_snr5","ols",5,TRUE,NA,60,358,16,44,0.0675802383631487,0.0733148599635498,44.4086056069317,0.0424956769018218,0.0438675346223188,0.0989703748056418,0.100692601982026,0.133989641146853,0.136321254033944,-0.550801529726368,-0.52130049687907,0.994444444444444,0.994413407821229,0.674821636403927,0.693229666630058,0.425597186690402,0.447581378300901,0.0287619593232229,0.0302476562324815,0.0312025981430876,0.0328143660724231
"29_pwo_gp_model_specific","db6cb901415724b9f55892557a81f2cbcc3e7f91cf2f712ea45b7b9a2b1eb5a5","b1d5697d50014504fea8964eae8d6ad099291a4087058c07ada854c160fad766",40,6,60,"random_foldover","RandomFoldover",180538572,401256555,1.35383584643366,0.67691792321683,2,0.967410155463913,"9182c5959e6eec2b9d6310191f723ccc213e2a16c86f2b16765d1c98ee97b5f1",0.00399999999999068,"pwo","pwo_snr2","ols",2,TRUE,NA,60,358,16,44,0.492436876179748,0.458217874772186,51.9955760838262,0.133168211037842,0.122534723214735,0.320585295181051,0.323354481489276,0.434019864455622,0.437768888145151,0.60110843662396,0.610700457855494,0.961111111111111,0.963687150837989,1.81736837963998,1.85495067165256,0.422750903873124,0.439154929931472,0.208178134505446,0.21625608185439,0.193712020730764,0.201228638688927
"29_pwo_gp_model_specific","db6cb901415724b9f55892557a81f2cbcc3e7f91cf2f712ea45b7b9a2b1eb5a5","b1d5697d50014504fea8964eae8d6ad099291a4087058c07ada854c160fad766",40,6,60,"random_foldover","RandomFoldover",180538572,401256555,1.35383584643366,0.270767169286732,5,0.967410155463913,"9182c5959e6eec2b9d6310191f723ccc213e2a16c86f2b16765d1c98ee97b5f1",0.00499999999999545,"pwo","pwo_snr5","ols",5,TRUE,NA,60,358,16,44,0.0787899001887597,0.0733148599635498,51.9955760838262,0.0532672844151367,0.0490138892858941,0.12823411807242,0.129341792595711,0.173607945782249,0.175107555258061,-0.315182295250193,-0.30559027401866,0.961111111111111,0.963687150837989,0.726947351855993,0.741980268661023,0.422750903873124,0.439154929931472,0.0333085015208714,0.0346009730967024,0.0309939233169222,0.0321965821902284
"29_pwo_gp_model_specific","db6cb901415724b9f55892557a81f2cbcc3e7f91cf2f712ea45b7b9a2b1eb5a5","b1d5697d50014504fea8964eae8d6ad099291a4087058c07ada854c160fad766",41,6,48,"FSA_lambda050","FSA_lambda050",180538573,401256556,0.995345541943407,0.497672770971703,2,0.961235385862976,"b92f32a304340463f8bd406ee6a0112079f2297c9ecbc62ad543c37282ea0f8e",0.00699999999997658,"pwo","pwo_snr2","ols",2,TRUE,NA,48,376,16,32,0.313239100387691,0.247678186966654,31.0569741394715,0.119411070748417,0.120826640486015,0.305172215456986,0.310268454525907,0.303751804180104,0.308824323018032,0.238791684450557,0.259822564398924,0.994444444444444,0.997340425531915,1.47937896572387,1.49935532512733,0.426831314644519,0.4389481687847,0.133700257016545,0.137495729506944,0.105716806151748,0.108717886616927
"29_pwo_gp_model_specific","db6cb901415724b9f55892557a81f2cbcc3e7f91cf2f712ea45b7b9a2b1eb5a5","b1d5697d50014504fea8964eae8d6ad099291a4087058c07ada854c160fad766",41,6,48,"FSA_lambda050","FSA_lambda050",180538573,401256556,0.995345541943407,0.199069108388681,5,0.961235385862976,"b92f32a304340463f8bd406ee6a0112079f2297c9ecbc62ad543c37282ea0f8e",0.0159999999999911,"pwo","pwo_snr5","ols",5,TRUE,NA,48,376,16,32,0.0501182560620306,0.0396285099146646,31.0569741394715,0.047764428299367,0.0483306561944059,0.122068886182794,0.124107381810363,0.121500721672042,0.123529729207213,-0.677499047423597,-0.656468167475231,0.994444444444444,0.997340425531915,0.591751586289546,0.59974213005093,0.426831314644519,0.4389481687847,0.0213920411226471,0.021999316721111,0.0169146889842796,0.0173948618587083
"29_pwo_gp_model_specific","db6cb901415724b9f55892557a81f2cbcc3e7f91cf2f712ea45b7b9a2b1eb5a5","b1d5697d50014504fea8964eae8d6ad099291a4087058c07ada854c160fad766",41,6,48,"SA_hamming_foldover","Hamming",180538573,401256556,0.995345541943407,0.497672770971703,2,0.961235385862976,"b92f32a304340463f8bd406ee6a0112079f2297c9ecbc62ad543c37282ea0f8e",0.00899999999998613,"pwo","pwo_snr2","ols",2,TRUE,NA,48,376,16,32,0.217812471018778,0.247678186966654,51.7129259480757,0.10406618524294,0.107116637178856,0.312771603410598,0.30537951102748,0.31131582110123,0.30395813490206,0.261539281578453,0.259800410052211,0.9875,0.984042553191489,1.44342777923893,1.47516584777828,0.591211162730832,0.615215273759154,0.128773164248288,0.134001558985976,0.14643010889962,0.152375403598861
"29_pwo_gp_model_specific","db6cb901415724b9f55892557a81f2cbcc3e7f91cf2f712ea45b7b9a2b1eb5a5","b1d5697d50014504fea8964eae8d6ad099291a4087058c07ada854c160fad766",41,6,48,"SA_hamming_foldover","Hamming",180538573,401256556,0.995345541943407,0.199069108388681,5,0.961235385862976,"b92f32a304340463f8bd406ee6a0112079f2297c9ecbc62ad543c37282ea0f8e",0.00800000000000978,"pwo","pwo_snr5","ols",5,TRUE,NA,48,376,16,32,0.0348499953630046,0.0396285099146646,51.7129259480757,0.0416264740971758,0.0428466548715422,0.125108641364239,0.122151804410992,0.124526328440492,0.121583253960824,-0.654751450295702,-0.656490321821945,0.9875,0.984042553191489,0.577371111695572,0.590066339111312,0.591211162730832,0.615215273759154,0.020603706279726,0.0214402494377561,0.0234288174239391,0.0243800645758177
"29_pwo_gp_model_specific","db6cb901415724b9f55892557a81f2cbcc3e7f91cf2f712ea45b7b9a2b1eb5a5","b1d5697d50014504fea8964eae8d6ad099291a4087058c07ada854c160fad766",41,6,48,"SA_l2_position_foldover","L2",180538573,401256556,0.995345541943407,0.497672770971703,2,0.961235385862976,"b92f32a304340463f8bd406ee6a0112079f2297c9ecbc62ad543c37282ea0f8e",0.007000000000005,"pwo","pwo_snr2","ols",2,TRUE,NA,48,376,16,32,0.232026267419331,0.247678186966654,112.224161502693,0.160302851375002,0.164603891926996,0.427297611845657,0.423906222050013,0.425308773033639,0.421933168319552,0.443826946680255,0.466038411326743,0.981944444444444,0.976063829787234,1.55594482037222,1.56078920664913,0.665488791705512,0.660574762980773,0.154410880348831,0.153270696605838,0.16482705737625,0.163609959651005
"29_pwo_gp_model_specific","db6cb901415724b9f55892557a81f2cbcc3e7f91cf2f712ea45b7b9a2b1eb5a5","b1d5697d50014504fea8964eae8d6ad099291a4087058c07ada854c160fad766",41,6,48,"SA_l2_position_foldover","L2",180538573,401256556,0.995345541943407,0.199069108388681,5,0.961235385862976,"b92f32a304340463f8bd406ee6a0112079f2297c9ecbc62ad543c37282ea0f8e",0.00499999999999545,"pwo","pwo_snr5","ols",5,TRUE,NA,48,376,16,32,0.037124202787093,0.0396285099146646,112.224161502693,0.064121140550001,0.0658415567707984,0.170919044738263,0.169562488820005,0.170123509213456,0.168773267327821,-0.4724637851939,-0.450252320547412,0.981944444444444,0.976063829787234,0.622377928148887,0.62431568265965,0.665488791705512,0.660574762980773,0.0247057408558129,0.0245233114569341,0.0263723291802,0.0261775935441608
"29_pwo_gp_model_specific","db6cb901415724b9f55892557a81f2cbcc3e7f91cf2f712ea45b7b9a2b1eb5a5","b1d5697d50014504fea8964eae8d6ad099291a4087058c07ada854c160fad766",41,6,48,"random_foldover","RandomFoldover",180538573,401256556,0.995345541943407,0.497672770971703,2,0.961235385862976,"b92f32a304340463f8bd406ee6a0112079f2297c9ecbc62ad543c37282ea0f8e",0.00600000000000023,"pwo","pwo_snr2","ols",2,TRUE,NA,48,376,16,32,0.224238515349116,0.247678186966654,83.3999936654181,0.177225045399121,0.18299848742219,0.476539037280025,0.499997006537183,0.474321006318676,0.497669791441834,0.63338410407543,0.712639533640485,0.945833333333333,0.936170212765957,1.67354872221145,1.72917752675206,0.797569437449356,0.845086405406706,0.178845786541473,0.189500920890121,0.19754055224747,0.209309468721299
"29_pwo_gp_model_specific","db6cb901415724b9f55892557a81f2cbcc3e7f91cf2f712ea45b7b9a2b1eb5a5","b1d5697d50014504fea8964eae8d6ad099291a4087058c07ada854c160fad766",41,6,48,"random_foldover","RandomFoldover",180538573,401256556,0.995345541943407,0.199069108388681,5,0.961235385862976,"b92f32a304340463f8bd406ee6a0112079f2297c9ecbc62ad543c37282ea0f8e",0.00799999999998136,"pwo","pwo_snr5","ols",5,TRUE,NA,48,376,16,32,0.0358781624558585,0.0396285099146646,83.3999936654181,0.0708900181596482,0.0731993949688759,0.19061561491201,0.199998802614873,0.18972840252747,0.199067916576734,-0.282906627798725,-0.203651198233669,0.945833333333333,0.936170212765957,0.669419488884578,0.691671010700822,0.797569437449356,0.845086405406706,0.0286153258466357,0.0303201473424193,0.0316064883595953,0.0334895149954079
"29_pwo_gp_model_specific","db6cb901415724b9f55892557a81f2cbcc3e7f91cf2f712ea45b7b9a2b1eb5a5","b1d5697d50014504fea8964eae8d6ad099291a4087058c07ada854c160fad766",41,6,60,"FSA_lambda050","FSA_lambda050",180538573,401256556,0.995345541943407,0.497672770971703,2,0.961235385862976,"a2c5b1f53a5d652515e3dedf42400967244a70ecb2fed04f02ccaabd62acfe49",0.007000000000005,"pwo","pwo_snr2","ols",2,TRUE,NA,60,330,16,44,0.181764235040554,0.247678186966654,22.1513042343765,0.103104380252272,0.106451464380013,0.274636873027249,0.258848489672796,0.27335858722095,0.257643690234602,0.164178072958536,0.0855290549619771,0.920833333333333,0.936363636363636,0.947265864447594,0.953009958107117,0.306220818839435,0.310193622338078,0.0556599928898419,0.0563821064787391,0.0758442172215954,0.076828193989314
"29_pwo_gp_model_specific","db6cb901415724b9f55892557a81f2cbcc3e7f91cf2f712ea45b7b9a2b1eb5a5","b1d5697d50014504fea8964eae8d6ad099291a4087058c07ada854c160fad766",41,6,60,"FSA_lambda050","FSA_lambda050",180538573,401256556,0.995345541943407,0.199069108388681,5,0.961235385862976,"a2c5b1f53a5d652515e3dedf42400967244a70ecb2fed04f02ccaabd62acfe49",0.00799999999998136,"pwo","pwo_snr5","ols",5,TRUE,NA,60,330,16,44,0.0290822776064885,0.0396285099146646,22.1513042343765,0.0412417521009089,0.0425805857520051,0.1098547492109,0.103539395869118,0.10934343488838,0.103057476093841,-0.75211265891562,-0.830761676912179,0.920833333333333,0.936363636363636,0.378906345779037,0.381203983242846,0.306220818839435,0.310193622338078,0.00890559886237469,0.00902113703659824,0.0121350747554553,0.0122925110382902
"29_pwo_gp_model_specific","db6cb901415724b9f55892557a81f2cbcc3e7f91cf2f712ea45b7b9a2b1eb5a5","b1d5697d50014504fea8964eae8d6ad099291a4087058c07ada854c160fad766",41,6,60,"SA_hamming_foldover","Hamming",180538573,401256556,0.995345541943407,0.497672770971703,2,0.961235385862976,"a2c5b1f53a5d652515e3dedf42400967244a70ecb2fed04f02ccaabd62acfe49",0.00499999999999545,"pwo","pwo_snr2","ols",2,TRUE,NA,60,330,16,44,0.307792278403908,0.247678186966654,60.587301844786,0.111946545902287,0.1138468083361,0.355137778487767,0.359612504635987,0.353484804593484,0.357938703316533,0.334180830961953,0.370556399042575,0.980555555555556,0.975757575757576,1.50145012694726,1.53193809980137,0.463811560003752,0.479877757641427,0.142757616803626,0.147702668379813,0.114876006275905,0.118855252978252
"29_pwo_gp_model_specific","db6cb901415724b9f55892557a81f2cbcc3e7f91cf2f712ea45b7b9a2b1eb5a5","b1d5697d50014504fea8964eae8d6ad099291a4087058c07ada854c160fad766",41,6,60,"SA_hamming_foldover","Hamming",180538573,401256556,0.995345541943407,0.199069108388681,5,0.961235385862976,"a2c5b1f53a5d652515e3dedf42400967244a70ecb2fed04f02ccaabd62acfe49",0.007000000000005,"pwo","pwo_snr5","ols",5,TRUE,NA,60,330,16,44,0.0492467645446253,0.0396285099146646,60.587301844786,0.0447786183609149,0.04553872333444,0.142055111395107,0.143845001854395,0.141393921837394,0.143175481326613,-0.582109900912201,-0.545734332831579,0.980555555555556,0.975757575757576,0.600580050778906,0.612775239920549,0.463811560003752,0.479877757641427,0.0228412186885801,0.0236324269407701,0.0183801610041447,0.0190168404765203
"29_pwo_gp_model_specific","db6cb901415724b9f55892557a81f2cbcc3e7f91cf2f712ea45b7b9a2b1eb5a5","b1d5697d50014504fea8964eae8d6ad099291a4087058c07ada854c160fad766",41,6,60,"SA_l2_position_foldover","L2",180538573,401256556,0.995345541943407,0.497672770971703,2,0.961235385862976,"a2c5b1f53a5d652515e3dedf42400967244a70ecb2fed04f02ccaabd62acfe49",0.00699999999997658,"pwo","pwo_snr2","ols",2,TRUE,NA,60,330,16,44,0.242014319025909,0.247678186966654,52.3852215543225,0.116470304628095,0.117260531188789,0.314054714715682,0.317279695734383,0.312592960218563,0.315802930698379,0.238375268503946,0.256306947322776,0.975,0.978787878787879,1.33476521687983,1.36533358827918,0.466033205979314,0.486009957728679,0.112786708988545,0.117621368959517,0.115426259523213,0.120374065177979
"29_pwo_gp_model_specific","db6cb901415724b9f55892557a81f2cbcc3e7f91cf2f712ea45b7b9a2b1eb5a5","b1d5697d50014504fea8964eae8d6ad099291a4087058c07ada854c160fad766",41,6,60,"SA_l2_position_foldover","L2",180538573,401256556,0.995345541943407,0.199069108388681,5,0.961235385862976,"a2c5b1f53a5d652515e3dedf42400967244a70ecb2fed04f02ccaabd62acfe49",0.00900000000001455,"pwo","pwo_snr5","ols",5,TRUE,NA,60,330,16,44,0.0387222910441454,0.0396285099146646,52.3852215543225,0.0465881218512379,0.0469042124755157,0.125621885886273,0.126911878293753,0.125037184087425,0.126321172279352,-0.677915463370208,-0.659983784551378,0.975,0.978787878787879,0.533906086751933,0.546133435311671,0.466033205979314,0.486009957728679,0.0180458734381672,0.0188194190335227,0.0184682015237142,0.0192598504284767
"29_pwo_gp_model_specific","db6cb901415724b9f55892557a81f2cbcc3e7f91cf2f712ea45b7b9a2b1eb5a5","b1d5697d50014504fea8964eae8d6ad099291a4087058c07ada854c160fad766",41,6,60,"random_foldover","RandomFoldover",180538573,401256556,0.995345541943407,0.497672770971703,2,0.961235385862976,"a2c5b1f53a5d652515e3dedf42400967244a70ecb2fed04f02ccaabd62acfe49",0.00799999999998136,"pwo","pwo_snr2","ols",2,TRUE,NA,60,330,16,44,0.214989117268391,0.247678186966654,55.3017958448625,0.208856562725919,0.21542443963179,0.610061304295134,0.604551146880863,0.607221799542342,0.601737288924641,1.20888984917198,1.20273878479948,0.730555555555556,0.742424242424242,1.26409948954751,1.27693880581524,0.476830696962147,0.482954705515534,0.102513410626364,0.103830005819401,0.11810056251363,0.119617345849101
"29_pwo_gp_model_specific","db6cb901415724b9f55892557a81f2cbcc3e7f91cf2f712ea45b7b9a2b1eb5a5","b1d5697d50014504fea8964eae8d6ad099291a4087058c07ada854c160fad766",41,6,60,"random_foldover","RandomFoldover",180538573,401256556,0.995345541943407,0.199069108388681,5,0.961235385862976,"a2c5b1f53a5d652515e3dedf42400967244a70ecb2fed04f02ccaabd62acfe49",0.00800000000000978,"pwo","pwo_snr5","ols",5,TRUE,NA,60,330,16,44,0.0343982587629427,0.0396285099146646,55.3017958448625,0.0835426250903675,0.0861697758527158,0.244024521718054,0.241820458752345,0.242888719816937,0.240694915569856,0.29259911729783,0.286448052925326,0.730555555555556,0.742424242424242,0.505639795819003,0.510775522326095,0.476830696962147,0.482954705515534,0.0164021457002182,0.0166128009311041,0.0188960900021808,0.0191387753358562
"29_pwo_gp_model_specific","db6cb901415724b9f55892557a81f2cbcc3e7f91cf2f712ea45b7b9a2b1eb5a5","b1d5697d50014504fea8964eae8d6ad099291a4087058c07ada854c160fad766",42,6,48,"FSA_lambda050","FSA_lambda050",180538574,401256557,1.13653380359444,0.568266901797219,2,1.00073470047979,"295152ead6a947a762414f1ca4e99353288adbbc278728bb6e14e14c2651aba8",0.007000000000005,"pwo","pwo_snr2","ols",2,TRUE,NA,48,364,16,32,0.196829483157168,0.32292727167821,41.4046501333736,0.102058117821214,0.102944674341701,0.235043259413814,0.237395551243722,0.267134609630817,0.269808068811426,0.115233898560878,0.119602730431482,0.969444444444444,0.967032967032967,1.21664986256764,1.23313863732258,0.46368148184063,0.478198701093981,0.0912661864202409,0.0941236031827573,0.149735395858504,0.154423401864343
"29_pwo_gp_model_specific","db6cb901415724b9f55892557a81f2cbcc3e7f91cf2f712ea45b7b9a2b1eb5a5","b1d5697d50014504fea8964eae8d6ad099291a4087058c07ada854c160fad766",42,6,48,"FSA_lambda050","FSA_lambda050",180538574,401256557,1.13653380359444,0.227306760718888,5,1.00073470047979,"295152ead6a947a762414f1ca4e99353288adbbc278728bb6e14e14c2651aba8",0.00699999999997658,"pwo","pwo_snr5","ols",5,TRUE,NA,48,364,16,32,0.0314927173051469,0.0516683634685136,41.4046501333736,0.0408232471284855,0.0411778697366805,0.0940173037655259,0.094958220497489,0.106853843852327,0.10792322752457,-0.801056833313276,-0.796688001442672,0.969444444444444,0.967032967032967,0.486659945027056,0.493255454929031,0.46368148184063,0.478198701093981,0.0146025898272385,0.0150597765092412,0.0239576633373606,0.0247077442982949
"29_pwo_gp_model_specific","db6cb901415724b9f55892557a81f2cbcc3e7f91cf2f712ea45b7b9a2b1eb5a5","b1d5697d50014504fea8964eae8d6ad099291a4087058c07ada854c160fad766",42,6,48,"SA_hamming_foldover","Hamming",180538574,401256557,1.13653380359444,0.568266901797219,2,1.00073470047979,"295152ead6a947a762414f1ca4e99353288adbbc278728bb6e14e14c2651aba8",0.007000000000005,"pwo","pwo_snr2","ols",2,TRUE,NA,48,364,16,32,0.230903150154619,0.32292727167821,116.735802951639,0.112287989720342,0.114252236940867,0.304624594942584,0.318152657157257,0.34621614955851,0.361591249562614,0.410509796461283,0.447640735120168,0.972222222222222,0.972527472527473,1.66505694009325,1.7102845787736,0.76284791106772,0.798690569280172,0.176143985754407,0.184420168445578,0.24634439462652,0.257918966452762
"29_pwo_gp_model_specific","db6cb901415724b9f55892557a81f2cbcc3e7f91cf2f712ea45b7b9a2b1eb5a5","b1d5697d50014504fea8964eae8d6ad099291a4087058c07ada854c160fad766",42,6,48,"SA_hamming_foldover","Hamming",180538574,401256557,1.13653380359444,0.227306760718888,5,1.00073470047979,"295152ead6a947a762414f1ca4e99353288adbbc278728bb6e14e14c2651aba8",0.00499999999999545,"pwo","pwo_snr5","ols",5,TRUE,NA,48,364,16,32,0.0369445040247391,0.0516683634685136,116.735802951639,0.044915195888137,0.0457008947763469,0.121849837977034,0.127261062862903,0.138486459823404,0.144636499825046,-0.505780935412872,-0.468649996753987,0.972222222222222,0.972527472527473,0.666022776037299,0.684113831509438,0.76284791106772,0.798690569280172,0.0281830377207052,0.0295072269512925,0.0394151031402433,0.0412670346324419
"29_pwo_gp_model_specific","db6cb901415724b9f55892557a81f2cbcc3e7f91cf2f712ea45b7b9a2b1eb5a5","b1d5697d50014504fea8964eae8d6ad099291a4087058c07ada854c160fad766",42,6,48,"SA_l2_position_foldover","L2",180538574,401256557,1.13653380359444,0.568266901797219,2,1.00073470047979,"295152ead6a947a762414f1ca4e99353288adbbc278728bb6e14e14c2651aba8",0.00399999999999068,"pwo","pwo_snr2","ols",2,TRUE,NA,48,364,16,32,0.225590538645916,0.32292727167821,71.4134372429998,0.0932176193628056,0.0926246071144623,0.254680785163146,0.258529316417791,0.289453321463888,0.293827307328982,0.260257012899575,0.30065297648442,0.980555555555556,0.978021978021978,1.55042138472225,1.6065302586333,0.67068876911788,0.718846523743093,0.151301040689069,0.162164974494949,0.216583694356454,0.232135146667723
"29_pwo_gp_model_specific","db6cb901415724b9f55892557a81f2cbcc3e7f91cf2f712ea45b7b9a2b1eb5a5","b1d5697d50014504fea8964eae8d6ad099291a4087058c07ada854c160fad766",42,6,48,"SA_l2_position_foldover","L2",180538574,401256557,1.13653380359444,0.227306760718888,5,1.00073470047979,"295152ead6a947a762414f1ca4e99353288adbbc278728bb6e14e14c2651aba8",0.00499999999999545,"pwo","pwo_snr5","ols",5,TRUE,NA,48,364,16,32,0.0360944861833466,0.0516683634685136,71.4134372429998,0.0372870477451222,0.0370498428457849,0.101872314065258,0.103411726567117,0.115781328585555,0.117530922931593,-0.65603371897458,-0.615637755389735,0.980555555555556,0.978021978021978,0.620168553888901,0.642612103453322,0.67068876911788,0.718846523743093,0.0242081665102511,0.0259463959191918,0.0346533910970326,0.0371416234668356
"29_pwo_gp_model_specific","db6cb901415724b9f55892557a81f2cbcc3e7f91cf2f712ea45b7b9a2b1eb5a5","b1d5697d50014504fea8964eae8d6ad099291a4087058c07ada854c160fad766",42,6,48,"random_foldover","RandomFoldover",180538574,401256557,1.13653380359444,0.568266901797219,2,1.00073470047979,"295152ead6a947a762414f1ca4e99353288adbbc278728bb6e14e14c2651aba8",0.00500000000002387,"pwo","pwo_snr2","ols",2,TRUE,NA,48,364,16,32,0.28041822065846,0.32292727167821,69.3867572913198,0.153626882770055,0.158563749515134,0.354007725922795,0.373272507466399,0.402341747244851,0.424236822688019,0.487286912991315,0.546739737352881,0.983333333333333,0.972527472527473,1.79145356126259,1.82944491660373,0.721612328911573,0.746821353636528,0.202353245278591,0.209422315136498,0.233028300584773,0.241168982160871
"29_pwo_gp_model_specific","db6cb901415724b9f55892557a81f2cbcc3e7f91cf2f712ea45b7b9a2b1eb5a5","b1d5697d50014504fea8964eae8d6ad099291a4087058c07ada854c160fad766",42,6,48,"random_foldover","RandomFoldover",180538574,401256557,1.13653380359444,0.227306760718888,5,1.00073470047979,"295152ead6a947a762414f1ca4e99353288adbbc278728bb6e14e14c2651aba8",0.00600000000000023,"pwo","pwo_snr5","ols",5,TRUE,NA,48,364,16,32,0.0448669153053536,0.0516683634685136,69.3867572913198,0.0614507531080221,0.0634254998060536,0.141603090369118,0.14930900298656,0.160936698897941,0.169694729075208,-0.429003818882839,-0.369550994521273,0.983333333333333,0.972527472527473,0.716581424505036,0.731777966641493,0.721612328911573,0.746821353636528,0.0323765192445745,0.0335075704218396,0.0372845280935637,0.0385870371457394
"29_pwo_gp_model_specific","db6cb901415724b9f55892557a81f2cbcc3e7f91cf2f712ea45b7b9a2b1eb5a5","b1d5697d50014504fea8964eae8d6ad099291a4087058c07ada854c160fad766",42,6,60,"FSA_lambda050","FSA_lambda050",180538574,401256557,1.13653380359444,0.568266901797219,2,1.00073470047979,"f774a16046ecb3e1156b9ac1e1ea1921638c240c33f0a0533ee38fc6ba852a79",0.00600000000000023,"pwo","pwo_snr2","ols",2,TRUE,NA,60,320,16,44,0.346800470820747,0.32292727167821,23.2537199441577,0.11036010710992,0.108521620258799,0.281835054862271,0.27826998228774,0.320315066888863,0.316263241395642,0.29940018357827,0.284318905741919,0.958333333333333,0.953125,1.3218298950197,1.32640306199837,0.313160793981612,0.314868624532091,0.108604310795422,0.10919658723441,0.101128160797064,0.101679665857219
"29_pwo_gp_model_specific","db6cb901415724b9f55892557a81f2cbcc3e7f91cf2f712ea45b7b9a2b1eb5a5","b1d5697d50014504fea8964eae8d6ad099291a4087058c07ada854c160fad766",42,6,60,"FSA_lambda050","FSA_lambda050",180538574,401256557,1.13653380359444,0.227306760718888,5,1.00073470047979,"f774a16046ecb3e1156b9ac1e1ea1921638c240c33f0a0533ee38fc6ba852a79",0.00499999999999545,"pwo","pwo_snr5","ols",5,TRUE,NA,60,320,16,44,0.0554880753313195,0.0516683634685136,23.2537199441577,0.044144042843968,0.0434086481035195,0.112734021944908,0.111307992915096,0.128126026755545,0.126505296558256,-0.616890548295888,-0.631971826132239,0.958333333333333,0.953125,0.528731958007882,0.530561224799347,0.313160793981612,0.314868624532091,0.0173766897272675,0.0174714539575056,0.0161805057275302,0.016268746537155
"29_pwo_gp_model_specific","db6cb901415724b9f55892557a81f2cbcc3e7f91cf2f712ea45b7b9a2b1eb5a5","b1d5697d50014504fea8964eae8d6ad099291a4087058c07ada854c160fad766",42,6,60,"SA_hamming_foldover","Hamming",180538574,401256557,1.13653380359444,0.568266901797219,2,1.00073470047979,"f774a16046ecb3e1156b9ac1e1ea1921638c240c33f0a0533ee38fc6ba852a79",0.00999999999999091,"pwo","pwo_snr2","ols",2,TRUE,NA,60,320,16,44,0.387453207403285,0.32292727167821,37.0780051863122,0.0948191285547655,0.0979278333553421,0.228170312653015,0.226706756007388,0.259323273306864,0.257659891705632,0.211115367358461,0.225774721940127,1,1,1.60387428232964,1.62431625032328,0.416144311267524,0.425437649973346,0.161236448143233,0.164837182032289,0.134384347062029,0.137385419575082
"29_pwo_gp_model_specific","db6cb901415724b9f55892557a81f2cbcc3e7f91cf2f712ea45b7b9a2b1eb5a5","b1d5697d50014504fea8964eae8d6ad099291a4087058c07ada854c160fad766",42,6,60,"SA_hamming_foldover","Hamming",180538574,401256557,1.13653380359444,0.227306760718888,5,1.00073470047979,"f774a16046ecb3e1156b9ac1e1ea1921638c240c33f0a0533ee38fc6ba852a79",0.00799999999998136,"pwo","pwo_snr5","ols",5,TRUE,NA,60,320,16,44,0.0619925131845256,0.0516683634685136,37.0780051863122,0.0379276514219062,0.0391711333421368,0.0912681250612062,0.0906827024029551,0.103729309322745,0.103063956682253,-0.705175364515694,-0.690516009934028,1,1,0.641549712931858,0.649726500129314,0.416144311267524,0.425437649973346,0.0257978317029173,0.0263739491251663,0.0215014955299247,0.0219816671320131
"29_pwo_gp_model_specific","db6cb901415724b9f55892557a81f2cbcc3e7f91cf2f712ea45b7b9a2b1eb5a5","b1d5697d50014504fea8964eae8d6ad099291a4087058c07ada854c160fad766",42,6,60,"SA_l2_position_foldover","L2",180538574,401256557,1.13653380359444,0.568266901797219,2,1.00073470047979,"f774a16046ecb3e1156b9ac1e1ea1921638c240c33f0a0533ee38fc6ba852a79",0.0180000000000007,"pwo","pwo_snr2","ols",2,TRUE,NA,60,320,16,44,0.379088512808679,0.32292727167821,47.0985789614677,0.133744156139613,0.137463821595872,0.303051764325073,0.313469304880724,0.34442857439438,0.356268461386194,0.333214879579344,0.365492032843367,0.998611111111111,1,1.63054810708943,1.65564515659775,0.444693331130195,0.457414324401321,0.168578133554083,0.173400515974683,0.143603604155369,0.14771155980545
"29_pwo_gp_model_specific","db6cb901415724b9f55892557a81f2cbcc3e7f91cf2f712ea45b7b9a2b1eb5a5","b1d5697d50014504fea8964eae8d6ad099291a4087058c07ada854c160fad766",42,6,60,"SA_l2_position_foldover","L2",180538574,401256557,1.13653380359444,0.227306760718888,5,1.00073470047979,"f774a16046ecb3e1156b9ac1e1ea1921638c240c33f0a0533ee38fc6ba852a79",0.00499999999999545,"pwo","pwo_snr5","ols",5,TRUE,NA,60,320,16,44,0.0606541620493887,0.0516683634685136,47.0985789614677,0.0534976624558454,0.0549855286383489,0.121220705730029,0.12538772195229,0.137771429757752,0.142507384554478,-0.58307585229481,-0.550798699030787,0.998611111111111,1,0.652219242835773,0.662258062639099,0.444693331130195,0.457414324401321,0.0269725013686533,0.0277440825559494,0.022976576664859,0.023633849568872
"29_pwo_gp_model_specific","db6cb901415724b9f55892557a81f2cbcc3e7f91cf2f712ea45b7b9a2b1eb5a5","b1d5697d50014504fea8964eae8d6ad099291a4087058c07ada854c160fad766",42,6,60,"random_foldover","RandomFoldover",180538574,401256557,1.13653380359444,0.568266901797219,2,1.00073470047979,"f774a16046ecb3e1156b9ac1e1ea1921638c240c33f0a0533ee38fc6ba852a79",0.00499999999999545,"pwo","pwo_snr2","ols",2,TRUE,NA,60,320,16,44,0.309329629824678,0.32292727167821,65.024490214732,0.144981588951036,0.147834932632323,0.360849476408035,0.352280637514114,0.410117627947085,0.40037885288659,0.505350332280777,0.489841911589582,0.947222222222222,0.95625,1.54096462287816,1.56404681964558,0.487395999186022,0.499586279555852,0.150766024006241,0.1545368389205,0.157393460244017,0.161330034224839
"29_pwo_gp_model_specific","db6cb901415724b9f55892557a81f2cbcc3e7f91cf2f712ea45b7b9a2b1eb5a5","b1d5697d50014504fea8964eae8d6ad099291a4087058c07ada854c160fad766",42,6,60,"random_foldover","RandomFoldover",180538574,401256557,1.13653380359444,0.227306760718888,5,1.00073470047979,"f774a16046ecb3e1156b9ac1e1ea1921638c240c33f0a0533ee38fc6ba852a79",0.00800000000000978,"pwo","pwo_snr5","ols",5,TRUE,NA,60,320,16,44,0.0494927407719485,0.0516683634685136,65.024490214732,0.0579926355804144,0.0591339730529291,0.144339790563214,0.140912255005646,0.164047051178834,0.160151541154636,-0.410940399593379,-0.426448820284573,0.947222222222222,0.95625,0.616385849151265,0.62561872785823,0.487395999186022,0.499586279555852,0.0241225638409986,0.02472589422728,0.0251829536390427,0.0258128054759742
"29_pwo_gp_model_specific","db6cb901415724b9f55892557a81f2cbcc3e7f91cf2f712ea45b7b9a2b1eb5a5","b1d5697d50014504fea8964eae8d6ad099291a4087058c07ada854c160fad766",43,6,48,"FSA_lambda050","FSA_lambda050",180538575,401256558,0.885607331603523,0.442803665801761,2,1.00480974736393,"56033807822724e50a76f4e87390850562e76c92ce2994d38c6270c0834c1f3b",0.00399999999999068,"pwo","pwo_snr2","ols",2,TRUE,NA,48,400,16,32,0.143175035323735,0.196075086447478,30.4308426687313,0.158232590002385,0.163189689767419,0.428880523523854,0.442545507156231,0.379819736014682,0.391921545705757,0.574886444694056,0.614670097760797,0.833333333333333,0.8275,1.00162715066685,1.00586453874492,0.429565669478653,0.433010017219165,0.06150307990147,0.061996224510885,0.0842271257778957,0.0849024765588717
"29_pwo_gp_model_specific","db6cb901415724b9f55892557a81f2cbcc3e7f91cf2f712ea45b7b9a2b1eb5a5","b1d5697d50014504fea8964eae8d6ad099291a4087058c07ada854c160fad766",43,6,48,"FSA_lambda050","FSA_lambda050",180538575,401256558,0.885607331603523,0.177121466320705,5,1.00480974736393,"56033807822724e50a76f4e87390850562e76c92ce2994d38c6270c0834c1f3b",0.00399999999999068,"pwo","pwo_snr5","ols",5,TRUE,NA,48,400,16,32,0.0229080056517976,0.0313720138315965,30.4308426687313,0.0632930360009538,0.0652758759069675,0.171552209409542,0.177018202862492,0.151927894405873,0.156768618282303,-0.341404287180099,-0.301620634113358,0.833333333333333,0.8275,0.400650860266741,0.402345815497968,0.429565669478653,0.433010017219165,0.00984049278423521,0.0099193959217416,0.0134763401244633,0.0135843962494195
"29_pwo_gp_model_specific","db6cb901415724b9f55892557a81f2cbcc3e7f91cf2f712ea45b7b9a2b1eb5a5","b1d5697d50014504fea8964eae8d6ad099291a4087058c07ada854c160fad766",43,6,48,"SA_hamming_foldover","Hamming",180538575,401256558,0.885607331603523,0.442803665801761,2,1.00480974736393,"56033807822724e50a76f4e87390850562e76c92ce2994d38c6270c0834c1f3b",0.00799999999998136,"pwo","pwo_snr2","ols",2,TRUE,NA,48,400,16,32,0.107643537152359,0.196075086447478,72.1076061552721,0.131277519288916,0.134813994601199,0.405175505312658,0.413078351707917,0.358826398091052,0.36582521679923,0.481869513817719,0.497065076325137,0.881944444444444,0.8925,1.10002043950914,1.13095472668647,0.707744571186682,0.74477120626461,0.076184129042914,0.0801698070115518,0.138771077978162,0.146031078651926
"29_pwo_gp_model_specific","db6cb901415724b9f55892557a81f2cbcc3e7f91cf2f712ea45b7b9a2b1eb5a5","b1d5697d50014504fea8964eae8d6ad099291a4087058c07ada854c160fad766",43,6,48,"SA_hamming_foldover","Hamming",180538575,401256558,0.885607331603523,0.177121466320705,5,1.00480974736393,"56033807822724e50a76f4e87390850562e76c92ce2994d38c6270c0834c1f3b",0.00399999999999068,"pwo","pwo_snr5","ols",5,TRUE,NA,48,400,16,32,0.0172229659443774,0.0313720138315965,72.1076061552721,0.0525110077155666,0.0539255978404796,0.162070202125063,0.165231340683167,0.143530559236421,0.146330086719692,-0.434421218056436,-0.419225655549018,0.881944444444444,0.8925,0.440008175803656,0.45238189067459,0.707744571186682,0.74477120626461,0.0121894606468662,0.0128271691218483,0.0222033724765059,0.0233649725843081
"29_pwo_gp_model_specific","db6cb901415724b9f55892557a81f2cbcc3e7f91cf2f712ea45b7b9a2b1eb5a5","b1d5697d50014504fea8964eae8d6ad099291a4087058c07ada854c160fad766",43,6,48,"SA_l2_position_foldover","L2",180538575,401256558,0.885607331603523,0.442803665801761,2,1.00480974736393,"56033807822724e50a76f4e87390850562e76c92ce2994d38c6270c0834c1f3b",0.00499999999999545,"pwo","pwo_snr2","ols",2,TRUE,NA,48,400,16,32,0.210649750743298,0.196075086447478,60.9937671237783,0.115892530177207,0.119543708256275,0.370209984084176,0.373006274640584,0.32786067613777,0.330337091555818,0.266279291655648,0.280537632466175,0.990277777777778,0.9925,1.44863313302758,1.47486099551736,0.621718562940148,0.63997880634005,0.130964860315824,0.134811376036525,0.121903520974491,0.125483899777679
"29_pwo_gp_model_specific","db6cb901415724b9f55892557a81f2cbcc3e7f91cf2f712ea45b7b9a2b1eb5a5","b1d5697d50014504fea8964eae8d6ad099291a4087058c07ada854c160fad766",43,6,48,"SA_l2_position_foldover","L2",180538575,401256558,0.885607331603523,0.177121466320705,5,1.00480974736393,"56033807822724e50a76f4e87390850562e76c92ce2994d38c6270c0834c1f3b",0.00500000000002387,"pwo","pwo_snr5","ols",5,TRUE,NA,48,400,16,32,0.0337039601189277,0.0313720138315965,60.9937671237783,0.0463570120708829,0.04781748330251,0.14808399363367,0.149202509856234,0.131144270455108,0.132134836622327,-0.650011440218507,-0.63575309940798,0.990277777777778,0.9925,0.57945325321103,0.589944398206946,0.621718562940148,0.63997880634005,0.0209543776505318,0.021569820165844,0.0195045633559186,0.0200774239644286
"29_pwo_gp_model_specific","db6cb901415724b9f55892557a81f2cbcc3e7f91cf2f712ea45b7b9a2b1eb5a5","b1d5697d50014504fea8964eae8d6ad099291a4087058c07ada854c160fad766",43,6,48,"random_foldover","RandomFoldover",180538575,401256558,0.885607331603523,0.442803665801761,2,1.00480974736393,"56033807822724e50a76f4e87390850562e76c92ce2994d38c6270c0834c1f3b",0.0040000000000191,"pwo","pwo_snr2","ols",2,TRUE,NA,48,400,16,32,0.187749626258765,0.196075086447478,79.5798962411206,0.125217635729803,0.128688235160118,0.458104605328092,0.476301332974416,0.405700797119896,0.421815952534673,0.488236571596592,0.539686311333715,0.956944444444444,0.955,1.50175668755214,1.55681983898909,0.752282094346266,0.801607512706125,0.141240682054673,0.150501510916793,0.147503776681834,0.157175262350801
"29_pwo_gp_model_specific","db6cb901415724b9f55892557a81f2cbcc3e7f91cf2f712ea45b7b9a2b1eb5a5","b1d5697d50014504fea8964eae8d6ad099291a4087058c07ada854c160fad766",43,6,48,"random_foldover","RandomFoldover",180538575,401256558,0.885607331603523,0.177121466320705,5,1.00480974736393,"56033807822724e50a76f4e87390850562e76c92ce2994d38c6270c0834c1f3b",0.00399999999999068,"pwo","pwo_snr5","ols",5,TRUE,NA,48,400,16,32,0.0300399402014024,0.0313720138315965,79.5798962411206,0.050087054291921,0.051475294064047,0.183241842131236,0.190520533189766,0.162280318847958,0.168726381013869,-0.428054160277564,-0.376604420540441,0.956944444444444,0.955,0.600702675020856,0.622727935595636,0.752282094346266,0.801607512706125,0.0225985091287476,0.0240802417466869,0.0236006042690934,0.0251480419761282
"29_pwo_gp_model_specific","db6cb901415724b9f55892557a81f2cbcc3e7f91cf2f712ea45b7b9a2b1eb5a5","b1d5697d50014504fea8964eae8d6ad099291a4087058c07ada854c160fad766",43,6,60,"FSA_lambda050","FSA_lambda050",180538575,401256558,0.885607331603523,0.442803665801761,2,1.00480974736393,"07737e402422c67a0a144c0f47e6b40258c7fe923ef8c338bb2f5c4888631c04",0.00800000000000978,"pwo","pwo_snr2","ols",2,TRUE,NA,60,360,16,44,0.27929682251316,0.196075086447478,17.7387636130799,0.0898593655946862,0.0901638188051303,0.274036900182807,0.270444911591311,0.242689087931796,0.239507996500131,0.0319527905372197,0.0268521178172661,0.984722222222222,0.991666666666667,1.17152669473952,1.17567138363052,0.30437321586748,0.306503872541273,0.0850104720498992,0.0856055576887562,0.0596800046135129,0.0600977733050169
"29_pwo_gp_model_specific","db6cb901415724b9f55892557a81f2cbcc3e7f91cf2f712ea45b7b9a2b1eb5a5","b1d5697d50014504fea8964eae8d6ad099291a4087058c07ada854c160fad766",43,6,60,"FSA_lambda050","FSA_lambda050",180538575,401256558,0.885607331603523,0.177121466320705,5,1.00480974736393,"07737e402422c67a0a144c0f47e6b40258c7fe923ef8c338bb2f5c4888631c04",0.0170000000000243,"pwo","pwo_snr5","ols",5,TRUE,NA,60,360,16,44,0.0446874916021056,0.0313720138315965,17.7387636130799,0.0359437462378745,0.0360655275220521,0.109614760073123,0.108177964636524,0.0970756351727186,0.0958031986000524,-0.884337941336936,-0.889438614056889,0.984722222222222,0.991666666666667,0.46861067789581,0.47026855345221,0.30437321586748,0.306503872541273,0.0136016755279839,0.013696889230201,0.00954880073816207,0.0096156437288027
"29_pwo_gp_model_specific","db6cb901415724b9f55892557a81f2cbcc3e7f91cf2f712ea45b7b9a2b1eb5a5","b1d5697d50014504fea8964eae8d6ad099291a4087058c07ada854c160fad766",43,6,60,"SA_hamming_foldover","Hamming",180538575,401256558,0.885607331603523,0.442803665801761,2,1.00480974736393,"07737e402422c67a0a144c0f47e6b40258c7fe923ef8c338bb2f5c4888631c04",0.00800000000000978,"pwo","pwo_snr2","ols",2,TRUE,NA,60,360,16,44,0.184265495418241,0.196075086447478,36.7609025320036,0.107826776186503,0.111350029454181,0.30961804481369,0.314259900609644,0.274200010483752,0.278310872008895,0.0759649256134395,0.0917846606284814,0.975,0.983333333333333,1.09287983367051,1.1010873670843,0.406286930734949,0.411752419440425,0.0748646625738319,0.0758717635578493,0.0796627450663355,0.0807343912367396
"29_pwo_gp_model_specific","db6cb901415724b9f55892557a81f2cbcc3e7f91cf2f712ea45b7b9a2b1eb5a5","b1d5697d50014504fea8964eae8d6ad099291a4087058c07ada854c160fad766",43,6,60,"SA_hamming_foldover","Hamming",180538575,401256558,0.885607331603523,0.177121466320705,5,1.00480974736393,"07737e402422c67a0a144c0f47e6b40258c7fe923ef8c338bb2f5c4888631c04",0.00800000000000978,"pwo","pwo_snr5","ols",5,TRUE,NA,60,360,16,44,0.0294824792669185,0.0313720138315965,36.7609025320036,0.0431307104746014,0.0445400117816727,0.123847217925476,0.125703960243858,0.109680004193501,0.111324348803558,-0.840325806260714,-0.824506071245672,0.975,0.983333333333333,0.437151933468206,0.440434946833718,0.406286930734949,0.411752419440425,0.0119783460118131,0.0121394821692559,0.0127460392106137,0.0129175025978783
"29_pwo_gp_model_specific","db6cb901415724b9f55892557a81f2cbcc3e7f91cf2f712ea45b7b9a2b1eb5a5","b1d5697d50014504fea8964eae8d6ad099291a4087058c07ada854c160fad766",43,6,60,"SA_l2_position_foldover","L2",180538575,401256558,0.885607331603523,0.442803665801761,2,1.00480974736393,"07737e402422c67a0a144c0f47e6b40258c7fe923ef8c338bb2f5c4888631c04",0.00800000000000978,"pwo","pwo_snr2","ols",2,TRUE,NA,60,360,16,44,0.137875904146483,0.196075086447478,36.4100502258574,0.0702355463200022,0.0663059820632746,0.231954875946905,0.231297326435439,0.205420938739765,0.204838608071518,-0.161228350201924,-0.159177872052672,0.983333333333333,0.986111111111111,0.930309410442343,0.941454526962079,0.392595320231057,0.401420867489859,0.0541294347405351,0.0553462650484298,0.0769781613531798,0.0787086312948956
"29_pwo_gp_model_specific","db6cb901415724b9f55892557a81f2cbcc3e7f91cf2f712ea45b7b9a2b1eb5a5","b1d5697d50014504fea8964eae8d6ad099291a4087058c07ada854c160fad766",43,6,60,"SA_l2_position_foldover","L2",180538575,401256558,0.885607331603523,0.177121466320705,5,1.00480974736393,"07737e402422c67a0a144c0f47e6b40258c7fe923ef8c338bb2f5c4888631c04",0.007000000000005,"pwo","pwo_snr5","ols",5,TRUE,NA,60,360,16,44,0.0220601446634373,0.0313720138315965,36.4100502258574,0.0280942185280009,0.0265223928253098,0.0927819503787621,0.0925189305741756,0.0821683754959059,0.0819354432286072,-1.07751908207608,-1.07546860392683,0.983333333333333,0.986111111111111,0.372123764176937,0.376581810784832,0.392595320231057,0.401420867489859,0.00866070955848561,0.00885540240774877,0.0123165058165088,0.0125933810071833
"29_pwo_gp_model_specific","db6cb901415724b9f55892557a81f2cbcc3e7f91cf2f712ea45b7b9a2b1eb5a5","b1d5697d50014504fea8964eae8d6ad099291a4087058c07ada854c160fad766",43,6,60,"random_foldover","RandomFoldover",180538575,401256558,0.885607331603523,0.442803665801761,2,1.00480974736393,"07737e402422c67a0a144c0f47e6b40258c7fe923ef8c338bb2f5c4888631c04",0.00799999999998136,"pwo","pwo_snr2","ols",2,TRUE,NA,60,360,16,44,0.253269853762641,0.196075086447478,105.71495193695,0.0774978219816838,0.0800223385735909,0.325651977824539,0.340379179076374,0.2883997791126,0.301442296515225,0.220481948132534,0.250442757979022,0.998611111111111,1,1.54839843790839,1.58903122059571,0.610641324324425,0.637341847461528,0.154657038913072,0.161419476503393,0.119731550455314,0.124966857837614
"29_pwo_gp_model_specific","db6cb901415724b9f55892557a81f2cbcc3e7f91cf2f712ea45b7b9a2b1eb5a5","b1d5697d50014504fea8964eae8d6ad099291a4087058c07ada854c160fad766",43,6,60,"random_foldover","RandomFoldover",180538575,401256558,0.885607331603523,0.177121466320705,5,1.00480974736393,"07737e402422c67a0a144c0f47e6b40258c7fe923ef8c338bb2f5c4888631c04",0.00900000000001455,"pwo","pwo_snr5","ols",5,TRUE,NA,60,360,16,44,0.0405231766020225,0.0313720138315965,105.71495193695,0.0309991287926734,0.0320089354294362,0.130260791129815,0.136151671630549,0.115359911645039,0.120576918606089,-0.695808783741624,-0.665847973895135,0.998611111111111,1,0.619359375163357,0.635612488238284,0.610641324324425,0.637341847461528,0.0247451262260916,0.0258271162405428,0.0191570480728502,0.0199946972540183
"29_pwo_gp_model_specific","db6cb901415724b9f55892557a81f2cbcc3e7f91cf2f712ea45b7b9a2b1eb5a5","b1d5697d50014504fea8964eae8d6ad099291a4087058c07ada854c160fad766",44,6,48,"FSA_lambda050","FSA_lambda050",180538576,401256559,0.846488657073221,0.42324432853661,2,0.988803810634922,"db0ba07915fa085c5e86f1beb24f421b82ee62613fd3e2b990413631319875a9",0.007000000000005,"pwo","pwo_snr2","ols",2,TRUE,NA,48,366,16,32,0.173007436068885,0.179135761638406,27.1948441882539,0.106154634406592,0.109602097205143,0.313443518575513,0.308197503929515,0.265326383107291,0.260885691214614,0.0302847509980338,0.0280569415189813,0.981944444444444,0.986338797814208,1.08400145916561,1.0893853104687,0.414037309440805,0.417904030844251,0.0716315333432132,0.0723005048992163,0.074168888773395,0.074861556857045
"29_pwo_gp_model_specific","db6cb901415724b9f55892557a81f2cbcc3e7f91cf2f712ea45b7b9a2b1eb5a5","b1d5697d50014504fea8964eae8d6ad099291a4087058c07ada854c160fad766",44,6,48,"FSA_lambda050","FSA_lambda050",180538576,401256559,0.846488657073221,0.169297731414644,5,0.988803810634922,"db0ba07915fa085c5e86f1beb24f421b82ee62613fd3e2b990413631319875a9",0.00699999999997658,"pwo","pwo_snr5","ols",5,TRUE,NA,48,366,16,32,0.0276811897710216,0.028661721862145,27.1948441882539,0.0424618537626368,0.0438408388820573,0.125377407430205,0.123279001571806,0.106130553242916,0.104354276485846,-0.886005980876121,-0.888233790355174,0.981944444444444,0.986338797814208,0.433600583666245,0.435754124187479,0.414037309440805,0.417904030844251,0.0114610453349141,0.0115680807838746,0.0118670222037432,0.0119778490971272
"29_pwo_gp_model_specific","db6cb901415724b9f55892557a81f2cbcc3e7f91cf2f712ea45b7b9a2b1eb5a5","b1d5697d50014504fea8964eae8d6ad099291a4087058c07ada854c160fad766",44,6,48,"SA_hamming_foldover","Hamming",180538576,401256559,0.846488657073221,0.42324432853661,2,0.988803810634922,"db0ba07915fa085c5e86f1beb24f421b82ee62613fd3e2b990413631319875a9",0.00499999999999545,"pwo","pwo_snr2","ols",2,TRUE,NA,48,366,16,32,0.101899191137395,0.179135761638406,169.549959673954,0.14718757805468,0.151145833563476,0.472589866623155,0.462096116558864,0.400041961544247,0.391159121144663,0.519586985011324,0.484816292048217,0.891666666666667,0.912568306010929,1.25091985587331,1.27326809141286,1.00670645977399,1.02985355390764,0.10258257396376,0.10494124413316,0.180337128417917,0.184483600755264
"29_pwo_gp_model_specific","db6cb901415724b9f55892557a81f2cbcc3e7f91cf2f712ea45b7b9a2b1eb5a5","b1d5697d50014504fea8964eae8d6ad099291a4087058c07ada854c160fad766",44,6,48,"SA_hamming_foldover","Hamming",180538576,401256559,0.846488657073221,0.169297731414644,5,0.988803810634922,"db0ba07915fa085c5e86f1beb24f421b82ee62613fd3e2b990413631319875a9",0.00499999999999545,"pwo","pwo_snr5","ols",5,TRUE,NA,48,366,16,32,0.0163038705819832,0.028661721862145,169.549959673954,0.0588750312218719,0.0604583334253903,0.189035946649262,0.184838446623546,0.160016784617699,0.156463648457865,-0.39670374686283,-0.431474439825937,0.891666666666667,0.912568306010929,0.500367942349324,0.509307236565144,1.00670645977399,1.02985355390764,0.0164132118342016,0.0167905990613056,0.0288539405468667,0.0295173761208423
"29_pwo_gp_model_specific","db6cb901415724b9f55892557a81f2cbcc3e7f91cf2f712ea45b7b9a2b1eb5a5","b1d5697d50014504fea8964eae8d6ad099291a4087058c07ada854c160fad766",44,6,48,"SA_l2_position_foldover","L2",180538576,401256559,0.846488657073221,0.42324432853661,2,0.988803810634922,"db0ba07915fa085c5e86f1beb24f421b82ee62613fd3e2b990413631319875a9",0.00399999999999068,"pwo","pwo_snr2","ols",2,TRUE,NA,48,366,16,32,0.225067639534218,0.179135761638406,67.065362093932,0.132073449038599,0.136327717632439,0.412900489258344,0.402331554358109,0.349515580657171,0.340569097146777,0.363330485350291,0.363356623893634,0.975,0.978142076502732,1.54425358910507,1.58421277092486,0.666439099446352,0.697430449066634,0.149993875005701,0.156969024910717,0.119383075664936,0.124934734683367
"29_pwo_gp_model_specific","db6cb901415724b9f55892557a81f2cbcc3e7f91cf2f712ea45b7b9a2b1eb5a5","b1d5697d50014504fea8964eae8d6ad099291a4087058c07ada854c160fad766",44,6,48,"SA_l2_position_foldover","L2",180538576,401256559,0.846488657073221,0.169297731414644,5,0.988803810634922,"db0ba07915fa085c5e86f1beb24f421b82ee62613fd3e2b990413631319875a9",0.00499999999999545,"pwo","pwo_snr5","ols",5,TRUE,NA,48,366,16,32,0.0360108223254749,0.028661721862145,67.065362093932,0.0528293796154399,0.0545310870529759,0.165160195703338,0.160932621743244,0.139806232262869,0.136227638858711,-0.552960246523863,-0.55293410798052,0.975,0.978142076502732,0.61770143564203,0.633685108369943,0.666439099446352,0.697430449066634,0.0239990200009121,0.0251150439857148,0.0191012921063897,0.0199895575493387
"29_pwo_gp_model_specific","db6cb901415724b9f55892557a81f2cbcc3e7f91cf2f712ea45b7b9a2b1eb5a5","b1d5697d50014504fea8964eae8d6ad099291a4087058c07ada854c160fad766",44,6,48,"random_foldover","RandomFoldover",180538576,401256559,0.846488657073221,0.42324432853661,2,0.988803810634922,"db0ba07915fa085c5e86f1beb24f421b82ee62613fd3e2b990413631319875a9",0.007000000000005,"pwo","pwo_snr2","ols",2,TRUE,NA,48,366,16,32,0.220541072727585,0.179135761638406,126.545186563928,0.0892128863913249,0.0909645468444694,0.338886911703588,0.349937547015826,0.286863926787661,0.296218164232923,0.300123795786283,0.335182298823881,1,1,1.80612739078651,1.84359976034503,0.957179879977586,0.980048889981331,0.211097477523518,0.216141033521962,0.171465146824743,0.17556180434968
"29_pwo_gp_model_specific","db6cb901415724b9f55892557a81f2cbcc3e7f91cf2f712ea45b7b9a2b1eb5a5","b1d5697d50014504fea8964eae8d6ad099291a4087058c07ada854c160fad766",44,6,48,"random_foldover","RandomFoldover",180538576,401256559,0.846488657073221,0.169297731414644,5,0.988803810634922,"db0ba07915fa085c5e86f1beb24f421b82ee62613fd3e2b990413631319875a9",0.007000000000005,"pwo","pwo_snr5","ols",5,TRUE,NA,48,366,16,32,0.0352865716364137,0.028661721862145,126.545186563928,0.03568515455653,0.0363858187377878,0.135554764681435,0.13997501880633,0.114745570715064,0.118487265693169,-0.616166936087873,-0.581108433050274,1,1,0.722450956314604,0.737439904138014,0.957179879977586,0.980048889981331,0.033775596403763,0.0345825653635139,0.0274344234919589,0.0280898886959488
"29_pwo_gp_model_specific","db6cb901415724b9f55892557a81f2cbcc3e7f91cf2f712ea45b7b9a2b1eb5a5","b1d5697d50014504fea8964eae8d6ad099291a4087058c07ada854c160fad766",44,6,60,"FSA_lambda050","FSA_lambda050",180538576,401256559,0.846488657073221,0.42324432853661,2,0.988803810634922,"bc26c1f5fc4ba2739816cd973f8ba441db44ccb8715c110f6a1be69b0738f521",0.007000000000005,"pwo","pwo_snr2","ols",2,TRUE,NA,60,334,16,44,0.20180680767896,0.179135761638406,17.6684472155453,0.0793070339612068,0.0786920200614297,0.257071353833262,0.256964768999806,0.217607985078313,0.217517762225776,-0.092162877209727,-0.09213380950633,0.983333333333333,0.985029940119761,0.997455655242079,1.00538728361181,0.305464623837254,0.310295904427452,0.0616448405954505,0.0626198259083598,0.0547196380446758,0.0555850931728897
"29_pwo_gp_model_specific","db6cb901415724b9f55892557a81f2cbcc3e7f91cf2f712ea45b7b9a2b1eb5a5","b1d5697d50014504fea8964eae8d6ad099291a4087058c07ada854c160fad766",44,6,60,"FSA_lambda050","FSA_lambda050",180538576,401256559,0.846488657073221,0.169297731414644,5,0.988803810634922,"bc26c1f5fc4ba2739816cd973f8ba441db44ccb8715c110f6a1be69b0738f521",0.007000000000005,"pwo","pwo_snr5","ols",5,TRUE,NA,60,334,16,44,0.0322890892286336,0.028661721862145,17.6684472155453,0.0317228135844827,0.0314768080245718,0.102828541533305,0.102785907599922,0.087043194031325,0.0870071048903103,-1.00845360908388,-1.00842454138049,0.983333333333333,0.985029940119761,0.398982262096832,0.402154913444723,0.305464623837254,0.310295904427452,0.00986317449527209,0.0100191721453376,0.00875514208714812,0.00889361490766236
"29_pwo_gp_model_specific","db6cb901415724b9f55892557a81f2cbcc3e7f91cf2f712ea45b7b9a2b1eb5a5","b1d5697d50014504fea8964eae8d6ad099291a4087058c07ada854c160fad766",44,6,60,"SA_hamming_foldover","Hamming",180538576,401256559,0.846488657073221,0.42324432853661,2,0.988803810634922,"bc26c1f5fc4ba2739816cd973f8ba441db44ccb8715c110f6a1be69b0738f521",0.00800000000000978,"pwo","pwo_snr2","ols",2,TRUE,NA,60,334,16,44,0.147523102176027,0.179135761638406,67.5480971618187,0.110947690463197,0.111541948699622,0.344801722085498,0.352766367475542,0.291870746684687,0.29861272866497,0.199922169118765,0.225079241936364,0.927777777777778,0.92814371257485,1.05704371823493,1.08161822593841,0.485486126493232,0.509146848614635,0.0716204194437046,0.0751109225707788,0.0869679270342448,0.0912064085123769
"29_pwo_gp_model_specific","db6cb901415724b9f55892557a81f2cbcc3e7f91cf2f712ea45b7b9a2b1eb5a5","b1d5697d50014504fea8964eae8d6ad099291a4087058c07ada854c160fad766",44,6,60,"SA_hamming_foldover","Hamming",180538576,401256559,0.846488657073221,0.169297731414644,5,0.988803810634922,"bc26c1f5fc4ba2739816cd973f8ba441db44ccb8715c110f6a1be69b0738f521",0.00800000000000978,"pwo","pwo_snr5","ols",5,TRUE,NA,60,334,16,44,0.0236036963481643,0.028661721862145,67.5480971618187,0.044379076185279,0.0446167794798486,0.137920688834199,0.141106546990217,0.116748298673875,0.119445091465988,-0.71636856275539,-0.69121148993779,0.927777777777778,0.92814371257485,0.422817487293974,0.432647290375362,0.485486126493232,0.509146848614635,0.0114592671109927,0.0120177476113246,0.0139148683254792,0.0145930253619803
"29_pwo_gp_model_specific","db6cb901415724b9f55892557a81f2cbcc3e7f91cf2f712ea45b7b9a2b1eb5a5","b1d5697d50014504fea8964eae8d6ad099291a4087058c07ada854c160fad766",44,6,60,"SA_l2_position_foldover","L2",180538576,401256559,0.846488657073221,0.42324432853661,2,0.988803810634922,"bc26c1f5fc4ba2739816cd973f8ba441db44ccb8715c110f6a1be69b0738f521",0.00800000000000978,"pwo","pwo_snr2","ols",2,TRUE,NA,60,334,16,44,0.187537364551833,0.179135761638406,29.7242104056422,0.0766118012026541,0.0791007568392276,0.236940183990033,0.238392233469478,0.200567178152405,0.201796321566264,-0.140968445607828,-0.132043431178142,0.994444444444444,1,1.03533978525525,1.05133648279145,0.356729073640404,0.36715128136446,0.0669000303295382,0.0688545836989195,0.0639029343051368,0.0657699244237394
"29_pwo_gp_model_specific","db6cb901415724b9f55892557a81f2cbcc3e7f91cf2f712ea45b7b9a2b1eb5a5","b1d5697d50014504fea8964eae8d6ad099291a4087058c07ada854c160fad766",44,6,60,"SA_l2_position_foldover","L2",180538576,401256559,0.846488657073221,0.169297731414644,5,0.988803810634922,"bc26c1f5fc4ba2739816cd973f8ba441db44ccb8715c110f6a1be69b0738f521",0.00499999999999545,"pwo","pwo_snr5","ols",5,TRUE,NA,60,334,16,44,0.0300059783282933,0.028661721862145,29.7242104056422,0.0306447204810616,0.0316403027356909,0.0947760735960128,0.095356893387791,0.0802268712609616,0.0807185286265054,-1.05725917748198,-1.0483341630523,0.994444444444444,1,0.414135914102098,0.420534593116581,0.356729073640404,0.36715128136446,0.0107040048527261,0.0110167333918271,0.0102244694888219,0.0105231879077983
"29_pwo_gp_model_specific","db6cb901415724b9f55892557a81f2cbcc3e7f91cf2f712ea45b7b9a2b1eb5a5","b1d5697d50014504fea8964eae8d6ad099291a4087058c07ada854c160fad766",44,6,60,"random_foldover","RandomFoldover",180538576,401256559,0.846488657073221,0.42324432853661,2,0.988803810634922,"bc26c1f5fc4ba2739816cd973f8ba441db44ccb8715c110f6a1be69b0738f521",0.00399999999999068,"pwo","pwo_snr2","ols",2,TRUE,NA,60,334,16,44,0.152508216510661,0.179135761638406,68.2506277390518,0.133680489019351,0.136588094027559,0.415687228924341,0.429837074491646,0.351874524174654,0.363852207946716,0.357627765244898,0.39527693844048,0.904166666666667,0.889221556886228,1.09290047478204,1.12662768444671,0.498458946380275,0.527479861839811,0.076019084916239,0.0804450129744795,0.0892918230053079,0.0944905067995957
"29_pwo_gp_model_specific","db6cb901415724b9f55892557a81f2cbcc3e7f91cf2f712ea45b7b9a2b1eb5a5","b1d5697d50014504fea8964eae8d6ad099291a4087058c07ada854c160fad766",44,6,60,"random_foldover","RandomFoldover",180538576,401256559,0.846488657073221,0.169297731414644,5,0.988803810634922,"bc26c1f5fc4ba2739816cd973f8ba441db44ccb8715c110f6a1be69b0738f521",0.00800000000000978,"pwo","pwo_snr5","ols",5,TRUE,NA,60,334,16,44,0.0244013146417058,0.028661721862145,68.2506277390518,0.0534721956077402,0.0546352376110234,0.166274891569736,0.171934829796658,0.140749809669861,0.145540883178686,-0.558662966629258,-0.521013793433676,0.904166666666667,0.889221556886228,0.437160189912815,0.450651073778685,0.498458946380275,0.527479861839811,0.0121630535865982,0.0128712020759167,0.0142866916808493,0.0151184810879353
"29_pwo_gp_model_specific","db6cb901415724b9f55892557a81f2cbcc3e7f91cf2f712ea45b7b9a2b1eb5a5","b1d5697d50014504fea8964eae8d6ad099291a4087058c07ada854c160fad766",45,6,48,"FSA_lambda050","FSA_lambda050",180538577,401256560,0.786893646593329,0.393446823296664,2,0.980251910343858,"db121f1a5cd25ec0ef4d7fa22dab188583a87f1b5fdb53b0944b462c83acc613",0.00800000000000978,"pwo","pwo_snr2","ols",2,TRUE,NA,48,384,16,32,0.134546001219396,0.154800402762237,35.1772035815573,0.0847653144371475,0.0874630612064609,0.305095195598798,0.284462962144292,0.240077471022843,0.223842097602462,-0.0082263190639752,-0.0707262496668979,0.966666666666667,0.979166666666667,0.985056845499207,0.982600649825535,0.441491483230487,0.43858527061272,0.0594009136410822,0.0590098943546684,0.0683430594201766,0.0678931765364337
"29_pwo_gp_model_specific","db6cb901415724b9f55892557a81f2cbcc3e7f91cf2f712ea45b7b9a2b1eb5a5","b1d5697d50014504fea8964eae8d6ad099291a4087058c07ada854c160fad766",45,6,48,"FSA_lambda050","FSA_lambda050",180538577,401256560,0.786893646593329,0.157378729318666,5,0.980251910343858,"db121f1a5cd25ec0ef4d7fa22dab188583a87f1b5fdb53b0944b462c83acc613",0.007000000000005,"pwo","pwo_snr5","ols",5,TRUE,NA,48,384,16,32,0.0215273601951034,0.0247680644419579,35.1772035815573,0.033906125774859,0.0349852244825844,0.122038078239519,0.113785184857717,0.0960309884091372,0.0895368390409848,-0.92451705093813,-0.987016981541053,0.966666666666667,0.979166666666667,0.394022738199683,0.393040259930214,0.441491483230487,0.43858527061272,0.00950414618257314,0.00944158309674693,0.0109348895072283,0.0108629082458294
"29_pwo_gp_model_specific","db6cb901415724b9f55892557a81f2cbcc3e7f91cf2f712ea45b7b9a2b1eb5a5","b1d5697d50014504fea8964eae8d6ad099291a4087058c07ada854c160fad766",45,6,48,"SA_hamming_foldover","Hamming",180538577,401256560,0.786893646593329,0.393446823296664,2,0.980251910343858,"db121f1a5cd25ec0ef4d7fa22dab188583a87f1b5fdb53b0944b462c83acc613",0.00600000000000023,"pwo","pwo_snr2","ols",2,TRUE,NA,48,384,16,32,0.179831628346474,0.154800402762237,83.8884879025883,0.118983462349748,0.118679715640238,0.430026702006492,0.431224925601359,0.338385279674391,0.33932815420839,0.319033593723246,0.323416956756298,0.972222222222222,0.973958333333333,1.41983171970218,1.43288550853469,0.69909868149792,0.709397785713909,0.125720054268644,0.127572158950315,0.108220757466427,0.109815062947152
"29_pwo_gp_model_specific","db6cb901415724b9f55892557a81f2cbcc3e7f91cf2f712ea45b7b9a2b1eb5a5","b1d5697d50014504fea8964eae8d6ad099291a4087058c07ada854c160fad766",45,6,48,"SA_hamming_foldover","Hamming",180538577,401256560,0.786893646593329,0.157378729318666,5,0.980251910343858,"db121f1a5cd25ec0ef4d7fa22dab188583a87f1b5fdb53b0944b462c83acc613",0.00800000000000978,"pwo","pwo_snr5","ols",5,TRUE,NA,48,384,16,32,0.0287730605354358,0.0247680644419579,83.8884879025883,0.047593384939899,0.0474718862560949,0.172010680802597,0.172489970240543,0.135354111869756,0.135731261683356,-0.59725713815091,-0.592873775117858,0.972222222222222,0.973958333333333,0.567932687880871,0.573154203413876,0.69909868149792,0.709397785713909,0.020115208682983,0.0204115454320504,0.0173153211946283,0.0175704100715443
"29_pwo_gp_model_specific","db6cb901415724b9f55892557a81f2cbcc3e7f91cf2f712ea45b7b9a2b1eb5a5","b1d5697d50014504fea8964eae8d6ad099291a4087058c07ada854c160fad766",45,6,48,"SA_l2_position_foldover","L2",180538577,401256560,0.786893646593329,0.393446823296664,2,0.980251910343858,"db121f1a5cd25ec0ef4d7fa22dab188583a87f1b5fdb53b0944b462c83acc613",0.00899999999998613,"pwo","pwo_snr2","ols",2,TRUE,NA,48,384,16,32,0.132369516337383,0.154800402762237,105.346856767951,0.128914944105383,0.132503406988931,0.41000661273949,0.402734037845017,0.322631598625956,0.316908855647121,0.269705400650704,0.288011983782528,0.959722222222222,0.953125,1.36232609176534,1.3988875958184,0.917197188811672,0.95517457715641,0.121408948269009,0.126435996795958,0.141982494240438,0.147861409252061
"29_pwo_gp_model_specific","db6cb901415724b9f55892557a81f2cbcc3e7f91cf2f712ea45b7b9a2b1eb5a5","b1d5697d50014504fea8964eae8d6ad099291a4087058c07ada854c160fad766",45,6,48,"SA_l2_position_foldover","L2",180538577,401256560,0.786893646593329,0.157378729318666,5,0.980251910343858,"db121f1a5cd25ec0ef4d7fa22dab188583a87f1b5fdb53b0944b462c83acc613",0.00800000000000978,"pwo","pwo_snr5","ols",5,TRUE,NA,48,384,16,32,0.0211791226139813,0.0247680644419579,105.346856767951,0.051565977642153,0.0530013627955724,0.164002645095796,0.161093615138006,0.129052639450382,0.126763542258848,-0.646585331223452,-0.628278748091628,0.959722222222222,0.953125,0.544930436706136,0.559555038327362,0.917197188811672,0.95517457715641,0.0194254317230414,0.0202297594873534,0.0227171990784701,0.0236578254803298
"29_pwo_gp_model_specific","db6cb901415724b9f55892557a81f2cbcc3e7f91cf2f712ea45b7b9a2b1eb5a5","b1d5697d50014504fea8964eae8d6ad099291a4087058c07ada854c160fad766",45,6,48,"random_foldover","RandomFoldover",180538577,401256560,0.786893646593329,0.393446823296664,2,0.980251910343858,"db121f1a5cd25ec0ef4d7fa22dab188583a87f1b5fdb53b0944b462c83acc613",0.00800000000000978,"pwo","pwo_snr2","ols",2,TRUE,NA,48,384,16,32,0.144447841168732,0.154800402762237,72.1059493846008,0.12887561757514,0.132440996296256,0.392672370216634,0.406161677120395,0.308991393316213,0.31960604321573,0.223788499834567,0.253158008103914,0.980555555555556,0.984375,1.25964579737355,1.27930730576109,0.68767080144293,0.703903162073913,0.0993325627032034,0.101677292153421,0.106451717031196,0.108964492994654
"29_pwo_gp_model_specific","db6cb901415724b9f55892557a81f2cbcc3e7f91cf2f712ea45b7b9a2b1eb5a5","b1d5697d50014504fea8964eae8d6ad099291a4087058c07ada854c160fad766",45,6,48,"random_foldover","RandomFoldover",180538577,401256560,0.786893646593329,0.157378729318666,5,0.980251910343858,"db121f1a5cd25ec0ef4d7fa22dab188583a87f1b5fdb53b0944b462c83acc613",0.007000000000005,"pwo","pwo_snr5","ols",5,TRUE,NA,48,384,16,32,0.0231116545869972,0.0247680644419579,72.1059493846008,0.0515502470300561,0.0529763985185025,0.157068948086654,0.162464670848158,0.123596557326485,0.127842417286292,-0.692502232039588,-0.663132723770241,0.980555555555556,0.984375,0.503858318949418,0.511722922304437,0.68767080144293,0.703903162073913,0.0158932100325125,0.0162683667445474,0.0170322747249913,0.0174343188791446
"29_pwo_gp_model_specific","db6cb901415724b9f55892557a81f2cbcc3e7f91cf2f712ea45b7b9a2b1eb5a5","b1d5697d50014504fea8964eae8d6ad099291a4087058c07ada854c160fad766",45,6,60,"FSA_lambda050","FSA_lambda050",180538577,401256560,0.786893646593329,0.393446823296664,2,0.980251910343858,"a676467116e188deeae80c270ee27bf3a71b5df98e794c45de877df8c3d36584",0.007000000000005,"pwo","pwo_snr2","ols",2,TRUE,NA,60,318,16,44,0.12257694055528,0.154800402762237,18.3018761190831,0.0814786429707879,0.0833695504709702,0.303900673168511,0.293994317730664,0.239137508911737,0.2313422607568,0.0659955456376272,0.00307351626932522,0.886111111111111,0.893081761006289,0.770833628238112,0.774596633626733,0.300138602141706,0.302809708066234,0.0367900715930688,0.0371174875851965,0.0464615764960308,0.0468750647689683
"29_pwo_gp_model_specific","db6cb901415724b9f55892557a81f2cbcc3e7f91cf2f712ea45b7b9a2b1eb5a5","b1d5697d50014504fea8964eae8d6ad099291a4087058c07ada854c160fad766",45,6,60,"FSA_lambda050","FSA_lambda050",180538577,401256560,0.786893646593329,0.157378729318666,5,0.980251910343858,"a676467116e188deeae80c270ee27bf3a71b5df98e794c45de877df8c3d36584",0.00499999999999545,"pwo","pwo_snr5","ols",5,TRUE,NA,60,318,16,44,0.0196123104888449,0.0247680644419579,18.3018761190831,0.0325914571883151,0.0333478201883881,0.121560269267404,0.117597727092266,0.0956550035646948,0.0925369043027199,-0.850295186236529,-0.913217215604831,0.886111111111111,0.893081761006289,0.308333451295245,0.309838653450693,0.300138602141706,0.302809708066234,0.00588641145489101,0.00593879801363145,0.00743385223936492,0.00750001036303493
"29_pwo_gp_model_specific","db6cb901415724b9f55892557a81f2cbcc3e7f91cf2f712ea45b7b9a2b1eb5a5","b1d5697d50014504fea8964eae8d6ad099291a4087058c07ada854c160fad766",45,6,60,"SA_hamming_foldover","Hamming",180538577,401256560,0.786893646593329,0.393446823296664,2,0.980251910343858,"a676467116e188deeae80c270ee27bf3a71b5df98e794c45de877df8c3d36584",0.00900000000001455,"pwo","pwo_snr2","ols",2,TRUE,NA,60,318,16,44,0.19054103859931,0.154800402762237,45.0821830250944,0.0913248580684686,0.0926777271424622,0.289780735462258,0.285074524845864,0.228026619640393,0.224323332406822,-0.026672184529269,-0.0361580549596046,0.983333333333333,0.987421383647799,1.12475383248566,1.13985753439384,0.415607954266067,0.426238751661347,0.079190371255991,0.0812159744328266,0.0643362787115763,0.0659819304300495
"29_pwo_gp_model_specific","db6cb901415724b9f55892557a81f2cbcc3e7f91cf2f712ea45b7b9a2b1eb5a5","b1d5697d50014504fea8964eae8d6ad099291a4087058c07ada854c160fad766",45,6,60,"SA_hamming_foldover","Hamming",180538577,401256560,0.786893646593329,0.157378729318666,5,0.980251910343858,"a676467116e188deeae80c270ee27bf3a71b5df98e794c45de877df8c3d36584",0.0180000000000007,"pwo","pwo_snr5","ols",5,TRUE,NA,60,318,16,44,0.0304865661758897,0.0247680644419579,45.0821830250944,0.0365299432273874,0.0370710908569848,0.115912294184903,0.114029809938345,0.0912106478561571,0.0897293329627288,-0.942962916403425,-0.952448786833761,0.983333333333333,0.987421383647799,0.449901532994264,0.455943013757534,0.415607954266067,0.426238751661347,0.0126704594009586,0.0129945559092522,0.0102938045938522,0.0105571088688079
"29_pwo_gp_model_specific","db6cb901415724b9f55892557a81f2cbcc3e7f91cf2f712ea45b7b9a2b1eb5a5","b1d5697d50014504fea8964eae8d6ad099291a4087058c07ada854c160fad766",45,6,60,"SA_l2_position_foldover","L2",180538577,401256560,0.786893646593329,0.393446823296664,2,0.980251910343858,"a676467116e188deeae80c270ee27bf3a71b5df98e794c45de877df8c3d36584",0.00800000000000978,"pwo","pwo_snr2","ols",2,TRUE,NA,60,318,16,44,0.15457451611639,0.154800402762237,36.0837914470981,0.0662125380217792,0.0669063425924326,0.231889453104661,0.244779732974655,0.18247233736006,0.192615616692567,-0.215216566959657,-0.171483209408196,1,1,0.992992683554906,1.00799761535227,0.400764328853368,0.411634946892812,0.0619479522092191,0.0636282727325524,0.0620384795192388,0.0637212555700192
"29_pwo_gp_model_specific","db6cb901415724b9f55892557a81f2cbcc3e7f91cf2f712ea45b7b9a2b1eb5a5","b1d5697d50014504fea8964eae8d6ad099291a4087058c07ada854c160fad766",45,6,60,"SA_l2_position_foldover","L2",180538577,401256560,0.786893646593329,0.157378729318666,5,0.980251910343858,"a676467116e188deeae80c270ee27bf3a71b5df98e794c45de877df8c3d36584",0.00800000000000978,"pwo","pwo_snr5","ols",5,TRUE,NA,60,318,16,44,0.0247319225786224,0.0247680644419579,36.0837914470981,0.0264850152087117,0.026762537036973,0.0927557812418645,0.097911893189862,0.0729889349440238,0.077046246677027,-1.13150729883381,-1.08777394128235,1,1,0.397197073421962,0.403199046140908,0.400764328853368,0.411634946892812,0.00991167235347506,0.0101805236372084,0.00992615672307821,0.0101954008912031
"29_pwo_gp_model_specific","db6cb901415724b9f55892557a81f2cbcc3e7f91cf2f712ea45b7b9a2b1eb5a5","b1d5697d50014504fea8964eae8d6ad099291a4087058c07ada854c160fad766",45,6,60,"random_foldover","RandomFoldover",180538577,401256560,0.786893646593329,0.393446823296664,2,0.980251910343858,"a676467116e188deeae80c270ee27bf3a71b5df98e794c45de877df8c3d36584",0.00600000000000023,"pwo","pwo_snr2","ols",2,TRUE,NA,60,318,16,44,0.08596532009715,0.154800402762237,57.5694505172928,0.0968587998166626,0.0997822437017514,0.327434625255778,0.349589948444578,0.257656226288439,0.275090109343928,0.0422962212168292,0.157670115352322,0.911111111111111,0.905660377358491,0.836167009481177,0.863275675803651,0.52065722872664,0.55316758625844,0.0447584653283806,0.0475532286200746,0.0805979487079538,0.0856305651478207
"29_pwo_gp_model_specific","db6cb901415724b9f55892557a81f2cbcc3e7f91cf2f712ea45b7b9a2b1eb5a5","b1d5697d50014504fea8964eae8d6ad099291a4087058c07ada854c160fad766",45,6,60,"random_foldover","RandomFoldover",180538577,401256560,0.786893646593329,0.157378729318666,5,0.980251910343858,"a676467116e188deeae80c270ee27bf3a71b5df98e794c45de877df8c3d36584",0.00600000000000023,"pwo","pwo_snr5","ols",5,TRUE,NA,60,318,16,44,0.013754451215544,0.0247680644419579,57.5694505172928,0.038743519926665,0.0399128974807006,0.130973850102311,0.139835979377831,0.103062490515376,0.110036043737571,-0.873994510657327,-0.758620616521834,0.911111111111111,0.905660377358491,0.334466803792471,0.345310270321461,0.52065722872664,0.55316758625844,0.0071613544525409,0.00760851657921194,0.0128956717932726,0.0137008904236513
"29_pwo_gp_model_specific","db6cb901415724b9f55892557a81f2cbcc3e7f91cf2f712ea45b7b9a2b1eb5a5","b1d5697d50014504fea8964eae8d6ad099291a4087058c07ada854c160fad766",46,6,48,"FSA_lambda050","FSA_lambda050",180538578,401256561,1.00617866301035,0.503089331505173,2,1.0339041997243,"c6d281d0461426960130f43edc6d4b232968ed1abf9e0c538b4ac115f0f10281",0.00699999999997658,"pwo","pwo_snr2","ols",2,TRUE,NA,48,394,16,32,0.224567160131438,0.253098875474322,25.3027586065559,0.0921746707210106,0.094988124766043,0.27625119512605,0.282761105795576,0.277958058166939,0.284508191380719,0.151145257575212,0.174817428861126,0.979166666666667,0.984771573604061,1.23614522692052,1.24939085842802,0.414355350783408,0.423324664083341,0.0930506044106958,0.095064817626791,0.104872873330049,0.107142996440039
"29_pwo_gp_model_specific","db6cb901415724b9f55892557a81f2cbcc3e7f91cf2f712ea45b7b9a2b1eb5a5","b1d5697d50014504fea8964eae8d6ad099291a4087058c07ada854c160fad766",46,6,48,"FSA_lambda050","FSA_lambda050",180538578,401256561,1.00617866301035,0.201235732602069,5,1.0339041997243,"c6d281d0461426960130f43edc6d4b232968ed1abf9e0c538b4ac115f0f10281",0.0040000000000191,"pwo","pwo_snr5","ols",5,TRUE,NA,48,394,16,32,0.0359307456210301,0.0404958200758915,25.3027586065559,0.0368698682884042,0.0379952499064172,0.11050047805042,0.11310444231823,0.111183223266776,0.113803276552288,-0.765145474298943,-0.741473303013028,0.979166666666667,0.984771573604061,0.494458090768208,0.499756343371209,0.414355350783408,0.423324664083341,0.0148880967057113,0.0152103708202866,0.0167796597328078,0.0171428794304062
"29_pwo_gp_model_specific","db6cb901415724b9f55892557a81f2cbcc3e7f91cf2f712ea45b7b9a2b1eb5a5","b1d5697d50014504fea8964eae8d6ad099291a4087058c07ada854c160fad766",46,6,48,"SA_hamming_foldover","Hamming",180538578,401256561,1.00617866301035,0.503089331505173,2,1.0339041997243,"c6d281d0461426960130f43edc6d4b232968ed1abf9e0c538b4ac115f0f10281",0.007000000000005,"pwo","pwo_snr2","ols",2,TRUE,NA,48,394,16,32,0.232519360625198,0.253098875474322,157.555659270778,0.232518983330654,0.239952782994905,0.722693299949352,0.754829342757408,0.727158578309574,0.759493178896627,1.03711549807767,1.16884285949995,0.884722222222222,0.845177664974619,1.88783792685765,1.92619913832098,1.0040859698061,1.03142691375722,0.233469427712047,0.23982672651845,0.254133029837469,0.261052992005904
"29_pwo_gp_model_specific","db6cb901415724b9f55892557a81f2cbcc3e7f91cf2f712ea45b7b9a2b1eb5a5","b1d5697d50014504fea8964eae8d6ad099291a4087058c07ada854c160fad766",46,6,48,"SA_hamming_foldover","Hamming",180538578,401256561,1.00617866301035,0.201235732602069,5,1.0339041997243,"c6d281d0461426960130f43edc6d4b232968ed1abf9e0c538b4ac115f0f10281",0.00799999999998136,"pwo","pwo_snr5","ols",5,TRUE,NA,48,394,16,32,0.0372030977000316,0.0404958200758915,157.555659270778,0.0930075933322617,0.0959811131979622,0.289077319979741,0.301931737102963,0.29086343132383,0.303797271558651,0.120824766203518,0.252552127625797,0.884722222222222,0.845177664974619,0.755135170743059,0.770479655328391,1.0040859698061,1.03142691375722,0.0373551084339275,0.0383722762429521,0.040661284773995,0.0417684787209446
"29_pwo_gp_model_specific","db6cb901415724b9f55892557a81f2cbcc3e7f91cf2f712ea45b7b9a2b1eb5a5","b1d5697d50014504fea8964eae8d6ad099291a4087058c07ada854c160fad766",46,6,48,"SA_l2_position_foldover","L2",180538578,401256561,1.00617866301035,0.503089331505173,2,1.0339041997243,"c6d281d0461426960130f43edc6d4b232968ed1abf9e0c538b4ac115f0f10281",0.0040000000000191,"pwo","pwo_snr2","ols",2,TRUE,NA,48,394,16,32,0.41196691226213,0.253098875474322,40.1774534493627,0.212728560160417,0.219554640690947,0.525843106400906,0.52886569660528,0.529092113751671,0.532133379522337,0.719470411883461,0.705476835956103,0.952777777777778,0.964467005076142,1.89045556585569,1.91677069907479,0.537082880542358,0.552129160646074,0.221260375925886,0.227458945481245,0.13593507310178,0.139743269676103
"29_pwo_gp_model_specific","db6cb901415724b9f55892557a81f2cbcc3e7f91cf2f712ea45b7b9a2b1eb5a5","b1d5697d50014504fea8964eae8d6ad099291a4087058c07ada854c160fad766",46,6,48,"SA_l2_position_foldover","L2",180538578,401256561,1.00617866301035,0.201235732602069,5,1.0339041997243,"c6d281d0461426960130f43edc6d4b232968ed1abf9e0c538b4ac115f0f10281",0.00499999999999545,"pwo","pwo_snr5","ols",5,TRUE,NA,48,394,16,32,0.0659147059619408,0.0404958200758915,40.1774534493627,0.0850914240641667,0.0878218562763787,0.210337242560362,0.211546278642112,0.211636845500668,0.212853351808934,-0.196820319990695,-0.210813895918052,0.952777777777778,0.964467005076142,0.756182226342277,0.766708279629916,0.537082880542358,0.552129160646074,0.0354016601481417,0.0363934312769992,0.0217496116962849,0.0223589231481764
"29_pwo_gp_model_specific","db6cb901415724b9f55892557a81f2cbcc3e7f91cf2f712ea45b7b9a2b1eb5a5","b1d5697d50014504fea8964eae8d6ad099291a4087058c07ada854c160fad766",46,6,48,"random_foldover","RandomFoldover",180538578,401256561,1.00617866301035,0.503089331505173,2,1.0339041997243,"c6d281d0461426960130f43edc6d4b232968ed1abf9e0c538b4ac115f0f10281",0.00399999999999068,"pwo","pwo_snr2","ols",2,TRUE,NA,48,394,16,32,0.145656515892425,0.253098875474322,75.2975608669578,0.173440934687735,0.178680063511737,0.42889478759558,0.436592061882777,0.431544783955027,0.439289617106143,0.651103261397168,0.677421601018708,0.877777777777778,0.870558375634518,1.40855948928194,1.4535032262505,0.87199569998489,0.921850335824805,0.127011855532975,0.134273508090503,0.22070113108462,0.233319283352884
"29_pwo_gp_model_specific","db6cb901415724b9f55892557a81f2cbcc3e7f91cf2f712ea45b7b9a2b1eb5a5","b1d5697d50014504fea8964eae8d6ad099291a4087058c07ada854c160fad766",46,6,48,"random_foldover","RandomFoldover",180538578,401256561,1.00617866301035,0.201235732602069,5,1.0339041997243,"c6d281d0461426960130f43edc6d4b232968ed1abf9e0c538b4ac115f0f10281",0.00499999999999545,"pwo","pwo_snr5","ols",5,TRUE,NA,48,394,16,32,0.0233050425427879,0.0404958200758915,75.2975608669578,0.0693763738750939,0.0714720254046947,0.171557915038232,0.174636824753111,0.172617913582011,0.175715846842457,-0.265187470476986,-0.238869130855446,0.877777777777778,0.870558375634518,0.563423795712774,0.5814012905002,0.87199569998489,0.921850335824805,0.020321896885276,0.0214837612944804,0.0353121809735392,0.0373310853364615
"29_pwo_gp_model_specific","db6cb901415724b9f55892557a81f2cbcc3e7f91cf2f712ea45b7b9a2b1eb5a5","b1d5697d50014504fea8964eae8d6ad099291a4087058c07ada854c160fad766",46,6,60,"FSA_lambda050","FSA_lambda050",180538578,401256561,1.00617866301035,0.503089331505173,2,1.0339041997243,"e15ac0adbc0d441c58ba7ee3f5b785b4193262c34254577548ae8dd3181655b8",0.00900000000001455,"pwo","pwo_snr2","ols",2,TRUE,NA,60,332,16,44,0.207682962192254,0.253098875474322,43.9922521333638,0.138670042619494,0.143168017068189,0.363747594188762,0.376813719171169,0.365995067994078,0.379141924159603,0.397861882372917,0.449690496195808,0.902777777777778,0.894578313253012,1.11281683195365,1.12218472634998,0.376837844636978,0.383333975677913,0.0782627998403519,0.0796119355777223,0.0953772347137864,0.0970213981751809
"29_pwo_gp_model_specific","db6cb901415724b9f55892557a81f2cbcc3e7f91cf2f712ea45b7b9a2b1eb5a5","b1d5697d50014504fea8964eae8d6ad099291a4087058c07ada854c160fad766",46,6,60,"FSA_lambda050","FSA_lambda050",180538578,401256561,1.00617866301035,0.201235732602069,5,1.0339041997243,"e15ac0adbc0d441c58ba7ee3f5b785b4193262c34254577548ae8dd3181655b8",0.00799999999998136,"pwo","pwo_snr5","ols",5,TRUE,NA,60,332,16,44,0.0332292739507606,0.0404958200758915,43.9922521333638,0.0554680170477976,0.0572672068272757,0.145499037675504,0.150725487668467,0.146398027197631,0.151656769663841,-0.518428849501241,-0.466600235678349,0.902777777777778,0.894578313253012,0.445126732781461,0.448873890539993,0.376837844636978,0.383333975677913,0.0125220479744563,0.0127379096924356,0.0152603575542058,0.0155234237080289
"29_pwo_gp_model_specific","db6cb901415724b9f55892557a81f2cbcc3e7f91cf2f712ea45b7b9a2b1eb5a5","b1d5697d50014504fea8964eae8d6ad099291a4087058c07ada854c160fad766",46,6,60,"SA_hamming_foldover","Hamming",180538578,401256561,1.00617866301035,0.503089331505173,2,1.0339041997243,"e15ac0adbc0d441c58ba7ee3f5b785b4193262c34254577548ae8dd3181655b8",0.00800000000000978,"pwo","pwo_snr2","ols",2,TRUE,NA,60,332,16,44,0.294291081872288,0.253098875474322,44.9904942213506,0.103124912562019,0.106125883580967,0.254104302042898,0.249954619249093,0.2556743268947,0.251499004609313,0.15463493787126,0.158339917004279,0.993055555555556,0.996987951807229,1.42984448458203,1.47244101055937,0.440270127393354,0.465020829754292,0.12956757210664,0.13685148308154,0.111431874148194,0.117696249082948
"29_pwo_gp_model_specific","db6cb901415724b9f55892557a81f2cbcc3e7f91cf2f712ea45b7b9a2b1eb5a5","b1d5697d50014504fea8964eae8d6ad099291a4087058c07ada854c160fad766",46,6,60,"SA_hamming_foldover","Hamming",180538578,401256561,1.00617866301035,0.201235732602069,5,1.0339041997243,"e15ac0adbc0d441c58ba7ee3f5b785b4193262c34254577548ae8dd3181655b8",0.00799999999998136,"pwo","pwo_snr5","ols",5,TRUE,NA,60,332,16,44,0.0470865730995661,0.0404958200758915,44.9904942213506,0.0412499650248074,0.0424503534323866,0.101641720817159,0.0999818476996372,0.10226973075788,0.100599601843725,-0.761655794002896,-0.757950814869877,0.993055555555556,0.996987951807229,0.571937793832814,0.588976404223747,0.440270127393354,0.465020829754292,0.0207308115370624,0.0218962372930464,0.0178290998637111,0.0188313998532716
"29_pwo_gp_model_specific","db6cb901415724b9f55892557a81f2cbcc3e7f91cf2f712ea45b7b9a2b1eb5a5","b1d5697d50014504fea8964eae8d6ad099291a4087058c07ada854c160fad766",46,6,60,"SA_l2_position_foldover","L2",180538578,401256561,1.00617866301035,0.503089331505173,2,1.0339041997243,"e15ac0adbc0d441c58ba7ee3f5b785b4193262c34254577548ae8dd3181655b8",0.007000000000005,"pwo","pwo_snr2","ols",2,TRUE,NA,60,332,16,44,0.250376806097116,0.253098875474322,62.218886435129,0.149150103696819,0.152455029756437,0.39354274618569,0.386187431967175,0.395974314194537,0.388573553968131,0.550656849354608,0.524589146650822,0.890277777777778,0.897590361445783,1.31026975425592,1.33875802611205,0.433337641706845,0.450985999943976,0.108497694692216,0.112916434260487,0.109677269816697,0.114144049440483
"29_pwo_gp_model_specific","db6cb901415724b9f55892557a81f2cbcc3e7f91cf2f712ea45b7b9a2b1eb5a5","b1d5697d50014504fea8964eae8d6ad099291a4087058c07ada854c160fad766",46,6,60,"SA_l2_position_foldover","L2",180538578,401256561,1.00617866301035,0.201235732602069,5,1.0339041997243,"e15ac0adbc0d441c58ba7ee3f5b785b4193262c34254577548ae8dd3181655b8",0.00799999999998136,"pwo","pwo_snr5","ols",5,TRUE,NA,60,332,16,44,0.0400602889755385,0.0404958200758915,62.218886435129,0.0596600414787277,0.0609820119025746,0.157417098474276,0.15447497278687,0.158389725677815,0.155429421587252,-0.365633882519548,-0.391701585223333,0.890277777777778,0.897590361445783,0.524107901702369,0.535503210444821,0.433337641706845,0.450985999943976,0.0173596311507546,0.0180666294816779,0.0175483631706715,0.0182630479104773
"29_pwo_gp_model_specific","db6cb901415724b9f55892557a81f2cbcc3e7f91cf2f712ea45b7b9a2b1eb5a5","b1d5697d50014504fea8964eae8d6ad099291a4087058c07ada854c160fad766",46,6,60,"random_foldover","RandomFoldover",180538578,401256561,1.00617866301035,0.503089331505173,2,1.0339041997243,"e15ac0adbc0d441c58ba7ee3f5b785b4193262c34254577548ae8dd3181655b8",0.00800000000000978,"pwo","pwo_snr2","ols",2,TRUE,NA,60,332,16,44,0.294206346318587,0.253098875474322,53.7771358389967,0.118477200977243,0.120474261777971,0.296564685651689,0.301875004476777,0.2983970589051,0.303740188400686,0.23556135764073,0.252354050658711,0.993055555555556,0.990963855421687,1.4632502306533,1.47885932467603,0.46386491081655,0.473100720323163,0.136472000596734,0.139189234366969,0.117403687299665,0.119741260299884
"29_pwo_gp_model_specific","db6cb901415724b9f55892557a81f2cbcc3e7f91cf2f712ea45b7b9a2b1eb5a5","b1d5697d50014504fea8964eae8d6ad099291a4087058c07ada854c160fad766",46,6,60,"random_foldover","RandomFoldover",180538578,401256561,1.00617866301035,0.201235732602069,5,1.0339041997243,"e15ac0adbc0d441c58ba7ee3f5b785b4193262c34254577548ae8dd3181655b8",0.007000000000005,"pwo","pwo_snr5","ols",5,TRUE,NA,60,332,16,44,0.0470730154109739,0.0404958200758915,53.7771358389967,0.0473908803908973,0.0481897047111883,0.118625874260675,0.120750001790711,0.11935882356204,0.121496075360274,-0.680729374233426,-0.663936681215446,0.993055555555556,0.990963855421687,0.585300092261321,0.591543729870411,0.46386491081655,0.473100720323163,0.0218355200954775,0.0222702774987151,0.0187845899679465,0.0191586016479815
"29_pwo_gp_model_specific","db6cb901415724b9f55892557a81f2cbcc3e7f91cf2f712ea45b7b9a2b1eb5a5","b1d5697d50014504fea8964eae8d6ad099291a4087058c07ada854c160fad766",47,6,48,"FSA_lambda050","FSA_lambda050",180538579,401256562,1.19119666653577,0.595598333267883,2,0.9934593304603,"f5925061fb7241d79132881ee36ff7d27c7f40f39adb3f417e0718035ef4a3a5",0.00499999999999545,"pwo","pwo_snr2","ols",2,TRUE,NA,48,420,16,32,0.306903106468871,0.35473737459148,15.6243834000764,0.138032622582292,0.142072327618364,0.396244161446061,0.405134577041978,0.472004724248808,0.482594957670781,0.834518548613858,0.8696142052116,0.840277777777778,0.847619047619048,1.3757838638606,1.38140953742529,0.37365485621364,0.376391759909265,0.114675836119146,0.115515800365439,0.132549342696584,0.133520224728079
"29_pwo_gp_model_specific","db6cb901415724b9f55892557a81f2cbcc3e7f91cf2f712ea45b7b9a2b1eb5a5","b1d5697d50014504fea8964eae8d6ad099291a4087058c07ada854c160fad766",47,6,48,"FSA_lambda050","FSA_lambda050",180538579,401256562,1.19119666653577,0.238239333307153,5,0.9934593304603,"f5925061fb7241d79132881ee36ff7d27c7f40f39adb3f417e0718035ef4a3a5",0.00499999999999545,"pwo","pwo_snr5","ols",5,TRUE,NA,48,420,16,32,0.0491044970350194,0.0567579799346368,15.6243834000764,0.0552130490329166,0.0568289310473455,0.158497664578424,0.162053830816791,0.188801889699523,0.193037983068312,-0.0817721832602981,-0.0466765266625562,0.840277777777778,0.847619047619048,0.550313545544239,0.552563814970115,0.37365485621364,0.376391759909265,0.0183481337790633,0.0184825280584702,0.0212078948314534,0.0213632359564927
"29_pwo_gp_model_specific","db6cb901415724b9f55892557a81f2cbcc3e7f91cf2f712ea45b7b9a2b1eb5a5","b1d5697d50014504fea8964eae8d6ad099291a4087058c07ada854c160fad766",47,6,48,"SA_hamming_foldover","Hamming",180538579,401256562,1.19119666653577,0.595598333267883,2,0.9934593304603,"f5925061fb7241d79132881ee36ff7d27c7f40f39adb3f417e0718035ef4a3a5",0.00800000000000978,"pwo","pwo_snr2","ols",2,TRUE,NA,48,420,16,32,0.356499052415467,0.35473737459148,109.189338110237,0.215839263779202,0.222386992621811,0.497386062123239,0.498888342985258,0.592484619182554,0.594274131137592,0.929316790705994,0.95523373293994,0.930555555555556,0.928571428571429,2.25256069983434,2.28895012223545,0.9117115091091,0.933430107246633,0.325024289073669,0.332766948729492,0.323418147126198,0.331122545609315
"29_pwo_gp_model_specific","db6cb901415724b9f55892557a81f2cbcc3e7f91cf2f712ea45b7b9a2b1eb5a5","b1d5697d50014504fea8964eae8d6ad099291a4087058c07ada854c160fad766",47,6,48,"SA_hamming_foldover","Hamming",180538579,401256562,1.19119666653577,0.238239333307153,5,0.9934593304603,"f5925061fb7241d79132881ee36ff7d27c7f40f39adb3f417e0718035ef4a3a5",0.00899999999998613,"pwo","pwo_snr5","ols",5,TRUE,NA,48,420,16,32,0.0570398483864747,0.0567579799346368,109.189338110237,0.0863357055116805,0.0889547970487245,0.198954424849296,0.199555337194103,0.236993847673022,0.237709652455037,0.013026058831839,0.0389430010657848,0.930555555555556,0.928571428571429,0.901024279933735,0.915580048894182,0.9117115091091,0.933430107246633,0.0520038862517871,0.0532427117967188,0.0517469035401918,0.0529796072974903
"29_pwo_gp_model_specific","db6cb901415724b9f55892557a81f2cbcc3e7f91cf2f712ea45b7b9a2b1eb5a5","b1d5697d50014504fea8964eae8d6ad099291a4087058c07ada854c160fad766",47,6,48,"SA_l2_position_foldover","L2",180538579,401256562,1.19119666653577,0.595598333267883,2,0.9934593304603,"f5925061fb7241d79132881ee36ff7d27c7f40f39adb3f417e0718035ef4a3a5",0.00800000000000978,"pwo","pwo_snr2","ols",2,TRUE,NA,48,420,16,32,0.337374483781484,0.35473737459148,50.1948708672553,0.218688628927053,0.225743964310224,0.45657708418912,0.473654815368631,0.5438731007027,0.564216037155727,0.749549023475228,0.799768619123445,0.925,0.916666666666667,1.71828879139003,1.74252743310535,0.542310276067827,0.5571421221922,0.182961649437777,0.187965535867514,0.192377723546282,0.197639133700787
"29_pwo_gp_model_specific","db6cb901415724b9f55892557a81f2cbcc3e7f91cf2f712ea45b7b9a2b1eb5a5","b1d5697d50014504fea8964eae8d6ad099291a4087058c07ada854c160fad766",47,6,48,"SA_l2_position_foldover","L2",180538579,401256562,1.19119666653577,0.238239333307153,5,0.9934593304603,"f5925061fb7241d79132881ee36ff7d27c7f40f39adb3f417e0718035ef4a3a5",0.00699999999997658,"pwo","pwo_snr5","ols",5,TRUE,NA,48,420,16,32,0.0539799174050375,0.0567579799346368,50.1948708672553,0.0874754515708212,0.0902975857240897,0.182630833675648,0.189461926147453,0.21754924028108,0.225686414862291,-0.166741708398925,-0.116522112750709,0.925,0.916666666666667,0.687315516556011,0.697010973242139,0.542310276067827,0.5571421221922,0.0292738639100444,0.0300744857388023,0.0307804357674051,0.0316222613921259
"29_pwo_gp_model_specific","db6cb901415724b9f55892557a81f2cbcc3e7f91cf2f712ea45b7b9a2b1eb5a5","b1d5697d50014504fea8964eae8d6ad099291a4087058c07ada854c160fad766",47,6,48,"random_foldover","RandomFoldover",180538579,401256562,1.19119666653577,0.595598333267883,2,0.9934593304603,"f5925061fb7241d79132881ee36ff7d27c7f40f39adb3f417e0718035ef4a3a5",0.0040000000000191,"pwo","pwo_snr2","ols",2,TRUE,NA,48,420,16,32,0.26175443241338,0.35473737459148,159.569804630108,0.237432870842026,0.24515654860913,0.659088689819084,0.661759992362245,0.785104250263919,0.78828629694864,1.47869058357107,1.50700607430876,0.758333333333333,0.75,1.89221004476652,1.91978156890516,0.887868423283127,0.908667351904801,0.232403495194237,0.23784770695041,0.314960113458134,0.322338270791702
"29_pwo_gp_model_specific","db6cb901415724b9f55892557a81f2cbcc3e7f91cf2f712ea45b7b9a2b1eb5a5","b1d5697d50014504fea8964eae8d6ad099291a4087058c07ada854c160fad766",47,6,48,"random_foldover","RandomFoldover",180538579,401256562,1.19119666653577,0.238239333307153,5,0.9934593304603,"f5925061fb7241d79132881ee36ff7d27c7f40f39adb3f417e0718035ef4a3a5",0.00500000000002387,"pwo","pwo_snr5","ols",5,TRUE,NA,48,420,16,32,0.0418807091861408,0.0567579799346368,159.569804630108,0.0949731483368107,0.0980626194436523,0.263635475927634,0.264703996944898,0.314041700105568,0.315314518779456,0.562399851696913,0.590715342434612,0.758333333333333,0.75,0.756884017906609,0.767912627562064,0.887868423283127,0.908667351904801,0.037184559231078,0.0380556331120656,0.0503936181533014,0.0515741233266723
"29_pwo_gp_model_specific","db6cb901415724b9f55892557a81f2cbcc3e7f91cf2f712ea45b7b9a2b1eb5a5","b1d5697d50014504fea8964eae8d6ad099291a4087058c07ada854c160fad766",47,6,60,"FSA_lambda050","FSA_lambda050",180538579,401256562,1.19119666653577,0.595598333267883,2,0.9934593304603,"8609afaa52d7b45a24971e06951de776951bf0f7ac0ccbf5b4a679889eca793c",0.00399999999999068,"pwo","pwo_snr2","ols",2,TRUE,NA,60,398,16,44,0.278572011105806,0.35473737459148,16.5160608099367,0.105710426232041,0.108769834112741,0.253625095783173,0.25214396974511,0.30211736864673,0.30035305624747,0.217230781038558,0.217093973360179,0.9375,0.937185929648241,1.17616471785678,1.18508554275942,0.307510415390035,0.312126039031919,0.085663794851184,0.0869495784116111,0.109085437414997,0.110722771627821
"29_pwo_gp_model_specific","db6cb901415724b9f55892557a81f2cbcc3e7f91cf2f712ea45b7b9a2b1eb5a5","b1d5697d50014504fea8964eae8d6ad099291a4087058c07ada854c160fad766",47,6,60,"FSA_lambda050","FSA_lambda050",180538579,401256562,1.19119666653577,0.238239333307153,5,0.9934593304603,"8609afaa52d7b45a24971e06951de776951bf0f7ac0ccbf5b4a679889eca793c",0.00399999999999068,"pwo","pwo_snr5","ols",5,TRUE,NA,60,398,16,44,0.044571521776929,0.0567579799346368,16.5160608099367,0.0422841704928166,0.0435079336450966,0.101450038313269,0.100857587898044,0.120846947458692,0.120141222498988,-0.699059950835599,-0.699196758513977,0.9375,0.937185929648241,0.470465887142714,0.474034217103766,0.307510415390035,0.312126039031919,0.0137062071761894,0.0139119325458578,0.0174536699863994,0.0177156434604513
"29_pwo_gp_model_specific","db6cb901415724b9f55892557a81f2cbcc3e7f91cf2f712ea45b7b9a2b1eb5a5","b1d5697d50014504fea8964eae8d6ad099291a4087058c07ada854c160fad766",47,6,60,"SA_hamming_foldover","Hamming",180538579,401256562,1.19119666653577,0.595598333267883,2,0.9934593304603,"8609afaa52d7b45a24971e06951de776951bf0f7ac0ccbf5b4a679889eca793c",0.00900000000001455,"pwo","pwo_snr2","ols",2,TRUE,NA,60,398,16,44,0.488898679345155,0.35473737459148,33.9743122833373,0.13018056325798,0.132423350417703,0.286801073595035,0.29417962404883,0.341636482825284,0.350425787529711,0.392232006695993,0.418241038048323,0.991666666666667,0.989949748743719,1.75004926399123,1.775415714293,0.391412594835664,0.401857927284986,0.191361100694217,0.196467809934011,0.138848676274042,0.14255402608385
"29_pwo_gp_model_specific","db6cb901415724b9f55892557a81f2cbcc3e7f91cf2f712ea45b7b9a2b1eb5a5","b1d5697d50014504fea8964eae8d6ad099291a4087058c07ada854c160fad766",47,6,60,"SA_hamming_foldover","Hamming",180538579,401256562,1.19119666653577,0.238239333307153,5,0.9934593304603,"8609afaa52d7b45a24971e06951de776951bf0f7ac0ccbf5b4a679889eca793c",0.00800000000000978,"pwo","pwo_snr5","ols",5,TRUE,NA,60,398,16,44,0.0782237886952248,0.0567579799346368,33.9743122833373,0.052072225303192,0.0529693401670812,0.114720429438014,0.117671849619532,0.136654593130114,0.140170315011885,-0.524058725178161,-0.498049693825831,0.991666666666667,0.989949748743719,0.70001970559649,0.710166285717201,0.391412594835664,0.401857927284986,0.0306177761110746,0.0314348495894418,0.0222157882038468,0.022808644173416
"29_pwo_gp_model_specific","db6cb901415724b9f55892557a81f2cbcc3e7f91cf2f712ea45b7b9a2b1eb5a5","b1d5697d50014504fea8964eae8d6ad099291a4087058c07ada854c160fad766",47,6,60,"SA_l2_position_foldover","L2",180538579,401256562,1.19119666653577,0.595598333267883,2,0.9934593304603,"8609afaa52d7b45a24971e06951de776951bf0f7ac0ccbf5b4a679889eca793c",0.00899999999998613,"pwo","pwo_snr2","ols",2,TRUE,NA,60,398,16,44,0.327832311284864,0.35473737459148,32.7807563516978,0.113978321037181,0.117711332520905,0.239164951574525,0.247754707182953,0.284892493067762,0.295124581314879,0.202181771135642,0.240114097027959,0.991666666666667,0.989949748743719,1.41160452444736,1.43914143316513,0.380739967299584,0.394899196780139,0.124818863478346,0.129460716404969,0.135062696401901,0.140085504294071
"29_pwo_gp_model_specific","db6cb901415724b9f55892557a81f2cbcc3e7f91cf2f712ea45b7b9a2b1eb5a5","b1d5697d50014504fea8964eae8d6ad099291a4087058c07ada854c160fad766",47,6,60,"SA_l2_position_foldover","L2",180538579,401256562,1.19119666653577,0.238239333307153,5,0.9934593304603,"8609afaa52d7b45a24971e06951de776951bf0f7ac0ccbf5b4a679889eca793c",0.007000000000005,"pwo","pwo_snr5","ols",5,TRUE,NA,60,398,16,44,0.0524531698055781,0.0567579799346368,32.7807563516978,0.0455913284148725,0.0470845330083621,0.09566598062981,0.0991018828731811,0.113956997227105,0.118049832525951,-0.714108960738514,-0.676176634846197,0.991666666666667,0.989949748743719,0.564641809778944,0.575656573266052,0.380739967299584,0.394899196780139,0.0199710181565354,0.0207137146247951,0.0216100314243041,0.0224136806870513
"29_pwo_gp_model_specific","db6cb901415724b9f55892557a81f2cbcc3e7f91cf2f712ea45b7b9a2b1eb5a5","b1d5697d50014504fea8964eae8d6ad099291a4087058c07ada854c160fad766",47,6,60,"random_foldover","RandomFoldover",180538579,401256562,1.19119666653577,0.595598333267883,2,0.9934593304603,"8609afaa52d7b45a24971e06951de776951bf0f7ac0ccbf5b4a679889eca793c",0.00800000000000978,"pwo","pwo_snr2","ols",2,TRUE,NA,60,398,16,44,0.184021034075675,0.35473737459148,55.6875224190468,0.124162599776462,0.128108132471991,0.285484571822778,0.287677324557047,0.340068270302683,0.342680270050283,0.343872008064014,0.33949671407474,0.918055555555556,0.9321608040201,1.16588592757556,1.18242703336495,0.46593797388114,0.477988857882329,0.0857423877687322,0.087960003904157,0.165285613577069,0.169560512529158
"29_pwo_gp_model_specific","db6cb901415724b9f55892557a81f2cbcc3e7f91cf2f712ea45b7b9a2b1eb5a5","b1d5697d50014504fea8964eae8d6ad099291a4087058c07ada854c160fad766",47,6,60,"random_foldover","RandomFoldover",180538579,401256562,1.19119666653577,0.238239333307153,5,0.9934593304603,"8609afaa52d7b45a24971e06951de776951bf0f7ac0ccbf5b4a679889eca793c",-2.51599999999999,"pwo","pwo_snr5","ols",5,TRUE,NA,60,398,16,44,0.029443365452108,0.0567579799346368,55.6875224190468,0.0496650399105849,0.0512432529887965,0.114193828729111,0.115070929822819,0.136027308121073,0.137072108020113,-0.572418723810143,-0.576794017799416,0.918055555555556,0.9321608040201,0.466354371030225,0.472970813345979,0.46593797388114,0.477988857882329,0.0137187820429972,0.0140736006246651,0.0264456981723311,0.0271296820046652
"29_pwo_gp_model_specific","db6cb901415724b9f55892557a81f2cbcc3e7f91cf2f712ea45b7b9a2b1eb5a5","b1d5697d50014504fea8964eae8d6ad099291a4087058c07ada854c160fad766",48,6,48,"FSA_lambda050","FSA_lambda050",180538580,401256563,1.19593476139131,0.597967380695653,2,1.0201071517347,"437c7df8224c8adc2d052d57194d5d2dd217b6f8d05768e4d4a2950eb0e004be",0.0160000000000196,"pwo","pwo_snr2","ols",2,TRUE,NA,48,374,16,32,0.418447964840075,0.357564988376021,31.2837510615949,0.119951011984992,0.123662781574218,0.292447302683984,0.290851325297251,0.349747895154902,0.347839210319713,0.430673337906017,0.42323716385544,0.976388888888889,0.983957219251337,1.75029433480661,1.76834027218015,0.449293270781925,0.458418211476559,0.188005854775037,0.191824167637993,0.160651543144563,0.163914302457972
"29_pwo_gp_model_specific","db6cb901415724b9f55892557a81f2cbcc3e7f91cf2f712ea45b7b9a2b1eb5a5","b1d5697d50014504fea8964eae8d6ad099291a4087058c07ada854c160fad766",48,6,48,"FSA_lambda050","FSA_lambda050",180538580,401256563,1.19593476139131,0.239186952278261,5,1.0201071517347,"437c7df8224c8adc2d052d57194d5d2dd217b6f8d05768e4d4a2950eb0e004be",0.00800000000000978,"pwo","pwo_snr5","ols",5,TRUE,NA,48,374,16,32,0.066951674374412,0.0572103981401633,31.2837510615949,0.0479804047939966,0.0494651126296871,0.116978921073594,0.1163405301189,0.139899158061961,0.139135684127885,-0.485617393968138,-0.493053568018715,0.976388888888889,0.983957219251337,0.700117733922644,0.70733610887206,0.449293270781925,0.458418211476559,0.030080936764006,0.0306918668220789,0.0257042469031301,0.0262262883932755
"29_pwo_gp_model_specific","db6cb901415724b9f55892557a81f2cbcc3e7f91cf2f712ea45b7b9a2b1eb5a5","b1d5697d50014504fea8964eae8d6ad099291a4087058c07ada854c160fad766",48,6,48,"SA_hamming_foldover","Hamming",180538580,401256563,1.19593476139131,0.597967380695653,2,1.0201071517347,"437c7df8224c8adc2d052d57194d5d2dd217b6f8d05768e4d4a2950eb0e004be",0.00699999999997658,"pwo","pwo_snr2","ols",2,TRUE,NA,48,374,16,32,0.446436472952109,0.357564988376021,155.05705833994,0.213126217147546,0.217671864292796,0.474758235703967,0.484905499241759,0.567779877335182,0.579915342533025,0.810447300690541,0.823819566498779,0.9875,0.997326203208556,2.49380152762039,2.53948202511602,0.890029323011939,0.918514267667025,0.397341551789404,0.410058270013456,0.318243324537081,0.328428543441569
"29_pwo_gp_model_specific","db6cb901415724b9f55892557a81f2cbcc3e7f91cf2f712ea45b7b9a2b1eb5a5","b1d5697d50014504fea8964eae8d6ad099291a4087058c07ada854c160fad766",48,6,48,"SA_hamming_foldover","Hamming",180538580,401256563,1.19593476139131,0.239186952278261,5,1.0201071517347,"437c7df8224c8adc2d052d57194d5d2dd217b6f8d05768e4d4a2950eb0e004be",0.00800000000000978,"pwo","pwo_snr5","ols",5,TRUE,NA,48,374,16,32,0.0714298356723375,0.0572103981401633,155.05705833994,0.0852504868590185,0.0870687457171182,0.189903294281587,0.193962199696703,0.227111950934073,0.23196613701321,-0.105843431183614,-0.0924711653753762,0.9875,0.997326203208556,0.997520611048156,1.01579281004641,0.890029323011939,0.918514267667025,0.0635746482863046,0.065609323202153,0.050918931925933,0.052548566950651
"29_pwo_gp_model_specific","db6cb901415724b9f55892557a81f2cbcc3e7f91cf2f712ea45b7b9a2b1eb5a5","b1d5697d50014504fea8964eae8d6ad099291a4087058c07ada854c160fad766",48,6,48,"SA_l2_position_foldover","L2",180538580,401256563,1.19593476139131,0.597967380695653,2,1.0201071517347,"437c7df8224c8adc2d052d57194d5d2dd217b6f8d05768e4d4a2950eb0e004be",0.007000000000005,"pwo","pwo_snr2","ols",2,TRUE,NA,48,374,16,32,0.505317251204745,0.357564988376021,57.4390028936616,0.173178433986422,0.177092789195053,0.410990699399513,0.418519591667855,0.491518064020403,0.500522127998883,0.693842758112106,0.721885764252624,0.983333333333333,0.981283422459893,2.24115426876852,2.27288559681542,0.619618202304621,0.635058611973174,0.313103766784997,0.320906072156185,0.221553775304622,0.22707472520828
"29_pwo_gp_model_specific","db6cb901415724b9f55892557a81f2cbcc3e7f91cf2f712ea45b7b9a2b1eb5a5","b1d5697d50014504fea8964eae8d6ad099291a4087058c07ada854c160fad766",48,6,48,"SA_l2_position_foldover","L2",180538580,401256563,1.19593476139131,0.239186952278261,5,1.0201071517347,"437c7df8224c8adc2d052d57194d5d2dd217b6f8d05768e4d4a2950eb0e004be",0.00799999999998136,"pwo","pwo_snr5","ols",5,TRUE,NA,48,374,16,32,0.0808507601927592,0.0572103981401633,57.4390028936616,0.0692713735945689,0.070837115678021,0.164396279759805,0.167407836667142,0.196607225608161,0.200208851199553,-0.222447973762048,-0.194404967621531,0.983333333333333,0.981283422459893,0.896461707507408,0.909154238726167,0.619618202304621,0.635058611973174,0.0500966026855994,0.0513449715449896,0.0354486040487396,0.0363319560333248
"29_pwo_gp_model_specific","db6cb901415724b9f55892557a81f2cbcc3e7f91cf2f712ea45b7b9a2b1eb5a5","b1d5697d50014504fea8964eae8d6ad099291a4087058c07ada854c160fad766",48,6,48,"random_foldover","RandomFoldover",180538580,401256563,1.19593476139131,0.597967380695653,2,1.0201071517347,"437c7df8224c8adc2d052d57194d5d2dd217b6f8d05768e4d4a2950eb0e004be",0.007000000000005,"pwo","pwo_snr2","ols",2,TRUE,NA,48,374,16,32,0.562815358601057,0.357564988376021,121.528070833362,0.124081549410604,0.127374973442463,0.332441393360516,0.333770134097081,0.397578218445202,0.399167305680937,0.69349047723104,0.709976715717251,1,1,2.74984565664136,2.81197868733973,0.853248177447382,0.886046114043105,0.480221178965747,0.498680361412244,0.305091674650834,0.316819068468441
"29_pwo_gp_model_specific","db6cb901415724b9f55892557a81f2cbcc3e7f91cf2f712ea45b7b9a2b1eb5a5","b1d5697d50014504fea8964eae8d6ad099291a4087058c07ada854c160fad766",48,6,48,"random_foldover","RandomFoldover",180538580,401256563,1.19593476139131,0.239186952278261,5,1.0201071517347,"437c7df8224c8adc2d052d57194d5d2dd217b6f8d05768e4d4a2950eb0e004be",0.007000000000005,"pwo","pwo_snr5","ols",5,TRUE,NA,48,374,16,32,0.0900504573761692,0.0572103981401633,121.528070833362,0.0496326197642415,0.0509499893769853,0.132976557344207,0.133508053638832,0.159031287378081,0.159666922272375,-0.222800254643115,-0.206314016156904,1,1,1.09993826265654,1.12479147493589,0.853248177447382,0.886046114043105,0.0768353886345195,0.079788857825959,0.0488146679441334,0.0506910509549506
"29_pwo_gp_model_specific","db6cb901415724b9f55892557a81f2cbcc3e7f91cf2f712ea45b7b9a2b1eb5a5","b1d5697d50014504fea8964eae8d6ad099291a4087058c07ada854c160fad766",48,6,60,"FSA_lambda050","FSA_lambda050",180538580,401256563,1.19593476139131,0.597967380695653,2,1.0201071517347,"0891de4a96da5c459a64790dcfaf33536964bb804d21be135a0eb317ec4e8c97",0.00600000000000023,"pwo","pwo_snr2","ols",2,TRUE,NA,60,330,16,44,0.308694779559362,0.357564988376021,22.1106612831958,0.113341560219548,0.116614985182424,0.250881714808561,0.251389578588384,0.300038163737019,0.30064553568536,0.223956822491136,0.217714634491157,0.9625,0.960606060606061,1.24172512715485,1.25264840393708,0.309987763121381,0.315727394560237,0.0956916042028547,0.0974633984646243,0.110840770917205,0.112893062165923
"29_pwo_gp_model_specific","db6cb901415724b9f55892557a81f2cbcc3e7f91cf2f712ea45b7b9a2b1eb5a5","b1d5697d50014504fea8964eae8d6ad099291a4087058c07ada854c160fad766",48,6,60,"FSA_lambda050","FSA_lambda050",180538580,401256563,1.19593476139131,0.239186952278261,5,1.0201071517347,"0891de4a96da5c459a64790dcfaf33536964bb804d21be135a0eb317ec4e8c97",0.00600000000000023,"pwo","pwo_snr5","ols",5,TRUE,NA,60,330,16,44,0.049391164729498,0.0572103981401633,22.1106612831958,0.045336624087819,0.0466459940729696,0.100352685923425,0.100555831435354,0.120015265494808,0.120258214274144,-0.692333909383019,-0.698576097382998,0.9625,0.960606060606061,0.496690050861939,0.501059361574832,0.309987763121381,0.315727394560237,0.0153106566724568,0.0155941437543399,0.0177345233467529,0.0180628899465476
"29_pwo_gp_model_specific","db6cb901415724b9f55892557a81f2cbcc3e7f91cf2f712ea45b7b9a2b1eb5a5","b1d5697d50014504fea8964eae8d6ad099291a4087058c07ada854c160fad766",48,6,60,"SA_hamming_foldover","Hamming",180538580,401256563,1.19593476139131,0.597967380695653,2,1.0201071517347,"0891de4a96da5c459a64790dcfaf33536964bb804d21be135a0eb317ec4e8c97",0.0040000000000191,"pwo","pwo_snr2","ols",2,TRUE,NA,60,330,16,44,0.275484661394189,0.357564988376021,54.1640329312298,0.123433055451734,0.12720251822752,0.308605703152154,0.308372230748495,0.369072287963268,0.368793070199906,0.443568602982502,0.436103749362425,0.940277777777778,0.942424242424242,1.43034451283613,1.45222649463061,0.471093799503337,0.482896639153455,0.129779115841078,0.133030617125581,0.168446648943426,0.172666931165724
"29_pwo_gp_model_specific","db6cb901415724b9f55892557a81f2cbcc3e7f91cf2f712ea45b7b9a2b1eb5a5","b1d5697d50014504fea8964eae8d6ad099291a4087058c07ada854c160fad766",48,6,60,"SA_hamming_foldover","Hamming",180538580,401256563,1.19593476139131,0.239186952278261,5,1.0201071517347,"0891de4a96da5c459a64790dcfaf33536964bb804d21be135a0eb317ec4e8c97",0.00399999999999068,"pwo","pwo_snr5","ols",5,TRUE,NA,60,330,16,44,0.0440775458230702,0.0572103981401633,54.1640329312298,0.0493732221806937,0.0508810072910082,0.123442281260862,0.123348892299398,0.147628915185307,0.147517228079963,-0.472722128891651,-0.480186982511728,0.940277777777778,0.942424242424242,0.572137805134452,0.580890597852243,0.471093799503337,0.482896639153455,0.0207646585345725,0.021284898740093,0.0269514638309481,0.0276267089865159
"29_pwo_gp_model_specific","db6cb901415724b9f55892557a81f2cbcc3e7f91cf2f712ea45b7b9a2b1eb5a5","b1d5697d50014504fea8964eae8d6ad099291a4087058c07ada854c160fad766",48,6,60,"SA_l2_position_foldover","L2",180538580,401256563,1.19593476139131,0.597967380695653,2,1.0201071517347,"0891de4a96da5c459a64790dcfaf33536964bb804d21be135a0eb317ec4e8c97",0.00399999999999068,"pwo","pwo_snr2","ols",2,TRUE,NA,60,330,16,44,0.40229883905189,0.357564988376021,27.3987495229183,0.111534429789322,0.113458915258902,0.242349677477106,0.239444423140724,0.289834403706843,0.286359909055281,0.238028895622409,0.247282269635005,0.993055555555556,0.996969696969697,1.53534103025294,1.55881400489716,0.366395516119339,0.377988195859767,0.147400490768628,0.152064212369703,0.131010208462238,0.135155344858871
"29_pwo_gp_model_specific","db6cb901415724b9f55892557a81f2cbcc3e7f91cf2f712ea45b7b9a2b1eb5a5","b1d5697d50014504fea8964eae8d6ad099291a4087058c07ada854c160fad766",48,6,60,"SA_l2_position_foldover","L2",180538580,401256563,1.19593476139131,0.239186952278261,5,1.0201071517347,"0891de4a96da5c459a64790dcfaf33536964bb804d21be135a0eb317ec4e8c97",0.0040000000000191,"pwo","pwo_snr5","ols",5,TRUE,NA,60,330,16,44,0.0643678142483024,0.0572103981401633,27.3987495229183,0.0446137719157286,0.0453835661035606,0.0969398709908423,0.0957777692562894,0.115933761482737,0.114543963622112,-0.678261836251747,-0.669008462239151,0.993055555555556,0.996969696969697,0.614136412101175,0.623525601958863,0.366395516119339,0.377988195859767,0.0235840785229805,0.0243302739791524,0.020961633353958,0.0216248551774193
"29_pwo_gp_model_specific","db6cb901415724b9f55892557a81f2cbcc3e7f91cf2f712ea45b7b9a2b1eb5a5","b1d5697d50014504fea8964eae8d6ad099291a4087058c07ada854c160fad766",48,6,60,"random_foldover","RandomFoldover",180538580,401256563,1.19593476139131,0.597967380695653,2,1.0201071517347,"0891de4a96da5c459a64790dcfaf33536964bb804d21be135a0eb317ec4e8c97",0.00799999999998136,"pwo","pwo_snr2","ols",2,TRUE,NA,60,330,16,44,0.330159920402486,0.357564988376021,41.4954072681932,0.151914027199913,0.156478241166724,0.333745665229678,0.346456680494748,0.399138042511837,0.414339587519911,0.493793352476411,0.541914129426912,0.955555555555556,0.945454545454545,1.56564976338729,1.59697189219882,0.468329546183704,0.485123486527549,0.154623645690144,0.160168331697312,0.167458248737323,0.173463173821158
"29_pwo_gp_model_specific","db6cb901415724b9f55892557a81f2cbcc3e7f91cf2f712ea45b7b9a2b1eb5a5","b1d5697d50014504fea8964eae8d6ad099291a4087058c07ada854c160fad766",48,6,60,"random_foldover","RandomFoldover",180538580,401256563,1.19593476139131,0.239186952278261,5,1.0201071517347,"0891de4a96da5c459a64790dcfaf33536964bb804d21be135a0eb317ec4e8c97",0.0040000000000191,"pwo","pwo_snr5","ols",5,TRUE,NA,60,330,16,44,0.0528255872643979,0.0572103981401633,41.4954072681932,0.0607656108799653,0.0625912964666898,0.133498266091871,0.138582672197899,0.159655217004735,0.165735835007965,-0.422497379397744,-0.374376602447243,0.955555555555556,0.945454545454545,0.626259905354916,0.63878875687953,0.468329546183704,0.485123486527549,0.0247397833104231,0.02562693307157,0.0267933197979717,0.0277541078113852
"29_pwo_gp_model_specific","db6cb901415724b9f55892557a81f2cbcc3e7f91cf2f712ea45b7b9a2b1eb5a5","b1d5697d50014504fea8964eae8d6ad099291a4087058c07ada854c160fad766",49,6,48,"FSA_lambda050","FSA_lambda050",180538581,401256564,1.02161455341694,0.510807276708471,2,0.993535680657504,"14435dbeb5f60337c0a2afbf85363b5e868f03fba9ed1896ac02398d9a8166a4",0.00600000000000023,"pwo","pwo_snr2","ols",2,TRUE,NA,48,378,16,32,0.227115454031474,0.260924073938324,37.7633122921263,0.0895343912697333,0.0906151527331311,0.264190560238802,0.272788938287947,0.269900921215335,0.278685149366123,0.144935409233397,0.16707299117887,0.983333333333333,0.981481481481482,1.310912076605,1.31305489348211,0.466429539697053,0.468070935270709,0.105933356681987,0.106306142982944,0.121702695702932,0.122130975322955
"29_pwo_gp_model_specific","db6cb901415724b9f55892557a81f2cbcc3e7f91cf2f712ea45b7b9a2b1eb5a5","b1d5697d50014504fea8964eae8d6ad099291a4087058c07ada854c160fad766",49,6,48,"FSA_lambda050","FSA_lambda050",180538581,401256564,1.02161455341694,0.204322910683388,5,0.993535680657504,"14435dbeb5f60337c0a2afbf85363b5e868f03fba9ed1896ac02398d9a8166a4",0.0029999999999859,"pwo","pwo_snr5","ols",5,TRUE,NA,48,378,16,32,0.0363384726450358,0.0417478518301319,37.7633122921263,0.0358137565078933,0.0362460610932524,0.105676224095521,0.109115575315179,0.107960368486134,0.111474059746449,-0.771355322640758,-0.749217740695285,0.983333333333333,0.981481481481482,0.524364830642002,0.525221957392842,0.466429539697053,0.468070935270709,0.016949337069118,0.017008982877271,0.0194724313124692,0.0195409560516728
"29_pwo_gp_model_specific","db6cb901415724b9f55892557a81f2cbcc3e7f91cf2f712ea45b7b9a2b1eb5a5","b1d5697d50014504fea8964eae8d6ad099291a4087058c07ada854c160fad766",49,6,48,"SA_hamming_foldover","Hamming",180538581,401256564,1.02161455341694,0.510807276708471,2,0.993535680657504,"14435dbeb5f60337c0a2afbf85363b5e868f03fba9ed1896ac02398d9a8166a4",0.00399999999999068,"pwo","pwo_snr2","ols",2,TRUE,NA,48,378,16,32,0.257247378625031,0.260924073938324,107.830490352479,0.136755975154629,0.140145141173079,0.32068126750693,0.320193770092492,0.327612649893271,0.327114615439928,0.394192686866532,0.398228279551721,0.984722222222222,0.984126984126984,1.73490040792268,1.75702062029741,0.737705041554661,0.753149749214092,0.189772688138406,0.193745798697425,0.192485004807283,0.196514900850568
"29_pwo_gp_model_specific","db6cb901415724b9f55892557a81f2cbcc3e7f91cf2f712ea45b7b9a2b1eb5a5","b1d5697d50014504fea8964eae8d6ad099291a4087058c07ada854c160fad766",49,6,48,"SA_hamming_foldover","Hamming",180538581,401256564,1.02161455341694,0.204322910683388,5,0.993535680657504,"14435dbeb5f60337c0a2afbf85363b5e868f03fba9ed1896ac02398d9a8166a4",0.00300000000001432,"pwo","pwo_snr5","ols",5,TRUE,NA,48,378,16,32,0.041159580580005,0.0417478518301319,107.830490352479,0.0547023900618517,0.0560580564692316,0.128272507002772,0.128077508036997,0.131045059957308,0.130845846175971,-0.522098045007623,-0.518062452322435,0.984722222222222,0.984126984126984,0.693960163169072,0.702808248118962,0.737705041554661,0.753149749214092,0.030363630102145,0.0309993277915879,0.0307976007691653,0.0314423841360909
"29_pwo_gp_model_specific","db6cb901415724b9f55892557a81f2cbcc3e7f91cf2f712ea45b7b9a2b1eb5a5","b1d5697d50014504fea8964eae8d6ad099291a4087058c07ada854c160fad766",49,6,48,"SA_l2_position_foldover","L2",180538581,401256564,1.02161455341694,0.510807276708471,2,0.993535680657504,"14435dbeb5f60337c0a2afbf85363b5e868f03fba9ed1896ac02398d9a8166a4",0.0029999999999859,"pwo","pwo_snr2","ols",2,TRUE,NA,48,378,16,32,0.330718033501481,0.260924073938324,48.1731354890097,0.139997449268136,0.144588598673065,0.387155088702371,0.409355807074775,0.395523273047769,0.418203850033328,0.441682906832894,0.501301194989334,0.983333333333333,0.984126984126984,1.72537714608824,1.75619238713134,0.558616756348048,0.577067005254152,0.184744635140402,0.190846465176242,0.145756559836545,0.150570673946302
"29_pwo_gp_model_specific","db6cb901415724b9f55892557a81f2cbcc3e7f91cf2f712ea45b7b9a2b1eb5a5","b1d5697d50014504fea8964eae8d6ad099291a4087058c07ada854c160fad766",49,6,48,"SA_l2_position_foldover","L2",180538581,401256564,1.02161455341694,0.204322910683388,5,0.993535680657504,"14435dbeb5f60337c0a2afbf85363b5e868f03fba9ed1896ac02398d9a8166a4",0.00300000000001432,"pwo","pwo_snr5","ols",5,TRUE,NA,48,378,16,32,0.0529148853602369,0.0417478518301319,48.1731354890097,0.0559989797072543,0.0578354394692258,0.154862035480948,0.16374232282991,0.158209309219108,0.167281540013331,-0.474607825041262,-0.414989536884821,0.983333333333333,0.984126984126984,0.690150858435297,0.702476954852537,0.558616756348048,0.577067005254152,0.0295591416224644,0.0305354344281987,0.0233210495738472,0.0240913078314083
"29_pwo_gp_model_specific","db6cb901415724b9f55892557a81f2cbcc3e7f91cf2f712ea45b7b9a2b1eb5a5","b1d5697d50014504fea8964eae8d6ad099291a4087058c07ada854c160fad766",49,6,48,"random_foldover","RandomFoldover",180538581,401256564,1.02161455341694,0.510807276708471,2,0.993535680657504,"14435dbeb5f60337c0a2afbf85363b5e868f03fba9ed1896ac02398d9a8166a4",0.0029999999999859,"pwo","pwo_snr2","ols",2,TRUE,NA,48,378,16,32,0.192684655493707,0.260924073938324,121.478885689441,0.202209927399716,0.208347480975289,0.52747264989145,0.530409546912724,0.538873735658504,0.541874112397325,0.914571611878236,0.929087865769085,0.856944444444444,0.849206349206349,1.58094262828745,1.62323241068942,0.826685773498673,0.868963262184127,0.15928966346814,0.167435886810636,0.215702219888129,0.226733434471818
"29_pwo_gp_model_specific","db6cb901415724b9f55892557a81f2cbcc3e7f91cf2f712ea45b7b9a2b1eb5a5","b1d5697d50014504fea8964eae8d6ad099291a4087058c07ada854c160fad766",49,6,48,"random_foldover","RandomFoldover",180538581,401256564,1.02161455341694,0.204322910683388,5,0.993535680657504,"14435dbeb5f60337c0a2afbf85363b5e868f03fba9ed1896ac02398d9a8166a4",0.00300000000001432,"pwo","pwo_snr5","ols",5,TRUE,NA,48,378,16,32,0.0308295448789931,0.0417478518301319,121.478885689441,0.0808839709598862,0.0833389923901154,0.21098905995658,0.21216381876509,0.215549494263402,0.21674964495893,-0.00171911999592055,0.0127971338949288,0.856944444444444,0.849206349206349,0.63237705131498,0.649292964275767,0.826685773498673,0.868963262184127,0.0254863461549025,0.0267897418897018,0.0345123551821006,0.0362773495154909
"29_pwo_gp_model_specific","db6cb901415724b9f55892557a81f2cbcc3e7f91cf2f712ea45b7b9a2b1eb5a5","b1d5697d50014504fea8964eae8d6ad099291a4087058c07ada854c160fad766",49,6,60,"FSA_lambda050","FSA_lambda050",180538581,401256564,1.02161455341694,0.510807276708471,2,0.993535680657504,"9521221b3de1222ccbd5b307b86877224a3759366979337ec992c216b835f7f3",0.0029999999999859,"pwo","pwo_snr2","ols",2,TRUE,NA,60,348,16,44,0.248242283238077,0.260924073938324,22.0444353246532,0.123570322341659,0.127506602633939,0.300245909426356,0.300922692967356,0.306735590673871,0.307427002588869,0.23427625464643,0.225792620807819,0.948611111111111,0.954022988505747,1.12337363022977,1.13470815800358,0.315513130950577,0.32191236710644,0.0783237000187657,0.0799122610130769,0.0823249715086605,0.0839946862765418
"29_pwo_gp_model_specific","db6cb901415724b9f55892557a81f2cbcc3e7f91cf2f712ea45b7b9a2b1eb5a5","b1d5697d50014504fea8964eae8d6ad099291a4087058c07ada854c160fad766",49,6,60,"FSA_lambda050","FSA_lambda050",180538581,401256564,1.02161455341694,0.204322910683388,5,0.993535680657504,"9521221b3de1222ccbd5b307b86877224a3759366979337ec992c216b835f7f3",0.00300000000001432,"pwo","pwo_snr5","ols",5,TRUE,NA,60,348,16,44,0.0397187653180924,0.0417478518301319,22.0444353246532,0.0494281289366638,0.0510026410535757,0.120098363770543,0.120369077186942,0.122694236269548,0.122970801035548,-0.682014477227724,-0.690498111066335,0.948611111111111,0.954022988505747,0.449349452091908,0.453883263201432,0.315513130950577,0.32191236710644,0.0125317920030025,0.0127859617620923,0.0131719954413857,0.0134391498042467
"29_pwo_gp_model_specific","db6cb901415724b9f55892557a81f2cbcc3e7f91cf2f712ea45b7b9a2b1eb5a5","b1d5697d50014504fea8964eae8d6ad099291a4087058c07ada854c160fad766",49,6,60,"SA_hamming_foldover","Hamming",180538581,401256564,1.02161455341694,0.510807276708471,2,0.993535680657504,"9521221b3de1222ccbd5b307b86877224a3759366979337ec992c216b835f7f3",0.00300000000001432,"pwo","pwo_snr2","ols",2,TRUE,NA,60,348,16,44,0.344535441725434,0.260924073938324,45.5949301724344,0.110793120125339,0.111856588305929,0.308348415933565,0.307509458529777,0.315013229240791,0.314156138147384,0.279683924678273,0.282523482630906,0.991666666666667,0.997126436781609,1.52240064016155,1.53564657672633,0.42270158444414,0.428907190357093,0.145635677114502,0.147773728288896,0.110293019473349,0.111912211449413
"29_pwo_gp_model_specific","db6cb901415724b9f55892557a81f2cbcc3e7f91cf2f712ea45b7b9a2b1eb5a5","b1d5697d50014504fea8964eae8d6ad099291a4087058c07ada854c160fad766",49,6,60,"SA_hamming_foldover","Hamming",180538581,401256564,1.02161455341694,0.204322910683388,5,0.993535680657504,"9521221b3de1222ccbd5b307b86877224a3759366979337ec992c216b835f7f3",0.0029999999999859,"pwo","pwo_snr5","ols",5,TRUE,NA,60,348,16,44,0.0551256706760694,0.0417478518301319,45.5949301724344,0.0443172480501357,0.0447426353223717,0.123339366373426,0.123003783411911,0.126005291696316,0.125662455258953,-0.636606807195883,-0.63376724924325,0.991666666666667,0.997126436781609,0.608960256064619,0.614258630690533,0.42270158444414,0.428907190357093,0.0233017083383204,0.0236437965262233,0.0176468831157359,0.0179059538319061
"29_pwo_gp_model_specific","db6cb901415724b9f55892557a81f2cbcc3e7f91cf2f712ea45b7b9a2b1eb5a5","b1d5697d50014504fea8964eae8d6ad099291a4087058c07ada854c160fad766",49,6,60,"SA_l2_position_foldover","L2",180538581,401256564,1.02161455341694,0.510807276708471,2,0.993535680657504,"9521221b3de1222ccbd5b307b86877224a3759366979337ec992c216b835f7f3",0.0029999999999859,"pwo","pwo_snr2","ols",2,TRUE,NA,60,348,16,44,0.249478620474773,0.260924073938324,36.1210200328446,0.122821791489014,0.125416630971655,0.292104041250633,0.299281359088869,0.29841773965355,0.305750192011591,0.226670837952576,0.248374522908178,0.963888888888889,0.96264367816092,1.25677012287534,1.26424384620429,0.398847770401285,0.402518387066202,0.0995039915391517,0.100419731921007,0.104068985134321,0.105026737388397
"29_pwo_gp_model_specific","db6cb901415724b9f55892557a81f2cbcc3e7f91cf2f712ea45b7b9a2b1eb5a5","b1d5697d50014504fea8964eae8d6ad099291a4087058c07ada854c160fad766",49,6,60,"SA_l2_position_foldover","L2",180538581,401256564,1.02161455341694,0.204322910683388,5,0.993535680657504,"9521221b3de1222ccbd5b307b86877224a3759366979337ec992c216b835f7f3",0.00300000000001432,"pwo","pwo_snr5","ols",5,TRUE,NA,60,348,16,44,0.0399165792759637,0.0417478518301319,36.1210200328446,0.0491287165956056,0.0501666523886622,0.116841616500253,0.119712543635548,0.11936709586142,0.122300076804636,-0.689619893921579,-0.667916208965977,0.963888888888889,0.96264367816092,0.502708049150134,0.505697538481717,0.398847770401285,0.402518387066202,0.0159206386462643,0.0160671571073611,0.0166510376214913,0.0168042779821435
"29_pwo_gp_model_specific","db6cb901415724b9f55892557a81f2cbcc3e7f91cf2f712ea45b7b9a2b1eb5a5","b1d5697d50014504fea8964eae8d6ad099291a4087058c07ada854c160fad766",49,6,60,"random_foldover","RandomFoldover",180538581,401256564,1.02161455341694,0.510807276708471,2,0.993535680657504,"9521221b3de1222ccbd5b307b86877224a3759366979337ec992c216b835f7f3",0.0029999999999859,"pwo","pwo_snr2","ols",2,TRUE,NA,60,348,16,44,0.301268152854502,0.260924073938324,69.5019297027602,0.108026397529251,0.110213537263062,0.255693459993059,0.258038709859821,0.261220159942442,0.263616101337724,0.169769771013782,0.188521941285553,1,1,1.51194334663703,1.53676593340001,0.484985496310417,0.499180864507845,0.146110684634663,0.150387296990592,0.126544391498314,0.130248304799441
"29_pwo_gp_model_specific","db6cb901415724b9f55892557a81f2cbcc3e7f91cf2f712ea45b7b9a2b1eb5a5","b1d5697d50014504fea8964eae8d6ad099291a4087058c07ada854c160fad766",49,6,60,"random_foldover","RandomFoldover",180538581,401256564,1.02161455341694,0.204322910683388,5,0.993535680657504,"9521221b3de1222ccbd5b307b86877224a3759366979337ec992c216b835f7f3",0.00300000000001432,"pwo","pwo_snr5","ols",5,TRUE,NA,60,348,16,44,0.0482029044567203,0.0417478518301319,69.5019297027602,0.0432105590117003,0.0440854149052246,0.102277383997224,0.103215483943928,0.104488063976977,0.10544644053509,-0.746520960860373,-0.727768790588602,1,1,0.604777338654813,0.614706373360003,0.484985496310417,0.499180864507845,0.0233777095415461,0.0240619675184947,0.0202471026397303,0.0208397287679106
"29_pwo_gp_model_specific","db6cb901415724b9f55892557a81f2cbcc3e7f91cf2f712ea45b7b9a2b1eb5a5","b1d5697d50014504fea8964eae8d6ad099291a4087058c07ada854c160fad766",50,6,48,"FSA_lambda050","FSA_lambda050",180538703,401256686,0.962329303029744,0.481164651514872,2,0.991096280300058,"7f1716fcf66f4f1186b8ce908c129abcab2bea9fa1a8ea6615d737ae72d25fd7",0.00300000000001432,"pwo","pwo_snr2","ols",2,TRUE,NA,48,370,16,32,0.238898892584366,0.231519421867428,36.4800038037903,0.0921093615325235,0.0950656966804456,0.255200819922654,0.256515792755455,0.245587227168787,0.246852664058479,0.0748266899502781,0.0789575501541074,0.993055555555556,0.994594594594595,1.30016484270989,1.31123547351218,0.434402028878161,0.440883039478415,0.103778163635394,0.105326469890622,0.10057250658391,0.102072986411197
"29_pwo_gp_model_specific","db6cb901415724b9f55892557a81f2cbcc3e7f91cf2f712ea45b7b9a2b1eb5a5","b1d5697d50014504fea8964eae8d6ad099291a4087058c07ada854c160fad766",50,6,48,"FSA_lambda050","FSA_lambda050",180538703,401256686,0.962329303029744,0.192465860605949,5,0.991096280300058,"7f1716fcf66f4f1186b8ce908c129abcab2bea9fa1a8ea6615d737ae72d25fd7",0.0029999999999859,"pwo","pwo_snr5","ols",5,TRUE,NA,48,370,16,32,0.0382238228134985,0.0370431074987885,36.4800038037903,0.0368437446130094,0.0380262786721783,0.102080327969062,0.102606317102182,0.0982348908675148,0.0987410656233915,-0.841464041923878,-0.837333181720048,0.993055555555556,0.994594594594595,0.520065937083956,0.524494189404873,0.434402028878161,0.440883039478415,0.0166045061816631,0.0168522351824996,0.0160916010534256,0.0163316778257915
"29_pwo_gp_model_specific","db6cb901415724b9f55892557a81f2cbcc3e7f91cf2f712ea45b7b9a2b1eb5a5","b1d5697d50014504fea8964eae8d6ad099291a4087058c07ada854c160fad766",50,6,48,"SA_hamming_foldover","Hamming",180538703,401256686,0.962329303029744,0.481164651514872,2,0.991096280300058,"7f1716fcf66f4f1186b8ce908c129abcab2bea9fa1a8ea6615d737ae72d25fd7",0.00199999999998113,"pwo","pwo_snr2","ols",2,TRUE,NA,48,370,16,32,0.185466303022533,0.231519421867428,67.063619914144,0.0990405412598345,0.101198806454744,0.286177480709619,0.276717028142699,0.275396975554095,0.266292904829026,0.184587984780186,0.185032767888234,0.990277777777778,0.989189189189189,1.4762626366694,1.51870161978548,0.737642110944379,0.774786389137693,0.136807755270591,0.143696767225545,0.170778475070912,0.179378096883911
"29_pwo_gp_model_specific","db6cb901415724b9f55892557a81f2cbcc3e7f91cf2f712ea45b7b9a2b1eb5a5","b1d5697d50014504fea8964eae8d6ad099291a4087058c07ada854c160fad766",50,6,48,"SA_hamming_foldover","Hamming",180538703,401256686,0.962329303029744,0.192465860605949,5,0.991096280300058,"7f1716fcf66f4f1186b8ce908c129abcab2bea9fa1a8ea6615d737ae72d25fd7",0.00300000000001432,"pwo","pwo_snr5","ols",5,TRUE,NA,48,370,16,32,0.0296746084836052,0.0370431074987885,67.063619914144,0.0396162165039338,0.0404795225818977,0.114470992283847,0.11068681125708,0.110158790221638,0.10651716193161,-0.731702747093969,-0.731257963985921,0.990277777777778,0.989189189189189,0.59050505466776,0.607480647914193,0.737642110944379,0.774786389137693,0.0218892408432945,0.0229914827560872,0.0273245560113459,0.0287004955014257
"29_pwo_gp_model_specific","db6cb901415724b9f55892557a81f2cbcc3e7f91cf2f712ea45b7b9a2b1eb5a5","b1d5697d50014504fea8964eae8d6ad099291a4087058c07ada854c160fad766",50,6,48,"SA_l2_position_foldover","L2",180538703,401256686,0.962329303029744,0.481164651514872,2,0.991096280300058,"7f1716fcf66f4f1186b8ce908c129abcab2bea9fa1a8ea6615d737ae72d25fd7",0.0029999999999859,"pwo","pwo_snr2","ols",2,TRUE,NA,48,370,16,32,0.308567211534482,0.231519421867428,131.826058539453,0.299366760190907,0.309159237088396,0.791381449914203,0.811488872543569,0.761569559126603,0.780919521131246,1.15392502222041,1.17917862111213,0.843055555555556,0.843243243243243,1.9760991439248,2.00818855673689,0.823644317008038,0.842731999078681,0.254149630195393,0.260039463026588,0.190689656098094,0.195108825215878
"29_pwo_gp_model_specific","db6cb901415724b9f55892557a81f2cbcc3e7f91cf2f712ea45b7b9a2b1eb5a5","b1d5697d50014504fea8964eae8d6ad099291a4087058c07ada854c160fad766",50,6,48,"SA_l2_position_foldover","L2",180538703,401256686,0.962329303029744,0.192465860605949,5,0.991096280300058,"7f1716fcf66f4f1186b8ce908c129abcab2bea9fa1a8ea6615d737ae72d25fd7",0.00300000000001432,"pwo","pwo_snr5","ols",5,TRUE,NA,48,370,16,32,0.0493707538455171,0.0370431074987885,131.826058539453,0.119746704076363,0.123663694835358,0.316552579965681,0.324595549017428,0.304627823650641,0.312367808452499,0.237634290346255,0.262887889237973,0.843055555555556,0.843243243243243,0.790439657569921,0.803275422694755,0.823644317008038,0.842731999078681,0.0406639408312629,0.0416063140842541,0.030510344975695,0.0312174120345406
"29_pwo_gp_model_specific","db6cb901415724b9f55892557a81f2cbcc3e7f91cf2f712ea45b7b9a2b1eb5a5","b1d5697d50014504fea8964eae8d6ad099291a4087058c07ada854c160fad766",50,6,48,"random_foldover","RandomFoldover",180538703,401256686,0.962329303029744,0.481164651514872,2,0.991096280300058,"7f1716fcf66f4f1186b8ce908c129abcab2bea9fa1a8ea6615d737ae72d25fd7",0.0029999999999859,"pwo","pwo_snr2","ols",2,TRUE,NA,48,370,16,32,0.249450085684108,0.231519421867428,114.579931025674,0.0945017687199239,0.0970848019074589,0.298490801826289,0.306906016760571,0.287246445282282,0.295344653204835,0.277486798305158,0.302803067402796,1,1,1.7107113954795,1.73445596026155,0.73939930579906,0.75148836537342,0.184443220186346,0.18745883713301,0.171185299807776,0.173984151891353
"29_pwo_gp_model_specific","db6cb901415724b9f55892557a81f2cbcc3e7f91cf2f712ea45b7b9a2b1eb5a5","b1d5697d50014504fea8964eae8d6ad099291a4087058c07ada854c160fad766",50,6,48,"random_foldover","RandomFoldover",180538703,401256686,0.962329303029744,0.192465860605949,5,0.991096280300058,"7f1716fcf66f4f1186b8ce908c129abcab2bea9fa1a8ea6615d737ae72d25fd7",0.00300000000001432,"pwo","pwo_snr5","ols",5,TRUE,NA,48,370,16,32,0.0399120137094573,0.0370431074987885,114.579931025674,0.0378007074879696,0.0388339207629836,0.119396320730516,0.122762406704228,0.114898578112913,0.118137861281934,-0.638803933568996,-0.613487664471358,1,1,0.684284558191799,0.693782384104619,0.73939930579906,0.75148836537342,0.0295109152298153,0.0299934139412816,0.0273896479692442,0.0278374643026165
"29_pwo_gp_model_specific","db6cb901415724b9f55892557a81f2cbcc3e7f91cf2f712ea45b7b9a2b1eb5a5","b1d5697d50014504fea8964eae8d6ad099291a4087058c07ada854c160fad766",50,6,60,"FSA_lambda050","FSA_lambda050",180538703,401256686,0.962329303029744,0.481164651514872,2,0.991096280300058,"bfe821ada1be6e4f8fb6a27cf51cfa041e0f7bcd529ad9dbb3ec9fc22df0b17a",0.0029999999999859,"pwo","pwo_snr2","ols",2,TRUE,NA,60,352,16,44,0.276446920838577,0.231519421867428,14.5273576161485,0.0989264405030493,0.10193850981544,0.301548039548017,0.305449990718009,0.290188514728229,0.293943476678104,0.173004947731761,0.185046491775747,0.958333333333333,0.951704545454545,1.15645476683221,1.1639105015048,0.299170032250115,0.303132448966195,0.0827046342227221,0.0838000321229617,0.0692636729066065,0.0701810493339112
"29_pwo_gp_model_specific","db6cb901415724b9f55892557a81f2cbcc3e7f91cf2f712ea45b7b9a2b1eb5a5","b1d5697d50014504fea8964eae8d6ad099291a4087058c07ada854c160fad766",50,6,60,"FSA_lambda050","FSA_lambda050",180538703,401256686,0.962329303029744,0.192465860605949,5,0.991096280300058,"bfe821ada1be6e4f8fb6a27cf51cfa041e0f7bcd529ad9dbb3ec9fc22df0b17a",0.00300000000001432,"pwo","pwo_snr5","ols",5,TRUE,NA,60,352,16,44,0.0442315073341723,0.0370431074987885,14.5273576161485,0.0395705762012198,0.0407754039261759,0.120619215819207,0.122179996287204,0.116075405891292,0.117577390671242,-0.743285784142394,-0.731244240098407,0.958333333333333,0.951704545454545,0.462581906732884,0.465564200601922,0.299170032250115,0.303132448966195,0.0132327414756355,0.0134080051396739,0.011082187665057,0.0112289678934258
"29_pwo_gp_model_specific","db6cb901415724b9f55892557a81f2cbcc3e7f91cf2f712ea45b7b9a2b1eb5a5","b1d5697d50014504fea8964eae8d6ad099291a4087058c07ada854c160fad766",50,6,60,"SA_hamming_foldover","Hamming",180538703,401256686,0.962329303029744,0.481164651514872,2,0.991096280300058,"bfe821ada1be6e4f8fb6a27cf51cfa041e0f7bcd529ad9dbb3ec9fc22df0b17a",0.00300000000001432,"pwo","pwo_snr2","ols",2,TRUE,NA,60,352,16,44,0.227546376794207,0.231519421867428,53.9554566982691,0.107759986596092,0.106839517830077,0.394296552387575,0.395296260710037,0.379443126446166,0.380405175059354,0.481054016703918,0.48291050195077,0.916666666666667,0.920454545454545,1.28988395608482,1.31172177444187,0.461299770858706,0.474559324505015,0.104967091474896,0.107984254865022,0.106799856256785,0.109869700451198
"29_pwo_gp_model_specific","db6cb901415724b9f55892557a81f2cbcc3e7f91cf2f712ea45b7b9a2b1eb5a5","b1d5697d50014504fea8964eae8d6ad099291a4087058c07ada854c160fad766",50,6,60,"SA_hamming_foldover","Hamming",180538703,401256686,0.962329303029744,0.192465860605949,5,0.991096280300058,"bfe821ada1be6e4f8fb6a27cf51cfa041e0f7bcd529ad9dbb3ec9fc22df0b17a",0.0029999999999859,"pwo","pwo_snr5","ols",5,TRUE,NA,60,352,16,44,0.0364074202870731,0.0370431074987885,53.9554566982691,0.0431039946384367,0.0427358071320307,0.15771862095503,0.158118504284015,0.151777250578466,0.152162070023742,-0.435236715170238,-0.433380229923386,0.916666666666667,0.920454545454545,0.515953582433927,0.524688709776747,0.461299770858706,0.474559324505015,0.0167947346359834,0.0172774807784036,0.0170879770010856,0.0175791520721917
"29_pwo_gp_model_specific","db6cb901415724b9f55892557a81f2cbcc3e7f91cf2f712ea45b7b9a2b1eb5a5","b1d5697d50014504fea8964eae8d6ad099291a4087058c07ada854c160fad766",50,6,60,"SA_l2_position_foldover","L2",180538703,401256686,0.962329303029744,0.481164651514872,2,0.991096280300058,"bfe821ada1be6e4f8fb6a27cf51cfa041e0f7bcd529ad9dbb3ec9fc22df0b17a",0.007000000000005,"pwo","pwo_snr2","ols",2,TRUE,NA,60,352,16,44,0.343689022205825,0.231519421867428,31.7746658312651,0.133847502332258,0.136694965861494,0.348166754614479,0.343390774927065,0.335051070306279,0.330455005102406,0.308920647983633,0.313415678027423,0.970833333333333,0.980113636363636,1.44378458034743,1.46012335590816,0.378826343291349,0.386719017045681,0.130198455511612,0.132911080836828,0.087705655986965,0.0895329632515561
"29_pwo_gp_model_specific","db6cb901415724b9f55892557a81f2cbcc3e7f91cf2f712ea45b7b9a2b1eb5a5","b1d5697d50014504fea8964eae8d6ad099291a4087058c07ada854c160fad766",50,6,60,"SA_l2_position_foldover","L2",180538703,401256686,0.962329303029744,0.192465860605949,5,0.991096280300058,"bfe821ada1be6e4f8fb6a27cf51cfa041e0f7bcd529ad9dbb3ec9fc22df0b17a",0.00399999999999068,"pwo","pwo_snr5","ols",5,TRUE,NA,60,352,16,44,0.054990243552932,0.0370431074987885,31.7746658312651,0.053539000932903,0.0546779863445975,0.139266701845792,0.137356309970826,0.134020428122512,0.132182002040963,-0.607370083890522,-0.602875053846732,0.970833333333333,0.980113636363636,0.577513832138974,0.584049342363264,0.378826343291349,0.386719017045681,0.0208317528818579,0.0212657729338925,0.0140329049579144,0.014325274120249
"29_pwo_gp_model_specific","db6cb901415724b9f55892557a81f2cbcc3e7f91cf2f712ea45b7b9a2b1eb5a5","b1d5697d50014504fea8964eae8d6ad099291a4087058c07ada854c160fad766",50,6,60,"random_foldover","RandomFoldover",180538703,401256686,0.962329303029744,0.481164651514872,2,0.991096280300058,"bfe821ada1be6e4f8fb6a27cf51cfa041e0f7bcd529ad9dbb3ec9fc22df0b17a",0.00300000000001432,"pwo","pwo_snr2","ols",2,TRUE,NA,60,352,16,44,0.207978372676027,0.231519421867428,68.8098750031657,0.114191984733218,0.109027433117903,0.38599400768328,0.400263135755947,0.371453344387509,0.385184944460521,0.460184163743326,0.504013676776605,0.919444444444444,0.909090909090909,1.27640108227202,1.30030726255019,0.498205198353883,0.514788879799903,0.103615906412378,0.107064953492499,0.115344179494238,0.119183623835055
"29_pwo_gp_model_specific","db6cb901415724b9f55892557a81f2cbcc3e7f91cf2f712ea45b7b9a2b1eb5a5","b1d5697d50014504fea8964eae8d6ad099291a4087058c07ada854c160fad766",50,6,60,"random_foldover","RandomFoldover",180538703,401256686,0.962329303029744,0.192465860605949,5,0.991096280300058,"bfe821ada1be6e4f8fb6a27cf51cfa041e0f7bcd529ad9dbb3ec9fc22df0b17a",0.00300000000001432,"pwo","pwo_snr5","ols",5,TRUE,NA,60,352,16,44,0.0332765396281643,0.0370431074987885,68.8098750031657,0.0456767938932873,0.0436109732471613,0.154397603073312,0.160105254302379,0.148581337755004,0.154073977784208,-0.456106568130829,-0.41227705509755,0.919444444444444,0.909090909090909,0.510560432908807,0.520122905020078,0.498205198353883,0.514788879799903,0.0165785450259804,0.0171303925587998,0.0184550687190781,0.0190693798136087
